sid,qid,name,type,region,district,population_2021_selected,oktmo,okato,identity_binding,point_origin_kind,point_origin_locator,latitude,longitude
2021:data_allsettlements_anon_156_v20251217.parquet:parquet:50442,Q19566,Симферополь,город,крым,Городской округ Симферополь,340540.0,35701000001,35401000000,accepted_own_point_QID_locator,wikidata_truthy_p625_raw_claim,batch_0048.jsonl.gz:line=12388;entity=Q19566;claim=P625,44.948376,34.100039
2021:data_allsettlements_anon_156_v20251217.parquet:parquet:50488,Q157065,Керчь,город,крым,Городской округ Керчь,154621.0,35715000001,35412000000,accepted_own_point_QID_locator,wikidata_truthy_p625_raw_claim,batch_0019.jsonl.gz:line=12715;entity=Q157065;claim=P625,45.338611,36.468056
2021:data_allsettlements_anon_156_v20251217.parquet:parquet:50483,Q33345,Евпатория,город,крым,Городской округ Евпатория,107877.0,35712000001,35409000000,accepted_own_point_QID_locator,wikidata_truthy_p625_raw_claim,batch_0105.jsonl.gz:line=10207;entity=Q33345;claim=P625,45.2,33.358333
2021:data_allsettlements_anon_156_v20251217.parquet:parquet:50530,Q128499,Ялта,город,крым,Городской округ Ялта,74652.0,35729000001,35419000000,accepted_own_point_QID_locator,wikidata_truthy_p625_raw_claim,batch_0006.jsonl.gz:line=9641;entity=Q128499;claim=P625,44.499444,34.155278
2021:data_allsettlements_anon_156_v20251217.parquet:parquet:50511,Q158491,Феодосия,город,крым,Городской округ Феодосия,66293.0,35726000001,35417000000,accepted_own_point_QID_locator,cached_wikidata_api_entity_payload,JSONL_entity=Q158491;P625_statement=Q158491$AF552BE6-A7CC-4AF2-A0E6-B913F31325D9,45.04609,35.378768
2021:data_allsettlements_anon_156_v20251217.parquet:parquet:50481,Q161978,Джанкой,город,крым,Городской округ Джанкой,37014.0,35709000001,35407000000,accepted_own_point_QID_locator,wikidata_truthy_p625_raw_claim,batch_0023.jsonl.gz:line=11157;entity=Q161978;claim=P625,45.708611,34.393333
2021:data_allsettlements_anon_156_v20251217.parquet:parquet:50449,Q46001,Алушта,город,крым,Городской округ Алушта,31364.0,35703000001,35403000000,accepted_own_point_QID_locator,wikidata_truthy_p625_raw_claim,batch_0138.jsonl.gz:line=12558;entity=Q46001;claim=P625,44.667222,34.397778
2021:data_allsettlements_anon_156_v20251217.parquet:parquet:45656,Q1006076,Кущевская,станица,краснодарский,Кущевский муниципальный район,30375.0,3628416101,03228816001,independent_exact_code_and_own_name_source_row; county=Кущёвское сельское поселение; tsv_line=239646,tochno_2021_dadata_raw_parquet_point,"parquet_row_1based=45656;latitude_dadata,longitude_dadata",46.569894,39.619836
2021:data_allsettlements_anon_156_v20251217.parquet:parquet:49266,Q158604,Бахчисарай,город,крым,Бахчисарайский муниципальный район,28609.0,35604101001,35204501000,accepted_own_point_QID_locator,wikidata_truthy_p625_raw_claim,batch_0019.jsonl.gz:line=12593;entity=Q158604;claim=P625,44.752778,33.860833
2021:data_allsettlements_anon_156_v20251217.parquet:parquet:50490,Q161987,Красноперекопск,город,крым,Городской округ Красноперекопск,25569.0,35718000001,35413000000,accepted_own_point_QID_locator,wikidata_truthy_p625_raw_claim,batch_0023.jsonl.gz:line=11251;entity=Q161987;claim=P625,45.9675,33.800278
2021:data_allsettlements_anon_156_v20251217.parquet:parquet:50492,Q161970,Саки,город,крым,Городской округ Саки,24285.0,35721000001,35414000000,accepted_own_point_QID_locator,wikidata_truthy_p625_raw_claim,batch_0023.jsonl.gz:line=11177;entity=Q161970;claim=P625,45.133611,33.577222
2021:data_allsettlements_anon_156_v20251217.parquet:parquet:50476,Q688716,Армянск,город,крым,Городской округ Армянск,20692.0,35706000001,35405000000,accepted_own_point_QID_locator,wikidata_truthy_p625_raw_claim,batch_0139.jsonl.gz:line=14060;entity=Q688716;claim=P625,46.107222,33.693333
2021:data_allsettlements_anon_156_v20251217.parquet:parquet:50494,Q7830,Судак,город,крым,Городской округ Судак,17834.0,35723000001,35416000000,accepted_own_point_QID_locator,wikidata_truthy_p625_raw_claim,batch_0140.jsonl.gz:line=9734;entity=Q7830;claim=P625,44.851389,34.9725
2021:data_allsettlements_anon_156_v20251217.parquet:parquet:49370,Q863330,Белогорск,город,крым,Белогорский муниципальный район,17445.0,35607101001,35207501000,accepted_own_point_QID_locator,wikidata_truthy_p625_raw_claim,batch_0140.jsonl.gz:line=9819;entity=Q863330;claim=P625,45.054444,34.602222
2021:data_allsettlements_anon_156_v20251217.parquet:parquet:115153,Q1004270,Кинель-Черкассы,село,самарская,Кинель-Черкасский муниципальный район,16658.0,36620432101,36220832001,independent_exact_code_and_own_name_source_row; county=Сельское поселение Кинель-Черкассы; tsv_line=301765,geonames_ru_archive_physical_PPL_point,archive_member=RU.txt;RU.txt line 87766 byte 12916974-12917186;member_sha256=3ef8f69d9c6b8adbd53afc35f6dc774b1d01b04f566622e1892a6d2f00d2f4d0;line_sha256=b07b58ddf2641329bf60a5339bb91b4600fb246b77a9a66d04ac635d4eaa0b14;geonameid_internal_locator_only=548622,53.4669,51.4941
2021:data_allsettlements_anon_156_v20251217.parquet:parquet:50515,Q800072,Приморский,пгт,крым,Городской округ Феодосия,13310.0,35726000108,35417000010,independent_exact_code_and_own_name_source_row; county=Феодосийский городской совет; tsv_line=131826,tochno_2021_dadata_raw_parquet_point,"parquet_row_1based=50515;latitude_dadata,longitude_dadata",45.115886,35.488098
2021:data_allsettlements_anon_156_v20251217.parquet:parquet:50532,Q206045,Гаспра,пгт,крым,Городской округ Ялта,12262.0,35729000102,35419000036,independent_exact_code_and_own_name_source_row; county=городской округ Ялта; tsv_line=57782,tochno_2021_dadata_raw_parquet_point,"parquet_row_1based=50532;latitude_dadata,longitude_dadata",44.4302875,34.1057215
2021:data_allsettlements_anon_156_v20251217.parquet:parquet:50214,Q2394414,Гвардейское,пгт,крым,Симферопольский муниципальный район,12209.0,35647401101,35247000010,independent_exact_code_and_own_name_source_row; county=Гвардейское сельское поселение; tsv_line=200730,tochno_2021_dadata_raw_parquet_point,"parquet_row_1based=50214;latitude_dadata,longitude_dadata",45.1265602,34.0401982
2021:data_allsettlements_anon_156_v20251217.parquet:parquet:50397,Q1555482,Черноморское,пгт,крым,Черноморский муниципальный район,11581.0,35656401101,35256000001,independent_exact_code_and_own_name_source_row; county=Кунанская волость; tsv_line=238808,tochno_2021_dadata_raw_parquet_point,"parquet_row_1based=50397;latitude_dadata,longitude_dadata",45.5094145,32.7036135
2021:data_allsettlements_anon_156_v20251217.parquet:parquet:49666,Q2367699,Красногвардейское,пгт,крым,Красногвардейский муниципальный район,11073.0,35620401101,35220000001,independent_exact_code_and_own_name_source_row; county=Красногвардейское поселковый совет; tsv_line=164852,tochno_2021_dadata_raw_parquet_point,"parquet_row_1based=49666;latitude_dadata,longitude_dadata",45.4948359,34.2946458
2021:data_allsettlements_anon_156_v20251217.parquet:parquet:49669,Q1984515,Октябрьское,пгт,крым,Красногвардейский муниципальный район,10932.0,35620402101,35220000007,independent_exact_code_and_own_name_source_row; county=Октябрьское сельское поселение; tsv_line=164856,tochno_2021_dadata_raw_parquet_point,"parquet_row_1based=49669;latitude_dadata,longitude_dadata",45.2923532,34.1318466
2021:data_allsettlements_anon_156_v20251217.parquet:parquet:50268,Q4295762,Мирное,село,крым,Симферопольский муниципальный район,10921.0,35647438101,35247000183,independent_exact_code_and_own_name_source_row; county=Мирновское сельское поселение; tsv_line=5686,tochno_2021_dadata_raw_parquet_point,"parquet_row_1based=50268;latitude_dadata,longitude_dadata",44.979417,34.0656921
2021:data_allsettlements_anon_156_v20251217.parquet:parquet:46728,Q4258078,Ленина,хутор,краснодарский,Городской округ город Краснодар,10644.0,3701000181,03401973002,independent_exact_code_and_own_name_source_row; county=муниципальное образование город Краснодар; tsv_line=262270,tochno_2021_dadata_raw_parquet_point,"parquet_row_1based=46728;latitude_dadata,longitude_dadata",45.019073,39.209459
2021:data_allsettlements_anon_156_v20251217.parquet:parquet:49612,Q576937,Старый Крым,город,крым,Кировский муниципальный район,10470.0,35616104001,35216504000,accepted_own_point_QID_locator,wikidata_truthy_p625_raw_claim,batch_0139.jsonl.gz:line=13879;entity=Q576937;claim=P625,45.029167,35.088611
2021:data_allsettlements_anon_156_v20251217.parquet:parquet:50443,Q1976006,Грэсовский,пгт,крым,Городской округ Симферополь,10156.0,35701000102,35401000010,independent_exact_code_and_own_name_source_row; county=городской округ Симферополь; tsv_line=57752,tochno_2021_dadata_raw_parquet_point,"parquet_row_1based=50443;latitude_dadata,longitude_dadata",45.0075607,34.0274743
2021:data_allsettlements_anon_156_v20251217.parquet:parquet:49822,Q997522,Щелкино,город,крым,Ленинский муниципальный район,10131.0,35627105001,35227505000,accepted_own_point_QID_locator,wikidata_truthy_p625_raw_claim,batch_0140.jsonl.gz:line=10065;entity=Q997522;claim=P625,45.423611,35.818611
2021:data_allsettlements_anon_156_v20251217.parquet:parquet:50346,Q2627007,Советский,пгт,крым,Советский муниципальный район,9498.0,35652401101,35252000001,independent_exact_code_and_own_name_source_row; county=Советский поселковый совет; tsv_line=51134,tochno_2021_dadata_raw_parquet_point,"parquet_row_1based=50346;latitude_dadata,longitude_dadata",45.3404417,34.9290585
2021:data_allsettlements_anon_156_v20251217.parquet:parquet:50533,Q1026062,Гурзуф,пгт,крым,Городской округ Ялта,9412.0,35729000103,35419000043,independent_exact_code_and_own_name_source_row; county=Дерекойская волость; tsv_line=18096,tochno_2021_dadata_raw_parquet_point,"parquet_row_1based=50533;latitude_dadata,longitude_dadata",44.547307,34.2914661
2021:data_allsettlements_anon_156_v20251217.parquet:parquet:50228,Q2040011,Молодежное,пгт,крым,Симферопольский муниципальный район,9387.0,35647407101,35247000013,independent_exact_code_and_own_name_source_row; county=Молодёжненское сельское поселение; tsv_line=250834,tochno_2021_dadata_raw_parquet_point,"parquet_row_1based=50228;latitude_dadata,longitude_dadata",45.0056834,34.0539383
2021:data_allsettlements_anon_156_v20251217.parquet:parquet:115771,Q4417053,Сергиевск,село,самарская,Сергиевский муниципальный район,9070.0,36638432101,36238832001,independent_exact_code_and_own_name_source_row; county=сельское поселение Сергиевск; tsv_line=306905,tochno_2021_dadata_raw_parquet_point,"parquet_row_1based=115771;latitude_dadata,longitude_dadata",53.9414844,51.1665832
2021:data_allsettlements_anon_156_v20251217.parquet:parquet:50531,Q448047,Алупка,город,крым,Городской округ Ялта,9063.0,35729000006,35419503000,accepted_own_point_QID_locator,wikidata_truthy_p625_raw_claim,batch_0135.jsonl.gz:line=11248;entity=Q448047;claim=P625,44.419722,34.043056
2021:data_allsettlements_anon_156_v20251217.parquet:parquet:161732,Q1873736,Ахмат-Юрт,село,чеченская,Курчалоевский муниципальный район,8778.0,96612440101,96212000004,independent_exact_code_and_own_name_source_row; county=Ахмат-Юртовское сельское поселение; tsv_line=152790,tochno_2021_dadata_raw_parquet_point,"parquet_row_1based=161732;latitude_dadata,longitude_dadata",43.2223312,46.2489719
2021:data_allsettlements_anon_156_v20251217.parquet:parquet:379,Q878879,Бичура,село,бурятия,Бичурский муниципальный район,8728.0,81609415101,81209830001,independent_exact_code_and_own_name_source_row; county=Сельское поселение «Бичурское»; tsv_line=104737,tochno_2021_dadata_raw_parquet_point,"parquet_row_1based=379;latitude_dadata,longitude_dadata",50.5886672,107.5969702
2021:data_allsettlements_anon_156_v20251217.parquet:parquet:162088,Q4230262,Бердыкель,село,чеченская,Городской округ город Аргун,8346.0,96702000111,96402000003,independent_exact_code_and_own_name_source_row; county=Комсомольское сельское поселение; tsv_line=151767,tochno_2021_dadata_raw_parquet_point,"parquet_row_1based=162088;latitude_dadata,longitude_dadata",43.2641604,45.8259721
2021:data_allsettlements_anon_156_v20251217.parquet:parquet:49918,Q2626741,Нижнегорский,пгт,крым,Нижнегорский муниципальный район,8178.0,35631401101,35231000001,independent_exact_code_and_own_name_source_row; county=Нижнегорское сельское поселение; tsv_line=5852,tochno_2021_dadata_raw_parquet_point,"parquet_row_1based=49918;latitude_dadata,longitude_dadata",45.4498223,34.7344972
2021:data_allsettlements_anon_156_v20251217.parquet:parquet:50547,Q206345,Массандра,пгт,крым,Городской округ Ялта,7817.0,35729000137,35419000063,independent_exact_code_and_own_name_source_row; county=городской округ Ялта; tsv_line=57785,tochno_2021_dadata_raw_parquet_point,"parquet_row_1based=50547;latitude_dadata,longitude_dadata",44.5147065,34.185992
2021:data_allsettlements_anon_156_v20251217.parquet:parquet:70221,Q335565,Звездный городок,пгт,московская,Городской округ Звездный городок (ЗАТО),7738.0,46774000051,46574000000,accepted_own_point_QID_locator,wikidata_P625_point_claim,"{""line_number"": 10268, ""locator"": ""batch_0105.jsonl.gz#line=10268"", ""retrieved_at_utc"": ""2026-08-31T20:59:16.841828+00:00"", ""source_file"": ""batch_0105.jsonl.gz"", ""value_raw"": ""POINT(38.113333 55.877222)""}",55.877222,38.113333
2021:data_allsettlements_anon_156_v20251217.parquet:parquet:49996,Q2368313,Первомайское,пгт,крым,Первомайский муниципальный район,7499.0,35635401101,35235000001,independent_exact_code_and_own_name_source_row; county=Первомайское сельское поселение; tsv_line=276825,tochno_2021_dadata_raw_parquet_point,"parquet_row_1based=49996;latitude_dadata,longitude_dadata",45.716188,33.8576718
2021:data_allsettlements_anon_156_v20251217.parquet:parquet:49827,Q1817745,Ленино,пгт,крым,Ленинский муниципальный район,7362.0,35627405101,35227000001,independent_exact_code_and_own_name_source_row; county=Ленинский район; tsv_line=153058,tochno_2021_dadata_raw_parquet_point,"parquet_row_1based=49827;latitude_dadata,longitude_dadata",45.2948019,35.7714081
2021:data_allsettlements_anon_156_v20251217.parquet:parquet:164736,Q105150,Бирюч,город,белгородская,Красногвардейский муниципальный район,7114.0,14642151001,14242501000,accepted_own_point_QID_locator,wikidata_truthy_p625_raw_claim,batch_0000.jsonl.gz:line=15337;entity=Q105150;claim=P625,50.65,38.4
2021:data_allsettlements_anon_156_v20251217.parquet:parquet:49303,Q3915403,Вилино,село,крым,Бахчисарайский муниципальный район,6973.0,35604413101,35204000056,independent_exact_code_and_own_name_source_row; county=Вилинское сельское поселение; tsv_line=4585,tochno_2021_dadata_raw_parquet_point,"parquet_row_1based=49303;latitude_dadata,longitude_dadata",44.8449762,33.6548339
2021:data_allsettlements_anon_156_v20251217.parquet:parquet:94046,Q196443,Спасск,город,пензенская,Спасский муниципальный район,6936.0,56606101001,56206501000,accepted_own_point_QID_locator,wikidata_truthy_p625_raw_claim,batch_0049.jsonl.gz:line=8994;entity=Q196443;claim=P625,53.933333,43.183333
2021:data_allsettlements_anon_156_v20251217.parquet:parquet:173865,Q1965217,Дубровка,посёлок,брянская,Дубровский муниципальный район,6793.0,15612151051,15212551000,accepted_own_point_QID_locator,wikidata_P625_point_claim,"{""line_number"": 8976, ""locator"": ""batch_0050.jsonl.gz#line=8976"", ""retrieved_at_utc"": ""2026-08-31T20:58:05.729207+00:00"", ""source_file"": ""batch_0050.jsonl.gz"", ""value_raw"": ""POINT(33.507222 53.690833)""}",53.690833,33.507222
2021:data_allsettlements_anon_156_v20251217.parquet:parquet:47460,Q16133260,Таежный,посёлок,красноярский,Богучанский муниципальный район,6717.0,4609430101,04209830001,independent_exact_code_and_own_name_source_row; county=Таёжнинский сельсовет; tsv_line=52473,tochno_2021_dadata_raw_parquet_point,"parquet_row_1based=47460;latitude_dadata,longitude_dadata",58.0713151,97.3152464
2021:data_allsettlements_anon_156_v20251217.parquet:parquet:17341,Q4280155,Манас,пгт,дагестан,Карабудахкентский муниципальный район,6696.0,82635155051,82235556000,independent_exact_code_and_own_name_source_row; county=Карабудахкентский район; tsv_line=9627,tochno_2021_dadata_raw_parquet_point,"parquet_row_1based=17341;latitude_dadata,longitude_dadata",42.72435,47.6818152
2021:data_allsettlements_anon_156_v20251217.parquet:parquet:145229,Q1993266,Бижбуляк,село,башкортостан,Бижбулякский муниципальный район,6626.0,80612410101,80212810001,independent_exact_code_and_own_name_source_row; county=Бижбулякский сельсовет; tsv_line=184629,tochno_2021_dadata_raw_parquet_point,"parquet_row_1based=145229;latitude_dadata,longitude_dadata",53.6926077,54.2695531
2021:data_allsettlements_anon_156_v20251217.parquet:parquet:49372,Q2562216,Зуя,пгт,крым,Белогорский муниципальный район,6621.0,35607401101,35207000002,independent_exact_code_and_own_name_source_row; county=Зуйское сельское поселение; tsv_line=219487,tochno_2021_dadata_raw_parquet_point,"parquet_row_1based=49372;latitude_dadata,longitude_dadata",45.0481106,34.319171
2021:data_allsettlements_anon_156_v20251217.parquet:parquet:49614,Q2626751,Кировское,пгт,крым,Кировский муниципальный район,6502.0,35616401101,35216000001,independent_exact_code_and_own_name_source_row; county=Кировский поселковый совет; tsv_line=164848,tochno_2021_dadata_raw_parquet_point,"parquet_row_1based=49614;latitude_dadata,longitude_dadata",45.2294251,35.2092547
2021:data_allsettlements_anon_156_v20251217.parquet:parquet:50110,Q3892437,Новофедоровка,пгт,крым,Сакский муниципальный район,6489.0,35643401101,35243000004,independent_exact_code_and_own_name_source_row; county=Новофёдоровское сельское поселение; tsv_line=270904,tochno_2021_dadata_raw_parquet_point,"parquet_row_1based=50110;latitude_dadata,longitude_dadata",45.0915037,33.5738376
2021:data_allsettlements_anon_156_v20251217.parquet:parquet:50450,Q1401243,Партенит,пгт,крым,Городской округ Алушта,6472.0,35703000104,35403000002,independent_exact_code_and_own_name_source_row; county=Алушта (муниципальный округ); tsv_line=51136,tochno_2021_dadata_raw_parquet_point,"parquet_row_1based=50450;latitude_dadata,longitude_dadata",44.5765828,34.3407371
2021:data_allsettlements_anon_156_v20251217.parquet:parquet:49740,Q4361011,Петровка,село,крым,Красногвардейский муниципальный район,6389.0,35620448101,35220000196,independent_exact_code_and_own_name_source_row; county=Петровское сельское поселение; tsv_line=6086,tochno_2021_dadata_raw_parquet_point,"parquet_row_1based=49740;latitude_dadata,longitude_dadata",45.4974889,34.2874504
2021:data_allsettlements_anon_156_v20251217.parquet:parquet:108873,Q4108516,Верхнетемерницкий,посёлок,ростовская,Аксайский муниципальный район,6343.0,60602436106,60202867008,independent_exact_code_and_own_name_source_row; county=Щепкинское сельское поселение; tsv_line=340575,tochno_2021_dadata_raw_parquet_point,"parquet_row_1based=108873;latitude_dadata,longitude_dadata",47.3098495,39.7332361
2021:data_allsettlements_anon_156_v20251217.parquet:parquet:41137,Q16017069,Нагорный,посёлок,алтайский,Городской округ город Бийск,6337.0,1705000111,01405000005,independent_exact_code_and_own_name_source_row; county=город Бийск; tsv_line=28551,tochno_2021_dadata_raw_parquet_point,"parquet_row_1based=41137;latitude_dadata,longitude_dadata",52.5501278,85.2024071
2021:data_allsettlements_anon_156_v20251217.parquet:parquet:50241,Q4363172,Пионерское,село,крым,Симферопольский муниципальный район,6224.0,35647413141,35247000246,independent_exact_code_and_own_name_source_row; county=Добровский сельский совет; tsv_line=211700,tochno_2021_dadata_raw_parquet_point,"parquet_row_1based=50241;latitude_dadata,longitude_dadata",44.8757593,34.2087732
2021:data_allsettlements_anon_156_v20251217.parquet:parquet:50538,Q206189,Кореиз,пгт,крым,Городской округ Ялта,5975.0,35729000117,35419000049,independent_exact_code_and_own_name_source_row; county=городской округ Ялта; tsv_line=57783,tochno_2021_dadata_raw_parquet_point,"parquet_row_1based=50538;latitude_dadata,longitude_dadata",44.4277196,34.0835422
2021:data_allsettlements_anon_156_v20251217.parquet:parquet:46963,Q3533320,Раздольное,село,краснодарский,Городской округ город-курорт Сочи,5460.0,3726000421,03426945006,independent_exact_code_and_own_name_source_row; county=Муниципальное образование город-курорт Сочи; tsv_line=166846,tochno_2021_dadata_raw_parquet_point,"parquet_row_1based=46963;latitude_dadata,longitude_dadata",43.5837814,39.7699671
2021:data_allsettlements_anon_156_v20251217.parquet:parquet:161667,Q4108715,Верхний-Нойбер,село,чеченская,Гудермесский муниципальный район,5386.0,96610492101,96210502000,accepted_own_point_QID_locator,wikidata_P625_point_claim,"{""line_number"": 10429, ""locator"": ""batch_0111.jsonl.gz#line=10429"", ""retrieved_at_utc"": ""2026-08-31T20:59:24.606150+00:00"", ""source_file"": ""batch_0111.jsonl.gz"", ""value_raw"": ""POINT(46.287096 43.254270)""}",43.25427,46.287096
2021:data_allsettlements_anon_156_v20251217.parquet:parquet:91684,Q4228693,Колпна,пгт,орловская,Колпнянский муниципальный район,5370.0,54623151051,54223551000,independent_exact_code_and_own_name_source_row; county=городское поселение Колпна; tsv_line=117255,tochno_2021_dadata_raw_parquet_point,"parquet_row_1based=91684;latitude_dadata,longitude_dadata",52.225535,37.0362257
2021:data_allsettlements_anon_156_v20251217.parquet:parquet:50332,Q4516373,Чистенькое,село,крым,Симферопольский муниципальный район,5277.0,35647487101,35247000353,independent_exact_code_and_own_name_source_row; county=Чистенское сельское поселение; tsv_line=337223,tochno_2021_dadata_raw_parquet_point,"parquet_row_1based=50332;latitude_dadata,longitude_dadata",44.8809163,34.0450262
2021:data_allsettlements_anon_156_v20251217.parquet:parquet:39531,Q3246782,Красногорское,село,алтайский,Красногорский муниципальный район,5275.0,1619423101,01219823001,independent_exact_code_and_own_name_source_row; county=Красногорский сельсовет; tsv_line=234728,tochno_2021_dadata_raw_parquet_point,"parquet_row_1based=39531;latitude_dadata,longitude_dadata",52.297135,86.1954987
2021:data_allsettlements_anon_156_v20251217.parquet:parquet:50316,Q4464363,Трудовое,село,крым,Симферопольский муниципальный район,5249.0,35647470101,35247000319,independent_exact_code_and_own_name_source_row; county=Трудовское сельское поселение; tsv_line=327923,tochno_2021_dadata_raw_parquet_point,"parquet_row_1based=50316;latitude_dadata,longitude_dadata",44.9952703,34.2027046
2021:data_allsettlements_anon_156_v20251217.parquet:parquet:146498,Q1061901,Акбердино,село,башкортостан,Иглинский муниципальный район,5239.0,80628403101,80228803001,independent_exact_code_and_own_name_source_row; county=Акбердинский сельсовет; tsv_line=174989,tochno_2021_dadata_raw_parquet_point,"parquet_row_1based=146498;latitude_dadata,longitude_dadata",54.5958919,56.1856572
2021:data_allsettlements_anon_156_v20251217.parquet:parquet:16976,Q4194504,Зубутли-Миатли,село,дагестан,Кизилюртовский муниципальный район,5215.0,82626445101,82226845001,independent_exact_code_and_own_name_source_row; county=Сельсовет «Зубутли-Миатлинский»; tsv_line=311627,tochno_2021_dadata_raw_parquet_point,"parquet_row_1based=16976;latitude_dadata,longitude_dadata",43.1997489,46.8107509
2021:data_allsettlements_anon_156_v20251217.parquet:parquet:91211,Q135358,Дмитровск,город,орловская,Дмитровский муниципальный район,5202.0,54612101001,54212501000,accepted_own_point_QID_locator,wikidata_truthy_p625_raw_claim,batch_0008.jsonl.gz:line=12238;entity=Q135358;claim=P625,52.505,35.146389
2021:data_allsettlements_anon_156_v20251217.parquet:parquet:50486,Q3889296,Новоозерное,пгт,крым,Городской округ Евпатория,5085.0,35712000116,35409000007,independent_exact_code_and_own_name_source_row; county=Евпатория (городской округ); tsv_line=51509,tochno_2021_dadata_raw_parquet_point,"parquet_row_1based=50486;latitude_dadata,longitude_dadata",45.3840277,33.1175309
2021:data_allsettlements_anon_156_v20251217.parquet:parquet:46956,Q4319447,Нижняя Шиловка,село,краснодарский,Городской округ город-курорт Сочи,5073.0,3726000386,03426910006,independent_exact_code_and_own_name_source_row; county=Муниципальное образование город-курорт Сочи; tsv_line=166906,tochno_2021_dadata_raw_parquet_point,"parquet_row_1based=46956;latitude_dadata,longitude_dadata",43.4576905,40.0254108
2021:data_allsettlements_anon_156_v20251217.parquet:parquet:158721,Q4333103,Октябрьский,посёлок,ульяновская,Чердаклинский муниципальный район,5035.0,73656406101,73256806001,independent_exact_code_and_own_name_source_row; county=Октябрьское сельское поселение; tsv_line=272961,tochno_2021_dadata_raw_parquet_point,"parquet_row_1based=158721;latitude_dadata,longitude_dadata",54.3418139,48.7075362
2021:data_allsettlements_anon_156_v20251217.parquet:parquet:50239,Q4350000,Перевальное,село,крым,Симферопольский муниципальный район,4980.0,35647413131,35247000229,independent_exact_code_and_own_name_source_row; county=Добровский сельский совет; tsv_line=211696,tochno_2021_dadata_raw_parquet_point,"parquet_row_1based=50239;latitude_dadata,longitude_dadata",44.8399299,34.3225576
2021:data_allsettlements_anon_156_v20251217.parquet:parquet:50326,Q6686892,Укромное,село,крым,Симферопольский муниципальный район,4980.0,35647475101,35247000329,independent_exact_code_and_own_name_source_row; county=Укромновское сельское поселение; tsv_line=6864,tochno_2021_dadata_raw_parquet_point,"parquet_row_1based=50326;latitude_dadata,longitude_dadata",45.046089,34.0035356
2021:data_allsettlements_anon_156_v20251217.parquet:parquet:40010,Q16104373,Берёзовка,село,алтайский,Первомайский муниципальный район,4973.0,1632416101,01232816001,independent_exact_code_and_own_name_source_row; county=Берёзовский сельсовет; tsv_line=184353,tochno_2021_dadata_raw_parquet_point,"parquet_row_1based=40010;latitude_dadata,longitude_dadata",53.4046291,84.0020518
2021:data_allsettlements_anon_156_v20251217.parquet:parquet:49682,Q4126701,Восход,село,крым,Красногвардейский муниципальный район,4971.0,35620408101,35220000029,independent_exact_code_and_own_name_source_row; county=Восходненское сельское поселение; tsv_line=4563,tochno_2021_dadata_raw_parquet_point,"parquet_row_1based=49682;latitude_dadata,longitude_dadata",45.5090398,34.38855
2021:data_allsettlements_anon_156_v20251217.parquet:parquet:65584,Q27507016,Ильинское,село,московская,Городской округ Домодедово,4909.0,46709000286,46409000186,independent_exact_code_and_own_name_source_row; county=Городской округ Домодедово; tsv_line=358686,tochno_2021_dadata_raw_parquet_point,"parquet_row_1based=65584;latitude_dadata,longitude_dadata",55.239066,37.972253
2021:data_allsettlements_anon_156_v20251217.parquet:parquet:50484,Q3889732,Заозерное,пгт,крым,Городской округ Евпатория,4814.0,35712000106,35409000002,independent_exact_code_and_own_name_source_row; county=Евпатория (городской округ); tsv_line=51510,tochno_2021_dadata_raw_parquet_point,"parquet_row_1based=50484;latitude_dadata,longitude_dadata",45.1599258,33.2792016
2021:data_allsettlements_anon_156_v20251217.parquet:parquet:67629,Q16273131,Аничково,посёлок,московская,Городской округ Лосино-Петровский,4741.0,46742000111,46442552000,accepted_own_point_QID_locator,wikidata_P625_point_claim,"{""line_number"": 11286, ""locator"": ""batch_0023.jsonl.gz#line=11286"", ""retrieved_at_utc"": ""2026-08-31T20:57:36.324095+00:00"", ""source_file"": ""batch_0023.jsonl.gz"", ""value_raw"": ""POINT(38.118514 55.902453)""}",55.902453,38.118514
2021:data_allsettlements_anon_156_v20251217.parquet:parquet:49843,Q4122529,Войково,село,крым,Ленинский муниципальный район,4647.0,35627416101,35227000033,independent_exact_code_and_own_name_source_row; county=Войковское сельское поселение; tsv_line=4519,tochno_2021_dadata_raw_parquet_point,"parquet_row_1based=49843;latitude_dadata,longitude_dadata",45.3849368,36.4346513
2021:data_allsettlements_anon_156_v20251217.parquet:parquet:155028,Q4420032,Сингапай,посёлок,ханты мансийский югра,Нефтеюганский муниципальный район,4633.0,71818410101,71118000008,independent_exact_code_and_own_name_source_row; county=Сельское поселение Сингапай; tsv_line=102145,tochno_2021_dadata_raw_parquet_point,"parquet_row_1based=155028;latitude_dadata,longitude_dadata",61.1512408,72.6526089
2021:data_allsettlements_anon_156_v20251217.parquet:parquet:165451,Q2075571,Головчино,село,белгородская,Грайворонский городской округ,4621.0,14725000151,14232802001,independent_exact_code_and_own_name_source_row; county=Головчинское сельское поселение; tsv_line=62665,geonames_ru_txt_named_place_point,RU.txt:line=99742;geonameid=560674,50.53458,35.80633
2021:data_allsettlements_anon_156_v20251217.parquet:parquet:49658,Q4538622,Яркое Поле,село,крым,Кировский муниципальный район,4592.0,35616461101,35216000126,independent_exact_code_and_own_name_source_row; county=Яркополенское сельское поселение; tsv_line=343260,tochno_2021_dadata_raw_parquet_point,"parquet_row_1based=49658;latitude_dadata,longitude_dadata",45.2062901,35.2010091
2021:data_allsettlements_anon_156_v20251217.parquet:parquet:1528,Q3866848,Мстёра,посёлок,владимирская,Вязниковский муниципальный район,4517.0,17610160051,17210560000,accepted_own_point_QID_locator,wikidata_P625_point_claim,"{""line_number"": 14461, ""locator"": ""batch_0106.jsonl.gz#line=14461"", ""retrieved_at_utc"": ""2026-08-31T20:59:18.070573+00:00"", ""source_file"": ""batch_0106.jsonl.gz"", ""value_raw"": ""POINT(41.939689 56.374438)""}",56.374438,41.939689
2021:data_allsettlements_anon_156_v20251217.parquet:parquet:50203,Q4479861,Уютное,село,крым,Сакский муниципальный район,4501.0,35643477101,35243000223,independent_exact_code_and_own_name_source_row; county=Уютненский сельский совет; tsv_line=332456,tochno_2021_dadata_raw_parquet_point,"parquet_row_1based=50203;latitude_dadata,longitude_dadata",45.1986114,33.3027644
2021:data_allsettlements_anon_156_v20251217.parquet:parquet:69391,Q4167029,Дорохово,посёлок,московская,Рузский городской округ,4497.0,46766000307,46466000207,accepted_own_point_QID_locator,wikidata_P625_point_claim,"{""line_number"": 9764, ""locator"": ""batch_0114.jsonl.gz#line=9764"", ""retrieved_at_utc"": ""2026-08-31T20:59:28.824625+00:00"", ""source_file"": ""batch_0114.jsonl.gz"", ""value_raw"": ""POINT(36.374444 55.550556)""}",55.550556,36.374444
2021:data_allsettlements_anon_156_v20251217.parquet:parquet:30203,Q4482976,Ферзиково,посёлок,калужская,"Муниципальный район ""Ферзиковский район""",4472.0,29644402101,29244000001,independent_exact_code_and_own_name_source_row; county=Сельское поселение «Посёлок Ферзиково»; tsv_line=164635,tochno_2021_dadata_raw_parquet_point,"parquet_row_1based=30203;latitude_dadata,longitude_dadata",54.5212139,36.7639134
2021:data_allsettlements_anon_156_v20251217.parquet:parquet:55354,Q4532481,Эркен-Шахар,посёлок,карачаево черкесская,Ногайский муниципальный район,4466.0,91623415101,91223000001,independent_exact_code_and_own_name_source_row; county=Эркен-Шахарское сельское поселение; tsv_line=340993,tochno_2021_dadata_raw_parquet_point,"parquet_row_1based=55354;latitude_dadata,longitude_dadata",44.3723988,41.9594255
2021:data_allsettlements_anon_156_v20251217.parquet:parquet:50324,Q4444081,Строгоновка,село,крым,Симферопольский муниципальный район,4402.0,35647470141,35247000296,independent_exact_code_and_own_name_source_row; county=Трудовское сельское поселение; tsv_line=327921,tochno_2021_dadata_raw_parquet_point,"parquet_row_1based=50324;latitude_dadata,longitude_dadata",44.9443883,34.1826407
2021:data_allsettlements_anon_156_v20251217.parquet:parquet:14924,Q4174569,Елань-Колено,село,воронежская,Новохопёрский муниципальный район,4365.0,20627424101,20227824001,independent_exact_code_and_own_name_source_row; county=Новохопёрский район; tsv_line=171182,tochno_2021_dadata_raw_parquet_point,"parquet_row_1based=14924;latitude_dadata,longitude_dadata",51.1583129,41.2287898
2021:data_allsettlements_anon_156_v20251217.parquet:parquet:110632,Q4208229,Казачьи Лагери,посёлок,ростовская,Октябрьский муниципальный район,4321.0,60641450111,60241850003,independent_exact_code_and_own_name_source_row; county=Персиановское сельское поселение Ростовской области; tsv_line=277840,tochno_2021_dadata_raw_parquet_point,"parquet_row_1based=110632;latitude_dadata,longitude_dadata",47.5540208,40.1173554
2021:data_allsettlements_anon_156_v20251217.parquet:parquet:120362,Q4126586,Восточный,посёлок,свердловская,Сосьвинский городской округ,4316.0,65721000176,65223000003,accepted_own_point_QID_locator,wikidata_P625_point_claim,"{""line_number"": 11078, ""locator"": ""batch_0111.jsonl.gz#line=11078"", ""retrieved_at_utc"": ""2026-08-31T20:59:24.606150+00:00"", ""source_file"": ""batch_0111.jsonl.gz"", ""value_raw"": ""POINT(61.800000 58.800000)""}",58.8,61.8
2021:data_allsettlements_anon_156_v20251217.parquet:parquet:28159,Q21668773,Выползово,деревня,калужская,"Муниципальный район ""Город Киров и Кировский район""",4243.0,29614428101,29214000024,independent_exact_code_and_own_name_source_row; county=Сельское поселение «Деревня Выползово»; tsv_line=44935,tochno_2021_dadata_raw_parquet_point,"parquet_row_1based=28159;latitude_dadata,longitude_dadata",54.219484,34.390635
2021:data_allsettlements_anon_156_v20251217.parquet:parquet:50258,Q4229033,Кольчугино,село,крым,Симферопольский муниципальный район,4224.0,35647429101,35247000126,independent_exact_code_and_own_name_source_row; county=Кольчугинское сельское поселение; tsv_line=5124,tochno_2021_dadata_raw_parquet_point,"parquet_row_1based=50258;latitude_dadata,longitude_dadata",44.9460058,33.7937776
2021:data_allsettlements_anon_156_v20251217.parquet:parquet:16483,Q13622693,Халимбекаул,село,дагестан,Буйнакский муниципальный район,4223.0,82611476101,82211876001,independent_exact_code_and_own_name_source_row; county=Халимбекаульский сельсовет; tsv_line=120846,tochno_2021_dadata_raw_parquet_point,"parquet_row_1based=16483;latitude_dadata,longitude_dadata",42.8447003,47.1422957
2021:data_allsettlements_anon_156_v20251217.parquet:parquet:15983,Q19829884,Хохол,село,воронежская,Хохольский муниципальный район,4215.0,20656151111,20256860001,independent_exact_code_and_own_name_source_row; county=Хохольский район; tsv_line=70508,tochno_2021_dadata_raw_parquet_point,"parquet_row_1based=15983;latitude_dadata,longitude_dadata",51.5621421,38.7576471
2021:data_allsettlements_anon_156_v20251217.parquet:parquet:50445,Q2046367,Комсомольское,пгт,крым,Городской округ Симферополь,4195.0,35701000104,35401000013,independent_exact_code_and_own_name_source_row; county=городской округ Симферополь; tsv_line=57756,tochno_2021_dadata_raw_parquet_point,"parquet_row_1based=50445;latitude_dadata,longitude_dadata",45.0190311,34.0216575
2021:data_allsettlements_anon_156_v20251217.parquet:parquet:47471,Q27456459,Октябрьский,посёлок,красноярский,Богучанский муниципальный район,4169.0,4609445101,04209845001,independent_exact_code_and_own_name_source_row; county=Октябрьский сельсовет; tsv_line=52465,tochno_2021_dadata_raw_parquet_point,"parquet_row_1based=47471;latitude_dadata,longitude_dadata",57.4446149,97.5328472
2021:data_allsettlements_anon_156_v20251217.parquet:parquet:49780,Q4122416,Воинка,село,крым,Красноперекопский муниципальный район,4099.0,35623413101,35223000010,independent_exact_code_and_own_name_source_row; county=Воинское сельское поселение; tsv_line=4581,tochno_2021_dadata_raw_parquet_point,"parquet_row_1based=49780;latitude_dadata,longitude_dadata",45.8705068,33.9888929
2021:data_allsettlements_anon_156_v20251217.parquet:parquet:161645,Q4289716,Мелчхи,село,чеченская,Гудермесский муниципальный район,4070.0,96610410101,96210000014,independent_exact_code_and_own_name_source_row; county=Мелчхинское сельское поселение; tsv_line=151872,tochno_2021_dadata_raw_parquet_point,"parquet_row_1based=161645;latitude_dadata,longitude_dadata",43.3052739,46.1873984
2021:data_allsettlements_anon_156_v20251217.parquet:parquet:50282,Q4351659,Перово,село,крым,Симферопольский муниципальный район,3995.0,35647454101,35247000236,independent_exact_code_and_own_name_source_row; county=Перовское сельское поселение; tsv_line=170622,tochno_2021_dadata_raw_parquet_point,"parquet_row_1based=50282;latitude_dadata,longitude_dadata",44.9276698,34.0597371
2021:data_allsettlements_anon_156_v20251217.parquet:parquet:49824,Q2879290,Багерово,пгт,крым,Ленинский муниципальный район,3972.0,35627401101,35227000007,independent_exact_code_and_own_name_source_row; county=Багеровское сельское поселение; tsv_line=180184,tochno_2021_dadata_raw_parquet_point,"parquet_row_1based=49824;latitude_dadata,longitude_dadata",45.3736486,36.2957996
2021:data_allsettlements_anon_156_v20251217.parquet:parquet:130833,Q4201239,Иннополис,город,татарстан,Верхнеуслонский муниципальный район,3955.0,92620109001,92220509000,accepted_own_point_QID_locator,wikidata_truthy_p625_raw_claim,batch_0116.jsonl.gz:line=10585;entity=Q4201239;claim=P625,55.7505,48.747
2021:data_allsettlements_anon_156_v20251217.parquet:parquet:46904,Q12156079,Барановка,село,краснодарский,Городской округ город-курорт Сочи,3943.0,3726000126,03426925002,independent_exact_code_and_own_name_source_row; county=Муниципальное образование город-курорт Сочи; tsv_line=166750,tochno_2021_dadata_raw_parquet_point,"parquet row 1-based=46904; fields=latitude_dadata,longitude_dadata; native_OKTMO=3726000126",43.7092319,39.687354
2021:data_allsettlements_anon_156_v20251217.parquet:parquet:65691,Q4492148,Фосфоритный,пгт,московская,Городской округ Воскресенск,3883.0,46710000061,46410561000,independent_exact_code_and_own_name_source_row; county=Воскресенский район; tsv_line=2895,tochno_2021_dadata_raw_parquet_point,"parquet_row_1based=65691;latitude_dadata,longitude_dadata",55.3357701,38.8964103
2021:data_allsettlements_anon_156_v20251217.parquet:parquet:31901,Q15978464,Хатуей,село,кабардино балкарская,Лескенский муниципальный район,3876.0,83618440101,83218000007,independent_exact_code_and_own_name_source_row; county=Урванский район; tsv_line=922,tochno_2021_dadata_raw_parquet_point,"parquet_row_1based=31901;latitude_dadata,longitude_dadata",43.3408198,44.0176215
2021:data_allsettlements_anon_156_v20251217.parquet:parquet:50485,Q821951,Мирный,пгт,крым,Городской округ Евпатория,3871.0,35712000111,35409000004,independent_exact_code_and_own_name_source_row; county=Евпатория (городской округ); tsv_line=51511,tochno_2021_dadata_raw_parquet_point,"parquet_row_1based=50485;latitude_dadata,longitude_dadata",45.3080278,33.0346251
2021:data_allsettlements_anon_156_v20251217.parquet:parquet:161503,Q4495230,Хамби-Ирзи,село,чеченская,Ачхой-Мартановский муниципальный район,3870.0,96602419101,96202000010,independent_exact_code_and_own_name_source_row; county=Хамби-Ирзинское сельское поселение; tsv_line=151475,tochno_2021_dadata_raw_parquet_point,"parquet_row_1based=161503;latitude_dadata,longitude_dadata",43.2326753,45.4522613
2021:data_allsettlements_anon_156_v20251217.parquet:parquet:50233,Q4163685,Доброе,село,крым,Симферопольский муниципальный район,3848.0,35647413101,35247000069,independent_exact_code_and_own_name_source_row; county=Добровский сельский совет; tsv_line=211686,tochno_2021_dadata_raw_parquet_point,"parquet_row_1based=50233;latitude_dadata,longitude_dadata",44.8666472,34.2428368
2021:data_allsettlements_anon_156_v20251217.parquet:parquet:133281,Q4241986,Круглое Поле,посёлок,татарстан,Тукаевский муниципальный район,3836.0,92657433101,92257000035,independent_exact_code_and_own_name_source_row; county=Круглопольское сельское поселение; tsv_line=151657,tochno_2021_dadata_raw_parquet_point,"parquet_row_1based=133281;latitude_dadata,longitude_dadata",55.6213136,52.1805153
2021:data_allsettlements_anon_156_v20251217.parquet:parquet:151360,Q23883947,Центральный,посёлок,тульская,Суворовский муниципальный район,3813.0,70640460186,70240805019,independent_exact_code_and_own_name_source_row; county=Северо-Западное сельское поселение; tsv_line=135014,tochno_2021_dadata_raw_parquet_point,"parquet_row_1based=151360;latitude_dadata,longitude_dadata",54.1637547,36.4949536
2021:data_allsettlements_anon_156_v20251217.parquet:parquet:65599,Q19644166,Красный Путь,село,московская,Городской округ Домодедово,3803.0,46709000361,46409000261,independent_exact_code_and_own_name_source_row; county=Городской округ Домодедово; tsv_line=358658,tochno_2021_dadata_raw_parquet_point,"parquet_row_1based=65599;latitude_dadata,longitude_dadata",55.337866,37.8976372
2021:data_allsettlements_anon_156_v20251217.parquet:parquet:119557,Q15648683,Красногвардейский,посёлок,свердловская,Артемовский городской округ,3754.0,65703000191,65202000003,accepted_own_point_QID_locator,wikidata_P625_point_claim,"{""line_number"": 12609, ""locator"": ""batch_0019.jsonl.gz#line=12609"", ""retrieved_at_utc"": ""2026-08-31T20:57:31.292944+00:00"", ""source_file"": ""batch_0019.jsonl.gz"", ""value_raw"": ""POINT(62.312500 57.378900)""}",57.3789,62.3125
2021:data_allsettlements_anon_156_v20251217.parquet:parquet:50218,Q4429974,Софиевка,село,крым,Симферопольский муниципальный район,3732.0,35647401121,35247000286,independent_exact_code_and_own_name_source_row; county=Гвардейское сельское поселение; tsv_line=200736,tochno_2021_dadata_raw_parquet_point,"parquet_row_1based=50218;latitude_dadata,longitude_dadata",45.0938026,34.0009743
2021:data_allsettlements_anon_156_v20251217.parquet:parquet:161624,Q4503934,Центора-Юрт,село,чеченская,Грозненский муниципальный район,3728.0,96607491101,96207000027,independent_exact_code_and_own_name_source_row; county=Центора-Юртовское сельское поселение; tsv_line=151833,tochno_2021_dadata_raw_parquet_point,"parquet_row_1based=161624;latitude_dadata,longitude_dadata",43.3161443,45.834911
2021:data_allsettlements_anon_156_v20251217.parquet:parquet:50329,Q3506335,Урожайное,село,крым,Симферопольский муниципальный район,3679.0,35647480101,35247000333,independent_exact_code_and_own_name_source_row; county=Урожайновское сельское поселение; tsv_line=330566,tochno_2021_dadata_raw_parquet_point,"parquet_row_1based=50329;latitude_dadata,longitude_dadata",45.0654747,34.1134684
2021:data_allsettlements_anon_156_v20251217.parquet:parquet:57426,Q19819653,Новогорелово,посёлок,ленинградская,Ломоносовский муниципальный район,3658.0,41630157141,41230000024,independent_exact_code_and_own_name_source_row; county=Виллозское городское поселение; tsv_line=195086,tochno_2021_dadata_raw_parquet_point,"parquet_row_1based=57426;latitude_dadata,longitude_dadata",59.79048,30.166227
2021:data_allsettlements_anon_156_v20251217.parquet:parquet:40415,Q4428353,Солонешное,село,алтайский,Солонешенский муниципальный район,3626.0,1643450101,01243850001,independent_exact_code_and_own_name_source_row; county=Солонешенский сельсовет; tsv_line=317606,tochno_2021_dadata_raw_parquet_point,"parquet_row_1based=40415;latitude_dadata,longitude_dadata",51.6479178,84.3247191
2021:data_allsettlements_anon_156_v20251217.parquet:parquet:161588,Q4111688,Виноградное,село,чеченская,Грозненский муниципальный район,3611.0,96607404101,96207000004,independent_exact_code_and_own_name_source_row; county=Виноградненское сельское поселение; tsv_line=151755,tochno_2021_dadata_raw_parquet_point,"parquet_row_1based=161588;latitude_dadata,longitude_dadata",43.4647123,45.8623111
2021:data_allsettlements_anon_156_v20251217.parquet:parquet:44982,Q4534077,Южный,посёлок,краснодарский,Белореченский муниципальный район,3574.0,3608420101,03406830001,independent_exact_code_and_own_name_source_row; county=Южненское сельское поселение; tsv_line=341259,tochno_2021_dadata_raw_parquet_point,"parquet_row_1based=44982;latitude_dadata,longitude_dadata",44.7297586,39.8537562
2021:data_allsettlements_anon_156_v20251217.parquet:parquet:50516,Q3894352,Щебетовка,пгт,крым,Городской округ Феодосия,3508.0,35726000109,35417000013,independent_exact_code_and_own_name_source_row; county=Феодосия (городской округ); tsv_line=58996,tochno_2021_dadata_raw_parquet_point,"parquet_row_1based=50516;latitude_dadata,longitude_dadata",44.9364788,35.1553618
2021:data_allsettlements_anon_156_v20251217.parquet:parquet:161459,Q15255863,Метлино,посёлок,челябинская,Озерский городской округ (ЗАТО),3506.0,75743000116,75543000002,independent_exact_code_and_own_name_source_row; county=Озёрский городской округ; tsv_line=68637,tochno_2021_dadata_raw_parquet_point,"parquet_row_1based=161459;latitude_dadata,longitude_dadata",55.7893359,60.9812268
2021:data_allsettlements_anon_156_v20251217.parquet:parquet:50447,Q2384269,Аграрное,пгт,крым,Городской округ Симферополь,3467.0,35701000107,35401000004,independent_exact_code_and_own_name_source_row; county=городской округ Симферополь; tsv_line=57758,tochno_2021_dadata_raw_parquet_point,"parquet_row_1based=50447;latitude_dadata,longitude_dadata",45.0160039,34.0487769
2021:data_allsettlements_anon_156_v20251217.parquet:parquet:14226,Q4319162,Нижний Мамон,село,воронежская,Верхнемамонский муниципальный район,3464.0,20610428101,20210828001,independent_exact_code_and_own_name_source_row; county=Верхнемамонский район; tsv_line=37152,tochno_2021_dadata_raw_parquet_point,"parquet_row_1based=14226;latitude_dadata,longitude_dadata",50.1882462,40.5041129
2021:data_allsettlements_anon_156_v20251217.parquet:parquet:50195,Q4445210,Суворовское,село,крым,Сакский муниципальный район,3464.0,35643470101,35243000213,independent_exact_code_and_own_name_source_row; county=Суворовское сельское поселение; tsv_line=352090,tochno_2021_dadata_raw_parquet_point,"parquet_row_1based=50195;latitude_dadata,longitude_dadata",45.252676,33.3738578
2021:data_allsettlements_anon_156_v20251217.parquet:parquet:85060,Q13640239,Плешаново,село,оренбургская,Красногвардейский муниципальный район,3448.0,53623424101,53223824001,independent_exact_code_and_own_name_source_row; county=Плешановский сельсовет; tsv_line=141667,tochno_2021_dadata_raw_parquet_point,"parquet_row_1based=85060;latitude_dadata,longitude_dadata",52.8451398,53.4889352
2021:data_allsettlements_anon_156_v20251217.parquet:parquet:46721,Q4267064,Лорис,посёлок,краснодарский,Городской округ город Краснодар,3442.0,3701000146,03401973004,independent_exact_code_and_own_name_source_row; county=муниципальное образование город Краснодар; tsv_line=262272,tochno_2021_dadata_raw_parquet_point,"parquet_row_1based=46721;latitude_dadata,longitude_dadata",45.087396,39.118657
2021:data_allsettlements_anon_156_v20251217.parquet:parquet:49470,Q2473074,Азовское,пгт,крым,Джанкойский муниципальный район,3439.0,35611401101,35211000016,independent_exact_code_and_own_name_source_row; county=Азовское сельское поселение; tsv_line=164792,tochno_2021_dadata_raw_parquet_point,"parquet_row_1based=49470;latitude_dadata,longitude_dadata",45.5855515,34.5670468
2021:data_allsettlements_anon_156_v20251217.parquet:parquet:17347,Q4135043,Гели,село,дагестан,Карабудахкентский муниципальный район,3428.0,82635410101,82235000003,independent_exact_code_and_own_name_source_row; county=Карабудахкентский район; tsv_line=9623,tochno_2021_dadata_raw_parquet_point,"parquet_row_1based=17347;latitude_dadata,longitude_dadata",42.7291227,47.4000616
2021:data_allsettlements_anon_156_v20251217.parquet:parquet:152249,Q3933954,Ревякино,посёлок,тульская,Ясногорский муниципальный район,3423.0,70650436101,70250844011,independent_exact_code_and_own_name_source_row; county=Ясногорский район; tsv_line=36889,tochno_2021_dadata_raw_parquet_point,"parquet_row_1based=152249;latitude_dadata,longitude_dadata",54.366826,37.6564512
2021:data_allsettlements_anon_156_v20251217.parquet:parquet:49367,Q4468971,Угловое,село,крым,Бахчисарайский муниципальный район,3408.0,35604484101,35204000263,independent_exact_code_and_own_name_source_row; county=Республика Крым; tsv_line=27655,tochno_2021_dadata_raw_parquet_point,"parquet_row_1based=49367;latitude_dadata,longitude_dadata",44.8207398,33.6067269
2021:data_allsettlements_anon_156_v20251217.parquet:parquet:50297,Q2687208,Украинка,село,крым,Симферопольский муниципальный район,3357.0,35647454176,35247000326,independent_exact_code_and_own_name_source_row; county=Перовское сельское поселение; tsv_line=170597,tochno_2021_dadata_raw_parquet_point,"parquet_row_1based=50297;latitude_dadata,longitude_dadata",44.8863598,34.1377885
2021:data_allsettlements_anon_156_v20251217.parquet:parquet:149487,Q4531908,Энергетик,село,башкортостан,Городской округ город Нефтекамск,3350.0,80727000131,80427000003,accepted_own_point_QID_locator,wikidata_P625_point_claim,"{""line_number"": 12323, ""locator"": ""batch_0138.jsonl.gz#line=12323"", ""retrieved_at_utc"": ""2026-08-31T21:00:00.938421+00:00"", ""source_file"": ""batch_0138.jsonl.gz"", ""value_raw"": ""POINT(54.587500 56.248056)""}",56.248056,54.5875
2021:data_allsettlements_anon_156_v20251217.parquet:parquet:50173,Q4297608,Михайловка,село,крым,Сакский муниципальный район,3349.0,35643452106,35243000146,independent_exact_code_and_own_name_source_row; county=Ореховский сельский совет; tsv_line=273383,tochno_2021_dadata_raw_parquet_point,"parquet_row_1based=50173;latitude_dadata,longitude_dadata",45.1108838,33.6102043
2021:data_allsettlements_anon_156_v20251217.parquet:parquet:50512,Q1743602,Коктебель,пгт,крым,Городской округ Феодосия,3301.0,35726000102,35417000002,independent_exact_code_and_own_name_source_row; county=Феодосийский городской совет; tsv_line=131815,tochno_2021_dadata_raw_parquet_point,"parquet_row_1based=50512;latitude_dadata,longitude_dadata",44.959976,35.2394314
2021:data_allsettlements_anon_156_v20251217.parquet:parquet:41114,Q13635865,Лесной,посёлок,алтайский,Городской округ город Барнаул,3278.0,1701000171,01401916003,independent_exact_code_and_own_name_source_row; county=город Барнаул; tsv_line=169672,tochno_2021_dadata_raw_parquet_point,"parquet_row_1based=41114;latitude_dadata,longitude_dadata",53.2597471,83.4774305
2021:data_allsettlements_anon_156_v20251217.parquet:parquet:118154,Q19639178,Сторожевка,село,саратовская,Татищевский муниципальный район,3276.0,63646457101,63201000324,independent_exact_code_and_own_name_source_row; county=Сторожевское муниципальное образование; tsv_line=120095,geonames_ru_txt_named_place_point,RU.txt:line=26844;geonameid=487367,51.64922,45.81697
2021:data_allsettlements_anon_156_v20251217.parquet:parquet:55297,Q28482727,Каменномост,аул,карачаево черкесская,Карачаевский муниципальный район,3274.0,91615430101,91215000008,accepted_own_point_QID_locator,wikidata_P625_point_claim,"{""line_number"": 9149, ""locator"": ""batch_0099.jsonl.gz#line=9149"", ""retrieved_at_utc"": ""2026-08-31T20:59:10.522893+00:00"", ""source_file"": ""batch_0099.jsonl.gz"", ""value_raw"": ""POINT(41.918610 43.732220)""}",43.73222,41.91861
2021:data_allsettlements_anon_156_v20251217.parquet:parquet:161663,Q20194345,Новый Беной,село,чеченская,Гудермесский муниципальный район,3255.0,96610430101,96210000046,accepted_own_point_QID_locator,wikidata_P625_point_claim,"{""line_number"": 6902, ""locator"": ""batch_0069.jsonl.gz#line=6902"", ""retrieved_at_utc"": ""2026-08-31T20:58:26.701521+00:00"", ""source_file"": ""batch_0069.jsonl.gz"", ""value_raw"": ""POINT(46.135239 43.316013)""}",43.316013,46.135239
2021:data_allsettlements_anon_156_v20251217.parquet:parquet:50338,Q4491775,Фонтаны,село,крым,Симферопольский муниципальный район,3218.0,35647487131,35247000339,independent_exact_code_and_own_name_source_row; county=Чистенское сельское поселение; tsv_line=337221,tochno_2021_dadata_raw_parquet_point,"parquet_row_1based=50338;latitude_dadata,longitude_dadata",44.8963912,34.069978
2021:data_allsettlements_anon_156_v20251217.parquet:parquet:49640,Q4349495,Первомайское,село,крым,Кировский муниципальный район,3185.0,35616430101,35216000089,independent_exact_code_and_own_name_source_row; county=Первомайское сельское поселение; tsv_line=276844,tochno_2021_dadata_raw_parquet_point,"parquet_row_1based=49640;latitude_dadata,longitude_dadata",45.0636388,35.1675944
2021:data_allsettlements_anon_156_v20251217.parquet:parquet:150713,Q16022411,Октябрьский,посёлок,тульская,Киреевский муниципальный район,3159.0,70628101111,70228864001,independent_exact_code_and_own_name_source_row; county=городское поселение Киреевск; tsv_line=117147,tochno_2021_dadata_raw_parquet_point,"parquet_row_1based=150713;latitude_dadata,longitude_dadata",53.9622103,37.9861384
2021:data_allsettlements_anon_156_v20251217.parquet:parquet:49354,Q4421489,Скалистое,село,крым,Бахчисарайский муниципальный район,3121.0,35604450101,35204000226,independent_exact_code_and_own_name_source_row; county=Республика Крым; tsv_line=27621,tochno_2021_dadata_raw_parquet_point,"parquet_row_1based=49354;latitude_dadata,longitude_dadata",44.8177405,33.97643
2021:data_allsettlements_anon_156_v20251217.parquet:parquet:148649,Q4166793,Дорогино,деревня,башкортостан,Уфимский муниципальный район,3113.0,80652425121,80252825006,independent_exact_code_and_own_name_source_row; county=Кирилловский сельсовет; tsv_line=228979,tochno_2021_dadata_raw_parquet_point,"parquet_row_1based=148649;latitude_dadata,longitude_dadata",54.7966025,56.2733609
2021:data_allsettlements_anon_156_v20251217.parquet:parquet:49550,Q4366233,Победное,село,крым,Джанкойский муниципальный район,3109.0,35611441101,35211000236,independent_exact_code_and_own_name_source_row; county=Победненское сельское поселение; tsv_line=6100,tochno_2021_dadata_raw_parquet_point,"parquet_row_1based=49550;latitude_dadata,longitude_dadata",45.7005948,34.4514444
2021:data_allsettlements_anon_156_v20251217.parquet:parquet:49621,Q4113340,Владиславовка,село,крым,Кировский муниципальный район,3103.0,35616408101,35216000019,independent_exact_code_and_own_name_source_row; county=Владиславовское сельское поселение; tsv_line=195582,tochno_2021_dadata_raw_parquet_point,"parquet_row_1based=49621;latitude_dadata,longitude_dadata",45.1642314,35.3782986
2021:data_allsettlements_anon_156_v20251217.parquet:parquet:20739,Q3792530,Ильинское-Хованское,пгт,ивановская,Ильинский муниципальный район,3092.0,24609151051,24209551000,accepted_own_point_QID_locator,wikidata_P625_point_claim,"{""line_number"": 14481, ""locator"": ""batch_0106.jsonl.gz#line=14481"", ""retrieved_at_utc"": ""2026-08-31T20:59:18.070573+00:00"", ""source_file"": ""batch_0106.jsonl.gz"", ""value_raw"": ""POINT(39.768333 56.971667)""}",56.971667,39.768333
2021:data_allsettlements_anon_156_v20251217.parquet:parquet:49898,Q4378947,Приозерное,село,крым,Ленинский муниципальный район,3088.0,35627464101,35227000159,independent_exact_code_and_own_name_source_row; county=Приозёрновское сельское поселение; tsv_line=6176,tochno_2021_dadata_raw_parquet_point,"parquet_row_1based=49898;latitude_dadata,longitude_dadata",45.2730951,36.3360081
2021:data_allsettlements_anon_156_v20251217.parquet:parquet:49276,Q3891473,Почтовое,пгт,крым,Бахчисарайский муниципальный район,3080.0,35604402101,35204000013,independent_exact_code_and_own_name_source_row; county=Почтовское сельское поселение; tsv_line=49638,tochno_2021_dadata_raw_parquet_point,"parquet_row_1based=49276;latitude_dadata,longitude_dadata",44.833513,33.949832
2021:data_allsettlements_anon_156_v20251217.parquet:parquet:121527,Q18755688,Новое,село,северная осетия алания,Пригородный муниципальный район,3040.0,90640485106,90240885002,independent_exact_code_and_own_name_source_row; county=Черменское сельское поселение; tsv_line=92888,tochno_2021_dadata_raw_parquet_point,"parquet_row_1based=121527;latitude_dadata,longitude_dadata",43.190111,44.7355871
2021:data_allsettlements_anon_156_v20251217.parquet:parquet:144932,Q1053669,Аксаково,село,башкортостан,Белебеевский муниципальный район,3040.0,80609401101,80209801001,independent_exact_code_and_own_name_source_row; county=Аксаковский сельсовет; tsv_line=175059,tochno_2021_dadata_raw_parquet_point,"parquet_row_1based=144932;latitude_dadata,longitude_dadata",54.0214794,54.1489436
2021:data_allsettlements_anon_156_v20251217.parquet:parquet:50215,Q4237995,Красная Зорька,село,крым,Симферопольский муниципальный район,3018.0,35647401106,35247000133,independent_exact_code_and_own_name_source_row; county=Гвардейское сельское поселение; tsv_line=200732,tochno_2021_dadata_raw_parquet_point,"parquet_row_1based=50215;latitude_dadata,longitude_dadata",45.1327308,34.0405256
2021:data_allsettlements_anon_156_v20251217.parquet:parquet:50172,Q4336318,Орехово,село,крым,Сакский муниципальный район,3008.0,35643452101,35243000169,independent_exact_code_and_own_name_source_row; county=Ореховский сельский совет; tsv_line=273385,tochno_2021_dadata_raw_parquet_point,"parquet_row_1based=50172;latitude_dadata,longitude_dadata",45.1309994,33.6327314
2021:data_allsettlements_anon_156_v20251217.parquet:parquet:49788,Q4205706,Ишунь,село,крым,Красноперекопский муниципальный район,3007.0,35623422101,35223000033,independent_exact_code_and_own_name_source_row; county=Ишунское сельское поселение; tsv_line=3914,tochno_2021_dadata_raw_parquet_point,"parquet_row_1based=49788;latitude_dadata,longitude_dadata",45.9229484,33.8259687
2021:data_allsettlements_anon_156_v20251217.parquet:parquet:49461,Q4503550,Цветочное,село,крым,Белогорский муниципальный район,3000.0,35607484101,35207000246,independent_exact_code_and_own_name_source_row; county=Цветочненский сельский совет; tsv_line=6950,tochno_2021_dadata_raw_parquet_point,"parquet_row_1based=49461;latitude_dadata,longitude_dadata",45.0937699,34.3854786
2021:data_allsettlements_anon_156_v20251217.parquet:parquet:50056,Q2090212,Новоселовское,пгт,крым,Раздольненский муниципальный район,2963.0,35639401101,35239000004,independent_exact_code_and_own_name_source_row; county=Новосёловское сельское поселение; tsv_line=270442,tochno_2021_dadata_raw_parquet_point,"parquet_row_1based=50056;latitude_dadata,longitude_dadata",45.441769,33.5989333
2021:data_allsettlements_anon_156_v20251217.parquet:parquet:162819,Q4477095,Урмаево,село,чувашская,Комсомольский муниципальный район,2934.0,97621455101,97221855001,accepted_own_point_QID_locator,wikidata_P625_point_claim,"{""line_number"": 10986, ""locator"": ""batch_0135.jsonl.gz#line=10986"", ""retrieved_at_utc"": ""2026-08-31T20:59:56.927901+00:00"", ""source_file"": ""batch_0135.jsonl.gz"", ""value_raw"": ""POINT(47.500000 55.233333)""}",55.233333,47.5
2021:data_allsettlements_anon_156_v20251217.parquet:parquet:26777,Q1014331,Донское,посёлок,калининградская,Светлогорский городской округ,2919.0,27734000106,27420000001,independent_exact_code_and_own_name_source_row; county=Светлогорский район; tsv_line=8403,tochno_2021_dadata_raw_parquet_point,"parquet_row_1based=26777;latitude_dadata,longitude_dadata",54.9385223,19.9700361
2021:data_allsettlements_anon_156_v20251217.parquet:parquet:119528,Q3097569,Северка,посёлок,свердловская,"Городской округ муниципальное образование ""город Екатеринбург""",2917.0,65701000196,65401368001,independent_exact_code_and_own_name_source_row; county=город Екатеринбург; tsv_line=260853,tochno_2021_dadata_raw_parquet_point,"parquet_row_1based=119528;latitude_dadata,longitude_dadata",56.8672998,60.2941707
2021:data_allsettlements_anon_156_v20251217.parquet:parquet:2487,Q4074640,Бавлены,посёлок,владимирская,Кольчугинский муниципальный район,2900.0,17640404101,17240000006,independent_exact_code_and_own_name_source_row; county=Бавленское сельское поселение; tsv_line=180142,tochno_2021_dadata_raw_parquet_point,"parquet_row_1based=2487;latitude_dadata,longitude_dadata",56.3944807,39.5639716
2021:data_allsettlements_anon_156_v20251217.parquet:parquet:44983,Q16016870,Заречный,посёлок,краснодарский,Белореченский муниципальный район,2895.0,3608420106,03406830003,independent_exact_code_and_own_name_source_row; county=Южненское сельское поселение; tsv_line=341251,tochno_2021_dadata_raw_parquet_point,"parquet_row_1based=44983;latitude_dadata,longitude_dadata",44.7531254,39.8351289
2021:data_allsettlements_anon_156_v20251217.parquet:parquet:49623,Q4181697,Журавки,село,крым,Кировский муниципальный район,2888.0,35616418101,35216000036,independent_exact_code_and_own_name_source_row; county=Журавское сельское поселение; tsv_line=215966,tochno_2021_dadata_raw_parquet_point,"parquet_row_1based=49623;latitude_dadata,longitude_dadata",45.131174,35.2162565
2021:data_allsettlements_anon_156_v20251217.parquet:parquet:97552,Q19906409,Горный,посёлок,пермский,Пермский муниципальный район,2888.0,57646405106,57246000181,accepted_own_point_QID_locator,wikidata_P625_point_claim,"{""line_number"": 8059, ""locator"": ""batch_0061.jsonl.gz#line=8059"", ""retrieved_at_utc"": ""2026-08-31T20:58:17.994355+00:00"", ""source_file"": ""batch_0061.jsonl.gz"", ""value_raw"": ""POINT(56.324512 57.893401)""}",57.893401,56.324512
2021:data_allsettlements_anon_156_v20251217.parquet:parquet:28831,Q27572670,Кудиново,село,калужская,"Муниципальный район ""Малоярославецкий район""",2881.0,29623436101,29223000174,independent_exact_code_and_own_name_source_row; county=Сельское поселение «Село Кудиново»; tsv_line=46471,tochno_2021_dadata_raw_parquet_point,"parquet_row_1based=28831;latitude_dadata,longitude_dadata",54.9876485,36.2463456
2021:data_allsettlements_anon_156_v20251217.parquet:parquet:50205,Q4493113,Фрунзе,село,крым,Сакский муниципальный район,2871.0,35643480101,35243000226,independent_exact_code_and_own_name_source_row; county=Фрунзенский сельский совет; tsv_line=333388,tochno_2021_dadata_raw_parquet_point,"parquet_row_1based=50205;latitude_dadata,longitude_dadata",45.0288537,33.6345008
2021:data_allsettlements_anon_156_v20251217.parquet:parquet:49980,Q7211939,Садовое,село,крым,Нижнегорский муниципальный район,2854.0,35631461101,35231000139,independent_exact_code_and_own_name_source_row; county=Садовое сельское поселение; tsv_line=352076,tochno_2021_dadata_raw_parquet_point,"parquet_row_1based=49980;latitude_dadata,longitude_dadata",45.3079553,34.6526262
2021:data_allsettlements_anon_156_v20251217.parquet:parquet:60719,Q18643955,Березовка,село,амурская,Ивановский муниципальный округ,2841.0,10528000121,10228807001,independent_exact_code_and_own_name_source_row; county=Березовский сельсовет; tsv_line=55705,exact_row_current_FIAS_level6_locality,parquet row 1-based=60719; raw row sha256=f4ca342c47412b744e7e069b2982c621ce33fced35243bddb1719effaee818ac,50.5734989,127.8649363
2021:data_allsettlements_anon_156_v20251217.parquet:parquet:162036,Q4326258,Ново-Щедринская,станица,чеченская,Шелковский муниципальный район,2831.0,96640419101,96240000014,independent_exact_code_and_own_name_source_row; county=Ново-Щедринское сельское поселение; tsv_line=153314,tochno_2021_dadata_raw_parquet_point,"parquet_row_1based=162036;latitude_dadata,longitude_dadata",43.486351,46.1087093
2021:data_allsettlements_anon_156_v20251217.parquet:parquet:49648,Q4377812,Приветное,село,крым,Кировский муниципальный район,2828.0,35616434101,35216000093,independent_exact_code_and_own_name_source_row; county=Приветненское сельское поселение; tsv_line=285745,tochno_2021_dadata_raw_parquet_point,"parquet_row_1based=49648;latitude_dadata,longitude_dadata",45.1143707,35.0586952
2021:data_allsettlements_anon_156_v20251217.parquet:parquet:16312,Q4506016,Цияб-Цолода,село,дагестан,Ахвахский муниципальный район,2800.0,82605465106,,accepted_own_point_QID_locator,wikidata_P625_point_claim,"{""line_number"": 11220, ""locator"": ""batch_0136.jsonl.gz#line=11220"", ""retrieved_at_utc"": ""2026-08-31T20:59:58.172378+00:00"", ""source_file"": ""batch_0136.jsonl.gz"", ""value_raw"": ""POINT(46.416103 43.251223)""}",43.251223,46.416103
2021:data_allsettlements_anon_156_v20251217.parquet:parquet:50523,Q3920624,Ближнее,село,крым,Городской округ Феодосия,2797.0,35726000136,35417000019,independent_exact_code_and_own_name_source_row; county=Феодосия (городской округ); tsv_line=58997,tochno_2021_dadata_raw_parquet_point,"parquet_row_1based=50523;latitude_dadata,longitude_dadata",45.0568973,35.3332091
2021:data_allsettlements_anon_156_v20251217.parquet:parquet:50556,Q514390,Симеиз,пгт,крым,Городской округ Ялта,2795.0,35729000156,35419000086,independent_exact_code_and_own_name_source_row; county=Ялтинский городской совет; tsv_line=159629,tochno_2021_dadata_raw_parquet_point,"parquet_row_1based=50556;latitude_dadata,longitude_dadata",44.4055833,34.0076742
2021:data_allsettlements_anon_156_v20251217.parquet:parquet:50272,Q4323138,Новоандреевка,село,крым,Симферопольский муниципальный район,2781.0,35647446101,35247000196,independent_exact_code_and_own_name_source_row; county=Новоандреевское сельское поселение; tsv_line=5890,tochno_2021_dadata_raw_parquet_point,"parquet_row_1based=50272;latitude_dadata,longitude_dadata",45.1987367,34.0920612
2021:data_allsettlements_anon_156_v20251217.parquet:parquet:50235,Q4187280,Заречное,село,крым,Симферопольский муниципальный район,2730.0,35647413111,35247000093,independent_exact_code_and_own_name_source_row; county=Добровский сельский совет; tsv_line=211688,tochno_2021_dadata_raw_parquet_point,"parquet_row_1based=50235;latitude_dadata,longitude_dadata",44.8569938,34.2704711
2021:data_allsettlements_anon_156_v20251217.parquet:parquet:59268,Q4426642,Солидарность,посёлок,липецкая,Елецкий муниципальный район,2719.0,42621404101,42221804001,independent_exact_code_and_own_name_source_row; county=Архангельский сельсовет; tsv_line=86420,tochno_2021_dadata_raw_parquet_point,"parquet_row_1based=59268;latitude_dadata,longitude_dadata",52.5946893,38.5738143
2021:data_allsettlements_anon_156_v20251217.parquet:parquet:50504,Q4303312,Морское,село,крым,Городской округ Судак,2718.0,35723000146,35416000033,independent_exact_code_and_own_name_source_row; county=Городской округ Судак; tsv_line=57774,tochno_2021_dadata_raw_parquet_point,"parquet_row_1based=50504;latitude_dadata,longitude_dadata",44.8284267,34.8037997
2021:data_allsettlements_anon_156_v20251217.parquet:parquet:161567,Q4496565,Хаттуни,село,чеченская,Веденский муниципальный район,2700.0,96604443101,96204000045,independent_exact_code_and_own_name_source_row; county=Хаттунинское сельское поселение; tsv_line=151559,tochno_2021_dadata_raw_parquet_point,"parquet_row_1based=161567;latitude_dadata,longitude_dadata",42.9798034,45.935942
2021:data_allsettlements_anon_156_v20251217.parquet:parquet:49629,Q474871,Золотое Поле,село,крым,Кировский муниципальный район,2682.0,35616422101,35216000039,independent_exact_code_and_own_name_source_row; county=Золотополенское сельское поселение; tsv_line=219257,tochno_2021_dadata_raw_parquet_point,"parquet_row_1based=49629;latitude_dadata,longitude_dadata",45.1223024,34.9864979
2021:data_allsettlements_anon_156_v20251217.parquet:parquet:50500,Q4155446,Дачное,село,крым,Городской округ Судак,2675.0,35723000126,35416000019,independent_exact_code_and_own_name_source_row; county=Городской округ Судак; tsv_line=57770,tochno_2021_dadata_raw_parquet_point,"parquet_row_1based=50500;latitude_dadata,longitude_dadata",44.8872706,34.9924112
2021:data_allsettlements_anon_156_v20251217.parquet:parquet:49269,Q2011781,Куйбышево,пгт,крым,Бахчисарайский муниципальный район,2652.0,35604401101,35204000007,independent_exact_code_and_own_name_source_row; county=Куйбышевское сельское поселение; tsv_line=49000,tochno_2021_dadata_raw_parquet_point,"parquet_row_1based=49269;latitude_dadata,longitude_dadata",44.6292675,33.8651685
2021:data_allsettlements_anon_156_v20251217.parquet:parquet:50311,Q4421780,Скворцово,село,крым,Симферопольский муниципальный район,2652.0,35647464101,35247000273,independent_exact_code_and_own_name_source_row; county=Скворцовское сельское поселение; tsv_line=6438,tochno_2021_dadata_raw_parquet_point,"parquet_row_1based=50311;latitude_dadata,longitude_dadata",45.0749101,33.8205129
2021:data_allsettlements_anon_156_v20251217.parquet:parquet:116667,Q108785158,Шиханы-2,посёлок,саратовская,Вольский муниципальный район,2651.0,63611101111,63448000000,accepted_own_point_QID_locator,wikidata_P625_point_claim,"{""line_number"": 6992, ""locator"": ""batch_0003.jsonl.gz#line=6992"", ""retrieved_at_utc"": ""2026-08-31T20:57:11.542371+00:00"", ""source_file"": ""batch_0003.jsonl.gz"", ""value_raw"": ""POINT(47.158890 52.102500)""}",52.1025,47.15889
2021:data_allsettlements_anon_156_v20251217.parquet:parquet:57656,Q4184710,Заклинье,деревня,ленинградская,Лужский муниципальный район,2635.0,41633436101,41233000057,accepted_own_point_QID_locator,wikidata_P625_point_claim,"{""line_number"": 9666, ""locator"": ""batch_0115.jsonl.gz#line=9666"", ""retrieved_at_utc"": ""2026-08-31T20:59:31.580686+00:00"", ""source_file"": ""batch_0115.jsonl.gz"", ""value_raw"": ""POINT(29.898611 58.725833)""}",58.725833,29.898611
2021:data_allsettlements_anon_156_v20251217.parquet:parquet:17058,Q4200189,Имени Жданова,село,дагестан,Кизлярский муниципальный район,2625.0,82627455101,82227855001,independent_exact_code_and_own_name_source_row; county=Сельсовет «Красноармейский»; tsv_line=311769,tochno_2021_dadata_raw_parquet_point,"parquet_row_1based=17058;latitude_dadata,longitude_dadata",43.855069,46.6931484
2021:data_allsettlements_anon_156_v20251217.parquet:parquet:46853,Q4349337,Первомайский,посёлок,краснодарский,Городской округ город Горячий Ключ,2617.0,3709000186,03409828001,independent_exact_code_and_own_name_source_row; county=муниципальный округ Горячий Ключ; tsv_line=262290,exact_row_current_FIAS_level6_locality,parquet row 1-based=46853; raw row sha256=483b0d54ff430855fa3d9a69dbbb32e673fd93830ac62bb35529235fa44812ef,44.6916356,39.30621
2021:data_allsettlements_anon_156_v20251217.parquet:parquet:50429,Q4325368,Новосельское,село,крым,Черноморский муниципальный район,2594.0,35656460101,35256000089,independent_exact_code_and_own_name_source_row; county=Республика Крым; tsv_line=27557,tochno_2021_dadata_raw_parquet_point,"parquet_row_1based=50429;latitude_dadata,longitude_dadata",45.5064706,32.7197825
2021:data_allsettlements_anon_156_v20251217.parquet:parquet:18503,Q4450385,Талги,село,дагестан,Городской округ город Махачкала,2592.0,82701365106,82401365000,accepted_own_point_QID_locator,wikidata_P625_point_claim,"{""line_number"": 10707, ""locator"": ""batch_0133.jsonl.gz#line=10707"", ""retrieved_at_utc"": ""2026-08-31T20:59:54.634517+00:00"", ""source_file"": ""batch_0133.jsonl.gz"", ""value_raw"": ""POINT(47.458611 42.865556)""}",42.865556,47.458611
2021:data_allsettlements_anon_156_v20251217.parquet:parquet:50220,Q2393885,Николаевка,пгт,крым,Симферопольский муниципальный район,2582.0,35647405101,35247000016,independent_exact_code_and_own_name_source_row; county=Николаевское сельское поселение; tsv_line=266276,tochno_2021_dadata_raw_parquet_point,"parquet_row_1based=50220;latitude_dadata,longitude_dadata",44.9688307,33.6093708
2021:data_allsettlements_anon_156_v20251217.parquet:parquet:162046,Q4440750,Старо-Щедринская,станица,чеченская,Шелковский муниципальный район,2567.0,96640427101,96240000020,independent_exact_code_and_own_name_source_row; county=Старо-Щедринское сельское поселение; tsv_line=153302,tochno_2021_dadata_raw_parquet_point,"parquet_row_1based=162046;latitude_dadata,longitude_dadata",43.467775,46.1055442
2021:data_allsettlements_anon_156_v20251217.parquet:parquet:50262,Q4274458,Мазанка,село,крым,Симферопольский муниципальный район,2566.0,35647433101,35247000173,independent_exact_code_and_own_name_source_row; county=Мазанское сельское поселение; tsv_line=244437,tochno_2021_dadata_raw_parquet_point,"parquet_row_1based=50262;latitude_dadata,longitude_dadata",45.0040054,34.2553029
2021:data_allsettlements_anon_156_v20251217.parquet:parquet:50514,Q1010485,Орджоникидзе,пгт,крым,Городской округ Феодосия,2562.0,35726000107,35417000007,independent_exact_code_and_own_name_source_row; county=Феодосия (городской округ); tsv_line=58993,tochno_2021_dadata_raw_parquet_point,"parquet_row_1based=50514;latitude_dadata,longitude_dadata",44.9637332,35.3578843
2021:data_allsettlements_anon_156_v20251217.parquet:parquet:49753,Q4385877,Пятихатка,село,крым,Красногвардейский муниципальный район,2555.0,35620456101,35220000223,independent_exact_code_and_own_name_source_row; county=Пятихатское сельское поселение; tsv_line=288996,tochno_2021_dadata_raw_parquet_point,"parquet_row_1based=49753;latitude_dadata,longitude_dadata",45.3274312,34.268311
2021:data_allsettlements_anon_156_v20251217.parquet:parquet:144093,Q1050282,Красная Башкирия,село,башкортостан,Абзелиловский муниципальный район,2553.0,80601428101,80201828001,independent_exact_code_and_own_name_source_row; county=Краснобашкирский сельсовет; tsv_line=234110,tochno_2021_dadata_raw_parquet_point,"parquet_row_1based=144093;latitude_dadata,longitude_dadata",53.3856986,58.8433067
2021:data_allsettlements_anon_156_v20251217.parquet:parquet:50451,Q4198716,Изобильное,село,крым,Городской округ Алушта,2494.0,35703000106,35403000043,independent_exact_code_and_own_name_source_row; county=Алушта (муниципальный округ); tsv_line=51138,tochno_2021_dadata_raw_parquet_point,"parquet_row_1based=50451;latitude_dadata,longitude_dadata",44.701639,34.3543416
2021:data_allsettlements_anon_156_v20251217.parquet:parquet:50550,Q2368326,Никита,пгт,крым,Городской округ Ялта,2494.0,35729000140,35419000066,independent_exact_code_and_own_name_source_row; county=Ялтинский городской совет; tsv_line=159611,tochno_2021_dadata_raw_parquet_point,"parquet_row_1based=50550;latitude_dadata,longitude_dadata",44.5112373,34.2404339
2021:data_allsettlements_anon_156_v20251217.parquet:parquet:49675,Q3920921,Амурское,село,крым,Красногвардейский муниципальный район,2462.0,35620406101,35220000016,independent_exact_code_and_own_name_source_row; county=Амурское сельское поселение; tsv_line=3978,tochno_2021_dadata_raw_parquet_point,"parquet_row_1based=49675;latitude_dadata,longitude_dadata",45.2783225,34.1292183
2021:data_allsettlements_anon_156_v20251217.parquet:parquet:49932,Q4179237,Желябовка,село,крым,Нижнегорский муниципальный район,2453.0,35631412101,35231000029,independent_exact_code_and_own_name_source_row; county=Желябовское сельское поселение; tsv_line=353123,tochno_2021_dadata_raw_parquet_point,"parquet_row_1based=49932;latitude_dadata,longitude_dadata",45.3991874,34.7565733
2021:data_allsettlements_anon_156_v20251217.parquet:parquet:50168,Q1943705,Молочное,село,крым,Сакский муниципальный район,2452.0,35643447101,35243000149,independent_exact_code_and_own_name_source_row; county=Молочненское сельское поселение; tsv_line=250848,tochno_2021_dadata_raw_parquet_point,"parquet_row_1based=50168;latitude_dadata,longitude_dadata",45.1972066,33.2247271
2021:data_allsettlements_anon_156_v20251217.parquet:parquet:118407,Q4297737,Михайловский,посёлок,саратовская,Городской округ поселок Михайловский,2439.0,63760000101,63000000001,accepted_own_point_QID_locator,wikidata_P625_point_claim,"{""line_number"": 10296, ""locator"": ""batch_0123.jsonl.gz#line=10296"", ""retrieved_at_utc"": ""2026-08-31T20:59:41.672160+00:00"", ""source_file"": ""batch_0123.jsonl.gz"", ""value_raw"": ""POINT(48.593022 51.766808)""}",51.766808,48.593022
2021:data_allsettlements_anon_156_v20251217.parquet:parquet:49724,Q4283608,Марьяновка,село,крым,Красногвардейский муниципальный район,2409.0,35620436101,35220000126,independent_exact_code_and_own_name_source_row; county=Марьяновское сельское поселение; tsv_line=5610,tochno_2021_dadata_raw_parquet_point,"parquet_row_1based=49724;latitude_dadata,longitude_dadata",45.4486083,34.2930876
2021:data_allsettlements_anon_156_v20251217.parquet:parquet:49343,Q4499188,Холмовка,село,крым,Бахчисарайский муниципальный район,2405.0,35604439116,35204000273,independent_exact_code_and_own_name_source_row; county=Республика Крым; tsv_line=27671,tochno_2021_dadata_raw_parquet_point,"parquet_row_1based=49343;latitude_dadata,longitude_dadata",44.6569974,33.7536939
2021:data_allsettlements_anon_156_v20251217.parquet:parquet:49852,Q4144642,Горностаевка,село,крым,Ленинский муниципальный район,2401.0,35627424101,35227000046,independent_exact_code_and_own_name_source_row; county=Горностаевское сельское поселение; tsv_line=4633,tochno_2021_dadata_raw_parquet_point,"parquet_row_1based=49852;latitude_dadata,longitude_dadata",45.2778084,36.1861322
2021:data_allsettlements_anon_156_v20251217.parquet:parquet:127660,Q4131248,Гавриловка 2-я,село,тамбовская,Гавриловский муниципальный район,2391.0,68603410101,68203000001,independent_exact_code_and_own_name_source_row; county=Гавриловский 2-й сельсовет; tsv_line=147614,exact_row_current_FIAS_level6_locality,parquet row 1-based=127660; raw row sha256=581998918c02832c2c114580aa0b8137ebe0d5eab5c3feea649746210d19c4e2,52.878077,42.7614898
2021:data_allsettlements_anon_156_v20251217.parquet:parquet:146743,Q1064416,Нижнеяркеево,село,башкортостан,Илишевский муниципальный район,2387.0,80630478106,80230878004,independent_exact_code_and_own_name_source_row; county=Юнновский сельсовет; tsv_line=341511,tochno_2021_dadata_raw_parquet_point,"parquet_row_1based=146743;latitude_dadata,longitude_dadata",55.4628824,54.3287916
2021:data_allsettlements_anon_156_v20251217.parquet:parquet:183,Q4326558,Новый,посёлок,адыгея,Тахтамукайский муниципальный район,2385.0,79630159106,79230000012,independent_exact_code_and_own_name_source_row; county=Тахтамукайский район; tsv_line=157161,tochno_2021_dadata_raw_parquet_point,"parquet_row_1based=183;latitude_dadata,longitude_dadata",45.0054725,38.9766501
2021:data_allsettlements_anon_156_v20251217.parquet:parquet:50519,Q3920757,Береговое,село,крым,Городской округ Феодосия,2384.0,35726000116,35417000016,independent_exact_code_and_own_name_source_row; county=Феодосийский городской совет; tsv_line=131819,tochno_2021_dadata_raw_parquet_point,"parquet_row_1based=50519;latitude_dadata,longitude_dadata",45.0938884,35.4347294
2021:data_allsettlements_anon_156_v20251217.parquet:parquet:97654,Q4307025,Мулянка,посёлок,пермский,Пермский муниципальный район,2377.0,57646419138,57246000222,independent_exact_code_and_own_name_source_row; county=Лобановское сельское поселение; tsv_line=81892,geonames_ru_txt_named_place_point,RU.txt:line=143477;geonameid=824095,57.8018,56.3798
2021:data_allsettlements_anon_156_v20251217.parquet:parquet:27481,Q4126027,Ворсино,село,калужская,"Муниципальный район ""Боровский район""",2365.0,29606416101,29206000096,independent_exact_code_and_own_name_source_row; county=Сельское поселение «Село Ворсино»; tsv_line=295543,tochno_2021_dadata_raw_parquet_point,"parquet_row_1based=27481;latitude_dadata,longitude_dadata",55.225355,36.6440228
2021:data_allsettlements_anon_156_v20251217.parquet:parquet:50151,Q4242971,Крымское,село,крым,Сакский муниципальный район,2361.0,35643434101,35243000119,independent_exact_code_and_own_name_source_row; county=Крымское сельское поселение; tsv_line=237160,tochno_2021_dadata_raw_parquet_point,"parquet_row_1based=50151;latitude_dadata,longitude_dadata",45.1873113,33.8004054
2021:data_allsettlements_anon_156_v20251217.parquet:parquet:50278,Q4349513,Первомайское,село,крым,Симферопольский муниципальный район,2350.0,35647450101,35247000226,independent_exact_code_and_own_name_source_row; county=Первомайское сельское поселение; tsv_line=6048,tochno_2021_dadata_raw_parquet_point,"parquet_row_1based=50278;latitude_dadata,longitude_dadata",45.109746,34.0661264
2021:data_allsettlements_anon_156_v20251217.parquet:parquet:70212,Q18804755,Успенский,посёлок,московская,Городской округ Серебряные Пруды,2350.0,46772000481,46472000381,accepted_own_point_QID_locator,wikidata_P625_point_claim,"{""line_number"": 6910, ""locator"": ""batch_0046.jsonl.gz#line=6910"", ""retrieved_at_utc"": ""2026-08-31T20:58:00.864070+00:00"", ""source_file"": ""batch_0046.jsonl.gz"", ""value_raw"": ""POINT(38.708060 54.433236)""}",54.433236,38.70806
2021:data_allsettlements_anon_156_v20251217.parquet:parquet:18084,Q4325560,Новососитли,село,дагестан,Хасавюртовский муниципальный район,2345.0,82654457101,82254000015,independent_exact_code_and_own_name_source_row; county=Хасавюртовский район; tsv_line=9843,tochno_2021_dadata_raw_parquet_point,"parquet_row_1based=18084;latitude_dadata,longitude_dadata",43.3852582,46.5850571
2021:data_allsettlements_anon_156_v20251217.parquet:parquet:50458,Q3849361,Малый Маяк,село,крым,Городской округ Алушта,2340.0,35703000141,35403000063,independent_exact_code_and_own_name_source_row; county=Маломаякский сельский совет; tsv_line=17855,tochno_2021_dadata_raw_parquet_point,"parquet_row_1based=50458;latitude_dadata,longitude_dadata",44.6120055,34.3615215
2021:data_allsettlements_anon_156_v20251217.parquet:parquet:161633,Q4086783,Бильтой-Юрт,село,чеченская,Гудермесский муниципальный район,2327.0,96610403101,96210000003,independent_exact_code_and_own_name_source_row; county=Бильтой-Юртовское сельское поселение; tsv_line=151847,tochno_2021_dadata_raw_parquet_point,"parquet_row_1based=161633;latitude_dadata,longitude_dadata",43.2702111,46.2742861
2021:data_allsettlements_anon_156_v20251217.parquet:parquet:33328,Q4070348,Артышта,посёлок,кемеровская,Краснобродский городской округ,2315.0,32751000106,32222824006,independent_exact_code_and_own_name_source_row; county=Краснобродский городской округ; tsv_line=100466,exact_row_current_FIAS_level6_locality,parquet row 1-based=33328; raw row sha256=00004d57ba692d63755eb7b3da7dd48c717a88b4a815daac7147e6cbbb22c235,54.1179249,86.2727199
2021:data_allsettlements_anon_156_v20251217.parquet:parquet:55357,Q4532495,Эркен-Юрт,аул,карачаево черкесская,Ногайский муниципальный район,2305.0,91623418101,91223000008,independent_exact_code_and_own_name_source_row; county=Эркен-Юртское сельское поселение; tsv_line=340997,tochno_2021_dadata_raw_parquet_point,"parquet_row_1based=55357;latitude_dadata,longitude_dadata",44.4477433,41.9152497
2021:data_allsettlements_anon_156_v20251217.parquet:parquet:49861,Q4209802,Калиновка,село,крым,Ленинский муниципальный район,2297.0,35627436101,35227000076,independent_exact_code_and_own_name_source_row; county=Калиновское сельское поселение; tsv_line=4926,tochno_2021_dadata_raw_parquet_point,"parquet_row_1based=49861;latitude_dadata,longitude_dadata",45.3214516,35.7464459
2021:data_allsettlements_anon_156_v20251217.parquet:parquet:50497,Q4150885,Грушевка,село,крым,Городской округ Судак,2266.0,35723000111,35416000016,independent_exact_code_and_own_name_source_row; county=Городской округ Судак; tsv_line=57769,tochno_2021_dadata_raw_parquet_point,"parquet_row_1based=50497;latitude_dadata,longitude_dadata",45.020959,34.973354
2021:data_allsettlements_anon_156_v20251217.parquet:parquet:49765,Q4538259,Янтарное,село,крым,Красногвардейский муниципальный район,2262.0,35620487101,35220000273,independent_exact_code_and_own_name_source_row; county=Янтарненское сельское поселение; tsv_line=342909,tochno_2021_dadata_raw_parquet_point,"parquet_row_1based=49765;latitude_dadata,longitude_dadata",45.4349969,34.2208349
2021:data_allsettlements_anon_156_v20251217.parquet:parquet:69300,Q4300804,Молодёжный,посёлок,московская,Городской округ Подольск,2252.0,46760000426,46460000211,independent_exact_code_and_own_name_source_row; county=Городской округ Подольск; tsv_line=122624,tochno_2021_dadata_raw_parquet_point,"parquet_row_1based=69300;latitude_dadata,longitude_dadata",55.326509,37.489064
2021:data_allsettlements_anon_156_v20251217.parquet:parquet:124329,Q4520841,Шаталово-1,посёлок,смоленская,Починковский муниципальный район,2251.0,66633495151,66233000229,accepted_own_point_QID_locator,wikidata_P625_point_claim,"{""line_number"": 10106, ""locator"": ""batch_0137.jsonl.gz#line=10106"", ""retrieved_at_utc"": ""2026-08-31T20:59:59.608208+00:00"", ""source_file"": ""batch_0137.jsonl.gz"", ""value_raw"": ""POINT(32.465833 54.333056)""}",54.333056,32.465833
2021:data_allsettlements_anon_156_v20251217.parquet:parquet:116665,Q97166096,Клены,пгт,саратовская,Вольский муниципальный район,2238.0,63611101056,,accepted_own_point_QID_locator,wikidata_P625_point_claim,"{""line_number"": 10120, ""locator"": ""batch_0140.jsonl.gz#line=10120"", ""retrieved_at_utc"": ""2026-08-31T21:00:03.422637+00:00"", ""source_file"": ""batch_0140.jsonl.gz"", ""value_raw"": ""POINT(47.478611 52.078056)""}",52.078056,47.478611
2021:data_allsettlements_anon_156_v20251217.parquet:parquet:130100,Q18776611,железнодорожной станции Калейкино,посёлок,татарстан,Альметьевский муниципальный район,2216.0,92608441101,92208000042,accepted_own_point_QID_locator,wikidata_P625_point_claim,"{""line_number"": 7081, ""locator"": ""batch_0033.jsonl.gz#line=7081"", ""retrieved_at_utc"": ""2026-08-31T20:57:48.066504+00:00"", ""source_file"": ""batch_0033.jsonl.gz"", ""value_raw"": ""POINT(52.143610 54.916940)""}",54.91694,52.14361
2021:data_allsettlements_anon_156_v20251217.parquet:parquet:41120,Q4378083,Пригородный,посёлок,алтайский,Городской округ город Барнаул,2213.0,1701000201,01401916005,independent_exact_code_and_own_name_source_row; county=город Барнаул; tsv_line=169718,tochno_2021_dadata_raw_parquet_point,"parquet_row_1based=41120;latitude_dadata,longitude_dadata",53.3021023,83.6041575
2021:data_allsettlements_anon_156_v20251217.parquet:parquet:50128,Q4137480,Геройское,село,крым,Сакский муниципальный район,2210.0,35643416101,35243000053,independent_exact_code_and_own_name_source_row; county=Геройское сельское поселение; tsv_line=201019,tochno_2021_dadata_raw_parquet_point,"parquet_row_1based=50128;latitude_dadata,longitude_dadata",45.1380201,33.7465706
2021:data_allsettlements_anon_156_v20251217.parquet:parquet:158773,Q39989447,Белый Ключ,село,ульяновская,"Городской округ ""Город Ульяновск""",2208.0,73701000116,73401365003,independent_exact_code_and_own_name_source_row; county=Городской округ Ульяновск; tsv_line=207361,tochno_2021_dadata_raw_parquet_point,"parquet_row_1based=158773;latitude_dadata,longitude_dadata",54.2210608,48.2949081
2021:data_allsettlements_anon_156_v20251217.parquet:parquet:49538,Q4163133,Днепровка,село,крым,Джанкойский муниципальный район,2188.0,35611436106,35211000066,independent_exact_code_and_own_name_source_row; county=Мирновское сельское поселение; tsv_line=5672,tochno_2021_dadata_raw_parquet_point,"parquet_row_1based=49538;latitude_dadata,longitude_dadata",45.7164464,34.3649446
2021:data_allsettlements_anon_156_v20251217.parquet:parquet:46730,Q16016961,Октябрьский,хутор,краснодарский,Городской округ город Краснодар,2185.0,3701000191,03401967009,independent_exact_code_and_own_name_source_row; county=муниципальное образование город Краснодар; tsv_line=262238,tochno_2021_dadata_raw_parquet_point,"parquet_row_1based=46730;latitude_dadata,longitude_dadata",45.1786582,39.0911209
2021:data_allsettlements_anon_156_v20251217.parquet:parquet:50156,Q4259582,Лесновка,село,крым,Сакский муниципальный район,2184.0,35643439101,35243000126,independent_exact_code_and_own_name_source_row; county=Лесновский сельский совет; tsv_line=241128,tochno_2021_dadata_raw_parquet_point,"parquet_row_1based=50156;latitude_dadata,longitude_dadata",45.150168,33.6102687
2021:data_allsettlements_anon_156_v20251217.parquet:parquet:50140,Q799983,Ивановка,село,крым,Сакский муниципальный район,2173.0,35643422101,35243000086,independent_exact_code_and_own_name_source_row; county=Ивановский сельский совет; tsv_line=220014,tochno_2021_dadata_raw_parquet_point,"parquet_row_1based=50140;latitude_dadata,longitude_dadata",45.0699588,33.6609789
2021:data_allsettlements_anon_156_v20251217.parquet:parquet:49964,Q4297582,Михайловка,село,крым,Нижнегорский муниципальный район,2170.0,35631434101,35231000103,independent_exact_code_and_own_name_source_row; county=Михайловское сельское поселение; tsv_line=352040,tochno_2021_dadata_raw_parquet_point,"parquet_row_1based=49964;latitude_dadata,longitude_dadata",45.5266329,34.6390209
2021:data_allsettlements_anon_156_v20251217.parquet:parquet:50284,Q4169257,Дубки,село,крым,Симферопольский муниципальный район,2168.0,35647454111,35247000079,independent_exact_code_and_own_name_source_row; county=Перовское сельское поселение; tsv_line=170603,tochno_2021_dadata_raw_parquet_point,"parquet_row_1based=50284;latitude_dadata,longitude_dadata",44.9374449,34.0243232
2021:data_allsettlements_anon_156_v20251217.parquet:parquet:49482,Q4182984,Завет-Ленинский,село,крым,Джанкойский муниципальный район,2164.0,35611408101,35211000076,independent_exact_code_and_own_name_source_row; county=Завет-Ленинское сельское поселение; tsv_line=4774,tochno_2021_dadata_raw_parquet_point,"parquet_row_1based=49482;latitude_dadata,longitude_dadata",45.8640002,34.3892438
2021:data_allsettlements_anon_156_v20251217.parquet:parquet:50246,Q4166375,Донское,село,крым,Симферопольский муниципальный район,2160.0,35647419101,35247000073,independent_exact_code_and_own_name_source_row; county=Донское сельское поселение; tsv_line=4737,tochno_2021_dadata_raw_parquet_point,"parquet_row_1based=50246;latitude_dadata,longitude_dadata",45.042166,34.2155584
2021:data_allsettlements_anon_156_v20251217.parquet:parquet:150453,Q4070636,Архангельское,село,тульская,Каменский муниципальный район,2155.0,70624405101,70224805001,independent_exact_code_and_own_name_source_row; county=Архангельское сельское поселение; tsv_line=132890,tochno_2021_dadata_raw_parquet_point,"parquet_row_1based=150453;latitude_dadata,longitude_dadata",53.2639013,37.7001815
2021:data_allsettlements_anon_156_v20251217.parquet:parquet:152434,Q23976561,Обидимо,посёлок,тульская,Городской округ город Тула,2154.0,70701000313,70401368000,accepted_own_point_QID_locator,wikidata_P625_point_claim,"{""line_number"": 7234, ""locator"": ""batch_0090.jsonl.gz#line=7234"", ""retrieved_at_utc"": ""2026-08-31T20:58:55.803286+00:00"", ""source_file"": ""batch_0090.jsonl.gz"", ""value_raw"": ""POINT(37.405000 54.304000)""}",54.304,37.405
2021:data_allsettlements_anon_156_v20251217.parquet:parquet:68092,Q18796287,Пирогово,деревня,московская,Городской округ Мытищи,2146.0,46746000351,46446000251,independent_exact_code_and_own_name_source_row; county=Городской округ Мытищи; tsv_line=162309,tochno_2021_dadata_raw_parquet_point,"parquet_row_1based=68092;latitude_dadata,longitude_dadata",55.9786997,37.7297492
2021:data_allsettlements_anon_156_v20251217.parquet:parquet:18209,Q4147134,Гоцатль Большой,село,дагестан,Хунзахский муниципальный район,2145.0,82656435101,82256835001,independent_exact_code_and_own_name_source_row; county=Сельсовет Гоцатлинский; tsv_line=165713,tochno_2021_dadata_raw_parquet_point,"parquet_row_1based=18209;latitude_dadata,longitude_dadata",42.5185738,46.8833034
2021:data_allsettlements_anon_156_v20251217.parquet:parquet:139292,Q4332016,Озерки,посёлок,тверская,Конаковский муниципальный район,2131.0,28630155106,28230555002,accepted_own_point_QID_locator,wikidata_P625_point_claim,"{""line_number"": 9941, ""locator"": ""batch_0126.jsonl.gz#line=9941"", ""retrieved_at_utc"": ""2026-08-31T20:59:45.330221+00:00"", ""source_file"": ""batch_0126.jsonl.gz"", ""value_raw"": ""POINT(36.216389 56.645833)""}",56.645833,36.216389
2021:data_allsettlements_anon_156_v20251217.parquet:parquet:49529,Q4284054,Маслово,село,крым,Джанкойский муниципальный район,2129.0,35611429101,35211000146,independent_exact_code_and_own_name_source_row; county=Масловское сельское поселение; tsv_line=5632,tochno_2021_dadata_raw_parquet_point,"parquet_row_1based=49529;latitude_dadata,longitude_dadata",45.7924044,34.3658883
2021:data_allsettlements_anon_156_v20251217.parquet:parquet:50405,Q4221736,Кировское,село,крым,Черноморский муниципальный район,2116.0,35656422101,35256000053,independent_exact_code_and_own_name_source_row; county=Республика Крым; tsv_line=27489,tochno_2021_dadata_raw_parquet_point,"parquet_row_1based=50405;latitude_dadata,longitude_dadata",45.5460355,33.0771208
2021:data_allsettlements_anon_156_v20251217.parquet:parquet:50269,Q3920915,Белоглинка,село,крым,Симферопольский муниципальный район,2089.0,35647438106,35247000036,independent_exact_code_and_own_name_source_row; county=Мирновское сельское поселение; tsv_line=5682,tochno_2021_dadata_raw_parquet_point,"parquet_row_1based=50269;latitude_dadata,longitude_dadata",45.009088,34.042322
2021:data_allsettlements_anon_156_v20251217.parquet:parquet:115792,Q4061323,Александровка,село,самарская,Ставропольский муниципальный район,2076.0,36640403101,36240803001,independent_exact_code_and_own_name_source_row; county=Сельское поселение Александровка; tsv_line=296058,tochno_2021_dadata_raw_parquet_point,"parquet_row_1based=115792;latitude_dadata,longitude_dadata",53.355388,49.4736261
2021:data_allsettlements_anon_156_v20251217.parquet:parquet:13927,Q4070628,Архангельское,село,воронежская,Аннинский муниципальный район,2069.0,20602412101,20202812001,independent_exact_code_and_own_name_source_row; county=Архангельское сельское поселение; tsv_line=179013,tochno_2021_dadata_raw_parquet_point,"parquet_row_1based=13927;latitude_dadata,longitude_dadata",51.4439386,40.9319969
2021:data_allsettlements_anon_156_v20251217.parquet:parquet:164151,Q21335031,Беломестное,село,белгородская,Белгородский муниципальный район,2055.0,14610404101,14210802001,independent_exact_code_and_own_name_source_row; county=Беломестненское сельское поселение; tsv_line=55385,tochno_2021_dadata_raw_parquet_point,"parquet_row_1based=164151;latitude_dadata,longitude_dadata",50.680231,36.635175
2021:data_allsettlements_anon_156_v20251217.parquet:parquet:49405,Q4190336,Зеленогорское,село,крым,Белогорский муниципальный район,2046.0,35607425101,35207000069,independent_exact_code_and_own_name_source_row; county=Зеленогорское сельское поселение; tsv_line=4816,tochno_2021_dadata_raw_parquet_point,"parquet_row_1based=49405;latitude_dadata,longitude_dadata",45.0095689,34.4659052
2021:data_allsettlements_anon_156_v20251217.parquet:parquet:82221,Q23835766,Безменово,железнодорожный объект,новосибирская,Черепановский муниципальный район,2041.0,50657402101,50257802001,accepted_own_point_QID_locator,wikidata_P625_point_claim,"{""line_number"": 8967, ""locator"": ""batch_0083.jsonl.gz#line=8967"", ""retrieved_at_utc"": ""2026-08-31T20:58:47.662548+00:00"", ""source_file"": ""batch_0083.jsonl.gz"", ""value_raw"": ""POINT(83.377990 54.067850)""}",54.06785,83.37799
2021:data_allsettlements_anon_156_v20251217.parquet:parquet:71278,Q4030494,27 км железной дороги Мончегорск-Оленья,населённый пункт,мурманская,Муниципальный округ город Мончегорск с подведомственной территорией,2036.0,47524000116,47415000005,independent_exact_code_and_own_name_source_row; county=Городской округ город Мончегорск с подведомственной территорией; tsv_line=207429,tochno_2021_dadata_raw_parquet_point,"parquet_row_1based=71278;latitude_dadata,longitude_dadata",67.9725095,32.943084
2021:data_allsettlements_anon_156_v20251217.parquet:parquet:151609,Q23976744,Майский,посёлок,тульская,Узловский муниципальный район,2029.0,70644463221,70244837001,independent_exact_code_and_own_name_source_row; county=Муниципальное образование Каменецкое; tsv_line=134730,tochno_2021_dadata_raw_parquet_point,"parquet_row_1based=151609;latitude_dadata,longitude_dadata",53.9629329,38.2126039
2021:data_allsettlements_anon_156_v20251217.parquet:parquet:49472,Q2079708,Вольное,пгт,крым,Джанкойский муниципальный район,2012.0,35611404101,35211000019,independent_exact_code_and_own_name_source_row; county=Вольновское сельское поселение; tsv_line=196859,tochno_2021_dadata_raw_parquet_point,"parquet_row_1based=49472;latitude_dadata,longitude_dadata",45.5645631,34.3023726
2021:data_allsettlements_anon_156_v20251217.parquet:parquet:167108,Q4449171,Табага,село,саха якутия,Городской округ Город Якутск,2006.0,98701000116,98401000004,independent_exact_code_and_own_name_source_row; county=Городской округ «Город Якутск»; tsv_line=63043,tochno_2021_dadata_raw_parquet_point,"parquet_row_1based=167108;latitude_dadata,longitude_dadata",61.8570292,129.6013489
2021:data_allsettlements_anon_156_v20251217.parquet:parquet:152169,Q23954211,Социалистический,посёлок,тульская,Щекинский муниципальный район,2005.0,70648458136,70248842002,independent_exact_code_and_own_name_source_row; county=Муниципальное образование Ломинцевское; tsv_line=115484,tochno_2021_dadata_raw_parquet_point,"parquet_row_1based=152169;latitude_dadata,longitude_dadata",53.9725185,37.6132225
2021:data_allsettlements_anon_156_v20251217.parquet:parquet:95755,Q1710049,Краснояр-I,село,пермский,Бардымский муниципальный округ,1998.0,57503000146,57204000050,independent_exact_code_and_own_name_source_row; county=Красноярское сельское поселение; tsv_line=236361,tochno_2021_dadata_raw_parquet_point,"parquet_row_1based=95755;latitude_dadata,longitude_dadata",56.8859781,55.6023563
2021:data_allsettlements_anon_156_v20251217.parquet:parquet:16748,Q4068378,Араблинское,село,дагестан,Дербентский муниципальный район,1995.0,82620403101,82220000003,independent_exact_code_and_own_name_source_row; county=Село Араблинское; tsv_line=111219,tochno_2021_dadata_raw_parquet_point,"parquet_row_1based=16748;latitude_dadata,longitude_dadata",41.9659622,48.3304156
2021:data_allsettlements_anon_156_v20251217.parquet:parquet:50014,Q4149911,Гришино,село,крым,Первомайский муниципальный район,1993.0,35635413101,35235000026,independent_exact_code_and_own_name_source_row; county=Курманский район; tsv_line=7403,tochno_2021_dadata_raw_parquet_point,"parquet_row_1based=50014;latitude_dadata,longitude_dadata",45.642928,33.8316884
2021:data_allsettlements_anon_156_v20251217.parquet:parquet:161594,Q4199668,Ильиновская,станица,чеченская,Грозненский муниципальный район,1988.0,96607416101,96207000006,independent_exact_code_and_own_name_source_row; county=Ильиновское сельское поселение; tsv_line=151763,tochno_2021_dadata_raw_parquet_point,"parquet_row_1based=161594;latitude_dadata,longitude_dadata",43.3644924,45.9473464
2021:data_allsettlements_anon_156_v20251217.parquet:parquet:39852,Q24728571,Ракиты,село,алтайский,Михайловский муниципальный район,1985.0,1627444101,01227844001,independent_exact_code_and_own_name_source_row; county=Ракитовский сельсовет; tsv_line=289366,tochno_2021_dadata_raw_parquet_point,"parquet_row_1based=39852;latitude_dadata,longitude_dadata",51.8458352,79.8844642
2021:data_allsettlements_anon_156_v20251217.parquet:parquet:50552,Q1437932,Форос,пгт,крым,Городской округ Ялта,1984.0,35729000142,35419000093,independent_exact_code_and_own_name_source_row; county=Форосский поселковый совет; tsv_line=6926,tochno_2021_dadata_raw_parquet_point,"parquet_row_1based=50552;latitude_dadata,longitude_dadata",44.3918466,33.7873765
2021:data_allsettlements_anon_156_v20251217.parquet:parquet:49489,Q4187261,Заречное,село,крым,Джанкойский муниципальный район,1978.0,35611413101,35211000079,independent_exact_code_and_own_name_source_row; county=Заречненское сельское поселение; tsv_line=4796,tochno_2021_dadata_raw_parquet_point,"parquet_row_1based=49489;latitude_dadata,longitude_dadata",45.7385783,34.4810019
2021:data_allsettlements_anon_156_v20251217.parquet:parquet:49749,Q4370781,Полтавка,село,крым,Красногвардейский муниципальный район,1970.0,35620453101,35220000209,independent_exact_code_and_own_name_source_row; county=Полтавское сельское поселение; tsv_line=6140,tochno_2021_dadata_raw_parquet_point,"parquet_row_1based=49749;latitude_dadata,longitude_dadata",45.3494222,34.1873257
2021:data_allsettlements_anon_156_v20251217.parquet:parquet:50294,Q4345910,Партизанское,село,крым,Симферопольский муниципальный район,1967.0,35647454161,35247000223,independent_exact_code_and_own_name_source_row; county=Перовское сельское поселение; tsv_line=170620,tochno_2021_dadata_raw_parquet_point,"parquet_row_1based=50294;latitude_dadata,longitude_dadata",44.8337234,34.083749
2021:data_allsettlements_anon_156_v20251217.parquet:parquet:86831,Q990953,Двинской,посёлок,архангельская,Верхнетоемский муниципальный округ,1956.0,11508000890,11208822001,independent_exact_code_and_own_name_source_row; county=Сельское поселение «Двинское»; tsv_line=253404,tochno_2021_dadata_raw_parquet_point,"parquet_row_1based=86831;latitude_dadata,longitude_dadata",62.1547956,45.1178655
2021:data_allsettlements_anon_156_v20251217.parquet:parquet:155014,Q4215124,Каркатеевы,посёлок,ханты мансийский югра,Нефтеюганский муниципальный район,1940.0,71818401101,71118000002,independent_exact_code_and_own_name_source_row; county=Сельское поселение Каркатеевы; tsv_line=102139,tochno_2021_dadata_raw_parquet_point,"parquet_row_1based=155014;latitude_dadata,longitude_dadata",60.9702519,72.4575625
2021:data_allsettlements_anon_156_v20251217.parquet:parquet:45573,Q9074815,Саук-Дере,посёлок,краснодарский,Крымский муниципальный район,1936.0,3625419181,03225819002,independent_exact_code_and_own_name_source_row; county=Молдаванское сельское поселение; tsv_line=250624,tochno_2021_dadata_raw_parquet_point,"parquet_row_1based=45573;latitude_dadata,longitude_dadata",44.9034975,37.884816
2021:data_allsettlements_anon_156_v20251217.parquet:parquet:108879,Q4454424,Темерницкий,посёлок,ростовская,Аксайский муниципальный район,1929.0,60602436136,60202867010,independent_exact_code_and_own_name_source_row; county=Щепкинское сельское поселение; tsv_line=340589,tochno_2021_dadata_raw_parquet_point,"parquet_row_1based=108879;latitude_dadata,longitude_dadata",47.3400891,39.7297785
2021:data_allsettlements_anon_156_v20251217.parquet:parquet:50473,Q4377807,Приветное,село,крым,Городской округ Алушта,1929.0,35703000216,35403000073,independent_exact_code_and_own_name_source_row; county=Алуштинский городской совет; tsv_line=166478,tochno_2021_dadata_raw_parquet_point,"parquet_row_1based=50473;latitude_dadata,longitude_dadata",44.8220368,34.6775878
2021:data_allsettlements_anon_156_v20251217.parquet:parquet:50374,Q4382528,Пруды,село,крым,Советский муниципальный район,1924.0,35652466101,35252000089,independent_exact_code_and_own_name_source_row; county=Прудовское сельское поселение; tsv_line=288102,tochno_2021_dadata_raw_parquet_point,"parquet_row_1based=50374;latitude_dadata,longitude_dadata",45.2356259,34.7001007
2021:data_allsettlements_anon_156_v20251217.parquet:parquet:49497,Q4198863,Изумрудное,село,крым,Джанкойский муниципальный район,1919.0,35611415101,35211000089,independent_exact_code_and_own_name_source_row; county=Изумрудновское сельское поселение; tsv_line=3872,tochno_2021_dadata_raw_parquet_point,"parquet_row_1based=49497;latitude_dadata,longitude_dadata",45.7381337,34.4147593
2021:data_allsettlements_anon_156_v20251217.parquet:parquet:50420,Q4288066,Межводное,село,крым,Черноморский муниципальный район,1919.0,35656448101,35256000083,independent_exact_code_and_own_name_source_row; county=Черноморский район; tsv_line=130402,tochno_2021_dadata_raw_parquet_point,"parquet_row_1based=50420;latitude_dadata,longitude_dadata",45.5854767,32.8401049
2021:data_allsettlements_anon_156_v20251217.parquet:parquet:50231,Q4525284,Школьное,посёлок,крым,Симферопольский муниципальный район,1917.0,35647410101,35247000007,independent_exact_code_and_own_name_source_row; county=Школьненское сельское поселение; tsv_line=164878,tochno_2021_dadata_raw_parquet_point,"parquet_row_1based=50231;latitude_dadata,longitude_dadata",45.0579742,33.9028285
2021:data_allsettlements_anon_156_v20251217.parquet:parquet:17339,Q4073351,Ачи-Су,пгт,дагестан,Карабудахкентский муниципальный район,1915.0,82635153051,82235553000,accepted_own_point_QID_locator,wikidata_P625_point_claim,"{""line_number"": 10947, ""locator"": ""batch_0107.jsonl.gz#line=10947"", ""retrieved_at_utc"": ""2026-08-31T20:59:19.331020+00:00"", ""source_file"": ""batch_0107.jsonl.gz"", ""value_raw"": ""POINT(47.679167 42.652778)""}",42.652778,47.679167
2021:data_allsettlements_anon_156_v20251217.parquet:parquet:127789,Q21672390,Первомайское,посёлок,тамбовская,Знаменский муниципальный район,1910.0,68606415116,68206000007,accepted_own_point_QID_locator,wikidata_P625_point_claim,"{""line_number"": 7005, ""locator"": ""batch_0079.jsonl.gz#line=7005"", ""retrieved_at_utc"": ""2026-08-31T20:58:42.605958+00:00"", ""source_file"": ""batch_0079.jsonl.gz"", ""value_raw"": ""POINT(41.467482 52.450354)""}",52.450354,41.467482
2021:data_allsettlements_anon_156_v20251217.parquet:parquet:71420,Q4349211,Первое Мая,пгт,нижегородская,Балахнинский муниципальный округ,1909.0,22505000060,22205560000,independent_exact_code_and_own_name_source_row; county=Рабочий посёлок Малое Козино; tsv_line=107418,exact_row_current_FIAS_level6_locality,parquet row 1-based=71420; raw row sha256=7d1c5502fc0b5d0413656e77f597240eb6226b8c990e7ea190eb38fe025f4830,56.4143428,43.6526666
2021:data_allsettlements_anon_156_v20251217.parquet:parquet:99920,Q20672492,Летно-Хвалынское,село,приморский,Спасский муниципальный район,1906.0,5637443101,05237000041,independent_exact_code_and_own_name_source_row; county=Хвалынское сельское поселение; tsv_line=55993,tochno_2021_dadata_raw_parquet_point,"parquet_row_1based=99920;latitude_dadata,longitude_dadata",44.6001085,132.8914192
2021:data_allsettlements_anon_156_v20251217.parquet:parquet:161592,Q4146304,Горячеисточненская,станица,чеченская,Грозненский муниципальный район,1899.0,96607410101,96207000005,independent_exact_code_and_own_name_source_row; county=Горячеисточненское сельское поселение; tsv_line=151759,tochno_2021_dadata_raw_parquet_point,"parquet_row_1based=161592;latitude_dadata,longitude_dadata",43.4284144,45.7761031
2021:data_allsettlements_anon_156_v20251217.parquet:parquet:164533,Q21334827,Алексеевка,село,белгородская,Корочанский муниципальный район,1899.0,14640404101,14240801001,independent_exact_code_and_own_name_source_row; county=Алексеевское сельское поселение; tsv_line=60256,tochno_2021_dadata_raw_parquet_point,"parquet_row_1based=164533;latitude_dadata,longitude_dadata",50.766435,37.0373995
2021:data_allsettlements_anon_156_v20251217.parquet:parquet:18729,Q84567446,Восточная Амитхаша,село,забайкальский,"Муниципальный район ""Агинский район""",1899.0,76602402106,76202000005,independent_exact_code_and_own_name_source_row; county=Сельское поселение Амитхаша; tsv_line=296324,tochno_2021_dadata_raw_parquet_point,"parquet_row_1based=18729;latitude_dadata,longitude_dadata",51.0984833,114.4964871
2021:data_allsettlements_anon_156_v20251217.parquet:parquet:16932,Q4063173,Алхаджакент,село,дагестан,Каякентский муниципальный район,1897.0,82624405101,82224805001,independent_exact_code_and_own_name_source_row; county=Сельсовет «Алхаджакентский»; tsv_line=311493,tochno_2021_dadata_raw_parquet_point,"parquet_row_1based=16932;latitude_dadata,longitude_dadata",42.3400433,47.79239
2021:data_allsettlements_anon_156_v20251217.parquet:parquet:153084,Q3962739,Славный,пгт,тульская,Городской округ Славный,1894.0,70730000051,70204567000,independent_exact_code_and_own_name_source_row; county=Арсеньевский район; tsv_line=167897,tochno_2021_dadata_raw_parquet_point,"parquet_row_1based=153084;latitude_dadata,longitude_dadata",53.5451293,36.4753529
2021:data_allsettlements_anon_156_v20251217.parquet:parquet:150847,Q16022973,Приупский,посёлок,тульская,Киреевский муниципальный район,1890.0,70628463101,70228872001,independent_exact_code_and_own_name_source_row; county=Приупское сельское поселение; tsv_line=118706,tochno_2021_dadata_raw_parquet_point,"parquet_row_1based=150847;latitude_dadata,longitude_dadata",53.9093301,37.735834
2021:data_allsettlements_anon_156_v20251217.parquet:parquet:49859,Q4199862,Ильичево,село,крым,Ленинский муниципальный район,1886.0,35627432101,35227000073,independent_exact_code_and_own_name_source_row; county=Ильичёвское сельское поселение; tsv_line=3890,tochno_2021_dadata_raw_parquet_point,"parquet_row_1based=49859;latitude_dadata,longitude_dadata",45.2845834,35.7405344
2021:data_allsettlements_anon_156_v20251217.parquet:parquet:50112,Q3920808,Вересаево,село,крым,Сакский муниципальный район,1885.0,35643404101,35243000016,independent_exact_code_and_own_name_source_row; county=Вересаевское сельское поселение; tsv_line=193093,tochno_2021_dadata_raw_parquet_point,"parquet_row_1based=50112;latitude_dadata,longitude_dadata",45.3044646,33.5000945
2021:data_allsettlements_anon_156_v20251217.parquet:parquet:20273,Q3901115,Петровский,пгт,ивановская,Гаврилово-Посадский муниципальный район,1883.0,24603156051,24203556000,accepted_own_point_QID_locator,wikidata_P625_point_claim,"{""line_number"": 14540, ""locator"": ""batch_0106.jsonl.gz#line=14540"", ""retrieved_at_utc"": ""2026-08-31T20:59:18.070573+00:00"", ""source_file"": ""batch_0106.jsonl.gz"", ""value_raw"": ""POINT(40.313056 56.643889)""}",56.643889,40.313056
2021:data_allsettlements_anon_156_v20251217.parquet:parquet:49453,Q4323977,Новожиловка,село,крым,Белогорский муниципальный район,1866.0,35607458101,35207000166,independent_exact_code_and_own_name_source_row; county=Новожиловский сельский совет; tsv_line=5902,tochno_2021_dadata_raw_parquet_point,"parquet_row_1based=49453;latitude_dadata,longitude_dadata",45.1628978,34.2334869
2021:data_allsettlements_anon_156_v20251217.parquet:parquet:49435,Q4242909,Крымская Роза,село,крым,Белогорский муниципальный район,1861.0,35607436101,35207000106,independent_exact_code_and_own_name_source_row; county=Крымскорозовское сельское поселение; tsv_line=5220,tochno_2021_dadata_raw_parquet_point,"parquet_row_1based=49435;latitude_dadata,longitude_dadata",45.0534361,34.3616534
2021:data_allsettlements_anon_156_v20251217.parquet:parquet:35896,Q607928,Лёвинцы,пгт,кировская,Оричевский муниципальный район,1858.0,33630153051,33230553000,accepted_own_point_QID_locator,wikidata_P625_point_claim,"{""line_number"": 13817, ""locator"": ""batch_0139.jsonl.gz#line=13817"", ""retrieved_at_utc"": ""2026-08-31T21:00:02.290898+00:00"", ""source_file"": ""batch_0139.jsonl.gz"", ""value_raw"": ""POINT(49.257500 58.492222)""}",58.492222,49.2575
2021:data_allsettlements_anon_156_v20251217.parquet:parquet:13755,Q4369399,Покровское,деревня,вологодская,Шекснинский муниципальный район,1848.0,19658440101,19258816020,independent_exact_code_and_own_name_source_row; county=Сельское поселение Железнодорожное; tsv_line=300391,exact_row_current_FIAS_level6_locality,parquet row 1-based=13755; raw row sha256=e0c7552018d8f04b4683915a39a6022e259a3b3b686a1346f0a581d6148eb2d8,59.134365,38.68692
2021:data_allsettlements_anon_156_v20251217.parquet:parquet:116135,Q4123125,Волжский Утес,посёлок,самарская,Шигонский муниципальный район,1847.0,36650407101,36250805001,independent_exact_code_and_own_name_source_row; county=Сельское поселение Волжский Утёс; tsv_line=298514,tochno_2021_dadata_raw_parquet_point,"parquet_row_1based=116135;latitude_dadata,longitude_dadata",53.3766218,49.0903499
2021:data_allsettlements_anon_156_v20251217.parquet:parquet:49401,Q4112641,Вишенное,село,крым,Белогорский муниципальный район,1846.0,35607419101,35207000039,independent_exact_code_and_own_name_source_row; county=Вишенское сельское поселение; tsv_line=4491,tochno_2021_dadata_raw_parquet_point,"parquet_row_1based=49401;latitude_dadata,longitude_dadata",45.142205,34.5956787
2021:data_allsettlements_anon_156_v20251217.parquet:parquet:49523,Q4275129,Майское,село,крым,Джанкойский муниципальный район,1830.0,35611425101,35211000136,independent_exact_code_and_own_name_source_row; county=Майское сельское поселение; tsv_line=5584,tochno_2021_dadata_raw_parquet_point,"parquet_row_1based=49523;latitude_dadata,longitude_dadata",45.5908193,34.5558708
2021:data_allsettlements_anon_156_v20251217.parquet:parquet:93038,Q23953593,Хардиково,деревня,орловская,Орловский муниципальный район,1828.0,54647431191,54247831023,independent_exact_code_and_own_name_source_row; county=Платоновское сельское поселение; tsv_line=96775,tochno_2021_dadata_raw_parquet_point,"parquet_row_1based=93038;latitude_dadata,longitude_dadata",53.010629,36.173592
2021:data_allsettlements_anon_156_v20251217.parquet:parquet:49382,Q3920779,Ароматное,село,крым,Белогорский муниципальный район,1827.0,35607404101,35207000013,independent_exact_code_and_own_name_source_row; county=Ароматновское сельское поселение; tsv_line=5720,tochno_2021_dadata_raw_parquet_point,"parquet_row_1based=49382;latitude_dadata,longitude_dadata",45.0363699,34.399661
2021:data_allsettlements_anon_156_v20251217.parquet:parquet:55352,Q28483154,Эркен-Халк,аул,карачаево черкесская,Ногайский муниципальный район,1827.0,91623412101,91223000007,independent_exact_code_and_own_name_source_row; county=Эркен-Халкское сельское поселение; tsv_line=340989,tochno_2021_dadata_raw_parquet_point,"parquet_row_1based=55352;latitude_dadata,longitude_dadata",44.3719241,41.9368124
2021:data_allsettlements_anon_156_v20251217.parquet:parquet:40060,Q24728359,Сибирский,посёлок,алтайский,Первомайский муниципальный район,1826.0,1632494101,01232894001,independent_exact_code_and_own_name_source_row; county=Сибирский сельсовет; tsv_line=314149,tochno_2021_dadata_raw_parquet_point,"parquet_row_1based=40060;latitude_dadata,longitude_dadata",53.5790397,83.7669127
2021:data_allsettlements_anon_156_v20251217.parquet:parquet:149457,Q4494123,Федоровка,село,башкортостан,Городской округ город Уфа,1816.0,80701000196,80401918001,independent_exact_code_and_own_name_source_row; county=Городской округ город Уфа; tsv_line=26807,tochno_2021_dadata_raw_parquet_point,"parquet_row_1based=149457;latitude_dadata,longitude_dadata",54.6880093,56.1356709
2021:data_allsettlements_anon_156_v20251217.parquet:parquet:153330,Q28483085,Хайыракан,село,тыва,Улуг-Хемский муниципальный район,1806.0,93654420101,93254820001,independent_exact_code_and_own_name_source_row; county=Хайыраканский сумон; tsv_line=131420,tochno_2021_dadata_raw_parquet_point,"parquet_row_1based=153330;latitude_dadata,longitude_dadata",51.5641997,93.1345663
2021:data_allsettlements_anon_156_v20251217.parquet:parquet:144624,Q1052649,Ургаза,село,башкортостан,Баймакский муниципальный район,1805.0,80606413101,80206813001,independent_exact_code_and_own_name_source_row; county=Зилаирский сельсовет; tsv_line=218791,tochno_2021_dadata_raw_parquet_point,"parquet_row_1based=144624;latitude_dadata,longitude_dadata",52.3445724,58.6189912
2021:data_allsettlements_anon_156_v20251217.parquet:parquet:49595,Q4538617,Яркое,село,крым,Джанкойский муниципальный район,1802.0,35611482101,35211000363,accepted_own_point_QID_locator,wikidata_P625_point_claim,"{""line_number"": 12843, ""locator"": ""batch_0138.jsonl.gz#line=12843"", ""retrieved_at_utc"": ""2026-08-31T21:00:00.938421+00:00"", ""source_file"": ""batch_0138.jsonl.gz"", ""value_raw"": ""POINT(34.204445 45.663611)""}",45.663611,34.204445
2021:data_allsettlements_anon_156_v20251217.parquet:parquet:118273,Q4061836,Алексеевка,посёлок,саратовская,Хвалынский муниципальный район,1796.0,63649406101,63249000010,independent_exact_code_and_own_name_source_row; county=Хвалынский район; tsv_line=31149,tochno_2021_dadata_raw_parquet_point,"parquet_row_1based=118273;latitude_dadata,longitude_dadata",52.306857,48.0271931
2021:data_allsettlements_anon_156_v20251217.parquet:parquet:50496,Q3920760,Веселое,село,крым,Городской округ Судак,1791.0,35723000106,35416000007,independent_exact_code_and_own_name_source_row; county=Городской округ Судак; tsv_line=57765,tochno_2021_dadata_raw_parquet_point,"parquet_row_1based=50496;latitude_dadata,longitude_dadata",44.8553044,34.8782937
2021:data_allsettlements_anon_156_v20251217.parquet:parquet:50226,Q4455264,Тепловка,село,крым,Симферопольский муниципальный район,1783.0,35647405131,35247000306,independent_exact_code_and_own_name_source_row; county=Николаевское сельское поселение; tsv_line=266288,tochno_2021_dadata_raw_parquet_point,"parquet_row_1based=50226;latitude_dadata,longitude_dadata",45.0314992,33.6895498
2021:data_allsettlements_anon_156_v20251217.parquet:parquet:66331,Q4403752,Саввино,село,московская,Городской округ Егорьевск,1770.0,46722000697,46422000597,accepted_own_point_QID_locator,wikidata_P625_point_claim,"{""line_number"": 10195, ""locator"": ""batch_0130.jsonl.gz#line=10195"", ""retrieved_at_utc"": ""2026-08-31T20:59:50.094840+00:00"", ""source_file"": ""batch_0130.jsonl.gz"", ""value_raw"": ""POINT(39.197800 55.430600)""}",55.4306,39.1978
2021:data_allsettlements_anon_156_v20251217.parquet:parquet:92122,Q23976035,Беломестное,слобода,орловская,Ливенский муниципальный район,1770.0,54629402101,54229802001,independent_exact_code_and_own_name_source_row; county=Беломестненское сельское поселение; tsv_line=182796,tochno_2021_dadata_raw_parquet_point,"parquet_row_1based=92122;latitude_dadata,longitude_dadata",52.4068392,37.6115053
2021:data_allsettlements_anon_156_v20251217.parquet:parquet:50198,Q4211317,Каменоломня,село,крым,Сакский муниципальный район,1765.0,35643470116,35243000099,independent_exact_code_and_own_name_source_row; county=Сакский район; tsv_line=131610,tochno_2021_dadata_raw_parquet_point,"parquet_row_1based=50198;latitude_dadata,longitude_dadata",45.2486683,33.4190755
2021:data_allsettlements_anon_156_v20251217.parquet:parquet:164286,Q21343694,Стригуны,село,белгородская,Борисовский муниципальный район,1751.0,14615488101,14215888001,independent_exact_code_and_own_name_source_row; county=Стригуновское сельское поселение; tsv_line=48906,tochno_2021_dadata_raw_parquet_point,"parquet_row_1based=164286;latitude_dadata,longitude_dadata",50.6224729,36.1002657
