from_source_record_id,to_source_record_id,relation,decision_status,admission_method,admission_rule,population_boundary_comparability_asserted,evidence_file,evidence_locator,root_review_evidence_packet,decision_id,from_year,to_year,decision_class,decision_rule,evidence_uri,population_scope_interpretation,rule_id,evidence_path,evidence_sha256,identity_basis,population_boundary_comparability,native_counts_changed,same_year_competitor_count,all_year_region_name_type_record_count,county_source,coordinate_claim_asserted,case_id,source_context_witness,review_note,from_population,to_population,from_path,from_sha256,from_locator,from_name_type_parent,to_path,to_sha256,to_locator,to_name_type_parent,same_year_competitors,article_title,article_pageid,article_revision,article_2010_population_table_evidence,native_current_code,2009_classifier_exact_code_count,geokladr_exact_code_count,current_point_status,boundary_comparability_asserted,evidence_note,primary_same_year_competitors,article_binding,article_population_table,current_native_code,2009_classifier_rows_for_code,parent_binding,article_identity_binding,source_discrepancy,evidence,2009_classifier_exact_code_rows,parent_corroboration,current_parent,current_accepted_point,current_2021_id,current_2021_source_sha256,current_2021_locator,current_2021_population,current_2021_OKATO,current_2021_coordinates,2009_classifier_code,classifier_line_1based,classifier_raw_label,classifier_status,classifier_source_sha256,classifier_rows_for_exact_code,GeoKLADR_2011_rows_for_exact_code,Graph68_point_coordinate,point_source_coordinate_conflict_km,from_source_file,from_source_sha256,from_label,from_parent,nearby_same_year_competitors,to_source_file,to_source_sha256,to_label,counterpart_competitors,raw_labels,parent_evidence,classifier_and_geo_context,point_status,current_successor_source_record_id,current_successor_population,current_successor_native_okato,classifier_bridge,current_component_context,name,from_type,to_type,region,all_region_named_place_competitors_json,county_context,old_point_rejected,source_context_witness_file
2002:066_76aa869929_Altai_krai1.xls:Sheet1:1388,2010:008_342f3c208b_16._20Сиб_ФО_2010.xls:Sib:833,same_place,checked_rule_accepted,source_hierarchy_plus_distinctive_name_or_alias_and_current_own_row,"2002 Pervomaisky сельсовет row Северный; only 2010 Северное candidate; 2021 own row retains county and name. Posyolok-to-village/name suffix change is preserved as name/type lineage, not population equivalence.",False,native_source_row_witnesses.csv,2002 raw Sheet1 row 1387 with prior council heading Северный сельсовет; 2010 Sib ordinal 827; 2021 row 40056,/workspace/russian-settlements-research/research_rebuild/evidence/over1000_altai_handoff_20261009,,,,,,,,,,,,,,,,,,,,,,,,,,,,,,,,,,,,,,,,,,,,,,,,,,,,,,,,,,,,,,,,,,,,,,,,,,,,,,,,,,,,,,,,,,,,,,,
2010:008_342f3c208b_16._20Сиб_ФО_2010.xls:Sib:833,2021:data_allsettlements_anon_156_v20251217.parquet:parquet:40056,same_place,checked_rule_accepted,source_hierarchy_plus_distinctive_name_or_alias_and_current_own_row,Exact own name and Pervomaisky municipal district in direct 2021 settlement row; source 2010 exact name unique in selected Altai register.,False,native_source_row_witnesses.csv,2010 Sib ordinal 827; 2021 row 40056,/workspace/russian-settlements-research/research_rebuild/evidence/over1000_altai_handoff_20261009,,,,,,,,,,,,,,,,,,,,,,,,,,,,,,,,,,,,,,,,,,,,,,,,,,,,,,,,,,,,,,,,,,,,,,,,,,,,,,,,,,,,,,,,,,,,,,,
2002:066_76aa869929_Altai_krai1.xls:Sheet1:1677,2010:008_342f3c208b_16._20Сиб_ФО_2010.xls:Sib:1002,same_place,checked_rule_accepted,source_hierarchy_plus_distinctive_name_or_alias_and_current_own_row,Unique 2002 Slavgorodsky source row Нововознесенка; 2010 exact-name counterpart in source roster; current 2021 own row is same named locality in city district Slavgorod. Other 2002 homonyms have different counties and distinct source lineages.,False,native_source_row_witnesses.csv,2002 source row 1676 and heading Нововознесенский сельсовет; 2010 Sib ordinal 996; 2021 row 41162,/workspace/russian-settlements-research/research_rebuild/evidence/over1000_altai_handoff_20261009,,,,,,,,,,,,,,,,,,,,,,,,,,,,,,,,,,,,,,,,,,,,,,,,,,,,,,,,,,,,,,,,,,,,,,,,,,,,,,,,,,,,,,,,,,,,,,,
2010:008_342f3c208b_16._20Сиб_ФО_2010.xls:Sib:1002,2021:data_allsettlements_anon_156_v20251217.parquet:parquet:41162,same_place,checked_rule_accepted,source_hierarchy_plus_distinctive_name_or_alias_and_current_own_row,Exact own name and Slavgorod municipal urban district in direct 2021 source; row identity stays distinct from Klyuchevsky and Rubtsovsky homonyms.,False,native_source_row_witnesses.csv,2010 Sib ordinal 996; 2021 row 41162,/workspace/russian-settlements-research/research_rebuild/evidence/over1000_altai_handoff_20261009,,,,,,,,,,,,,,,,,,,,,,,,,,,,,,,,,,,,,,,,,,,,,,,,,,,,,,,,,,,,,,,,,,,,,,,,,,,,,,,,,,,,,,,,,,,,,,,
2002:066_76aa869929_Altai_krai1.xls:Sheet1:2122,2010:008_342f3c208b_16._20Сиб_ФО_2010.xls:Sib:1275,same_place,checked_rule_accepted,source_hierarchy_plus_distinctive_name_or_alias_and_current_own_row,2002 Tretyakovsky row Екатериновка is under Екатерининский сельсовет; 2010 Екатерининское is the exact named source candidate; 2021 own row confirms Tretyakovsky locality. The local council/root name supports the suffix/name transition; counts are not equated.,False,native_source_row_witnesses.csv,2002 rows 2120-2121; 2010 Sib ordinal 1269; 2021 row 40663,/workspace/russian-settlements-research/research_rebuild/evidence/over1000_altai_handoff_20261009,,,,,,,,,,,,,,,,,,,,,,,,,,,,,,,,,,,,,,,,,,,,,,,,,,,,,,,,,,,,,,,,,,,,,,,,,,,,,,,,,,,,,,,,,,,,,,,
2010:008_342f3c208b_16._20Сиб_ФО_2010.xls:Sib:1275,2021:data_allsettlements_anon_156_v20251217.parquet:parquet:40663,same_place,checked_rule_accepted,source_hierarchy_plus_distinctive_name_or_alias_and_current_own_row,Exact own name Екатерининское and Tretyakovsky municipal district in direct 2021 source; native 2010 source row retained as secondary confidentiality-protected exact-scope-unverified.,False,native_source_row_witnesses.csv,2010 Sib ordinal 1269; 2021 row 40663,/workspace/russian-settlements-research/research_rebuild/evidence/over1000_altai_handoff_20261009,,,,,,,,,,,,,,,,,,,,,,,,,,,,,,,,,,,,,,,,,,,,,,,,,,,,,,,,,,,,,,,,,,,,,,,,,,,,,,,,,,,,,,,,,,,,,,,
2002:066_76aa869929_Altai_krai1.xls:Sheet1:563,2010:008_342f3c208b_16._20Сиб_ФО_2010.xls:Sib:312,same_place,checked_rule_accepted,source_hierarchy_plus_distinctive_name_or_alias_and_current_own_row,"2002 source names Новоманошкинский сельсовет and Новоманошкино, Заринский район; 2010 exact locality Новомоношкино has an orthographic name transition; 2021 source names it in Zarinsky district.",False,native_source_row_witnesses.csv,2002 rows 561-562; 2010 Sib ordinal 306; 2021 row 39304,/workspace/russian-settlements-research/research_rebuild/evidence/over1000_altai_handoff_20261009,,,,,,,,,,,,,,,,,,,,,,,,,,,,,,,,,,,,,,,,,,,,,,,,,,,,,,,,,,,,,,,,,,,,,,,,,,,,,,,,,,,,,,,,,,,,,,,
2010:008_342f3c208b_16._20Сиб_ФО_2010.xls:Sib:312,2021:data_allsettlements_anon_156_v20251217.parquet:parquet:39304,same_place,checked_rule_accepted,source_hierarchy_plus_distinctive_name_or_alias_and_current_own_row,Exact locality name and Zarinsky municipal district in direct 2021 source.,False,native_source_row_witnesses.csv,2010 Sib ordinal 306; 2021 row 39304,/workspace/russian-settlements-research/research_rebuild/evidence/over1000_altai_handoff_20261009,,,,,,,,,,,,,,,,,,,,,,,,,,,,,,,,,,,,,,,,,,,,,,,,,,,,,,,,,,,,,,,,,,,,,,,,,,,,,,,,,,,,,,,,,,,,,,,
2002:066_76aa869929_Altai_krai1.xls:Sheet1:1105,2021:data_allsettlements_anon_156_v20251217.parquet:parquet:39796,same_place,checked_rule_accepted,existing_accepted_component_exact_county_and_name,Existing accepted component explicitly maps the distinct Loktevsky Устьянка row to the direct 2021 Устьянка row in the same municipal district. This is independent of similarly named Burlinsky Устьянка.,False,native_source_row_witnesses.csv; baseline applied_state_observations.parquet,2002 row 1104 and 2021 row 39796; baseline root field for 2021 is the exact 2002 UID,/workspace/russian-settlements-research/research_rebuild/evidence/over1000_altai_handoff_20261009,,,,,,,,,,,,,,,,,,,,,,,,,,,,,,,,,,,,,,,,,,,,,,,,,,,,,,,,,,,,,,,,,,,,,,,,,,,,,,,,,,,,,,,,,,,,,,,
2002:066_76aa869929_Altai_krai1.xls:Sheet1:1105,2010:008_342f3c208b_16._20Сиб_ФО_2010.xls:Sib:656,same_place,checked_rule_accepted,original_census_order_county_transition_and_exact_county_qualified_own_article,The 2002 native list ends Loktevsky with Ustyanka then opens Mamontovsky with Bukanskoye; 2010 source ordinal 650 is Ustyanka followed by ordinal 651 Bukanskoye. This distinguishes the 2010 record from the separate Burlinsky Ustyanka at ordinal175.,False,native_source_row_witnesses.csv; wikipedia_qualified_articles.json,"2002 Sheet1:1103-1108; 2010 Sib physical rows 655-656, ordinals 650-651",/workspace/russian-settlements-research/research_rebuild/evidence/over1000_altai_handoff_20261009,,,,,,,,,,,,,,,,,,,,,,,,,,,,,,,,,,,,,,,,,,,,,,,,,,,,,,,,,,,,,,,,,,,,,,,,,,,,,,,,,,,,,,,,,,,,,,,
2010:008_342f3c208b_16._20Сиб_ФО_2010.xls:Sib:656,2021:data_allsettlements_anon_156_v20251217.parquet:parquet:39796,same_place,checked_rule_accepted,original_census_order_county_transition_and_exact_county_qualified_own_article,The ordinal-disambiguated 2010 Ustyanka maps to the exact own article/page for Loktevsky Ustyanka and the direct 2021 source row in Loktevsky district. The other Ustyanka is in Burlinsky district and has a distinct lineage.,False,native_source_row_witnesses.csv; wikipedia_qualified_articles.json,"2010 ordinal650; 2021 row39796; own page 7368235 rev155077223; coordinates 51.145769,81.605063",/workspace/russian-settlements-research/research_rebuild/evidence/over1000_altai_handoff_20261009,,,,,,,,,,,,,,,,,,,,,,,,,,,,,,,,,,,,,,,,,,,,,,,,,,,,,,,,,,,,,,,,,,,,,,,,,,,,,,,,,,,,,,,,,,,,,,,
2010:008_342f3c208b_16._20Сиб_ФО_2010.xls:Sib:845,2021:data_allsettlements_anon_156_v20251217.parquet:parquet:40073,same_place,checked_rule_accepted,original_census_order_county_transition_and_exact_county_qualified_own_article,"2010 ordinal839 Alekseevka is in the Petropavlovsky sequence: 2002 source puts Alekseyevka at start of Petropavlovsky after Pervomaisky Stepnoy; 2010 ordinal840 is Antonyevka, matching the next Petropavlovsky row. The qualified own article identifies Alekseevka as Petropavlovsky and the 2021 native row matches exact county/name.",False,native_source_row_witnesses.csv; wikipedia_qualified_articles.json,2002 Sheet1:1401-1410; 2010 Sib physical rows843-846 ordinals 838-841; own page 8424678 rev147717645; 2021 row40073,/workspace/russian-settlements-research/research_rebuild/evidence/over1000_altai_handoff_20261009,,,,,,,,,,,,,,,,,,,,,,,,,,,,,,,,,,,,,,,,,,,,,,,,,,,,,,,,,,,,,,,,,,,,,,,,,,,,,,,,,,,,,,,,,,,,,,,
2010:008_342f3c208b_16._20Сиб_ФО_2010.xls:Sib:362,2002:066_76aa869929_Altai_krai1.xls:Sheet1:635,same_place,checked_rule_accepted,census_order_district_boundary_plus_exact_county_qualified_own_article,"2010 source ordinal356 Бураново is immediately between ordinal355 Черепановский and ordinal357 Зимари. In the 2002 register, Cherепановский is last before Калманский район, and Калман rows begin Бураново then Зимари; page 1430386 explicitly qualifies the own locality as Kalman district. This resolves the 3-county homonym set.",False,native_source_row_witnesses.csv; own_article_revision_witnesses.csv,2002 Sheet1 rows 627-637; 2010 Sib rows physical361-363 ordinals355-357; own page 1430386 rev147509275,/workspace/russian-settlements-research/research_rebuild/evidence/over1000_altai_handoff_20261009,,,,,,,,,,,,,,,,,,,,,,,,,,,,,,,,,,,,,,,,,,,,,,,,,,,,,,,,,,,,,,,,,,,,,,,,,,,,,,,,,,,,,,,,,,,,,,,
2010:008_342f3c208b_16._20Сиб_ФО_2010.xls:Sib:362,2021:data_allsettlements_anon_156_v20251217.parquet:parquet:39372,same_place,checked_rule_accepted,census_order_district_boundary_plus_exact_county_qualified_own_article,The order-qualified source UID is the Kalman Бураново; current 2021 source has exact name in Kalman district and its existing exact own article coordinates are within 0.32 km of native 2021 point.,False,native_source_row_witnesses.csv; own_article_revision_witnesses.csv,2010 ordinal356; 2021 row39372; own page 1430386 rev147509275,/workspace/russian-settlements-research/research_rebuild/evidence/over1000_altai_handoff_20261009,,,,,,,,,,,,,,,,,,,,,,,,,,,,,,,,,,,,,,,,,,,,,,,,,,,,,,,,,,,,,,,,,,,,,,,,,,,,,,,,,,,,,,,,,,,,,,,
2002:066_76aa869929_Altai_krai1.xls:Sheet1:352,2010:008_342f3c208b_16._20Сиб_ФО_2010.xls:Sib:190,same_place,checked_rule_accepted,exact_county_and_council_name_plus_qualified_own_article_and_source_order,"2010 source sequence ordinals182-186 (Верх-Озёрное, Новопокровка, Приобское, Усть-Ануй, Хлеборобное) exactly matches the 2002 Быстроистокский district sequence; the target is sole locality of the Приобский сельсовет. Current county-qualified article confirms Приобское as the sole locality of the same council; suffix/type transition is recorded, no count equality.",False,native_source_row_witnesses.csv; own_article_revision_witnesses.csv,2002 source row352; 2010 row190; own article page7033636 rev147677165,/workspace/russian-settlements-research/research_rebuild/evidence/over1000_altai_handoff_20261009,,,,,,,,,,,,,,,,,,,,,,,,,,,,,,,,,,,,,,,,,,,,,,,,,,,,,,,,,,,,,,,,,,,,,,,,,,,,,,,,,,,,,,,,,,,,,,,
2010:008_342f3c208b_16._20Сиб_ФО_2010.xls:Sib:190,2021:data_allsettlements_anon_156_v20251217.parquet:parquet:39148,same_place,checked_rule_accepted,exact_county_and_council_name_plus_qualified_own_article_and_source_order,Exact 2021 native name and Быстроистокский district; existing baseline root directly assigns row39148 to 2010 source UID 190; own article coordinate and 2021 point agree within 0.03 km.,False,native_source_row_witnesses.csv; own_article_revision_witnesses.csv,2010 row190; 2021 row39148; page7033636 rev147677165,/workspace/russian-settlements-research/research_rebuild/evidence/over1000_altai_handoff_20261009,,,,,,,,,,,,,,,,,,,,,,,,,,,,,,,,,,,,,,,,,,,,,,,,,,,,,,,,,,,,,,,,,,,,,,,,,,,,,,,,,,,,,,,,,,,,,,,
2002:066_76aa869929_Altai_krai1.xls:Sheet1:1408,2010:008_342f3c208b_16._20Сиб_ФО_2010.xls:Sib:845,same_place,checked_rule_accepted,exact_county_and_council_name_plus_qualified_own_article_and_source_order,2002 Petropavlovsky sequence begins Alekseevsky council/Alekseevka then Antonyevsky/Antonyevka; 2010 ordinals839-840 are Alekseevka then Antonyevka. Exact own page qualifies Petropavlovsky district.,False,native_source_row_witnesses.csv; own_article_revision_witnesses.csv,2002 rows1405-1410; 2010 ordinals839-840; page8424678 rev147717645,/workspace/russian-settlements-research/research_rebuild/evidence/over1000_altai_handoff_20261009,,,,,,,,,,,,,,,,,,,,,,,,,,,,,,,,,,,,,,,,,,,,,,,,,,,,,,,,,,,,,,,,,,,,,,,,,,,,,,,,,,,,,,,,,,,,,,,
2002:081_6a22d6b5c5_Amur.xls:Sheet1:154,2021:data_allsettlements_anon_156_v20251217.parquet:parquet:60669,same_place,checked_rule_accepted,source_bound_original_ordinal_county_qualified_own_article_and_native_carrier,"Exact 2002 original source ordinal/subtotal hierarchy, exact source-year raw locality row, and county-qualified own locality page identify the Bureysky/Novobureysky locality. 2010 row 1246 is in the matching Novobureysky–Bureya source sequence. The current native carrier is in Bureysky district. Values and quality flags remain source-native; no population equality, allocation, or boundary equivalence is asserted.",False,research_rebuild/evidence/over1000_bash_amur_20261009/version6/amur_original_ordinal_review_v6.csv,source_uid=2002:081_6a22d6b5c5_Amur.xls:Sheet1:154;current_uid=2021:data_allsettlements_anon_156_v20251217.parquet:parquet:60669;article_pageid=5262727;revision=150955749,/workspace/russian-settlements-research/research_rebuild/evidence/over1000_bash_amur_20261009/version6,,,,,,,,,,,,,,,,,,,,,,,,,,,,,,,,,,,,,,,,,,,,,,,,,,,,,,,,,,,,,,,,,,,,,,,,,,,,,,,,,,,,,,,,,,,,,,,
2010:009_81f8a0e73c_17._20ДВ_ФО_2010.xls:ДВ:1246,2021:data_allsettlements_anon_156_v20251217.parquet:parquet:60669,same_place,checked_rule_accepted,source_bound_original_ordinal_county_qualified_own_article_and_native_carrier,"Exact 2002 original source ordinal/subtotal hierarchy, exact source-year raw locality row, and county-qualified own locality page identify the Bureysky/Novobureysky locality. 2010 row 1246 is in the matching Novobureysky–Bureya source sequence. The current native carrier is in Bureysky district. Values and quality flags remain source-native; no population equality, allocation, or boundary equivalence is asserted.",False,research_rebuild/evidence/over1000_bash_amur_20261009/version6/amur_original_ordinal_review_v6.csv,source_uid=2010:009_81f8a0e73c_17._20ДВ_ФО_2010.xls:ДВ:1246;current_uid=2021:data_allsettlements_anon_156_v20251217.parquet:parquet:60669;article_pageid=5262727;revision=150955749,/workspace/russian-settlements-research/research_rebuild/evidence/over1000_bash_amur_20261009/version6,,,,,,,,,,,,,,,,,,,,,,,,,,,,,,,,,,,,,,,,,,,,,,,,,,,,,,,,,,,,,,,,,,,,,,,,,,,,,,,,,,,,,,,,,,,,,,,
2002:1_TOM_01_04.xls:0:8229,2021:data_allsettlements_anon_156_v20251217.parquet:parquet:598,same_place,checked_rule_accepted,,,,,,/workspace/russian-settlements-research/research_rebuild/evidence/over1000_east_handoff_20261009,EAST_BAYANGOL_PGT2002_OWNZAKAMENSKY,2002.0,2021.0,primary_printed_owncounty_and_article_urban_to_rural_status,primaryurban2002 printedЗакаменскийPGT +typedownarticlePGT1949–2003→samephysicalSelo + exactnativecurrentOKTMO/Dadata/ownarticleOKATO; distinctБаргузинскийулусrival excluded,/workspace/russian-settlements-research/research_rebuild/evidence/over1000_east_handoff_20261009/own_identity_point_proof.json,nativecountquality/type unchanged; populationboundarycomparabilityUNKNOWN,,,,,,,,,,,,,,,,,,,,,,,,,,,,,,,,,,,,,,,,,,,,,,,,,,,,,,,,,,,,,,,,,,,,,,,,,,,,,,,,,,,,,,,,
2002:059_30afc614a1_1_XMAO_new.xls:Sheet1:134,2021:data_allsettlements_anon_156_v20251217.parquet:parquet:155014,same_place,checked_rule_accepted,,,,,,/workspace/russian-settlements-research/research_rebuild/evidence/over1000_five_regions_20261009/batch1,FIVE-9642c96c1e683b60d1e9,2002.0,2021.0,literal_native_source_context_and_own_article,literal own former name Каркатеевский; printed Чеускинский subordinate; unique proper NP,/workspace/russian-settlements-research/research_rebuild/evidence/over1000_five_regions_20261009/batch1/identity_point_witnesses.csv.gz,identity only; source counts/type/quality preserved; boundary comparability UNKNOWN,,,,,,,,,,,,,,,,,,,,,,,,,,,,,,,,,,,,,,,,,,,,,,,,,,,,,,,,,,,,,,,,,,,,,,,,,,,,,,,,,,,,,,,,
2002:033_e221266b42_02c_KCR.xls:нпп:70,2021:data_allsettlements_anon_156_v20251217.parquet:parquet:55352,same_place,checked_rule_accepted,,,,,,/workspace/russian-settlements-research/research_rebuild/evidence/over1000_five_regions_20261009/batch1,FIVE-bf1b5e5dd5b8b4a8fffd,2002.0,2021.0,literal_native_source_context_and_own_article,own Nogai alias Эркин-Халк and explicit 2007 Адыге-Хабльский→Ногайский county transfer,/workspace/russian-settlements-research/research_rebuild/evidence/over1000_five_regions_20261009/batch1/identity_point_witnesses.csv.gz,identity only; source counts/type/quality preserved; boundary comparability UNKNOWN,,,,,,,,,,,,,,,,,,,,,,,,,,,,,,,,,,,,,,,,,,,,,,,,,,,,,,,,,,,,,,,,,,,,,,,,,,,,,,,,,,,,,,,,
2010:002_027be52979_10._20СевКаз_ФО_20(без_20Даг)_202010.xls:СК:1142,2021:data_allsettlements_anon_156_v20251217.parquet:parquet:121280,same_place,checked_rule_accepted,,,,,,/workspace/russian-settlements-research/research_rebuild/evidence/over1000_five_regions_20261009/batch1,FIVE-4b4cb5be28074d8b454e,2010.0,2021.0,literal_native_source_context_and_own_article,own formerPGT status changed2005; published2010 poselok Aлагирский sourceflanks; exclude sameyear Ardonsky seloFiagdon,/workspace/russian-settlements-research/research_rebuild/evidence/over1000_five_regions_20261009/batch1/identity_point_witnesses.csv.gz,identity only; source counts/type/quality preserved; boundary comparability UNKNOWN,,,,,,,,,,,,,,,,,,,,,,,,,,,,,,,,,,,,,,,,,,,,,,,,,,,,,,,,,,,,,,,,,,,,,,,,,,,,,,,,,,,,,,,,
2010:016_802d308e41_8._20Or_Penz_Perm_Samar_Saratov_Uly_2010.xls:!!!:1005,2021:data_allsettlements_anon_156_v20251217.parquet:parquet:115792,same_place,checked_rule_accepted,,,,,,/workspace/russian-settlements-research/research_rebuild/evidence/over1000_five_regions_20261009/batch1,FIVE-f5632cf8c1693e7a9f08,2010.0,2021.0,literal_native_source_context_and_own_article,properSelo printedСтавропольский;2010 firstnewcounty row followedownacceptedОтвага/Бахилово; preserveallregionalnamesakes,/workspace/russian-settlements-research/research_rebuild/evidence/over1000_five_regions_20261009/batch1/identity_point_witnesses.csv.gz,identity only; source counts/type/quality preserved; boundary comparability UNKNOWN,,,,,,,,,,,,,,,,,,,,,,,,,,,,,,,,,,,,,,,,,,,,,,,,,,,,,,,,,,,,,,,,,,,,,,,,,,,,,,,,,,,,,,,,
2010:016_802d308e41_8._20Or_Penz_Perm_Samar_Saratov_Uly_2010.xls:!!!:118,2021:data_allsettlements_anon_156_v20251217.parquet:parquet:114697,same_place,checked_rule_accepted,,,,,,/workspace/russian-settlements-research/research_rebuild/evidence/over1000_five_regions_20261009/batch1,FIVE-002ecf61d348cedf51cd,2010.0,2021.0,literal_native_source_context_and_own_article,properSelo printedБольшеглушицкий;2010 firstnewcounty row followedownacceptedМалаяВязовка/Среднедольск; preserveallregionalnamesakes,/workspace/russian-settlements-research/research_rebuild/evidence/over1000_five_regions_20261009/batch1/identity_point_witnesses.csv.gz,identity only; source counts/type/quality preserved; boundary comparability UNKNOWN,,,,,,,,,,,,,,,,,,,,,,,,,,,,,,,,,,,,,,,,,,,,,,,,,,,,,,,,,,,,,,,,,,,,,,,,,,,,,,,,,,,,,,,,
2010:016_802d308e41_8._20Or_Penz_Perm_Samar_Saratov_Uly_2010.xls:!!!:516,2021:data_allsettlements_anon_156_v20251217.parquet:parquet:115193,same_place,checked_rule_accepted,,,,,,/workspace/russian-settlements-research/research_rebuild/evidence/over1000_five_regions_20261009/batch1,FIVE-27220c426134cef2224c,2010.0,2021.0,literal_native_source_context_and_own_article,properSelo КинельЧеркасский;2010 precedingacceptedНоваяЕлшанка/Нижнегорский andnextПервомайский; excludeСергиевскийЧерновка,/workspace/russian-settlements-research/research_rebuild/evidence/over1000_five_regions_20261009/batch1/identity_point_witnesses.csv.gz,identity only; source counts/type/quality preserved; boundary comparability UNKNOWN,,,,,,,,,,,,,,,,,,,,,,,,,,,,,,,,,,,,,,,,,,,,,,,,,,,,,,,,,,,,,,,,,,,,,,,,,,,,,,,,,,,,,,,,
2002:053_f7f2b62d26_Samarskaja_new.xls:Sheet1:26,2021:data_allsettlements_anon_156_v20251217.parquet:parquet:116223,same_place,checked_rule_accepted,,,,,,/workspace/russian-settlements-research/research_rebuild/evidence/over1000_five_regions_20261009/batch1,FIVE-9dec038e81081ec4fca2,2002.0,2021.0,literal_native_source_context_and_own_article,literal2002properposelok underPохвистневоownsubordination;2010finalruralrowafterurbanГОPохвистнево; excludeКинельскийОктябрьский,/workspace/russian-settlements-research/research_rebuild/evidence/over1000_five_regions_20261009/batch1/identity_point_witnesses.csv.gz,identity only; source counts/type/quality preserved; boundary comparability UNKNOWN,,,,,,,,,,,,,,,,,,,,,,,,,,,,,,,,,,,,,,,,,,,,,,,,,,,,,,,,,,,,,,,,,,,,,,,,,,,,,,,,,,,,,,,,
2010:016_802d308e41_8._20Or_Penz_Perm_Samar_Saratov_Uly_2010.xls:!!!:1341,2021:data_allsettlements_anon_156_v20251217.parquet:parquet:116223,same_place,checked_rule_accepted,,,,,,/workspace/russian-settlements-research/research_rebuild/evidence/over1000_five_regions_20261009/batch1,FIVE-0d3a3bb0bee1ad221607,2010.0,2021.0,literal_native_source_context_and_own_article,literal2002properposelok underPохвистневоownsubordination;2010finalruralrowafterurbanГОPохвистнево; excludeКинельскийОктябрьский,/workspace/russian-settlements-research/research_rebuild/evidence/over1000_five_regions_20261009/batch1/identity_point_witnesses.csv.gz,identity only; source counts/type/quality preserved; boundary comparability UNKNOWN,,,,,,,,,,,,,,,,,,,,,,,,,,,,,,,,,,,,,,,,,,,,,,,,,,,,,,,,,,,,,,,,,,,,,,,,,,,,,,,,,,,,,,,,
2002:044_42b3ed3cfc_Tataria.xls:Sheet1:2685,2021:data_allsettlements_anon_156_v20251217.parquet:parquet:131828,same_place,checked_rule_accepted,,,,,,/workspace/russian-settlements-research/research_rebuild/evidence/over1000_five_regions_20261009/batch1,FIVE-b02391a57d38d6f01e37,2002.0,2021.0,literal_native_source_context_and_own_article,literal properпоселок Александровский/Лаишевский; ordinal/date abbreviation lexical normalization no legalrenameclaim,/workspace/russian-settlements-research/research_rebuild/evidence/over1000_five_regions_20261009/batch1/identity_point_witnesses.csv.gz,identity only; source counts/type/quality preserved; boundary comparability UNKNOWN,,,,,,,,,,,,,,,,,,,,,,,,,,,,,,,,,,,,,,,,,,,,,,,,,,,,,,,,,,,,,,,,,,,,,,,,,,,,,,,,,,,,,,,,
2002:010_3e630cc803_02c_Moskovskaya-oblast.xls:Sheet1:5450,2021:data_allsettlements_anon_156_v20251217.parquet:parquet:70212,same_place,checked_rule_accepted,,,,,pageid=6316642;revision=147661403:dated14May2003rename,/workspace/russian-settlements-research/research_rebuild/evidence/over1000_moscow_last10_sources_20261009,,,,,,,,literal_14May2003_Biokhimzavoda_to_Uspensky_rename_proper_Sovkhozny_county,/workspace/russian-settlements-research/research_rebuild/evidence/over1000_moscow_remaining13_20261009/own_wikipedia_batch8.json.gz,4269235a5961f0f15266b77f26e6b9d1ced1abe9fb6368024167217749ab29a8,"Exact receivingNP dated rename, originalnativeBio445 preserved. SeparateabsorbedSovkhoz2163 hasincluded_inaxis only.",UNKNOWN,False,,,,,,,,,,,,,,,,,,,,,,,,,,,,,,,,,,,,,,,,,,,,,,,,,,,,,,,,,,,,,,,,,,,,,,,,,,,,,,,,,,
2002:010_3e630cc803_02c_Moskovskaya-oblast.xls:Sheet1:4889,2021:data_allsettlements_anon_156_v20251217.parquet:parquet:69722,same_place,checked_rule_accepted,,,,,ownOSMnode4489852690,/workspace/russian-settlements-research/research_rebuild/evidence/over1000_moscow_last10_sources_20261009,,,,,,,,independent_OSM_owncoded_NP_currentnamespace_suffix_plus_ownwiki_county_subcounty_and_native_orderedblock,/workspace/russian-settlements-research/research_rebuild/evidence/over1000_moscow_last10_sources_20261009/Popovka_two_coded_native_homonym_proofs.json,7090b50a83dfffd2ba8b8a32a8d8a2dafcace398f66acd6f54ed7d31edf014a8,,UNKNOWN,False,,,,,,,,,,,,,,,,,,,,,,,,,,,,,,,,,,,,,,,,,,,,,,,,,,,,,,,,,,,,,,,,,,,,,,,,,,,,,,,,,,
2010:010_711691e352_2._20Kostrom_Kur_Lip_Moscow_MoscObl_Orlov_2010.xls:Data Sheet:12418,2021:data_allsettlements_anon_156_v20251217.parquet:parquet:69722,same_place,checked_rule_accepted,,,,,ownOSMnode4489852690,/workspace/russian-settlements-research/research_rebuild/evidence/over1000_moscow_last10_sources_20261009,,,,,,,,independent_OSM_owncoded_NP_currentnamespace_suffix_plus_ownwiki_county_subcounty_and_native_orderedblock,/workspace/russian-settlements-research/research_rebuild/evidence/over1000_moscow_last10_sources_20261009/Popovka_two_coded_native_homonym_proofs.json,7090b50a83dfffd2ba8b8a32a8d8a2dafcace398f66acd6f54ed7d31edf014a8,,UNKNOWN,False,,,,,,,,,,,,,,,,,,,,,,,,,,,,,,,,,,,,,,,,,,,,,,,,,,,,,,,,,,,,,,,,,,,,,,,,,,,,,,,,,,
2002:010_3e630cc803_02c_Moskovskaya-oblast.xls:Sheet1:5052,2021:data_allsettlements_anon_156_v20251217.parquet:parquet:69721,same_place,checked_rule_accepted,,,,,ownOSMnode360002188,/workspace/russian-settlements-research/research_rebuild/evidence/over1000_moscow_last10_sources_20261009,,,,,,,,independent_OSM_owncoded_NP_currentnamespace_suffix_plus_ownwiki_county_subcounty_and_native_orderedblock,/workspace/russian-settlements-research/research_rebuild/evidence/over1000_moscow_last10_sources_20261009/Popovka_two_coded_native_homonym_proofs.json,7090b50a83dfffd2ba8b8a32a8d8a2dafcace398f66acd6f54ed7d31edf014a8,,UNKNOWN,False,,,,,,,,,,,,,,,,,,,,,,,,,,,,,,,,,,,,,,,,,,,,,,,,,,,,,,,,,,,,,,,,,,,,,,,,,,,,,,,,,,
2010:010_711691e352_2._20Kostrom_Kur_Lip_Moscow_MoscObl_Orlov_2010.xls:Data Sheet:12585,2021:data_allsettlements_anon_156_v20251217.parquet:parquet:69721,same_place,checked_rule_accepted,,,,,ownOSMnode360002188,/workspace/russian-settlements-research/research_rebuild/evidence/over1000_moscow_last10_sources_20261009,,,,,,,,independent_OSM_owncoded_NP_currentnamespace_suffix_plus_ownwiki_county_subcounty_and_native_orderedblock,/workspace/russian-settlements-research/research_rebuild/evidence/over1000_moscow_last10_sources_20261009/Popovka_two_coded_native_homonym_proofs.json,7090b50a83dfffd2ba8b8a32a8d8a2dafcace398f66acd6f54ed7d31edf014a8,,UNKNOWN,False,,,,,,,,,,,,,,,,,,,,,,,,,,,,,,,,,,,,,,,,,,,,,,,,,,,,,,,,,,,,,,,,,,,,,,,,,,,,,,,,,,
2002:003_308406b0ed_02c_Vladimirskaja.xls:Sheet1:1642,2010:013_f60b2d2bcf_5._20Belg_Bryan_Vlad_Voron_Ivanov_Kalug_20L1_ethn_2010.xls:Data Sheet:5837,same_place,checked_rule_accepted,,Exact source-year locality naming/type plus region and county/source context; one matching physical place after explicit exclusion of same-name type/county rivals; does not assert equal population or equal boundaries.,False,,,/workspace/russian-settlements-research/research_rebuild/evidence/over1000_north_handoff_20261009,,2002.0,2010.0,,,,,,,,,,,0.0,3.0,"official source year row, printed locality source group, and current census municipal/county record; see north case note",False,voykova,candidate_endpoint_rows.csv; source_file_integrity_pins.csv; external source notes in README.md,"Unique Vladimir-region physical locality across all three years; 2002 abbreviated им. Войкова, 2010 and 2021 expanded фабрики им. П.Л.Войкова, same settlement type; 2002 source context Муромский район and 2021 own FIAS-level6 point. 2010/21 source rows yield one exact typed-name candidate; identity only, no population equality/boundary inference.",,,,,,,,,,,,,,,,,,,,,,,,,,,,,,,,,,,,,,,,,,,,,,,,,,,,,,,,,,,,,,,,,,,,,,,,,,,
2010:013_f60b2d2bcf_5._20Belg_Bryan_Vlad_Voron_Ivanov_Kalug_20L1_ethn_2010.xls:Data Sheet:5837,2021:data_allsettlements_anon_156_v20251217.parquet:parquet:3872,same_place,checked_rule_accepted,,Exact source-year locality naming/type plus region and county/source context; one matching physical place after explicit exclusion of same-name type/county rivals; does not assert equal population or equal boundaries.,False,,,/workspace/russian-settlements-research/research_rebuild/evidence/over1000_north_handoff_20261009,,2010.0,2021.0,,,,,,,,,,,0.0,3.0,"official source year row, printed locality source group, and current census municipal/county record; see north case note",False,voykova,candidate_endpoint_rows.csv; source_file_integrity_pins.csv; external source notes in README.md,"Unique Vladimir-region physical locality across all three years; 2002 abbreviated им. Войкова, 2010 and 2021 expanded фабрики им. П.Л.Войкова, same settlement type; 2002 source context Муромский район and 2021 own FIAS-level6 point. 2010/21 source rows yield one exact typed-name candidate; identity only, no population equality/boundary inference.",,,,,,,,,,,,,,,,,,,,,,,,,,,,,,,,,,,,,,,,,,,,,,,,,,,,,,,,,,,,,,,,,,,,,,,,,,,
2002:018_25c6f5e960_02c_Karelia.xls:Sheet1:1816,ROSSTAT2010KARELIA:RURAL:DOCX:t41:r37,same_place,checked_rule_accepted,,Exact source-year locality naming/type plus region and county/source context; one matching physical place after explicit exclusion of same-name type/county rivals; does not assert equal population or equal boundaries.,False,,,/workspace/russian-settlements-research/research_rebuild/evidence/over1000_north_handoff_20261009,,2002.0,2010.0,,,,,,,,,,,0.0,3.0,"official source year row, printed locality source group, and current census municipal/county record; see north case note",False,naistenjarvi,candidate_endpoint_rows.csv; source_file_integrity_pins.csv; external source notes in README.md,"Unique physical settlement by spelling, type and Suoyarvsky source context across 2002–2010–2021: Найстеньярви / Найстенъярви. 2002 printed source groups row under Найстеньярвская поселковая С.А.; 2010 and 2021 name/type/municipal context align. No population equality/boundary inference.",,,,,,,,,,,,,,,,,,,,,,,,,,,,,,,,,,,,,,,,,,,,,,,,,,,,,,,,,,,,,,,,,,,,,,,,,,,
ROSSTAT2010KARELIA:RURAL:DOCX:t41:r37,2021:data_allsettlements_anon_156_v20251217.parquet:parquet:31802,same_place,checked_rule_accepted,,Exact source-year locality naming/type plus region and county/source context; one matching physical place after explicit exclusion of same-name type/county rivals; does not assert equal population or equal boundaries.,False,,,/workspace/russian-settlements-research/research_rebuild/evidence/over1000_north_handoff_20261009,,2010.0,2021.0,,,,,,,,,,,0.0,3.0,"official source year row, printed locality source group, and current census municipal/county record; see north case note",False,naistenjarvi,candidate_endpoint_rows.csv; source_file_integrity_pins.csv; external source notes in README.md,"Unique physical settlement by spelling, type and Suoyarvsky source context across 2002–2010–2021: Найстеньярви / Найстенъярви. 2002 printed source groups row under Найстеньярвская поселковая С.А.; 2010 and 2021 name/type/municipal context align. No population equality/boundary inference.",,,,,,,,,,,,,,,,,,,,,,,,,,,,,,,,,,,,,,,,,,,,,,,,,,,,,,,,,,,,,,,,,,,,,,,,,,,
2002:018_25c6f5e960_02c_Karelia.xls:Sheet1:1819,ROSSTAT2010KARELIA:RURAL:DOCX:t41:r38,same_place,checked_rule_accepted,,Exact source-year locality naming/type plus region and county/source context; one matching physical place after explicit exclusion of same-name type/county rivals; does not assert equal population or equal boundaries.,False,,,/workspace/russian-settlements-research/research_rebuild/evidence/over1000_north_handoff_20261009,,2002.0,2010.0,,,,,,,,,,,0.0,3.0,"official source year row, printed locality source group, and current census municipal/county record; see north case note",False,lahkolampi,candidate_endpoint_rows.csv; source_file_integrity_pins.csv; external source notes in README.md,"Unique physical settlement by spelling, type and Suoyarvsky context: 2002 Лахколамби / 2010–2021 Лахколампи. Old row is in same printed source block; same-year alternatives by exact name/type are absent in region. No population equality/boundary inference.",,,,,,,,,,,,,,,,,,,,,,,,,,,,,,,,,,,,,,,,,,,,,,,,,,,,,,,,,,,,,,,,,,,,,,,,,,,
ROSSTAT2010KARELIA:RURAL:DOCX:t41:r38,2021:data_allsettlements_anon_156_v20251217.parquet:parquet:31803,same_place,checked_rule_accepted,,Exact source-year locality naming/type plus region and county/source context; one matching physical place after explicit exclusion of same-name type/county rivals; does not assert equal population or equal boundaries.,False,,,/workspace/russian-settlements-research/research_rebuild/evidence/over1000_north_handoff_20261009,,2010.0,2021.0,,,,,,,,,,,0.0,3.0,"official source year row, printed locality source group, and current census municipal/county record; see north case note",False,lahkolampi,candidate_endpoint_rows.csv; source_file_integrity_pins.csv; external source notes in README.md,"Unique physical settlement by spelling, type and Suoyarvsky context: 2002 Лахколамби / 2010–2021 Лахколампи. Old row is in same printed source block; same-year alternatives by exact name/type are absent in region. No population equality/boundary inference.",,,,,,,,,,,,,,,,,,,,,,,,,,,,,,,,,,,,,,,,,,,,,,,,,,,,,,,,,,,,,,,,,,,,,,,,,,,
2002:025_3449b500ac_02c_Murman_obl_YK.xls:Sheet1:180,MURMANSK2010:POPSEX:T1:R121,same_place,checked_rule_accepted,,Exact source-year locality naming/type plus region and county/source context; one matching physical place after explicit exclusion of same-name type/county rivals; does not assert equal population or equal boundaries.,False,,,/workspace/russian-settlements-research/research_rebuild/evidence/over1000_north_handoff_20261009,,2002.0,2010.0,,,,,,,,,,,0.0,3.0,"official source year row, printed locality source group, and current census municipal/county record; see north case note",False,pechenga_rail,candidate_endpoint_rows.csv; source_file_integrity_pins.csv; external source notes in README.md,"Same named railway place only, not Pechenga PGT: 2002 железнодорожный объект, 2010 ж.-д. ст. Печенга in official table 1, 2021 железнодорожный объект. Same Pechenga rayon/municipal context. The distinct PGT series is a rejected type competitor. No population equality/boundary inference.",,,,,,,,,,,,,,,,,,,,,,,,,,,,,,,,,,,,,,,,,,,,,,,,,,,,,,,,,,,,,,,,,,,,,,,,,,,
MURMANSK2010:POPSEX:T1:R121,2021:data_allsettlements_anon_156_v20251217.parquet:parquet:71256,same_place,checked_rule_accepted,,Exact source-year locality naming/type plus region and county/source context; one matching physical place after explicit exclusion of same-name type/county rivals; does not assert equal population or equal boundaries.,False,,,/workspace/russian-settlements-research/research_rebuild/evidence/over1000_north_handoff_20261009,,2010.0,2021.0,,,,,,,,,,,0.0,3.0,"official source year row, printed locality source group, and current census municipal/county record; see north case note",False,pechenga_rail,candidate_endpoint_rows.csv; source_file_integrity_pins.csv; external source notes in README.md,"Same named railway place only, not Pechenga PGT: 2002 железнодорожный объект, 2010 ж.-д. ст. Печенга in official table 1, 2021 железнодорожный объект. Same Pechenga rayon/municipal context. The distinct PGT series is a rejected type competitor. No population equality/boundary inference.",,,,,,,,,,,,,,,,,,,,,,,,,,,,,,,,,,,,,,,,,,,,,,,,,,,,,,,,,,,,,,,,,,,,,,,,,,,
2002:026_0eca405331_02c_Novgorodskaja.xls:Sheet1:3679,2010:001_723371ec84_1._20NW_2010.xls:NW:11611,same_place,checked_rule_accepted,,Exact source-year locality naming/type plus region and county/source context; one matching physical place after explicit exclusion of same-name type/county rivals; does not assert equal population or equal boundaries.,False,,,/workspace/russian-settlements-research/research_rebuild/evidence/over1000_north_handoff_20261009,,2002.0,2010.0,,,,,,,,,,,0.0,3.0,"official source year row, printed locality source group, and current census municipal/county record; see north case note",False,kabozha_rail,candidate_endpoint_rows.csv; source_file_integrity_pins.csv; external source notes in README.md,"Same named railway place only, not village Кабожа in Moshenskoy: railway object in 2002 and 2021, 2010 official row 11611; exact type and Hvoyninsky context distinguish it. Distinct same-name village is explicitly rejected. No population equality/boundary inference.",,,,,,,,,,,,,,,,,,,,,,,,,,,,,,,,,,,,,,,,,,,,,,,,,,,,,,,,,,,,,,,,,,,,,,,,,,,
2010:001_723371ec84_1._20NW_2010.xls:NW:11611,2021:data_allsettlements_anon_156_v20251217.parquet:parquet:77109,same_place,checked_rule_accepted,,Exact source-year locality naming/type plus region and county/source context; one matching physical place after explicit exclusion of same-name type/county rivals; does not assert equal population or equal boundaries.,False,,,/workspace/russian-settlements-research/research_rebuild/evidence/over1000_north_handoff_20261009,,2010.0,2021.0,,,,,,,,,,,0.0,3.0,"official source year row, printed locality source group, and current census municipal/county record; see north case note",False,kabozha_rail,candidate_endpoint_rows.csv; source_file_integrity_pins.csv; external source notes in README.md,"Same named railway place only, not village Кабожа in Moshenskoy: railway object in 2002 and 2021, 2010 official row 11611; exact type and Hvoyninsky context distinguish it. Distinct same-name village is explicitly rejected. No population equality/boundary inference.",,,,,,,,,,,,,,,,,,,,,,,,,,,,,,,,,,,,,,,,,,,,,,,,,,,,,,,,,,,,,,,,,,,,,,,,,,,
2002:1_TOM_01_04.xls:0:550,2010:013_f60b2d2bcf_5._20Belg_Bryan_Vlad_Voron_Ivanov_Kalug_20L1_ethn_2010.xls:Data Sheet:8580,same_place,checked_rule_accepted,,Exact source-year locality naming/type plus region and county/source context; one matching physical place after explicit exclusion of same-name type/county rivals; does not assert equal population or equal boundaries.,False,,,/workspace/russian-settlements-research/research_rebuild/evidence/over1000_north_handoff_20261009,,2002.0,2010.0,,,,,,,,,,,0.0,3.0,"official source year row, printed locality source group, and current census municipal/county record; see north case note",False,novopisovo,candidate_endpoint_rows.csv; source_file_integrity_pins.csv; external source notes in README.md,"Unique Иваново PGT: 2002 Новописцово; 2010 Ново-Писцово п. (PGT); 2021 Ново-Писцово (PGT), Vichugsky context. Distinct Pistsovo village (Komsomolsky) and Novoe Pistsovo small locality excluded. No population equality/boundary inference.",,,,,,,,,,,,,,,,,,,,,,,,,,,,,,,,,,,,,,,,,,,,,,,,,,,,,,,,,,,,,,,,,,,,,,,,,,,
2010:013_f60b2d2bcf_5._20Belg_Bryan_Vlad_Voron_Ivanov_Kalug_20L1_ethn_2010.xls:Data Sheet:8580,2021:data_allsettlements_anon_156_v20251217.parquet:parquet:19954,same_place,checked_rule_accepted,,Exact source-year locality naming/type plus region and county/source context; one matching physical place after explicit exclusion of same-name type/county rivals; does not assert equal population or equal boundaries.,False,,,/workspace/russian-settlements-research/research_rebuild/evidence/over1000_north_handoff_20261009,,2010.0,2021.0,,,,,,,,,,,0.0,3.0,"official source year row, printed locality source group, and current census municipal/county record; see north case note",False,novopisovo,candidate_endpoint_rows.csv; source_file_integrity_pins.csv; external source notes in README.md,"Unique Иваново PGT: 2002 Новописцово; 2010 Ново-Писцово п. (PGT); 2021 Ново-Писцово (PGT), Vichugsky context. Distinct Pistsovo village (Komsomolsky) and Novoe Pistsovo small locality excluded. No population equality/boundary inference.",,,,,,,,,,,,,,,,,,,,,,,,,,,,,,,,,,,,,,,,,,,,,,,,,,,,,,,,,,,,,,,,,,,,,,,,,,,
2002:1_TOM_01_04.xls:0:583,2010:013_f60b2d2bcf_5._20Belg_Bryan_Vlad_Voron_Ivanov_Kalug_20L1_ethn_2010.xls:Data Sheet:9774,same_place,checked_rule_accepted,,Exact source-year locality naming/type plus region and county/source context; one matching physical place after explicit exclusion of same-name type/county rivals; does not assert equal population or equal boundaries.,False,,,/workspace/russian-settlements-research/research_rebuild/evidence/over1000_north_handoff_20261009,,2002.0,2010.0,,,,,,,,,,,1.0,3.0,"official source year row, printed locality source group, and current census municipal/county record; see north case note",False,oktyabrsky_komsomolsky,candidate_endpoint_rows.csv; source_file_integrity_pins.csv; external source notes in README.md,Same named locality in Komsolmsky district; legal type change PGT→selo by 2010 is independently stated in the own locality article (before 2004 PGT). The 2010 exact-count row is the Komsomolsky 1227; 2021 same-county row 1172. Other Ivanovo Oktyabrsky records are in Zavolzhsky/Kineshma and are not joined. Preserve raw 2010 1227 despite secondary 1226. Identity only.,,,,,,,,,,,,,,,,,,,,,,,,,,,,,,,,,,,,,,,,,,,,,,,,,,,,,,,,,,,,,,,,,,,,,,,,,,,
2010:013_f60b2d2bcf_5._20Belg_Bryan_Vlad_Voron_Ivanov_Kalug_20L1_ethn_2010.xls:Data Sheet:9774,2021:data_allsettlements_anon_156_v20251217.parquet:parquet:21200,same_place,checked_rule_accepted,,Exact source-year locality naming/type plus region and county/source context; one matching physical place after explicit exclusion of same-name type/county rivals; does not assert equal population or equal boundaries.,False,,,/workspace/russian-settlements-research/research_rebuild/evidence/over1000_north_handoff_20261009,,2010.0,2021.0,,,,,,,,,,,1.0,3.0,"official source year row, printed locality source group, and current census municipal/county record; see north case note",False,oktyabrsky_komsomolsky,candidate_endpoint_rows.csv; source_file_integrity_pins.csv; external source notes in README.md,Same named locality in Komsolmsky district; legal type change PGT→selo by 2010 is independently stated in the own locality article (before 2004 PGT). The 2010 exact-count row is the Komsomolsky 1227; 2021 same-county row 1172. Other Ivanovo Oktyabrsky records are in Zavolzhsky/Kineshma and are not joined. Preserve raw 2010 1227 despite secondary 1226. Identity only.,,,,,,,,,,,,,,,,,,,,,,,,,,,,,,,,,,,,,,,,,,,,,,,,,,,,,,,,,,,,,,,,,,,,,,,,,,,
2002:026_0eca405331_02c_Novgorodskaja.xls:Sheet1:3424,2010:001_723371ec84_1._20NW_2010.xls:NW:11266,same_place,checked_rule_accepted,,Exact source-year locality naming/type plus region and county/source context; one matching physical place after explicit exclusion of same-name type/county rivals; does not assert equal population or equal boundaries.,False,,,/workspace/russian-settlements-research/research_rebuild/evidence/over1000_north_handoff_20261009,,2002.0,2010.0,,,,,,,,,,,1.0,3.0,"official source year row, printed locality source group, and current census municipal/county record; see north case note",False,dubovitsy_starorussky,candidate_endpoint_rows.csv; source_file_integrity_pins.csv; external source notes in README.md,"Same locality at Старорусский district: 2002 native row has 1293 and 2021 row is 887 at same exact county/type/name. 2010 source sheet has the corresponding 1106 row; its same-name alternatives are 8, 5, 10 in other districts. Preserve protected 1106; secondary 1107 does not substitute. Identity only.",,,,,,,,,,,,,,,,,,,,,,,,,,,,,,,,,,,,,,,,,,,,,,,,,,,,,,,,,,,,,,,,,,,,,,,,,,,
2010:001_723371ec84_1._20NW_2010.xls:NW:11266,2021:data_allsettlements_anon_156_v20251217.parquet:parquet:79722,same_place,checked_rule_accepted,,Exact source-year locality naming/type plus region and county/source context; one matching physical place after explicit exclusion of same-name type/county rivals; does not assert equal population or equal boundaries.,False,,,/workspace/russian-settlements-research/research_rebuild/evidence/over1000_north_handoff_20261009,,2010.0,2021.0,,,,,,,,,,,1.0,3.0,"official source year row, printed locality source group, and current census municipal/county record; see north case note",False,dubovitsy_starorussky,candidate_endpoint_rows.csv; source_file_integrity_pins.csv; external source notes in README.md,"Same locality at Старорусский district: 2002 native row has 1293 and 2021 row is 887 at same exact county/type/name. 2010 source sheet has the corresponding 1106 row; its same-name alternatives are 8, 5, 10 in other districts. Preserve protected 1106; secondary 1107 does not substitute. Identity only.",,,,,,,,,,,,,,,,,,,,,,,,,,,,,,,,,,,,,,,,,,,,,,,,,,,,,,,,,,,,,,,,,,,,,,,,,,,
ROSSTAT2010KARELIA:RURAL:DOCX:t34:r23,2021:data_allsettlements_anon_156_v20251217.parquet:parquet:31504,same_place,checked_rule_accepted,,"Exact name Чална-1, same settlement type and Прионежский/Гарнизонное context in official 2010 rural table and 2021 source row; distinct 2002 Чална in Pryazha explicitly excluded. Identity only.",False,,,/workspace/russian-settlements-research/research_rebuild/evidence/over1000_north_handoff_20261009,,2010.0,2021.0,,,,,,,,,,,0.0,2.0,Official 2010 rural settlements DOCX table 34 row 23; 2021 census row 31504 exact district and municipality,False,chalna1_2010_2021,source_file_integrity_pins.csv; candidate_endpoint_rows.csv; README v3 scope notes,2002 individual Chalna-1 census population not established. The distinct Чална rural place in Pryazha is not linked; do not assign its 2845. This edge closes identity only for observed 2010/2021 rows.,,,,,,,,,,,,,,,,,,,,,,,,,,,,,,,,,,,,,,,,,,,,,,,,,,,,,,,,,,,,,,,,,,,,,,,,,,,
2002:027_25f0f7433c_02c_Pskovskaja.xls:!!:4470,2021:data_allsettlements_anon_156_v20251217.parquet:parquet:104784,same_place,checked_rule_accepted,,"Direct source-year identity based on unique same-name (spacing-only variant Крюки2/Крюки 2), same type (деревня), same Pskov/Ostrovsky locality context, and explicit native row continuity; same-year regional exact namesakes are excluded by district/volost, and the 2021 record has its own accepted point. 2010 one-row reporting grain is not joined to this component.",False,,,/workspace/russian-settlements-research/research_rebuild/evidence/over1000_north_handoff_20261009,,2002.0,2021.0,,,,,,,,,,,0.0,2.0,"2002 native table district Островский, Бережанская волость; 2021 native census district Островский, Горайская волость",False,kryuki2_direct_02_21,source_scope_findings_v3.md; source_file_integrity_pins_v3.csv; 2021 accepted point snapshot row 104784,"2002 count 1530 and 2021 count 296 remain native values, do not infer a continuous trend. The only 2010 row in the full selected Pskov source is `Крюки` (село) 492; exact membership/extent is unknown and no allocation to part 2 is made.",,,,,,,,,,,,,,,,,,,,,,,,,,,,,,,,,,,,,,,,,,,,,,,,,,,,,,,,,,,,,,,,,,,,,,,,,,,
2002:1_TOM_01_04.xls:0:309,2010:013_f60b2d2bcf_5._20Belg_Bryan_Vlad_Voron_Ivanov_Kalug_20L1_ethn_2010.xls:Data Sheet:5385,same_place,checked_rule_accepted,,"Direct own-place source binding: regional 2002 table reports a unique PGT row with population 1217; the independently named own locality article places Красный Октябрь in Kovrovsky, confirms 2002 population 1217 and PGT status through 2005, and gives 2010 census 944. The 2010 full regional workbook has the single corresponding row (source raw 942; preserve protected value). The distinct Gus-Khrustalny locality has separate 2002/2010/2021 rows and a different own place/history.",False,,,/workspace/russian-settlements-research/research_rebuild/evidence/over1000_north_handoff_20261009,,2002.0,2010.0,,,,,,,,,,,1.0,3.0,2002/2010 type+count own-locality county article; 2021 native Kovrovsky district; exact 2010 row flanks and county article support source binding,False,krasny_oktyabr_kovrovsky,source_scope_findings_v5.md; source_file_integrity_pins_v3.csv; article at book33.ru / own locality history,"The 2010 source population 942 remains unchanged, despite independent secondary printed 944; value-quality remains protected/unverified. No population equality or boundary equivalence asserted.",,,,,,,,,,,,,,,,,,,,,,,,,,,,,,,,,,,,,,,,,,,,,,,,,,,,,,,,,,,,,,,,,,,,,,,,,,,
2010:013_f60b2d2bcf_5._20Belg_Bryan_Vlad_Voron_Ivanov_Kalug_20L1_ethn_2010.xls:Data Sheet:5385,2021:data_allsettlements_anon_156_v20251217.parquet:parquet:2311,same_place,checked_rule_accepted,,"Same own place binding by exact source year name and row source, Kovrovsky local history article, and 2021 native name/type/current county. Same-name Gus-Khrustalny rival has a different census series and current county.",False,,,/workspace/russian-settlements-research/research_rebuild/evidence/over1000_north_handoff_20261009,,2010.0,2021.0,,,,,,,,,,,1.0,3.0,2010 own locality county article; 2021 native census row Kovrovsky municipal rayon/Ivanovskoye rural settlement,False,krasny_oktyabr_kovrovsky,source_scope_findings_v5.md; 2021 accepted point snapshot row 2311,Retain protected 2010 raw value 942 and published quality; do not substitute secondary 944. Distinct Gus-Khrustalny row/pop series expressly excluded.,,,,,,,,,,,,,,,,,,,,,,,,,,,,,,,,,,,,,,,,,,,,,,,,,,,,,,,,,,,,,,,,,,,,,,,,,,,
2002:066_76aa869929_Altai_krai1.xls:Sheet1:1475,2010:008_342f3c208b_16._20Сиб_ФО_2010.xls:Sib:882,same_place,checked_rule_accepted,,,,,,/workspace/russian-settlements-research/research_rebuild/evidence/over1000_rest_20261009/A112_v10_altai_belovo_rebrikhinsky_temporal,,2002.0,2010.0,,,,,,,,,,,,,,,,,,1781.0,1556.0,/workspace/settlements-raw/data/raw/2002/066_76aa869929_Altai_krai1.xls,125d9d9dd5f089c0e610f2cb4ec9b77c204aebda058730bb08292e3060e6097a,"Sheet1 physical row 1475; preceding row1474 is Беловский сельсовет, population 1,781","село Белово; Rebrikhinsky district, Belovsky selsoviet",/workspace/settlements-raw/data/raw/2010/008_342f3c208b_16._20Сиб_ФО_2010.xls,960feadeb50c27be2d8a2084112349fb0c22ae608929716bcafed5a140c84d0e,"Sib worksheet physical row 882; raw row `[876,"""",Altai Krai,"""", ""с. Белово"",1556]`","село Белово; row is one of two same-name Altai records; the article table resolves 2010 count 1,556 to Rebrikhinsky Bелово.","2010 physical row1403 is separate с. Белово, population230, corresponding to distinct Ust-Pristansky Bелово article/current locality (different rayon and current native code). 2002 article table has 1,788 for 2002 while primary raw row1475 is 1,781; use primary source value and flag discrepancy.",Белово (Ребрихинский район),2737765.0,147551589.0,Rendered article table contains 2010 row `↗ 1556` and header cites “ВПН-2010. Алтайский край”; this equals raw regional XLS 2010 row 882. Article page identity explicitly names Rebrikhinsky rayon and Bеловский сельсовет.,1235807001,1.0,1,"Graph68 current row already has accepted own point 52.9464157,82.260595 from tochno_2021_dadata_raw_parquet_point; no new point proposed.",False,"2002 raw source explicitly names Rebrikhinsky district and Belovsky selsoviet. Current exact Rebrikhinsky article’s dated 2010 census table shows 1,556, which matches candidate raw 2010 row882; its own page name/municipality context distinguishes the other same-name village. Candidate needs root graph replay.",,,,,,,,,,,,,,,,,,,,,,,,,,,,,,,,,,,,,,,,,,,,,,,,,,,,,,
2010:008_342f3c208b_16._20Сиб_ФО_2010.xls:Sib:882,2021:data_allsettlements_anon_156_v20251217.parquet:parquet:40131,same_place,checked_rule_accepted,,,,,,/workspace/russian-settlements-research/research_rebuild/evidence/over1000_rest_20261009/A112_v10_altai_belovo_rebrikhinsky_temporal,,2010.0,2021.0,,,,,,,,,,,,,,,,,,1556.0,1236.0,/workspace/settlements-raw/data/raw/2010/008_342f3c208b_16._20Сиб_ФО_2010.xls,960feadeb50c27be2d8a2084112349fb0c22ae608929716bcafed5a140c84d0e,"Sib worksheet physical row882, exact label с. Белово, population1556",Rebrikhinsky article identifies the 2010 figure 1556 as the Rebrikhinsky Bелово; the other 2010 same-name candidate has population230 and Ust-Pristansky counterpart.,/workspace/settlements-raw/data/interim/2021_tochno/data_allsettlements_anon_156_v20251217.parquet,86c197cd522e0b63669e9c6e7f43fd3d82b3704c6a126c800a9968ecd16cae14,parquet row from source ID 2021:data_allsettlements_anon_156_v20251217.parquet:parquet:40131,село Белово; Ребрихинский муниципальный район; Сельское поселение Беловский сельсовет; OKATO=01235807001,"2021 raw has another Altai Bелово under Ust-Pristansky district with OKATO 1255808001, distinct from Rebrikhinsky current OKATO 1235807001.",Белово (Ребрихинский район),2737765.0,147551589.0,Rendered article table contains 2010 row `↗ 1556` and header cites “ВПН-2010. Алтайский край”; this equals raw regional XLS 2010 row 882. Article page identity explicitly names Rebrikhinsky rayon and Bеловский сельсовет.,1235807001,1.0,1,"Graph68 current row already has accepted own point 52.9464157,82.260595 from tochno_2021_dadata_raw_parquet_point; no new point proposed.",False,Exact 2021 current OKATO binds unique 2009 classifier row `п Белово` for Rebrikhinsky (1235807001); article page states Rebrikhinsky district/Belovsky selsoviet and dated 2010 count 1556; source 2010 raw row 882 matches it. Distinct same-name village code 1255808001 kept outside component. Candidate pending graph replay.,,,,,,,,,,,,,,,,,,,,,,,,,,,,,,,,,,,,,,,,,,,,,,,,,,,,,,
2002:066_76aa869929_Altai_krai1.xls:Sheet1:1588,2010:008_342f3c208b_16._20Сиб_ФО_2010.xls:Sib:943,same_place,checked_rule_accepted,,,,,,/workspace/russian-settlements-research/research_rebuild/evidence/over1000_rest_20261009/A112_v11_altai_sidorovka_romanovsky_temporal,,2002.0,2010.0,,,,,,,,,,,,,,,,,,1545.0,1332.0,,,Altai 2002 XLS Sheet1 row1588; preceding row1587 Sидоровский сельсовет; Romanovsky rayon,,,,2010 Siberian XLS Sib sheet row943; с. Сидоровка; population1332,,,,,,,,,,,False,,"2002 row2101 is Sидоровка, Topchikhinsky rayon, population518. 2010 row1265 is same-name village pop380 and belongs separate Topchikhinsky candidate, corroborated by current code 01249860001.","Сидоровка (Романовский район), pageid 7760617, revision 147698237; rendered census table cites official `ВПН-2010. Алтайский край` and gives 2010 value 1332, resolving row943.",Численность населения 1926 [ 3 ] 1997 [ 4 ] 1998 [ 4 ] 1999 [ 4 ] 2000 [ 4 ] 2001 [ 4 ] 2002 [ 4 ] 4664 ↘ 1544 ↘ 1533 ↗ 1552 ↘ 1535 ↘ 1522 ↗ 1536 2003 [ 4 ] 2004 [ 4 ] 2005 [ 4 ] 2006 [ 4 ] 2007 [ 4 ] 2008 [ 4 ] 2009 [ 4 ] ↘ 1522 ↘ 1505 ↘ 1470 → 1470 ↘ 1435 ↘ 1388 ↘ 1369 2010 [ 5 ] 2011 [ 6 ] 2012 [ 6 ] 2013 [ 6 ] 2014 [ 7 ] 2015 [ 8 ] 2016 [ 9 ] ↘ 1332 ↘ 1329 ↘ 1310 ↘ 1287 ↘ 1283 ↘ 1258 ↗ 1263 2017 [ 10 ] 2018 [ 11 ] 2019 [ 12 ] 2020 [ 13 ] 2021 [ 1 ] ↘ 1239 ↘ 1216 ↘ 1205 ↗ 1223 ↘ 1206,,,,,,,,,,,,,,,,,,,,,,,,,,,,,,,,,,,,,,,,,,,,,,,,,,,
2010:008_342f3c208b_16._20Сиб_ФО_2010.xls:Sib:943,2021:data_allsettlements_anon_156_v20251217.parquet:parquet:40229,same_place,checked_rule_accepted,,,,,,/workspace/russian-settlements-research/research_rebuild/evidence/over1000_rest_20261009/A112_v11_altai_sidorovka_romanovsky_temporal,,2010.0,2021.0,,,,,,,,,,,,,,,,,,1332.0,1097.0,,,2010 Siberian XLS Sib row943,,,,2021 raw Parquet row40229,,,,,,,,,,,False,,,"Сидоровка (Романовский район), pageid 7760617, revision 147698237; district-qualified object, 2010 table count matches row943.",,01237879001,1,Romanovsky rayon/Sidorovsky council; distinct Topchikhinsky Sidorovka has code01249860001,,,,,,,,,,,,,,,,,,,,,,,,,,,,,,,,,,,,,,,,,,,,,,,,
2002:066_76aa869929_Altai_krai1.xls:Sheet1:799,2010:008_342f3c208b_16._20Сиб_ФО_2010.xls:Sib:464,same_place,checked_rule_accepted,,,,,,/workspace/russian-settlements-research/research_rebuild/evidence/over1000_rest_20261009/A112_v12_altai_krasnogorsky_berezovka_temporal,,2002.0,2010.0,,,,,,,,,,,,,,,,,,1360.0,1187.0,,,"Altai 2002 regional XLS Sheet1 row799, after row798 header Березовский сельсовет; Красногорский district",,,,"2010 Siberian XLS Sib row464; raw label с. Берёзовка, population1187",,"2002 same-name/similar spelling villages include Krasnoschekovsky pop1698, Soloneshensky719, Tyumentsevsky813, others; all different rayon. 2010 exact Altai raw file has one same named `с. Берёзовка` row at 464.",,,,,,,,,,,,,,,,,"Article `Берёзовка (Красногорский район)` page 4756527 revision 153851277; district and сельсовет context; 2010 census table has 1,187 and cites official ВПН-2010 Altai source.","Article population table gives 2002=1,331 while primary 2002 raw row gives 1,360. Use primary raw 2002 value; flag the discrepancy.","2002 raw row's rayon and preceding explicit сельсовет, 2010 primary raw exact typed locality, current article district page with 2010 census value matching raw row.",,,,,,,,,,,,,,,,,,,,,,,,,,,,,,,,,,,,,,,,,,,,,
2010:008_342f3c208b_16._20Сиб_ФО_2010.xls:Sib:464,2021:data_allsettlements_anon_156_v20251217.parquet:parquet:39523,same_place,checked_rule_accepted,,,,,,/workspace/russian-settlements-research/research_rebuild/evidence/over1000_rest_20261009/A112_v12_altai_krasnogorsky_berezovka_temporal,,2010.0,2021.0,,,,,,,,,,,,,,,,,,1187.0,1012.0,,,2010 Sib row464,,,,2021 Tochno raw parquet row39523,,Current raw has separate same-name villages in other Altai rayons; this object is Krasnogorsky (code 01219805001).,,,,,,,,,,,,,,01219805001,,,"`Берёзовка (Красногорский район)` identifies Krasnogorsky district and gives 2010=1,187; the current 2021 native OKATO matches unique classifier row.",,2021 district-native source row and code match current Krasnogorsky village. The 2010 raw row is uniquely matched by type/name and the district-qualified census table. No boundary comparability.,1,,,,,,,,,,,,,,,,,,,,,,,,,,,,,,,,,,,,,,,,,,,,
2002:051_46e3ecb0a0_02c_Permskaja_obl.xls:Sheet1:1444,2010:016_802d308e41_8._20Or_Penz_Perm_Samar_Saratov_Uly_2010.xls:!!!:5852,same_place,checked_rule_accepted,,,,,,/workspace/russian-settlements-research/research_rebuild/evidence/over1000_rest_20261009/A112_v13_karagay_savino_ordered_council_bridge,,2002.0,2010.0,,,,,,,,,,,,,,,,,,1940.0,2097.0,,,2002 regional XLS Sheet1 row1444; preceding row1443 is Богдановский сельсовет; district Карагайский,,,,"2010 regional XLS sheet !!! physical row5852; `д. Савино`, population2097",,"2002 same-name Savino row1550 is in Nердвинский сельсовет, population6; 2002 row878 belongs Юсьвинский district, population93. 2010 row5933 is separate д. Савино population4, in a different local block.",,,,,,,,,,"Source order is used only with the exact same distinctive localities, typed name, same census region, and the matching 2002 council context. Not population equality alone.",,,,,,,,,,,"2002 Bogdanovsky council children list row1444 Savino,1445 Azovo,1446 Bogdanovo,1447 Volgi,1449 Kirshino,1450 Kuzmino,1452 Oskino. 2010 ordered locality sequence rows5852 Savino,5853 Azovo,5854 Bogdanovo,5855 Volgi,5856 Kirshino,5857 Kuzmino,5858 Oskino reproduces this same group order. This source-bound grouped context binds the 2010 2,097 row to the 2002 council locality, while the small 2010 Savino appears later in another group.",,,,,,,,,,,,,,,,,,,,,,,,,,,,,,,,,,,,,,,,,,,
2010:016_802d308e41_8._20Or_Penz_Perm_Samar_Saratov_Uly_2010.xls:!!!:5852,2021:data_allsettlements_anon_156_v20251217.parquet:parquet:96167,same_place,checked_rule_accepted,,,,,,/workspace/russian-settlements-research/research_rebuild/evidence/over1000_rest_20261009/A112_v13_karagay_savino_ordered_council_bridge,,2010.0,2021.0,,,,,,,,,,,,,,,,,,2097.0,2121.0,,,2010 XLS !!! row5852 plus row sequence linked to old Bogdanovsky council,,,,"2021 raw row96167, OKTMO 57522000731",,"2010 row5933 Savino pop4 is separate, plus 2002 Nердвинский/Yusvinsky same-name small villages. Current 2021 row96168 with OKTMO57522000736 pop10 is another entity.",,,,,,,,,,Current 2021 row has exact proper typed village and Karagay district; ordered census row group is the same historic Bogdanovsky council group. Graph68 already has accepted own named locality point; no boundary comparability asserted.,,,,,,,,,,,,Карагайский муниципальный округ; 2002 parent is Карагайский район/Bogdanovsky council.,"Graph68 accepts 58.18138888888889,54.980555555555554 from exact own-page revision source pageid=8440049;revisionid=152200695;slots.main.content;NP+Russia_infobox.lat_deg/min/sec,lon_deg/min/sec; no new point is proposed.",,,,,,,,,,,,,,,,,,,,,,,,,,,,,,,,,,,,,,,,,
2002:079_983a1a85f7_Primor_krai_1.xls:Sheet1:875,2010:009_81f8a0e73c_17._20ДВ_ФО_2010.xls:ДВ:512,same_place,checked_rule_accepted,,Primary raw locator plus multi-neighbor source sequence crosschecked against Chuguevsky 2002/2021 records; population equality is not used alone.,,,,/workspace/russian-settlements-research/research_rebuild/evidence/over1000_rest_20261009/A112_v14_3_sokolovka_temporal_candidate_edges,,2002.0,2010.0,,,,,,,,,,,,,,,,,,1058.0,1058.0,,,worksheet=Sheet1;physical_row_1based=875,,,,worksheet=ДВ;physical_row_1based=512,,,,,,,,,,Current receiver own point already accepted; no new point proposed.,False,,,,,,,,,,,,,,,2021:data_allsettlements_anon_156_v20251217.parquet:parquet:99587,86c197cd522e0b63669e9c6e7f43fd3d82b3704c6a126c800a9968ecd16cae14,parquet_row_1based=99587,996.0,5255000000.0,"44.1194745,133.8667682",,,,,,,,"44.1194745,133.8667682",,/workspace/settlements-raw/data/raw/2002/079_983a1a85f7_Primor_krai_1.xls,13c795665e6d97057b9bf7b0fb3f138919f4e5da36dc1a91d9f2959b319a87c1,село Соколовка,Чугуевский район / Чугуевская сельская администрация,Adjacent 2002 rows 874 Chuguevka and 876 Tsvetkovka are same Chuguevsky administration; 2010 literal row512 lies between 2010 Chuguevka and Tsvetkovka; district cell blank. Selected-ledger imported Khasansky token conflicts with raw source and is not a second same-region locality.,/workspace/settlements-raw/data/raw/2010/009_81f8a0e73c_17._20ДВ_ФО_2010.xls,a8fd7aa55513e73a205ebff1da2ce35fd8ca0f61c286e54491cf49c6132470c4,Primorsky row label с. Соколовка; 1058,No second Sokolovka in Primorsky 2010 workbook; same-label rows are in other federal subjects.,,,,,,,,,,,,,,,,,
2010:009_81f8a0e73c_17._20ДВ_ФО_2010.xls:ДВ:512,2021:data_allsettlements_anon_156_v20251217.parquet:parquet:99587,same_place,checked_rule_accepted,,Primary row locator plus ordered source context and matching typed current administrative scope; not population equality alone.,,,,/workspace/russian-settlements-research/research_rebuild/evidence/over1000_rest_20261009/A112_v14_3_sokolovka_temporal_candidate_edges,,2010.0,2021.0,,,,,,,,,,,,,,,,,,1058.0,996.0,,,worksheet=ДВ;physical_row_1based=512,,,,parquet_row_1based=99587,,,,,,,,,,Current receiver own point already accepted; no new point proposed.,False,,,,,,,,,,,,,,,2021:data_allsettlements_anon_156_v20251217.parquet:parquet:99587,86c197cd522e0b63669e9c6e7f43fd3d82b3704c6a126c800a9968ecd16cae14,parquet_row_1based=99587,996.0,5255000000.0,"44.1194745,133.8667682",,,,,,,,"44.1194745,133.8667682",,/workspace/settlements-raw/data/raw/2010/009_81f8a0e73c_17._20ДВ_ФО_2010.xls,a8fd7aa55513e73a205ebff1da2ce35fd8ca0f61c286e54491cf49c6132470c4,Primorsky row label с. Соколовка; 1058,,Adjacent raw row anchors Chuguevka and Tsvetkovka; 2021 typed counterpart and same-area locality counterparts resolve to Chuguevsky municipality. Selected-ledger Khasansky value is not in the raw workbook.,/workspace/settlements-raw/data/interim/2021_tochno/data_allsettlements_anon_156_v20251217.parquet,86c197cd522e0b63669e9c6e7f43fd3d82b3704c6a126c800a9968ecd16cae14,село Соколовка; Чугуевский муниципальный округ; OKATO 05255000000; OKTMO 5555000231,Unique typed name-region current counterpart; adjacent Chuguevka and Tsvetkovka current anchors are same municipal scope.,,,,,,,,,,,,,,,,,
2002:051_46e3ecb0a0_02c_Permskaja_obl.xls:Sheet1:2323,2010:016_802d308e41_8._20Or_Penz_Perm_Samar_Saratov_Uly_2010.xls:!!!:6515,same_place,checked_rule_accepted,,,,,,/workspace/russian-settlements-research/research_rebuild/evidence/over1000_rest_20261009/A112_v15_chaykovskaya_station_lexical_bridge,,2002.0,2010.0,,,,,,,,,,,,,,,,,,3084.0,2987.0,,,"2002 Perm XLS Sheet1 physical row2323; district Нытвенский, Калининский сельсовет",,,,2010 Perm source worksheet !!! physical row6515; raw label `станция посёлок Чайковская`,,No other exact locality name candidate in 2002/2010/2021 selected list. Current standalone city Чайковский is a different object/code.,,,,,,,,,False,All three source rows preserve the specific Чайковская station name; classifier/GeoKLADR dated object context and unique source rows distinguish this place from urban Чайковский and other station sites. Candidate only: source interpretation and type change should remain local to this object.,,,,,,,,,,,,,,,,,,,,,,,,,,,,,,,,,,,,,,"2002 selected name `станция Чайковская`, type посёлок. 2010 raw composite label `станция посёлок Чайковская` (parser recorded name посёлок Чайковская, type станция).",2002 parent is Kalininsky rural council in Nytvensky district; 2010 exact native-census row in same Perm source region; 2021 exact current row identifies Nytvensky municipal district and same source locality name.,"2009 classifier code57234810001 line123129 is raw label `п ст Чайковская`, status поселок сельского типа; 2011 GeoKLADR record92087 name `п ст Чайковская`, type `ст`, coordinates55.534807/58.12526. This confirms the named site is a settlement tied to the station; the type fields vary by publisher/time.","Graph68 current own point already accepted at 58.1305,55.536 from article pageid8402771 revision151254510; no new point proposed.",,,,,,,,,,,,,
2010:016_802d308e41_8._20Or_Penz_Perm_Samar_Saratov_Uly_2010.xls:!!!:6515,2021:data_allsettlements_anon_156_v20251217.parquet:parquet:98451,same_place,checked_rule_accepted,,,,,,/workspace/russian-settlements-research/research_rebuild/evidence/over1000_rest_20261009/A112_v15_chaykovskaya_station_lexical_bridge,,2010.0,2021.0,,,,,,,,,,,,,,,,,,2987.0,2969.0,,,2010 worksheet !!! row6515,,,,2021 raw row98451; OKTMO57727000671; OKATO57234000117,,Only one 2010 exact Chaykovskaya row and one 2021 exact locality row; 2021 Chaykovsky city is separately named with different OKATO/OKTMO.,,,,,,,,,False,"Local row-level wording provides the site link, not a generic station/settlement rule. Type parse differs, but each date's full label names the settlement at the same station.",,,,,,,,,,,,,,,,,,,,,,,,,,,,,,,,,,,,,,2010 `станция посёлок Чайковская`; 2021 `посёлок при станции Чайковская` / raw object `посёлок при станции Чайковская`.,"2010 Nытvensky-region census row, 2021 Nытvensky municipal okrug.",2009/2011 exact older classifier object uses code57234810001 and name `п ст Чайковская`; 2011 coordinates land within about 0.6 km of the accepted article point. The 2021 separate publisher code is not asserted identical to 2009 code; link is based on the dated name + proper district and point source identity.,"Existing accepted Graph68 point: 58.1305,55.536 from own article record; not a candidate application.",,,,,,,,,,,,,
2002:066_76aa869929_Altai_krai1.xls:Sheet1:1103,2010:008_342f3c208b_16._20Сиб_ФО_2010.xls:Sib:655,same_place,checked_rule_accepted,,,,,,/workspace/russian-settlements-research/research_rebuild/evidence/over1000_rest_20261009/A112_v17_altai_loktevskaya_uspenka_temporal,,2002.0,2010.0,,,,,,,,,,,,,,,,,,1163.0,1135.0,/workspace/settlements-raw/data/raw/2002/066_76aa869929_Altai_krai1.xls,125d9d9dd5f089c0e610f2cb4ec9b77c204aebda058730bb08292e3060e6097a,Sheet1 physical row 1103; cell label `село Успенка`; row1102 heading `Успенский сельсовет`,село Успенка; Loktevsky district; Uspensky selsoviet (2002 raw row1102 heading).,/workspace/settlements-raw/data/raw/2010/008_342f3c208b_16._20Сиб_ФО_2010.xls,960feadeb50c27be2d8a2084112349fb0c22ae608929716bcafed5a140c84d0e,"Sib worksheet physical row 655; raw cells `[649,"""",""Алтайский край"","""",""с. Успенка"",1135]`","село Успенка; rayon absent in regional row. Secondary page for the exact locality names Loktevsky rayon and gives 2010 census count 1,135, which exactly binds raw 2010 row655; another same-name Altai row is 216.",2002 Tabunsky район posёлок Uspenka 238; 2010 second Altai село Uspenka 216 (separate homonym).,Успенка (Локтевский район),4169167.0,147598644.0,"Article states census 2010 1,135 (552 men, 583 women); same as raw 2010 row655. Article identifies as village in Loktevsky rayon and administrative center / only settlement of Uspensky selsoviet.",1225884001,1.0,not needed for identity; no new point proposal,"2021 current row already has accepted point 50.9689329,81.5358031 from raw Tochno/DaData; no new point proposed.",False,Candidate only pending root graph collision replay. 2002 raw hierarchy and the article’s exact 2010 count/rayon bind the same named typed object; the article is secondary support for the 2010 row because this regional source does not print rayon. No population value edited.,,,,,,,,,,,,,,,,,,,,,,,,,,,,,,,,,,,,,,,,,,,,,,,,,,,,,,
2010:008_342f3c208b_16._20Сиб_ФО_2010.xls:Sib:655,2021:data_allsettlements_anon_156_v20251217.parquet:parquet:39794,same_place,checked_rule_accepted,,,,,,/workspace/russian-settlements-research/research_rebuild/evidence/over1000_rest_20261009/A112_v17_altai_loktevskaya_uspenka_temporal,,2010.0,2021.0,,,,,,,,,,,,,,,,,,1135.0,745.0,/workspace/settlements-raw/data/raw/2010/008_342f3c208b_16._20Сиб_ФО_2010.xls,960feadeb50c27be2d8a2084112349fb0c22ae608929716bcafed5a140c84d0e,"Sib worksheet physical row 655; raw cells `[649,"""",""Алтайский край"","""",""с. Успенка"",1135]`","село Успенка; article binds 2010 row to Loktevsky rayon and 2010 value 1,135.",/workspace/settlements-raw/data/interim/2021_tochno/data_allsettlements_anon_156_v20251217.parquet,86c197cd522e0b63669e9e6c7f43fd3d82b3704c6a126c800a9968ecd16cae14,parquet row 1-based 39794; native OKATO 01225884001; OKTMO 1625484101; raw label `село Успенка`,село Успенка; Loktevsky municipal district; Uspensky selsoviet; native OKATO 01225884001 / OKTMO 1625484101.,2010 same-name Altai row 216; 2021 Tabunsky same-name row 81 with distinct OKATO 01246855003.,Успенка (Локтевский район),4169167.0,147598644.0,"Same named article reports official 2010 census count 1,135, binding raw regional row655.",1225884001,1.0,not needed for identity; no new point proposal,"Existing 2021 point remains accepted (50.9689329,81.5358031); no change proposed.",False,"2021 native OKATO exactly equals unique typed 2009 classifier row line1343 (`с Успенка`, село, 01225884001). It distinguishes the Tabunsky homonym. Candidate only pending root graph collision replay; no population value edited.",,,,,,,,,,,,,,,,,,,,,,,,,,,,,,,,,,,,,,,,,,,,,,,,,,,,,,
2002:1_TOM_01_04.xls:0:6193,2010:014_5ca759eea0_5._20Nizheg_Kirov_202010.xls:Data Sheet:793,same_place,checked_rule_accepted,,,,,,/workspace/russian-settlements-research/research_rebuild/evidence/over1000_rest_20261009/A112_v18_vetlugsky_kalinin_temporal_bridge,,2002.0,2010.0,,,,,,,,,,,,,,,,,,2796.0,2280.0,/workspace/settlements-raw/data/raw/2002_official_tom1/1_TOM_01_04.xls,745a24599719c877a8ddf015aadf22d3cb859444819a32f8197ae525d91483f3,worksheet 01-04 physical row 6193; raw label `пгт им. Калинина`,"pgt im. Kalinina, Vetluzhsky district; raw Tom1 row6190 is district header, row6193 under urban population.",/workspace/settlements-raw/data/raw/2010/014_5ca759eea0_5._20Nizheg_Kirov_202010.xls,c286aa10e8ebd8a4594b5623affa0ca1aacb6b69ac09a4a9288eeb754aa81c27,"Data Sheet physical row 793; raw label `пгт им. Калинина`, population 2280","pgt im. Kalinina, raw regional row793; rayon not printed in row. Current own page title/article gives Vetluzhsky identity; exact 2010 source row is the sole 2010 same-name pgt candidate in the region.","2002 Bor district homonym has only 19 residents, separate row and entity; no second 2010 same-name pgt row.",Рабочий посёлок имени М. И. Калинина,300282.0,155284421.0,Article page names the Vetluzhsky settlement and its native identifier 22218554; it does not itself publish the census figures. Values remain exact primary rows.,22218554000 (11-digit current OKATO; 2009 classifier 8-digit prefix 22218554),1.0,1,"2021 row already has accepted current point (57.9944659,45.122215) from Tochno/DaData; no new point use proposed.",False,"Current article names Vetluzhsky rayon and gives OKATO digital identifier 22218554, which matches the unique 2009 pgt classifier record. Current 2021 raw native OKATO 22218554000 equals its 11-digit GeoKLADR bridge. The separate Bor homonym (2002 count 19) is explicitly distinguished. 2002 and 2010 selected rows match exact printed name/type and source year; article’s current rayon/native identifier disambiguates the same-name Bor settlement. Candidate only; no population equality used as sole identity proof.",,,,,,,,,,,,,,,,,,,,,,,,,,,,,,,,,,,,,,,,,,,,,,,,,,,,,,
2010:014_5ca759eea0_5._20Nizheg_Kirov_202010.xls:Data Sheet:793,2021:data_allsettlements_anon_156_v20251217.parquet:parquet:72961,same_place,checked_rule_accepted,,,,,,/workspace/russian-settlements-research/research_rebuild/evidence/over1000_rest_20261009/A112_v18_vetlugsky_kalinin_temporal_bridge,,2010.0,2021.0,,,,,,,,,,,,,,,,,,2280.0,1763.0,/workspace/settlements-raw/data/raw/2010/014_5ca759eea0_5._20Nizheg_Kirov_202010.xls,c286aa10e8ebd8a4594b5623affa0ca1aacb6b69ac09a4a9288eeb754aa81c27,"Data Sheet physical row 793; raw label `пгт им. Калинина`, population 2280","pgt im. Kalinina, raw regional row793; current article identifies same pgt in Vetluzhsky rayon, digital ID 22218554.",/workspace/settlements-raw/data/interim/2021_tochno/data_allsettlements_anon_156_v20251217.parquet,86c197cd522e0b63669e9c6e7f43fd3d82b3704c6a126c800a9968ecd16cae14,parquet row 1-based 72961; raw label `пгт им. М.И.Калинина`; native OKATO 22218554000; OKTMO 22618154051,"pgt im. M.I. Kalinina, Vetluzhsky municipal district; current OKATO 22218554000 / OKTMO 22618154051.",No other selected 2010 PGT with exact label; 2021 current code and district are unique. Bor 2002 homonym is a separate abolished settlement.,Рабочий посёлок имени М. И. Калинина,300282.0,155284421.0,"Article identifies current same locality, administrative rayon and native OKATO; no census counts claimed from article.",22218554000; matches old 2009 code 22218554+KOD3=000 and 2011 GeoKLADR code 22218554000.,1.0,1,"2021 point already accepted at (57.9944659,45.122215); 2011 GeoKLADR same-code point is (57.996143,45.10945), ~0.775 km away. No point replacement or new point use proposed.",False,"Current article names Vetluzhsky rayon and gives OKATO digital identifier 22218554, which matches the unique 2009 pgt classifier record. Current 2021 raw native OKATO 22218554000 equals its 11-digit GeoKLADR bridge. The separate Bor homonym (2002 count 19) is explicitly distinguished. Exact article abbreviation expansion and current district/native code bind the 2021 row to the 2010 same-name pgt. Candidate pending root graph replay; no values edited.",,,,,,,,,,,,,,,,,,,,,,,,,,,,,,,,,,,,,,,,,,,,,,,,,,,,,,
2002:1_TOM_01_04.xls:0:6156,ROSSTAT2010:T5:p130:l59,same_place,checked_rule_accepted,,,,,,/workspace/russian-settlements-research/research_rebuild/evidence/over1000_rest_20261009/A112_v20_balahna_first_of_may_primary_bridge,,2002.0,2010.0,,,,,,,,,,,,,,,,,,2210.0,2135.0,/workspace/settlements-raw/data/raw/2002_official_tom1/1_TOM_01_04.xls,745a24599719c877a8ddf015aadf22d3cb859444819a32f8197ae525d91483f3,Tom1 worksheet 01-04 physical row 6156; row6150 Balahninsky district; raw label `пгт 1 Мая`,пгт 1 Мая; explicit Balahninsky district in official Tom1 block.,/workspace/settlements-raw/data/raw/2010_official_tom1/tom-1-chislennost-i-razmeshchenie-naseleniya.pdf,42cb939d8024042ffcf8a708676cef3f159a93e4dad697086c80465d445887c3,"Table 5; PDF page130, printed page129, text line59; literal `пгт Первое Мая 2135 998 1137`",пгт Первое Мая; Balahninsky district explicit in official Table5.,"2002/2010 separate 22-person poselok 1 Мая; 2021 separate poselok Первое Мая row pop86 with distinct OKTMO22505000121, do not join.",,,,,,,,,False,Exact typed district source row in 2002 matches exact typed district row in official 2010 Table5; classifier/GeoKLADR/current native code confirm spelling and distinguish the small 1 May village. Candidate only pending graph replay.,,,,,,,,,,,,,,,,,,,,,,,,,,,,,,,,,,,,,,,,,,2021:data_allsettlements_anon_156_v20251217.parquet:parquet:71420,1909.0,22205560000.0,2009 PGT classifier code 22205560 line42344; 2011 GeoKLADR exact code22205560000 record29555; current PGT raw code22205560000. Separate rural 1Maya is code22205553004 line42340.,Assigned baseline already has official 2010 Table5 PGT row and 2021 PGT row in same identity component; this candidate only connects old 2002 row. Existing current point remains accepted; no new point proposed.,,,,,,,,
2002:048_4f024587eb_02c_Nizhegorod_obl_new.xls:11:3141,2010:014_5ca759eea0_5._20Nizheg_Kirov_202010.xls:Data Sheet:2420,same_place,checked_rule_accepted,,,,,,/workspace/russian-settlements-research/research_rebuild/evidence/over1000_rest_20261009/A112_v22_high_priority_udmurt_saratov_nizh_20261009,A112-SEL-2002-2010,2002.0,2010.0,cross-year ordered locality sequence and parent-context continuity,"2002 primary row is поселок Селекция in Roykin council, Kstovsky district. 2010 raw row is поселок Селекционной станции in locality order adjacent to matching Roykin-area names and maps to the sole current same-typed unit; retain legal rename date UNKNOWN.",/workspace/russian-settlements-research/research_rebuild/evidence/over1000_rest_20261009/A112_v22_high_priority_udmurt_saratov_nizh_20261009/identity_edge_witnesses.csv,source rows/population scopes unchanged; 2010 protected value; boundary comparability UNKNOWN,,,,,,,,,,,,,,,,,,,,,,,,,,,,,,,,,,,,,,,,,,,,,,,,,,,,,,,,,,,,,,,,,,,,,,,,,,,,,,,,,,,,,,,,
2010:014_5ca759eea0_5._20Nizheg_Kirov_202010.xls:Data Sheet:2420,2021:data_allsettlements_anon_156_v20251217.parquet:parquet:74362,same_place,checked_rule_accepted,,,,,,/workspace/russian-settlements-research/research_rebuild/evidence/over1000_rest_20261009/A112_v22_high_priority_udmurt_saratov_nizh_20261009,A112-SEL-2010-2021,2010.0,2021.0,exact typed 2010/current name plus unique official native code/current proper parent,2010 row label matches 2021 Селекционной станции; 2021 row is unique within oblast and has exact Kstovsky/Roykin parent and OKATO 22237842001; 2009 classifier record is unique for that name/code; 2011 GeoKLADR record carries same typed name/code.,/workspace/russian-settlements-research/research_rebuild/evidence/over1000_rest_20261009/A112_v22_high_priority_udmurt_saratov_nizh_20261009/identity_edge_witnesses.csv,source rows/population scopes unchanged; 2010 protected value; boundary comparability UNKNOWN,,,,,,,,,,,,,,,,,,,,,,,,,,,,,,,,,,,,,,,,,,,,,,,,,,,,,,,,,,,,,,,,,,,,,,,,,,,,,,,,,,,,,,,,
2002:061_e177b0a77d_Chel_abinskaja1.xls:Sheet1:341,2010:003_eb441570b1_11._20Урал_ФО_2010.xls:Урал:4821,same_place,checked_rule_accepted,,,,,,/workspace/russian-settlements-research/research_rebuild/evidence/over1000_rest_20261009/A112_v23_udmurt_nizh_chely_source_edges,A112-ISHALINO-2002-2010,2002.0,2010.0,dated local publisher row sequence with typed object partition and historical station classifier,"The 2002 pgt row Ишалино in Ишалинский сельсовет is distinct from the same-name village in Дербишевский сельсовет; the 2010 pgt row explicitly names the railway station, and the 2009 classifier uniquely identifies this typed station locality. The current station remains its own separate source object. Legal status-change date UNKNOWN.",/workspace/russian-settlements-research/research_rebuild/evidence/over1000_rest_20261009/A112_v23_udmurt_nizh_chely_source_edges/source_uid_witnesses.csv,Source observations and protected 2010 value preserved; population boundary comparability UNKNOWN.,,,,,,,,,,,,,,,,,,,,,,,,,,,,,,,,,,,,,,,,,,,,,,,,,,,,,,,,,,,,,,,,,,,,,,,,,,,,,,,,,,,,,,,,
2010:003_eb441570b1_11._20Урал_ФО_2010.xls:Урал:4821,2021:data_allsettlements_anon_156_v20251217.parquet:parquet:159976,same_place,checked_rule_accepted,,,,,,/workspace/russian-settlements-research/research_rebuild/evidence/over1000_rest_20261009/A112_v23_udmurt_nizh_chely_source_edges,A112-ISHALINO-2010-2021,2010.0,2021.0,exact typed publisher row and exact unique 2009 native classifier code,"2010 exact source row is посёлок Ишалино, ж.д.станция. 2021 row has same name/type and code 75206845001; 2009 classifier gives unique typed station row on that code. The distinct деревня Ишалино remains separate.",/workspace/russian-settlements-research/research_rebuild/evidence/over1000_rest_20261009/A112_v23_udmurt_nizh_chely_source_edges/source_uid_witnesses.csv,Source observations and protected 2010 value preserved; population boundary comparability UNKNOWN.,,,,,,,,,,,,,,,,,,,,,,,,,,,,,,,,,,,,,,,,,,,,,,,,,,,,,,,,,,,,,,,,,,,,,,,,,,,,,,,,,,,,,,,,
2002:061_e177b0a77d_Chel_abinskaja1.xls:Sheet1:1073,2010:003_eb441570b1_11._20Урал_ФО_2010.xls:Урал:5335,same_place,checked_rule_accepted,,,,,,/workspace/russian-settlements-research/research_rebuild/evidence/over1000_rest_20261009/A112_v23_udmurt_nizh_chely_source_edges,A112-MUSLYUMOVO-2002-2010,2002.0,2010.0,exact source object partition across census years with typed station classifier,Each year separately enumerates a village and a larger posyolok/station object called Муслюмово. The 2002 posyolok row under Кунашакский/Муслюмовский context aligns with the 2010 posyolок railway-station row; the 2021 source preserves the same station/village partition. 2009 classifier uniquely types the station object. No event date asserted.,/workspace/russian-settlements-research/research_rebuild/evidence/over1000_rest_20261009/A112_v23_udmurt_nizh_chely_source_edges/source_uid_witnesses.csv,Source observations and protected 2010 value preserved; population boundary comparability UNKNOWN.,,,,,,,,,,,,,,,,,,,,,,,,,,,,,,,,,,,,,,,,,,,,,,,,,,,,,,,,,,,,,,,,,,,,,,,,,,,,,,,,,,,,,,,,
2010:003_eb441570b1_11._20Урал_ФО_2010.xls:Урал:5335,2021:data_allsettlements_anon_156_v20251217.parquet:parquet:160648,same_place,checked_rule_accepted,,,,,,/workspace/russian-settlements-research/research_rebuild/evidence/over1000_rest_20261009/A112_v23_udmurt_nizh_chely_source_edges,A112-MUSLYUMOVO-2010-2021,2010.0,2021.0,exact typed name and unique same-code native classifier/GeoKLADR station object,"2010 and 2021 both name посёлок Муслюмово, ж.д.станция; the current native OKATO 75236850004 is unique in the 2009 classifier and GeoKLADR, and the village is separately listed under a different code.",/workspace/russian-settlements-research/research_rebuild/evidence/over1000_rest_20261009/A112_v23_udmurt_nizh_chely_source_edges/source_uid_witnesses.csv,Source observations and protected 2010 value preserved; population boundary comparability UNKNOWN.,,,,,,,,,,,,,,,,,,,,,,,,,,,,,,,,,,,,,,,,,,,,,,,,,,,,,,,,,,,,,,,,,,,,,,,,,,,,,,,,,,,,,,,,
2010:017_68e0e4537e_9._20Basq_Mari_Mord_Tatar_Udm_Chuv_2010.xls:!!!:11247,2021:data_allsettlements_anon_156_v20251217.parquet:parquet:156110,same_place,checked_rule_accepted,,,,,,/workspace/russian-settlements-research/research_rebuild/evidence/over1000_rest_20261009/A112_v23_udmurt_nizh_chely_source_edges,A112-POSTOL-2010-2021,2010.0,2021.0,exact typed source name plus unique OKATO classifier and GeoKLADR record,2010 row is село Постол in Завьяловский; 2021 is the same exact typed locality in the same named district and has native code 94216845006. That code resolves to one 2009 classifier row с Постол and the same 2011 GeoKLADR village record. Keep 2002 “и станция Постол” unlinked because the historical typed object differs.,/workspace/russian-settlements-research/research_rebuild/evidence/over1000_rest_20261009/A112_v23_udmurt_nizh_chely_source_edges/source_uid_witnesses.csv,Protected 2010 source value remains unchanged; boundary comparability UNKNOWN. Raw/current coordinate discrepancy is not used to reject the native identity.,,,,,,,,,,,,,,,,,,,,,,,,,,,,,,,,,,,,,,,,,,,,,,,,,,,,,,,,,,,,,,,,,,,,,,,,,,,,,,,,,,,,,,,,
2010:017_68e0e4537e_9._20Basq_Mari_Mord_Tatar_Udm_Chuv_2010.xls:!!!:11414,2021:data_allsettlements_anon_156_v20251217.parquet:parquet:156306,same_place,checked_rule_accepted,,,,,,/workspace/russian-settlements-research/research_rebuild/evidence/over1000_rest_20261009/A112_v23_udmurt_nizh_chely_source_edges,A112-SHOLYA-2010-2021,2010.0,2021.0,exact typed source identity with historical classifier/DBF geography and same rural administration,"2010 and current sources uniquely label the ordinary village село Шолья in Камбарский/Kambarsky. The historical 2009 classifier and 2011 DBF identify one same-typed village near the current raw locality point; current OKATO is different, so code equality is not asserted. The separate д. Шолья row is excluded.",/workspace/russian-settlements-research/research_rebuild/evidence/over1000_rest_20261009/A112_v23_udmurt_nizh_chely_source_edges/source_uid_witnesses.csv,Protected 2010 source value preserved; boundary comparability UNKNOWN. No point replacement proposed.,,,,,,,,,,,,,,,,,,,,,,,,,,,,,,,,,,,,,,,,,,,,,,,,,,,,,,,,,,,,,,,,,,,,,,,,,,,,,,,,,,,,,,,,
2010:014_5ca759eea0_5._20Nizheg_Kirov_202010.xls:Data Sheet:4554,2021:data_allsettlements_anon_156_v20251217.parquet:parquet:75546,same_place,checked_rule_accepted,,,,,,/workspace/russian-settlements-research/research_rebuild/evidence/over1000_rest_20261009/A112_v23_udmurt_nizh_chely_source_edges,A112-IGUMNOVO-2010-2021,2010.0,2021.0,unique typed locality row and historical classifier/GeoKLADR spatially consistent native object,"2010 and 2021 rows are the only exact posyolok Игумново row in their respective selected locality sources for Nizhny Novgorod; the same-year village/derevnya namesakes are separated by type. A unique 2009/2011 classifier posyolok Игумново lies about 0.45km from the current row. Native code differs across versions, so no code-equality claim is made.",/workspace/russian-settlements-research/research_rebuild/evidence/over1000_rest_20261009/A112_v23_udmurt_nizh_chely_source_edges/source_uid_witnesses.csv,Protected 2010 source value preserved; boundary comparability UNKNOWN.,,,,,,,,,,,,,,,,,,,,,,,,,,,,,,,,,,,,,,,,,,,,,,,,,,,,,,,,,,,,,,,,,,,,,,,,,,,,,,,,,,,,,,,,
2002:1_TOM_01_04.xls:0:7184,2010:016_802d308e41_8._20Or_Penz_Perm_Samar_Saratov_Uly_2010.xls:!!!:9951,same_place,checked_rule_accepted,,,,,,/workspace/russian-settlements-research/research_rebuild/evidence/over1000_rest_20261009/A112_v24_saratov_alekseevka_hvalynsk_source_order,A112-SARATOV-ALEKSEEVKA-2002-2010,2002.0,2010.0,official 2002 county hierarchy plus 2010 literal source-order crosswalk to multiple Hvalynsky anchors,"The official 2002 Tom 1 source places pgt Алексеевка 2143 within Хвалынский район. The selected 2010 p Алексеевка row9951 sits between 2010 rows for Старая Яблонка, Апалиха, Демкино, each independently located in Hvalynsky by 2002 and 2021 source rows. The competing 2010 p Алексеевка row9231 is in a distinct Novouzenskaya row cluster, anchored by Дмитриевка, Васильевка, Ветляный. The row9951 candidate therefore binds to Hvalynsky, not the homonym. Type status transition date unknown.",/workspace/russian-settlements-research/research_rebuild/evidence/over1000_rest_20261009/A112_v24_saratov_alekseevka_hvalynsk_source_order/literal_source_order_witnesses.csv,2002 direct official count and 2010 protected secondary source count are unchanged; boundary comparability UNKNOWN.,,,,,,,,,,,,,,,,,,,,,,,,,,,,,,,,,,,,,,,,,,,,,,,,,,,,,,,,,,,,,,,,,,,,,,,,,,,,,,,,,,,,,,,,
2010:016_802d308e41_8._20Or_Penz_Perm_Samar_Saratov_Uly_2010.xls:!!!:9951,2021:data_allsettlements_anon_156_v20251217.parquet:parquet:118273,same_place,checked_rule_accepted,,,,,,/workspace/russian-settlements-research/research_rebuild/evidence/over1000_rest_20261009/A112_v24_saratov_alekseevka_hvalynsk_source_order,A112-SARATOV-ALEKSEEVKA-2010-2021,2010.0,2021.0,cross-year typed source identity with Hvalynsky parent continuity and classifier historical code,"Selected 2010 row9951 is source-order bound to Hvalynsky by three old/current Hvalynsky locality anchors; current 2021 Алексеевка is a posyolok in Hvalynsky’s Алексеевское rural settlement. The unique 2009 typed classifier row and 2011 GeoKLADR entry show the same historical posyolok. Current OKATO differs from historic code, so exact code equality is not claimed. Competing same-name Novouzenskaya 2010 row remains separate.",/workspace/russian-settlements-research/research_rebuild/evidence/over1000_rest_20261009/A112_v24_saratov_alekseevka_hvalynsk_source_order/literal_source_order_witnesses.csv,2010 protected secondary source count preserved; 2021 direct count preserved; boundary comparability UNKNOWN.,,,,,,,,,,,,,,,,,,,,,,,,,,,,,,,,,,,,,,,,,,,,,,,,,,,,,,,,,,,,,,,,,,,,,,,,,,,,,,,,,,,,,,,,
2002:045_9dc3ed048e_02c__Udmurtia.xls:Sheet1:970,2010:017_68e0e4537e_9._20Basq_Mari_Mord_Tatar_Udm_Chuv_2010.xls:!!!:11247,same_place,checked_rule_accepted,,,,,,/workspace/russian-settlements-research/research_rebuild/evidence/over1000_rest_20261009/A112_v25_origin_crosswalk_review,A112-POSTOL-2002-2010,2002.0,2010.0,dated statutory locality transformation supported by own-article history and literal publisher row,"2002 source row is exactly “посёлок и станция Постол”, pop 1299, under Среднепостольский сельсовет. The target is the unique 2010 село Постол in Завьяловский район. The own settlement article states Postol arose around the same-named railway station and records that by Republic State Council Resolution 308-III of 26 Oct 2004 the station and settlement Postol were transformed into село Постол. The adjacent 2002 д. Постол row, 572, is a separate object and remains on its own linked component. The event supports identity; it does not assign a modern boundary-comparable value or point. 2010→2021 edge is already in V23.",/workspace/russian-settlements-research/research_rebuild/evidence/over1000_rest_20261009/A112_v25_origin_crosswalk_review/source_event_and_crosswalk_evidence.csv,,,,,,,,,,,,,,,,,,,,,,,,,,,,,,,,,,,,,,,,,,,,,,,,,,,,,,,,,,,,,,,,,,,,,,,,,,,,,,,,,,,,,,,,,
2002:045_9dc3ed048e_02c__Udmurtia.xls:Sheet1:1190,2010:017_68e0e4537e_9._20Basq_Mari_Mord_Tatar_Udm_Chuv_2010.xls:!!!:11414,same_place,checked_rule_accepted,,,,,,/workspace/russian-settlements-research/research_rebuild/evidence/over1000_rest_20261009/A112_v25_origin_crosswalk_review,A112-SHOLYA-2002-2010,2002.0,2010.0,literal same-name historic station-settlement with current typed locality/classifier/spatial context and separated same-name village,"The 2002 row is exactly “посёлок и станция Шолья”, pop 1421, in the Kamбарский district block subordinate to пгт Кама. The target 2010 село Шолья is in the same district. The 2021 target carries the same village, OKATO 94220850001, and its raw point is 0.12km from the unique 2011 GeoKLADR `с Шолья` record (historical code 94220820002; 2009 classifier unique row line 199446). The target own article identifies Шолья as a village and states that a railway station is located there. The separate 2002 `деревня Шолья` pop 2 is under Армязьский сельсовет, and its 2021 counterpart is a distinct village ~13.3km from target raw point with a different current OKATO/municipality. GeoKLADR 2011 happens to put the old d and s rows at identical coordinates, so that old coordinate duplicate is not used as sole identity evidence. No exact legal reclassification date is claimed.",/workspace/russian-settlements-research/research_rebuild/evidence/over1000_rest_20261009/A112_v25_origin_crosswalk_review/source_event_and_crosswalk_evidence.csv,,,,,,,,,,,,,,,,,,,,,,,,,,,,,,,,,,,,,,,,,,,,,,,,,,,,,,,,,,,,,,,,,,,,,,,,,,,,,,,,,,,,,,,,,
2002:1_TOM_01_04.xls:0:8028,2010:003_eb441570b1_11._20Урал_ФО_2010.xls:Урал:5988,same_place,checked_rule_accepted,,Exact official 2002 urban row and exact 2010 named locality in same Miass subordinate group; code/current bridge and competing station explicitly distinguished. Candidate only; no population-equality inference.,,,,/workspace/russian-settlements-research/research_rebuild/evidence/over1000_rest_20261009/A112_v7_turgoyak_2002_2010_2021_review,,2002.0,2010.0,,,,,,,,,,,,,,,,,,2292.0,2618.0,,,worksheet=01-04;physical_row_1based=8028,,,,worksheet=Урал;physical_row_1based=5988,,,,,,,,,,"Graph68 already accepts current row point from GeoKLADR 2011 (55.152781,60.119009); no new point proposed.",False,,,,,,,,,,,,,,,2021:data_allsettlements_anon_156_v20251217.parquet:parquet:161448,86c197cd522e0b63669e9c6e7f43fd3d82b3704c6a126c800a9968ecd16cae14,parquet_row_1based=161448,2766.0,75442000022.0,"55.0672484,59.9895444",75442000022,166557,п Тургояк,поселок сельского типа,343c0f5af1f52b9276699d9fe8d883b58def5aeabdd904063389606d29bc2b81,1,1,"55.152781,60.119009",12.58,/workspace/settlements-raw/data/raw/2002_official_tom1/1_TOM_01_04.xls,745a24599719c877a8ddf015aadf22d3cb859444819a32f8197ae525d91483f3,пгт Тургояк,г. Миасс с подчиненными его администрации населенными пунктами; urban population,"2002 regional row 2002:061_e177b0a77d_Chel_abinskaja1.xls:Sheet1:145 is same-name поселок, pop 22, Syrostan council: exclude as separate rural entity.",/workspace/settlements-raw/data/raw/2010/003_eb441570b1_11._20Урал_ФО_2010.xls,042e8e141831b431d8b7addd9674959625ddbdf6fa79986e81e968d941ab1156,посёлок Тургояк,"2010 row 5989 is distinct Тургояк, ж.д.станция, pop 11; adjacent under Miass.",,,,,,,,,,,,,,,,,
2010:003_eb441570b1_11._20Урал_ФО_2010.xls:Урал:5988,2021:data_allsettlements_anon_156_v20251217.parquet:parquet:161448,same_place,checked_rule_accepted,,Exact 2010 and 2021 locality name/type; 2021 native OKATO 75442000022 equals unique 2009 classifier record. Station is separate code and row. Candidate only.,,,,/workspace/russian-settlements-research/research_rebuild/evidence/over1000_rest_20261009/A112_v7_turgoyak_2002_2010_2021_review,,2010.0,2021.0,,,,,,,,,,,,,,,,,,2618.0,2766.0,,,worksheet=Урал;physical_row_1based=5988,,,,parquet_row_1based=161448,,,,,,,,,,"Current point is already accepted from GeoKLADR; raw 2021 DaData coordinates differ by 12.58 km, so no replacement/new point proposed.",False,,,,,,,,,,,,,,,2021:data_allsettlements_anon_156_v20251217.parquet:parquet:161448,86c197cd522e0b63669e9c6e7f43fd3d82b3704c6a126c800a9968ecd16cae14,parquet_row_1based=161448,2766.0,75442000022.0,"55.0672484,59.9895444",75442000022,166557,п Тургояк,поселок сельского типа,343c0f5af1f52b9276699d9fe8d883b58def5aeabdd904063389606d29bc2b81,1,1,"55.152781,60.119009",12.58,/workspace/settlements-raw/data/raw/2010/003_eb441570b1_11._20Урал_ФО_2010.xls,042e8e141831b431d8b7addd9674959625ddbdf6fa79986e81e968d941ab1156,посёлок Тургояк,2010 workbook: row 5966 г. Миасс followed by Miass subordinate localities,"2010 row 5989 is railway station, pop 11; separate locality, different OKATO.",/workspace/settlements-raw/data/interim/2021_tochno/data_allsettlements_anon_156_v20251217.parquet,86c197cd522e0b63669e9c6e7f43fd3d82b3704c6a126c800a9968ecd16cae14,посёлок Тургояк,"2021 row 161449 is railway station, pop 7, different OKATO 75442000023.",,,,,,,,,,,,,,,,,
2002:1_TOM_01_04.xls:0:796,2010:010_711691e352_2._20Kostrom_Kur_Lip_Moscow_MoscObl_Orlov_2010.xls:Data Sheet:2058,same_place,checked_rule_accepted,,"Exact region and full exact-name unique urban-to-rural-type transition; 2002 official Tom 1 pgt row, own locality article/code/history, documented March 2004 rural-status change, and already accepted actual68 2010→2021 p/Kosmymino component. Separate same-name деревня 2002/2021 has distinct source type, current code and physical point.",,,,/workspace/russian-settlements-research/research_rebuild/evidence/over1000_rest_B_20261009/version16_kosmymino_ozero_karachi,,2002.0,2010.0,,,,,,,,,,,,,,,,,,1714.0,1532.0,,,,,,,,,1,,,,,,,,,,,,,,,,,,,,,,,,,,,,,,,,,,,,,,,,,,,,,,,,,,,,,,,,,Космынино,пгт,посёлок,костромская,"Same-name Космынино деревня: 2002 row2263 population 0 and 2021 parquet:43247 population 5, separate component, OKTMO34626412191/OKATO34226812006, point57.550834,40.738611. Target поселок current 2021 row43248 has OKTMO34626412196/OKATO34226812032, point57.583144,40.763266.",2002 Tom 1 explicitly under “Нерехтский район” as city population pgt Космынино; 2010 raw row shows Kostromskaya oblast pos. Kosmymino; 2021 source has named municipal district and matching codes.,False,source_row_witnesses.csv
2002:073_f153ba2c6b_Novosib.xls:Sheet1:1909,2010:008_342f3c208b_16._20Сиб_ФО_2010.xls:Sib:7473,same_place,checked_rule_accepted,,"Exact full name and district; raw source rows type both target records as курортный поселок, own resort-locality page provides same-place identity, coordinates/codes and 2002/2010 census history; 2010/2021 pgt chain is already an actual68 component and current native codes match the resort chain. Distinct ordinary поселок namesake stays excluded.",,,,/workspace/russian-settlements-research/research_rebuild/evidence/over1000_rest_B_20261009/version16_kosmymino_ozero_karachi,,2002.0,2010.0,,,,,,,,,,,,,,,,,,1764.0,1461.0,,,,,,,,,1,,,,,,,,,,,,,,,,,,,,,,,,,,,,,,,,,,,,,,,,,,,,,,,,,,,,,,,,,Озеро-Карачи,кп,кп,новосибирская,"Same-name ordinary поселок: 2002 raw row1902 population633, 2010 Sib row7467 population628, 2021 parquet:82165 population518, separate actual68 component with OKTMO50656413101/OKATO50256813001 and point55.335960,76.941182. Resort chain 2021 row82168 has OKTMO50656413116/OKATO50256813007, point55.350312,76.970139.",Both 2002 rows sit in the Ozero-Karachinskiy rural soviet section but are distinct “посёлок Озеро-Карачи” vs “кп Озеро-Карачи”; own resort article and current 2021 codes distinguish them; 2010 source preserves same split.,False,source_row_witnesses.csv
2002:1_TOM_01_04.xls:0:10502,2010:009_81f8a0e73c_17._20ДВ_ФО_2010.xls:ДВ:2135,same_place,checked_rule_accepted,,Full official source-year record plus own-locality article establishes the named settlement was the working settlement Яблочный until 2004 and thereafter village Яблочное; unique current same-region exact-name/type component is the 2010→2021 village chain with matching OKTMO/OKATO. Article directly gives 2002 and 2010 histories. No other same-region current target with this exact named settlement/codes found. No raw population substitution or comparability assertion.,,,,/workspace/russian-settlements-research/research_rebuild/evidence/over1000_rest_B_20261009/version17_yablochnoe_status_chain,,2002.0,2010.0,,,,,,,,,,,,,,,,,,2191.0,1793.0,,,,,,,,,1,,,,,,,,,,,,,,,,,,,,,,,,,,,,,,,,,,,,,,,,,,,,,,,,,,,,,,,,,Яблочный / Яблочное,пгт,село,сахалинская,"All regional same-name records screened; high component: 2010 DВ:2135 village Яблочное=1793; 2021 row118649 village=1653, OKTMO64754000156/OKATO64254000011. Same own article identifies old pgt name, current district and codes. No same-region rival in actual68 with this code.","2002 Tom 1 urban row pgt Яблочный 2191; article says this same named settlement was working pgt 1947–2004 and became village Яблочное; existing actual68 has 2010/2021 village chain. Raw 2010 import count differs from article, but identity supports exact lifecycle only.",False,source_row_witnesses.csv
2002:043_56b84811fa_02c_mordovia.xls:!!:15,2010:017_68e0e4537e_9._20Basq_Mari_Mord_Tatar_Udm_Chuv_2010.xls:!!!:7452,same_place,checked_rule_accepted,,"Exact normalized name Озерный + посёлок + Mordovia across years; 2002 raw hierarchy places the 1551 row under Saransk administration, 2010 source and actual68 district identify Saransk, 2021 identifies urban okrug Saransk. The separately published Zubovo-Polyansky Озерный competitor is excluded using source hierarchy/county and its distinct accepted own point. Identity only; no population equality or boundary comparability inferred.",False,,,/workspace/russian-settlements-research/research_rebuild/evidence/over1000_rest_B_20261009/version24_ozyorny_saransk_three_year_chain,,2002.0,2010.0,,,,,,,,,,,1.0,6.0,2002 original source row hierarchy and 2010 actual68/source county; all same-name/type competitors reviewed,False,,,,,,,,,,,,,,,,,,,,,,,,,,,,,,,,,,,,,,,,,,,,,,,,,,,,,,,,,,,,,,,,,,,,,,,,,,,,,,/workspace/russian-settlements-research/research_rebuild/evidence/over1000_rest_B_20261009/version24_ozyorny_saransk_three_year_chain/source_row_witnesses.csv
2010:017_68e0e4537e_9._20Basq_Mari_Mord_Tatar_Udm_Chuv_2010.xls:!!!:7452,2021:data_allsettlements_anon_156_v20251217.parquet:parquet:64741,same_place,checked_rule_accepted,,"Exact normalized name Озерный + посёлок + Mordovia across years; 2002 raw hierarchy places the 1551 row under Saransk administration, 2010 source and actual68 district identify Saransk, 2021 identifies urban okrug Saransk. The separately published Zubovo-Polyansky Озерный competitor is excluded using source hierarchy/county and its distinct accepted own point. Identity only; no population equality or boundary comparability inferred. 2010 and 2021 admitted point coordinates are identical (54.2325331,45.2849088).",False,,,/workspace/russian-settlements-research/research_rebuild/evidence/over1000_rest_B_20261009/version24_ozyorny_saransk_three_year_chain,,2010.0,2021.0,,,,,,,,,,,1.0,6.0,2010 raw/actual68 Saransk; 2021 actual68 Saransk city district,True,,,,,,,,,,,,,,,,,,,,,,,,,,,,,,,,,,,,,,,,,,,,,,,,,,,,,,,,,,,,,,,,,,,,,,,,,,,,,,/workspace/russian-settlements-research/research_rebuild/evidence/over1000_rest_B_20261009/version24_ozyorny_saransk_three_year_chain/source_row_witnesses.csv
2002:037_5b0d431685_02c_Stavrolpski.xls:Sheet1:22,2010:002_027be52979_10._20СевКаз_ФО_20(без_20Даг)_202010.xls:СК:760,same_place,checked_rule_accepted,,"Exact normalized name Садовый + хутор + Stavropol region; 2002 original source hierarchy places target in Mineralnye Vody administration; 2010 county is г. Минеральные Воды; 2021 county is Mineralovodsky urban okrug. Same-name/type rival rows are resolved by distinct source county and retained separately. 2010/2021 admitted actual68 point is identical at 44.2249686,43.1982843. Identity only; no population equality/boundary comparability inferred.",False,,,/workspace/russian-settlements-research/research_rebuild/evidence/over1000_rest_B_20261009/version25_sadovy_mineralnye_vody_three_year_chain,,2002.0,2010.0,,,,,,,,,,,2.0,9.0,2002 printed hierarchy and 2010 actual68/raw source county; exact rival county rows checked,False,,,,,,,,,,,,,,,,,,,,,,,,,,,,,,,,,,,,,,,,,,,,,,,,,,,,,,,,,,,,,,,,,,,,,,,,,,,,,,/workspace/russian-settlements-research/research_rebuild/evidence/over1000_rest_B_20261009/version25_sadovy_mineralnye_vody_three_year_chain/source_row_witnesses.csv
2010:002_027be52979_10._20СевКаз_ФО_20(без_20Даг)_202010.xls:СК:760,2021:data_allsettlements_anon_156_v20251217.parquet:parquet:127439,same_place,checked_rule_accepted,,"Exact normalized name Садовый + хутор + Stavropol region; 2002 original source hierarchy places target in Mineralnye Vody administration; 2010 county is г. Минеральные Воды; 2021 county is Mineralovodsky urban okrug. Same-name/type rival rows are resolved by distinct source county and retained separately. 2010/2021 admitted actual68 point is identical at 44.2249686,43.1982843. Identity only; no population equality/boundary comparability inferred.",False,,,/workspace/russian-settlements-research/research_rebuild/evidence/over1000_rest_B_20261009/version25_sadovy_mineralnye_vody_three_year_chain,,2010.0,2021.0,,,,,,,,,,,2.0,9.0,2010 actual68/raw source and 2021 actual68 county,True,,,,,,,,,,,,,,,,,,,,,,,,,,,,,,,,,,,,,,,,,,,,,,,,,,,,,,,,,,,,,,,,,,,,,,,,,,,,,,/workspace/russian-settlements-research/research_rebuild/evidence/over1000_rest_B_20261009/version25_sadovy_mineralnye_vody_three_year_chain/source_row_witnesses.csv
2002:1_TOM_01_04.xls:0:10142,ROSSTAT2010:T5:p203:l55,same_place,checked_rule_accepted,,"The pgt/poselok series is exact same name and region, and the 2002 and 2010 official urban tables place it under Vyazemsky district; 2021 also places it in Vyazemsky municipal district. Each year the pgt/poselok census record is distinct from same-name rural village/selo observations; the 2002 rural village has a separate accepted own point 6.68 km from the 2021 pgt own point. Identity only; no population boundary comparability/equality inferred.",False,,,/workspace/russian-settlements-research/research_rebuild/evidence/over1000_rest_B_20261009/version28_dormidontovka_pgt_three_year_chain,,2002.0,2010.0,,,,,,,,,,,1.0,3.0,2002 and 2010 original official urban tables show nested district heading and urban classification,False,,,,,,,,,,,,,,,,,,,,,,,,,,,,,,,,,,,,,,,,,,,,,,,,,,,,,,,,,,,,,,,,,,,,,,,,,,,,,,/workspace/russian-settlements-research/research_rebuild/evidence/over1000_rest_B_20261009/version28_dormidontovka_pgt_three_year_chain/source_row_witnesses.csv
ROSSTAT2010:T5:p203:l55,2021:data_allsettlements_anon_156_v20251217.parquet:parquet:158990,same_place,checked_rule_accepted,,"The pgt/poselok series is exact same name and region, and the 2002 and 2010 official urban tables place it under Vyazemsky district; 2021 also places it in Vyazemsky municipal district. Each year the pgt/poselok census record is distinct from same-name rural village/selo observations; the 2002 rural village has a separate accepted own point 6.68 km from the 2021 pgt own point. Identity only; no population boundary comparability/equality inferred.",False,,,/workspace/russian-settlements-research/research_rebuild/evidence/over1000_rest_B_20261009/version28_dormidontovka_pgt_three_year_chain,,2010.0,2021.0,,,,,,,,,,,1.0,3.0,2010 official urban table and 2021 actual68 district field,False,,,,,,,,,,,,,,,,,,,,,,,,,,,,,,,,,,,,,,,,,,,,,,,,,,,,,,,,,,,,,,,,,,,,,,,,,,,,,,/workspace/russian-settlements-research/research_rebuild/evidence/over1000_rest_B_20261009/version28_dormidontovka_pgt_three_year_chain/source_row_witnesses.csv
2002:050_a0dc3f856b_penzen_obl.xls:Sheet1:1635,2010:016_802d308e41_8._20Or_Penz_Perm_Samar_Saratov_Uly_2010.xls:!!!:4204,same_place,checked_rule_accepted,,"Native exact locality name Титово and region with a unique railway-population record in 2002 (railway object), 2010 (railway station), and 2021 poselok; 2002 and 2021 context independently place target in Pachelmsky district, while 2010 native row has no county and no district is inferred for it. Same-year village Титово is separately recorded and has a distinct 2021 own locality point. Identity only; no population equality/boundary comparability asserted.",False,,,/workspace/russian-settlements-research/research_rebuild/evidence/over1000_rest_B_20261009/version30_titovo_rail_object_to_poselok_chain,,2002.0,2010.0,,,,,,,,,,,1.0,3.0,2002 original county in raw; 2010 county unavailable in raw; no claim made for 2010,False,,,,,,,,,,,,,,,,,,,,,,,,,,,,,,,,,,,,,,,,,,,,,,,,,,,,,,,,,,,,,,,,,,,,,,,,,,,,,,/workspace/russian-settlements-research/research_rebuild/evidence/over1000_rest_B_20261009/version30_titovo_rail_object_to_poselok_chain/source_row_witnesses.csv
2010:016_802d308e41_8._20Or_Penz_Perm_Samar_Saratov_Uly_2010.xls:!!!:4204,2021:data_allsettlements_anon_156_v20251217.parquet:parquet:95309,same_place,checked_rule_accepted,,"Native exact locality name Титово and region with a unique railway-population record in 2002 (railway object), 2010 (railway station), and 2021 poselok; 2002 and 2021 context independently place target in Pachelmsky district, while 2010 native row has no county and no district is inferred for it. Same-year village Титово is separately recorded and has a distinct 2021 own locality point. Identity only; no population equality/boundary comparability asserted.",False,,,/workspace/russian-settlements-research/research_rebuild/evidence/over1000_rest_B_20261009/version30_titovo_rail_object_to_poselok_chain,,2010.0,2021.0,,,,,,,,,,,1.0,3.0,2010 county unavailable in raw; 2021 actual68 district is Pachelmsky,False,,,,,,,,,,,,,,,,,,,,,,,,,,,,,,,,,,,,,,,,,,,,,,,,,,,,,,,,,,,,,,,,,,,,,,,,,,,,,,/workspace/russian-settlements-research/research_rebuild/evidence/over1000_rest_B_20261009/version30_titovo_rail_object_to_poselok_chain/source_row_witnesses.csv
2002:024_2d3f550c6f_02c_Leningradskaja_obl_new.xls:!!!!!!:3207,2010:001_723371ec84_1._20NW_2010.xls:NW:8058,same_place,checked_rule_accepted,,"Exact region/name/type rows, full-source namesake review, dated source-group flanks and independent own pages plus different official native codes distinguish the two same-name villages. No population-boundary comparability or count substitution asserted. Chain evidence: high Tosnenskoe; 2002 Novolisinskaya volost.",,,,/workspace/russian-settlements-research/research_rebuild/evidence/over1000_rest_B_20261009/version8_novolisiino_crosswire,,2002.0,2010.0,,,,,,,,,,,,,,,,,,1357.0,1336.0,,,,,,,,,1,,,,,,,,,,,,,,,,,,,,,,,,,,,,,,,,,,,,,,,,,,,,,,,,,,,,,,,,,Новолисино,деревня,деревня,ленинградская,Two separate district/local-settlement identities appear in all relevant sources: high Tosnenskoe OKTMO41648101151 and low Fornosovskoe OKTMO41648170126; source/article citations in witnesses.,2002 source separate group; 2021 native local code identifies high Tosnenskoe; 2002 Novolisinskaya volost.,True,research_rebuild/evidence/over1000_rest_B_20261009/version8_novolisiino_crosswire/source_row_witnesses.csv
2010:001_723371ec84_1._20NW_2010.xls:NW:8058,2021:data_allsettlements_anon_156_v20251217.parquet:parquet:58500,same_place,checked_rule_accepted,,"Exact region/name/type rows, full-source namesake review, dated source-group flanks and independent own pages plus different official native codes distinguish the two same-name villages. No population-boundary comparability or count substitution asserted. Chain evidence: high Tosnenskoe; native OKTMO41648101151.",,,,/workspace/russian-settlements-research/research_rebuild/evidence/over1000_rest_B_20261009/version8_novolisiino_crosswire,,2010.0,2021.0,,,,,,,,,,,,,,,,,,1336.0,1107.0,,,,,,,,,1,,,,,,,,,,,,,,,,,,,,,,,,,,,,,,,,,,,,,,,,,,,,,,,,,,,,,,,,,Новолисино,деревня,деревня,ленинградская,Two separate district/local-settlement identities appear in all relevant sources: high Tosnenskoe OKTMO41648101151 and low Fornosovskoe OKTMO41648170126; source/article citations in witnesses.,2002 source separate group; 2021 native local code identifies high Tosnenskoe; native OKTMO41648101151.,True,research_rebuild/evidence/over1000_rest_B_20261009/version8_novolisiino_crosswire/source_row_witnesses.csv
2002:024_2d3f550c6f_02c_Leningradskaja_obl_new.xls:!!!!!!:3193,2010:001_723371ec84_1._20NW_2010.xls:NW:8047,same_place,checked_rule_accepted,,"Exact region/name/type rows, full-source namesake review, dated source-group flanks and independent own pages plus different official native codes distinguish the two same-name villages. No population-boundary comparability or count substitution asserted. Chain evidence: low Fornosovskoe; 2002 row under pgt Fornosovo group.",,,,/workspace/russian-settlements-research/research_rebuild/evidence/over1000_rest_B_20261009/version8_novolisiino_crosswire,,2002.0,2010.0,,,,,,,,,,,,,,,,,,232.0,62.0,,,,,,,,,1,,,,,,,,,,,,,,,,,,,,,,,,,,,,,,,,,,,,,,,,,,,,,,,,,,,,,,,,,Новолисино,деревня,деревня,ленинградская,Two separate district/local-settlement identities appear in all relevant sources: high Tosnenskoe OKTMO41648101151 and low Fornosovskoe OKTMO41648170126; source/article citations in witnesses.,2002 source separate group; 2021 native local code identifies low Fornosovskoe; 2002 row under pgt Fornosovo group.,True,research_rebuild/evidence/over1000_rest_B_20261009/version8_novolisiino_crosswire/source_row_witnesses.csv
2010:001_723371ec84_1._20NW_2010.xls:NW:8047,2021:data_allsettlements_anon_156_v20251217.parquet:parquet:58561,same_place,checked_rule_accepted,,"Exact region/name/type rows, full-source namesake review, dated source-group flanks and independent own pages plus different official native codes distinguish the two same-name villages. No population-boundary comparability or count substitution asserted. Chain evidence: low Fornosovskoe; native OKTMO41648170126.",,,,/workspace/russian-settlements-research/research_rebuild/evidence/over1000_rest_B_20261009/version8_novolisiino_crosswire,,2010.0,2021.0,,,,,,,,,,,,,,,,,,62.0,46.0,,,,,,,,,1,,,,,,,,,,,,,,,,,,,,,,,,,,,,,,,,,,,,,,,,,,,,,,,,,,,,,,,,,Новолисино,деревня,деревня,ленинградская,Two separate district/local-settlement identities appear in all relevant sources: high Tosnenskoe OKTMO41648101151 and low Fornosovskoe OKTMO41648170126; source/article citations in witnesses.,2002 source separate group; 2021 native local code identifies low Fornosovskoe; native OKTMO41648170126.,True,research_rebuild/evidence/over1000_rest_B_20261009/version8_novolisiino_crosswire/source_row_witnesses.csv
2010:008_342f3c208b_16._20Сиб_ФО_2010.xls:Sib:9818,2021:data_allsettlements_anon_156_v20251217.parquet:parquet:19241,same_place,checked_rule_accepted,source_context_exact_own_page_and_dated_lifecycle_or_alias,Exact 2010 source name includes alias “formerly selo Khila”; own page identifies Aга station in Mogoituysky and explicitly records former name Khila through 2002; native 2021 is the same station settlement. No code or count equivalence asserted.,False,research_rebuild/evidence/over1000_siberia_handoff_20261009/native_source_row_witnesses.csv; own_article_revision_witnesses.csv,2010 row 9818; article p1414861/r155181339; 2021 row19241,/workspace/russian-settlements-research/research_rebuild/evidence/over1000_siberia_handoff_20261009,,,,,,,,,,,,,,,,,,,,,,,,,,,,,,,,,,,,,,,,,,,,,,,,,,,,,,,,,,,,,,,,,,,,,,,,,,,,,,,,,,,,,,,,,,,,,,,
2002:1_TOM_01_04.xls:0:8770,2021:data_allsettlements_anon_156_v20251217.parquet:parquet:48104,same_place,checked_rule_accepted,source_context_exact_own_page_and_dated_lifecycle_or_alias,2002 official TOM1 explicitly places pgt Таежный in Kan district urban population; exact own page identifies Taёzhnoe in Kan district and says pgt Таёжный converted to village Таёжное in 2003; 2010 and 2021 source rows are both in Kan district. This dated type transition and source hierarchy bind the lineage.,False,research_rebuild/evidence/over1000_siberia_handoff_20261009/native_source_row_witnesses.csv; own_article_revision_witnesses.csv,2002 TOM1 row8770 under Kan district; article p4774025/r153507546; 2010 row2447; 2021 row48104,/workspace/russian-settlements-research/research_rebuild/evidence/over1000_siberia_handoff_20261009,,,,,,,,,,,,,,,,,,,,,,,,,,,,,,,,,,,,,,,,,,,,,,,,,,,,,,,,,,,,,,,,,,,,,,,,,,,,,,,,,,,,,,,,,,,,,,,
2002:1_TOM_01_04.xls:0:9611,2021:data_allsettlements_anon_156_v20251217.parquet:parquet:19023,same_place,checked_rule_accepted,source_context_exact_own_page_and_dated_lifecycle_or_alias,"2002 official TOM1 places pgt Кадая directly under Калганский район; exact own page identifies the Kalgan Kaday, native 2021 carrier is in Kalgan and its OKATO exactly matches the own article identifier. Page records status change from pgt to selo in 2008. 2010 current component member is the same Kalgan Kaday; the Chernyshevsky namesake remains separate.",False,research_rebuild/evidence/over1000_siberia_handoff_20261009/native_source_row_witnesses.csv; own_article_revision_witnesses.csv,2002 TOM1 row9611; article p1905065/r153666068; 2010 native UID 2010:008_342f3c208b_16._20Сиб_ФО_2010.xls:Sib:9976; 2021 row19023,/workspace/russian-settlements-research/research_rebuild/evidence/over1000_siberia_handoff_20261009,,,,,,,,,,,,,,,,,,,,,,,,,,,,,,,,,,,,,,,,,,,,,,,,,,,,,,,,,,,,,,,,,,,,,,,,,,,,,,,,,,,,,,,,,,,,,,,
2002:1_TOM_01_04.xls:0:9584,2010:008_342f3c208b_16._20Сиб_ФО_2010.xls:Sib:10013,same_place,checked_rule_accepted,source_context_exact_own_page_and_dated_lifecycle_or_alias,"2002 official TOM1 row is a subordinate settlement under Krasnokamensk; 2010 row follows Krasnokamensk city in Zab region source sequence; exact own page county identifies this specific Oktjabrsky and documents conversion from pgt in 2004, subsequent evacuation and 2014 abolition. No 2021 carrier/count is assigned.",False,research_rebuild/evidence/over1000_siberia_handoff_20261009/native_source_row_witnesses.csv; own_article_revision_witnesses.csv,2002 TOM1 row9584 under row9582; 2010 row10013 after row10012; article p6554545/r153666039,/workspace/russian-settlements-research/research_rebuild/evidence/over1000_siberia_handoff_20261009,,,,,,,,,,,,,,,,,,,,,,,,,,,,,,,,,,,,,,,,,,,,,,,,,,,,,,,,,,,,,,,,,,,,,,,,,,,,,,,,,,,,,,,,,,,,,,,
2002:028_df43ade2a7_02c_Adygea.xls:Sheet1:223,2010:006_9b114a55c0_14._20Адыгея.xls:адыг:149,same_place,checked_rule_accepted,,"Тахтамукайский 2002 ownNP;2010 own row follows Яблоновский and Перекатный and precedes Афипсип. Imported Майкопский is stale carried header, no raw edit; separate Гиагинский Новый row7 excluded.",False,,,/workspace/russian-settlements-research/research_rebuild/evidence/over1000_south_other_completion_20261009/batch1_fourteen_groups,,2002.0,2010.0,,,,,,,,,,,,,,,,,,,,,,,,,,,,,,,,,,,,,,,,,,,,,,,,,,,,,,,,,,,,,,,,,,,,,,,,,,,,,,,,,,,,,,,,,,,,/workspace/russian-settlements-research/research_rebuild/evidence/over1000_south_other_completion_20261009/literal_source_witnesses.csv
2010:006_9b114a55c0_14._20Адыгея.xls:адыг:149,2021:data_allsettlements_anon_156_v20251217.parquet:parquet:183,same_place,checked_rule_accepted,,"Тахтамукайский 2002 ownNP;2010 own row follows Яблоновский and Перекатный and precedes Афипсип. Imported Майкопский is stale carried header, no raw edit; separate Гиагинский Новый row7 excluded.",False,,,/workspace/russian-settlements-research/research_rebuild/evidence/over1000_south_other_completion_20261009/batch1_fourteen_groups,,2010.0,2021.0,,,,,,,,,,,,,,,,,,,,,,,,,,,,,,,,,,,,,,,,,,,,,,,,,,,,,,,,,,,,,,,,,,,,,,,,,,,,,,,,,,,,,,,,,,,,/workspace/russian-settlements-research/research_rebuild/evidence/over1000_south_other_completion_20261009/literal_source_witnesses.csv
2002:031_70abec85e7_02c_KBR.xls:Sheet1:119,2010:002_027be52979_10._20СевКаз_ФО_20(без_20Даг)_202010.xls:СК:956,same_place,checked_rule_accepted,,"Зерносовхозский council and Граничный/Придорожный/Степной neighbors; own article explicitly names1962Красносельский,2010 and2021Красносельское; same whole NP type grammar variant.",False,,,/workspace/russian-settlements-research/research_rebuild/evidence/over1000_south_other_completion_20261009/batch1_fourteen_groups,,2002.0,2010.0,,,,,,,,,,,,,,,,,,,,,,,,,,,,,,,,,,,,,,,,,,,,,,,,,,,,,,,,,,,,,,,,,,,,,,,,,,,,,,,,,,,,,,,,,,,,/workspace/russian-settlements-research/research_rebuild/evidence/over1000_south_other_completion_20261009/literal_source_witnesses.csv
2010:002_027be52979_10._20СевКаз_ФО_20(без_20Даг)_202010.xls:СК:956,2021:data_allsettlements_anon_156_v20251217.parquet:parquet:31937,same_place,checked_rule_accepted,,"Зерносовхозский council and Граничный/Придорожный/Степной neighbors; own article explicitly names1962Красносельский,2010 and2021Красносельское; same whole NP type grammar variant.",False,,,/workspace/russian-settlements-research/research_rebuild/evidence/over1000_south_other_completion_20261009/batch1_fourteen_groups,,2010.0,2021.0,,,,,,,,,,,,,,,,,,,,,,,,,,,,,,,,,,,,,,,,,,,,,,,,,,,,,,,,,,,,,,,,,,,,,,,,,,,,,,,,,,,,,,,,,,,,/workspace/russian-settlements-research/research_rebuild/evidence/over1000_south_other_completion_20261009/literal_source_witnesses.csv
2002:031_70abec85e7_02c_KBR.xls:Sheet1:167,2010:002_027be52979_10._20СевКаз_ФО_20(без_20Даг)_202010.xls:СК:986,same_place,checked_rule_accepted,,"Учебнинский council; Лесной subordinate next row, own article stable Прохладненский Учебное. No competing same stem NP.",False,,,/workspace/russian-settlements-research/research_rebuild/evidence/over1000_south_other_completion_20261009/batch1_fourteen_groups,,2002.0,2010.0,,,,,,,,,,,,,,,,,,,,,,,,,,,,,,,,,,,,,,,,,,,,,,,,,,,,,,,,,,,,,,,,,,,,,,,,,,,,,,,,,,,,,,,,,,,,/workspace/russian-settlements-research/research_rebuild/evidence/over1000_south_other_completion_20261009/literal_source_witnesses.csv
2010:002_027be52979_10._20СевКаз_ФО_20(без_20Даг)_202010.xls:СК:986,2021:data_allsettlements_anon_156_v20251217.parquet:parquet:31980,same_place,checked_rule_accepted,,"Учебнинский council; Лесной subordinate next row, own article stable Прохладненский Учебное. No competing same stem NP.",False,,,/workspace/russian-settlements-research/research_rebuild/evidence/over1000_south_other_completion_20261009/batch1_fourteen_groups,,2010.0,2021.0,,,,,,,,,,,,,,,,,,,,,,,,,,,,,,,,,,,,,,,,,,,,,,,,,,,,,,,,,,,,,,,,,,,,,,,,,,,,,,,,,,,,,,,,,,,,/workspace/russian-settlements-research/research_rebuild/evidence/over1000_south_other_completion_20261009/literal_source_witnesses.csv
2002:031_70abec85e7_02c_KBR.xls:Sheet1:173,2010:002_027be52979_10._20СевКаз_ФО_20(без_20Даг)_202010.xls:СК:990,same_place,checked_rule_accepted,,"Янтарненский council; Комсомольский subordinate next row, unique ownname stem county and wholeNP.",False,,,/workspace/russian-settlements-research/research_rebuild/evidence/over1000_south_other_completion_20261009/batch1_fourteen_groups,,2002.0,2010.0,,,,,,,,,,,,,,,,,,,,,,,,,,,,,,,,,,,,,,,,,,,,,,,,,,,,,,,,,,,,,,,,,,,,,,,,,,,,,,,,,,,,,,,,,,,,/workspace/russian-settlements-research/research_rebuild/evidence/over1000_south_other_completion_20261009/literal_source_witnesses.csv
2010:002_027be52979_10._20СевКаз_ФО_20(без_20Даг)_202010.xls:СК:990,2021:data_allsettlements_anon_156_v20251217.parquet:parquet:31987,same_place,checked_rule_accepted,,"Янтарненский council; Комсомольский subordinate next row, unique ownname stem county and wholeNP.",False,,,/workspace/russian-settlements-research/research_rebuild/evidence/over1000_south_other_completion_20261009/batch1_fourteen_groups,,2010.0,2021.0,,,,,,,,,,,,,,,,,,,,,,,,,,,,,,,,,,,,,,,,,,,,,,,,,,,,,,,,,,,,,,,,,,,,,,,,,,,,,,,,,,,,,,,,,,,,/workspace/russian-settlements-research/research_rebuild/evidence/over1000_south_other_completion_20261009/literal_source_witnesses.csv
2002:006_1916564aaa_02c_Kaluzhskaja.xls:Sheet1:1302,2010:013_f60b2d2bcf_5._20Belg_Bryan_Vlad_Voron_Ivanov_Kalug_20L1_ethn_2010.xls:Data Sheet:12692,same_place,checked_rule_accepted,,Березичский council; Дмитровский/Березичская школа-интернат/Отрада neighbors. Exclude separate Березичи and school NP. Native genitive versus nominative name and printed type variants.,False,,,/workspace/russian-settlements-research/research_rebuild/evidence/over1000_south_other_completion_20261009/batch1_fourteen_groups,,2002.0,2010.0,,,,,,,,,,,,,,,,,,,,,,,,,,,,,,,,,,,,,,,,,,,,,,,,,,,,,,,,,,,,,,,,,,,,,,,,,,,,,,,,,,,,,,,,,,,,/workspace/russian-settlements-research/research_rebuild/evidence/over1000_south_other_completion_20261009/literal_source_witnesses.csv
2010:013_f60b2d2bcf_5._20Belg_Bryan_Vlad_Voron_Ivanov_Kalug_20L1_ethn_2010.xls:Data Sheet:12692,2021:data_allsettlements_anon_156_v20251217.parquet:parquet:28353,same_place,checked_rule_accepted,,Березичский council; Дмитровский/Березичская школа-интернат/Отрада neighbors. Exclude separate Березичи and school NP. Native genitive versus nominative name and printed type variants.,False,,,/workspace/russian-settlements-research/research_rebuild/evidence/over1000_south_other_completion_20261009/batch1_fourteen_groups,,2010.0,2021.0,,,,,,,,,,,,,,,,,,,,,,,,,,,,,,,,,,,,,,,,,,,,,,,,,,,,,,,,,,,,,,,,,,,,,,,,,,,,,,,,,,,,,,,,,,,,/workspace/russian-settlements-research/research_rebuild/evidence/over1000_south_other_completion_20261009/literal_source_witnesses.csv
2002:032_184285f8dd_02c_kalmyk.xls:Sheet1:106,2010:007_27e8a60d91_15._20Kalmykia.xls:калмыкия:58,same_place,checked_rule_accepted,,"Own article explicit Северное akaМангут; unique Лаганский wholeNP, printed2010parentheticalias.",False,,,/workspace/russian-settlements-research/research_rebuild/evidence/over1000_south_other_completion_20261009/batch1_fourteen_groups,,2002.0,2010.0,,,,,,,,,,,,,,,,,,,,,,,,,,,,,,,,,,,,,,,,,,,,,,,,,,,,,,,,,,,,,,,,,,,,,,,,,,,,,,,,,,,,,,,,,,,,/workspace/russian-settlements-research/research_rebuild/evidence/over1000_south_other_completion_20261009/literal_source_witnesses.csv
2010:007_27e8a60d91_15._20Kalmykia.xls:калмыкия:58,2021:data_allsettlements_anon_156_v20251217.parquet:parquet:26866,same_place,checked_rule_accepted,,"Own article explicit Северное akaМангут; unique Лаганский wholeNP, printed2010parentheticalias.",False,,,/workspace/russian-settlements-research/research_rebuild/evidence/over1000_south_other_completion_20261009/batch1_fourteen_groups,,2010.0,2021.0,,,,,,,,,,,,,,,,,,,,,,,,,,,,,,,,,,,,,,,,,,,,,,,,,,,,,,,,,,,,,,,,,,,,,,,,,,,,,,,,,,,,,,,,,,,,/workspace/russian-settlements-research/research_rebuild/evidence/over1000_south_other_completion_20261009/literal_source_witnesses.csv
2002:064_d017f142fc_Tyva.xls:Sheet1:479,2010:008_342f3c208b_16._20Сиб_ФО_2010.xls:Sib:11572,same_place,checked_rule_accepted,,"Own article explicitly Арыг-Узю akaАрыг-Узуу, Улуг-Хемский county; no same alias competitor. Imported2010district р retained uninterpreted.",False,,,/workspace/russian-settlements-research/research_rebuild/evidence/over1000_south_other_completion_20261009/batch1_fourteen_groups,,2002.0,2010.0,,,,,,,,,,,,,,,,,,,,,,,,,,,,,,,,,,,,,,,,,,,,,,,,,,,,,,,,,,,,,,,,,,,,,,,,,,,,,,,,,,,,,,,,,,,,/workspace/russian-settlements-research/research_rebuild/evidence/over1000_south_other_completion_20261009/literal_source_witnesses.csv
2010:008_342f3c208b_16._20Сиб_ФО_2010.xls:Sib:11572,2021:data_allsettlements_anon_156_v20251217.parquet:parquet:153322,same_place,checked_rule_accepted,,"Own article explicitly Арыг-Узю akaАрыг-Узуу, Улуг-Хемский county; no same alias competitor. Imported2010district р retained uninterpreted.",False,,,/workspace/russian-settlements-research/research_rebuild/evidence/over1000_south_other_completion_20261009/batch1_fourteen_groups,,2010.0,2021.0,,,,,,,,,,,,,,,,,,,,,,,,,,,,,,,,,,,,,,,,,,,,,,,,,,,,,,,,,,,,,,,,,,,,,,,,,,,,,,,,,,,,,,,,,,,,/workspace/russian-settlements-research/research_rebuild/evidence/over1000_south_other_completion_20261009/literal_source_witnesses.csv
2010:009_81f8a0e73c_17._20ДВ_ФО_2010.xls:ДВ:2913,2021:data_allsettlements_anon_156_v20251217.parquet:parquet:18617,same_place,checked_rule_accepted,,2002/10pgt whole NP versus separate сельскоеЛондоко rows91/2922/18618; ownarticle explicit Лондоко-завод akaЛондоко; current code and acceptedownpoint distinguish.,False,,,/workspace/russian-settlements-research/research_rebuild/evidence/over1000_south_other_completion_20261009/batch1_fourteen_groups,,2010.0,2021.0,,,,,,,,,,,,,,,,,,,,,,,,,,,,,,,,,,,,,,,,,,,,,,,,,,,,,,,,,,,,,,,,,,,,,,,,,,,,,,,,,,,,,,,,,,,,/workspace/russian-settlements-research/research_rebuild/evidence/over1000_south_other_completion_20261009/literal_source_witnesses.csv
2002:012_c6dde723e8_02c_Ryazanskaja.xls:Sheet1:1150,2010:011_040325482b_3._20Ryaz_Smol_Tambov_Tula_Jaroslavl_20L1_20ethn_2010.xls:Data Sheet:931,same_place,checked_rule_accepted,,2010 row follows г.Михайлов and precedes10-йгодОктября; ownarticle place borders same neighbors and current Михайловский county. Рыбновский/same-name villages excluded by county and sourceorder.,False,,,/workspace/russian-settlements-research/research_rebuild/evidence/over1000_south_other_completion_20261009/batch1_fourteen_groups,,2002.0,2010.0,,,,,,,,,,,,,,,,,,,,,,,,,,,,,,,,,,,,,,,,,,,,,,,,,,,,,,,,,,,,,,,,,,,,,,,,,,,,,,,,,,,,,,,,,,,,/workspace/russian-settlements-research/research_rebuild/evidence/over1000_south_other_completion_20261009/literal_source_witnesses.csv
2010:011_040325482b_3._20Ryaz_Smol_Tambov_Tula_Jaroslavl_20L1_20ethn_2010.xls:Data Sheet:931,2021:data_allsettlements_anon_156_v20251217.parquet:parquet:112491,same_place,checked_rule_accepted,,2010 row follows г.Михайлов and precedes10-йгодОктября; ownarticle place borders same neighbors and current Михайловский county. Рыбновский/same-name villages excluded by county and sourceorder.,False,,,/workspace/russian-settlements-research/research_rebuild/evidence/over1000_south_other_completion_20261009/batch1_fourteen_groups,,2010.0,2021.0,,,,,,,,,,,,,,,,,,,,,,,,,,,,,,,,,,,,,,,,,,,,,,,,,,,,,,,,,,,,,,,,,,,,,,,,,,,,,,,,,,,,,,,,,,,,/workspace/russian-settlements-research/research_rebuild/evidence/over1000_south_other_completion_20261009/literal_source_witnesses.csv
2002:035_e1bf1fa87f_02c_Chechnya.xls:Sheet1:534,2010:002_027be52979_10._20СевКаз_ФО_20(без_20Даг)_202010.xls:СК:1782,same_place,checked_rule_accepted,,Ownarticle historical railwaystation locality explicitly binds earlier railway поселок and modernстаница inШелковской; ownalias Червлённо-Узловая. SeparateЧервленная excluded.,False,,,/workspace/russian-settlements-research/research_rebuild/evidence/over1000_south_other_completion_20261009/batch1_fourteen_groups,,2002.0,2010.0,,,,,,,,,,,,,,,,,,,,,,,,,,,,,,,,,,,,,,,,,,,,,,,,,,,,,,,,,,,,,,,,,,,,,,,,,,,,,,,,,,,,,,,,,,,,/workspace/russian-settlements-research/research_rebuild/evidence/over1000_south_other_completion_20261009/literal_source_witnesses.csv
2010:002_027be52979_10._20СевКаз_ФО_20(без_20Даг)_202010.xls:СК:1782,2021:data_allsettlements_anon_156_v20251217.parquet:parquet:162026,same_place,checked_rule_accepted,,Ownarticle historical railwaystation locality explicitly binds earlier railway поселок and modernстаница inШелковской; ownalias Червлённо-Узловая. SeparateЧервленная excluded.,False,,,/workspace/russian-settlements-research/research_rebuild/evidence/over1000_south_other_completion_20261009/batch1_fourteen_groups,,2010.0,2021.0,,,,,,,,,,,,,,,,,,,,,,,,,,,,,,,,,,,,,,,,,,,,,,,,,,,,,,,,,,,,,,,,,,,,,,,,,,,,,,,,,,,,,,,,,,,,/workspace/russian-settlements-research/research_rebuild/evidence/over1000_south_other_completion_20261009/literal_source_witnesses.csv
2002:037_5b0d431685_02c_Stavrolpski.xls:Sheet1:205,2010:002_027be52979_10._20СевКаз_ФО_20(без_20Даг)_202010.xls:СК:102,same_place,checked_rule_accepted,,"2010СК102 neighborsТерек→Терский→Кудрявый→Луговой match2002Терскийcouncil. RivalСК110 followsАлександрийская/имКирова thenБалковский, matching2002ГеоргиевскийАлександрийскийcouncil.2010literal staleБудённовский preserved; no mass selection.",False,,,/workspace/russian-settlements-research/research_rebuild/evidence/over1000_south_other_completion_20261009/batch1_fourteen_groups,,2002.0,2010.0,,,,,,,,,,,,,,,,,,,,,,,,,,,,,,,,,,,,,,,,,,,,,,,,,,,,,,,,,,,,,,,,,,,,,,,,,,,,,,,,,,,,,,,,,,,,/workspace/russian-settlements-research/research_rebuild/evidence/over1000_south_other_completion_20261009/literal_source_witnesses.csv
2010:002_027be52979_10._20СевКаз_ФО_20(без_20Даг)_202010.xls:СК:102,2021:data_allsettlements_anon_156_v20251217.parquet:parquet:126892,same_place,checked_rule_accepted,,"2010СК102 neighborsТерек→Терский→Кудрявый→Луговой match2002Терскийcouncil. RivalСК110 followsАлександрийская/имКирова thenБалковский, matching2002ГеоргиевскийАлександрийскийcouncil.2010literal staleБудённовский preserved; no mass selection.",False,,,/workspace/russian-settlements-research/research_rebuild/evidence/over1000_south_other_completion_20261009/batch1_fourteen_groups,,2010.0,2021.0,,,,,,,,,,,,,,,,,,,,,,,,,,,,,,,,,,,,,,,,,,,,,,,,,,,,,,,,,,,,,,,,,,,,,,,,,,,,,,,,,,,,,,,,,,,,/workspace/russian-settlements-research/research_rebuild/evidence/over1000_south_other_completion_20261009/literal_source_witnesses.csv
2002:046_228ab1ba5a_Chuvashia_1.xls:Sheet1:1695,2010:017_68e0e4537e_9._20Basq_Mari_Mord_Tatar_Udm_Chuv_2010.xls:!!!:13890,same_place,checked_rule_accepted,,2002Лапсарскийcouncil and2010neighborsequenceЛапсары/Асакасы/БольшиеКарачуры/Вурманкасы/Ойкасы/Синьялы/ХирлеСир/Чергаши. Rival2002row1708/2010row13893 belongsСарабакасинский withМокшино/Пикшик/Самуково. Currentcode97644444131/OKATO97244844006 and ownarticle distinctЛапсарское point. Raw shared point never used.,False,,,/workspace/russian-settlements-research/research_rebuild/evidence/over1000_south_other_completion_20261009/batch1_fourteen_groups,,2002.0,2010.0,,,,,,,,,,,,,,,,,,,,,,,,,,,,,,,,,,,,,,,,,,,,,,,,,,,,,,,,,,,,,,,,,,,,,,,,,,,,,,,,,,,,,,,,,,,,/workspace/russian-settlements-research/research_rebuild/evidence/over1000_south_other_completion_20261009/literal_source_witnesses.csv
2010:017_68e0e4537e_9._20Basq_Mari_Mord_Tatar_Udm_Chuv_2010.xls:!!!:13890,2021:data_allsettlements_anon_156_v20251217.parquet:parquet:163658,same_place,checked_rule_accepted,,2002Лапсарскийcouncil and2010neighborsequenceЛапсары/Асакасы/БольшиеКарачуры/Вурманкасы/Ойкасы/Синьялы/ХирлеСир/Чергаши. Rival2002row1708/2010row13893 belongsСарабакасинский withМокшино/Пикшик/Самуково. Currentcode97644444131/OKATO97244844006 and ownarticle distinctЛапсарское point. Raw shared point never used.,False,,,/workspace/russian-settlements-research/research_rebuild/evidence/over1000_south_other_completion_20261009/batch1_fourteen_groups,,2010.0,2021.0,,,,,,,,,,,,,,,,,,,,,,,,,,,,,,,,,,,,,,,,,,,,,,,,,,,,,,,,,,,,,,,,,,,,,,,,,,,,,,,,,,,,,,,,,,,,/workspace/russian-settlements-research/research_rebuild/evidence/over1000_south_other_completion_20261009/literal_source_witnesses.csv
2002:1_TOM_01_04.xls:0:10443,2010:009_81f8a0e73c_17._20ДВ_ФО_2010.xls:ДВ:1976,same_place,checked_rule_accepted,,"Unique2002pgtОзерский and laterселоОзерское, Корсаковский county; ownarticle explicit status transition; no same-stem wholeNP competitor.",False,,,/workspace/russian-settlements-research/research_rebuild/evidence/over1000_south_other_completion_20261009/batch1_fourteen_groups,,2002.0,2010.0,,,,,,,,,,,,,,,,,,,,,,,,,,,,,,,,,,,,,,,,,,,,,,,,,,,,,,,,,,,,,,,,,,,,,,,,,,,,,,,,,,,,,,,,,,,,/workspace/russian-settlements-research/research_rebuild/evidence/over1000_south_other_completion_20261009/literal_source_witnesses.csv
2010:009_81f8a0e73c_17._20ДВ_ФО_2010.xls:ДВ:1976,2021:data_allsettlements_anon_156_v20251217.parquet:parquet:118473,same_place,checked_rule_accepted,,"Unique2002pgtОзерский and laterселоОзерское, Корсаковский county; ownarticle explicit status transition; no same-stem wholeNP competitor.",False,,,/workspace/russian-settlements-research/research_rebuild/evidence/over1000_south_other_completion_20261009/batch1_fourteen_groups,,2010.0,2021.0,,,,,,,,,,,,,,,,,,,,,,,,,,,,,,,,,,,,,,,,,,,,,,,,,,,,,,,,,,,,,,,,,,,,,,,,,,,,,,,,,,,,,,,,,,,,/workspace/russian-settlements-research/research_rebuild/evidence/over1000_south_other_completion_20261009/literal_source_witnesses.csv
2010:003_eb441570b1_11._20Урал_ФО_2010.xls:Урал:4716,2021:data_allsettlements_anon_156_v20251217.parquet:parquet:120985,same_place,checked_rule_accepted,,2002officialurbanpgt row7555 inСевероуральск block; separateИвдельский rural zero row159 excluded. Currentacceptedpoint correct60.80922659.915673 rather than rawsharedИвдельpoint. Ownarticle distinctСевероуральский title.,False,,,/workspace/russian-settlements-research/research_rebuild/evidence/over1000_south_other_completion_20261009/batch1_fourteen_groups,,2010.0,2021.0,,,,,,,,,,,,,,,,,,,,,,,,,,,,,,,,,,,,,,,,,,,,,,,,,,,,,,,,,,,,,,,,,,,,,,,,,,,,,,,,,,,,,,,,,,,,/workspace/russian-settlements-research/research_rebuild/evidence/over1000_south_other_completion_20261009/literal_source_witnesses.csv
2002:002_d4cda9574f_02c_Bryanskaja.xls:Sheet1:1803,2010:013_f60b2d2bcf_5._20Belg_Bryan_Vlad_Voron_Ivanov_Kalug_20L1_ethn_2010.xls:Data Sheet:3097,same_place,checked_rule_accepted,,"UniqueNavlinskyplace, native2002and2021Синезерский;2010Синезерки. OwnarticleСинезерки sharesСинезёрскийpopulationtemplate and ownСинезёрскоеmunicipality administrativecenter title; railstation origin distinguishes separatevillageПриволье.",False,,,/workspace/russian-settlements-research/research_rebuild/evidence/over1000_south_other_completion_20261009/batch2_seven_np_and_typed_scopes,,2002.0,2010.0,,,,,,,,,,,,,,,,,,,,,,,,,,,,,,,,,,,,,,,,,,,,,,,,,,,,,,,,,,,,,,,,,,,,,,,,,,,,,,,,,,,,,,,,,,,,/workspace/russian-settlements-research/research_rebuild/evidence/over1000_south_other_completion_20261009/literal_source_witnesses.csv
2010:013_f60b2d2bcf_5._20Belg_Bryan_Vlad_Voron_Ivanov_Kalug_20L1_ethn_2010.xls:Data Sheet:3097,2021:data_allsettlements_anon_156_v20251217.parquet:parquet:175038,same_place,checked_rule_accepted,,"UniqueNavlinskyplace, native2002and2021Синезерский;2010Синезерки. OwnarticleСинезерки sharesСинезёрскийpopulationtemplate and ownСинезёрскоеmunicipality administrativecenter title; railstation origin distinguishes separatevillageПриволье.",False,,,/workspace/russian-settlements-research/research_rebuild/evidence/over1000_south_other_completion_20261009/batch2_seven_np_and_typed_scopes,,2010.0,2021.0,,,,,,,,,,,,,,,,,,,,,,,,,,,,,,,,,,,,,,,,,,,,,,,,,,,,,,,,,,,,,,,,,,,,,,,,,,,,,,,,,,,,,,,,,,,,/workspace/russian-settlements-research/research_rebuild/evidence/over1000_south_other_completion_20261009/literal_source_witnesses.csv
2002:035_e1bf1fa87f_02c_Chechnya.xls:Sheet1:160,2010:002_027be52979_10._20СевКаз_ФО_20(без_20Даг)_202010.xls:СК:1548,same_place,checked_rule_accepted,,"Ownarticle explicitНово-Центорой akaЦентора-Юрт, founded1989Грозненский county. SeparateНовыйБенойГудермесplace andКурчалоевский/Ножай-ЮртовскийЦенторойexcluded. Source2010nativeownrow1548andaccepted2021ownpoint.",False,,,/workspace/russian-settlements-research/research_rebuild/evidence/over1000_south_other_completion_20261009/batch2_seven_np_and_typed_scopes,,2002.0,2010.0,,,,,,,,,,,,,,,,,,,,,,,,,,,,,,,,,,,,,,,,,,,,,,,,,,,,,,,,,,,,,,,,,,,,,,,,,,,,,,,,,,,,,,,,,,,,/workspace/russian-settlements-research/research_rebuild/evidence/over1000_south_other_completion_20261009/literal_source_witnesses.csv
2010:002_027be52979_10._20СевКаз_ФО_20(без_20Даг)_202010.xls:СК:1548,2021:data_allsettlements_anon_156_v20251217.parquet:parquet:161624,same_place,checked_rule_accepted,,"Ownarticle explicitНово-Центорой akaЦентора-Юрт, founded1989Грозненский county. SeparateНовыйБенойГудермесplace andКурчалоевский/Ножай-ЮртовскийЦенторойexcluded. Source2010nativeownrow1548andaccepted2021ownpoint.",False,,,/workspace/russian-settlements-research/research_rebuild/evidence/over1000_south_other_completion_20261009/batch2_seven_np_and_typed_scopes,,2010.0,2021.0,,,,,,,,,,,,,,,,,,,,,,,,,,,,,,,,,,,,,,,,,,,,,,,,,,,,,,,,,,,,,,,,,,,,,,,,,,,,,,,,,,,,,,,,,,,,/workspace/russian-settlements-research/research_rebuild/evidence/over1000_south_other_completion_20261009/literal_source_witnesses.csv
2010:002_027be52979_10._20СевКаз_ФО_20(без_20Даг)_202010.xls:СК:877,2021:data_allsettlements_anon_156_v20251217.parquet:parquet:23185,same_place,checked_rule_accepted,,"Uniqueexactownname innative2010/2021Ingushetia, ownarticleСунженский municipality andformation1999;2002selectedpublication fullknownalias/neighbor scope screened noownpublishedrow,countunknownnotzero.",False,,,/workspace/russian-settlements-research/research_rebuild/evidence/over1000_south_other_completion_20261009/batch2_seven_np_and_typed_scopes,,2010.0,2021.0,,,,,,,,,,,,,,,,,,,,,,,,,,,,,,,,,,,,,,,,,,,,,,,,,,,,,,,,,,,,,,,,,,,,,,,,,,,,,,,,,,,,,,,,,,,,/workspace/russian-settlements-research/research_rebuild/evidence/over1000_south_other_completion_20261009/literal_source_witnesses.csv
2010:002_027be52979_10._20СевКаз_ФО_20(без_20Даг)_202010.xls:СК:856,2021:data_allsettlements_anon_156_v20251217.parquet:parquet:23198,same_place,checked_rule_accepted,,"Uniqueexactownname native2010/2021Ingushetia ownarticleМалгобекский. Ownarticle1959Южный alias and1963alternativeformation retained.2002complete selectednativepublication/Южн/МТС/usadba aliases screened noownrow,countunknownnotzero.",False,,,/workspace/russian-settlements-research/research_rebuild/evidence/over1000_south_other_completion_20261009/batch2_seven_np_and_typed_scopes,,2010.0,2021.0,,,,,,,,,,,,,,,,,,,,,,,,,,,,,,,,,,,,,,,,,,,,,,,,,,,,,,,,,,,,,,,,,,,,,,,,,,,,,,,,,,,,,,,,,,,,/workspace/russian-settlements-research/research_rebuild/evidence/over1000_south_other_completion_20261009/literal_source_witnesses.csv
2010:008_342f3c208b_16._20Сиб_ФО_2010.xls:Sib:11204,2021:data_allsettlements_anon_156_v20251217.parquet:parquet:23321,same_place,checked_rule_accepted,,Ownarticledated2003newvillageconstruction afterearthquake;stable2010/2021 ownNP.2002Бельтир is separate survivingoldNP with2021row23322 and ownoldpoint; nevermerge orallocate oldcount1211 to newvillage.,False,,,/workspace/russian-settlements-research/research_rebuild/evidence/over1000_south_other_completion_20261009/batch2_seven_np_and_typed_scopes,,2010.0,2021.0,,,,,,,,,,,,,,,,,,,,,,,,,,,,,,,,,,,,,,,,,,,,,,,,,,,,,,,,,,,,,,,,,,,,,,,,,,,,,,,,,,,,,,,,,,,,/workspace/russian-settlements-research/research_rebuild/evidence/over1000_south_other_completion_20261009/literal_source_witnesses.csv
2002:016_3aa889d669_02c_Tulskaja.xls:Sheet1:2191,2021:data_allsettlements_anon_156_v20251217.parquet:parquet:152518,same_place,checked_rule_accepted,exact_2002_Leninsky_source_block_plus_own_locality_history_and_unique_current_own_article,Raw 2002 record is within Leninsky district rural block (Sheet1 rows 2031-2032; Oktabrsky rural-okруг row2190; Oktabrsky row2191; VNIICOP row2199). Exact name/type and article history bind Oktabrsky to current native UID152518. County/code/location checked; population equality not used.,False,raw_2002_native_row_witnesses.csv; web_captures/wiki_04.json; source_pins.json,"2002 raw 839 row2191; own article pageid9079639 rev150967583; current UID152518 code 70701000565, current representative point Q23976562",/workspace/russian-settlements-research/research_rebuild/evidence/over1000_tula_oktyabrsky_v5_20261009,,,,,,,,,,,,,,,,,,,,,,,,,,,,,,,,,,,,,,,,,,,,,,,,,,,,,,,,,,,,,,,,,,,,,,,,,,,,,,,,,,,,,,,,,,,,,,,
2010:011_040325482b_3._20Ryaz_Smol_Tambov_Tula_Jaroslavl_20L1_20ethn_2010.xls:Data Sheet:11315,2021:data_allsettlements_anon_156_v20251217.parquet:parquet:152518,same_place,checked_rule_accepted,official_primary_county_entry_plus_own_locality_history_and_current_native_source,TULA2010 Table12 p86 line15 uniquely binds selected source row to Oktabrsky in Leninsky / Rozhdestvenskoye; own article identifies same physical locality and says 2010 census tabulation included adjacent VNIICOP. Treat as identity path with changed/combined published source scope; no equal-population or exclusive one-to-one source-scope claim. Preserve raw 1287 and official primary 1285 separately.,False,raw_2010_native_row_witness.csv; official_2010_primary_row_witness.csv; web_captures/wiki_04.json,selected 2010 UID Data Sheet:11315 -> current UID152518; official Table12:PDFpage86:line15; article revision150967583; VNIICOP not assigned a 2010 population,/workspace/russian-settlements-research/research_rebuild/evidence/over1000_tula_oktyabrsky_v5_20261009,,,,,,,,,,,,,,,,,,,,,,,,,,,,,,,,,,,,,,,,,,,,,,,,,,,,,,,,,,,,,,,,,,,,,,,,,,,,,,,,,,,,,,,,,,,,,,,
2002:011_f46bbaadfd_02c_Orlovskaja.xls:Sheet1:1504,2021:data_allsettlements_anon_156_v20251217.parquet:parquet:92122,same_place,checked_rule_accepted,,,,,,/workspace/russian-settlements-research/research_rebuild/evidence/over1000_volga_handoff_20261009/batch1_ordinary,VOLGA-8156dda20512130c28ec,2002.0,2021.0,native_typed_source_parent_and_own_physical_article,"printedownhistoricalNPgrain/name/county/parish + ownarticlephysicalplace/adminstatus variant + allsource rivals retained;2010null/misfilledcounty interpretedthroughacceptedliteralneighbors,notrawrewritten",/workspace/russian-settlements-research/research_rebuild/evidence/over1000_volga_handoff_20261009/batch1_ordinary/identity_point_witnesses.csv.gz,native populations/sourcequality/type retained; no boundarycomparability orpopulationequalityassertion,,,,,,,,,,,,,,,,,,,,,,,,,,,,,,,,,,,,,,,,,,,,,,,,,,,,,,,,,,,,,,,,,,,,,,,,,,,,,,,,,,,,,,,,
2002:011_f46bbaadfd_02c_Orlovskaja.xls:Sheet1:2457,2021:data_allsettlements_anon_156_v20251217.parquet:parquet:93038,same_place,checked_rule_accepted,,,,,,/workspace/russian-settlements-research/research_rebuild/evidence/over1000_volga_handoff_20261009/batch1_ordinary,VOLGA-e905c77c7ec1066d364e,2002.0,2021.0,native_typed_source_parent_and_own_physical_article,"printedownhistoricalNPgrain/name/county/parish + ownarticlephysicalplace/adminstatus variant + allsource rivals retained;2010null/misfilledcounty interpretedthroughacceptedliteralneighbors,notrawrewritten",/workspace/russian-settlements-research/research_rebuild/evidence/over1000_volga_handoff_20261009/batch1_ordinary/identity_point_witnesses.csv.gz,native populations/sourcequality/type retained; no boundarycomparability orpopulationequalityassertion,,,,,,,,,,,,,,,,,,,,,,,,,,,,,,,,,,,,,,,,,,,,,,,,,,,,,,,,,,,,,,,,,,,,,,,,,,,,,,,,,,,,,,,,
2002:055_430166490c_Uljanovskaja_new.xls:Sheet1:252,2021:data_allsettlements_anon_156_v20251217.parquet:parquet:157786,same_place,checked_rule_accepted,,,,,,/workspace/russian-settlements-research/research_rebuild/evidence/over1000_volga_handoff_20261009/batch1_ordinary,VOLGA-a9a2c326a20d27ad96f2,2002.0,2021.0,native_typed_source_parent_and_own_physical_article,"printedownhistoricalNPgrain/name/county/parish + ownarticlephysicalplace/adminstatus variant + allsource rivals retained;2010null/misfilledcounty interpretedthroughacceptedliteralneighbors,notrawrewritten",/workspace/russian-settlements-research/research_rebuild/evidence/over1000_volga_handoff_20261009/batch1_ordinary/identity_point_witnesses.csv.gz,native populations/sourcequality/type retained; no boundarycomparability orpopulationequalityassertion,,,,,,,,,,,,,,,,,,,,,,,,,,,,,,,,,,,,,,,,,,,,,,,,,,,,,,,,,,,,,,,,,,,,,,,,,,,,,,,,,,,,,,,,
2010:016_802d308e41_8._20Or_Penz_Perm_Samar_Saratov_Uly_2010.xls:!!!:10482,2021:data_allsettlements_anon_156_v20251217.parquet:parquet:158128,same_place,checked_rule_accepted,,,,,,/workspace/russian-settlements-research/research_rebuild/evidence/over1000_volga_handoff_20261009/batch1_ordinary,VOLGA-5206b6e6be698e13a161,2010.0,2021.0,native_typed_source_parent_and_own_physical_article,"printedownhistoricalNPgrain/name/county/parish + ownarticlephysicalplace/adminstatus variant + allsource rivals retained;2010null/misfilledcounty interpretedthroughacceptedliteralneighbors,notrawrewritten",/workspace/russian-settlements-research/research_rebuild/evidence/over1000_volga_handoff_20261009/batch1_ordinary/identity_point_witnesses.csv.gz,native populations/sourcequality/type retained; no boundarycomparability orpopulationequalityassertion,,,,,,,,,,,,,,,,,,,,,,,,,,,,,,,,,,,,,,,,,,,,,,,,,,,,,,,,,,,,,,,,,,,,,,,,,,,,,,,,,,,,,,,,
2002:1_TOM_01_04.xls:0:9095,2021:data_allsettlements_anon_156_v20251217.parquet:parquet:33328,same_place,checked_rule_accepted,,,,,,/workspace/russian-settlements-research/research_rebuild/evidence/over1000_volga_handoff_20261009/batch1_ordinary,VOLGA-e4180cd3da67db9d3988,2002.0,2021.0,native_typed_source_parent_and_own_physical_article,"printedownhistoricalNPgrain/name/county/parish + ownarticlephysicalplace/adminstatus variant + allsource rivals retained;2010null/misfilledcounty interpretedthroughacceptedliteralneighbors,notrawrewritten",/workspace/russian-settlements-research/research_rebuild/evidence/over1000_volga_handoff_20261009/batch1_ordinary/identity_point_witnesses.csv.gz,native populations/sourcequality/type retained; no boundarycomparability orpopulationequalityassertion,,,,,,,,,,,,,,,,,,,,,,,,,,,,,,,,,,,,,,,,,,,,,,,,,,,,,,,,,,,,,,,,,,,,,,,,,,,,,,,,,,,,,,,,
2010:008_342f3c208b_16._20Сиб_ФО_2010.xls:Sib:5024,2021:data_allsettlements_anon_156_v20251217.parquet:parquet:32157,same_place,checked_rule_accepted,,,,,,/workspace/russian-settlements-research/research_rebuild/evidence/over1000_volga_handoff_20261009/batch1_ordinary,VOLGA-29a588fefd66d487469f,2010.0,2021.0,native_typed_source_parent_and_own_physical_article,"printedownhistoricalNPgrain/name/county/parish + ownarticlephysicalplace/adminstatus variant + allsource rivals retained;2010null/misfilledcounty interpretedthroughacceptedliteralneighbors,notrawrewritten",/workspace/russian-settlements-research/research_rebuild/evidence/over1000_volga_handoff_20261009/batch1_ordinary/identity_point_witnesses.csv.gz,native populations/sourcequality/type retained; no boundarycomparability orpopulationequalityassertion,,,,,,,,,,,,,,,,,,,,,,,,,,,,,,,,,,,,,,,,,,,,,,,,,,,,,,,,,,,,,,,,,,,,,,,,,,,,,,,,,,,,,,,,
2010:016_802d308e41_8._20Or_Penz_Perm_Samar_Saratov_Uly_2010.xls:!!!:2089,2021:data_allsettlements_anon_156_v20251217.parquet:parquet:85115,same_place,checked_rule_accepted,,,,,,/workspace/russian-settlements-research/research_rebuild/evidence/over1000_volga_handoff_20261009/batch1_ordinary,VOLGA-d99d9600a883d335d96e,2010.0,2021.0,native_typed_source_parent_and_own_physical_article,"printedownhistoricalNPgrain/name/county/parish + ownarticlephysicalplace/adminstatus variant + allsource rivals retained;2010null/misfilledcounty interpretedthroughacceptedliteralneighbors,notrawrewritten",/workspace/russian-settlements-research/research_rebuild/evidence/over1000_volga_handoff_20261009/batch1_ordinary/identity_point_witnesses.csv.gz,native populations/sourcequality/type retained; no boundarycomparability orpopulationequalityassertion,,,,,,,,,,,,,,,,,,,,,,,,,,,,,,,,,,,,,,,,,,,,,,,,,,,,,,,,,,,,,,,,,,,,,,,,,,,,,,,,,,,,,,,,
2010:016_802d308e41_8._20Or_Penz_Perm_Samar_Saratov_Uly_2010.xls:!!!:2814,2021:data_allsettlements_anon_156_v20251217.parquet:parquet:85962,same_place,checked_rule_accepted,,,,,,/workspace/russian-settlements-research/research_rebuild/evidence/over1000_volga_handoff_20261009/batch1_ordinary,VOLGA-e48197d86ee7f80a57fa,2010.0,2021.0,native_typed_source_parent_and_own_physical_article,"printedownhistoricalNPgrain/name/county/parish + ownarticlephysicalplace/adminstatus variant + allsource rivals retained;2010null/misfilledcounty interpretedthroughacceptedliteralneighbors,notrawrewritten",/workspace/russian-settlements-research/research_rebuild/evidence/over1000_volga_handoff_20261009/batch1_ordinary/identity_point_witnesses.csv.gz,native populations/sourcequality/type retained; no boundarycomparability orpopulationequalityassertion,,,,,,,,,,,,,,,,,,,,,,,,,,,,,,,,,,,,,,,,,,,,,,,,,,,,,,,,,,,,,,,,,,,,,,,,,,,,,,,,,,,,,,,,
2010:004_486e984bdc_12._20Астр_Волгог_Ростов.xls:Южный:511,2021:data_allsettlements_anon_156_v20251217.parquet:parquet:3952,same_place,checked_rule_accepted,,,,,,/workspace/russian-settlements-research/research_rebuild/evidence/over1000_volga_handoff_20261009/batch1_ordinary,VOLGA-b16dbe132953e380b0c9,2010.0,2021.0,native_typed_source_parent_and_own_physical_article,"printedownhistoricalNPgrain/name/county/parish + ownarticlephysicalplace/adminstatus variant + allsource rivals retained;2010null/misfilledcounty interpretedthroughacceptedliteralneighbors,notrawrewritten",/workspace/russian-settlements-research/research_rebuild/evidence/over1000_volga_handoff_20261009/batch1_ordinary/identity_point_witnesses.csv.gz,native populations/sourcequality/type retained; no boundarycomparability orpopulationequalityassertion,,,,,,,,,,,,,,,,,,,,,,,,,,,,,,,,,,,,,,,,,,,,,,,,,,,,,,,,,,,,,,,,,,,,,,,,,,,,,,,,,,,,,,,,
2010:004_486e984bdc_12._20Астр_Волгог_Ростов.xls:Южный:655,2021:data_allsettlements_anon_156_v20251217.parquet:parquet:4170,same_place,checked_rule_accepted,,,,,,/workspace/russian-settlements-research/research_rebuild/evidence/over1000_volga_handoff_20261009/batch2_berez_rassvet,VOLGA_RASSVET_BEREZ2010,2010.0,2021.0,primary_parish_source_sequence_and_exact_published_modern_owncode,primary02РассветовскийownproperNP;2010 sameorderedownRассветовскиyleaf afterliteralКраишево/Красноталовский/Носовский andbeforeРодинское/Таловка/Киевка acceptedsourceflanks;2021publishedownRassvetcode/name/type/parish exactfullrawproviderOWNIDFIAS6. Separate2002Березовский484/2010row637408/2021row4143264 kept rival.,/workspace/russian-settlements-research/research_rebuild/evidence/over1000_volga_handoff_20261009/batch2_berez_rassvet/source_identity_ownpoint_proof.json,nativecounts/type/quality unchanged;boundarycomparabilityUNKNOWN,,,,,,,,,,,,,,,,,,,,,,,,,,,,,,,,,,,,,,,,,,,,,,,,,,,,,,,,,,,,,,,,,,,,,,,,,,,,,,,,,,,,,,,,
2002:014_32646337ea_02c_Tambovskaja.xls:Sheet1:247,2021:data_allsettlements_anon_156_v20251217.parquet:parquet:127789,same_place,checked_rule_accepted,,,,,,/workspace/russian-settlements-research/research_rebuild/evidence/over1000_volga_handoff_20261009/batch3_pervom_znam_v2,VOLGA_VORONTS_PERVOM2002,2002.0,2021.0,primary_parish_source_sequence_and_ownarticle_historical_physical_NP_code,primary02properposПервомайский ownВоронцовскийparish/Знаменский;2010sameexactsourceorderedneighborsДаниловка/СтепнойЛесхоз/Сява/ДуплятоМаслово;2009physicalNPcode68206815005 literalпПервомайский matchesOWNmodernWPПервомайское samecode/typedpos/county/Voronts. Nolegalrenamedate orboundarycomparability asserted. Exactraw02count214 remainsseparate from2118/1910; noequalpopulationidentityproof,/workspace/russian-settlements-research/research_rebuild/evidence/over1000_volga_handoff_20261009/batch3_pervom_znam_v2/source_identity_ownpoint_proof.json,nativecounts/type/quality unchanged;boundarycomparabilityUNKNOWN,,,,,,,,,,,,,,,,,,,,,,,,,,,,,,,,,,,,,,,,,,,,,,,,,,,,,,,,,,,,,,,,,,,,,,,,,,,,,,,,,,,,,,,,
