component_root,source_record_id_2002,settlement_name_2002,settlement_type_2002,region_norm_2002,population_2002,latitude_2002,longitude_2002,point_origin_file_2002,point_origin_sha256_2002,point_origin_locator_2002,point_origin_kind_2002,coordinate_admission_status_2002,coordinate_source_record_id_2002,source_record_id_2010,settlement_name_2010,settlement_type_2010,region_norm_2010,population_2010,latitude_2010,longitude_2010,point_origin_file_2010,point_origin_sha256_2010,point_origin_locator_2010,point_origin_kind_2010,coordinate_admission_status_2010,coordinate_source_record_id_2010,source_record_id_2021,settlement_name_2021,settlement_type_2021,region_norm_2021,population_2021,latitude_2021,longitude_2021,point_origin_file_2021,point_origin_sha256_2021,point_origin_locator_2021,point_origin_kind_2021,coordinate_admission_status_2021,coordinate_source_record_id_2021,distance_km_2002_2010,distance_km_2002_2021,distance_km_2010_2021,max_interyear_distance_km,max_pair,rank_max_interyear_distance
2002:067_7363c80f41_02c_Krasnojarski_lraj.xls:Sheet1:1620,2002:067_7363c80f41_02c_Krasnojarski_lraj.xls:Sheet1:1620,Черная Кома,деревня,красноярский,307.0,54.9250573,91.2753996,/workspace/settlements-raw/data/interim/2021_tochno/data_allsettlements_anon_156_v20251217.parquet,86c197cd522e0b63669e9c6e7f43fd3d82b3704c6a126c800a9968ecd16cae14,"carrier_target_source_record_id=2021:data_allsettlements_anon_156_v20251217.parquet:parquet:48660;parquet_row_1based=48660;latitude_dadata,longitude_dadata",retrospective_continuity_from_tochno_2021_dadata_raw_parquet_point,reviewed_extension_rule_accepted,2021:data_allsettlements_anon_156_v20251217.parquet:parquet:48660,2010:008_342f3c208b_16._20Сиб_ФО_2010.xls:Sib:2879,Черная Кома,деревня,красноярский,198.0,70.516667,88.966667,/workspace/settlements-raw/data/raw/historical_geography/geokladr_okato_2011/okato.dbf,d1c8b983f2489724a940bd2a64dedda73b602f6c491d5c09391deaf362fe2650,raw_dbf_record_number_1based=4604;byte_offset_0based=1818890,geokladr_2011_raw_dbf_coordinate,reviewed_extension_rule_accepted,GeoKLADR2011:OKATO:04241807002,2021:data_allsettlements_anon_156_v20251217.parquet:parquet:48660,Черная Кома,деревня,красноярский,135.0,54.9250573,91.2753996,/workspace/settlements-raw/data/interim/2021_tochno/data_allsettlements_anon_156_v20251217.parquet,86c197cd522e0b63669e9c6e7f43fd3d82b3704c6a126c800a9968ecd16cae14,"parquet_row_1based=48660;latitude_dadata,longitude_dadata",tochno_2021_dadata_raw_parquet_point,reviewed_rule_accepted,2021:data_allsettlements_anon_156_v20251217.parquet:parquet:48660,1737.394265473864,0.0,1737.394265473864,1737.394265473864,distance_km_2002_2010,1
2002:078_8405ea8fce_Yakutia.xls:Sheet1:772,2002:078_8405ea8fce_Yakutia.xls:Sheet1:772,Затон Лорпа,село,саха якутия,12.0,65.719912,150.907658,/workspace/settlements-raw/data/raw/historical_geography/geokladr_okato_2011/okato.dbf,d1c8b983f2489724a940bd2a64dedda73b602f6c491d5c09391deaf362fe2650,raw_dbf_record_number_1based=151509;byte_offset_0based=59846365,geokladr_2011_raw_dbf_coordinate,reviewed_extension_rule_accepted,GeoKLADR2011:OKATO:98241501003,2010:009_81f8a0e73c_17._20ДВ_ФО_2010.xls:ДВ:2601,Затон ЛОРПа,село,саха якутия,5.0,65.719912,150.907658,/workspace/settlements-raw/data/raw/historical_geography/geokladr_okato_2011/okato.dbf,d1c8b983f2489724a940bd2a64dedda73b602f6c491d5c09391deaf362fe2650,raw_dbf_record_number_1based=151509;byte_offset_0based=59846365,geokladr_2011_raw_dbf_coordinate,reviewed_extension_rule_accepted,GeoKLADR2011:OKATO:98241501003,2021:data_allsettlements_anon_156_v20251217.parquet:parquet:166679,Затон ЛОРПа,село,саха якутия,1.0,60.3864294,120.3413338,/workspace/settlements-raw/data/interim/2021_tochno/data_allsettlements_anon_156_v20251217.parquet,86c197cd522e0b63669e9c6e7f43fd3d82b3704c6a126c800a9968ecd16cae14,"parquet_row_1based=166679;latitude_dadata,longitude_dadata",tochno_2021_dadata_raw_parquet_point,reviewed_rule_accepted,2021:data_allsettlements_anon_156_v20251217.parquet:parquet:166679,0.0,1630.3595477922422,1630.3595477922422,1630.3595477922422,distance_km_2002_2021,2
2002:078_8405ea8fce_Yakutia.xls:Sheet1:897,2002:078_8405ea8fce_Yakutia.xls:Sheet1:897,Булгунняхтах,село,саха якутия,1601.0,69.009139,155.207625,/workspace/settlements-raw/data/raw/historical_geography/geokladr_okato_2011/okato.dbf,d1c8b983f2489724a940bd2a64dedda73b602f6c491d5c09391deaf362fe2650,raw_dbf_record_number_1based=151574;byte_offset_0based=59872040,geokladr_2011_raw_dbf_coordinate,reviewed_extension_rule_accepted,GeoKLADR2011:OKATO:98244823001,2010:009_81f8a0e73c_17._20ДВ_ФО_2010.xls:ДВ:2668,Булгунняхтах,село,саха якутия,1529.0,61.3002515,128.6597228,/workspace/settlements-raw/data/interim/2021_tochno/data_allsettlements_anon_156_v20251217.parquet,86c197cd522e0b63669e9c6e7f43fd3d82b3704c6a126c800a9968ecd16cae14,"parquet_row_1based=166785;latitude_dadata,longitude_dadata",tochno_2021_dadata_raw_parquet_point,reviewed_extension_rule_accepted,2021:data_allsettlements_anon_156_v20251217.parquet:parquet:166785,2021:data_allsettlements_anon_156_v20251217.parquet:parquet:166785,Булгунняхтах,село,саха якутия,1529.0,61.3002515,128.6597228,/workspace/settlements-raw/data/interim/2021_tochno/data_allsettlements_anon_156_v20251217.parquet,86c197cd522e0b63669e9c6e7f43fd3d82b3704c6a126c800a9968ecd16cae14,"parquet_row_1based=166785;latitude_dadata,longitude_dadata",tochno_2021_dadata_raw_parquet_point,reviewed_rule_accepted,2021:data_allsettlements_anon_156_v20251217.parquet:parquet:166785,1488.6799598257205,1488.6799598257205,0.0,1488.6799598257205,distance_km_2002_2010,3
2002:078_8405ea8fce_Yakutia.xls:Sheet1:1111,2002:078_8405ea8fce_Yakutia.xls:Sheet1:1111,Эселях,село,саха якутия,581.0,68.979256,155.692905,/workspace/settlements-raw/data/raw/historical_geography/geokladr_okato_2011/okato.dbf,d1c8b983f2489724a940bd2a64dedda73b602f6c491d5c09391deaf362fe2650,raw_dbf_record_number_1based=151678;byte_offset_0based=59913120,geokladr_2011_raw_dbf_coordinate,reviewed_extension_rule_accepted,GeoKLADR2011:OKATO:98252860001,2010:009_81f8a0e73c_17._20ДВ_ФО_2010.xls:ДВ:2775,Эселях,село,саха якутия,617.0,68.979256,155.692905,/workspace/settlements-raw/data/raw/historical_geography/geokladr_okato_2011/okato.dbf,d1c8b983f2489724a940bd2a64dedda73b602f6c491d5c09391deaf362fe2650,raw_dbf_record_number_1based=151678;byte_offset_0based=59913120,geokladr_2011_raw_dbf_coordinate,reviewed_extension_rule_accepted,GeoKLADR2011:OKATO:98252860001,2021:data_allsettlements_anon_156_v20251217.parquet:parquet:166962,Эселях,село,саха якутия,617.0,62.9097305,131.0504765,/workspace/settlements-raw/data/interim/2021_tochno/data_allsettlements_anon_156_v20251217.parquet,86c197cd522e0b63669e9c6e7f43fd3d82b3704c6a126c800a9968ecd16cae14,"parquet_row_1based=166962;latitude_dadata,longitude_dadata",tochno_2021_dadata_raw_parquet_point,reviewed_rule_accepted,2021:data_allsettlements_anon_156_v20251217.parquet:parquet:166962,0.0,1291.6937736017242,1291.6937736017242,1291.6937736017242,distance_km_2002_2021,4
2002:067_7363c80f41_02c_Krasnojarski_lraj.xls:Sheet1:77,2002:067_7363c80f41_02c_Krasnojarski_lraj.xls:Sheet1:77,Плахино,село,красноярский,267.0,57.290762,96.5896049,/workspace/settlements-raw/data/interim/2021_tochno/data_allsettlements_anon_156_v20251217.parquet,86c197cd522e0b63669e9c6e7f43fd3d82b3704c6a126c800a9968ecd16cae14,"carrier_target_source_record_id=2021:data_allsettlements_anon_156_v20251217.parquet:parquet:47153;parquet_row_1based=47153;latitude_dadata,longitude_dadata",retrospective_continuity_from_tochno_2021_dadata_raw_parquet_point,reviewed_extension_rule_accepted,2021:data_allsettlements_anon_156_v20251217.parquet:parquet:47153,2010:008_342f3c208b_16._20Сиб_ФО_2010.xls:Sib:1722,Плахино,село,красноярский,208.0,67.938,86.4066,/workspace/settlements-raw/data/raw/historical_geography/geokladr_okato_2011/okato.dbf,d1c8b983f2489724a940bd2a64dedda73b602f6c491d5c09391deaf362fe2650,raw_dbf_record_number_1based=3449;byte_offset_0based=1362665,geokladr_2011_raw_dbf_coordinate,reviewed_extension_rule_accepted,GeoKLADR2011:OKATO:04201837004,2021:data_allsettlements_anon_156_v20251217.parquet:parquet:47153,Плахино,село,красноярский,144.0,57.290762,96.5896049,/workspace/settlements-raw/data/interim/2021_tochno/data_allsettlements_anon_156_v20251217.parquet,86c197cd522e0b63669e9c6e7f43fd3d82b3704c6a126c800a9968ecd16cae14,"parquet_row_1based=47153;latitude_dadata,longitude_dadata",tochno_2021_dadata_raw_parquet_point,reviewed_rule_accepted,2021:data_allsettlements_anon_156_v20251217.parquet:parquet:47153,1289.5164742186623,0.0,1289.5164742186623,1289.5164742186623,distance_km_2002_2010,5
2002:1_TOM_01_04.xls:0:9839,2002:1_TOM_01_04.xls:0:9839,Светлый,пгт,саха якутия,3546.0,61.366667,137.1,/workspace/settlements-raw/data/raw/historical_geography/geokladr_okato_2011/okato.dbf,d1c8b983f2489724a940bd2a64dedda73b602f6c491d5c09391deaf362fe2650,DBF_record_1based=151444;DBF_byte_offset_0based=59820690;OKATO2011_raw=98231557000,raw_named_typed_geo2011_object,reviewed_extension_rule_accepted,,2010:009_81f8a0e73c_17._20ДВ_ФО_2010.xls:ДВ:2518,Светлый,пгт,саха якутия,3131.0,61.366667,137.1,/workspace/settlements-raw/data/raw/historical_geography/geokladr_okato_2011/okato.dbf,d1c8b983f2489724a940bd2a64dedda73b602f6c491d5c09391deaf362fe2650,DBF_record_1based=151444;DBF_byte_offset_0based=59820690;OKATO2011_raw=98231557000,raw_named_typed_geo2011_object,reviewed_extension_rule_accepted,,2021:data_allsettlements_anon_156_v20251217.parquet:parquet:166568,Светлый,пгт,саха якутия,3142.0,63.05,113.433333,/workspace/settlements-raw/data/raw/wikidata_truthy_claims/batch_0140.jsonl.gz,b30d775ee3c44b36949efb8299b9be996ea3cc395dbc782cc5128a7382439886,"{""line_number"": 10084, ""locator"": ""batch_0140.jsonl.gz#line=10084"", ""retrieved_at_utc"": ""2026-08-31T21:00:03.422637+00:00"", ""source_file"": ""batch_0140.jsonl.gz"", ""value_raw"": ""POINT(113.433333 63.050000)""}",wikidata_P625_point_claim,reviewed_extension_rule_accepted,Q995285,0.0,1233.9318828158002,1233.9318828158002,1233.9318828158002,distance_km_2002_2021,6
2002:078_8405ea8fce_Yakutia.xls:Sheet1:763,2002:078_8405ea8fce_Yakutia.xls:Sheet1:763,Терют,село,саха якутия,411.0,60.333333,120.7,/workspace/settlements-raw/data/raw/historical_geography/geokladr_okato_2011/okato.dbf,d1c8b983f2489724a940bd2a64dedda73b602f6c491d5c09391deaf362fe2650,raw_dbf_record_number_1based=151505;byte_offset_0based=59844785,geokladr_2011_raw_dbf_coordinate,reviewed_extension_rule_accepted,GeoKLADR2011:OKATO:98239832001,2010:009_81f8a0e73c_17._20ДВ_ФО_2010.xls:ДВ:2595,Терют,село,саха якутия,356.0,64.2447908,142.0811481,/workspace/settlements-raw/data/interim/2021_tochno/data_allsettlements_anon_156_v20251217.parquet,86c197cd522e0b63669e9c6e7f43fd3d82b3704c6a126c800a9968ecd16cae14,"parquet_row_1based=166671;latitude_dadata,longitude_dadata",tochno_2021_dadata_raw_parquet_point,reviewed_extension_rule_accepted,2021:data_allsettlements_anon_156_v20251217.parquet:parquet:166671,2021:data_allsettlements_anon_156_v20251217.parquet:parquet:166671,Терют,село,саха якутия,376.0,64.2447908,142.0811481,/workspace/settlements-raw/data/interim/2021_tochno/data_allsettlements_anon_156_v20251217.parquet,86c197cd522e0b63669e9c6e7f43fd3d82b3704c6a126c800a9968ecd16cae14,"parquet_row_1based=166671;latitude_dadata,longitude_dadata",tochno_2021_dadata_raw_parquet_point,reviewed_rule_accepted,2021:data_allsettlements_anon_156_v20251217.parquet:parquet:166671,1180.977469536772,1180.977469536772,0.0,1180.977469536772,distance_km_2002_2010,7
2002:078_8405ea8fce_Yakutia.xls:Sheet1:307,2002:078_8405ea8fce_Yakutia.xls:Sheet1:307,Юрдюк Кумах,село,саха якутия,2.0,59.8489,137.695005,/workspace/settlements-raw/data/raw/historical_geography/geokladr_okato_2011/okato.dbf,d1c8b983f2489724a940bd2a64dedda73b602f6c491d5c09391deaf362fe2650,raw_dbf_record_number_1based=151287;byte_offset_0based=59758675,geokladr_2011_raw_dbf_coordinate,reviewed_extension_rule_accepted,GeoKLADR2011:OKATO:98216860002,2010:009_81f8a0e73c_17._20ДВ_ФО_2010.xls:ДВ:2361,Юрдюк Кумах,село,саха якутия,0.0,59.8489,137.695005,/workspace/settlements-raw/data/raw/historical_geography/geokladr_okato_2011/okato.dbf,d1c8b983f2489724a940bd2a64dedda73b602f6c491d5c09391deaf362fe2650,raw_dbf_record_number_1based=151287;byte_offset_0based=59758675,geokladr_2011_raw_dbf_coordinate,reviewed_extension_rule_accepted,GeoKLADR2011:OKATO:98216860002,2021:data_allsettlements_anon_156_v20251217.parquet:parquet:166284,Юрдюк Кумах,село,саха якутия,0.0,68.2014,134.763,/workspace/settlements-raw/data/raw/wikidata_truthy_claims/batch_0025.jsonl.gz,32817b7d6ab8cb97f4d946182162e99858800f6a9fb76801fea53e1fa066c504,"{""line_number"": 10248, ""locator"": ""batch_0025.jsonl.gz#line=10248"", ""retrieved_at_utc"": ""2026-08-31T20:57:38.833530+00:00"", ""source_file"": ""batch_0025.jsonl.gz"", ""value_raw"": ""POINT(134.763000 68.201400)""}",wikidata_P625_point_claim,reviewed_extension_rule_accepted,Q16897714,0.0,939.4050494310684,939.4050494310684,939.4050494310684,distance_km_2002_2021,8
2002:078_8405ea8fce_Yakutia.xls:Sheet1:310,2002:078_8405ea8fce_Yakutia.xls:Sheet1:310,Осохтох,село,саха якутия,148.0,61.200644,130.908342,/workspace/settlements-raw/data/raw/historical_geography/geokladr_okato_2011/okato.dbf,d1c8b983f2489724a940bd2a64dedda73b602f6c491d5c09391deaf362fe2650,raw_dbf_record_number_1based=151289;byte_offset_0based=59759465,geokladr_2011_raw_dbf_coordinate,reviewed_extension_rule_accepted,GeoKLADR2011:OKATO:98216864003,2010:009_81f8a0e73c_17._20ДВ_ФО_2010.xls:ДВ:2363,Осохтох,село,саха якутия,143.0,69.1307173,134.3081993,/workspace/settlements-raw/data/interim/2021_tochno/data_allsettlements_anon_156_v20251217.parquet,86c197cd522e0b63669e9c6e7f43fd3d82b3704c6a126c800a9968ecd16cae14,"parquet_row_1based=166281;latitude_dadata,longitude_dadata",tochno_2021_dadata_raw_parquet_point,reviewed_extension_rule_accepted,2021:data_allsettlements_anon_156_v20251217.parquet:parquet:166281,2021:data_allsettlements_anon_156_v20251217.parquet:parquet:166281,Осохтох,село,саха якутия,110.0,69.1307173,134.3081993,/workspace/settlements-raw/data/interim/2021_tochno/data_allsettlements_anon_156_v20251217.parquet,86c197cd522e0b63669e9c6e7f43fd3d82b3704c6a126c800a9968ecd16cae14,"parquet_row_1based=166281;latitude_dadata,longitude_dadata",tochno_2021_dadata_raw_parquet_point,reviewed_rule_accepted,2021:data_allsettlements_anon_156_v20251217.parquet:parquet:166281,895.6253278087653,895.6253278087653,0.0,895.6253278087653,distance_km_2002_2010,9
2002:078_8405ea8fce_Yakutia.xls:Sheet1:578,2002:078_8405ea8fce_Yakutia.xls:Sheet1:578,Хочо,село,саха якутия,778.0,61.92246,113.967888,/workspace/settlements-raw/data/raw/historical_geography/geokladr_okato_2011/okato.dbf,d1c8b983f2489724a940bd2a64dedda73b602f6c491d5c09391deaf362fe2650,raw_dbf_record_number_1based=151422;byte_offset_0based=59812000,geokladr_2011_raw_dbf_coordinate,reviewed_extension_rule_accepted,GeoKLADR2011:OKATO:98229840001,2010:009_81f8a0e73c_17._20ДВ_ФО_2010.xls:ДВ:2499,Хочо,село,саха якутия,624.0,61.92246,113.967888,/workspace/settlements-raw/data/raw/historical_geography/geokladr_okato_2011/okato.dbf,d1c8b983f2489724a940bd2a64dedda73b602f6c491d5c09391deaf362fe2650,raw_dbf_record_number_1based=151422;byte_offset_0based=59812000,geokladr_2011_raw_dbf_coordinate,reviewed_extension_rule_accepted,GeoKLADR2011:OKATO:98229840001,2021:data_allsettlements_anon_156_v20251217.parquet:parquet:166526,Хочо,село,саха якутия,660.0,61.5659015,130.7472696,/workspace/settlements-raw/data/interim/2021_tochno/data_allsettlements_anon_156_v20251217.parquet,86c197cd522e0b63669e9c6e7f43fd3d82b3704c6a126c800a9968ecd16cae14,"parquet_row_1based=166526;latitude_dadata,longitude_dadata",tochno_2021_dadata_raw_parquet_point,reviewed_rule_accepted,2021:data_allsettlements_anon_156_v20251217.parquet:parquet:166526,0.0,881.7034996681069,881.7034996681069,881.7034996681069,distance_km_2002_2021,10
2002:067_7363c80f41_02c_Krasnojarski_lraj.xls:Sheet1:1768,2002:067_7363c80f41_02c_Krasnojarski_lraj.xls:Sheet1:1768,Бородино,село,красноярский,1040.0,55.871759,94.968818,/workspace/settlements-raw/data/interim/2021_tochno/data_allsettlements_anon_156_v20251217.parquet,86c197cd522e0b63669e9c6e7f43fd3d82b3704c6a126c800a9968ecd16cae14,"carrier_target_source_record_id=2021:data_allsettlements_anon_156_v20251217.parquet:parquet:48740;parquet_row_1based=48740;latitude_dadata,longitude_dadata",retrospective_continuity_from_tochno_2021_dadata_raw_parquet_point,reviewed_extension_rule_accepted,2021:data_allsettlements_anon_156_v20251217.parquet:parquet:48740,2010:008_342f3c208b_16._20Сиб_ФО_2010.xls:Sib:2981,Бородино,село,красноярский,877.0,62.916667,88.15,/workspace/settlements-raw/data/raw/historical_geography/geokladr_okato_2011/okato.dbf,d1c8b983f2489724a940bd2a64dedda73b602f6c491d5c09391deaf362fe2650,raw_dbf_record_number_1based=4703;byte_offset_0based=1857995,geokladr_2011_raw_dbf_coordinate,reviewed_extension_rule_accepted,GeoKLADR2011:OKATO:04247806001,2021:data_allsettlements_anon_156_v20251217.parquet:parquet:48740,Бородино,село,красноярский,803.0,55.871759,94.968818,/workspace/settlements-raw/data/interim/2021_tochno/data_allsettlements_anon_156_v20251217.parquet,86c197cd522e0b63669e9c6e7f43fd3d82b3704c6a126c800a9968ecd16cae14,"parquet_row_1based=48740;latitude_dadata,longitude_dadata",tochno_2021_dadata_raw_parquet_point,reviewed_rule_accepted,2021:data_allsettlements_anon_156_v20251217.parquet:parquet:48740,872.205586263945,0.0,872.205586263945,872.205586263945,distance_km_2002_2010,11
2002:078_8405ea8fce_Yakutia.xls:Sheet1:312,2002:078_8405ea8fce_Yakutia.xls:Sheet1:312,Хайысардах,село,саха якутия,343.0,60.661422,128.367076,/workspace/settlements-raw/data/raw/historical_geography/geokladr_okato_2011/okato.dbf,d1c8b983f2489724a940bd2a64dedda73b602f6c491d5c09391deaf362fe2650,raw_dbf_record_number_1based=151290;byte_offset_0based=59759860,geokladr_2011_raw_dbf_coordinate,reviewed_extension_rule_accepted,GeoKLADR2011:OKATO:98216870001,2010:009_81f8a0e73c_17._20ДВ_ФО_2010.xls:ДВ:2364,Хайысардах,село,саха якутия,402.0,67.9639994,134.7426418,/workspace/settlements-raw/data/interim/2021_tochno/data_allsettlements_anon_156_v20251217.parquet,86c197cd522e0b63669e9c6e7f43fd3d82b3704c6a126c800a9968ecd16cae14,"parquet_row_1based=166283;latitude_dadata,longitude_dadata",tochno_2021_dadata_raw_parquet_point,reviewed_extension_rule_accepted,2021:data_allsettlements_anon_156_v20251217.parquet:parquet:166283,2021:data_allsettlements_anon_156_v20251217.parquet:parquet:166283,Хайысардах,село,саха якутия,291.0,67.9639994,134.7426418,/workspace/settlements-raw/data/interim/2021_tochno/data_allsettlements_anon_156_v20251217.parquet,86c197cd522e0b63669e9c6e7f43fd3d82b3704c6a126c800a9968ecd16cae14,"parquet_row_1based=166283;latitude_dadata,longitude_dadata",tochno_2021_dadata_raw_parquet_point,reviewed_rule_accepted,2021:data_allsettlements_anon_156_v20251217.parquet:parquet:166283,867.1358809666007,867.1358809666007,0.0,867.1358809666007,distance_km_2002_2010,12
2002:078_8405ea8fce_Yakutia.xls:Sheet1:335,2002:078_8405ea8fce_Yakutia.xls:Sheet1:335,Чай,село,саха якутия,478.0,59.383333,135.05,/workspace/settlements-raw/data/raw/historical_geography/geokladr_okato_2011/okato.dbf,d1c8b983f2489724a940bd2a64dedda73b602f6c491d5c09391deaf362fe2650,raw_dbf_record_number_1based=151303;byte_offset_0based=59764995,geokladr_2011_raw_dbf_coordinate,reviewed_extension_rule_accepted,GeoKLADR2011:OKATO:98218816001,2010:009_81f8a0e73c_17._20ДВ_ФО_2010.xls:ДВ:2377,Чай,село,саха якутия,476.0,63.8421402,123.5528149,/workspace/settlements-raw/data/interim/2021_tochno/data_allsettlements_anon_156_v20251217.parquet,86c197cd522e0b63669e9c6e7f43fd3d82b3704c6a126c800a9968ecd16cae14,"parquet_row_1based=166305;latitude_dadata,longitude_dadata",tochno_2021_dadata_raw_parquet_point,reviewed_extension_rule_accepted,2021:data_allsettlements_anon_156_v20251217.parquet:parquet:166305,2021:data_allsettlements_anon_156_v20251217.parquet:parquet:166305,Чай,село,саха якутия,422.0,63.8421402,123.5528149,/workspace/settlements-raw/data/interim/2021_tochno/data_allsettlements_anon_156_v20251217.parquet,86c197cd522e0b63669e9c6e7f43fd3d82b3704c6a126c800a9968ecd16cae14,"parquet_row_1based=166305;latitude_dadata,longitude_dadata",tochno_2021_dadata_raw_parquet_point,reviewed_rule_accepted,2021:data_allsettlements_anon_156_v20251217.parquet:parquet:166305,782.4199741000339,782.4199741000339,0.0,782.4199741000339,distance_km_2002_2010,13
2002:1_TOM_01_04.xls:0:9891,2002:1_TOM_01_04.xls:0:9891,Звездочка,пгт,саха якутия,566.0,66.728524,130.809269,/workspace/settlements-raw/data/raw/historical_geography/geokladr_okato_2011/okato.dbf,d1c8b983f2489724a940bd2a64dedda73b602f6c491d5c09391deaf362fe2650,DBF_record_1based=151692;DBF_byte_offset_0based=59918650;OKATO2011_raw=98254556000,raw_named_typed_geo2011_object,reviewed_extension_rule_accepted,,2010:009_81f8a0e73c_17._20ДВ_ФО_2010.xls:ДВ:2788,Звездочка,пгт,саха якутия,407.0,66.728524,130.809269,/workspace/settlements-raw/data/raw/historical_geography/geokladr_okato_2011/okato.dbf,d1c8b983f2489724a940bd2a64dedda73b602f6c491d5c09391deaf362fe2650,DBF_record_1based=151692;DBF_byte_offset_0based=59918650;OKATO2011_raw=98254556000,raw_named_typed_geo2011_object,reviewed_extension_rule_accepted,,2021:data_allsettlements_anon_156_v20251217.parquet:parquet:166988,Звездочка,пгт,саха якутия,294.0,60.489137,137.648363,/workspace/settlements-raw/data/raw/wikidata_truthy_claims/batch_0139.jsonl.gz,4eda3174ad7792f797be69edb4081f31674f9a68b00bbfae11e366a70be9e1c3,"{""line_number"": 13983, ""locator"": ""batch_0139.jsonl.gz#line=13983"", ""retrieved_at_utc"": ""2026-08-31T21:00:02.290898+00:00"", ""source_file"": ""batch_0139.jsonl.gz"", ""value_raw"": ""POINT(137.648363 60.489137)""}",wikidata_P625_point_claim,reviewed_extension_rule_accepted,Q7268284,0.0,770.7195862510329,770.7195862510329,770.7195862510329,distance_km_2002_2021,14
2002:078_8405ea8fce_Yakutia.xls:Sheet1:1015,2002:078_8405ea8fce_Yakutia.xls:Sheet1:1015,Туойдах,село,саха якутия,162.0,61.366749,131.562321,/workspace/settlements-raw/data/raw/historical_geography/geokladr_okato_2011/okato.dbf,d1c8b983f2489724a940bd2a64dedda73b602f6c491d5c09391deaf362fe2650,raw_dbf_record_number_1based=151626;byte_offset_0based=59892580,geokladr_2011_raw_dbf_coordinate,reviewed_extension_rule_accepted,GeoKLADR2011:OKATO:98248861001,2010:009_81f8a0e73c_17._20ДВ_ФО_2010.xls:ДВ:2722,Туойдах,село,саха якутия,157.0,61.366749,131.562321,/workspace/settlements-raw/data/raw/historical_geography/geokladr_okato_2011/okato.dbf,d1c8b983f2489724a940bd2a64dedda73b602f6c491d5c09391deaf362fe2650,raw_dbf_record_number_1based=151626;byte_offset_0based=59892580,geokladr_2011_raw_dbf_coordinate,reviewed_extension_rule_accepted,GeoKLADR2011:OKATO:98248861001,2021:data_allsettlements_anon_156_v20251217.parquet:parquet:166879,Туойдах,село,саха якутия,146.0,62.0167,117.217,/workspace/settlements-raw/data/raw/wikidata_truthy_claims/batch_0025.jsonl.gz,32817b7d6ab8cb97f4d946182162e99858800f6a9fb76801fea53e1fa066c504,"{""line_number"": 10281, ""locator"": ""batch_0025.jsonl.gz#line=10281"", ""retrieved_at_utc"": ""2026-08-31T20:57:38.833530+00:00"", ""source_file"": ""batch_0025.jsonl.gz"", ""value_raw"": ""POINT(117.217000 62.016700)""}",wikidata_P625_point_claim,reviewed_extension_rule_accepted,Q16897489,0.0,758.3079267948937,758.3079267948937,758.3079267948937,distance_km_2002_2021,15
2002:078_8405ea8fce_Yakutia.xls:Sheet1:479,2002:078_8405ea8fce_Yakutia.xls:Sheet1:479,Арангастах,село,саха якутия,53.0,61.541944,131.788347,/workspace/settlements-raw/data/raw/historical_geography/geokladr_okato_2011/okato.dbf,d1c8b983f2489724a940bd2a64dedda73b602f6c491d5c09391deaf362fe2650,raw_dbf_record_number_1based=151370;byte_offset_0based=59791460,geokladr_2011_raw_dbf_coordinate,reviewed_extension_rule_accepted,GeoKLADR2011:OKATO:98226825002,2010:009_81f8a0e73c_17._20ДВ_ФО_2010.xls:ДВ:2448,Арангастах,село,саха якутия,33.0,63.1888359,117.8745959,/workspace/settlements-raw/data/interim/2021_tochno/data_allsettlements_anon_156_v20251217.parquet,86c197cd522e0b63669e9c6e7f43fd3d82b3704c6a126c800a9968ecd16cae14,"parquet_row_1based=166429;latitude_dadata,longitude_dadata",tochno_2021_dadata_raw_parquet_point,reviewed_extension_rule_accepted,2021:data_allsettlements_anon_156_v20251217.parquet:parquet:166429,2021:data_allsettlements_anon_156_v20251217.parquet:parquet:166429,Арангастах,село,саха якутия,24.0,63.1888359,117.8745959,/workspace/settlements-raw/data/interim/2021_tochno/data_allsettlements_anon_156_v20251217.parquet,86c197cd522e0b63669e9c6e7f43fd3d82b3704c6a126c800a9968ecd16cae14,"parquet_row_1based=166429;latitude_dadata,longitude_dadata",tochno_2021_dadata_raw_parquet_point,reviewed_rule_accepted,2021:data_allsettlements_anon_156_v20251217.parquet:parquet:166429,738.9820903377089,738.9820903377089,0.0,738.9820903377089,distance_km_2002_2010,16
2002:067_7363c80f41_02c_Krasnojarski_lraj.xls:Sheet1:1201,2002:067_7363c80f41_02c_Krasnojarski_lraj.xls:Sheet1:1201,Уяр,деревня,красноярский,212.0,54.6254101,91.3505072,/workspace/settlements-raw/data/interim/2021_tochno/data_allsettlements_anon_156_v20251217.parquet,86c197cd522e0b63669e9c6e7f43fd3d82b3704c6a126c800a9968ecd16cae14,"carrier_target_source_record_id=2021:data_allsettlements_anon_156_v20251217.parquet:parquet:48234;parquet_row_1based=48234;latitude_dadata,longitude_dadata",retrospective_continuity_from_tochno_2021_dadata_raw_parquet_point,reviewed_extension_rule_accepted,2021:data_allsettlements_anon_156_v20251217.parquet:parquet:48234,2010:008_342f3c208b_16._20Сиб_ФО_2010.xls:Sib:2549,Уяр,деревня,красноярский,118.0,58.2,100.583333,/workspace/settlements-raw/data/raw/historical_geography/geokladr_okato_2011/okato.dbf,d1c8b983f2489724a940bd2a64dedda73b602f6c491d5c09391deaf362fe2650,raw_dbf_record_number_1based=4274;byte_offset_0based=1688540,geokladr_2011_raw_dbf_coordinate,reviewed_extension_rule_accepted,GeoKLADR2011:OKATO:04228804002,2021:data_allsettlements_anon_156_v20251217.parquet:parquet:48234,Уяр,деревня,красноярский,63.0,54.6254101,91.3505072,/workspace/settlements-raw/data/interim/2021_tochno/data_allsettlements_anon_156_v20251217.parquet,86c197cd522e0b63669e9c6e7f43fd3d82b3704c6a126c800a9968ecd16cae14,"parquet_row_1based=48234;latitude_dadata,longitude_dadata",tochno_2021_dadata_raw_parquet_point,reviewed_rule_accepted,2021:data_allsettlements_anon_156_v20251217.parquet:parquet:48234,692.2796990758734,0.0,692.2796990758734,692.2796990758734,distance_km_2002_2010,17
2002:078_8405ea8fce_Yakutia.xls:Sheet1:481,2002:078_8405ea8fce_Yakutia.xls:Sheet1:481,Бысыттах,село,саха якутия,558.0,61.967372,130.553522,/workspace/settlements-raw/data/raw/historical_geography/geokladr_okato_2011/okato.dbf,d1c8b983f2489724a940bd2a64dedda73b602f6c491d5c09391deaf362fe2650,raw_dbf_record_number_1based=151371;byte_offset_0based=59791855,geokladr_2011_raw_dbf_coordinate,reviewed_extension_rule_accepted,GeoKLADR2011:OKATO:98226830001,2010:009_81f8a0e73c_17._20ДВ_ФО_2010.xls:ДВ:2449,Бысыттах,село,саха якутия,550.0,61.967372,130.553522,/workspace/settlements-raw/data/raw/historical_geography/geokladr_okato_2011/okato.dbf,d1c8b983f2489724a940bd2a64dedda73b602f6c491d5c09391deaf362fe2650,raw_dbf_record_number_1based=151371;byte_offset_0based=59791855,geokladr_2011_raw_dbf_coordinate,reviewed_extension_rule_accepted,GeoKLADR2011:OKATO:98226830001,2021:data_allsettlements_anon_156_v20251217.parquet:parquet:166431,Бысыттах,село,саха якутия,420.0,63.5789603,117.4569469,/workspace/settlements-raw/data/interim/2021_tochno/data_allsettlements_anon_156_v20251217.parquet,86c197cd522e0b63669e9c6e7f43fd3d82b3704c6a126c800a9968ecd16cae14,"parquet_row_1based=166431;latitude_dadata,longitude_dadata",tochno_2021_dadata_raw_parquet_point,reviewed_rule_accepted,2021:data_allsettlements_anon_156_v20251217.parquet:parquet:166431,0.0,688.5756286433653,688.5756286433653,688.5756286433653,distance_km_2002_2021,18
2002:078_8405ea8fce_Yakutia.xls:Sheet1:1235,2002:078_8405ea8fce_Yakutia.xls:Sheet1:1235,Джаргалах,село,саха якутия,285.0,64.5,143.633333,/workspace/settlements-raw/data/raw/historical_geography/geokladr_okato_2011/okato.dbf,d1c8b983f2489724a940bd2a64dedda73b602f6c491d5c09391deaf362fe2650,raw_dbf_record_number_1based=151740;byte_offset_0based=59937610,geokladr_2011_raw_dbf_coordinate,reviewed_extension_rule_accepted,GeoKLADR2011:OKATO:98259805001,2010:009_81f8a0e73c_17._20ДВ_ФО_2010.xls:ДВ:2843,Джаргалах,село,саха якутия,268.0,67.2729026,130.5449365,/workspace/settlements-raw/data/interim/2021_tochno/data_allsettlements_anon_156_v20251217.parquet,86c197cd522e0b63669e9c6e7f43fd3d82b3704c6a126c800a9968ecd16cae14,"parquet_row_1based=167082;latitude_dadata,longitude_dadata",tochno_2021_dadata_raw_parquet_point,reviewed_extension_rule_accepted,2021:data_allsettlements_anon_156_v20251217.parquet:parquet:167082,2021:data_allsettlements_anon_156_v20251217.parquet:parquet:167082,Джаргалах,село,саха якутия,237.0,67.2729026,130.5449365,/workspace/settlements-raw/data/interim/2021_tochno/data_allsettlements_anon_156_v20251217.parquet,86c197cd522e0b63669e9c6e7f43fd3d82b3704c6a126c800a9968ecd16cae14,"parquet_row_1based=167082;latitude_dadata,longitude_dadata",tochno_2021_dadata_raw_parquet_point,reviewed_rule_accepted,2021:data_allsettlements_anon_156_v20251217.parquet:parquet:167082,667.9972870845639,667.9972870845639,0.0,667.9972870845639,distance_km_2002_2010,19
2002:078_8405ea8fce_Yakutia.xls:Sheet1:424,2002:078_8405ea8fce_Yakutia.xls:Sheet1:424,Арыктах,село,саха якутия,275.0,68.691277,133.021541,/workspace/settlements-raw/data/raw/historical_geography/geokladr_okato_2011/okato.dbf,d1c8b983f2489724a940bd2a64dedda73b602f6c491d5c09391deaf362fe2650,raw_dbf_record_number_1based=151343;byte_offset_0based=59780795,geokladr_2011_raw_dbf_coordinate,reviewed_extension_rule_accepted,GeoKLADR2011:OKATO:98224805001,2010:009_81f8a0e73c_17._20ДВ_ФО_2010.xls:ДВ:2420,Арыктах,село,саха якутия,287.0,63.5677061,125.2325739,/workspace/settlements-raw/data/interim/2021_tochno/data_allsettlements_anon_156_v20251217.parquet,86c197cd522e0b63669e9c6e7f43fd3d82b3704c6a126c800a9968ecd16cae14,"parquet_row_1based=166381;latitude_dadata,longitude_dadata",tochno_2021_dadata_raw_parquet_point,reviewed_extension_rule_accepted,2021:data_allsettlements_anon_156_v20251217.parquet:parquet:166381,2021:data_allsettlements_anon_156_v20251217.parquet:parquet:166381,Арыктах,село,саха якутия,342.0,63.5677061,125.2325739,/workspace/settlements-raw/data/interim/2021_tochno/data_allsettlements_anon_156_v20251217.parquet,86c197cd522e0b63669e9c6e7f43fd3d82b3704c6a126c800a9968ecd16cae14,"parquet_row_1based=166381;latitude_dadata,longitude_dadata",tochno_2021_dadata_raw_parquet_point,reviewed_rule_accepted,2021:data_allsettlements_anon_156_v20251217.parquet:parquet:166381,667.7734065548655,667.7734065548655,0.0,667.7734065548655,distance_km_2002_2010,20
2002:078_8405ea8fce_Yakutia.xls:Sheet1:97,2002:078_8405ea8fce_Yakutia.xls:Sheet1:97,Уолба,село,саха якутия,532.0,66.653253,123.306514,/workspace/settlements-raw/data/raw/historical_geography/geokladr_okato_2011/okato.dbf,d1c8b983f2489724a940bd2a64dedda73b602f6c491d5c09391deaf362fe2650,raw_dbf_record_number_1based=151189;byte_offset_0based=59719965,geokladr_2011_raw_dbf_coordinate,reviewed_extension_rule_accepted,GeoKLADR2011:OKATO:98204855001,2010:009_81f8a0e73c_17._20ДВ_ФО_2010.xls:ДВ:2261,Уолба,село,саха якутия,534.0,66.653253,123.306514,/workspace/settlements-raw/data/raw/historical_geography/geokladr_okato_2011/okato.dbf,d1c8b983f2489724a940bd2a64dedda73b602f6c491d5c09391deaf362fe2650,raw_dbf_record_number_1based=151189;byte_offset_0based=59719965,geokladr_2011_raw_dbf_coordinate,reviewed_extension_rule_accepted,GeoKLADR2011:OKATO:98204855001,2021:data_allsettlements_anon_156_v20251217.parquet:parquet:166101,Уолба,село,саха якутия,514.0,62.632888,133.5926862,/workspace/settlements-raw/data/interim/2021_tochno/data_allsettlements_anon_156_v20251217.parquet,86c197cd522e0b63669e9c6e7f43fd3d82b3704c6a126c800a9968ecd16cae14,"parquet_row_1based=166101;latitude_dadata,longitude_dadata",tochno_2021_dadata_raw_parquet_point,reviewed_rule_accepted,2021:data_allsettlements_anon_156_v20251217.parquet:parquet:166101,0.0,661.6963281361853,661.6963281361853,661.6963281361853,distance_km_2002_2021,21
2002:078_8405ea8fce_Yakutia.xls:Sheet1:782,2002:078_8405ea8fce_Yakutia.xls:Sheet1:782,Дабан,село,саха якутия,562.0,61.882166,130.641827,/workspace/settlements-raw/data/raw/historical_geography/geokladr_okato_2011/okato.dbf,d1c8b983f2489724a940bd2a64dedda73b602f6c491d5c09391deaf362fe2650,raw_dbf_record_number_1based=151515;byte_offset_0based=59848735,geokladr_2011_raw_dbf_coordinate,reviewed_extension_rule_accepted,GeoKLADR2011:OKATO:98241810001,2010:009_81f8a0e73c_17._20ДВ_ФО_2010.xls:ДВ:2607,Дабан,село,саха якутия,527.0,61.882166,130.641827,/workspace/settlements-raw/data/raw/historical_geography/geokladr_okato_2011/okato.dbf,d1c8b983f2489724a940bd2a64dedda73b602f6c491d5c09391deaf362fe2650,raw_dbf_record_number_1based=151515;byte_offset_0based=59848735,geokladr_2011_raw_dbf_coordinate,reviewed_extension_rule_accepted,GeoKLADR2011:OKATO:98241810001,2021:data_allsettlements_anon_156_v20251217.parquet:parquet:166686,Дабан,село,саха якутия,313.0,60.1238758,119.2037119,/workspace/settlements-raw/data/interim/2021_tochno/data_allsettlements_anon_156_v20251217.parquet,86c197cd522e0b63669e9c6e7f43fd3d82b3704c6a126c800a9968ecd16cae14,"parquet_row_1based=166686;latitude_dadata,longitude_dadata",tochno_2021_dadata_raw_parquet_point,reviewed_rule_accepted,2021:data_allsettlements_anon_156_v20251217.parquet:parquet:166686,0.0,645.8141119140723,645.8141119140723,645.8141119140723,distance_km_2002_2021,22
2002:022_862ad8a69d_02c_Vologodskaya.xls:2C:1216,2002:022_862ad8a69d_02c_Vologodskaya.xls:2C:1216,Семенниково,деревня,вологодская,2.0,58.7196,36.2404,/workspace/settlements-raw/data/raw/historical_geography/geokladr_okato_2011/okato.dbf,d1c8b983f2489724a940bd2a64dedda73b602f6c491d5c09391deaf362fe2650,raw_dbf_record_number_1based=20912;byte_offset_0based=8260550,geokladr_2011_raw_dbf_coordinate,reviewed_extension_rule_accepted,GeoKLADR2011:OKATO:19214848022,2010:012_5c339c0d0e_4._20Vologod_pskov_2010.xls:Data Sheet:1118,Семенниково,деревня,вологодская,3.0,58.7196,36.2404,/workspace/settlements-raw/data/raw/historical_geography/geokladr_okato_2011/okato.dbf,d1c8b983f2489724a940bd2a64dedda73b602f6c491d5c09391deaf362fe2650,raw_dbf_record_number_1based=20912;byte_offset_0based=8260550,geokladr_2011_raw_dbf_coordinate,reviewed_extension_rule_accepted,GeoKLADR2011:OKATO:19214848022,2021:data_allsettlements_anon_156_v20251217.parquet:parquet:6862,Семенниково,деревня,вологодская,1.0,60.647,46.2956,/workspace/settlements-raw/data/raw/coordinate_candidates/geonames_RU_20260907.zip,9bf299daaff13de75ddbf610e113469aae80537d66a7de3437967576c6509ff4,RU.txt:line=284270;geonameid=7512807,geonames_ru_txt_named_place_point,reviewed_extension_rule_accepted,GeoNames:geonameid:7512807,0.0,602.9621149290368,602.9621149290368,602.9621149290368,distance_km_2002_2021,23
2002:078_8405ea8fce_Yakutia.xls:Sheet1:475,2002:078_8405ea8fce_Yakutia.xls:Sheet1:475,Ынахсыт,село,саха якутия,606.0,61.308313,129.738837,/workspace/settlements-raw/data/raw/historical_geography/geokladr_okato_2011/okato.dbf,d1c8b983f2489724a940bd2a64dedda73b602f6c491d5c09391deaf362fe2650,raw_dbf_record_number_1based=151368;byte_offset_0based=59790670,geokladr_2011_raw_dbf_coordinate,reviewed_extension_rule_accepted,GeoKLADR2011:OKATO:98226820001,2010:009_81f8a0e73c_17._20ДВ_ФО_2010.xls:ДВ:2446,Ынахсыт,село,саха якутия,606.0,63.5675364,119.2080607,/workspace/settlements-raw/data/interim/2021_tochno/data_allsettlements_anon_156_v20251217.parquet,86c197cd522e0b63669e9c6e7f43fd3d82b3704c6a126c800a9968ecd16cae14,"parquet_row_1based=166426;latitude_dadata,longitude_dadata",tochno_2021_dadata_raw_parquet_point,reviewed_extension_rule_accepted,2021:data_allsettlements_anon_156_v20251217.parquet:parquet:166426,2021:data_allsettlements_anon_156_v20251217.parquet:parquet:166426,Ынахсыт,село,саха якутия,506.0,63.5675364,119.2080607,/workspace/settlements-raw/data/interim/2021_tochno/data_allsettlements_anon_156_v20251217.parquet,86c197cd522e0b63669e9c6e7f43fd3d82b3704c6a126c800a9968ecd16cae14,"parquet_row_1based=166426;latitude_dadata,longitude_dadata",tochno_2021_dadata_raw_parquet_point,reviewed_rule_accepted,2021:data_allsettlements_anon_156_v20251217.parquet:parquet:166426,596.2977345384473,596.2977345384473,0.0,596.2977345384473,distance_km_2002_2010,24
2002:022_862ad8a69d_02c_Vologodskaya.xls:2C:4657,2002:022_862ad8a69d_02c_Vologodskaya.xls:2C:4657,Подгородье,село,вологодская,1.0,61.159835,36.756032,/workspace/settlements-raw/data/raw/historical_geography/geokladr_okato_2011/okato.dbf,d1c8b983f2489724a940bd2a64dedda73b602f6c491d5c09391deaf362fe2650,raw_dbf_record_number_1based=24078;byte_offset_0based=9511120,geokladr_2011_raw_dbf_coordinate,reviewed_extension_rule_accepted,GeoKLADR2011:OKATO:19230828049,2010:012_5c339c0d0e_4._20Vologod_pskov_2010.xls:Data Sheet:4350,Подгородье,село,вологодская,0.0,61.159835,36.756032,/workspace/settlements-raw/data/raw/historical_geography/geokladr_okato_2011/okato.dbf,d1c8b983f2489724a940bd2a64dedda73b602f6c491d5c09391deaf362fe2650,raw_dbf_record_number_1based=24078;byte_offset_0based=9511120,geokladr_2011_raw_dbf_coordinate,reviewed_extension_rule_accepted,GeoKLADR2011:OKATO:19230828049,2021:data_allsettlements_anon_156_v20251217.parquet:parquet:10377,Подгородье,село,вологодская,0.0,60.06298,46.48184,/workspace/settlements-raw/data/raw/coordinate_candidates/geonames_RU_20260907.zip,9bf299daaff13de75ddbf610e113469aae80537d66a7de3437967576c6509ff4,RU.txt:line=47673;geonameid=508308,geonames_ru_txt_named_place_point,reviewed_extension_rule_accepted,GeoNames:geonameid:508308,0.0,543.9864047757852,543.9864047757852,543.9864047757852,distance_km_2002_2021,25
2002:067_7363c80f41_02c_Krasnojarski_lraj.xls:Sheet1:446,2002:067_7363c80f41_02c_Krasnojarski_lraj.xls:Sheet1:446,Таловка,село,красноярский,863.0,57.1618514,93.1528119,/workspace/settlements-raw/data/interim/2021_tochno/data_allsettlements_anon_156_v20251217.parquet,86c197cd522e0b63669e9c6e7f43fd3d82b3704c6a126c800a9968ecd16cae14,"carrier_target_source_record_id=2021:data_allsettlements_anon_156_v20251217.parquet:parquet:47509;parquet_row_1based=47509;latitude_dadata,longitude_dadata",retrospective_continuity_from_tochno_2021_dadata_raw_parquet_point,reviewed_extension_rule_accepted,2021:data_allsettlements_anon_156_v20251217.parquet:parquet:47509,2010:008_342f3c208b_16._20Сиб_ФО_2010.xls:Sib:2000,Таловка,село,красноярский,821.0,52.35,93.15,/workspace/settlements-raw/data/raw/historical_geography/geokladr_okato_2011/okato.dbf,d1c8b983f2489724a940bd2a64dedda73b602f6c491d5c09391deaf362fe2650,raw_dbf_record_number_1based=3726;byte_offset_0based=1472080,geokladr_2011_raw_dbf_coordinate,reviewed_extension_rule_accepted,GeoKLADR2011:OKATO:04210822001,2021:data_allsettlements_anon_156_v20251217.parquet:parquet:47509,Таловка,село,красноярский,541.0,57.1618514,93.1528119,/workspace/settlements-raw/data/interim/2021_tochno/data_allsettlements_anon_156_v20251217.parquet,86c197cd522e0b63669e9c6e7f43fd3d82b3704c6a126c800a9968ecd16cae14,"parquet_row_1based=47509;latitude_dadata,longitude_dadata",tochno_2021_dadata_raw_parquet_point,reviewed_rule_accepted,2021:data_allsettlements_anon_156_v20251217.parquet:parquet:47509,535.0542327913324,0.0,535.0542327913324,535.0542327913324,distance_km_2002_2010,26
2002:049_8bbd34a852_Orenburgskaja1.xls:Sheet1:733,2002:049_8bbd34a852_Orenburgskaja1.xls:Sheet1:733,Заповедный,посёлок,оренбургская,79.0,53.0179702,52.1249265,/workspace/settlements-raw/data/interim/2021_tochno/data_allsettlements_anon_156_v20251217.parquet,86c197cd522e0b63669e9c6e7f43fd3d82b3704c6a126c800a9968ecd16cae14,"carrier_target_source_record_id=2021:data_allsettlements_anon_156_v20251217.parquet:parquet:84794;parquet_row_1based=84794;latitude_dadata,longitude_dadata",retrospective_continuity_from_tochno_2021_dadata_raw_parquet_point,reviewed_extension_rule_accepted,2021:data_allsettlements_anon_156_v20251217.parquet:parquet:84794,2010:016_802d308e41_8._20Or_Penz_Perm_Samar_Saratov_Uly_2010.xls:!!!:1717,Заповедный,посёлок,оренбургская,59.0,50.951,59.0434,/workspace/settlements-raw/data/raw/historical_geography/geokladr_okato_2011/okato.dbf,d1c8b983f2489724a940bd2a64dedda73b602f6c491d5c09391deaf362fe2650,raw_dbf_record_number_1based=84416;byte_offset_0based=33344630,geokladr_2011_raw_dbf_coordinate,reviewed_extension_rule_accepted,GeoKLADR2011:OKATO:53212804003,2021:data_allsettlements_anon_156_v20251217.parquet:parquet:84794,Заповедный,посёлок,оренбургская,48.0,53.0179702,52.1249265,/workspace/settlements-raw/data/interim/2021_tochno/data_allsettlements_anon_156_v20251217.parquet,86c197cd522e0b63669e9c6e7f43fd3d82b3704c6a126c800a9968ecd16cae14,"parquet_row_1based=84794;latitude_dadata,longitude_dadata",tochno_2021_dadata_raw_parquet_point,reviewed_rule_accepted,2021:data_allsettlements_anon_156_v20251217.parquet:parquet:84794,526.2996400880711,0.0,526.2996400880711,526.2996400880711,distance_km_2002_2010,27
2002:078_8405ea8fce_Yakutia.xls:Sheet1:984,2002:078_8405ea8fce_Yakutia.xls:Sheet1:984,Крестях,село,саха якутия,1098.0,60.85,125.583333,/workspace/settlements-raw/data/raw/historical_geography/geokladr_okato_2011/okato.dbf,d1c8b983f2489724a940bd2a64dedda73b602f6c491d5c09391deaf362fe2650,raw_dbf_record_number_1based=151612;byte_offset_0based=59887050,geokladr_2011_raw_dbf_coordinate,reviewed_extension_rule_accepted,GeoKLADR2011:OKATO:98248830001,2010:009_81f8a0e73c_17._20ДВ_ФО_2010.xls:ДВ:2708,Крестях,село,саха якутия,882.0,62.2568208,116.166029,/workspace/settlements-raw/data/interim/2021_tochno/data_allsettlements_anon_156_v20251217.parquet,86c197cd522e0b63669e9c6e7f43fd3d82b3704c6a126c800a9968ecd16cae14,"parquet_row_1based=166854;latitude_dadata,longitude_dadata",tochno_2021_dadata_raw_parquet_point,reviewed_extension_rule_accepted,2021:data_allsettlements_anon_156_v20251217.parquet:parquet:166854,2021:data_allsettlements_anon_156_v20251217.parquet:parquet:166854,Крестях,село,саха якутия,781.0,62.2568208,116.166029,/workspace/settlements-raw/data/interim/2021_tochno/data_allsettlements_anon_156_v20251217.parquet,86c197cd522e0b63669e9c6e7f43fd3d82b3704c6a126c800a9968ecd16cae14,"parquet_row_1based=166854;latitude_dadata,longitude_dadata",tochno_2021_dadata_raw_parquet_point,reviewed_rule_accepted,2021:data_allsettlements_anon_156_v20251217.parquet:parquet:166854,522.2084352738102,522.2084352738102,0.0,522.2084352738102,distance_km_2002_2010,28
2002:1_TOM_01_04.xls:0:9786,2002:1_TOM_01_04.xls:0:9786,Чокурдах,пгт,саха якутия,2591.0,66.4652,142.950328,/workspace/settlements-raw/data/raw/historical_geography/geokladr_okato_2011/okato.dbf,d1c8b983f2489724a940bd2a64dedda73b602f6c491d5c09391deaf362fe2650,DBF_record_1based=151192;DBF_byte_offset_0based=59721150;OKATO2011_raw=98206551000,raw_named_typed_geo2011_object,reviewed_extension_rule_accepted,,2010:009_81f8a0e73c_17._20ДВ_ФО_2010.xls:ДВ:2264,Чокурдах,пгт,саха якутия,2363.0,66.4652,142.950328,/workspace/settlements-raw/data/raw/historical_geography/geokladr_okato_2011/okato.dbf,d1c8b983f2489724a940bd2a64dedda73b602f6c491d5c09391deaf362fe2650,DBF_record_1based=151192;DBF_byte_offset_0based=59721150;OKATO2011_raw=98206551000,raw_named_typed_geo2011_object,reviewed_extension_rule_accepted,,2021:data_allsettlements_anon_156_v20251217.parquet:parquet:166108,Чокурдах,пгт,саха якутия,1869.0,70.6192,147.9022,/workspace/settlements-raw/data/raw/wikidata_truthy_claims/batch_0083.jsonl.gz,4d6dd45befcd459e827db12bd39f931851d7df8cbe29ba2cb91e4d243e333a22,"{""line_number"": 9100, ""locator"": ""batch_0083.jsonl.gz#line=9100"", ""retrieved_at_utc"": ""2026-08-31T20:58:47.662548+00:00"", ""source_file"": ""batch_0083.jsonl.gz"", ""value_raw"": ""POINT(147.902200 70.619200)""}",wikidata_P625_point_claim,reviewed_extension_rule_accepted,Q2312088,0.0,503.5312416830877,503.5312416830877,503.5312416830877,distance_km_2002_2021,29
2002:022_862ad8a69d_02c_Vologodskaya.xls:2C:3217,2002:022_862ad8a69d_02c_Vologodskaya.xls:2C:3217,Калиновская,деревня,вологодская,2.0,61.1061701,36.5338061,/workspace/settlements-raw/data/interim/2021_tochno/data_allsettlements_anon_156_v20251217.parquet,86c197cd522e0b63669e9c6e7f43fd3d82b3704c6a126c800a9968ecd16cae14,"carrier_target_source_record_id=2021:data_allsettlements_anon_156_v20251217.parquet:parquet:8695;parquet_row_1based=8695;latitude_dadata,longitude_dadata",retrospective_continuity_from_tochno_2021_dadata_raw_parquet_point,reviewed_extension_rule_accepted,2021:data_allsettlements_anon_156_v20251217.parquet:parquet:8695,2010:012_5c339c0d0e_4._20Vologod_pskov_2010.xls:Data Sheet:2975,Калиновская,деревня,вологодская,0.0,60.184551,45.566956,/workspace/settlements-raw/data/raw/historical_geography/geokladr_okato_2011/okato.dbf,d1c8b983f2489724a940bd2a64dedda73b602f6c491d5c09391deaf362fe2650,raw_dbf_record_number_1based=22752;byte_offset_0based=8987350,geokladr_2011_raw_dbf_coordinate,reviewed_extension_rule_accepted,GeoKLADR2011:OKATO:19222860005,2021:data_allsettlements_anon_156_v20251217.parquet:parquet:8695,Калиновская,деревня,вологодская,0.0,61.1061701,36.5338061,/workspace/settlements-raw/data/interim/2021_tochno/data_allsettlements_anon_156_v20251217.parquet,86c197cd522e0b63669e9c6e7f43fd3d82b3704c6a126c800a9968ecd16cae14,"parquet_row_1based=8695;latitude_dadata,longitude_dadata",tochno_2021_dadata_raw_parquet_point,reviewed_rule_accepted,2021:data_allsettlements_anon_156_v20251217.parquet:parquet:8695,502.5087163548745,0.0,502.5087163548745,502.5087163548745,distance_km_2002_2010,30
2002:022_862ad8a69d_02c_Vologodskaya.xls:2C:1225,2002:022_862ad8a69d_02c_Vologodskaya.xls:2C:1225,Буково,деревня,вологодская,7.0,59.8137,38.0043,/workspace/settlements-raw/data/raw/historical_geography/geokladr_okato_2011/okato.dbf,d1c8b983f2489724a940bd2a64dedda73b602f6c491d5c09391deaf362fe2650,raw_dbf_record_number_1based=20920;byte_offset_0based=8263710,geokladr_2011_raw_dbf_coordinate,reviewed_extension_rule_accepted,GeoKLADR2011:OKATO:19214852004,2010:012_5c339c0d0e_4._20Vologod_pskov_2010.xls:Data Sheet:1126,Буково,деревня,вологодская,6.0,59.8137,38.0043,/workspace/settlements-raw/data/raw/historical_geography/geokladr_okato_2011/okato.dbf,d1c8b983f2489724a940bd2a64dedda73b602f6c491d5c09391deaf362fe2650,raw_dbf_record_number_1based=20920;byte_offset_0based=8263710,geokladr_2011_raw_dbf_coordinate,reviewed_extension_rule_accepted,GeoKLADR2011:OKATO:19214852004,2021:data_allsettlements_anon_156_v20251217.parquet:parquet:6794,Буково,деревня,вологодская,6.0,60.6115,46.7405,/workspace/settlements-raw/data/raw/coordinate_candidates/geonames_RU_20260907.zip,9bf299daaff13de75ddbf610e113469aae80537d66a7de3437967576c6509ff4,RU.txt:line=284496;geonameid=7513033,geonames_ru_txt_named_place_point,reviewed_extension_rule_accepted,GeoNames:geonameid:7513033,0.0,490.28687040793255,490.28687040793255,490.28687040793255,distance_km_2002_2021,31
2002:078_8405ea8fce_Yakutia.xls:Sheet1:961,2002:078_8405ea8fce_Yakutia.xls:Sheet1:961,Хатынгнах,село,саха якутия,310.0,65.111419,143.415665,/workspace/settlements-raw/data/raw/historical_geography/geokladr_okato_2011/okato.dbf,d1c8b983f2489724a940bd2a64dedda73b602f6c491d5c09391deaf362fe2650,raw_dbf_record_number_1based=151602;byte_offset_0based=59883100,geokladr_2011_raw_dbf_coordinate,reviewed_extension_rule_accepted,GeoKLADR2011:OKATO:98246848001,2010:009_81f8a0e73c_17._20ДВ_ФО_2010.xls:ДВ:2698,Хатынгнах,село,саха якутия,291.0,67.493042,152.6034494,/workspace/settlements-raw/data/interim/2021_tochno/data_allsettlements_anon_156_v20251217.parquet,86c197cd522e0b63669e9c6e7f43fd3d82b3704c6a126c800a9968ecd16cae14,"parquet_row_1based=166835;latitude_dadata,longitude_dadata",tochno_2021_dadata_raw_parquet_point,reviewed_extension_rule_accepted,2021:data_allsettlements_anon_156_v20251217.parquet:parquet:166835,2021:data_allsettlements_anon_156_v20251217.parquet:parquet:166835,Хатынгнах,село,саха якутия,229.0,67.493042,152.6034494,/workspace/settlements-raw/data/interim/2021_tochno/data_allsettlements_anon_156_v20251217.parquet,86c197cd522e0b63669e9c6e7f43fd3d82b3704c6a126c800a9968ecd16cae14,"parquet_row_1based=166835;latitude_dadata,longitude_dadata",tochno_2021_dadata_raw_parquet_point,reviewed_rule_accepted,2021:data_allsettlements_anon_156_v20251217.parquet:parquet:166835,487.87964122194256,487.87964122194256,0.0,487.87964122194256,distance_km_2002_2010,32
2002:020_e4f979c6c7_02c_Arxang-new.xls:Sheet1:852,2002:020_e4f979c6c7_02c_Arxang-new.xls:Sheet1:852,Слобода,село,архангельская,114.0,61.0086063,48.3286119,/workspace/settlements-raw/data/interim/2021_tochno/data_allsettlements_anon_156_v20251217.parquet,86c197cd522e0b63669e9c6e7f43fd3d82b3704c6a126c800a9968ecd16cae14,"carrier_target_source_record_id=2021:data_allsettlements_anon_156_v20251217.parquet:parquet:87025;parquet_row_1based=87025;latitude_dadata,longitude_dadata",retrospective_continuity_from_tochno_2021_dadata_raw_parquet_point,reviewed_extension_rule_accepted,2021:data_allsettlements_anon_156_v20251217.parquet:parquet:87025,ARK2010:archive20131022:html_table1_tr0878,слобода,село,архангельская,83.0,62.636551,39.904081,/workspace/settlements-raw/data/raw/historical_geography/geokladr_okato_2011/okato.dbf,d1c8b983f2489724a940bd2a64dedda73b602f6c491d5c09391deaf362fe2650,raw_dbf_record_number_1based=8291;byte_offset_0based=3275255,geokladr_2011_raw_dbf_coordinate,reviewed_extension_rule_accepted,GeoKLADR2011:OKATO:11211820031,2021:data_allsettlements_anon_156_v20251217.parquet:parquet:87025,Слобода,село,архангельская,62.0,61.0086063,48.3286119,/workspace/settlements-raw/data/interim/2021_tochno/data_allsettlements_anon_156_v20251217.parquet,86c197cd522e0b63669e9c6e7f43fd3d82b3704c6a126c800a9968ecd16cae14,"parquet_row_1based=87025;latitude_dadata,longitude_dadata",tochno_2021_dadata_raw_parquet_point,reviewed_rule_accepted,2021:data_allsettlements_anon_156_v20251217.parquet:parquet:87025,477.5060103530608,0.0,477.5060103530608,477.5060103530608,distance_km_2002_2010,33
2002:069_232b58290f_02c_Evenkia-2002.xls:Sheet1:9,2002:069_232b58290f_02c_Evenkia-2002.xls:Sheet1:9,Бурный,посёлок,красноярский,156.0,57.7601,95.1918,/workspace/settlements-raw/data/raw/historical_geography/geokladr_okato_2011/okato.dbf,d1c8b983f2489724a940bd2a64dedda73b602f6c491d5c09391deaf362fe2650,raw_dbf_record_number_1based=3381;byte_offset_0based=1335805,geokladr_2011_raw_dbf_coordinate,reviewed_extension_rule_accepted,GeoKLADR2011:OKATO:04143903001,2010:008_342f3c208b_16._20Сиб_ФО_2010.xls:Sib:1656,Бурный,посёлок,красноярский,193.0,57.7601,95.1918,/workspace/settlements-raw/data/raw/historical_geography/geokladr_okato_2011/okato.dbf,d1c8b983f2489724a940bd2a64dedda73b602f6c491d5c09391deaf362fe2650,raw_dbf_record_number_1based=3381;byte_offset_0based=1335805,geokladr_2011_raw_dbf_coordinate,reviewed_extension_rule_accepted,GeoKLADR2011:OKATO:04143903001,2021:data_allsettlements_anon_156_v20251217.parquet:parquet:48856,Бурный,посёлок,красноярский,199.0,61.8139456,92.6434998,/workspace/settlements-raw/data/interim/2021_tochno/data_allsettlements_anon_156_v20251217.parquet,86c197cd522e0b63669e9c6e7f43fd3d82b3704c6a126c800a9968ecd16cae14,"parquet_row_1based=48856;latitude_dadata,longitude_dadata",tochno_2021_dadata_raw_parquet_point,reviewed_rule_accepted,2021:data_allsettlements_anon_156_v20251217.parquet:parquet:48856,0.0,472.691743674109,472.691743674109,472.691743674109,distance_km_2002_2021,34
2002:051_46e3ecb0a0_02c_Permskaja_obl.xls:Sheet1:3529,2002:051_46e3ecb0a0_02c_Permskaja_obl.xls:Sheet1:3529,Средний Сып,деревня,пермский,89.0,56.97666,56.4757061,/workspace/settlements-raw/data/interim/2021_tochno/data_allsettlements_anon_156_v20251217.parquet,86c197cd522e0b63669e9c6e7f43fd3d82b3704c6a126c800a9968ecd16cae14,"carrier_target_source_record_id=2021:data_allsettlements_anon_156_v20251217.parquet:parquet:97251;parquet_row_1based=97251;latitude_dadata,longitude_dadata",retrospective_continuity_from_tochno_2021_dadata_raw_parquet_point,reviewed_extension_rule_accepted,2021:data_allsettlements_anon_156_v20251217.parquet:parquet:97251,2010:016_802d308e41_8._20Or_Penz_Perm_Samar_Saratov_Uly_2010.xls:!!!:7447,Средний Сып,деревня,пермский,71.0,61.207179,56.820118,/workspace/settlements-raw/data/raw/historical_geography/geokladr_okato_2011/okato.dbf,d1c8b983f2489724a940bd2a64dedda73b602f6c491d5c09391deaf362fe2650,raw_dbf_record_number_1based=93031;byte_offset_0based=36747555,geokladr_2011_raw_dbf_coordinate,reviewed_extension_rule_accepted,GeoKLADR2011:OKATO:57252812003,2021:data_allsettlements_anon_156_v20251217.parquet:parquet:97251,Средний Сып,деревня,пермский,39.0,56.97666,56.4757061,/workspace/settlements-raw/data/interim/2021_tochno/data_allsettlements_anon_156_v20251217.parquet,86c197cd522e0b63669e9c6e7f43fd3d82b3704c6a126c800a9968ecd16cae14,"parquet_row_1based=97251;latitude_dadata,longitude_dadata",tochno_2021_dadata_raw_parquet_point,reviewed_rule_accepted,2021:data_allsettlements_anon_156_v20251217.parquet:parquet:97251,470.8222829319606,0.0,470.8222829319606,470.8222829319606,distance_km_2002_2010,35
2002:078_8405ea8fce_Yakutia.xls:Sheet1:352,2002:078_8405ea8fce_Yakutia.xls:Sheet1:352,Тымпы,село,саха якутия,562.0,61.255716,130.506342,/workspace/settlements-raw/data/raw/historical_geography/geokladr_okato_2011/okato.dbf,d1c8b983f2489724a940bd2a64dedda73b602f6c491d5c09391deaf362fe2650,raw_dbf_record_number_1based=151310;byte_offset_0based=59767760,geokladr_2011_raw_dbf_coordinate,reviewed_extension_rule_accepted,GeoKLADR2011:OKATO:98218835001,2010:009_81f8a0e73c_17._20ДВ_ФО_2010.xls:ДВ:2384,Тымпы,село,саха якутия,534.0,63.8338935,123.3811257,/workspace/settlements-raw/data/interim/2021_tochno/data_allsettlements_anon_156_v20251217.parquet,86c197cd522e0b63669e9c6e7f43fd3d82b3704c6a126c800a9968ecd16cae14,"parquet_row_1based=166319;latitude_dadata,longitude_dadata",tochno_2021_dadata_raw_parquet_point,reviewed_extension_rule_accepted,2021:data_allsettlements_anon_156_v20251217.parquet:parquet:166319,2021:data_allsettlements_anon_156_v20251217.parquet:parquet:166319,Тымпы,село,саха якутия,548.0,63.8338935,123.3811257,/workspace/settlements-raw/data/interim/2021_tochno/data_allsettlements_anon_156_v20251217.parquet,86c197cd522e0b63669e9c6e7f43fd3d82b3704c6a126c800a9968ecd16cae14,"parquet_row_1based=166319;latitude_dadata,longitude_dadata",tochno_2021_dadata_raw_parquet_point,reviewed_rule_accepted,2021:data_allsettlements_anon_156_v20251217.parquet:parquet:166319,463.9112592849846,463.9112592849846,0.0,463.9112592849846,distance_km_2002_2010,36
2002:020_e4f979c6c7_02c_Arxang-new.xls:Sheet1:793,2002:020_e4f979c6c7_02c_Arxang-new.xls:Sheet1:793,Денисовская,деревня,архангельская,2.0,61.2606107,47.6344248,/workspace/settlements-raw/data/interim/2021_tochno/data_allsettlements_anon_156_v20251217.parquet,86c197cd522e0b63669e9c6e7f43fd3d82b3704c6a126c800a9968ecd16cae14,"carrier_target_source_record_id=2021:data_allsettlements_anon_156_v20251217.parquet:parquet:86891;parquet_row_1based=86891;latitude_dadata,longitude_dadata",retrospective_continuity_from_tochno_2021_dadata_raw_parquet_point,reviewed_extension_rule_accepted,2021:data_allsettlements_anon_156_v20251217.parquet:parquet:86891,ARK2010:archive20131022:html_table1_tr0820,денисовская,деревня,архангельская,2.0,61.424647,38.967598,/workspace/settlements-raw/data/raw/historical_geography/geokladr_okato_2011/okato.dbf,d1c8b983f2489724a940bd2a64dedda73b602f6c491d5c09391deaf362fe2650,raw_dbf_record_number_1based=8241;byte_offset_0based=3255505,geokladr_2011_raw_dbf_coordinate,reviewed_extension_rule_accepted,GeoKLADR2011:OKATO:11211816013,2021:data_allsettlements_anon_156_v20251217.parquet:parquet:86891,Денисовская,деревня,архангельская,2.0,61.2606107,47.6344248,/workspace/settlements-raw/data/interim/2021_tochno/data_allsettlements_anon_156_v20251217.parquet,86c197cd522e0b63669e9c6e7f43fd3d82b3704c6a126c800a9968ecd16cae14,"parquet_row_1based=86891;latitude_dadata,longitude_dadata",tochno_2021_dadata_raw_parquet_point,reviewed_rule_accepted,2021:data_allsettlements_anon_156_v20251217.parquet:parquet:86891,462.1853463150137,0.0,462.1853463150137,462.1853463150137,distance_km_2002_2010,37
2002:057_9b18a354f1_02c_Sverdlovskaja_oblast.xls:Sheet1:701,2002:057_9b18a354f1_02c_Sverdlovskaja_oblast.xls:Sheet1:701,Катырева,деревня,свердловская,136.0,57.9132,65.7863,/workspace/settlements-raw/data/raw/historical_geography/geokladr_okato_2011/okato.dbf,d1c8b983f2489724a940bd2a64dedda73b602f6c491d5c09391deaf362fe2650,raw_dbf_record_number_1based=108999;byte_offset_0based=43054915,geokladr_2011_raw_dbf_coordinate,reviewed_extension_rule_accepted,GeoKLADR2011:OKATO:65204830003,2010:003_eb441570b1_11._20Урал_ФО_2010.xls:Урал:3052,Катырева,деревня,свердловская,89.0,57.9132,65.7863,/workspace/settlements-raw/data/raw/historical_geography/geokladr_okato_2011/okato.dbf,d1c8b983f2489724a940bd2a64dedda73b602f6c491d5c09391deaf362fe2650,raw_dbf_record_number_1based=108999;byte_offset_0based=43054915,geokladr_2011_raw_dbf_coordinate,reviewed_extension_rule_accepted,GeoKLADR2011:OKATO:65204830003,2021:data_allsettlements_anon_156_v20251217.parquet:parquet:119647,Катырева,деревня,свердловская,64.0,56.62744,58.49625,/workspace/settlements-raw/data/raw/coordinate_candidates/geonames_RU_20260907.zip,9bf299daaff13de75ddbf610e113469aae80537d66a7de3437967576c6509ff4,RU.txt:line=90852;geonameid=551730,geonames_ru_txt_named_place_point,reviewed_extension_rule_accepted,GeoNames:geonameid:551730,0.0,460.739969207999,460.739969207999,460.739969207999,distance_km_2002_2021,38
2002:047_9960082a3e_02c_Kirovskaja_new.xls:Sheet1:1143,2002:047_9960082a3e_02c_Kirovskaja_new.xls:Sheet1:1143,Падерино,село,кировская,180.0,57.217074,46.8860194,/workspace/settlements-raw/data/interim/2021_tochno/data_allsettlements_anon_156_v20251217.parquet,86c197cd522e0b63669e9c6e7f43fd3d82b3704c6a126c800a9968ecd16cae14,"carrier_target_source_record_id=2021:data_allsettlements_anon_156_v20251217.parquet:parquet:33480;parquet_row_1based=33480;latitude_dadata,longitude_dadata",retrospective_continuity_from_tochno_2021_dadata_raw_parquet_point,reviewed_extension_rule_accepted,2021:data_allsettlements_anon_156_v20251217.parquet:parquet:33480,2010:014_5ca759eea0_5._20Nizheg_Kirov_202010.xls:Data Sheet:5659,Падерино,село,кировская,78.0,59.909025,52.864012,/workspace/settlements-raw/data/raw/historical_geography/geokladr_okato_2011/okato.dbf,d1c8b983f2489724a940bd2a64dedda73b602f6c491d5c09391deaf362fe2650,raw_dbf_record_number_1based=54236;byte_offset_0based=21423530,geokladr_2011_raw_dbf_coordinate,reviewed_extension_rule_accepted,GeoKLADR2011:OKATO:33216836014,2021:data_allsettlements_anon_156_v20251217.parquet:parquet:33480,Падерино,село,кировская,30.0,57.217074,46.8860194,/workspace/settlements-raw/data/interim/2021_tochno/data_allsettlements_anon_156_v20251217.parquet,86c197cd522e0b63669e9c6e7f43fd3d82b3704c6a126c800a9968ecd16cae14,"parquet_row_1based=33480;latitude_dadata,longitude_dadata",tochno_2021_dadata_raw_parquet_point,reviewed_rule_accepted,2021:data_allsettlements_anon_156_v20251217.parquet:parquet:33480,457.7298716386541,0.0,457.7298716386541,457.7298716386541,distance_km_2002_2010,39
2002:022_862ad8a69d_02c_Vologodskaya.xls:2C:5363,2002:022_862ad8a69d_02c_Vologodskaya.xls:2C:5363,Федьковская,деревня,вологодская,34.0,60.200556,44.28,,,,,reviewed_extension_rule_accepted,2021:data_allsettlements_anon_156_v20251217.parquet:parquet:10861,2010:012_5c339c0d0e_4._20Vologod_pskov_2010.xls:Data Sheet:5007,Федьковская,деревня,вологодская,29.0,60.504369,36.010281,/workspace/settlements-raw/data/raw/historical_geography/geokladr_okato_2011/okato.dbf,d1c8b983f2489724a940bd2a64dedda73b602f6c491d5c09391deaf362fe2650,raw_dbf_record_number_1based=24713;byte_offset_0based=9761945,geokladr_2011_raw_dbf_coordinate,reviewed_extension_rule_accepted,GeoKLADR2011:OKATO:19236824039,2021:data_allsettlements_anon_156_v20251217.parquet:parquet:10861,Федьковская,деревня,вологодская,20.0,60.200556,44.28,/workspace/settlements-raw/data/raw/wikidata_truthy_claims/batch_0009.jsonl.gz,41d493b916f614bd005965b34320dd289ac8830bd2ae74d6bac0c4ea0177be41,"{""line_number"": 8470, ""locator"": ""batch_0009.jsonl.gz#line=8470"", ""retrieved_at_utc"": ""2026-08-31T20:57:19.862963+00:00"", ""source_file"": ""batch_0009.jsonl.gz"", ""value_raw"": ""POINT(44.280000 60.200556)""}",wikidata_P625_point_claim,reviewed_extension_rule_accepted,Q13647165,455.8183038848413,0.0,455.8183038848413,455.8183038848413,distance_km_2002_2010,40
2002:022_862ad8a69d_02c_Vologodskaya.xls:2C:5342,2002:022_862ad8a69d_02c_Vologodskaya.xls:2C:5342,Казаково,деревня,вологодская,7.0,60.2476,44.373,,,,,reviewed_extension_rule_accepted,2021:data_allsettlements_anon_156_v20251217.parquet:parquet:10827,2010:012_5c339c0d0e_4._20Vologod_pskov_2010.xls:Data Sheet:4986,Казаково,деревня,вологодская,6.0,61.010981,36.160872,/workspace/settlements-raw/data/raw/historical_geography/geokladr_okato_2011/okato.dbf,d1c8b983f2489724a940bd2a64dedda73b602f6c491d5c09391deaf362fe2650,raw_dbf_record_number_1based=24694;byte_offset_0based=9754440,geokladr_2011_raw_dbf_coordinate,reviewed_extension_rule_accepted,GeoKLADR2011:OKATO:19236824015,2021:data_allsettlements_anon_156_v20251217.parquet:parquet:10827,Казаково,деревня,вологодская,12.0,60.2476,44.373,/workspace/settlements-raw/data/raw/wikidata_truthy_claims/batch_0012.jsonl.gz,25216db47b2236eb9313ad99883e8db7620b65c70086a8b2aaa93e6069221384,"{""line_number"": 11985, ""locator"": ""batch_0012.jsonl.gz#line=11985"", ""retrieved_at_utc"": ""2026-08-31T20:57:23.616536+00:00"", ""source_file"": ""batch_0012.jsonl.gz"", ""value_raw"": ""POINT(44.373000 60.247600)""}",wikidata_P625_point_claim,reviewed_extension_rule_accepted,Q14620234,455.5141229070126,0.0,455.5141229070126,455.5141229070126,distance_km_2002_2010,41
2002:067_7363c80f41_02c_Krasnojarski_lraj.xls:Sheet1:1327,2002:067_7363c80f41_02c_Krasnojarski_lraj.xls:Sheet1:1327,Кияй,село,красноярский,527.0,55.5172872,93.7735765,/workspace/settlements-raw/data/interim/2021_tochno/data_allsettlements_anon_156_v20251217.parquet,86c197cd522e0b63669e9c6e7f43fd3d82b3704c6a126c800a9968ecd16cae14,"carrier_target_source_record_id=2021:data_allsettlements_anon_156_v20251217.parquet:parquet:48374;parquet_row_1based=48374;latitude_dadata,longitude_dadata",retrospective_continuity_from_tochno_2021_dadata_raw_parquet_point,reviewed_extension_rule_accepted,2021:data_allsettlements_anon_156_v20251217.parquet:parquet:48374,2010:008_342f3c208b_16._20Сиб_ФО_2010.xls:Sib:2656,Кияй,село,красноярский,460.0,59.212319,91.567688,/workspace/settlements-raw/data/raw/historical_geography/geokladr_okato_2011/okato.dbf,d1c8b983f2489724a940bd2a64dedda73b602f6c491d5c09391deaf362fe2650,raw_dbf_record_number_1based=4382;byte_offset_0based=1731200,geokladr_2011_raw_dbf_coordinate,reviewed_extension_rule_accepted,GeoKLADR2011:OKATO:04231810001,2021:data_allsettlements_anon_156_v20251217.parquet:parquet:48374,Кияй,село,красноярский,213.0,55.5172872,93.7735765,/workspace/settlements-raw/data/interim/2021_tochno/data_allsettlements_anon_156_v20251217.parquet,86c197cd522e0b63669e9c6e7f43fd3d82b3704c6a126c800a9968ecd16cae14,"parquet_row_1based=48374;latitude_dadata,longitude_dadata",tochno_2021_dadata_raw_parquet_point,reviewed_rule_accepted,2021:data_allsettlements_anon_156_v20251217.parquet:parquet:48374,431.57771142101143,0.0,431.57771142101143,431.57771142101143,distance_km_2002_2010,42
2002:070_48ec6f4a77_Irkut_obl_new.xls:Sheet1:1449,2002:070_48ec6f4a77_Irkut_obl_new.xls:Sheet1:1449,Елань,деревня,иркутская,101.0,56.655991,101.856606,/workspace/settlements-raw/data/raw/historical_geography/geokladr_okato_2011/okato.dbf,d1c8b983f2489724a940bd2a64dedda73b602f6c491d5c09391deaf362fe2650,raw_dbf_record_number_1based=38447;byte_offset_0based=15186875,geokladr_2011_raw_dbf_coordinate,reviewed_extension_rule_accepted,GeoKLADR2011:OKATO:25248804002,2010:008_342f3c208b_16._20Сиб_ФО_2010.xls:Sib:4787,Елань,деревня,иркутская,100.0,56.655991,101.856606,/workspace/settlements-raw/data/raw/historical_geography/geokladr_okato_2011/okato.dbf,d1c8b983f2489724a940bd2a64dedda73b602f6c491d5c09391deaf362fe2650,raw_dbf_record_number_1based=38447;byte_offset_0based=15186875,geokladr_2011_raw_dbf_coordinate,reviewed_extension_rule_accepted,GeoKLADR2011:OKATO:25248804002,2021:data_allsettlements_anon_156_v20251217.parquet:parquet:25366,Елань,деревня,иркутская,71.0,52.9109,102.611,/workspace/settlements-raw/data/raw/wikidata_truthy_claims/batch_0020.jsonl.gz,6724784a5608a66efc7cfe01afbc91ab6c190c6ea9aee3a9fab120ab98afcb04,"{""line_number"": 10364, ""locator"": ""batch_0020.jsonl.gz#line=10364"", ""retrieved_at_utc"": ""2026-08-31T20:57:32.634564+00:00"", ""source_file"": ""batch_0020.jsonl.gz"", ""value_raw"": ""POINT(102.611000 52.910900)""}",wikidata_P625_point_claim,reviewed_extension_rule_accepted,Q16016697,0.0,419.2288576022106,419.2288576022106,419.2288576022106,distance_km_2002_2021,43
2002:057_9b18a354f1_02c_Sverdlovskaja_oblast.xls:Sheet1:1060,2002:057_9b18a354f1_02c_Sverdlovskaja_oblast.xls:Sheet1:1060,Мочищенская,деревня,свердловская,5.0,56.277348,58.616723,/workspace/settlements-raw/data/raw/historical_geography/geokladr_okato_2011/okato.dbf,d1c8b983f2489724a940bd2a64dedda73b602f6c491d5c09391deaf362fe2650,raw_dbf_record_number_1based=109274;byte_offset_0based=43163540,geokladr_2011_raw_dbf_coordinate,reviewed_extension_rule_accepted,GeoKLADR2011:OKATO:65215850003,2010:003_eb441570b1_11._20Урал_ФО_2010.xls:Урал:3329,Мочищенская,деревня,свердловская,5.0,56.277348,58.616723,/workspace/settlements-raw/data/raw/historical_geography/geokladr_okato_2011/okato.dbf,d1c8b983f2489724a940bd2a64dedda73b602f6c491d5c09391deaf362fe2650,raw_dbf_record_number_1based=109274;byte_offset_0based=43163540,geokladr_2011_raw_dbf_coordinate,reviewed_extension_rule_accepted,GeoKLADR2011:OKATO:65215850003,2021:data_allsettlements_anon_156_v20251217.parquet:parquet:119855,Мочищенская,деревня,свердловская,1.0,59.25961,62.63978,/workspace/settlements-raw/data/raw/coordinate_candidates/geonames_RU_20260907.zip,9bf299daaff13de75ddbf610e113469aae80537d66a7de3437967576c6509ff4,RU.txt:line=173522;geonameid=1498588,geonames_ru_txt_named_place_point,reviewed_extension_rule_accepted,GeoNames:geonameid:1498588,0.0,408.3679897880854,408.3679897880854,408.3679897880854,distance_km_2002_2021,44
2002:020_e4f979c6c7_02c_Arxang-new.xls:Sheet1:3762,2002:020_e4f979c6c7_02c_Arxang-new.xls:Sheet1:3762,Борковская,деревня,архангельская,13.0,65.230429,49.563625,/workspace/settlements-raw/data/raw/historical_geography/geokladr_okato_2011/okato.dbf,d1c8b983f2489724a940bd2a64dedda73b602f6c491d5c09391deaf362fe2650,raw_dbf_record_number_1based=10683;byte_offset_0based=4220095,geokladr_2011_raw_dbf_coordinate,reviewed_extension_rule_accepted,GeoKLADR2011:OKATO:11256820003,ARK2010:archive20131022:html_table1_tr3747,борковская,деревня,архангельская,9.0,65.230429,49.563625,/workspace/settlements-raw/data/raw/historical_geography/geokladr_okato_2011/okato.dbf,d1c8b983f2489724a940bd2a64dedda73b602f6c491d5c09391deaf362fe2650,raw_dbf_record_number_1based=10683;byte_offset_0based=4220095,geokladr_2011_raw_dbf_coordinate,reviewed_extension_rule_accepted,GeoKLADR2011:OKATO:11256820003,2021:data_allsettlements_anon_156_v20251217.parquet:parquet:90110,Борковская,деревня,архангельская,5.0,64.308201,41.241064,/workspace/settlements-raw/data/raw/wikidata_truthy_claims/batch_0030.jsonl.gz,7c0912e62927b8b8e80548784f10afb5fe1ecd9185f930302710c4933f56952d,"{""line_number"": 7716, ""locator"": ""batch_0030.jsonl.gz#line=7716"", ""retrieved_at_utc"": ""2026-08-31T20:57:45.000192+00:00"", ""source_file"": ""batch_0030.jsonl.gz"", ""value_raw"": ""POINT(41.241064 64.308201)""}",wikidata_P625_point_claim,reviewed_extension_rule_accepted,Q18768367,0.0,407.25301164101467,407.25301164101467,407.25301164101467,distance_km_2002_2021,45
2002:064_d017f142fc_Tyva.xls:Sheet1:44,2002:064_d017f142fc_Tyva.xls:Sheet1:44,Шуй,село,тыва,1659.0,51.383055,96.057159,/workspace/settlements-raw/data/raw/historical_geography/geokladr_okato_2011/okato.dbf,d1c8b983f2489724a940bd2a64dedda73b602f6c491d5c09391deaf362fe2650,raw_dbf_record_number_1based=146837;byte_offset_0based=58000925,geokladr_2011_raw_dbf_coordinate,reviewed_extension_rule_accepted,GeoKLADR2011:OKATO:93205855001,2010:008_342f3c208b_16._20Сиб_ФО_2010.xls:Sib:11455,Шуй,село,тыва,1832.0,50.8868283,90.3407489,/workspace/settlements-raw/data/interim/2021_tochno/data_allsettlements_anon_156_v20251217.parquet,86c197cd522e0b63669e9c6e7f43fd3d82b3704c6a126c800a9968ecd16cae14,"parquet_row_1based=153098;latitude_dadata,longitude_dadata",tochno_2021_dadata_raw_parquet_point,reviewed_extension_rule_accepted,2021:data_allsettlements_anon_156_v20251217.parquet:parquet:153098,2021:data_allsettlements_anon_156_v20251217.parquet:parquet:153098,Шуй,село,тыва,1771.0,50.8868283,90.3407489,/workspace/settlements-raw/data/interim/2021_tochno/data_allsettlements_anon_156_v20251217.parquet,86c197cd522e0b63669e9c6e7f43fd3d82b3704c6a126c800a9968ecd16cae14,"parquet_row_1based=153098;latitude_dadata,longitude_dadata",tochno_2021_dadata_raw_parquet_point,reviewed_rule_accepted,2021:data_allsettlements_anon_156_v20251217.parquet:parquet:153098,402.5468853471291,402.5468853471291,0.0,402.5468853471291,distance_km_2002_2010,46
2002:022_862ad8a69d_02c_Vologodskaya.xls:2C:1398,2002:022_862ad8a69d_02c_Vologodskaya.xls:2C:1398,Будрино,деревня,вологодская,74.0,59.1306,39.9074,/workspace/settlements-raw/data/raw/historical_geography/geokladr_okato_2011/okato.dbf,d1c8b983f2489724a940bd2a64dedda73b602f6c491d5c09391deaf362fe2650,raw_dbf_record_number_1based=21082;byte_offset_0based=8327700,geokladr_2011_raw_dbf_coordinate,reviewed_extension_rule_accepted,GeoKLADR2011:OKATO:19214884005,2010:012_5c339c0d0e_4._20Vologod_pskov_2010.xls:Data Sheet:1289,Будрино,деревня,вологодская,83.0,59.1306,39.9074,/workspace/settlements-raw/data/raw/historical_geography/geokladr_okato_2011/okato.dbf,d1c8b983f2489724a940bd2a64dedda73b602f6c491d5c09391deaf362fe2650,raw_dbf_record_number_1based=21082;byte_offset_0based=8327700,geokladr_2011_raw_dbf_coordinate,reviewed_extension_rule_accepted,GeoKLADR2011:OKATO:19214884005,2021:data_allsettlements_anon_156_v20251217.parquet:parquet:7138,Будрино,деревня,вологодская,69.0,60.85012,46.21002,/workspace/settlements-raw/data/raw/coordinate_candidates/geonames_RU_20260907.zip,9bf299daaff13de75ddbf610e113469aae80537d66a7de3437967576c6509ff4,RU.txt:line=110228;geonameid=571246,geonames_ru_txt_named_place_point,reviewed_extension_rule_accepted,GeoNames:geonameid:571246,0.0,399.0389978216882,399.0389978216882,399.0389978216882,distance_km_2002_2021,47
2002:051_46e3ecb0a0_02c_Permskaja_obl.xls:Sheet1:446,2002:051_46e3ecb0a0_02c_Permskaja_obl.xls:Sheet1:446,Моховая,деревня,пермский,75.0,60.175364,57.150907,/workspace/settlements-raw/data/raw/historical_geography/geokladr_okato_2011/okato.dbf,d1c8b983f2489724a940bd2a64dedda73b602f6c491d5c09391deaf362fe2650,raw_dbf_record_number_1based=93694;byte_offset_0based=37009440,geokladr_2011_raw_dbf_coordinate,reviewed_extension_rule_accepted,GeoKLADR2011:OKATO:57435808004,2010:016_802d308e41_8._20Or_Penz_Perm_Samar_Saratov_Uly_2010.xls:!!!:8117,Моховая,деревня,пермский,68.0,60.175364,57.150907,/workspace/settlements-raw/data/raw/historical_geography/geokladr_okato_2011/okato.dbf,d1c8b983f2489724a940bd2a64dedda73b602f6c491d5c09391deaf362fe2650,raw_dbf_record_number_1based=93694;byte_offset_0based=37009440,geokladr_2011_raw_dbf_coordinate,reviewed_extension_rule_accepted,GeoKLADR2011:OKATO:57435808004,2021:data_allsettlements_anon_156_v20251217.parquet:parquet:98752,Моховая,деревня,пермский,49.0,56.8727906,54.4889062,/workspace/settlements-raw/data/interim/2021_tochno/data_allsettlements_anon_156_v20251217.parquet,86c197cd522e0b63669e9c6e7f43fd3d82b3704c6a126c800a9968ecd16cae14,"parquet_row_1based=98752;latitude_dadata,longitude_dadata",tochno_2021_dadata_raw_parquet_point,reviewed_rule_accepted,2021:data_allsettlements_anon_156_v20251217.parquet:parquet:98752,0.0,398.3492641494011,398.3492641494011,398.3492641494011,distance_km_2002_2021,48
2002:048_4f024587eb_02c_Nizhegorod_obl_new.xls:11:1465,2002:048_4f024587eb_02c_Nizhegorod_obl_new.xls:11:1465,Борки,село,нижегородская,125.0,57.8084,46.1735,/workspace/settlements-raw/data/raw/historical_geography/geokladr_okato_2011/okato.dbf,d1c8b983f2489724a940bd2a64dedda73b602f6c491d5c09391deaf362fe2650,raw_dbf_record_number_1based=30295;byte_offset_0based=11966835,geokladr_2011_raw_dbf_coordinate,reviewed_extension_rule_accepted,GeoKLADR2011:OKATO:22219816003,2010:014_5ca759eea0_5._20Nizheg_Kirov_202010.xls:Data Sheet:949,Борки,село,нижегородская,88.0,57.8084,46.1735,/workspace/settlements-raw/data/raw/historical_geography/geokladr_okato_2011/okato.dbf,d1c8b983f2489724a940bd2a64dedda73b602f6c491d5c09391deaf362fe2650,raw_dbf_record_number_1based=30295;byte_offset_0based=11966835,geokladr_2011_raw_dbf_coordinate,reviewed_extension_rule_accepted,GeoKLADR2011:OKATO:22219816003,2021:data_allsettlements_anon_156_v20251217.parquet:parquet:73129,Борки,село,нижегородская,66.0,54.824,42.8468,/workspace/settlements-raw/data/raw/coordinate_candidates/geonames_RU_20260907.zip,9bf299daaff13de75ddbf610e113469aae80537d66a7de3437967576c6509ff4,RU.txt:line=111337;geonameid=572360,geonames_ru_txt_named_place_point,reviewed_extension_rule_accepted,GeoNames:geonameid:572360,0.0,390.04131102834475,390.04131102834475,390.04131102834475,distance_km_2002_2021,49
2002:007_acff9aa32d_02c_Kostromskaja.xls:Sheet1:2411,2002:007_acff9aa32d_02c_Kostromskaja.xls:Sheet1:2411,Высокое,деревня,костромская,31.0,57.590799,40.723071,/workspace/settlements-raw/data/raw/historical_geography/geokladr_okato_2011/okato.dbf,d1c8b983f2489724a940bd2a64dedda73b602f6c491d5c09391deaf362fe2650,raw_dbf_record_number_1based=59677;byte_offset_0based=23572725,geokladr_2011_raw_dbf_coordinate,reviewed_extension_rule_accepted,GeoKLADR2011:OKATO:34228804007,2010:010_711691e352_2._20Kostrom_Kur_Lip_Moscow_MoscObl_Orlov_2010.xls:Data Sheet:2110,Высокое,деревня,костромская,7.0,57.590799,40.723071,/workspace/settlements-raw/data/raw/historical_geography/geokladr_okato_2011/okato.dbf,d1c8b983f2489724a940bd2a64dedda73b602f6c491d5c09391deaf362fe2650,raw_dbf_record_number_1based=59677;byte_offset_0based=23572725,geokladr_2011_raw_dbf_coordinate,reviewed_extension_rule_accepted,GeoKLADR2011:OKATO:34228804007,2021:data_allsettlements_anon_156_v20251217.parquet:parquet:43358,Высокое,деревня,костромская,0.0,58.78466,46.93924,/workspace/settlements-raw/data/raw/coordinate_candidates/geonames_RU_20260907.zip,9bf299daaff13de75ddbf610e113469aae80537d66a7de3437967576c6509ff4,RU.txt:line=145322;geonameid=827318,geonames_ru_txt_named_place_point,reviewed_extension_rule_accepted,GeoNames:geonameid:827318,0.0,387.615813385081,387.615813385081,387.615813385081,distance_km_2002_2021,50
2002:078_8405ea8fce_Yakutia.xls:Sheet1:333,2002:078_8405ea8fce_Yakutia.xls:Sheet1:333,Бетюнг,село,саха якутия,563.0,60.344189,120.443897,/workspace/settlements-raw/data/raw/historical_geography/geokladr_okato_2011/okato.dbf,d1c8b983f2489724a940bd2a64dedda73b602f6c491d5c09391deaf362fe2650,raw_dbf_record_number_1based=151302;byte_offset_0based=59764600,geokladr_2011_raw_dbf_coordinate,reviewed_extension_rule_accepted,GeoKLADR2011:OKATO:98218812001,2010:009_81f8a0e73c_17._20ДВ_ФО_2010.xls:ДВ:2376,Бетюнг,село,саха якутия,475.0,63.7076118,122.3446649,/workspace/settlements-raw/data/interim/2021_tochno/data_allsettlements_anon_156_v20251217.parquet,86c197cd522e0b63669e9c6e7f43fd3d82b3704c6a126c800a9968ecd16cae14,"parquet_row_1based=166303;latitude_dadata,longitude_dadata",tochno_2021_dadata_raw_parquet_point,reviewed_extension_rule_accepted,2021:data_allsettlements_anon_156_v20251217.parquet:parquet:166303,2021:data_allsettlements_anon_156_v20251217.parquet:parquet:166303,Бетюнг,село,саха якутия,466.0,63.7076118,122.3446649,/workspace/settlements-raw/data/interim/2021_tochno/data_allsettlements_anon_156_v20251217.parquet,86c197cd522e0b63669e9c6e7f43fd3d82b3704c6a126c800a9968ecd16cae14,"parquet_row_1based=166303;latitude_dadata,longitude_dadata",tochno_2021_dadata_raw_parquet_point,reviewed_rule_accepted,2021:data_allsettlements_anon_156_v20251217.parquet:parquet:166303,386.8701369324015,386.8701369324015,0.0,386.8701369324015,distance_km_2002_2010,51
2002:007_acff9aa32d_02c_Kostromskaja.xls:Sheet1:2393,2002:007_acff9aa32d_02c_Kostromskaja.xls:Sheet1:2393,Хомутово,деревня,костромская,256.0,59.0681,46.6931,/workspace/settlements-raw/data/raw/historical_geography/geokladr_okato_2011/okato.dbf,d1c8b983f2489724a940bd2a64dedda73b602f6c491d5c09391deaf362fe2650,DBF_record_1based=59664;DBF_byte_offset_0based=23567590;OKATO2011_raw=34226844013,raw_named_typed_2011_rural_geo_object,reviewed_extension_rule_accepted,GEOKLADR2011:34226844013,2010:010_711691e352_2._20Kostrom_Kur_Lip_Moscow_MoscObl_Orlov_2010.xls:Data Sheet:2040,Хомутово,деревня,костромская,258.0,57.4680758,40.8333735,/workspace/settlements-raw/data/interim/2021_tochno/data_allsettlements_anon_156_v20251217.parquet,86c197cd522e0b63669e9c6e7f43fd3d82b3704c6a126c800a9968ecd16cae14,"parquet_row_1based=43225;latitude_dadata,longitude_dadata",tochno_2021_dadata_raw_parquet_point,reviewed_extension_rule_accepted,2021:data_allsettlements_anon_156_v20251217.parquet:parquet:43225,2021:data_allsettlements_anon_156_v20251217.parquet:parquet:43225,Хомутово,деревня,костромская,173.0,57.4680758,40.8333735,/workspace/settlements-raw/data/interim/2021_tochno/data_allsettlements_anon_156_v20251217.parquet,86c197cd522e0b63669e9c6e7f43fd3d82b3704c6a126c800a9968ecd16cae14,"parquet_row_1based=43225;latitude_dadata,longitude_dadata",tochno_2021_dadata_raw_parquet_point,reviewed_rule_accepted,2021:data_allsettlements_anon_156_v20251217.parquet:parquet:43225,385.9401122273102,385.9401122273102,0.0,385.9401122273102,distance_km_2002_2010,52
2002:047_9960082a3e_02c_Kirovskaja_new.xls:Sheet1:486,2002:047_9960082a3e_02c_Kirovskaja_new.xls:Sheet1:486,Русиново,деревня,кировская,46.0,57.401763,47.50317,,,,,reviewed_extension_rule_accepted,2010:014_5ca759eea0_5._20Nizheg_Kirov_202010.xls:Data Sheet:5022,2010:014_5ca759eea0_5._20Nizheg_Kirov_202010.xls:Data Sheet:5022,Русиново,деревня,кировская,30.0,57.401763,47.50317,/workspace/settlements-raw/data/raw/historical_geography/geokladr_okato_2011/okato.dbf,d1c8b983f2489724a940bd2a64dedda73b602f6c491d5c09391deaf362fe2650,raw_dbf_record_number_1based=53615;byte_offset_0based=21178235,geokladr_2011_raw_dbf_coordinate,reviewed_extension_rule_accepted,GeoKLADR2011:OKATO:33203804076,2021:data_allsettlements_anon_156_v20251217.parquet:parquet:33859,Русиново,деревня,кировская,7.0,58.998004,53.283499,/workspace/settlements-raw/data/raw/wikidata_truthy_claims/batch_0043.jsonl.gz,de57dba2ed0029144c2e1fa4a4a99b932de4a5167b092a1351f6f05545e5aceb,"{""line_number"": 6982, ""locator"": ""batch_0043.jsonl.gz#line=6982"", ""retrieved_at_utc"": ""2026-08-31T20:57:57.856034+00:00"", ""source_file"": ""batch_0043.jsonl.gz"", ""value_raw"": ""POINT(53.283499 58.998004)""}",wikidata_P625_point_claim,reviewed_extension_rule_accepted,Q18799338,0.0,382.2113415384002,382.2113415384002,382.2113415384002,distance_km_2002_2021,53
2002:078_8405ea8fce_Yakutia.xls:Sheet1:828,2002:078_8405ea8fce_Yakutia.xls:Sheet1:828,Марха,село,саха якутия,190.0,62.105278,129.726944,/workspace/settlements-raw/data/raw/historical_geography/geokladr_okato_2011/okato.dbf,d1c8b983f2489724a940bd2a64dedda73b602f6c491d5c09391deaf362fe2650,raw_dbf_record_number_1based=151545;byte_offset_0based=59860585,geokladr_2011_raw_dbf_coordinate,reviewed_extension_rule_accepted,GeoKLADR2011:OKATO:98241860004,2010:009_81f8a0e73c_17._20ДВ_ФО_2010.xls:ДВ:2634,Марха,село,саха якутия,166.0,60.5979986,123.2913167,/workspace/settlements-raw/data/interim/2021_tochno/data_allsettlements_anon_156_v20251217.parquet,86c197cd522e0b63669e9c6e7f43fd3d82b3704c6a126c800a9968ecd16cae14,"parquet_row_1based=166728;latitude_dadata,longitude_dadata",tochno_2021_dadata_raw_parquet_point,reviewed_extension_rule_accepted,2021:data_allsettlements_anon_156_v20251217.parquet:parquet:166728,2021:data_allsettlements_anon_156_v20251217.parquet:parquet:166728,Марха,село,саха якутия,112.0,60.5979986,123.2913167,/workspace/settlements-raw/data/interim/2021_tochno/data_allsettlements_anon_156_v20251217.parquet,86c197cd522e0b63669e9c6e7f43fd3d82b3704c6a126c800a9968ecd16cae14,"parquet_row_1based=166728;latitude_dadata,longitude_dadata",tochno_2021_dadata_raw_parquet_point,reviewed_rule_accepted,2021:data_allsettlements_anon_156_v20251217.parquet:parquet:166728,381.61341525368346,381.61341525368346,0.0,381.61341525368346,distance_km_2002_2010,54
2002:007_acff9aa32d_02c_Kostromskaja.xls:Sheet1:2310,2002:007_acff9aa32d_02c_Kostromskaja.xls:Sheet1:2310,Крутая Гора,деревня,костромская,18.0,58.8658,46.2935,/workspace/settlements-raw/data/raw/historical_geography/geokladr_okato_2011/okato.dbf,d1c8b983f2489724a940bd2a64dedda73b602f6c491d5c09391deaf362fe2650,raw_dbf_record_number_1based=59588;byte_offset_0based=23537570,geokladr_2011_raw_dbf_coordinate,reviewed_extension_rule_accepted,GeoKLADR2011:OKATO:34226824007,2010:010_711691e352_2._20Kostrom_Kur_Lip_Moscow_MoscObl_Orlov_2010.xls:Data Sheet:1961,Крутая Гора,деревня,костромская,11.0,57.45982,40.4392714,/workspace/settlements-raw/data/interim/2021_tochno/data_allsettlements_anon_156_v20251217.parquet,86c197cd522e0b63669e9c6e7f43fd3d82b3704c6a126c800a9968ecd16cae14,"parquet_row_1based=43311;latitude_dadata,longitude_dadata",tochno_2021_dadata_raw_parquet_point,reviewed_extension_rule_accepted,2021:data_allsettlements_anon_156_v20251217.parquet:parquet:43311,2021:data_allsettlements_anon_156_v20251217.parquet:parquet:43311,Крутая Гора,деревня,костромская,13.0,57.45982,40.4392714,/workspace/settlements-raw/data/interim/2021_tochno/data_allsettlements_anon_156_v20251217.parquet,86c197cd522e0b63669e9c6e7f43fd3d82b3704c6a126c800a9968ecd16cae14,"parquet_row_1based=43311;latitude_dadata,longitude_dadata",tochno_2021_dadata_raw_parquet_point,reviewed_rule_accepted,2021:data_allsettlements_anon_156_v20251217.parquet:parquet:43311,377.1341794973987,377.1341794973987,0.0,377.1341794973987,distance_km_2002_2010,55
2002:047_9960082a3e_02c_Kirovskaja_new.xls:Sheet1:2229,2002:047_9960082a3e_02c_Kirovskaja_new.xls:Sheet1:2229,Гавриловская,деревня,кировская,0.0,58.766916,53.62339,/workspace/settlements-raw/data/raw/historical_geography/geokladr_okato_2011/okato.dbf,d1c8b983f2489724a940bd2a64dedda73b602f6c491d5c09391deaf362fe2650,raw_dbf_record_number_1based=55066;byte_offset_0based=21751380,geokladr_2011_raw_dbf_coordinate,reviewed_extension_rule_accepted,GeoKLADR2011:OKATO:33222828008,2010:014_5ca759eea0_5._20Nizheg_Kirov_202010.xls:Data Sheet:6532,Гавриловская,деревня,кировская,0.0,58.766916,53.62339,/workspace/settlements-raw/data/raw/historical_geography/geokladr_okato_2011/okato.dbf,d1c8b983f2489724a940bd2a64dedda73b602f6c491d5c09391deaf362fe2650,raw_dbf_record_number_1based=55066;byte_offset_0based=21751380,geokladr_2011_raw_dbf_coordinate,reviewed_extension_rule_accepted,GeoKLADR2011:OKATO:33222828008,2021:data_allsettlements_anon_156_v20251217.parquet:parquet:35371,Гавриловская,деревня,кировская,0.0,60.61191,48.0046,/workspace/settlements-raw/data/raw/coordinate_candidates/geonames_RU_20260907.zip,9bf299daaff13de75ddbf610e113469aae80537d66a7de3437967576c6509ff4,RU.txt:line=145053;geonameid=826871,geonames_ru_txt_named_place_point,reviewed_extension_rule_accepted,GeoNames:geonameid:826871,0.0,375.99360897698534,375.99360897698534,375.99360897698534,distance_km_2002_2021,56
2002:067_7363c80f41_02c_Krasnojarski_lraj.xls:Sheet1:678,2002:067_7363c80f41_02c_Krasnojarski_lraj.xls:Sheet1:678,Крутой Лог,посёлок,красноярский,22.0,58.0400941,92.9401527,/workspace/settlements-raw/data/interim/2021_tochno/data_allsettlements_anon_156_v20251217.parquet,86c197cd522e0b63669e9c6e7f43fd3d82b3704c6a126c800a9968ecd16cae14,"carrier_target_source_record_id=2021:data_allsettlements_anon_156_v20251217.parquet:parquet:47747;parquet_row_1based=47747;latitude_dadata,longitude_dadata",retrospective_continuity_from_tochno_2021_dadata_raw_parquet_point,reviewed_extension_rule_accepted,2021:data_allsettlements_anon_156_v20251217.parquet:parquet:47747,2010:008_342f3c208b_16._20Сиб_ФО_2010.xls:Sib:2185,Крутой Лог,посёлок,красноярский,17.0,55.134167,89.839722,/workspace/settlements-raw/data/raw/historical_geography/geokladr_okato_2011/okato.dbf,d1c8b983f2489724a940bd2a64dedda73b602f6c491d5c09391deaf362fe2650,raw_dbf_record_number_1based=3910;byte_offset_0based=1544760,geokladr_2011_raw_dbf_coordinate,reviewed_extension_rule_accepted,GeoKLADR2011:OKATO:04215837003,2021:data_allsettlements_anon_156_v20251217.parquet:parquet:47747,Крутой Лог,посёлок,красноярский,17.0,58.0400941,92.9401527,/workspace/settlements-raw/data/interim/2021_tochno/data_allsettlements_anon_156_v20251217.parquet,86c197cd522e0b63669e9c6e7f43fd3d82b3704c6a126c800a9968ecd16cae14,"parquet_row_1based=47747;latitude_dadata,longitude_dadata",tochno_2021_dadata_raw_parquet_point,reviewed_rule_accepted,2021:data_allsettlements_anon_156_v20251217.parquet:parquet:47747,374.6777149136944,0.0,374.6777149136944,374.6777149136944,distance_km_2002_2010,57
2002:078_8405ea8fce_Yakutia.xls:Sheet1:1167,2002:078_8405ea8fce_Yakutia.xls:Sheet1:1167,Тумат,село,саха якутия,577.0,67.551066,136.559487,/workspace/settlements-raw/data/raw/historical_geography/geokladr_okato_2011/okato.dbf,d1c8b983f2489724a940bd2a64dedda73b602f6c491d5c09391deaf362fe2650,raw_dbf_record_number_1based=151711;byte_offset_0based=59926155,geokladr_2011_raw_dbf_coordinate,reviewed_extension_rule_accepted,GeoKLADR2011:OKATO:98256820001,2010:009_81f8a0e73c_17._20ДВ_ФО_2010.xls:ДВ:2809,Тумат,село,саха якутия,534.0,67.551066,136.559487,/workspace/settlements-raw/data/raw/historical_geography/geokladr_okato_2011/okato.dbf,d1c8b983f2489724a940bd2a64dedda73b602f6c491d5c09391deaf362fe2650,raw_dbf_record_number_1based=151711;byte_offset_0based=59926155,geokladr_2011_raw_dbf_coordinate,reviewed_extension_rule_accepted,GeoKLADR2011:OKATO:98256820001,2021:data_allsettlements_anon_156_v20251217.parquet:parquet:167025,Тумат,село,саха якутия,506.0,70.7235583,139.2302457,/workspace/settlements-raw/data/interim/2021_tochno/data_allsettlements_anon_156_v20251217.parquet,86c197cd522e0b63669e9c6e7f43fd3d82b3704c6a126c800a9968ecd16cae14,"parquet_row_1based=167025;latitude_dadata,longitude_dadata",tochno_2021_dadata_raw_parquet_point,reviewed_rule_accepted,2021:data_allsettlements_anon_156_v20251217.parquet:parquet:167025,0.0,368.1920597344703,368.1920597344703,368.1920597344703,distance_km_2002_2021,58
2002:078_8405ea8fce_Yakutia.xls:Sheet1:301,2002:078_8405ea8fce_Yakutia.xls:Sheet1:301,Суордах,село,саха якутия,407.0,67.5,139.85,/workspace/settlements-raw/data/raw/historical_geography/geokladr_okato_2011/okato.dbf,d1c8b983f2489724a940bd2a64dedda73b602f6c491d5c09391deaf362fe2650,raw_dbf_record_number_1based=151283;byte_offset_0based=59757095,geokladr_2011_raw_dbf_coordinate,reviewed_extension_rule_accepted,GeoKLADR2011:OKATO:98216848001,2010:009_81f8a0e73c_17._20ДВ_ФО_2010.xls:ДВ:2357,Суордах,село,саха якутия,352.0,66.67664,131.7728709,/workspace/settlements-raw/data/interim/2021_tochno/data_allsettlements_anon_156_v20251217.parquet,86c197cd522e0b63669e9c6e7f43fd3d82b3704c6a126c800a9968ecd16cae14,"parquet_row_1based=166273;latitude_dadata,longitude_dadata",tochno_2021_dadata_raw_parquet_point,reviewed_extension_rule_accepted,2021:data_allsettlements_anon_156_v20251217.parquet:parquet:166273,2021:data_allsettlements_anon_156_v20251217.parquet:parquet:166273,Суордах,село,саха якутия,292.0,66.67664,131.7728709,/workspace/settlements-raw/data/interim/2021_tochno/data_allsettlements_anon_156_v20251217.parquet,86c197cd522e0b63669e9c6e7f43fd3d82b3704c6a126c800a9968ecd16cae14,"parquet_row_1based=166273;latitude_dadata,longitude_dadata",tochno_2021_dadata_raw_parquet_point,reviewed_rule_accepted,2021:data_allsettlements_anon_156_v20251217.parquet:parquet:166273,361.15334113628234,361.15334113628234,0.0,361.15334113628234,distance_km_2002_2010,59
2002:015_90ef69f659_02c_Tver_obl.xls:!!!:4278,2002:015_90ef69f659_02c_Tver_obl.xls:!!!:4278,Родино,деревня,тверская,0.0,56.186334,31.972336,/workspace/settlements-raw/data/raw/historical_geography/geokladr_okato_2011/okato.dbf,d1c8b983f2489724a940bd2a64dedda73b602f6c491d5c09391deaf362fe2650,raw_dbf_record_number_1based=43660;byte_offset_0based=17246010,geokladr_2011_raw_dbf_coordinate,reviewed_extension_rule_accepted,GeoKLADR2011:OKATO:28228828026,2010:019_a193ec7827_Tver_L1_ethn_np_2010.xls:Data Sheet:4014,Родино,деревня,тверская,5.0,56.186334,31.972336,/workspace/settlements-raw/data/raw/historical_geography/geokladr_okato_2011/okato.dbf,d1c8b983f2489724a940bd2a64dedda73b602f6c491d5c09391deaf362fe2650,raw_dbf_record_number_1based=43660;byte_offset_0based=17246010,geokladr_2011_raw_dbf_coordinate,reviewed_extension_rule_accepted,GeoKLADR2011:OKATO:28228828026,2021:data_allsettlements_anon_156_v20251217.parquet:parquet:139183,Родино,деревня,тверская,5.0,57.0325,37.651,/workspace/settlements-raw/data/raw/coordinate_candidates/geonames_RU_20260907.zip,9bf299daaff13de75ddbf610e113469aae80537d66a7de3437967576c6509ff4,RU.txt:line=290239;geonameid=7586754,geonames_ru_txt_named_place_point,reviewed_extension_rule_accepted,GeoNames:geonameid:7586754,0.0,359.901128023504,359.901128023504,359.901128023504,distance_km_2002_2021,60
2002:015_90ef69f659_02c_Tver_obl.xls:!!!:45,2002:015_90ef69f659_02c_Tver_obl.xls:!!!:45,Коробаново,деревня,тверская,25.0,56.6196491,32.2722837,/workspace/settlements-raw/data/interim/2021_tochno/data_allsettlements_anon_156_v20251217.parquet,86c197cd522e0b63669e9c6e7f43fd3d82b3704c6a126c800a9968ecd16cae14,"carrier_target_source_record_id=2021:data_allsettlements_anon_156_v20251217.parquet:parquet:133630;parquet_row_1based=133630;latitude_dadata,longitude_dadata",retrospective_continuity_from_tochno_2021_dadata_raw_parquet_point,reviewed_extension_rule_accepted,2021:data_allsettlements_anon_156_v20251217.parquet:parquet:133630,2010:019_a193ec7827_Tver_L1_ethn_np_2010.xls:Data Sheet:50,Коробаново,деревня,тверская,17.0,57.202947,38.103141,/workspace/settlements-raw/data/raw/historical_geography/geokladr_okato_2011/okato.dbf,d1c8b983f2489724a940bd2a64dedda73b602f6c491d5c09391deaf362fe2650,raw_dbf_record_number_1based=39758;byte_offset_0based=15704720,geokladr_2011_raw_dbf_coordinate,reviewed_extension_rule_accepted,GeoKLADR2011:OKATO:28202804010,2021:data_allsettlements_anon_156_v20251217.parquet:parquet:133630,Коробаново,деревня,тверская,14.0,56.6196491,32.2722837,/workspace/settlements-raw/data/interim/2021_tochno/data_allsettlements_anon_156_v20251217.parquet,86c197cd522e0b63669e9c6e7f43fd3d82b3704c6a126c800a9968ecd16cae14,"parquet_row_1based=133630;latitude_dadata,longitude_dadata",tochno_2021_dadata_raw_parquet_point,reviewed_rule_accepted,2021:data_allsettlements_anon_156_v20251217.parquet:parquet:133630,359.74072674225465,0.0,359.74072674225465,359.74072674225465,distance_km_2002_2010,61
2002:047_9960082a3e_02c_Kirovskaja_new.xls:Sheet1:331,2002:047_9960082a3e_02c_Kirovskaja_new.xls:Sheet1:331,Антоненки,деревня,кировская,10.0,58.366376,47.45626,/workspace/settlements-raw/data/raw/historical_geography/geokladr_okato_2011/okato.dbf,d1c8b983f2489724a940bd2a64dedda73b602f6c491d5c09391deaf362fe2650,raw_dbf_record_number_1based=53669;byte_offset_0based=21199565,geokladr_2011_raw_dbf_coordinate,reviewed_extension_rule_accepted,GeoKLADR2011:OKATO:33203828002,2010:014_5ca759eea0_5._20Nizheg_Kirov_202010.xls:Data Sheet:5072,Антоненки,деревня,кировская,8.0,58.366376,47.45626,/workspace/settlements-raw/data/raw/historical_geography/geokladr_okato_2011/okato.dbf,d1c8b983f2489724a940bd2a64dedda73b602f6c491d5c09391deaf362fe2650,raw_dbf_record_number_1based=53669;byte_offset_0based=21199565,geokladr_2011_raw_dbf_coordinate,reviewed_extension_rule_accepted,GeoKLADR2011:OKATO:33203828002,2021:data_allsettlements_anon_156_v20251217.parquet:parquet:33923,Антоненки,деревня,кировская,0.0,58.4987,53.6301,/workspace/settlements-raw/data/raw/coordinate_candidates/geonames_RU_20260907.zip,9bf299daaff13de75ddbf610e113469aae80537d66a7de3437967576c6509ff4,RU.txt:line=340570;geonameid=8255464,geonames_ru_txt_named_place_point,reviewed_extension_rule_accepted,GeoNames:geonameid:8255464,0.0,359.55876880813065,359.55876880813065,359.55876880813065,distance_km_2002_2021,62
2002:051_46e3ecb0a0_02c_Permskaja_obl.xls:Sheet1:2794,2002:051_46e3ecb0a0_02c_Permskaja_obl.xls:Sheet1:2794,Мартино,деревня,пермский,3.0,60.528323,57.685122,/workspace/settlements-raw/data/raw/historical_geography/geokladr_okato_2011/okato.dbf,d1c8b983f2489724a940bd2a64dedda73b602f6c491d5c09391deaf362fe2650,raw_dbf_record_number_1based=92452;byte_offset_0based=36518850,geokladr_2011_raw_dbf_coordinate,reviewed_extension_rule_accepted,GeoKLADR2011:OKATO:57244807005,2010:016_802d308e41_8._20Or_Penz_Perm_Samar_Saratov_Uly_2010.xls:!!!:6876,Мартино,деревня,пермский,13.0,60.528323,57.685122,/workspace/settlements-raw/data/raw/historical_geography/geokladr_okato_2011/okato.dbf,d1c8b983f2489724a940bd2a64dedda73b602f6c491d5c09391deaf362fe2650,raw_dbf_record_number_1based=92452;byte_offset_0based=36518850,geokladr_2011_raw_dbf_coordinate,reviewed_extension_rule_accepted,GeoKLADR2011:OKATO:57244807005,2021:data_allsettlements_anon_156_v20251217.parquet:parquet:99365,Мартино,деревня,пермский,7.0,57.8381,54.4815,/workspace/settlements-raw/data/raw/coordinate_candidates/geonames_RU_20260907.zip,9bf299daaff13de75ddbf610e113469aae80537d66a7de3437967576c6509ff4,RU.txt:line=255578;geonameid=6844412,geonames_ru_txt_named_place_point,reviewed_extension_rule_accepted,GeoNames:geonameid:6844412,0.0,350.32002742927654,350.32002742927654,350.32002742927654,distance_km_2002_2021,63
2002:015_90ef69f659_02c_Tver_obl.xls:!!!:7815,2002:015_90ef69f659_02c_Tver_obl.xls:!!!:7815,Логаниха,деревня,тверская,8.0,58.2190324,36.1912351,/workspace/settlements-raw/data/interim/2021_tochno/data_allsettlements_anon_156_v20251217.parquet,86c197cd522e0b63669e9c6e7f43fd3d82b3704c6a126c800a9968ecd16cae14,"carrier_target_source_record_id=2021:data_allsettlements_anon_156_v20251217.parquet:parquet:135979;parquet_row_1based=135979;latitude_dadata,longitude_dadata",retrospective_continuity_from_tochno_2021_dadata_raw_parquet_point,reviewed_extension_rule_accepted,2021:data_allsettlements_anon_156_v20251217.parquet:parquet:135979,2010:019_a193ec7827_Tver_L1_ethn_np_2010.xls:Data Sheet:7153,Логаниха,деревня,тверская,0.0,56.075694,31.941319,/workspace/settlements-raw/data/raw/historical_geography/geokladr_okato_2011/okato.dbf,d1c8b983f2489724a940bd2a64dedda73b602f6c491d5c09391deaf362fe2650,raw_dbf_record_number_1based=46720;byte_offset_0based=18454710,geokladr_2011_raw_dbf_coordinate,reviewed_extension_rule_accepted,GeoKLADR2011:OKATO:28249804027,2021:data_allsettlements_anon_156_v20251217.parquet:parquet:135979,Логаниха,деревня,тверская,0.0,58.2190324,36.1912351,/workspace/settlements-raw/data/interim/2021_tochno/data_allsettlements_anon_156_v20251217.parquet,86c197cd522e0b63669e9c6e7f43fd3d82b3704c6a126c800a9968ecd16cae14,"parquet_row_1based=135979;latitude_dadata,longitude_dadata",tochno_2021_dadata_raw_parquet_point,reviewed_rule_accepted,2021:data_allsettlements_anon_156_v20251217.parquet:parquet:135979,349.90972788341526,0.0,349.90972788341526,349.90972788341526,distance_km_2002_2010,64
2002:066_76aa869929_Altai_krai1.xls:Sheet1:420,2002:066_76aa869929_Altai_krai1.xls:Sheet1:420,Шубинка,село,алтайский,743.0,51.6055377,80.7965871,/workspace/settlements-raw/data/interim/2021_tochno/data_allsettlements_anon_156_v20251217.parquet,86c197cd522e0b63669e9c6e7f43fd3d82b3704c6a126c800a9968ecd16cae14,"carrier_target_source_record_id=2021:data_allsettlements_anon_156_v20251217.parquet:parquet:39209;parquet_row_1based=39209;latitude_dadata,longitude_dadata",retrospective_continuity_from_tochno_2021_dadata_raw_parquet_point,reviewed_extension_rule_accepted,2021:data_allsettlements_anon_156_v20251217.parquet:parquet:39209,2010:008_342f3c208b_16._20Сиб_ФО_2010.xls:Sib:228,Шубинка,село,алтайский,626.0,52.942101,85.311674,/workspace/settlements-raw/data/raw/historical_geography/geokladr_okato_2011/okato.dbf,d1c8b983f2489724a940bd2a64dedda73b602f6c491d5c09391deaf362fe2650,raw_dbf_record_number_1based=222;byte_offset_0based=88000,geokladr_2011_raw_dbf_coordinate,reviewed_extension_rule_accepted,GeoKLADR2011:OKATO:01209890001,2021:data_allsettlements_anon_156_v20251217.parquet:parquet:39209,Шубинка,село,алтайский,373.0,51.6055377,80.7965871,/workspace/settlements-raw/data/interim/2021_tochno/data_allsettlements_anon_156_v20251217.parquet,86c197cd522e0b63669e9c6e7f43fd3d82b3704c6a126c800a9968ecd16cae14,"parquet_row_1based=39209;latitude_dadata,longitude_dadata",tochno_2021_dadata_raw_parquet_point,reviewed_rule_accepted,2021:data_allsettlements_anon_156_v20251217.parquet:parquet:39209,341.18096142541015,0.0,341.18096142541015,341.18096142541015,distance_km_2002_2010,65
2002:067_7363c80f41_02c_Krasnojarski_lraj.xls:Sheet1:1734,2002:067_7363c80f41_02c_Krasnojarski_lraj.xls:Sheet1:1734,Коврига,деревня,красноярский,178.0,57.6152753,91.972405,/workspace/settlements-raw/data/interim/2021_tochno/data_allsettlements_anon_156_v20251217.parquet,86c197cd522e0b63669e9c6e7f43fd3d82b3704c6a126c800a9968ecd16cae14,"carrier_target_source_record_id=2021:data_allsettlements_anon_156_v20251217.parquet:parquet:47001;parquet_row_1based=47001;latitude_dadata,longitude_dadata",retrospective_continuity_from_tochno_2021_dadata_raw_parquet_point,reviewed_extension_rule_accepted,2021:data_allsettlements_anon_156_v20251217.parquet:parquet:47001,2010:008_342f3c208b_16._20Сиб_ФО_2010.xls:Sib:2958,Коврига,деревня,красноярский,147.0,60.661378,91.372545,/workspace/settlements-raw/data/raw/historical_geography/geokladr_okato_2011/okato.dbf,d1c8b983f2489724a940bd2a64dedda73b602f6c491d5c09391deaf362fe2650,raw_dbf_record_number_1based=4681;byte_offset_0based=1849305,geokladr_2011_raw_dbf_coordinate,reviewed_extension_rule_accepted,GeoKLADR2011:OKATO:04245816002,2021:data_allsettlements_anon_156_v20251217.parquet:parquet:47001,Коврига,деревня,красноярский,139.0,57.6152753,91.972405,/workspace/settlements-raw/data/interim/2021_tochno/data_allsettlements_anon_156_v20251217.parquet,86c197cd522e0b63669e9c6e7f43fd3d82b3704c6a126c800a9968ecd16cae14,"parquet_row_1based=47001;latitude_dadata,longitude_dadata",tochno_2021_dadata_raw_parquet_point,reviewed_rule_accepted,2021:data_allsettlements_anon_156_v20251217.parquet:parquet:47001,340.43161186715304,0.0,340.43161186715304,340.43161186715304,distance_km_2002_2010,66
2002:015_90ef69f659_02c_Tver_obl.xls:!!!:282,2002:015_90ef69f659_02c_Tver_obl.xls:!!!:282,Чириково,хутор,тверская,3.0,56.577437,31.934491,/workspace/settlements-raw/data/interim/2021_tochno/data_allsettlements_anon_156_v20251217.parquet,86c197cd522e0b63669e9c6e7f43fd3d82b3704c6a126c800a9968ecd16cae14,"carrier_target_source_record_id=2021:data_allsettlements_anon_156_v20251217.parquet:parquet:133763;parquet_row_1based=133763;latitude_dadata,longitude_dadata",retrospective_continuity_from_tochno_2021_dadata_raw_parquet_point,reviewed_extension_rule_accepted,2021:data_allsettlements_anon_156_v20251217.parquet:parquet:133763,2010:019_a193ec7827_Tver_L1_ethn_np_2010.xls:Data Sheet:249,Чириково,хутор,тверская,3.0,57.56932,37.233164,/workspace/settlements-raw/data/raw/historical_geography/geokladr_okato_2011/okato.dbf,d1c8b983f2489724a940bd2a64dedda73b602f6c491d5c09391deaf362fe2650,raw_dbf_record_number_1based=39956;byte_offset_0based=15782930,geokladr_2011_raw_dbf_coordinate,reviewed_extension_rule_accepted,GeoKLADR2011:OKATO:28202861023,2021:data_allsettlements_anon_156_v20251217.parquet:parquet:133763,Чириково,хутор,тверская,0.0,56.577437,31.934491,/workspace/settlements-raw/data/interim/2021_tochno/data_allsettlements_anon_156_v20251217.parquet,86c197cd522e0b63669e9c6e7f43fd3d82b3704c6a126c800a9968ecd16cae14,"parquet_row_1based=133763;latitude_dadata,longitude_dadata",tochno_2021_dadata_raw_parquet_point,reviewed_rule_accepted,2021:data_allsettlements_anon_156_v20251217.parquet:parquet:133763,338.6133969622109,0.0,338.6133969622109,338.6133969622109,distance_km_2002_2010,67
2002:078_8405ea8fce_Yakutia.xls:Sheet1:972,2002:078_8405ea8fce_Yakutia.xls:Sheet1:972,Хордогой,село,саха якутия,819.0,63.76203,121.865934,/workspace/settlements-raw/data/raw/historical_geography/geokladr_okato_2011/okato.dbf,d1c8b983f2489724a940bd2a64dedda73b602f6c491d5c09391deaf362fe2650,raw_dbf_record_number_1based=151606;byte_offset_0based=59884680,geokladr_2011_raw_dbf_coordinate,reviewed_extension_rule_accepted,GeoKLADR2011:OKATO:98248815001,2010:009_81f8a0e73c_17._20ДВ_ФО_2010.xls:ДВ:2702,Хордогой,село,саха якутия,673.0,62.6055213,115.6792175,/workspace/settlements-raw/data/interim/2021_tochno/data_allsettlements_anon_156_v20251217.parquet,86c197cd522e0b63669e9c6e7f43fd3d82b3704c6a126c800a9968ecd16cae14,"parquet_row_1based=166844;latitude_dadata,longitude_dadata",tochno_2021_dadata_raw_parquet_point,reviewed_extension_rule_accepted,2021:data_allsettlements_anon_156_v20251217.parquet:parquet:166844,2021:data_allsettlements_anon_156_v20251217.parquet:parquet:166844,Хордогой,село,саха якутия,600.0,62.6055213,115.6792175,/workspace/settlements-raw/data/interim/2021_tochno/data_allsettlements_anon_156_v20251217.parquet,86c197cd522e0b63669e9c6e7f43fd3d82b3704c6a126c800a9968ecd16cae14,"parquet_row_1based=166844;latitude_dadata,longitude_dadata",tochno_2021_dadata_raw_parquet_point,reviewed_rule_accepted,2021:data_allsettlements_anon_156_v20251217.parquet:parquet:166844,335.7627849114839,335.7627849114839,0.0,335.7627849114839,distance_km_2002_2010,68
2002:020_e4f979c6c7_02c_Arxang-new.xls:Sheet1:3757,2002:020_e4f979c6c7_02c_Arxang-new.xls:Sheet1:3757,Соснино,деревня,архангельская,17.0,61.509054,38.825133,/workspace/settlements-raw/data/raw/historical_geography/geokladr_okato_2011/okato.dbf,d1c8b983f2489724a940bd2a64dedda73b602f6c491d5c09391deaf362fe2650,raw_dbf_record_number_1based=10679;byte_offset_0based=4218515,geokladr_2011_raw_dbf_coordinate,reviewed_extension_rule_accepted,GeoKLADR2011:OKATO:11256816007,ARK2010:archive20131022:html_table1_tr3742,соснино,деревня,архангельская,13.0,61.509054,38.825133,/workspace/settlements-raw/data/raw/historical_geography/geokladr_okato_2011/okato.dbf,d1c8b983f2489724a940bd2a64dedda73b602f6c491d5c09391deaf362fe2650,raw_dbf_record_number_1based=10679;byte_offset_0based=4218515,geokladr_2011_raw_dbf_coordinate,reviewed_extension_rule_accepted,GeoKLADR2011:OKATO:11256816007,2021:data_allsettlements_anon_156_v20251217.parquet:parquet:90105,Соснино,деревня,архангельская,10.0,64.3306,41.0112,/workspace/settlements-raw/data/raw/coordinate_candidates/geonames_RU_20260907.zip,9bf299daaff13de75ddbf610e113469aae80537d66a7de3437967576c6509ff4,RU.txt:line=329250;geonameid=8071732,geonames_ru_txt_named_place_point,reviewed_extension_rule_accepted,GeoNames:geonameid:8071732,0.0,332.6370470438109,332.6370470438109,332.6370470438109,distance_km_2002_2021,69
2002:047_9960082a3e_02c_Kirovskaja_new.xls:Sheet1:452,2002:047_9960082a3e_02c_Kirovskaja_new.xls:Sheet1:452,Ромаши,деревня,кировская,199.0,57.2029,48.5376,/workspace/settlements-raw/data/raw/historical_geography/geokladr_okato_2011/okato.dbf,d1c8b983f2489724a940bd2a64dedda73b602f6c491d5c09391deaf362fe2650,raw_dbf_record_number_1based=53740;byte_offset_0based=21227610,geokladr_2011_raw_dbf_coordinate,reviewed_extension_rule_accepted,GeoKLADR2011:OKATO:33203856045,2010:014_5ca759eea0_5._20Nizheg_Kirov_202010.xls:Data Sheet:5131,Ромаши,деревня,кировская,144.0,57.2029,48.5376,/workspace/settlements-raw/data/raw/historical_geography/geokladr_okato_2011/okato.dbf,d1c8b983f2489724a940bd2a64dedda73b602f6c491d5c09391deaf362fe2650,raw_dbf_record_number_1based=53740;byte_offset_0based=21227610,geokladr_2011_raw_dbf_coordinate,reviewed_extension_rule_accepted,GeoKLADR2011:OKATO:33203856045,2021:data_allsettlements_anon_156_v20251217.parquet:parquet:33988,Ромаши,деревня,кировская,83.0,58.69467,53.41378,/workspace/settlements-raw/data/raw/coordinate_candidates/geonames_RU_20260907.zip,9bf299daaff13de75ddbf610e113469aae80537d66a7de3437967576c6509ff4,RU.txt:line=40776;geonameid=501373,geonames_ru_txt_named_place_point,reviewed_extension_rule_accepted,GeoNames:geonameid:501373,0.0,332.01135064079233,332.01135064079233,332.01135064079233,distance_km_2002_2021,70
2002:007_acff9aa32d_02c_Kostromskaja.xls:Sheet1:2244,2002:007_acff9aa32d_02c_Kostromskaja.xls:Sheet1:2244,Красное Сумароково,село,костромская,9.0,58.832653,46.053576,/workspace/settlements-raw/data/raw/historical_geography/geokladr_okato_2011/okato.dbf,d1c8b983f2489724a940bd2a64dedda73b602f6c491d5c09391deaf362fe2650,raw_dbf_record_number_1based=59529;byte_offset_0based=23514265,geokladr_2011_raw_dbf_coordinate,reviewed_extension_rule_accepted,GeoKLADR2011:OKATO:34226808010,2010:010_711691e352_2._20Kostrom_Kur_Lip_Moscow_MoscObl_Orlov_2010.xls:Data Sheet:1995,Красное Сумароково,село,костромская,4.0,57.4625992,41.0479064,/workspace/settlements-raw/data/interim/2021_tochno/data_allsettlements_anon_156_v20251217.parquet,86c197cd522e0b63669e9c6e7f43fd3d82b3704c6a126c800a9968ecd16cae14,"parquet_row_1based=43191;latitude_dadata,longitude_dadata",tochno_2021_dadata_raw_parquet_point,reviewed_extension_rule_accepted,2021:data_allsettlements_anon_156_v20251217.parquet:parquet:43191,2021:data_allsettlements_anon_156_v20251217.parquet:parquet:43191,Красное Сумароково,село,костромская,3.0,57.4625992,41.0479064,/workspace/settlements-raw/data/interim/2021_tochno/data_allsettlements_anon_156_v20251217.parquet,86c197cd522e0b63669e9c6e7f43fd3d82b3704c6a126c800a9968ecd16cae14,"parquet_row_1based=43191;latitude_dadata,longitude_dadata",tochno_2021_dadata_raw_parquet_point,reviewed_rule_accepted,2021:data_allsettlements_anon_156_v20251217.parquet:parquet:43191,330.7799740709236,330.7799740709236,0.0,330.7799740709236,distance_km_2002_2010,71
2002:022_862ad8a69d_02c_Vologodskaya.xls:2C:5490,2002:022_862ad8a69d_02c_Vologodskaya.xls:2C:5490,Семеново,деревня,вологодская,19.0,59.581389,41.408056,,,,,reviewed_extension_rule_accepted,2021:data_allsettlements_anon_156_v20251217.parquet:parquet:11094,2010:012_5c339c0d0e_4._20Vologod_pskov_2010.xls:Data Sheet:5125,Семеново,деревня,вологодская,5.0,61.014043,36.153394,/workspace/settlements-raw/data/raw/historical_geography/geokladr_okato_2011/okato.dbf,d1c8b983f2489724a940bd2a64dedda73b602f6c491d5c09391deaf362fe2650,raw_dbf_record_number_1based=24831;byte_offset_0based=9808555,geokladr_2011_raw_dbf_coordinate,reviewed_extension_rule_accepted,GeoKLADR2011:OKATO:19238808029,2021:data_allsettlements_anon_156_v20251217.parquet:parquet:11094,Семеново,деревня,вологодская,3.0,59.581389,41.408056,/workspace/settlements-raw/data/raw/wikidata_truthy_claims/batch_0131.jsonl.gz,40cb5a7a963cb8d7ff81a4ac4e8a904aee1005828e15a44011778cf6d860dd7b,"{""line_number"": 9618, ""locator"": ""batch_0131.jsonl.gz#line=9618"", ""retrieved_at_utc"": ""2026-08-31T20:59:51.341170+00:00"", ""source_file"": ""batch_0131.jsonl.gz"", ""value_raw"": ""POINT(41.408056 59.581389)""}",wikidata_P625_point_claim,reviewed_extension_rule_accepted,Q4415307,330.31296365171,0.0,330.31296365171,330.31296365171,distance_km_2002_2010,72
2002:019_df0966dd1f_02c_komi.xls:Sheet1:31,2002:019_df0966dd1f_02c_komi.xls:Sheet1:31,Савинобор,деревня,коми,19.0,65.134557,50.679049,/workspace/settlements-raw/data/raw/historical_geography/geokladr_okato_2011/okato.dbf,d1c8b983f2489724a940bd2a64dedda73b602f6c491d5c09391deaf362fe2650,raw_dbf_record_number_1based=140510;byte_offset_0based=55501760,geokladr_2011_raw_dbf_coordinate,reviewed_extension_rule_accepted,GeoKLADR2011:OKATO:87412808004,2010:015_847d50d091_6._20Komi_2010.xls:komi:648,Савинобор,деревня,коми,19.0,65.134557,50.679049,/workspace/settlements-raw/data/raw/historical_geography/geokladr_okato_2011/okato.dbf,d1c8b983f2489724a940bd2a64dedda73b602f6c491d5c09391deaf362fe2650,raw_dbf_record_number_1based=140510;byte_offset_0based=55501760,geokladr_2011_raw_dbf_coordinate,reviewed_extension_rule_accepted,GeoKLADR2011:OKATO:87412808004,2021:data_allsettlements_anon_156_v20251217.parquet:parquet:38789,Савинобор,деревня,коми,8.0,63.53954,56.44126,/workspace/settlements-raw/data/raw/coordinate_candidates/geonames_RU_20260907.zip,9bf299daaff13de75ddbf610e113469aae80537d66a7de3437967576c6509ff4,RU.txt:line=37665;geonameid=498237,geonames_ru_txt_named_place_point,reviewed_extension_rule_accepted,GeoNames:geonameid:498237,0.0,329.1373649720431,329.1373649720431,329.1373649720431,distance_km_2002_2021,73
2002:015_90ef69f659_02c_Tver_obl.xls:!!!:7803,2002:015_90ef69f659_02c_Tver_obl.xls:!!!:7803,Нивицы,деревня,тверская,78.0,58.4357722,36.3859833,/workspace/settlements-raw/data/interim/2021_tochno/data_allsettlements_anon_156_v20251217.parquet,86c197cd522e0b63669e9c6e7f43fd3d82b3704c6a126c800a9968ecd16cae14,"carrier_target_source_record_id=2021:data_allsettlements_anon_156_v20251217.parquet:parquet:136010;parquet_row_1based=136010;latitude_dadata,longitude_dadata",retrospective_continuity_from_tochno_2021_dadata_raw_parquet_point,reviewed_extension_rule_accepted,2021:data_allsettlements_anon_156_v20251217.parquet:parquet:136010,2010:019_a193ec7827_Tver_L1_ethn_np_2010.xls:Data Sheet:7178,Нивицы,деревня,тверская,70.0,56.230009,32.795473,/workspace/settlements-raw/data/raw/historical_geography/geokladr_okato_2011/okato.dbf,d1c8b983f2489724a940bd2a64dedda73b602f6c491d5c09391deaf362fe2650,raw_dbf_record_number_1based=46745;byte_offset_0based=18464585,geokladr_2011_raw_dbf_coordinate,reviewed_extension_rule_accepted,GeoKLADR2011:OKATO:28249804052,2021:data_allsettlements_anon_156_v20251217.parquet:parquet:136010,Нивицы,деревня,тверская,64.0,58.4357722,36.3859833,/workspace/settlements-raw/data/interim/2021_tochno/data_allsettlements_anon_156_v20251217.parquet,86c197cd522e0b63669e9c6e7f43fd3d82b3704c6a126c800a9968ecd16cae14,"parquet_row_1based=136010;latitude_dadata,longitude_dadata",tochno_2021_dadata_raw_parquet_point,reviewed_rule_accepted,2021:data_allsettlements_anon_156_v20251217.parquet:parquet:136010,326.40121377738615,0.0,326.40121377738615,326.40121377738615,distance_km_2002_2010,74
2002:066_76aa869929_Altai_krai1.xls:Sheet1:321,2002:066_76aa869929_Altai_krai1.xls:Sheet1:321,Орехово,село,алтайский,841.0,53.1296654,78.2090152,/workspace/settlements-raw/data/interim/2021_tochno/data_allsettlements_anon_156_v20251217.parquet,86c197cd522e0b63669e9c6e7f43fd3d82b3704c6a126c800a9968ecd16cae14,"carrier_target_source_record_id=2021:data_allsettlements_anon_156_v20251217.parquet:parquet:39120;parquet_row_1based=39120;latitude_dadata,longitude_dadata",retrospective_continuity_from_tochno_2021_dadata_raw_parquet_point,reviewed_extension_rule_accepted,2021:data_allsettlements_anon_156_v20251217.parquet:parquet:39120,2010:008_342f3c208b_16._20Сиб_ФО_2010.xls:Sib:175,Орехово,село,алтайский,624.0,52.5036,82.9388,/workspace/settlements-raw/data/raw/historical_geography/geokladr_okato_2011/okato.dbf,d1c8b983f2489724a940bd2a64dedda73b602f6c491d5c09391deaf362fe2650,raw_dbf_record_number_1based=169;byte_offset_0based=67065,geokladr_2011_raw_dbf_coordinate,reviewed_extension_rule_accepted,GeoKLADR2011:OKATO:01206855001,2021:data_allsettlements_anon_156_v20251217.parquet:parquet:39120,Орехово,село,алтайский,288.0,53.1296654,78.2090152,/workspace/settlements-raw/data/interim/2021_tochno/data_allsettlements_anon_156_v20251217.parquet,86c197cd522e0b63669e9c6e7f43fd3d82b3704c6a126c800a9968ecd16cae14,"parquet_row_1based=39120;latitude_dadata,longitude_dadata",tochno_2021_dadata_raw_parquet_point,reviewed_rule_accepted,2021:data_allsettlements_anon_156_v20251217.parquet:parquet:39120,325.32306564672933,0.0,325.32306564672933,325.32306564672933,distance_km_2002_2010,75
2002:047_9960082a3e_02c_Kirovskaja_new.xls:Sheet1:437,2002:047_9960082a3e_02c_Kirovskaja_new.xls:Sheet1:437,Пронино,деревня,кировская,49.0,58.574435,47.750573,/workspace/settlements-raw/data/raw/historical_geography/geokladr_okato_2011/okato.dbf,d1c8b983f2489724a940bd2a64dedda73b602f6c491d5c09391deaf362fe2650,raw_dbf_record_number_1based=53715;byte_offset_0based=21217735,geokladr_2011_raw_dbf_coordinate,reviewed_extension_rule_accepted,GeoKLADR2011:OKATO:33203856019,2010:014_5ca759eea0_5._20Nizheg_Kirov_202010.xls:Data Sheet:5119,Пронино,деревня,кировская,43.0,58.574435,47.750573,/workspace/settlements-raw/data/raw/historical_geography/geokladr_okato_2011/okato.dbf,d1c8b983f2489724a940bd2a64dedda73b602f6c491d5c09391deaf362fe2650,raw_dbf_record_number_1based=53715;byte_offset_0based=21217735,geokladr_2011_raw_dbf_coordinate,reviewed_extension_rule_accepted,GeoKLADR2011:OKATO:33203856019,2021:data_allsettlements_anon_156_v20251217.parquet:parquet:33987,Пронино,деревня,кировская,12.0,58.79095,53.30082,/workspace/settlements-raw/data/raw/coordinate_candidates/geonames_RU_20260907.zip,9bf299daaff13de75ddbf610e113469aae80537d66a7de3437967576c6509ff4,RU.txt:line=363032;geonameid=12358581,geonames_ru_txt_named_place_point,reviewed_extension_rule_accepted,GeoNames:geonameid:12358581,0.0,321.5949251519775,321.5949251519775,321.5949251519775,distance_km_2002_2021,76
2002:015_90ef69f659_02c_Tver_obl.xls:!!!:4488,2002:015_90ef69f659_02c_Tver_obl.xls:!!!:4488,Мокшино,деревня,тверская,2258.0,56.662045,31.276184,/workspace/settlements-raw/data/raw/historical_geography/geokladr_okato_2011/okato.dbf,d1c8b983f2489724a940bd2a64dedda73b602f6c491d5c09391deaf362fe2650,raw_dbf_record_number_1based=43829;byte_offset_0based=17312765,geokladr_2011_raw_dbf_coordinate,reviewed_extension_rule_accepted,GeoKLADR2011:OKATO:28230816001,2010:019_a193ec7827_Tver_L1_ethn_np_2010.xls:Data Sheet:4201,Мокшино,деревня,тверская,2165.0,56.662045,31.276184,/workspace/settlements-raw/data/raw/historical_geography/geokladr_okato_2011/okato.dbf,d1c8b983f2489724a940bd2a64dedda73b602f6c491d5c09391deaf362fe2650,raw_dbf_record_number_1based=43829;byte_offset_0based=17312765,geokladr_2011_raw_dbf_coordinate,reviewed_extension_rule_accepted,GeoKLADR2011:OKATO:28230816001,2021:data_allsettlements_anon_156_v20251217.parquet:parquet:139374,Мокшино,деревня,тверская,2085.0,56.581,36.5015,/workspace/settlements-raw/data/raw/coordinate_candidates/geonames_RU_20260907.zip,9bf299daaff13de75ddbf610e113469aae80537d66a7de3437967576c6509ff4,RU.txt:line=297269;geonameid=7601215,geonames_ru_txt_named_place_point,reviewed_extension_rule_accepted,GeoNames:geonameid:7601215,0.0,319.7128383014651,319.7128383014651,319.7128383014651,distance_km_2002_2021,77
2002:1_TOM_01_04.xls:0:9664,2002:1_TOM_01_04.xls:0:9664,Тарбагатай,пгт,забайкальский,2521.0,50.475833,113.453889,/workspace/settlements-raw/data/raw/historical_geography/geokladr_okato_2011/okato.dbf,d1c8b983f2489724a940bd2a64dedda73b602f6c491d5c09391deaf362fe2650,DBF_record_1based=125348;DBF_byte_offset_0based=49512770;OKATO2011_raw=76236558000,raw_named_typed_geo2011_object,reviewed_extension_rule_accepted,GEOKLADR2011:76236558000,ROSSTAT2010:T5:p176:l12,Тарбагатай,пгт,забайкальский,2227.0,50.475833,113.453889,,,,,reviewed_rule_accepted,,2021:data_allsettlements_anon_156_v20251217.parquet:parquet:19519,Тарбагатай,село,забайкальский,1255.0,51.17608,109.09699,/workspace/settlements-raw/data/raw/coordinate_candidates/geonames_RU_20260907.zip,9bf299daaff13de75ddbf610e113469aae80537d66a7de3437967576c6509ff4,RU.txt:line=199161;geonameid=2015547,geonames_ru_txt_named_place_point,reviewed_extension_rule_accepted,GeoNames:geonameid:2015547,0.0,315.7236502320225,315.7236502320225,315.7236502320225,distance_km_2002_2021,78
2002:051_46e3ecb0a0_02c_Permskaja_obl.xls:Sheet1:2798,2002:051_46e3ecb0a0_02c_Permskaja_obl.xls:Sheet1:2798,Пурга,деревня,пермский,67.0,60.673607,53.953931,/workspace/settlements-raw/data/raw/historical_geography/geokladr_okato_2011/okato.dbf,d1c8b983f2489724a940bd2a64dedda73b602f6c491d5c09391deaf362fe2650,raw_dbf_record_number_1based=92456;byte_offset_0based=36520430,geokladr_2011_raw_dbf_coordinate,reviewed_extension_rule_accepted,GeoKLADR2011:OKATO:57244807009,2010:016_802d308e41_8._20Or_Penz_Perm_Samar_Saratov_Uly_2010.xls:!!!:6880,Пурга,деревня,пермский,49.0,60.673607,53.953931,/workspace/settlements-raw/data/raw/historical_geography/geokladr_okato_2011/okato.dbf,d1c8b983f2489724a940bd2a64dedda73b602f6c491d5c09391deaf362fe2650,raw_dbf_record_number_1based=92456;byte_offset_0based=36520430,geokladr_2011_raw_dbf_coordinate,reviewed_extension_rule_accepted,GeoKLADR2011:OKATO:57244807009,2021:data_allsettlements_anon_156_v20251217.parquet:parquet:99385,Пурга,деревня,пермский,29.0,57.86,54.5481,/workspace/settlements-raw/data/raw/coordinate_candidates/geonames_RU_20260907.zip,9bf299daaff13de75ddbf610e113469aae80537d66a7de3437967576c6509ff4,RU.txt:line=255576;geonameid=6844410,geonames_ru_txt_named_place_point,reviewed_extension_rule_accepted,GeoNames:geonameid:6844410,0.0,314.6724122471938,314.6724122471938,314.6724122471938,distance_km_2002_2021,79
2002:078_8405ea8fce_Yakutia.xls:Sheet1:1047,2002:078_8405ea8fce_Yakutia.xls:Sheet1:1047,Ударник,село,саха якутия,159.0,60.639139,137.723975,/workspace/settlements-raw/data/raw/historical_geography/geokladr_okato_2011/okato.dbf,d1c8b983f2489724a940bd2a64dedda73b602f6c491d5c09391deaf362fe2650,raw_dbf_record_number_1based=151644;byte_offset_0based=59899690,geokladr_2011_raw_dbf_coordinate,reviewed_extension_rule_accepted,GeoKLADR2011:OKATO:98250805003,2010:009_81f8a0e73c_17._20ДВ_ФО_2010.xls:ДВ:2742,Ударник,село,саха якутия,135.0,62.9302476,134.4645579,/workspace/settlements-raw/data/interim/2021_tochno/data_allsettlements_anon_156_v20251217.parquet,86c197cd522e0b63669e9c6e7f43fd3d82b3704c6a126c800a9968ecd16cae14,"parquet_row_1based=166910;latitude_dadata,longitude_dadata",tochno_2021_dadata_raw_parquet_point,reviewed_extension_rule_accepted,2021:data_allsettlements_anon_156_v20251217.parquet:parquet:166910,2021:data_allsettlements_anon_156_v20251217.parquet:parquet:166910,Ударник,село,саха якутия,140.0,62.9302476,134.4645579,/workspace/settlements-raw/data/interim/2021_tochno/data_allsettlements_anon_156_v20251217.parquet,86c197cd522e0b63669e9c6e7f43fd3d82b3704c6a126c800a9968ecd16cae14,"parquet_row_1based=166910;latitude_dadata,longitude_dadata",tochno_2021_dadata_raw_parquet_point,reviewed_rule_accepted,2021:data_allsettlements_anon_156_v20251217.parquet:parquet:166910,306.9421563277613,306.9421563277613,0.0,306.9421563277613,distance_km_2002_2010,80
2002:067_7363c80f41_02c_Krasnojarski_lraj.xls:Sheet1:1629,2002:067_7363c80f41_02c_Krasnojarski_lraj.xls:Sheet1:1629,Новоселово,село,красноярский,6350.0,55.0049779,90.9680236,/workspace/settlements-raw/data/interim/2021_tochno/data_allsettlements_anon_156_v20251217.parquet,86c197cd522e0b63669e9c6e7f43fd3d82b3704c6a126c800a9968ecd16cae14,"carrier_target_source_record_id=2021:data_allsettlements_anon_156_v20251217.parquet:parquet:48666;parquet_row_1based=48666;latitude_dadata,longitude_dadata",retrospective_continuity_from_tochno_2021_dadata_raw_parquet_point,reviewed_extension_rule_accepted,2021:data_allsettlements_anon_156_v20251217.parquet:parquet:48666,ROSSTAT2010:T5:p180:l53,Новоселово,село,красноярский,5980.0,56.373889,95.214722,/workspace/settlements-raw/data/raw/historical_geography/geokladr_okato_2011/okato.dbf,d1c8b983f2489724a940bd2a64dedda73b602f6c491d5c09391deaf362fe2650,raw_dbf_record_number_1based=4611;byte_offset_0based=1821655,geokladr_2011_raw_dbf_coordinate,reviewed_extension_rule_accepted,GeoKLADR2011:OKATO:04241809001,2021:data_allsettlements_anon_156_v20251217.parquet:parquet:48666,Новоселово,село,красноярский,5197.0,55.0049779,90.9680236,/workspace/settlements-raw/data/interim/2021_tochno/data_allsettlements_anon_156_v20251217.parquet,86c197cd522e0b63669e9c6e7f43fd3d82b3704c6a126c800a9968ecd16cae14,"parquet_row_1based=48666;latitude_dadata,longitude_dadata",tochno_2021_dadata_raw_parquet_point,reviewed_rule_accepted,2021:data_allsettlements_anon_156_v20251217.parquet:parquet:48666,306.54861178718454,0.0,306.54861178718454,306.54861178718454,distance_km_2002_2010,81
2002:078_8405ea8fce_Yakutia.xls:Sheet1:304,2002:078_8405ea8fce_Yakutia.xls:Sheet1:304,Тала,село,саха якутия,0.0,69.928056,132.333056,/workspace/settlements-raw/data/raw/historical_geography/geokladr_okato_2011/okato.dbf,d1c8b983f2489724a940bd2a64dedda73b602f6c491d5c09391deaf362fe2650,raw_dbf_record_number_1based=151285;byte_offset_0based=59757885,geokladr_2011_raw_dbf_coordinate,reviewed_extension_rule_accepted,GeoKLADR2011:OKATO:98216853002,2010:009_81f8a0e73c_17._20ДВ_ФО_2010.xls:ДВ:2359,Тала,село,саха якутия,0.0,69.928056,132.333056,/workspace/settlements-raw/data/raw/historical_geography/geokladr_okato_2011/okato.dbf,d1c8b983f2489724a940bd2a64dedda73b602f6c491d5c09391deaf362fe2650,raw_dbf_record_number_1based=151285;byte_offset_0based=59757885,geokladr_2011_raw_dbf_coordinate,reviewed_extension_rule_accepted,GeoKLADR2011:OKATO:98216853002,2021:data_allsettlements_anon_156_v20251217.parquet:parquet:166276,Тала,село,саха якутия,0.0,67.6154023,136.4309419,/workspace/settlements-raw/data/interim/2021_tochno/data_allsettlements_anon_156_v20251217.parquet,86c197cd522e0b63669e9c6e7f43fd3d82b3704c6a126c800a9968ecd16cae14,"parquet_row_1based=166276;latitude_dadata,longitude_dadata",tochno_2021_dadata_raw_parquet_point,reviewed_rule_accepted,2021:data_allsettlements_anon_156_v20251217.parquet:parquet:166276,0.0,305.39031187244416,305.39031187244416,305.39031187244416,distance_km_2002_2021,82
2002:054_0d77ecf40f_Saratovskaja1.xls:Sheet1:173,2002:054_0d77ecf40f_Saratovskaja1.xls:Sheet1:173,Лопуховка,посёлок,саратовская,1501.0,51.9919111,44.7001329,/workspace/settlements-raw/data/interim/2021_tochno/data_allsettlements_anon_156_v20251217.parquet,86c197cd522e0b63669e9c6e7f43fd3d82b3704c6a126c800a9968ecd16cae14,"carrier_target_source_record_id=2021:data_allsettlements_anon_156_v20251217.parquet:parquet:116428;parquet_row_1based=116428;latitude_dadata,longitude_dadata",retrospective_continuity_from_tochno_2021_dadata_raw_parquet_point,reviewed_extension_rule_accepted,2021:data_allsettlements_anon_156_v20251217.parquet:parquet:116428,2010:016_802d308e41_8._20Or_Penz_Perm_Samar_Saratov_Uly_2010.xls:!!!:8356,Лопуховка,посёлок,саратовская,1346.0,50.619506,48.492801,/workspace/settlements-raw/data/raw/historical_geography/geokladr_okato_2011/okato.dbf,d1c8b983f2489724a940bd2a64dedda73b602f6c491d5c09391deaf362fe2650,raw_dbf_record_number_1based=106879;byte_offset_0based=42217515,geokladr_2011_raw_dbf_coordinate,reviewed_extension_rule_accepted,GeoKLADR2011:OKATO:63204853001,2021:data_allsettlements_anon_156_v20251217.parquet:parquet:116428,Лопуховка,посёлок,саратовская,1204.0,51.9919111,44.7001329,/workspace/settlements-raw/data/interim/2021_tochno/data_allsettlements_anon_156_v20251217.parquet,86c197cd522e0b63669e9c6e7f43fd3d82b3704c6a126c800a9968ecd16cae14,"parquet_row_1based=116428;latitude_dadata,longitude_dadata",tochno_2021_dadata_raw_parquet_point,reviewed_rule_accepted,2021:data_allsettlements_anon_156_v20251217.parquet:parquet:116428,304.5723234735215,0.0,304.5723234735215,304.5723234735215,distance_km_2002_2010,83
2002:022_862ad8a69d_02c_Vologodskaya.xls:2C:4726,2002:022_862ad8a69d_02c_Vologodskaya.xls:2C:4726,Маншино,деревня,вологодская,5.0,59.336156,40.910394,/workspace/settlements-raw/data/raw/historical_geography/geokladr_okato_2011/okato.dbf,d1c8b983f2489724a940bd2a64dedda73b602f6c491d5c09391deaf362fe2650,raw_dbf_record_number_1based=24142;byte_offset_0based=9536400,geokladr_2011_raw_dbf_coordinate,reviewed_extension_rule_accepted,GeoKLADR2011:OKATO:19230840013,2010:012_5c339c0d0e_4._20Vologod_pskov_2010.xls:Data Sheet:4416,Маншино,деревня,вологодская,3.0,59.336156,40.910394,/workspace/settlements-raw/data/raw/historical_geography/geokladr_okato_2011/okato.dbf,d1c8b983f2489724a940bd2a64dedda73b602f6c491d5c09391deaf362fe2650,raw_dbf_record_number_1based=24142;byte_offset_0based=9536400,geokladr_2011_raw_dbf_coordinate,reviewed_extension_rule_accepted,GeoKLADR2011:OKATO:19230840013,2021:data_allsettlements_anon_156_v20251217.parquet:parquet:10237,Маншино,деревня,вологодская,3.0,59.9422,46.1129,/workspace/settlements-raw/data/raw/coordinate_candidates/geonames_RU_20260907.zip,9bf299daaff13de75ddbf610e113469aae80537d66a7de3437967576c6509ff4,RU.txt:line=282378;geonameid=7496094,geonames_ru_txt_named_place_point,reviewed_extension_rule_accepted,GeoNames:geonameid:7496094,0.0,299.9751412528787,299.9751412528787,299.9751412528787,distance_km_2002_2021,84
2002:051_46e3ecb0a0_02c_Permskaja_obl.xls:Sheet1:1168,2002:051_46e3ecb0a0_02c_Permskaja_obl.xls:Sheet1:1168,Елово,село,пермский,5712.0,57.0469569,54.9216402,/workspace/settlements-raw/data/interim/2021_tochno/data_allsettlements_anon_156_v20251217.parquet,86c197cd522e0b63669e9c6e7f43fd3d82b3704c6a126c800a9968ecd16cae14,"carrier_target_source_record_id=2021:data_allsettlements_anon_156_v20251217.parquet:parquet:96001;parquet_row_1based=96001;latitude_dadata,longitude_dadata",retrospective_continuity_from_tochno_2021_dadata_raw_parquet_point,reviewed_extension_rule_accepted,2021:data_allsettlements_anon_156_v20251217.parquet:parquet:96001,2010:016_802d308e41_8._20Or_Penz_Perm_Samar_Saratov_Uly_2010.xls:!!!:5634,Елово,село,пермский,5336.0,59.377415,57.273631,/workspace/settlements-raw/data/raw/historical_geography/geokladr_okato_2011/okato.dbf,d1c8b983f2489724a940bd2a64dedda73b602f6c491d5c09391deaf362fe2650,raw_dbf_record_number_1based=91209;byte_offset_0based=36027865,geokladr_2011_raw_dbf_coordinate,reviewed_extension_rule_accepted,GeoKLADR2011:OKATO:57218807001,2021:data_allsettlements_anon_156_v20251217.parquet:parquet:96001,Елово,село,пермский,4844.0,57.0469569,54.9216402,/workspace/settlements-raw/data/interim/2021_tochno/data_allsettlements_anon_156_v20251217.parquet,86c197cd522e0b63669e9c6e7f43fd3d82b3704c6a126c800a9968ecd16cae14,"parquet_row_1based=96001;latitude_dadata,longitude_dadata",tochno_2021_dadata_raw_parquet_point,reviewed_rule_accepted,2021:data_allsettlements_anon_156_v20251217.parquet:parquet:96001,293.4383409471045,0.0,293.4383409471045,293.4383409471045,distance_km_2002_2010,85
2002:041_4b428edd23_Bashkiria_new.xls:Sheet1:1818,2002:041_4b428edd23_Bashkiria_new.xls:Sheet1:1818,Староусманово,деревня,башкортостан,81.0,52.979833,57.240961,/workspace/settlements-raw/data/raw/historical_geography/geokladr_okato_2011/okato.dbf,d1c8b983f2489724a940bd2a64dedda73b602f6c491d5c09391deaf362fe2650,raw_dbf_record_number_1based=132996;byte_offset_0based=52533730,geokladr_2011_raw_dbf_coordinate,reviewed_extension_rule_accepted,GeoKLADR2011:OKATO:80214807008,2010:017_68e0e4537e_9._20Basq_Mari_Mord_Tatar_Udm_Chuv_2010.xls:!!!:1153,Староусманово,деревня,башкортостан,75.0,52.979833,57.240961,/workspace/settlements-raw/data/raw/historical_geography/geokladr_okato_2011/okato.dbf,d1c8b983f2489724a940bd2a64dedda73b602f6c491d5c09391deaf362fe2650,raw_dbf_record_number_1based=132996;byte_offset_0based=52533730,geokladr_2011_raw_dbf_coordinate,reviewed_extension_rule_accepted,GeoKLADR2011:OKATO:80214807008,2021:data_allsettlements_anon_156_v20251217.parquet:parquet:145423,Староусманово,деревня,башкортостан,64.0,55.070783,54.503832,/workspace/settlements-raw/data/raw/wikidata_truthy_claims/batch_0001.jsonl.gz,941e5c97fc6532d164c633997d6c97eec4339775363cd476ef18e1f7d4cf57ff,"{""line_number"": 10331, ""locator"": ""batch_0001.jsonl.gz#line=10331"", ""retrieved_at_utc"": ""2026-08-31T20:57:08.083834+00:00"", ""source_file"": ""batch_0001.jsonl.gz"", ""value_raw"": ""POINT(54.503832 55.070783)""}",wikidata_P625_point_claim,reviewed_extension_rule_accepted,Q1057028,0.0,293.2486788546894,293.2486788546894,293.2486788546894,distance_km_2002_2021,86
2002:078_8405ea8fce_Yakutia.xls:Sheet1:89,2002:078_8405ea8fce_Yakutia.xls:Sheet1:89,Харбалах,село,саха якутия,1103.0,60.516667,130.016667,/workspace/settlements-raw/data/raw/historical_geography/geokladr_okato_2011/okato.dbf,d1c8b983f2489724a940bd2a64dedda73b602f6c491d5c09391deaf362fe2650,raw_dbf_record_number_1based=151186;byte_offset_0based=59718780,geokladr_2011_raw_dbf_coordinate,reviewed_extension_rule_accepted,GeoKLADR2011:OKATO:98204840001,2010:009_81f8a0e73c_17._20ДВ_ФО_2010.xls:ДВ:2258,Харбалах,село,саха якутия,1081.0,60.516667,130.016667,/workspace/settlements-raw/data/raw/historical_geography/geokladr_okato_2011/okato.dbf,d1c8b983f2489724a940bd2a64dedda73b602f6c491d5c09391deaf362fe2650,raw_dbf_record_number_1based=151186;byte_offset_0based=59718780,geokladr_2011_raw_dbf_coordinate,reviewed_extension_rule_accepted,GeoKLADR2011:OKATO:98204840001,2021:data_allsettlements_anon_156_v20251217.parquet:parquet:166095,Харбалах,село,саха якутия,1031.0,62.1961633,134.2513336,/workspace/settlements-raw/data/interim/2021_tochno/data_allsettlements_anon_156_v20251217.parquet,86c197cd522e0b63669e9c6e7f43fd3d82b3704c6a126c800a9968ecd16cae14,"parquet_row_1based=166095;latitude_dadata,longitude_dadata",tochno_2021_dadata_raw_parquet_point,reviewed_rule_accepted,2021:data_allsettlements_anon_156_v20251217.parquet:parquet:166095,0.0,292.859425411275,292.859425411275,292.859425411275,distance_km_2002_2021,87
2002:1_TOM_01_04.xls:0:9522,2002:1_TOM_01_04.xls:0:9522,Белый Яр,пгт,томская,8221.0,59.512808,80.388665,/workspace/settlements-raw/data/raw/historical_geography/geokladr_okato_2011/okato.dbf,d1c8b983f2489724a940bd2a64dedda73b602f6c491d5c09391deaf362fe2650,DBF_record_1based=117157;DBF_byte_offset_0based=46277325;OKATO2011_raw=69216551000,raw_named_typed_geo2011_object,reviewed_extension_rule_accepted,,ROSSTAT2010:T5:p194:l47,Белый Яр,пгт,томская,7996.0,58.444722,85.0425,/workspace/settlements-raw/data/raw/wikidata_truthy_claims/batch_0139.jsonl.gz,4eda3174ad7792f797be69edb4081f31674f9a68b00bbfae11e366a70be9e1c3,"{""line_number"": 14063, ""locator"": ""batch_0139.jsonl.gz#line=14063"", ""retrieved_at_utc"": ""2026-08-31T21:00:02.290898+00:00"", ""source_file"": ""batch_0139.jsonl.gz"", ""value_raw"": ""POINT(85.042500 58.444722)""}",wikidata_P625_point_claim,reviewed_extension_rule_accepted,2021:data_allsettlements_anon_156_v20251217.parquet:parquet:143413,2021:data_allsettlements_anon_156_v20251217.parquet:parquet:143413,Белый Яр,пгт,томская,7920.0,58.444722,85.0425,/workspace/settlements-raw/data/raw/wikidata_truthy_claims/batch_0139.jsonl.gz,4eda3174ad7792f797be69edb4081f31674f9a68b00bbfae11e366a70be9e1c3,"{""line_number"": 14063, ""locator"": ""batch_0139.jsonl.gz#line=14063"", ""retrieved_at_utc"": ""2026-08-31T21:00:02.290898+00:00"", ""source_file"": ""batch_0139.jsonl.gz"", ""value_raw"": ""POINT(85.042500 58.444722)""}",wikidata_P625_point_claim,reviewed_extension_rule_accepted,Q746483,291.85618374290374,291.85618374290374,0.0,291.85618374290374,distance_km_2002_2010,88
2002:020_e4f979c6c7_02c_Arxang-new.xls:Sheet1:504,2002:020_e4f979c6c7_02c_Arxang-new.xls:Sheet1:504,Гоголевская,деревня,архангельская,0.0,62.0694029,45.2209849,/workspace/settlements-raw/data/interim/2021_tochno/data_allsettlements_anon_156_v20251217.parquet,86c197cd522e0b63669e9c6e7f43fd3d82b3704c6a126c800a9968ecd16cae14,"carrier_target_source_record_id=2021:data_allsettlements_anon_156_v20251217.parquet:parquet:86623;parquet_row_1based=86623;latitude_dadata,longitude_dadata",retrospective_continuity_from_tochno_2021_dadata_raw_parquet_point,reviewed_extension_rule_accepted,2021:data_allsettlements_anon_156_v20251217.parquet:parquet:86623,ARK2010:archive20131022:html_table1_tr0615,гоголевская,деревня,архангельская,1.0,62.349686,39.62246,/workspace/settlements-raw/data/raw/historical_geography/geokladr_okato_2011/okato.dbf,d1c8b983f2489724a940bd2a64dedda73b602f6c491d5c09391deaf362fe2650,raw_dbf_record_number_1based=7994;byte_offset_0based=3157940,geokladr_2011_raw_dbf_coordinate,reviewed_extension_rule_accepted,GeoKLADR2011:OKATO:11208824008,2021:data_allsettlements_anon_156_v20251217.parquet:parquet:86623,Гоголевская,деревня,архангельская,0.0,62.0694029,45.2209849,/workspace/settlements-raw/data/interim/2021_tochno/data_allsettlements_anon_156_v20251217.parquet,86c197cd522e0b63669e9c6e7f43fd3d82b3704c6a126c800a9968ecd16cae14,"parquet_row_1based=86623;latitude_dadata,longitude_dadata",tochno_2021_dadata_raw_parquet_point,reviewed_rule_accepted,2021:data_allsettlements_anon_156_v20251217.parquet:parquet:86623,291.82242598550266,0.0,291.82242598550266,291.82242598550266,distance_km_2002_2010,89
2002:067_7363c80f41_02c_Krasnojarski_lraj.xls:Sheet1:1837,2002:067_7363c80f41_02c_Krasnojarski_lraj.xls:Sheet1:1837,Междуречка,деревня,красноярский,95.0,55.276801,95.0539255,/workspace/settlements-raw/data/interim/2021_tochno/data_allsettlements_anon_156_v20251217.parquet,86c197cd522e0b63669e9c6e7f43fd3d82b3704c6a126c800a9968ecd16cae14,"carrier_target_source_record_id=2021:data_allsettlements_anon_156_v20251217.parquet:parquet:48806;parquet_row_1based=48806;latitude_dadata,longitude_dadata",retrospective_continuity_from_tochno_2021_dadata_raw_parquet_point,reviewed_extension_rule_accepted,2021:data_allsettlements_anon_156_v20251217.parquet:parquet:48806,2010:008_342f3c208b_16._20Сиб_ФО_2010.xls:Sib:3032,Междуречка,деревня,красноярский,52.0,56.9468,91.4333,/workspace/settlements-raw/data/raw/historical_geography/geokladr_okato_2011/okato.dbf,d1c8b983f2489724a940bd2a64dedda73b602f6c491d5c09391deaf362fe2650,raw_dbf_record_number_1based=4753;byte_offset_0based=1877745,geokladr_2011_raw_dbf_coordinate,reviewed_extension_rule_accepted,GeoKLADR2011:OKATO:04248813002,2021:data_allsettlements_anon_156_v20251217.parquet:parquet:48806,Междуречка,деревня,красноярский,29.0,55.276801,95.0539255,/workspace/settlements-raw/data/interim/2021_tochno/data_allsettlements_anon_156_v20251217.parquet,86c197cd522e0b63669e9c6e7f43fd3d82b3704c6a126c800a9968ecd16cae14,"parquet_row_1based=48806;latitude_dadata,longitude_dadata",tochno_2021_dadata_raw_parquet_point,reviewed_rule_accepted,2021:data_allsettlements_anon_156_v20251217.parquet:parquet:48806,291.2626890083583,0.0,291.2626890083583,291.2626890083583,distance_km_2002_2010,90
2002:022_862ad8a69d_02c_Vologodskaya.xls:2C:1110,2002:022_862ad8a69d_02c_Vologodskaya.xls:2C:1110,Лодейка,деревня,вологодская,258.0,60.02439,40.657636,/workspace/settlements-raw/data/raw/historical_geography/geokladr_okato_2011/okato.dbf,d1c8b983f2489724a940bd2a64dedda73b602f6c491d5c09391deaf362fe2650,raw_dbf_record_number_1based=20812;byte_offset_0based=8221050,geokladr_2011_raw_dbf_coordinate,reviewed_extension_rule_accepted,GeoKLADR2011:OKATO:19214832001,2010:012_5c339c0d0e_4._20Vologod_pskov_2010.xls:Data Sheet:1016,Лодейка,деревня,вологодская,189.0,60.02439,40.657636,/workspace/settlements-raw/data/raw/historical_geography/geokladr_okato_2011/okato.dbf,d1c8b983f2489724a940bd2a64dedda73b602f6c491d5c09391deaf362fe2650,raw_dbf_record_number_1based=20812;byte_offset_0based=8221050,geokladr_2011_raw_dbf_coordinate,reviewed_extension_rule_accepted,GeoKLADR2011:OKATO:19214832001,2021:data_allsettlements_anon_156_v20251217.parquet:parquet:6921,Лодейка,деревня,вологодская,159.0,60.69564,45.75793,/workspace/settlements-raw/data/raw/coordinate_candidates/geonames_RU_20260907.zip,9bf299daaff13de75ddbf610e113469aae80537d66a7de3437967576c6509ff4,RU.txt:line=73794;geonameid=534566,geonames_ru_txt_named_place_point,reviewed_extension_rule_accepted,GeoNames:geonameid:534566,0.0,290.15034855373983,290.15034855373983,290.15034855373983,distance_km_2002_2021,91
2002:022_862ad8a69d_02c_Vologodskaya.xls:2C:2872,2002:022_862ad8a69d_02c_Vologodskaya.xls:2C:2872,Чебаково,деревня,вологодская,0.0,59.11136,39.74997,,,,,reviewed_extension_rule_accepted,2021:data_allsettlements_anon_156_v20251217.parquet:parquet:8522,2010:012_5c339c0d0e_4._20Vologod_pskov_2010.xls:Data Sheet:2693,Чебаково,деревня,вологодская,0.0,61.011238,36.19433,/workspace/settlements-raw/data/raw/historical_geography/geokladr_okato_2011/okato.dbf,d1c8b983f2489724a940bd2a64dedda73b602f6c491d5c09391deaf362fe2650,raw_dbf_record_number_1based=22478;byte_offset_0based=8879120,geokladr_2011_raw_dbf_coordinate,reviewed_extension_rule_accepted,GeoKLADR2011:OKATO:19220884040,2021:data_allsettlements_anon_156_v20251217.parquet:parquet:8522,Чебаково,деревня,вологодская,0.0,59.11136,39.74997,/workspace/settlements-raw/data/raw/coordinate_candidates/geonames_RU_20260907.zip,9bf299daaff13de75ddbf610e113469aae80537d66a7de3437967576c6509ff4,RU.txt:line=281704;geonameid=7495319,geonames_ru_txt_named_place_point,reviewed_extension_rule_accepted,GeoNames:geonameid:7495319,288.99635671629596,0.0,288.99635671629596,288.99635671629596,distance_km_2002_2010,92
2002:022_862ad8a69d_02c_Vologodskaya.xls:2C:257,2002:022_862ad8a69d_02c_Vologodskaya.xls:2C:257,Вантеево,деревня,вологодская,21.0,58.656797,40.37518,/workspace/settlements-raw/data/raw/historical_geography/geokladr_okato_2011/okato.dbf,d1c8b983f2489724a940bd2a64dedda73b602f6c491d5c09391deaf362fe2650,raw_dbf_record_number_1based=20039;byte_offset_0based=7915715,geokladr_2011_raw_dbf_coordinate,reviewed_extension_rule_accepted,GeoKLADR2011:OKATO:19205868003,2010:012_5c339c0d0e_4._20Vologod_pskov_2010.xls:Data Sheet:237,Вантеево,деревня,вологодская,15.0,58.656797,40.37518,/workspace/settlements-raw/data/raw/historical_geography/geokladr_okato_2011/okato.dbf,d1c8b983f2489724a940bd2a64dedda73b602f6c491d5c09391deaf362fe2650,raw_dbf_record_number_1based=20039;byte_offset_0based=7915715,geokladr_2011_raw_dbf_coordinate,reviewed_extension_rule_accepted,GeoKLADR2011:OKATO:19205868003,2021:data_allsettlements_anon_156_v20251217.parquet:parquet:6099,Вантеево,деревня,вологодская,7.0,59.5034,35.622,/workspace/settlements-raw/data/raw/coordinate_candidates/geonames_RU_20260907.zip,9bf299daaff13de75ddbf610e113469aae80537d66a7de3437967576c6509ff4,RU.txt:line=280614;geonameid=7494059,geonames_ru_txt_named_place_point,reviewed_extension_rule_accepted,GeoNames:geonameid:7494059,0.0,287.35650317740397,287.35650317740397,287.35650317740397,distance_km_2002_2021,93
2002:026_0eca405331_02c_Novgorodskaja.xls:Sheet1:3778,2002:026_0eca405331_02c_Novgorodskaja.xls:Sheet1:3778,Грива,деревня,новгородская,0.0,57.000109,30.732158,/workspace/settlements-raw/data/raw/historical_geography/geokladr_okato_2011/okato.dbf,d1c8b983f2489724a940bd2a64dedda73b602f6c491d5c09391deaf362fe2650,raw_dbf_record_number_1based=80633;byte_offset_0based=31850345,geokladr_2011_raw_dbf_coordinate,reviewed_extension_rule_accepted,GeoKLADR2011:OKATO:49245830003,2010:001_723371ec84_1._20NW_2010.xls:NW:11699,Грива,деревня,новгородская,0.0,57.000109,30.732158,/workspace/settlements-raw/data/raw/historical_geography/geokladr_okato_2011/okato.dbf,d1c8b983f2489724a940bd2a64dedda73b602f6c491d5c09391deaf362fe2650,raw_dbf_record_number_1based=80633;byte_offset_0based=31850345,geokladr_2011_raw_dbf_coordinate,reviewed_extension_rule_accepted,GeoKLADR2011:OKATO:49245830003,2021:data_allsettlements_anon_156_v20251217.parquet:parquet:76992,Грива,деревня,новгородская,5.0,58.8693471,34.0788946,/workspace/settlements-raw/data/interim/2021_tochno/data_allsettlements_anon_156_v20251217.parquet,86c197cd522e0b63669e9c6e7f43fd3d82b3704c6a126c800a9968ecd16cae14,"parquet_row_1based=76992;latitude_dadata,longitude_dadata",tochno_2021_dadata_raw_parquet_point,reviewed_rule_accepted,2021:data_allsettlements_anon_156_v20251217.parquet:parquet:76992,0.0,286.69714704121066,286.69714704121066,286.69714704121066,distance_km_2002_2021,94
2002:047_9960082a3e_02c_Kirovskaja_new.xls:Sheet1:973,2002:047_9960082a3e_02c_Kirovskaja_new.xls:Sheet1:973,Юркины,деревня,кировская,16.0,59.97923,52.739233,/workspace/settlements-raw/data/raw/historical_geography/geokladr_okato_2011/okato.dbf,d1c8b983f2489724a940bd2a64dedda73b602f6c491d5c09391deaf362fe2650,raw_dbf_record_number_1based=54010;byte_offset_0based=21334260,geokladr_2011_raw_dbf_coordinate,reviewed_extension_rule_accepted,GeoKLADR2011:OKATO:33212808012,2010:014_5ca759eea0_5._20Nizheg_Kirov_202010.xls:Data Sheet:5429,Юркины,деревня,кировская,8.0,58.9941998,48.0940009,/workspace/settlements-raw/data/interim/2021_tochno/data_allsettlements_anon_156_v20251217.parquet,86c197cd522e0b63669e9c6e7f43fd3d82b3704c6a126c800a9968ecd16cae14,"parquet_row_1based=34302;latitude_dadata,longitude_dadata",tochno_2021_dadata_raw_parquet_point,reviewed_extension_rule_accepted,2021:data_allsettlements_anon_156_v20251217.parquet:parquet:34302,2021:data_allsettlements_anon_156_v20251217.parquet:parquet:34302,Юркины,деревня,кировская,3.0,58.9941998,48.0940009,/workspace/settlements-raw/data/interim/2021_tochno/data_allsettlements_anon_156_v20251217.parquet,86c197cd522e0b63669e9c6e7f43fd3d82b3704c6a126c800a9968ecd16cae14,"parquet_row_1based=34302;latitude_dadata,longitude_dadata",tochno_2021_dadata_raw_parquet_point,reviewed_rule_accepted,2021:data_allsettlements_anon_156_v20251217.parquet:parquet:34302,284.1358534116398,284.1358534116398,0.0,284.1358534116398,distance_km_2002_2010,95
2002:015_90ef69f659_02c_Tver_obl.xls:!!!:3520,2002:015_90ef69f659_02c_Tver_obl.xls:!!!:3520,Волжанка,деревня,тверская,35.0,56.791254,33.21372,/workspace/settlements-raw/data/raw/historical_geography/geokladr_okato_2011/okato.dbf,d1c8b983f2489724a940bd2a64dedda73b602f6c491d5c09391deaf362fe2650,raw_dbf_record_number_1based=43015;byte_offset_0based=16991235,geokladr_2011_raw_dbf_coordinate,reviewed_extension_rule_accepted,GeoKLADR2011:OKATO:28224819027,2010:019_a193ec7827_Tver_L1_ethn_np_2010.xls:Data Sheet:3355,Волжанка,деревня,тверская,13.0,56.791254,33.21372,/workspace/settlements-raw/data/raw/historical_geography/geokladr_okato_2011/okato.dbf,d1c8b983f2489724a940bd2a64dedda73b602f6c491d5c09391deaf362fe2650,raw_dbf_record_number_1based=43015;byte_offset_0based=16991235,geokladr_2011_raw_dbf_coordinate,reviewed_extension_rule_accepted,GeoKLADR2011:OKATO:28224819027,2021:data_allsettlements_anon_156_v20251217.parquet:parquet:142810,Волжанка,деревня,тверская,6.0,57.28333,37.81667,/workspace/settlements-raw/data/raw/coordinate_candidates/geonames_RU_20260907.zip,9bf299daaff13de75ddbf610e113469aae80537d66a7de3437967576c6509ff4,RU.txt:line=11800;geonameid=472238,geonames_ru_txt_named_place_point,reviewed_extension_rule_accepted,GeoNames:geonameid:472238,0.0,283.74657123613525,283.74657123613525,283.74657123613525,distance_km_2002_2021,96
2002:015_90ef69f659_02c_Tver_obl.xls:!!!:4208,2002:015_90ef69f659_02c_Tver_obl.xls:!!!:4208,Володарское,деревня,тверская,4.0,57.2114,32.3723,/workspace/settlements-raw/data/raw/historical_geography/geokladr_okato_2011/okato.dbf,d1c8b983f2489724a940bd2a64dedda73b602f6c491d5c09391deaf362fe2650,raw_dbf_record_number_1based=43613;byte_offset_0based=17227445,geokladr_2011_raw_dbf_coordinate,reviewed_extension_rule_accepted,GeoKLADR2011:OKATO:28228826033,2010:019_a193ec7827_Tver_L1_ethn_np_2010.xls:Data Sheet:3965,Володарское,деревня,тверская,10.0,57.2114,32.3723,/workspace/settlements-raw/data/raw/historical_geography/geokladr_okato_2011/okato.dbf,d1c8b983f2489724a940bd2a64dedda73b602f6c491d5c09391deaf362fe2650,raw_dbf_record_number_1based=43613;byte_offset_0based=17227445,geokladr_2011_raw_dbf_coordinate,reviewed_extension_rule_accepted,GeoKLADR2011:OKATO:28228826033,2021:data_allsettlements_anon_156_v20251217.parquet:parquet:139133,Володарское,деревня,тверская,4.0,57.0858,37.068,/workspace/settlements-raw/data/raw/coordinate_candidates/geonames_RU_20260907.zip,9bf299daaff13de75ddbf610e113469aae80537d66a7de3437967576c6509ff4,RU.txt:line=290213;geonameid=7586728,geonames_ru_txt_named_place_point,reviewed_extension_rule_accepted,GeoNames:geonameid:7586728,0.0,283.52822443382814,283.52822443382814,283.52822443382814,distance_km_2002_2021,97
2002:020_e4f979c6c7_02c_Arxang-new.xls:Sheet1:1137,2002:020_e4f979c6c7_02c_Arxang-new.xls:Sheet1:1137,Машкинское Подгорье,деревня,архангельская,0.0,61.9413913,39.0212804,/workspace/settlements-raw/data/interim/2021_tochno/data_allsettlements_anon_156_v20251217.parquet,86c197cd522e0b63669e9c6e7f43fd3d82b3704c6a126c800a9968ecd16cae14,"carrier_target_source_record_id=2021:data_allsettlements_anon_156_v20251217.parquet:parquet:87162;parquet_row_1based=87162;latitude_dadata,longitude_dadata",retrospective_continuity_from_tochno_2021_dadata_raw_parquet_point,reviewed_extension_rule_accepted,2021:data_allsettlements_anon_156_v20251217.parquet:parquet:87162,ARK2010:archive20131022:html_table1_tr1128,машкинское подгорье,деревня,архангельская,1.0,64.178512,41.64824,/workspace/settlements-raw/data/raw/historical_geography/geokladr_okato_2011/okato.dbf,d1c8b983f2489724a940bd2a64dedda73b602f6c491d5c09391deaf362fe2650,raw_dbf_record_number_1based=8536;byte_offset_0based=3372030,geokladr_2011_raw_dbf_coordinate,reviewed_extension_rule_accepted,GeoKLADR2011:OKATO:11218841015,2021:data_allsettlements_anon_156_v20251217.parquet:parquet:87162,Машкинское Подгорье,деревня,архангельская,0.0,61.9413913,39.0212804,/workspace/settlements-raw/data/interim/2021_tochno/data_allsettlements_anon_156_v20251217.parquet,86c197cd522e0b63669e9c6e7f43fd3d82b3704c6a126c800a9968ecd16cae14,"parquet_row_1based=87162;latitude_dadata,longitude_dadata",tochno_2021_dadata_raw_parquet_point,reviewed_rule_accepted,2021:data_allsettlements_anon_156_v20251217.parquet:parquet:87162,281.71518982796624,0.0,281.71518982796624,281.71518982796624,distance_km_2002_2010,98
2002:015_90ef69f659_02c_Tver_obl.xls:!!!:41,2002:015_90ef69f659_02c_Tver_obl.xls:!!!:41,Костюшино,посёлок,тверская,980.0,56.692162,32.227652,/workspace/settlements-raw/data/interim/2021_tochno/data_allsettlements_anon_156_v20251217.parquet,86c197cd522e0b63669e9c6e7f43fd3d82b3704c6a126c800a9968ecd16cae14,"carrier_target_source_record_id=2021:data_allsettlements_anon_156_v20251217.parquet:parquet:133633;parquet_row_1based=133633;latitude_dadata,longitude_dadata",retrospective_continuity_from_tochno_2021_dadata_raw_parquet_point,reviewed_extension_rule_accepted,2021:data_allsettlements_anon_156_v20251217.parquet:parquet:133633,2010:019_a193ec7827_Tver_L1_ethn_np_2010.xls:Data Sheet:46,Костюшино,посёлок,тверская,256.0,57.883333,36.330833,/workspace/settlements-raw/data/raw/historical_geography/geokladr_okato_2011/okato.dbf,d1c8b983f2489724a940bd2a64dedda73b602f6c491d5c09391deaf362fe2650,raw_dbf_record_number_1based=39754;byte_offset_0based=15703140,geokladr_2011_raw_dbf_coordinate,reviewed_extension_rule_accepted,GeoKLADR2011:OKATO:28202804006,2021:data_allsettlements_anon_156_v20251217.parquet:parquet:133633,Костюшино,посёлок,тверская,404.0,56.692162,32.227652,/workspace/settlements-raw/data/interim/2021_tochno/data_allsettlements_anon_156_v20251217.parquet,86c197cd522e0b63669e9c6e7f43fd3d82b3704c6a126c800a9968ecd16cae14,"parquet_row_1based=133633;latitude_dadata,longitude_dadata",tochno_2021_dadata_raw_parquet_point,reviewed_rule_accepted,2021:data_allsettlements_anon_156_v20251217.parquet:parquet:133633,279.8271310160651,0.0,279.8271310160651,279.8271310160651,distance_km_2002_2010,99
2002:048_4f024587eb_02c_Nizhegorod_obl_new.xls:11:3818,2002:048_4f024587eb_02c_Nizhegorod_obl_new.xls:11:3818,Василевка,село,нижегородская,686.0,54.5482844,44.7191432,/workspace/settlements-raw/data/interim/2021_tochno/data_allsettlements_anon_156_v20251217.parquet,86c197cd522e0b63669e9c6e7f43fd3d82b3704c6a126c800a9968ecd16cae14,"carrier_target_source_record_id=2021:data_allsettlements_anon_156_v20251217.parquet:parquet:72139;parquet_row_1based=72139;latitude_dadata,longitude_dadata",retrospective_continuity_from_tochno_2021_dadata_raw_parquet_point,reviewed_extension_rule_accepted,2021:data_allsettlements_anon_156_v20251217.parquet:parquet:72139,2010:014_5ca759eea0_5._20Nizheg_Kirov_202010.xls:Data Sheet:2966,Василевка,село,нижегородская,527.0,57.002888,43.753577,/workspace/settlements-raw/data/raw/historical_geography/geokladr_okato_2011/okato.dbf,d1c8b983f2489724a940bd2a64dedda73b602f6c491d5c09391deaf362fe2650,raw_dbf_record_number_1based=32310;byte_offset_0based=12762760,geokladr_2011_raw_dbf_coordinate,reviewed_extension_rule_accepted,GeoKLADR2011:OKATO:22246808001,2021:data_allsettlements_anon_156_v20251217.parquet:parquet:72139,Василевка,село,нижегородская,415.0,54.5482844,44.7191432,/workspace/settlements-raw/data/interim/2021_tochno/data_allsettlements_anon_156_v20251217.parquet,86c197cd522e0b63669e9c6e7f43fd3d82b3704c6a126c800a9968ecd16cae14,"parquet_row_1based=72139;latitude_dadata,longitude_dadata",tochno_2021_dadata_raw_parquet_point,reviewed_rule_accepted,2021:data_allsettlements_anon_156_v20251217.parquet:parquet:72139,279.5325850814195,0.0,279.5325850814195,279.5325850814195,distance_km_2002_2010,100
2002:1_TOM_01_04.xls:0:5990,2002:1_TOM_01_04.xls:0:5990,Кильмезь,пгт,кировская,6064.0,59.143611,48.786389,/workspace/settlements-raw/data/raw/historical_geography/geokladr_okato_2011/okato.dbf,d1c8b983f2489724a940bd2a64dedda73b602f6c491d5c09391deaf362fe2650,DBF_record_1based=54238;DBF_byte_offset_0based=21424320;OKATO2011_raw=33217551000,raw_named_typed_geo2011_object,reviewed_extension_rule_accepted,,ROSSTAT2010:T5:p127:l54,Кильмезь,пгт,кировская,5956.0,56.9436202,51.0665648,/workspace/settlements-raw/data/interim/2021_tochno/data_allsettlements_anon_156_v20251217.parquet,86c197cd522e0b63669e9c6e7f43fd3d82b3704c6a126c800a9968ecd16cae14,"carrier_target_source_record_id=2021:data_allsettlements_anon_156_v20251217.parquet:parquet:34472;parquet_row_1based=34472;latitude_dadata,longitude_dadata",retrospective_continuity_from_tochno_2021_dadata_raw_parquet_point,reviewed_extension_rule_accepted,2021:data_allsettlements_anon_156_v20251217.parquet:parquet:34472,2021:data_allsettlements_anon_156_v20251217.parquet:parquet:34472,Кильмезь,пгт,кировская,5416.0,56.9436202,51.0665648,/workspace/settlements-raw/data/interim/2021_tochno/data_allsettlements_anon_156_v20251217.parquet,86c197cd522e0b63669e9c6e7f43fd3d82b3704c6a126c800a9968ecd16cae14,"parquet_row_1based=34472;latitude_dadata,longitude_dadata",tochno_2021_dadata_raw_parquet_point,reviewed_rule_accepted,2021:data_allsettlements_anon_156_v20251217.parquet:parquet:34472,278.98040137346067,278.98040137346067,0.0,278.98040137346067,distance_km_2002_2010,101
2002:081_6a22d6b5c5_Amur.xls:Sheet1:37,2002:081_6a22d6b5c5_Amur.xls:Sheet1:37,Октябрьский,село,амурская,2029.0,55.402,127.3769,/workspace/settlements-raw/data/raw/historical_geography/geokladr_okato_2011/okato.dbf,d1c8b983f2489724a940bd2a64dedda73b602f6c491d5c09391deaf362fe2650,raw_dbf_record_number_1based=7112;byte_offset_0based=2809550,geokladr_2011_raw_dbf_coordinate,reviewed_extension_rule_accepted,GeoKLADR2011:OKATO:10225842001,2010:009_81f8a0e73c_17._20ДВ_ФО_2010.xls:ДВ:1309,Октябрьский,село,амурская,1332.0,55.402,127.3769,/workspace/settlements-raw/data/raw/historical_geography/geokladr_okato_2011/okato.dbf,d1c8b983f2489724a940bd2a64dedda73b602f6c491d5c09391deaf362fe2650,raw_dbf_record_number_1based=7112;byte_offset_0based=2809550,geokladr_2011_raw_dbf_coordinate,reviewed_extension_rule_accepted,GeoKLADR2011:OKATO:10225842001,2021:data_allsettlements_anon_156_v20251217.parquet:parquet:60938,Октябрьский,село,амурская,825.0,53.0153,128.651,/workspace/settlements-raw/data/raw/wikidata_truthy_claims/batch_0020.jsonl.gz,6724784a5608a66efc7cfe01afbc91ab6c190c6ea9aee3a9fab120ab98afcb04,"{""line_number"": 10227, ""locator"": ""batch_0020.jsonl.gz#line=10227"", ""retrieved_at_utc"": ""2026-08-31T20:57:32.634564+00:00"", ""source_file"": ""batch_0020.jsonl.gz"", ""value_raw"": ""POINT(128.651000 53.015300)""}",wikidata_P625_point_claim,reviewed_extension_rule_accepted,Q16015711,0.0,278.01015245350874,278.01015245350874,278.01015245350874,distance_km_2002_2021,102
2002:015_90ef69f659_02c_Tver_obl.xls:!!!:230,2002:015_90ef69f659_02c_Tver_obl.xls:!!!:230,Ямищи,деревня,тверская,6.0,56.7036465,32.4935512,/workspace/settlements-raw/data/interim/2021_tochno/data_allsettlements_anon_156_v20251217.parquet,86c197cd522e0b63669e9c6e7f43fd3d82b3704c6a126c800a9968ecd16cae14,"carrier_target_source_record_id=2021:data_allsettlements_anon_156_v20251217.parquet:parquet:133771;parquet_row_1based=133771;latitude_dadata,longitude_dadata",retrospective_continuity_from_tochno_2021_dadata_raw_parquet_point,reviewed_extension_rule_accepted,2021:data_allsettlements_anon_156_v20251217.parquet:parquet:133771,2010:019_a193ec7827_Tver_L1_ethn_np_2010.xls:Data Sheet:176,Ямищи,деревня,тверская,4.0,57.649534,36.661551,/workspace/settlements-raw/data/raw/historical_geography/geokladr_okato_2011/okato.dbf,d1c8b983f2489724a940bd2a64dedda73b602f6c491d5c09391deaf362fe2650,raw_dbf_record_number_1based=39883;byte_offset_0based=15754095,geokladr_2011_raw_dbf_coordinate,reviewed_extension_rule_accepted,GeoKLADR2011:OKATO:28202842020,2021:data_allsettlements_anon_156_v20251217.parquet:parquet:133771,Ямищи,деревня,тверская,0.0,56.7036465,32.4935512,/workspace/settlements-raw/data/interim/2021_tochno/data_allsettlements_anon_156_v20251217.parquet,86c197cd522e0b63669e9c6e7f43fd3d82b3704c6a126c800a9968ecd16cae14,"parquet_row_1based=133771;latitude_dadata,longitude_dadata",tochno_2021_dadata_raw_parquet_point,reviewed_rule_accepted,2021:data_allsettlements_anon_156_v20251217.parquet:parquet:133771,272.2910104592079,0.0,272.2910104592079,272.2910104592079,distance_km_2002_2010,103
2002:049_8bbd34a852_Orenburgskaja1.xls:Sheet1:2737,2002:049_8bbd34a852_Orenburgskaja1.xls:Sheet1:2737,Нововасильевка,село,оренбургская,634.0,52.354583,56.1150364,/workspace/settlements-raw/data/interim/2021_tochno/data_allsettlements_anon_156_v20251217.parquet,86c197cd522e0b63669e9c6e7f43fd3d82b3704c6a126c800a9968ecd16cae14,"carrier_target_source_record_id=2021:data_allsettlements_anon_156_v20251217.parquet:parquet:86143;parquet_row_1based=86143;latitude_dadata,longitude_dadata",retrospective_continuity_from_tochno_2021_dadata_raw_parquet_point,reviewed_extension_rule_accepted,2021:data_allsettlements_anon_156_v20251217.parquet:parquet:86143,2010:016_802d308e41_8._20Or_Penz_Perm_Samar_Saratov_Uly_2010.xls:!!!:2930,Нововасильевка,село,оренбургская,555.0,52.101,52.1809,/workspace/settlements-raw/data/raw/historical_geography/geokladr_okato_2011/okato.dbf,d1c8b983f2489724a940bd2a64dedda73b602f6c491d5c09391deaf362fe2650,raw_dbf_record_number_1based=85581;byte_offset_0based=33804805,geokladr_2011_raw_dbf_coordinate,reviewed_extension_rule_accepted,GeoKLADR2011:OKATO:53253821001,2021:data_allsettlements_anon_156_v20251217.parquet:parquet:86143,Нововасильевка,село,оренбургская,469.0,52.354583,56.1150364,/workspace/settlements-raw/data/interim/2021_tochno/data_allsettlements_anon_156_v20251217.parquet,86c197cd522e0b63669e9c6e7f43fd3d82b3704c6a126c800a9968ecd16cae14,"parquet_row_1based=86143;latitude_dadata,longitude_dadata",tochno_2021_dadata_raw_parquet_point,reviewed_rule_accepted,2021:data_allsettlements_anon_156_v20251217.parquet:parquet:86143,269.39807027168905,0.0,269.39807027168905,269.39807027168905,distance_km_2002_2010,104
2002:052_4be37f273b_02c_Komi_perm_AO.xls:Sheet1:709,2002:052_4be37f273b_02c_Komi_perm_AO.xls:Sheet1:709,Дубленово,деревня,пермский,106.0,58.9953807,55.329042,/workspace/settlements-raw/data/interim/2021_tochno/data_allsettlements_anon_156_v20251217.parquet,86c197cd522e0b63669e9c6e7f43fd3d82b3704c6a126c800a9968ecd16cae14,"carrier_target_source_record_id=2021:data_allsettlements_anon_156_v20251217.parquet:parquet:97449;parquet_row_1based=97449;latitude_dadata,longitude_dadata",retrospective_continuity_from_tochno_2021_dadata_raw_parquet_point,reviewed_extension_rule_accepted,2021:data_allsettlements_anon_156_v20251217.parquet:parquet:97449,2010:016_802d308e41_8._20Or_Penz_Perm_Samar_Saratov_Uly_2010.xls:!!!:5051,Дубленово,деревня,пермский,69.0,56.661527,54.217551,/workspace/settlements-raw/data/raw/historical_geography/geokladr_okato_2011/okato.dbf,d1c8b983f2489724a940bd2a64dedda73b602f6c491d5c09391deaf362fe2650,raw_dbf_record_number_1based=90676;byte_offset_0based=35817330,geokladr_2011_raw_dbf_coordinate,reviewed_extension_rule_accepted,GeoKLADR2011:OKATO:57127916017,2021:data_allsettlements_anon_156_v20251217.parquet:parquet:97449,Дубленово,деревня,пермский,72.0,58.9953807,55.329042,/workspace/settlements-raw/data/interim/2021_tochno/data_allsettlements_anon_156_v20251217.parquet,86c197cd522e0b63669e9c6e7f43fd3d82b3704c6a126c800a9968ecd16cae14,"parquet_row_1based=97449;latitude_dadata,longitude_dadata",tochno_2021_dadata_raw_parquet_point,reviewed_rule_accepted,2021:data_allsettlements_anon_156_v20251217.parquet:parquet:97449,267.71703385990816,0.0,267.71703385990816,267.71703385990816,distance_km_2002_2010,105
2002:007_acff9aa32d_02c_Kostromskaja.xls:Sheet1:3162,2002:007_acff9aa32d_02c_Kostromskaja.xls:Sheet1:3162,Оглоблино,деревня,костромская,214.0,59.0464,46.7133,/workspace/settlements-raw/data/raw/historical_geography/geokladr_okato_2011/okato.dbf,d1c8b983f2489724a940bd2a64dedda73b602f6c491d5c09391deaf362fe2650,raw_dbf_record_number_1based=60295;byte_offset_0based=23816835,geokladr_2011_raw_dbf_coordinate,reviewed_extension_rule_accepted,GeoKLADR2011:OKATO:34240836001,2010:010_711691e352_2._20Kostrom_Kur_Lip_Moscow_MoscObl_Orlov_2010.xls:Data Sheet:2733,Оглоблино,деревня,костромская,183.0,59.0464,46.7133,/workspace/settlements-raw/data/raw/historical_geography/geokladr_okato_2011/okato.dbf,d1c8b983f2489724a940bd2a64dedda73b602f6c491d5c09391deaf362fe2650,raw_dbf_record_number_1based=60295;byte_offset_0based=23816835,geokladr_2011_raw_dbf_coordinate,reviewed_extension_rule_accepted,GeoKLADR2011:OKATO:34240836001,2021:data_allsettlements_anon_156_v20251217.parquet:parquet:43832,Оглоблино,деревня,костромская,99.0,58.9812,42.064,/workspace/settlements-raw/data/raw/coordinate_candidates/geonames_RU_20260907.zip,9bf299daaff13de75ddbf610e113469aae80537d66a7de3437967576c6509ff4,RU.txt:line=55461;geonameid=516137,geonames_ru_txt_named_place_point,reviewed_extension_rule_accepted,GeoNames:geonameid:516137,0.0,266.2022116642725,266.2022116642725,266.2022116642725,distance_km_2002_2021,106
2002:057_9b18a354f1_02c_Sverdlovskaja_oblast.xls:Sheet1:432,2002:057_9b18a354f1_02c_Sverdlovskaja_oblast.xls:Sheet1:432,Комарово,село,свердловская,0.0,56.4884,58.847013,/workspace/settlements-raw/data/raw/historical_geography/geokladr_okato_2011/okato.dbf,d1c8b983f2489724a940bd2a64dedda73b602f6c491d5c09391deaf362fe2650,raw_dbf_record_number_1based=108798;byte_offset_0based=42975520,geokladr_2011_raw_dbf_coordinate,reviewed_extension_rule_accepted,GeoKLADR2011:OKATO:65201830003,2010:003_eb441570b1_11._20Урал_ФО_2010.xls:Урал:2847,Комарово,село,свердловская,4.0,56.4884,58.847013,/workspace/settlements-raw/data/raw/historical_geography/geokladr_okato_2011/okato.dbf,d1c8b983f2489724a940bd2a64dedda73b602f6c491d5c09391deaf362fe2650,raw_dbf_record_number_1based=108798;byte_offset_0based=42975520,geokladr_2011_raw_dbf_coordinate,reviewed_extension_rule_accepted,GeoKLADR2011:OKATO:65201830003,2021:data_allsettlements_anon_156_v20251217.parquet:parquet:121126,Комарово,село,свердловская,7.0,58.348793,61.627266,/workspace/settlements-raw/data/raw/wikidata_truthy_claims/batch_0015.jsonl.gz,cad3745110d3760ec8e3d104b2e364923c0b43ea952dce9f5367ee2fbd6b74d2,"{""line_number"": 6924, ""locator"": ""batch_0015.jsonl.gz#line=6924"", ""retrieved_at_utc"": ""2026-08-31T20:57:27.090420+00:00"", ""source_file"": ""batch_0015.jsonl.gz"", ""value_raw"": ""POINT(61.627266 58.348793)""}",wikidata_P625_point_claim,reviewed_extension_rule_accepted,Q15267588,0.0,265.48837270827147,265.48837270827147,265.48837270827147,distance_km_2002_2021,107
2002:063_3ec7f8316e_buriatia1.xls:Sheet1:335,2002:063_3ec7f8316e_buriatia1.xls:Sheet1:335,Унэгэтэй,село,бурятия,2129.0,52.0992751,108.5654228,/workspace/settlements-raw/data/interim/2021_tochno/data_allsettlements_anon_156_v20251217.parquet,86c197cd522e0b63669e9c6e7f43fd3d82b3704c6a126c800a9968ecd16cae14,"carrier_target_source_record_id=2021:data_allsettlements_anon_156_v20251217.parquet:parquet:581;parquet_row_1based=581;latitude_dadata,longitude_dadata",retrospective_continuity_from_tochno_2021_dadata_raw_parquet_point,reviewed_extension_rule_accepted,2021:data_allsettlements_anon_156_v20251217.parquet:parquet:581,2010:008_342f3c208b_16._20Сиб_ФО_2010.xls:Sib:10763,Унэгэтэй,село,бурятия,1896.0,54.203248,110.386582,/workspace/settlements-raw/data/raw/historical_geography/geokladr_okato_2011/okato.dbf,d1c8b983f2489724a940bd2a64dedda73b602f6c491d5c09391deaf362fe2650,raw_dbf_record_number_1based=136509;byte_offset_0based=53921365,geokladr_2011_raw_dbf_coordinate,reviewed_extension_rule_accepted,GeoKLADR2011:OKATO:81218855001,2021:data_allsettlements_anon_156_v20251217.parquet:parquet:581,Унэгэтэй,село,бурятия,1727.0,52.0992751,108.5654228,/workspace/settlements-raw/data/interim/2021_tochno/data_allsettlements_anon_156_v20251217.parquet,86c197cd522e0b63669e9c6e7f43fd3d82b3704c6a126c800a9968ecd16cae14,"parquet_row_1based=581;latitude_dadata,longitude_dadata",tochno_2021_dadata_raw_parquet_point,reviewed_rule_accepted,2021:data_allsettlements_anon_156_v20251217.parquet:parquet:581,263.5721091761383,0.0,263.5721091761383,263.5721091761383,distance_km_2002_2010,108
2002:078_8405ea8fce_Yakutia.xls:Sheet1:1035,2002:078_8405ea8fce_Yakutia.xls:Sheet1:1035,Комсомол,село,саха якутия,14.0,60.597878,116.467051,/workspace/settlements-raw/data/raw/historical_geography/geokladr_okato_2011/okato.dbf,d1c8b983f2489724a940bd2a64dedda73b602f6c491d5c09391deaf362fe2650,raw_dbf_record_number_1based=151638;byte_offset_0based=59897320,geokladr_2011_raw_dbf_coordinate,reviewed_extension_rule_accepted,GeoKLADR2011:OKATO:98248870003,2010:009_81f8a0e73c_17._20ДВ_ФО_2010.xls:ДВ:2734,Комсомол,село,саха якутия,15.0,62.9031474,117.6193709,/workspace/settlements-raw/data/interim/2021_tochno/data_allsettlements_anon_156_v20251217.parquet,86c197cd522e0b63669e9c6e7f43fd3d82b3704c6a126c800a9968ecd16cae14,"parquet_row_1based=166895;latitude_dadata,longitude_dadata",tochno_2021_dadata_raw_parquet_point,reviewed_extension_rule_accepted,2021:data_allsettlements_anon_156_v20251217.parquet:parquet:166895,2021:data_allsettlements_anon_156_v20251217.parquet:parquet:166895,Комсомол,село,саха якутия,0.0,62.9031474,117.6193709,/workspace/settlements-raw/data/interim/2021_tochno/data_allsettlements_anon_156_v20251217.parquet,86c197cd522e0b63669e9c6e7f43fd3d82b3704c6a126c800a9968ecd16cae14,"parquet_row_1based=166895;latitude_dadata,longitude_dadata",tochno_2021_dadata_raw_parquet_point,reviewed_rule_accepted,2021:data_allsettlements_anon_156_v20251217.parquet:parquet:166895,263.4002429160648,263.4002429160648,0.0,263.4002429160648,distance_km_2002_2010,109
2002:020_e4f979c6c7_02c_Arxang-new.xls:Sheet1:2998,2002:020_e4f979c6c7_02c_Arxang-new.xls:Sheet1:2998,Монастырь,деревня,архангельская,0.0,62.797355,41.184715,/workspace/settlements-raw/data/interim/2021_tochno/data_allsettlements_anon_156_v20251217.parquet,86c197cd522e0b63669e9c6e7f43fd3d82b3704c6a126c800a9968ecd16cae14,"carrier_target_source_record_id=2021:data_allsettlements_anon_156_v20251217.parquet:parquet:87386;parquet_row_1based=87386;latitude_dadata,longitude_dadata",retrospective_continuity_from_tochno_2021_dadata_raw_parquet_point,reviewed_extension_rule_accepted,2021:data_allsettlements_anon_156_v20251217.parquet:parquet:87386,ARK2010:archive20131022:html_table1_tr3022,монастырь,деревня,архангельская,0.0,62.689658,46.338194,/workspace/settlements-raw/data/raw/historical_geography/geokladr_okato_2011/okato.dbf,d1c8b983f2489724a940bd2a64dedda73b602f6c491d5c09391deaf362fe2650,raw_dbf_record_number_1based=10097;byte_offset_0based=3988625,geokladr_2011_raw_dbf_coordinate,reviewed_extension_rule_accepted,GeoKLADR2011:OKATO:11250828022,2021:data_allsettlements_anon_156_v20251217.parquet:parquet:87386,Монастырь,деревня,архангельская,0.0,62.797355,41.184715,/workspace/settlements-raw/data/interim/2021_tochno/data_allsettlements_anon_156_v20251217.parquet,86c197cd522e0b63669e9c6e7f43fd3d82b3704c6a126c800a9968ecd16cae14,"parquet_row_1based=87386;latitude_dadata,longitude_dadata",tochno_2021_dadata_raw_parquet_point,reviewed_rule_accepted,2021:data_allsettlements_anon_156_v20251217.parquet:parquet:87386,262.64125962654117,0.0,262.64125962654117,262.64125962654117,distance_km_2002_2010,110
2002:051_46e3ecb0a0_02c_Permskaja_obl.xls:Sheet1:3360,2002:051_46e3ecb0a0_02c_Permskaja_obl.xls:Sheet1:3360,Осокино,село,пермский,234.0,57.4464,57.4257,/workspace/settlements-raw/data/raw/historical_geography/geokladr_okato_2011/okato.dbf,d1c8b983f2489724a940bd2a64dedda73b602f6c491d5c09391deaf362fe2650,raw_dbf_record_number_1based=92911;byte_offset_0based=36700155,geokladr_2011_raw_dbf_coordinate,reviewed_extension_rule_accepted,GeoKLADR2011:OKATO:57250822001,2010:016_802d308e41_8._20Or_Penz_Perm_Samar_Saratov_Uly_2010.xls:!!!:7329,Осокино,село,пермский,127.0,57.4464,57.4257,/workspace/settlements-raw/data/raw/historical_geography/geokladr_okato_2011/okato.dbf,d1c8b983f2489724a940bd2a64dedda73b602f6c491d5c09391deaf362fe2650,raw_dbf_record_number_1based=92911;byte_offset_0based=36700155,geokladr_2011_raw_dbf_coordinate,reviewed_extension_rule_accepted,GeoKLADR2011:OKATO:57250822001,2021:data_allsettlements_anon_156_v20251217.parquet:parquet:98604,Осокино,село,пермский,172.0,59.7983,57.0634,/workspace/settlements-raw/data/raw/coordinate_candidates/geonames_RU_20260907.zip,9bf299daaff13de75ddbf610e113469aae80537d66a7de3437967576c6509ff4,RU.txt:line=53659;geonameid=514321,geonames_ru_txt_named_place_point,reviewed_extension_rule_accepted,GeoNames:geonameid:514321,0.0,262.3585109543142,262.3585109543142,262.3585109543142,distance_km_2002_2021,111
2002:049_8bbd34a852_Orenburgskaja1.xls:Sheet1:2402,2002:049_8bbd34a852_Orenburgskaja1.xls:Sheet1:2402,Дружба,село,оренбургская,799.0,53.547,53.3741,/workspace/settlements-raw/data/raw/historical_geography/geokladr_okato_2011/okato.dbf,d1c8b983f2489724a940bd2a64dedda73b602f6c491d5c09391deaf362fe2650,raw_dbf_record_number_1based=85393;byte_offset_0based=33730545,geokladr_2011_raw_dbf_coordinate,reviewed_extension_rule_accepted,GeoKLADR2011:OKATO:53244813001,2010:016_802d308e41_8._20Or_Penz_Perm_Samar_Saratov_Uly_2010.xls:!!!:2733,Дружба,село,оренбургская,710.0,53.547,53.3741,/workspace/settlements-raw/data/raw/historical_geography/geokladr_okato_2011/okato.dbf,d1c8b983f2489724a940bd2a64dedda73b602f6c491d5c09391deaf362fe2650,raw_dbf_record_number_1based=85393;byte_offset_0based=33730545,geokladr_2011_raw_dbf_coordinate,reviewed_extension_rule_accepted,GeoKLADR2011:OKATO:53244813001,2021:data_allsettlements_anon_156_v20251217.parquet:parquet:86462,Дружба,село,оренбургская,646.0,51.42019,55.05043,/workspace/settlements-raw/data/raw/wikidata_truthy_claims/batch_0033.jsonl.gz,f452c1a9c7358ab7f3e4c5e0852bcca435cf4c34ed3014fbf570b0935a051d2b,"{""line_number"": 6994, ""locator"": ""batch_0033.jsonl.gz#line=6994"", ""retrieved_at_utc"": ""2026-08-31T20:57:48.066504+00:00"", ""source_file"": ""batch_0033.jsonl.gz"", ""value_raw"": ""POINT(55.050430 51.420190)""}",wikidata_P625_point_claim,reviewed_extension_rule_accepted,Q18775181,0.0,262.30521705109567,262.30521705109567,262.30521705109567,distance_km_2002_2021,112
2002:047_9960082a3e_02c_Kirovskaja_new.xls:Sheet1:2137,2002:047_9960082a3e_02c_Kirovskaja_new.xls:Sheet1:2137,Бурковская,деревня,кировская,11.0,58.249463,46.810465,/workspace/settlements-raw/data/raw/historical_geography/geokladr_okato_2011/okato.dbf,d1c8b983f2489724a940bd2a64dedda73b602f6c491d5c09391deaf362fe2650,raw_dbf_record_number_1based=55027;byte_offset_0based=21735975,geokladr_2011_raw_dbf_coordinate,reviewed_extension_rule_accepted,GeoKLADR2011:OKATO:33222812004,2010:014_5ca759eea0_5._20Nizheg_Kirov_202010.xls:Data Sheet:6493,Бурковская,деревня,кировская,0.0,58.249463,46.810465,/workspace/settlements-raw/data/raw/historical_geography/geokladr_okato_2011/okato.dbf,d1c8b983f2489724a940bd2a64dedda73b602f6c491d5c09391deaf362fe2650,raw_dbf_record_number_1based=55027;byte_offset_0based=21735975,geokladr_2011_raw_dbf_coordinate,reviewed_extension_rule_accepted,GeoKLADR2011:OKATO:33222812004,2021:data_allsettlements_anon_156_v20251217.parquet:parquet:35368,Бурковская,деревня,кировская,0.0,60.48159,48.17755,/workspace/settlements-raw/data/raw/coordinate_candidates/geonames_RU_20260907.zip,9bf299daaff13de75ddbf610e113469aae80537d66a7de3437967576c6509ff4,RU.txt:line=271514;geonameid=7095246,geonames_ru_txt_named_place_point,reviewed_extension_rule_accepted,GeoNames:geonameid:7095246,0.0,259.99335894551643,259.99335894551643,259.99335894551643,distance_km_2002_2021,113
2002:057_9b18a354f1_02c_Sverdlovskaja_oblast.xls:Sheet1:1370,2002:057_9b18a354f1_02c_Sverdlovskaja_oblast.xls:Sheet1:1370,Подгорная,деревня,свердловская,596.0,57.5985,61.804,/workspace/settlements-raw/data/raw/historical_geography/geokladr_okato_2011/okato.dbf,d1c8b983f2489724a940bd2a64dedda73b602f6c491d5c09391deaf362fe2650,raw_dbf_record_number_1based=109510;byte_offset_0based=43256760,geokladr_2011_raw_dbf_coordinate,reviewed_extension_rule_accepted,GeoKLADR2011:OKATO:65224805002,2010:003_eb441570b1_11._20Урал_ФО_2010.xls:Урал:3568,Подгорная,деревня,свердловская,577.0,57.5985,61.804,/workspace/settlements-raw/data/raw/historical_geography/geokladr_okato_2011/okato.dbf,d1c8b983f2489724a940bd2a64dedda73b602f6c491d5c09391deaf362fe2650,raw_dbf_record_number_1based=109510;byte_offset_0based=43256760,geokladr_2011_raw_dbf_coordinate,reviewed_extension_rule_accepted,GeoKLADR2011:OKATO:65224805002,2021:data_allsettlements_anon_156_v20251217.parquet:parquet:120077,Подгорная,деревня,свердловская,471.0,56.7319,57.8028,/workspace/settlements-raw/data/raw/coordinate_candidates/geonames_RU_20260907.zip,9bf299daaff13de75ddbf610e113469aae80537d66a7de3437967576c6509ff4,RU.txt:line=47745;geonameid=508380,geonames_ru_txt_named_place_point,reviewed_extension_rule_accepted,GeoNames:geonameid:508380,0.0,259.72440365201516,259.72440365201516,259.72440365201516,distance_km_2002_2021,114
2002:057_9b18a354f1_02c_Sverdlovskaja_oblast.xls:Sheet1:463,2002:057_9b18a354f1_02c_Sverdlovskaja_oblast.xls:Sheet1:463,Таборы,деревня,свердловская,164.0,59.9392,60.603,/workspace/settlements-raw/data/raw/historical_geography/geokladr_okato_2011/okato.dbf,d1c8b983f2489724a940bd2a64dedda73b602f6c491d5c09391deaf362fe2650,DBF_record_1based=108822;DBF_byte_offset_0based=42985000;OKATO2011_raw=65201843006,raw_named_typed_2011_rural_geo_object,reviewed_extension_rule_accepted,GEOKLADR2011:65201843006,2010:003_eb441570b1_11._20Урал_ФО_2010.xls:Урал:2873,Таборы,деревня,свердловская,138.0,57.69611,61.82333,/workspace/settlements-raw/data/raw/wikidata_truthy_claims/batch_0015.jsonl.gz,cad3745110d3760ec8e3d104b2e364923c0b43ea952dce9f5367ee2fbd6b74d2,"{""line_number"": 7336, ""locator"": ""batch_0015.jsonl.gz#line=7336"", ""retrieved_at_utc"": ""2026-08-31T20:57:27.090420+00:00"", ""source_file"": ""batch_0015.jsonl.gz"", ""value_raw"": ""POINT(61.823330 57.696110)""}",wikidata_P625_point_claim,reviewed_extension_rule_accepted,Q15276131,2021:data_allsettlements_anon_156_v20251217.parquet:parquet:121162,Таборы,деревня,свердловская,86.0,57.69611,61.82333,/workspace/settlements-raw/data/raw/wikidata_truthy_claims/batch_0015.jsonl.gz,cad3745110d3760ec8e3d104b2e364923c0b43ea952dce9f5367ee2fbd6b74d2,"{""line_number"": 7336, ""locator"": ""batch_0015.jsonl.gz#line=7336"", ""retrieved_at_utc"": ""2026-08-31T20:57:27.090420+00:00"", ""source_file"": ""batch_0015.jsonl.gz"", ""value_raw"": ""POINT(61.823330 57.696110)""}",wikidata_P625_point_claim,reviewed_extension_rule_accepted,Q15276131,259.1154984430381,259.1154984430381,0.0,259.1154984430381,distance_km_2002_2010,115
2002:047_9960082a3e_02c_Kirovskaja_new.xls:Sheet1:4624,2002:047_9960082a3e_02c_Kirovskaja_new.xls:Sheet1:4624,Малахи,деревня,кировская,394.0,58.2697492,51.5549602,/workspace/settlements-raw/data/interim/2021_tochno/data_allsettlements_anon_156_v20251217.parquet,86c197cd522e0b63669e9c6e7f43fd3d82b3704c6a126c800a9968ecd16cae14,"carrier_target_source_record_id=2021:data_allsettlements_anon_156_v20251217.parquet:parquet:33758;parquet_row_1based=33758;latitude_dadata,longitude_dadata",retrospective_continuity_from_tochno_2021_dadata_raw_parquet_point,reviewed_extension_rule_accepted,2021:data_allsettlements_anon_156_v20251217.parquet:parquet:33758,2010:014_5ca759eea0_5._20Nizheg_Kirov_202010.xls:Data Sheet:8418,Малахи,деревня,кировская,279.0,58.154398,47.194118,/workspace/settlements-raw/data/raw/historical_geography/geokladr_okato_2011/okato.dbf,d1c8b983f2489724a940bd2a64dedda73b602f6c491d5c09391deaf362fe2650,raw_dbf_record_number_1based=56868;byte_offset_0based=22463170,geokladr_2011_raw_dbf_coordinate,reviewed_extension_rule_accepted,GeoKLADR2011:OKATO:33243828002,2021:data_allsettlements_anon_156_v20251217.parquet:parquet:33758,Малахи,деревня,кировская,156.0,58.2697492,51.5549602,/workspace/settlements-raw/data/interim/2021_tochno/data_allsettlements_anon_156_v20251217.parquet,86c197cd522e0b63669e9c6e7f43fd3d82b3704c6a126c800a9968ecd16cae14,"parquet_row_1based=33758;latitude_dadata,longitude_dadata",tochno_2021_dadata_raw_parquet_point,reviewed_rule_accepted,2021:data_allsettlements_anon_156_v20251217.parquet:parquet:33758,255.71318680679664,0.0,255.71318680679664,255.71318680679664,distance_km_2002_2010,116
2002:057_9b18a354f1_02c_Sverdlovskaja_oblast.xls:Sheet1:937,2002:057_9b18a354f1_02c_Sverdlovskaja_oblast.xls:Sheet1:937,Песчаный Карьер,посёлок,свердловская,158.0,58.046153,65.103041,/workspace/settlements-raw/data/raw/historical_geography/geokladr_okato_2011/okato.dbf,d1c8b983f2489724a940bd2a64dedda73b602f6c491d5c09391deaf362fe2650,raw_dbf_record_number_1based=109180;byte_offset_0based=43126410,geokladr_2011_raw_dbf_coordinate,reviewed_extension_rule_accepted,GeoKLADR2011:OKATO:65211000008,2010:003_eb441570b1_11._20Урал_ФО_2010.xls:Урал:3233,Песчаный Карьер,посёлок,свердловская,133.0,58.046153,65.103041,/workspace/settlements-raw/data/raw/historical_geography/geokladr_okato_2011/okato.dbf,d1c8b983f2489724a940bd2a64dedda73b602f6c491d5c09391deaf362fe2650,raw_dbf_record_number_1based=109180;byte_offset_0based=43126410,geokladr_2011_raw_dbf_coordinate,reviewed_extension_rule_accepted,GeoKLADR2011:OKATO:65211000008,2021:data_allsettlements_anon_156_v20251217.parquet:parquet:119788,Песчаный Карьер,посёлок,свердловская,76.0,58.2375,60.7673,/workspace/settlements-raw/data/raw/coordinate_candidates/geonames_RU_20260907.zip,9bf299daaff13de75ddbf610e113469aae80537d66a7de3437967576c6509ff4,RU.txt:line=283201;geonameid=7500517,geonames_ru_txt_named_place_point,reviewed_extension_rule_accepted,GeoNames:geonameid:7500517,0.0,255.31144016154974,255.31144016154974,255.31144016154974,distance_km_2002_2021,117
2002:027_25f0f7433c_02c_Pskovskaja.xls:!!:2932,2002:027_25f0f7433c_02c_Pskovskaja.xls:!!:2932,Николаево,деревня,псковская,2.0,55.988056,29.700833,,,,,reviewed_extension_rule_accepted,2021:data_allsettlements_anon_156_v20251217.parquet:parquet:103108,2010:012_5c339c0d0e_4._20Vologod_pskov_2010.xls:Data Sheet:10768,Николаево,деревня,псковская,0.0,58.266389,29.458611,/workspace/settlements-raw/data/raw/historical_geography/geokladr_okato_2011/okato.dbf,d1c8b983f2489724a940bd2a64dedda73b602f6c491d5c09391deaf362fe2650,raw_dbf_record_number_1based=96425;byte_offset_0based=38088185,geokladr_2011_raw_dbf_coordinate,reviewed_extension_rule_accepted,GeoKLADR2011:OKATO:58220835013,2021:data_allsettlements_anon_156_v20251217.parquet:parquet:103108,Николаево,деревня,псковская,0.0,55.988056,29.700833,/workspace/settlements-raw/data/raw/wikidata_truthy_claims/batch_0039.jsonl.gz,29e999ddaaf622ad0ea99c7804349d7a27ecd5b19592c5f8a8d4e04506496b12,"{""line_number"": 7901, ""locator"": ""batch_0039.jsonl.gz#line=7901"", ""retrieved_at_utc"": ""2026-08-31T20:57:53.818358+00:00"", ""source_file"": ""batch_0039.jsonl.gz"", ""value_raw"": ""POINT(29.700833 55.988056)""}",wikidata_P625_point_claim,reviewed_extension_rule_accepted,Q18792478,253.76041503252958,0.0,253.76041503252958,253.76041503252958,distance_km_2002_2010,118
2002:066_76aa869929_Altai_krai1.xls:Sheet1:2170,2002:066_76aa869929_Altai_krai1.xls:Sheet1:2170,Гордеевский,посёлок,алтайский,1492.0,53.1090908,84.6782221,/workspace/settlements-raw/data/interim/2021_tochno/data_allsettlements_anon_156_v20251217.parquet,86c197cd522e0b63669e9c6e7f43fd3d82b3704c6a126c800a9968ecd16cae14,"carrier_target_source_record_id=2021:data_allsettlements_anon_156_v20251217.parquet:parquet:40710;parquet_row_1based=40710;latitude_dadata,longitude_dadata",retrospective_continuity_from_tochno_2021_dadata_raw_parquet_point,reviewed_extension_rule_accepted,2021:data_allsettlements_anon_156_v20251217.parquet:parquet:40710,2010:008_342f3c208b_16._20Сиб_ФО_2010.xls:Sib:1310,Гордеевский,посёлок,алтайский,1330.0,52.0341,81.4146,/workspace/settlements-raw/data/raw/historical_geography/geokladr_okato_2011/okato.dbf,d1c8b983f2489724a940bd2a64dedda73b602f6c491d5c09391deaf362fe2650,raw_dbf_record_number_1based=1301;byte_offset_0based=514205,geokladr_2011_raw_dbf_coordinate,reviewed_extension_rule_accepted,GeoKLADR2011:OKATO:01251814001,2021:data_allsettlements_anon_156_v20251217.parquet:parquet:40710,Гордеевский,посёлок,алтайский,865.0,53.1090908,84.6782221,/workspace/settlements-raw/data/interim/2021_tochno/data_allsettlements_anon_156_v20251217.parquet,86c197cd522e0b63669e9c6e7f43fd3d82b3704c6a126c800a9968ecd16cae14,"parquet_row_1based=40710;latitude_dadata,longitude_dadata",tochno_2021_dadata_raw_parquet_point,reviewed_rule_accepted,2021:data_allsettlements_anon_156_v20251217.parquet:parquet:40710,250.83353317009485,0.0,250.83353317009485,250.83353317009485,distance_km_2002_2010,119
2002:066_76aa869929_Altai_krai1.xls:Sheet1:1626,2002:066_76aa869929_Altai_krai1.xls:Sheet1:1626,Песчаный,посёлок,алтайский,4.0,51.6306108,81.0881343,/workspace/settlements-raw/data/interim/2021_tochno/data_allsettlements_anon_156_v20251217.parquet,86c197cd522e0b63669e9c6e7f43fd3d82b3704c6a126c800a9968ecd16cae14,"carrier_target_source_record_id=2021:data_allsettlements_anon_156_v20251217.parquet:parquet:40264;parquet_row_1based=40264;latitude_dadata,longitude_dadata",retrospective_continuity_from_tochno_2021_dadata_raw_parquet_point,reviewed_extension_rule_accepted,2021:data_allsettlements_anon_156_v20251217.parquet:parquet:40264,2010:008_342f3c208b_16._20Сиб_ФО_2010.xls:Sib:969,Песчаный,посёлок,алтайский,3.0,51.8635,84.7048,/workspace/settlements-raw/data/raw/historical_geography/geokladr_okato_2011/okato.dbf,d1c8b983f2489724a940bd2a64dedda73b602f6c491d5c09391deaf362fe2650,raw_dbf_record_number_1based=963;byte_offset_0based=380695,geokladr_2011_raw_dbf_coordinate,reviewed_extension_rule_accepted,GeoKLADR2011:OKATO:01238825003,2021:data_allsettlements_anon_156_v20251217.parquet:parquet:40264,Песчаный,посёлок,алтайский,5.0,51.6306108,81.0881343,/workspace/settlements-raw/data/interim/2021_tochno/data_allsettlements_anon_156_v20251217.parquet,86c197cd522e0b63669e9c6e7f43fd3d82b3704c6a126c800a9968ecd16cae14,"parquet_row_1based=40264;latitude_dadata,longitude_dadata",tochno_2021_dadata_raw_parquet_point,reviewed_rule_accepted,2021:data_allsettlements_anon_156_v20251217.parquet:parquet:40264,250.3049219505003,0.0,250.3049219505003,250.3049219505003,distance_km_2002_2010,120
2002:048_4f024587eb_02c_Nizhegorod_obl_new.xls:11:1805,2002:048_4f024587eb_02c_Nizhegorod_obl_new.xls:11:1805,Новодмитриевка,село,нижегородская,1031.0,56.865278,45.0175,/workspace/settlements-raw/data/raw/historical_geography/geokladr_okato_2011/okato.dbf,d1c8b983f2489724a940bd2a64dedda73b602f6c491d5c09391deaf362fe2650,DBF_record_1based=30578;DBF_byte_offset_0based=12078620;OKATO2011_raw=22224812001,raw_named_typed_2011_rural_geo_object,reviewed_extension_rule_accepted,GEOKLADR2011:22224812001,2010:014_5ca759eea0_5._20Nizheg_Kirov_202010.xls:Data Sheet:1232,Новодмитриевка,село,нижегородская,891.0,55.1720598,42.3808614,/workspace/settlements-raw/data/interim/2021_tochno/data_allsettlements_anon_156_v20251217.parquet,86c197cd522e0b63669e9c6e7f43fd3d82b3704c6a126c800a9968ecd16cae14,"parquet_row_1based=75463;latitude_dadata,longitude_dadata",tochno_2021_dadata_raw_parquet_point,reviewed_extension_rule_accepted,2021:data_allsettlements_anon_156_v20251217.parquet:parquet:75463,2021:data_allsettlements_anon_156_v20251217.parquet:parquet:75463,Новодмитриевка,село,нижегородская,780.0,55.1720598,42.3808614,/workspace/settlements-raw/data/interim/2021_tochno/data_allsettlements_anon_156_v20251217.parquet,86c197cd522e0b63669e9c6e7f43fd3d82b3704c6a126c800a9968ecd16cae14,"parquet_row_1based=75463;latitude_dadata,longitude_dadata",tochno_2021_dadata_raw_parquet_point,reviewed_rule_accepted,2021:data_allsettlements_anon_156_v20251217.parquet:parquet:75463,249.56415761266715,249.56415761266715,0.0,249.56415761266715,distance_km_2002_2010,121
2002:067_7363c80f41_02c_Krasnojarski_lraj.xls:Sheet1:859,2002:067_7363c80f41_02c_Krasnojarski_lraj.xls:Sheet1:859,Богдановка,деревня,красноярский,170.0,56.4598296,95.8946063,/workspace/settlements-raw/data/interim/2021_tochno/data_allsettlements_anon_156_v20251217.parquet,86c197cd522e0b63669e9c6e7f43fd3d82b3704c6a126c800a9968ecd16cae14,"carrier_target_source_record_id=2021:data_allsettlements_anon_156_v20251217.parquet:parquet:47920;parquet_row_1based=47920;latitude_dadata,longitude_dadata",retrospective_continuity_from_tochno_2021_dadata_raw_parquet_point,reviewed_extension_rule_accepted,2021:data_allsettlements_anon_156_v20251217.parquet:parquet:47920,2010:008_342f3c208b_16._20Сиб_ФО_2010.xls:Sib:2309,Богдановка,деревня,красноярский,112.0,57.7932,92.5882,/workspace/settlements-raw/data/raw/historical_geography/geokladr_okato_2011/okato.dbf,d1c8b983f2489724a940bd2a64dedda73b602f6c491d5c09391deaf362fe2650,raw_dbf_record_number_1based=4034;byte_offset_0based=1593740,geokladr_2011_raw_dbf_coordinate,reviewed_extension_rule_accepted,GeoKLADR2011:OKATO:04218822002,2021:data_allsettlements_anon_156_v20251217.parquet:parquet:47920,Богдановка,деревня,красноярский,87.0,56.4598296,95.8946063,/workspace/settlements-raw/data/interim/2021_tochno/data_allsettlements_anon_156_v20251217.parquet,86c197cd522e0b63669e9c6e7f43fd3d82b3704c6a126c800a9968ecd16cae14,"parquet_row_1based=47920;latitude_dadata,longitude_dadata",tochno_2021_dadata_raw_parquet_point,reviewed_rule_accepted,2021:data_allsettlements_anon_156_v20251217.parquet:parquet:47920,248.5626444480526,0.0,248.5626444480526,248.5626444480526,distance_km_2002_2010,122
2002:078_8405ea8fce_Yakutia.xls:Sheet1:380,2002:078_8405ea8fce_Yakutia.xls:Sheet1:380,Бердигестях,село,саха якутия,6149.0,61.125846,130.892363,/workspace/settlements-raw/data/raw/historical_geography/geokladr_okato_2011/okato.dbf,d1c8b983f2489724a940bd2a64dedda73b602f6c491d5c09391deaf362fe2650,raw_dbf_record_number_1based=151323;byte_offset_0based=59772895,geokladr_2011_raw_dbf_coordinate,reviewed_extension_rule_accepted,GeoKLADR2011:OKATO:98220810001,2010:009_81f8a0e73c_17._20ДВ_ФО_2010.xls:ДВ:2397,Бердигестях,село,саха якутия,6443.0,61.125846,130.892363,/workspace/settlements-raw/data/raw/historical_geography/geokladr_okato_2011/okato.dbf,d1c8b983f2489724a940bd2a64dedda73b602f6c491d5c09391deaf362fe2650,raw_dbf_record_number_1based=151323;byte_offset_0based=59772895,geokladr_2011_raw_dbf_coordinate,reviewed_extension_rule_accepted,GeoKLADR2011:OKATO:98220810001,2021:data_allsettlements_anon_156_v20251217.parquet:parquet:166342,Бердигестях,село,саха якутия,6956.0,62.096909,126.6997509,/workspace/settlements-raw/data/interim/2021_tochno/data_allsettlements_anon_156_v20251217.parquet,86c197cd522e0b63669e9c6e7f43fd3d82b3704c6a126c800a9968ecd16cae14,"parquet_row_1based=166342;latitude_dadata,longitude_dadata",tochno_2021_dadata_raw_parquet_point,reviewed_rule_accepted,2021:data_allsettlements_anon_156_v20251217.parquet:parquet:166342,0.0,246.49380929912232,246.49380929912232,246.49380929912232,distance_km_2002_2021,123
2002:051_46e3ecb0a0_02c_Permskaja_obl.xls:Sheet1:2846,2002:051_46e3ecb0a0_02c_Permskaja_obl.xls:Sheet1:2846,Рогали,деревня,пермский,192.0,59.698211,57.153004,/workspace/settlements-raw/data/raw/historical_geography/geokladr_okato_2011/okato.dbf,d1c8b983f2489724a940bd2a64dedda73b602f6c491d5c09391deaf362fe2650,raw_dbf_record_number_1based=92492;byte_offset_0based=36534650,geokladr_2011_raw_dbf_coordinate,reviewed_extension_rule_accepted,GeoKLADR2011:OKATO:57244825016,2010:016_802d308e41_8._20Or_Penz_Perm_Samar_Saratov_Uly_2010.xls:!!!:6916,Рогали,деревня,пермский,165.0,59.698211,57.153004,/workspace/settlements-raw/data/raw/historical_geography/geokladr_okato_2011/okato.dbf,d1c8b983f2489724a940bd2a64dedda73b602f6c491d5c09391deaf362fe2650,raw_dbf_record_number_1based=92492;byte_offset_0based=36534650,geokladr_2011_raw_dbf_coordinate,reviewed_extension_rule_accepted,GeoKLADR2011:OKATO:57244825016,2021:data_allsettlements_anon_156_v20251217.parquet:parquet:99386,Рогали,деревня,пермский,133.0,57.94274,54.56957,/workspace/settlements-raw/data/raw/coordinate_candidates/geonames_RU_20260907.zip,9bf299daaff13de75ddbf610e113469aae80537d66a7de3437967576c6509ff4,RU.txt:line=41051;geonameid=501650,geonames_ru_txt_named_place_point,reviewed_extension_rule_accepted,GeoNames:geonameid:501650,0.0,245.3628039559302,245.3628039559302,245.3628039559302,distance_km_2002_2021,124
2002:015_90ef69f659_02c_Tver_obl.xls:!!!:3852,2002:015_90ef69f659_02c_Tver_obl.xls:!!!:3852,Васино,деревня,тверская,2.0,56.40703,33.993188,/workspace/settlements-raw/data/raw/historical_geography/geokladr_okato_2011/okato.dbf,d1c8b983f2489724a940bd2a64dedda73b602f6c491d5c09391deaf362fe2650,raw_dbf_record_number_1based=43242;byte_offset_0based=17080900,geokladr_2011_raw_dbf_coordinate,reviewed_extension_rule_accepted,GeoKLADR2011:OKATO:28226812006,2010:019_a193ec7827_Tver_L1_ethn_np_2010.xls:Data Sheet:3584,Васино,деревня,тверская,0.0,56.40703,33.993188,/workspace/settlements-raw/data/raw/historical_geography/geokladr_okato_2011/okato.dbf,d1c8b983f2489724a940bd2a64dedda73b602f6c491d5c09391deaf362fe2650,raw_dbf_record_number_1based=43242;byte_offset_0based=17080900,geokladr_2011_raw_dbf_coordinate,reviewed_extension_rule_accepted,GeoKLADR2011:OKATO:28226812006,2021:data_allsettlements_anon_156_v20251217.parquet:parquet:138738,Васино,деревня,тверская,1.0,57.6081,37.3894,/workspace/settlements-raw/data/raw/coordinate_candidates/geonames_RU_20260907.zip,9bf299daaff13de75ddbf610e113469aae80537d66a7de3437967576c6509ff4,RU.txt:line=289394;geonameid=7585909,geonames_ru_txt_named_place_point,reviewed_extension_rule_accepted,GeoNames:geonameid:7585909,0.0,245.15634678840956,245.15634678840956,245.15634678840956,distance_km_2002_2021,125
2002:026_0eca405331_02c_Novgorodskaja.xls:Sheet1:3206,2002:026_0eca405331_02c_Novgorodskaja.xls:Sheet1:3206,Хвойная,деревня,новгородская,73.0,58.895439,34.512712,/workspace/settlements-raw/data/raw/historical_geography/geokladr_okato_2011/okato.dbf,d1c8b983f2489724a940bd2a64dedda73b602f6c491d5c09391deaf362fe2650,DBF_record_1based=80184;DBF_byte_offset_0based=31672990;OKATO2011_raw=49238843015,raw_named_typed_2011_rural_geo_object,reviewed_extension_rule_accepted,GEOKLADR2011:49238843015,2010:001_723371ec84_1._20NW_2010.xls:NW:11149,Хвойная,деревня,новгородская,78.0,58.1780671,30.5272812,/workspace/settlements-raw/data/interim/2021_tochno/data_allsettlements_anon_156_v20251217.parquet,86c197cd522e0b63669e9c6e7f43fd3d82b3704c6a126c800a9968ecd16cae14,"parquet_row_1based=76957;latitude_dadata,longitude_dadata",tochno_2021_dadata_raw_parquet_point,reviewed_extension_rule_accepted,2021:data_allsettlements_anon_156_v20251217.parquet:parquet:76957,2021:data_allsettlements_anon_156_v20251217.parquet:parquet:76957,Хвойная,деревня,новгородская,32.0,58.1780671,30.5272812,/workspace/settlements-raw/data/interim/2021_tochno/data_allsettlements_anon_156_v20251217.parquet,86c197cd522e0b63669e9c6e7f43fd3d82b3704c6a126c800a9968ecd16cae14,"parquet_row_1based=76957;latitude_dadata,longitude_dadata",tochno_2021_dadata_raw_parquet_point,reviewed_rule_accepted,2021:data_allsettlements_anon_156_v20251217.parquet:parquet:76957,244.63126492667863,244.63126492667863,0.0,244.63126492667863,distance_km_2002_2010,126
2002:015_90ef69f659_02c_Tver_obl.xls:!!!:5623,2002:015_90ef69f659_02c_Tver_obl.xls:!!!:5623,Засека,деревня,тверская,176.0,57.0224,31.8631,/workspace/settlements-raw/data/raw/historical_geography/geokladr_okato_2011/okato.dbf,d1c8b983f2489724a940bd2a64dedda73b602f6c491d5c09391deaf362fe2650,raw_dbf_record_number_1based=44852;byte_offset_0based=17716850,geokladr_2011_raw_dbf_coordinate,reviewed_extension_rule_accepted,GeoKLADR2011:OKATO:28240828014,2010:019_a193ec7827_Tver_L1_ethn_np_2010.xls:Data Sheet:5233,Засека,деревня,тверская,142.0,57.0224,31.8631,/workspace/settlements-raw/data/raw/historical_geography/geokladr_okato_2011/okato.dbf,d1c8b983f2489724a940bd2a64dedda73b602f6c491d5c09391deaf362fe2650,raw_dbf_record_number_1based=44852;byte_offset_0based=17716850,geokladr_2011_raw_dbf_coordinate,reviewed_extension_rule_accepted,GeoKLADR2011:OKATO:28240828014,2021:data_allsettlements_anon_156_v20251217.parquet:parquet:139799,Засека,деревня,тверская,147.0,57.765,35.70056,/workspace/settlements-raw/data/raw/coordinate_candidates/geonames_RU_20260907.zip,9bf299daaff13de75ddbf610e113469aae80537d66a7de3437967576c6509ff4,RU.txt:line=3934;geonameid=464337,geonames_ru_txt_named_place_point,reviewed_extension_rule_accepted,GeoNames:geonameid:464337,0.0,244.27245700318494,244.27245700318494,244.27245700318494,distance_km_2002_2021,127
2002:007_acff9aa32d_02c_Kostromskaja.xls:Sheet1:765,2002:007_acff9aa32d_02c_Kostromskaja.xls:Sheet1:765,Дмитриевское,деревня,костромская,278.0,58.3371467,42.3575989,/workspace/settlements-raw/data/interim/2021_tochno/data_allsettlements_anon_156_v20251217.parquet,86c197cd522e0b63669e9c6e7f43fd3d82b3704c6a126c800a9968ecd16cae14,"carrier_target_source_record_id=2021:data_allsettlements_anon_156_v20251217.parquet:parquet:42201;parquet_row_1based=42201;latitude_dadata,longitude_dadata",retrospective_continuity_from_tochno_2021_dadata_raw_parquet_point,reviewed_extension_rule_accepted,2021:data_allsettlements_anon_156_v20251217.parquet:parquet:42201,2010:010_711691e352_2._20Kostrom_Kur_Lip_Moscow_MoscObl_Orlov_2010.xls:Data Sheet:664,Дмитриевское,деревня,костромская,256.0,58.6065,46.523,/workspace/settlements-raw/data/raw/historical_geography/geokladr_okato_2011/okato.dbf,d1c8b983f2489724a940bd2a64dedda73b602f6c491d5c09391deaf362fe2650,DBF_record_1based=57879;DBF_byte_offset_0based=22862515;OKATO2011_raw=34204812008,raw_named_typed_2011_rural_geo_object,reviewed_extension_rule_accepted,GEOKLADR2011:34204812008,2021:data_allsettlements_anon_156_v20251217.parquet:parquet:42201,Дмитриевское,деревня,костромская,276.0,58.3371467,42.3575989,/workspace/settlements-raw/data/interim/2021_tochno/data_allsettlements_anon_156_v20251217.parquet,86c197cd522e0b63669e9c6e7f43fd3d82b3704c6a126c800a9968ecd16cae14,"parquet_row_1based=42201;latitude_dadata,longitude_dadata",tochno_2021_dadata_raw_parquet_point,reviewed_rule_accepted,2021:data_allsettlements_anon_156_v20251217.parquet:parquet:42201,244.00533701185572,0.0,244.00533701185572,244.00533701185572,distance_km_2002_2010,128
2002:067_7363c80f41_02c_Krasnojarski_lraj.xls:Sheet1:337,2002:067_7363c80f41_02c_Krasnojarski_lraj.xls:Sheet1:337,Красный Завод,село,красноярский,1057.0,56.1814667,90.0307639,/workspace/settlements-raw/data/interim/2021_tochno/data_allsettlements_anon_156_v20251217.parquet,86c197cd522e0b63669e9c6e7f43fd3d82b3704c6a126c800a9968ecd16cae14,"carrier_target_source_record_id=2021:data_allsettlements_anon_156_v20251217.parquet:parquet:47408;parquet_row_1based=47408;latitude_dadata,longitude_dadata",retrospective_continuity_from_tochno_2021_dadata_raw_parquet_point,reviewed_extension_rule_accepted,2021:data_allsettlements_anon_156_v20251217.parquet:parquet:47408,2010:008_342f3c208b_16._20Сиб_ФО_2010.xls:Sib:1928,Красный Завод,село,красноярский,981.0,55.8739,93.9143,/workspace/settlements-raw/data/raw/historical_geography/geokladr_okato_2011/okato.dbf,d1c8b983f2489724a940bd2a64dedda73b602f6c491d5c09391deaf362fe2650,raw_dbf_record_number_1based=3654;byte_offset_0based=1443640,geokladr_2011_raw_dbf_coordinate,reviewed_extension_rule_accepted,GeoKLADR2011:OKATO:04208813001,2021:data_allsettlements_anon_156_v20251217.parquet:parquet:47408,Красный Завод,село,красноярский,753.0,56.1814667,90.0307639,/workspace/settlements-raw/data/interim/2021_tochno/data_allsettlements_anon_156_v20251217.parquet,86c197cd522e0b63669e9c6e7f43fd3d82b3704c6a126c800a9968ecd16cae14,"parquet_row_1based=47408;latitude_dadata,longitude_dadata",tochno_2021_dadata_raw_parquet_point,reviewed_rule_accepted,2021:data_allsettlements_anon_156_v20251217.parquet:parquet:47408,243.68121443286253,0.0,243.68121443286253,243.68121443286253,distance_km_2002_2010,129
2002:048_4f024587eb_02c_Nizhegorod_obl_new.xls:11:3534,2002:048_4f024587eb_02c_Nizhegorod_obl_new.xls:11:3534,Лаптево,деревня,нижегородская,1376.0,55.9102246,43.0875552,/workspace/settlements-raw/data/interim/2021_tochno/data_allsettlements_anon_156_v20251217.parquet,86c197cd522e0b63669e9c6e7f43fd3d82b3704c6a126c800a9968ecd16cae14,"carrier_target_source_record_id=2021:data_allsettlements_anon_156_v20251217.parquet:parquet:72110;parquet_row_1based=72110;latitude_dadata,longitude_dadata",retrospective_continuity_from_tochno_2021_dadata_raw_parquet_point,reviewed_extension_rule_accepted,2021:data_allsettlements_anon_156_v20251217.parquet:parquet:72110,2010:014_5ca759eea0_5._20Nizheg_Kirov_202010.xls:Data Sheet:2769,Лаптево,деревня,нижегородская,1382.0,56.973863,46.534352,/workspace/settlements-raw/data/raw/historical_geography/geokladr_okato_2011/okato.dbf,d1c8b983f2489724a940bd2a64dedda73b602f6c491d5c09391deaf362fe2650,raw_dbf_record_number_1based=32114;byte_offset_0based=12685340,geokladr_2011_raw_dbf_coordinate,reviewed_extension_rule_accepted,GeoKLADR2011:OKATO:22242816001,2021:data_allsettlements_anon_156_v20251217.parquet:parquet:72110,Лаптево,деревня,нижегородская,1297.0,55.9102246,43.0875552,/workspace/settlements-raw/data/interim/2021_tochno/data_allsettlements_anon_156_v20251217.parquet,86c197cd522e0b63669e9c6e7f43fd3d82b3704c6a126c800a9968ecd16cae14,"parquet_row_1based=72110;latitude_dadata,longitude_dadata",tochno_2021_dadata_raw_parquet_point,reviewed_rule_accepted,2021:data_allsettlements_anon_156_v20251217.parquet:parquet:72110,242.59901333317373,0.0,242.59901333317373,242.59901333317373,distance_km_2002_2010,130
2002:067_7363c80f41_02c_Krasnojarski_lraj.xls:Sheet1:215,2002:067_7363c80f41_02c_Krasnojarski_lraj.xls:Sheet1:215,Смоленка,деревня,красноярский,3.0,55.2362725,92.3471796,/workspace/settlements-raw/data/interim/2021_tochno/data_allsettlements_anon_156_v20251217.parquet,86c197cd522e0b63669e9c6e7f43fd3d82b3704c6a126c800a9968ecd16cae14,"carrier_target_source_record_id=2021:data_allsettlements_anon_156_v20251217.parquet:parquet:47287;parquet_row_1based=47287;latitude_dadata,longitude_dadata",retrospective_continuity_from_tochno_2021_dadata_raw_parquet_point,reviewed_extension_rule_accepted,2021:data_allsettlements_anon_156_v20251217.parquet:parquet:47287,2010:008_342f3c208b_16._20Сиб_ФО_2010.xls:Sib:1833,Смоленка,деревня,красноярский,5.0,56.208889,95.810278,/workspace/settlements-raw/data/raw/historical_geography/geokladr_okato_2011/okato.dbf,d1c8b983f2489724a940bd2a64dedda73b602f6c491d5c09391deaf362fe2650,raw_dbf_record_number_1based=3560;byte_offset_0based=1406510,geokladr_2011_raw_dbf_coordinate,reviewed_extension_rule_accepted,GeoKLADR2011:OKATO:04204822005,2021:data_allsettlements_anon_156_v20251217.parquet:parquet:47287,Смоленка,деревня,красноярский,1.0,55.2362725,92.3471796,/workspace/settlements-raw/data/interim/2021_tochno/data_allsettlements_anon_156_v20251217.parquet,86c197cd522e0b63669e9c6e7f43fd3d82b3704c6a126c800a9968ecd16cae14,"parquet_row_1based=47287;latitude_dadata,longitude_dadata",tochno_2021_dadata_raw_parquet_point,reviewed_rule_accepted,2021:data_allsettlements_anon_156_v20251217.parquet:parquet:47287,242.30944527485562,0.0,242.30944527485562,242.30944527485562,distance_km_2002_2010,131
2002:048_4f024587eb_02c_Nizhegorod_obl_new.xls:11:922,2002:048_4f024587eb_02c_Nizhegorod_obl_new.xls:11:922,Софьино,деревня,нижегородская,26.0,55.5961821,44.747029,/workspace/settlements-raw/data/interim/2021_tochno/data_allsettlements_anon_156_v20251217.parquet,86c197cd522e0b63669e9c6e7f43fd3d82b3704c6a126c800a9968ecd16cae14,"carrier_target_source_record_id=2021:data_allsettlements_anon_156_v20251217.parquet:parquet:71604;parquet_row_1based=71604;latitude_dadata,longitude_dadata",retrospective_continuity_from_tochno_2021_dadata_raw_parquet_point,reviewed_extension_rule_accepted,2021:data_allsettlements_anon_156_v20251217.parquet:parquet:71604,2010:014_5ca759eea0_5._20Nizheg_Kirov_202010.xls:Data Sheet:488,Софьино,деревня,нижегородская,14.0,57.6337,46.1079,/workspace/settlements-raw/data/raw/historical_geography/geokladr_okato_2011/okato.dbf,d1c8b983f2489724a940bd2a64dedda73b602f6c491d5c09391deaf362fe2650,raw_dbf_record_number_1based=29835;byte_offset_0based=11785135,geokladr_2011_raw_dbf_coordinate,reviewed_extension_rule_accepted,GeoKLADR2011:OKATO:22212551005,2021:data_allsettlements_anon_156_v20251217.parquet:parquet:71604,Софьино,деревня,нижегородская,10.0,55.5961821,44.747029,/workspace/settlements-raw/data/interim/2021_tochno/data_allsettlements_anon_156_v20251217.parquet,86c197cd522e0b63669e9c6e7f43fd3d82b3704c6a126c800a9968ecd16cae14,"parquet_row_1based=71604;latitude_dadata,longitude_dadata",tochno_2021_dadata_raw_parquet_point,reviewed_rule_accepted,2021:data_allsettlements_anon_156_v20251217.parquet:parquet:71604,241.36634027153553,0.0,241.36634027153553,241.36634027153553,distance_km_2002_2010,132
2002:027_25f0f7433c_02c_Pskovskaja.xls:!!:2800,2002:027_25f0f7433c_02c_Pskovskaja.xls:!!:2800,Корсаково,деревня,псковская,15.0,58.2195,28.7768,/workspace/settlements-raw/data/raw/historical_geography/geokladr_okato_2011/okato.dbf,d1c8b983f2489724a940bd2a64dedda73b602f6c491d5c09391deaf362fe2650,raw_dbf_record_number_1based=96334;byte_offset_0based=38052240,geokladr_2011_raw_dbf_coordinate,reviewed_extension_rule_accepted,GeoKLADR2011:OKATO:58220810057,2010:012_5c339c0d0e_4._20Vologod_pskov_2010.xls:Data Sheet:10672,Корсаково,деревня,псковская,5.0,58.2195,28.7768,/workspace/settlements-raw/data/raw/historical_geography/geokladr_okato_2011/okato.dbf,d1c8b983f2489724a940bd2a64dedda73b602f6c491d5c09391deaf362fe2650,raw_dbf_record_number_1based=96334;byte_offset_0based=38052240,geokladr_2011_raw_dbf_coordinate,reviewed_extension_rule_accepted,GeoKLADR2011:OKATO:58220810057,2021:data_allsettlements_anon_156_v20251217.parquet:parquet:102887,Корсаково,деревня,псковская,1.0,56.1404,29.9028,/workspace/settlements-raw/data/raw/coordinate_candidates/geonames_RU_20260907.zip,9bf299daaff13de75ddbf610e113469aae80537d66a7de3437967576c6509ff4,RU.txt:line=296218;geonameid=7599140,geonames_ru_txt_named_place_point,reviewed_extension_rule_accepted,GeoNames:geonameid:7599140,0.0,240.931084114849,240.931084114849,240.931084114849,distance_km_2002_2021,133
2002:047_9960082a3e_02c_Kirovskaja_new.xls:Sheet1:1100,2002:047_9960082a3e_02c_Kirovskaja_new.xls:Sheet1:1100,Урма,деревня,кировская,8.0,57.3327779,47.2659365,/workspace/settlements-raw/data/interim/2021_tochno/data_allsettlements_anon_156_v20251217.parquet,86c197cd522e0b63669e9c6e7f43fd3d82b3704c6a126c800a9968ecd16cae14,"carrier_target_source_record_id=2021:data_allsettlements_anon_156_v20251217.parquet:parquet:33501;parquet_row_1based=33501;latitude_dadata,longitude_dadata",retrospective_continuity_from_tochno_2021_dadata_raw_parquet_point,reviewed_extension_rule_accepted,2021:data_allsettlements_anon_156_v20251217.parquet:parquet:33501,2010:014_5ca759eea0_5._20Nizheg_Kirov_202010.xls:Data Sheet:5591,Урма,деревня,кировская,4.0,56.822884,51.13722,/workspace/settlements-raw/data/raw/historical_geography/geokladr_okato_2011/okato.dbf,d1c8b983f2489724a940bd2a64dedda73b602f6c491d5c09391deaf362fe2650,raw_dbf_record_number_1based=54166;byte_offset_0based=21395880,geokladr_2011_raw_dbf_coordinate,reviewed_extension_rule_accepted,GeoKLADR2011:OKATO:33216551010,2021:data_allsettlements_anon_156_v20251217.parquet:parquet:33501,Урма,деревня,кировская,5.0,57.3327779,47.2659365,/workspace/settlements-raw/data/interim/2021_tochno/data_allsettlements_anon_156_v20251217.parquet,86c197cd522e0b63669e9c6e7f43fd3d82b3704c6a126c800a9968ecd16cae14,"parquet_row_1based=33501;latitude_dadata,longitude_dadata",tochno_2021_dadata_raw_parquet_point,reviewed_rule_accepted,2021:data_allsettlements_anon_156_v20251217.parquet:parquet:33501,240.69433623169405,0.0,240.69433623169405,240.69433623169405,distance_km_2002_2010,134
2002:066_76aa869929_Altai_krai1.xls:Sheet1:1196,2002:066_76aa869929_Altai_krai1.xls:Sheet1:1196,Токарево,село,алтайский,1053.0,52.0638938,81.2207613,/workspace/settlements-raw/data/interim/2021_tochno/data_allsettlements_anon_156_v20251217.parquet,86c197cd522e0b63669e9c6e7f43fd3d82b3704c6a126c800a9968ecd16cae14,"carrier_target_source_record_id=2021:data_allsettlements_anon_156_v20251217.parquet:parquet:39876;parquet_row_1based=39876;latitude_dadata,longitude_dadata",retrospective_continuity_from_tochno_2021_dadata_raw_parquet_point,reviewed_extension_rule_accepted,2021:data_allsettlements_anon_156_v20251217.parquet:parquet:39876,2010:008_342f3c208b_16._20Сиб_ФО_2010.xls:Sib:705,Токарёво,село,алтайский,831.0,53.45,83.947,/workspace/settlements-raw/data/raw/historical_geography/geokladr_okato_2011/okato.dbf,d1c8b983f2489724a940bd2a64dedda73b602f6c491d5c09391deaf362fe2650,raw_dbf_record_number_1based=698;byte_offset_0based=276020,geokladr_2011_raw_dbf_coordinate,reviewed_extension_rule_accepted,GeoKLADR2011:OKATO:01228877001,2021:data_allsettlements_anon_156_v20251217.parquet:parquet:39876,Токарёво,село,алтайский,529.0,52.0638938,81.2207613,/workspace/settlements-raw/data/interim/2021_tochno/data_allsettlements_anon_156_v20251217.parquet,86c197cd522e0b63669e9c6e7f43fd3d82b3704c6a126c800a9968ecd16cae14,"parquet_row_1based=39876;latitude_dadata,longitude_dadata",tochno_2021_dadata_raw_parquet_point,reviewed_rule_accepted,2021:data_allsettlements_anon_156_v20251217.parquet:parquet:39876,239.58231231616097,0.0,239.58231231616097,239.58231231616097,distance_km_2002_2010,135
2002:051_46e3ecb0a0_02c_Permskaja_obl.xls:Sheet1:382,2002:051_46e3ecb0a0_02c_Permskaja_obl.xls:Sheet1:382,Выломово,деревня,пермский,0.0,59.226702,54.103027,/workspace/settlements-raw/data/raw/historical_geography/geokladr_okato_2011/okato.dbf,d1c8b983f2489724a940bd2a64dedda73b602f6c491d5c09391deaf362fe2650,raw_dbf_record_number_1based=93648;byte_offset_0based=36991270,geokladr_2011_raw_dbf_coordinate,reviewed_extension_rule_accepted,GeoKLADR2011:OKATO:57427807002,2010:016_802d308e41_8._20Or_Penz_Perm_Samar_Saratov_Uly_2010.xls:!!!:8071,Выломово,деревня,пермский,4.0,59.226702,54.103027,/workspace/settlements-raw/data/raw/historical_geography/geokladr_okato_2011/okato.dbf,d1c8b983f2489724a940bd2a64dedda73b602f6c491d5c09391deaf362fe2650,raw_dbf_record_number_1based=93648;byte_offset_0based=36991270,geokladr_2011_raw_dbf_coordinate,reviewed_extension_rule_accepted,GeoKLADR2011:OKATO:57427807002,2021:data_allsettlements_anon_156_v20251217.parquet:parquet:98277,Выломово,деревня,пермский,2.0,58.156,57.6843,/workspace/settlements-raw/data/raw/coordinate_candidates/geonames_RU_20260907.zip,9bf299daaff13de75ddbf610e113469aae80537d66a7de3437967576c6509ff4,RU.txt:line=328038;geonameid=8061531,geonames_ru_txt_named_place_point,reviewed_extension_rule_accepted,GeoNames:geonameid:8061531,0.0,238.69387998148667,238.69387998148667,238.69387998148667,distance_km_2002_2021,136
2002:015_90ef69f659_02c_Tver_obl.xls:!!!:7939,2002:015_90ef69f659_02c_Tver_obl.xls:!!!:7939,Черное Дмитрово,деревня,тверская,0.0,56.799834,33.6788051,/workspace/settlements-raw/data/interim/2021_tochno/data_allsettlements_anon_156_v20251217.parquet,86c197cd522e0b63669e9c6e7f43fd3d82b3704c6a126c800a9968ecd16cae14,"carrier_target_source_record_id=2021:data_allsettlements_anon_156_v20251217.parquet:parquet:136449;parquet_row_1based=136449;latitude_dadata,longitude_dadata",retrospective_continuity_from_tochno_2021_dadata_raw_parquet_point,reviewed_extension_rule_accepted,2021:data_allsettlements_anon_156_v20251217.parquet:parquet:136449,2010:019_a193ec7827_Tver_L1_ethn_np_2010.xls:Data Sheet:7393,Черное Дмитрово,деревня,тверская,0.0,58.3374,36.4552,/workspace/settlements-raw/data/raw/historical_geography/geokladr_okato_2011/okato.dbf,d1c8b983f2489724a940bd2a64dedda73b602f6c491d5c09391deaf362fe2650,raw_dbf_record_number_1based=46959;byte_offset_0based=18549115,geokladr_2011_raw_dbf_coordinate,reviewed_extension_rule_accepted,GeoKLADR2011:OKATO:28250810014,2021:data_allsettlements_anon_156_v20251217.parquet:parquet:136449,Черное Дмитрово,деревня,тверская,0.0,56.799834,33.6788051,/workspace/settlements-raw/data/interim/2021_tochno/data_allsettlements_anon_156_v20251217.parquet,86c197cd522e0b63669e9c6e7f43fd3d82b3704c6a126c800a9968ecd16cae14,"parquet_row_1based=136449;latitude_dadata,longitude_dadata",tochno_2021_dadata_raw_parquet_point,reviewed_rule_accepted,2021:data_allsettlements_anon_156_v20251217.parquet:parquet:136449,237.95882921762814,0.0,237.95882921762814,237.95882921762814,distance_km_2002_2010,137
2002:078_8405ea8fce_Yakutia.xls:Sheet1:389,2002:078_8405ea8fce_Yakutia.xls:Sheet1:389,Тонгулах,село,саха якутия,11.0,63.474368,121.235765,/workspace/settlements-raw/data/raw/historical_geography/geokladr_okato_2011/okato.dbf,d1c8b983f2489724a940bd2a64dedda73b602f6c491d5c09391deaf362fe2650,raw_dbf_record_number_1based=151328;byte_offset_0based=59774870,geokladr_2011_raw_dbf_coordinate,reviewed_extension_rule_accepted,GeoKLADR2011:OKATO:98220833002,2010:009_81f8a0e73c_17._20ДВ_ФО_2010.xls:ДВ:2403,Тонгулах,село,саха якутия,15.0,63.474368,121.235765,/workspace/settlements-raw/data/raw/historical_geography/geokladr_okato_2011/okato.dbf,d1c8b983f2489724a940bd2a64dedda73b602f6c491d5c09391deaf362fe2650,raw_dbf_record_number_1based=151328;byte_offset_0based=59774870,geokladr_2011_raw_dbf_coordinate,reviewed_extension_rule_accepted,GeoKLADR2011:OKATO:98220833002,2021:data_allsettlements_anon_156_v20251217.parquet:parquet:166351,Тонгулах,село,саха якутия,15.0,61.9573896,124.5205335,/workspace/settlements-raw/data/interim/2021_tochno/data_allsettlements_anon_156_v20251217.parquet,86c197cd522e0b63669e9c6e7f43fd3d82b3704c6a126c800a9968ecd16cae14,"parquet_row_1based=166351;latitude_dadata,longitude_dadata",tochno_2021_dadata_raw_parquet_point,reviewed_rule_accepted,2021:data_allsettlements_anon_156_v20251217.parquet:parquet:166351,0.0,237.61392324393847,237.61392324393847,237.61392324393847,distance_km_2002_2021,138
2002:049_8bbd34a852_Orenburgskaja1.xls:Sheet1:890,2002:049_8bbd34a852_Orenburgskaja1.xls:Sheet1:890,Воскресенка,село,оренбургская,17.0,52.05,54.816667,/workspace/settlements-raw/data/raw/historical_geography/geokladr_okato_2011/okato.dbf,d1c8b983f2489724a940bd2a64dedda73b602f6c491d5c09391deaf362fe2650,raw_dbf_record_number_1based=84517;byte_offset_0based=33384525,geokladr_2011_raw_dbf_coordinate,reviewed_extension_rule_accepted,GeoKLADR2011:OKATO:53214840003,2010:016_802d308e41_8._20Or_Penz_Perm_Samar_Saratov_Uly_2010.xls:!!!:1819,Воскресенка,село,оренбургская,13.0,52.05,54.816667,/workspace/settlements-raw/data/raw/historical_geography/geokladr_okato_2011/okato.dbf,d1c8b983f2489724a940bd2a64dedda73b602f6c491d5c09391deaf362fe2650,raw_dbf_record_number_1based=84517;byte_offset_0based=33384525,geokladr_2011_raw_dbf_coordinate,reviewed_extension_rule_accepted,GeoKLADR2011:OKATO:53214840003,2021:data_allsettlements_anon_156_v20251217.parquet:parquet:86322,Воскресенка,село,оренбургская,7.0,51.33944,58.0675,/workspace/settlements-raw/data/raw/coordinate_candidates/geonames_RU_20260907.zip,9bf299daaff13de75ddbf610e113469aae80537d66a7de3437967576c6509ff4,RU.txt:line=11250;geonameid=471684,geonames_ru_txt_named_place_point,reviewed_extension_rule_accepted,GeoNames:geonameid:471684,0.0,237.5591580306535,237.5591580306535,237.5591580306535,distance_km_2002_2021,139
2002:022_862ad8a69d_02c_Vologodskaya.xls:2C:6586,2002:022_862ad8a69d_02c_Vologodskaya.xls:2C:6586,Ермолинская,деревня,вологодская,8.0,60.545498,43.437133,/workspace/settlements-raw/data/raw/historical_geography/geokladr_okato_2011/okato.dbf,d1c8b983f2489724a940bd2a64dedda73b602f6c491d5c09391deaf362fe2650,raw_dbf_record_number_1based=25811;byte_offset_0based=10195655,geokladr_2011_raw_dbf_coordinate,reviewed_extension_rule_accepted,GeoKLADR2011:OKATO:19248808012,2010:012_5c339c0d0e_4._20Vologod_pskov_2010.xls:Data Sheet:6148,Ермолинская,деревня,вологодская,4.0,60.545498,43.437133,/workspace/settlements-raw/data/raw/historical_geography/geokladr_okato_2011/okato.dbf,d1c8b983f2489724a940bd2a64dedda73b602f6c491d5c09391deaf362fe2650,raw_dbf_record_number_1based=25811;byte_offset_0based=10195655,geokladr_2011_raw_dbf_coordinate,reviewed_extension_rule_accepted,GeoKLADR2011:OKATO:19248808012,2021:data_allsettlements_anon_156_v20251217.parquet:parquet:12025,Ермолинская,деревня,вологодская,4.0,59.9992,39.3148,/workspace/settlements-raw/data/raw/coordinate_candidates/geonames_RU_20260907.zip,9bf299daaff13de75ddbf610e113469aae80537d66a7de3437967576c6509ff4,RU.txt:line=334983;geonameid=8245774,geonames_ru_txt_named_place_point,reviewed_extension_rule_accepted,GeoNames:geonameid:8245774,0.0,235.23488132033856,235.23488132033856,235.23488132033856,distance_km_2002_2021,140
2002:010_3e630cc803_02c_Moskovskaya-oblast.xls:Sheet1:6211,2002:010_3e630cc803_02c_Moskovskaya-oblast.xls:Sheet1:6211,Колбасино,деревня,московская,11.0,56.851118,37.9109399,/workspace/settlements-raw/data/interim/2021_tochno/data_allsettlements_anon_156_v20251217.parquet,86c197cd522e0b63669e9c6e7f43fd3d82b3704c6a126c800a9968ecd16cae14,"carrier_target_source_record_id=2021:data_allsettlements_anon_156_v20251217.parquet:parquet:70534;parquet_row_1based=70534;latitude_dadata,longitude_dadata",retrospective_continuity_from_tochno_2021_dadata_raw_parquet_point,reviewed_extension_rule_accepted,2021:data_allsettlements_anon_156_v20251217.parquet:parquet:70534,2010:010_711691e352_2._20Kostrom_Kur_Lip_Moscow_MoscObl_Orlov_2010.xls:Data Sheet:13646,Колбасино,деревня,московская,29.0,54.797265,38.807513,/workspace/settlements-raw/data/raw/historical_geography/geokladr_okato_2011/okato.dbf,d1c8b983f2489724a940bd2a64dedda73b602f6c491d5c09391deaf362fe2650,raw_dbf_record_number_1based=76444;byte_offset_0based=30195690,geokladr_2011_raw_dbf_coordinate,reviewed_extension_rule_accepted,GeoKLADR2011:OKATO:46254810037,2021:data_allsettlements_anon_156_v20251217.parquet:parquet:70534,Колбасино,деревня,московская,88.0,56.851118,37.9109399,/workspace/settlements-raw/data/interim/2021_tochno/data_allsettlements_anon_156_v20251217.parquet,86c197cd522e0b63669e9c6e7f43fd3d82b3704c6a126c800a9968ecd16cae14,"parquet_row_1based=70534;latitude_dadata,longitude_dadata",tochno_2021_dadata_raw_parquet_point,reviewed_rule_accepted,2021:data_allsettlements_anon_156_v20251217.parquet:parquet:70534,235.13891231383266,0.0,235.13891231383266,235.13891231383266,distance_km_2002_2010,141
2002:1_TOM_01_04.xls:0:6039,2002:1_TOM_01_04.xls:0:6039,Опарино,пгт,кировская,5142.0,57.812199,49.350746,/workspace/settlements-raw/data/raw/historical_geography/geokladr_okato_2011/okato.dbf,d1c8b983f2489724a940bd2a64dedda73b602f6c491d5c09391deaf362fe2650,DBF_record_1based=55467;DBF_byte_offset_0based=21909775;OKATO2011_raw=33229551000,raw_named_typed_geo2011_object,reviewed_extension_rule_accepted,,ROSSTAT2010:T5:p128:l44,Опарино,пгт,кировская,4440.0,59.851667,48.278333,/workspace/settlements-raw/data/raw/wikidata_truthy_claims/batch_0106.jsonl.gz,1673983e37393130e75aedbeac054fc936c12d62095ac2a7c078d0a6750b4f91,"{""line_number"": 14571, ""locator"": ""batch_0106.jsonl.gz#line=14571"", ""retrieved_at_utc"": ""2026-08-31T20:59:18.070573+00:00"", ""source_file"": ""batch_0106.jsonl.gz"", ""value_raw"": ""POINT(48.278333 59.851667)""}",wikidata_P625_point_claim,reviewed_extension_rule_accepted,2021:data_allsettlements_anon_156_v20251217.parquet:parquet:35846,2021:data_allsettlements_anon_156_v20251217.parquet:parquet:35846,Опарино,пгт,кировская,3891.0,59.851667,48.278333,/workspace/settlements-raw/data/raw/wikidata_truthy_claims/batch_0106.jsonl.gz,1673983e37393130e75aedbeac054fc936c12d62095ac2a7c078d0a6750b4f91,"{""line_number"": 14571, ""locator"": ""batch_0106.jsonl.gz#line=14571"", ""retrieved_at_utc"": ""2026-08-31T20:59:18.070573+00:00"", ""source_file"": ""batch_0106.jsonl.gz"", ""value_raw"": ""POINT(48.278333 59.851667)""}",wikidata_P625_point_claim,reviewed_extension_rule_accepted,Q3882808,235.01862063552093,235.01862063552093,0.0,235.01862063552093,distance_km_2002_2010,142
2002:018_25c6f5e960_02c_Karelia.xls:Sheet1:258,2002:018_25c6f5e960_02c_Karelia.xls:Sheet1:258,Сумозеро,посёлок,карелия,0.0,61.929616,36.6696,/workspace/settlements-raw/data/raw/historical_geography/geokladr_okato_2011/okato.dbf,d1c8b983f2489724a940bd2a64dedda73b602f6c491d5c09391deaf362fe2650,raw_dbf_record_number_1based=139004;byte_offset_0based=54906890,geokladr_2011_raw_dbf_coordinate,reviewed_extension_rule_accepted,GeoKLADR2011:OKATO:86204000034,ROSSTAT2010KARELIA:RURAL:DOCX:t23:r18,Сумозеро,посёлок,карелия,0.0,61.929616,36.6696,/workspace/settlements-raw/data/raw/historical_geography/geokladr_okato_2011/okato.dbf,d1c8b983f2489724a940bd2a64dedda73b602f6c491d5c09391deaf362fe2650,raw_dbf_record_number_1based=139004;byte_offset_0based=54906890,geokladr_2011_raw_dbf_coordinate,reviewed_extension_rule_accepted,GeoKLADR2011:OKATO:86204000034,2021:data_allsettlements_anon_156_v20251217.parquet:parquet:30898,Сумозеро,посёлок,карелия,0.0,63.9275,35.1656,/workspace/settlements-raw/data/raw/wikidata_truthy_claims/batch_0022.jsonl.gz,910697baff90b358e5f93fcc5bc6fc3fb832a1ad4340df3580e001fc3d3c0f6d,"{""line_number"": 10044, ""locator"": ""batch_0022.jsonl.gz#line=10044"", ""retrieved_at_utc"": ""2026-08-31T20:57:35.186875+00:00"", ""source_file"": ""batch_0022.jsonl.gz"", ""value_raw"": ""POINT(35.165600 63.927500)""}",wikidata_P625_point_claim,reviewed_extension_rule_accepted,Q16023096,0.0,234.81464354449534,234.81464354449534,234.81464354449534,distance_km_2002_2021,143
2002:019_df0966dd1f_02c_komi.xls:Sheet1:379,2002:019_df0966dd1f_02c_komi.xls:Sheet1:379,Тыбъю,посёлок,коми,5.0,60.6088742,50.4240139,/workspace/settlements-raw/data/interim/2021_tochno/data_allsettlements_anon_156_v20251217.parquet,86c197cd522e0b63669e9c6e7f43fd3d82b3704c6a126c800a9968ecd16cae14,"carrier_target_source_record_id=2021:data_allsettlements_anon_156_v20251217.parquet:parquet:38045;parquet_row_1based=38045;latitude_dadata,longitude_dadata",retrospective_continuity_from_tochno_2021_dadata_raw_parquet_point,reviewed_extension_rule_accepted,2021:data_allsettlements_anon_156_v20251217.parquet:parquet:38045,2010:015_847d50d091_6._20Komi_2010.xls:komi:104,Тыбъю,посёлок,коми,4.0,62.617353,51.785341,/workspace/settlements-raw/data/raw/historical_geography/geokladr_okato_2011/okato.dbf,d1c8b983f2489724a940bd2a64dedda73b602f6c491d5c09391deaf362fe2650,raw_dbf_record_number_1based=139855;byte_offset_0based=55243035,geokladr_2011_raw_dbf_coordinate,reviewed_extension_rule_accepted,GeoKLADR2011:OKATO:87212845004,2021:data_allsettlements_anon_156_v20251217.parquet:parquet:38045,Тыбъю,посёлок,коми,0.0,60.6088742,50.4240139,/workspace/settlements-raw/data/interim/2021_tochno/data_allsettlements_anon_156_v20251217.parquet,86c197cd522e0b63669e9c6e7f43fd3d82b3704c6a126c800a9968ecd16cae14,"parquet_row_1based=38045;latitude_dadata,longitude_dadata",tochno_2021_dadata_raw_parquet_point,reviewed_rule_accepted,2021:data_allsettlements_anon_156_v20251217.parquet:parquet:38045,234.62857346574668,0.0,234.62857346574668,234.62857346574668,distance_km_2002_2010,144
2002:057_9b18a354f1_02c_Sverdlovskaja_oblast.xls:Sheet1:919,2002:057_9b18a354f1_02c_Sverdlovskaja_oblast.xls:Sheet1:919,Сосновский,посёлок,свердловская,15.0,58.707004,62.250025,/workspace/settlements-raw/data/raw/historical_geography/geokladr_okato_2011/okato.dbf,d1c8b983f2489724a940bd2a64dedda73b602f6c491d5c09391deaf362fe2650,raw_dbf_record_number_1based=109166;byte_offset_0based=43120880,geokladr_2011_raw_dbf_coordinate,reviewed_extension_rule_accepted,GeoKLADR2011:OKATO:65210855003,2010:003_eb441570b1_11._20Урал_ФО_2010.xls:Урал:3220,Сосновский,посёлок,свердловская,13.0,58.707004,62.250025,/workspace/settlements-raw/data/raw/historical_geography/geokladr_okato_2011/okato.dbf,d1c8b983f2489724a940bd2a64dedda73b602f6c491d5c09391deaf362fe2650,raw_dbf_record_number_1based=109166;byte_offset_0based=43120880,geokladr_2011_raw_dbf_coordinate,reviewed_extension_rule_accepted,GeoKLADR2011:OKATO:65210855003,2021:data_allsettlements_anon_156_v20251217.parquet:parquet:119756,Сосновский,посёлок,свердловская,4.0,56.62361,61.9675,/workspace/settlements-raw/data/raw/wikidata_truthy_claims/batch_0090.jsonl.gz,fce12304fff45cdb07d5ef940c86b28d889687eb471fee234014d2cfc20885ae,"{""line_number"": 7375, ""locator"": ""batch_0090.jsonl.gz#line=7375"", ""retrieved_at_utc"": ""2026-08-31T20:58:55.803286+00:00"", ""source_file"": ""batch_0090.jsonl.gz"", ""value_raw"": ""POINT(61.967500 56.623610)""}",wikidata_P625_point_claim,reviewed_extension_rule_accepted,Q24073470,0.0,232.27116956659322,232.27116956659322,232.27116956659322,distance_km_2002_2021,145
2002:072_970adef884_Kemerov_obl_new.xls:Sheet1:810,2002:072_970adef884_Kemerov_obl_new.xls:Sheet1:810,Маяковка,посёлок,кемеровская,232.0,54.0045931,86.763533,/workspace/settlements-raw/data/interim/2021_tochno/data_allsettlements_anon_156_v20251217.parquet,86c197cd522e0b63669e9c6e7f43fd3d82b3704c6a126c800a9968ecd16cae14,"carrier_target_source_record_id=2021:data_allsettlements_anon_156_v20251217.parquet:parquet:32409;parquet_row_1based=32409;latitude_dadata,longitude_dadata",retrospective_continuity_from_tochno_2021_dadata_raw_parquet_point,reviewed_extension_rule_accepted,2021:data_allsettlements_anon_156_v20251217.parquet:parquet:32409,2010:008_342f3c208b_16._20Сиб_ФО_2010.xls:Sib:5529,Маяковка,посёлок,кемеровская,238.0,56.058,86.1028,/workspace/settlements-raw/data/raw/historical_geography/geokladr_okato_2011/okato.dbf,d1c8b983f2489724a940bd2a64dedda73b602f6c491d5c09391deaf362fe2650,raw_dbf_record_number_1based=52911;byte_offset_0based=20900155,geokladr_2011_raw_dbf_coordinate,reviewed_extension_rule_accepted,GeoKLADR2011:OKATO:32222858003,2021:data_allsettlements_anon_156_v20251217.parquet:parquet:32409,Маяковка,посёлок,кемеровская,209.0,54.0045931,86.763533,/workspace/settlements-raw/data/interim/2021_tochno/data_allsettlements_anon_156_v20251217.parquet,86c197cd522e0b63669e9c6e7f43fd3d82b3704c6a126c800a9968ecd16cae14,"parquet_row_1based=32409;latitude_dadata,longitude_dadata",tochno_2021_dadata_raw_parquet_point,reviewed_rule_accepted,2021:data_allsettlements_anon_156_v20251217.parquet:parquet:32409,232.17606780442873,0.0,232.17606780442873,232.17606780442873,distance_km_2002_2010,146
2002:026_0eca405331_02c_Novgorodskaja.xls:Sheet1:3764,2002:026_0eca405331_02c_Novgorodskaja.xls:Sheet1:3764,Мячино,деревня,новгородская,6.0,58.70747,30.53787,/workspace/settlements-raw/data/raw/historical_geography/geokladr_okato_2011/okato.dbf,d1c8b983f2489724a940bd2a64dedda73b602f6c491d5c09391deaf362fe2650,raw_dbf_record_number_1based=80623;byte_offset_0based=31846395,geokladr_2011_raw_dbf_coordinate,reviewed_extension_rule_accepted,GeoKLADR2011:OKATO:49245828010,2010:001_723371ec84_1._20NW_2010.xls:NW:11689,Мячино,деревня,новгородская,6.0,58.70747,30.53787,/workspace/settlements-raw/data/raw/historical_geography/geokladr_okato_2011/okato.dbf,d1c8b983f2489724a940bd2a64dedda73b602f6c491d5c09391deaf362fe2650,raw_dbf_record_number_1based=80623;byte_offset_0based=31846395,geokladr_2011_raw_dbf_coordinate,reviewed_extension_rule_accepted,GeoKLADR2011:OKATO:49245828010,2021:data_allsettlements_anon_156_v20251217.parquet:parquet:77040,Мячино,деревня,новгородская,1.0,59.1361329,34.4715655,/workspace/settlements-raw/data/interim/2021_tochno/data_allsettlements_anon_156_v20251217.parquet,86c197cd522e0b63669e9c6e7f43fd3d82b3704c6a126c800a9968ecd16cae14,"parquet_row_1based=77040;latitude_dadata,longitude_dadata",tochno_2021_dadata_raw_parquet_point,reviewed_rule_accepted,2021:data_allsettlements_anon_156_v20251217.parquet:parquet:77040,0.0,230.73272289432936,230.73272289432936,230.73272289432936,distance_km_2002_2021,147
2002:067_7363c80f41_02c_Krasnojarski_lraj.xls:Sheet1:961,2002:067_7363c80f41_02c_Krasnojarski_lraj.xls:Sheet1:961,Захаровка,село,красноярский,133.0,57.8017407,93.3010549,/workspace/settlements-raw/data/interim/2021_tochno/data_allsettlements_anon_156_v20251217.parquet,86c197cd522e0b63669e9c6e7f43fd3d82b3704c6a126c800a9968ecd16cae14,"carrier_target_source_record_id=2021:data_allsettlements_anon_156_v20251217.parquet:parquet:48016;parquet_row_1based=48016;latitude_dadata,longitude_dadata",retrospective_continuity_from_tochno_2021_dadata_raw_parquet_point,reviewed_extension_rule_accepted,2021:data_allsettlements_anon_156_v20251217.parquet:parquet:48016,2010:008_342f3c208b_16._20Сиб_ФО_2010.xls:Sib:2380,Захаровка,село,красноярский,79.0,56.5652,96.2826,/workspace/settlements-raw/data/raw/historical_geography/geokladr_okato_2011/okato.dbf,d1c8b983f2489724a940bd2a64dedda73b602f6c491d5c09391deaf362fe2650,raw_dbf_record_number_1based=4105;byte_offset_0based=1621785,geokladr_2011_raw_dbf_coordinate,reviewed_extension_rule_accepted,GeoKLADR2011:OKATO:04220810001,2021:data_allsettlements_anon_156_v20251217.parquet:parquet:48016,Захаровка,село,красноярский,27.0,57.8017407,93.3010549,/workspace/settlements-raw/data/interim/2021_tochno/data_allsettlements_anon_156_v20251217.parquet,86c197cd522e0b63669e9c6e7f43fd3d82b3704c6a126c800a9968ecd16cae14,"parquet_row_1based=48016;latitude_dadata,longitude_dadata",tochno_2021_dadata_raw_parquet_point,reviewed_rule_accepted,2021:data_allsettlements_anon_156_v20251217.parquet:parquet:48016,226.21454931602642,0.0,226.21454931602642,226.21454931602642,distance_km_2002_2010,148
2002:001_6e5cceefdf_02c_Belgorod-obl.xls:Sheet1:250,2002:001_6e5cceefdf_02c_Belgorod-obl.xls:Sheet1:250,Грузское,село,белгородская,1103.0,50.5207271,35.9699916,/workspace/settlements-raw/data/interim/2021_tochno/data_allsettlements_anon_156_v20251217.parquet,86c197cd522e0b63669e9c6e7f43fd3d82b3704c6a126c800a9968ecd16cae14,"carrier_target_source_record_id=2021:data_allsettlements_anon_156_v20251217.parquet:parquet:164268;parquet_row_1based=164268;latitude_dadata,longitude_dadata",retrospective_continuity_from_tochno_2021_dadata_raw_parquet_point,reviewed_extension_rule_accepted,2021:data_allsettlements_anon_156_v20251217.parquet:parquet:164268,2010:013_f60b2d2bcf_5._20Belg_Bryan_Vlad_Voron_Ivanov_Kalug_20L1_ethn_2010.xls:Data Sheet:191,Грузское,село,белгородская,1035.0,50.210618,39.110904,/workspace/settlements-raw/data/raw/historical_geography/geokladr_okato_2011/okato.dbf,d1c8b983f2489724a940bd2a64dedda73b602f6c491d5c09391deaf362fe2650,raw_dbf_record_number_1based=11788;byte_offset_0based=4656570,geokladr_2011_raw_dbf_coordinate,reviewed_extension_rule_accepted,GeoKLADR2011:OKATO:14215832001,2021:data_allsettlements_anon_156_v20251217.parquet:parquet:164268,Грузское,село,белгородская,947.0,50.5207271,35.9699916,/workspace/settlements-raw/data/interim/2021_tochno/data_allsettlements_anon_156_v20251217.parquet,86c197cd522e0b63669e9c6e7f43fd3d82b3704c6a126c800a9968ecd16cae14,"parquet_row_1based=164268;latitude_dadata,longitude_dadata",tochno_2021_dadata_raw_parquet_point,reviewed_rule_accepted,2021:data_allsettlements_anon_156_v20251217.parquet:parquet:164268,225.4190956360625,0.0,225.4190956360625,225.4190956360625,distance_km_2002_2010,149
2002:072_970adef884_Kemerov_obl_new.xls:Sheet1:164,2002:072_970adef884_Kemerov_obl_new.xls:Sheet1:164,Каменушка,деревня,кемеровская,178.0,54.3004044,85.7663666,/workspace/settlements-raw/data/interim/2021_tochno/data_allsettlements_anon_156_v20251217.parquet,86c197cd522e0b63669e9c6e7f43fd3d82b3704c6a126c800a9968ecd16cae14,"carrier_target_source_record_id=2021:data_allsettlements_anon_156_v20251217.parquet:parquet:32141;parquet_row_1based=32141;latitude_dadata,longitude_dadata",retrospective_continuity_from_tochno_2021_dadata_raw_parquet_point,reviewed_extension_rule_accepted,2021:data_allsettlements_anon_156_v20251217.parquet:parquet:32141,2010:008_342f3c208b_16._20Сиб_ФО_2010.xls:Sib:5026,Каменушка,деревня,кемеровская,33.0,52.7766,87.98,/workspace/settlements-raw/data/raw/historical_geography/geokladr_okato_2011/okato.dbf,d1c8b983f2489724a940bd2a64dedda73b602f6c491d5c09391deaf362fe2650,raw_dbf_record_number_1based=52420;byte_offset_0based=20706210,geokladr_2011_raw_dbf_coordinate,reviewed_extension_rule_accepted,GeoKLADR2011:OKATO:32202835003,2021:data_allsettlements_anon_156_v20251217.parquet:parquet:32141,Каменушка,деревня,кемеровская,0.0,54.3004044,85.7663666,/workspace/settlements-raw/data/interim/2021_tochno/data_allsettlements_anon_156_v20251217.parquet,86c197cd522e0b63669e9c6e7f43fd3d82b3704c6a126c800a9968ecd16cae14,"parquet_row_1based=32141;latitude_dadata,longitude_dadata",tochno_2021_dadata_raw_parquet_point,reviewed_rule_accepted,2021:data_allsettlements_anon_156_v20251217.parquet:parquet:32141,223.82495941079665,0.0,223.82495941079665,223.82495941079665,distance_km_2002_2010,150
2002:020_e4f979c6c7_02c_Arxang-new.xls:Sheet1:1077,2002:020_e4f979c6c7_02c_Arxang-new.xls:Sheet1:1077,Гарь,деревня,архангельская,30.0,61.9199867,38.7998729,/workspace/settlements-raw/data/interim/2021_tochno/data_allsettlements_anon_156_v20251217.parquet,86c197cd522e0b63669e9c6e7f43fd3d82b3704c6a126c800a9968ecd16cae14,"carrier_target_source_record_id=2021:data_allsettlements_anon_156_v20251217.parquet:parquet:87070;parquet_row_1based=87070;latitude_dadata,longitude_dadata",retrospective_continuity_from_tochno_2021_dadata_raw_parquet_point,reviewed_extension_rule_accepted,2021:data_allsettlements_anon_156_v20251217.parquet:parquet:87070,ARK2010:archive20131022:html_table1_tr1021,гарь,деревня,архангельская,11.0,61.209421,42.739963,/workspace/settlements-raw/data/raw/historical_geography/geokladr_okato_2011/okato.dbf,d1c8b983f2489724a940bd2a64dedda73b602f6c491d5c09391deaf362fe2650,raw_dbf_record_number_1based=8485;byte_offset_0based=3351885,geokladr_2011_raw_dbf_coordinate,reviewed_extension_rule_accepted,GeoKLADR2011:OKATO:11218828006,2021:data_allsettlements_anon_156_v20251217.parquet:parquet:87070,Гарь,деревня,архангельская,9.0,61.9199867,38.7998729,/workspace/settlements-raw/data/interim/2021_tochno/data_allsettlements_anon_156_v20251217.parquet,86c197cd522e0b63669e9c6e7f43fd3d82b3704c6a126c800a9968ecd16cae14,"parquet_row_1based=87070;latitude_dadata,longitude_dadata",tochno_2021_dadata_raw_parquet_point,reviewed_rule_accepted,2021:data_allsettlements_anon_156_v20251217.parquet:parquet:87070,223.0345596937217,0.0,223.0345596937217,223.0345596937217,distance_km_2002_2010,151
2002:010_3e630cc803_02c_Moskovskaya-oblast.xls:Sheet1:2190,2002:010_3e630cc803_02c_Moskovskaya-oblast.xls:Sheet1:2190,Третьяково,деревня,московская,70.0,54.915278,38.96,/workspace/settlements-raw/data/raw/historical_geography/geokladr_okato_2011/okato.dbf,d1c8b983f2489724a940bd2a64dedda73b602f6c491d5c09391deaf362fe2650,DBF_record_1based=72937;DBF_byte_offset_0based=28810425;OKATO2011_raw=46221822015,raw_named_typed_2011_rural_geo_object,reviewed_extension_rule_accepted,GEOKLADR2011:46221822015,2010:010_711691e352_2._20Kostrom_Kur_Lip_Moscow_MoscObl_Orlov_2010.xls:Data Sheet:10001,Третьяково,деревня,московская,66.0,56.3322799,36.469289,/workspace/settlements-raw/data/interim/2021_tochno/data_allsettlements_anon_156_v20251217.parquet,86c197cd522e0b63669e9c6e7f43fd3d82b3704c6a126c800a9968ecd16cae14,"parquet_row_1based=67387;latitude_dadata,longitude_dadata",tochno_2021_dadata_raw_parquet_point,reviewed_extension_rule_accepted,2021:data_allsettlements_anon_156_v20251217.parquet:parquet:67387,2021:data_allsettlements_anon_156_v20251217.parquet:parquet:67387,Третьяково,деревня,московская,117.0,56.3322799,36.469289,/workspace/settlements-raw/data/interim/2021_tochno/data_allsettlements_anon_156_v20251217.parquet,86c197cd522e0b63669e9c6e7f43fd3d82b3704c6a126c800a9968ecd16cae14,"parquet_row_1based=67387;latitude_dadata,longitude_dadata",tochno_2021_dadata_raw_parquet_point,reviewed_rule_accepted,2021:data_allsettlements_anon_156_v20251217.parquet:parquet:67387,221.96335447071988,221.96335447071988,0.0,221.96335447071988,distance_km_2002_2010,152
2002:026_0eca405331_02c_Novgorodskaja.xls:Sheet1:3776,2002:026_0eca405331_02c_Novgorodskaja.xls:Sheet1:3776,Ракитино,деревня,новгородская,128.0,57.98369,30.809167,/workspace/settlements-raw/data/raw/historical_geography/geokladr_okato_2011/okato.dbf,d1c8b983f2489724a940bd2a64dedda73b602f6c491d5c09391deaf362fe2650,raw_dbf_record_number_1based=80638;byte_offset_0based=31852320,geokladr_2011_raw_dbf_coordinate,reviewed_extension_rule_accepted,GeoKLADR2011:OKATO:49245830008,2010:001_723371ec84_1._20NW_2010.xls:NW:11704,Ракитино,деревня,новгородская,77.0,57.98369,30.809167,/workspace/settlements-raw/data/raw/historical_geography/geokladr_okato_2011/okato.dbf,d1c8b983f2489724a940bd2a64dedda73b602f6c491d5c09391deaf362fe2650,raw_dbf_record_number_1based=80638;byte_offset_0based=31852320,geokladr_2011_raw_dbf_coordinate,reviewed_extension_rule_accepted,GeoKLADR2011:OKATO:49245830008,2021:data_allsettlements_anon_156_v20251217.parquet:parquet:77072,Ракитино,деревня,новгородская,66.0,58.8988352,34.1697955,/workspace/settlements-raw/data/interim/2021_tochno/data_allsettlements_anon_156_v20251217.parquet,86c197cd522e0b63669e9c6e7f43fd3d82b3704c6a126c800a9968ecd16cae14,"parquet_row_1based=77072;latitude_dadata,longitude_dadata",tochno_2021_dadata_raw_parquet_point,reviewed_rule_accepted,2021:data_allsettlements_anon_156_v20251217.parquet:parquet:77072,0.0,220.43136933744907,220.43136933744907,220.43136933744907,distance_km_2002_2021,153
2002:066_76aa869929_Altai_krai1.xls:Sheet1:596,2002:066_76aa869929_Altai_krai1.xls:Sheet1:596,Каменушка,посёлок,алтайский,185.0,53.9025367,85.1454985,/workspace/settlements-raw/data/interim/2021_tochno/data_allsettlements_anon_156_v20251217.parquet,86c197cd522e0b63669e9c6e7f43fd3d82b3704c6a126c800a9968ecd16cae14,"carrier_target_source_record_id=2021:data_allsettlements_anon_156_v20251217.parquet:parquet:39335;parquet_row_1based=39335;latitude_dadata,longitude_dadata",retrospective_continuity_from_tochno_2021_dadata_raw_parquet_point,reviewed_extension_rule_accepted,2021:data_allsettlements_anon_156_v20251217.parquet:parquet:39335,2010:008_342f3c208b_16._20Сиб_ФО_2010.xls:Sib:336,Каменушка,посёлок,алтайский,191.0,53.8877,81.7954,/workspace/settlements-raw/data/raw/historical_geography/geokladr_okato_2011/okato.dbf,d1c8b983f2489724a940bd2a64dedda73b602f6c491d5c09391deaf362fe2650,raw_dbf_record_number_1based=330;byte_offset_0based=130660,geokladr_2011_raw_dbf_coordinate,reviewed_extension_rule_accepted,GeoKLADR2011:OKATO:01213896003,2021:data_allsettlements_anon_156_v20251217.parquet:parquet:39335,Каменушка,посёлок,алтайский,135.0,53.9025367,85.1454985,/workspace/settlements-raw/data/interim/2021_tochno/data_allsettlements_anon_156_v20251217.parquet,86c197cd522e0b63669e9c6e7f43fd3d82b3704c6a126c800a9968ecd16cae14,"parquet_row_1based=39335;latitude_dadata,longitude_dadata",tochno_2021_dadata_raw_parquet_point,reviewed_rule_accepted,2021:data_allsettlements_anon_156_v20251217.parquet:parquet:39335,219.49559614965918,0.0,219.49559614965918,219.49559614965918,distance_km_2002_2010,154
2002:051_46e3ecb0a0_02c_Permskaja_obl.xls:Sheet1:3645,2002:051_46e3ecb0a0_02c_Permskaja_obl.xls:Sheet1:3645,Комарята,деревня,пермский,8.0,57.0765936,54.3699544,/workspace/settlements-raw/data/interim/2021_tochno/data_allsettlements_anon_156_v20251217.parquet,86c197cd522e0b63669e9c6e7f43fd3d82b3704c6a126c800a9968ecd16cae14,"carrier_target_source_record_id=2021:data_allsettlements_anon_156_v20251217.parquet:parquet:97279;parquet_row_1based=97279;latitude_dadata,longitude_dadata",retrospective_continuity_from_tochno_2021_dadata_raw_parquet_point,reviewed_extension_rule_accepted,2021:data_allsettlements_anon_156_v20251217.parquet:parquet:97279,2010:016_802d308e41_8._20Or_Penz_Perm_Samar_Saratov_Uly_2010.xls:!!!:7541,Комарята,деревня,пермский,3.0,58.464896,56.986946,/workspace/settlements-raw/data/raw/historical_geography/geokladr_okato_2011/okato.dbf,d1c8b983f2489724a940bd2a64dedda73b602f6c491d5c09391deaf362fe2650,raw_dbf_record_number_1based=93121;byte_offset_0based=36783105,geokladr_2011_raw_dbf_coordinate,reviewed_extension_rule_accepted,GeoKLADR2011:OKATO:57255802005,2021:data_allsettlements_anon_156_v20251217.parquet:parquet:97279,Комарята,деревня,пермский,0.0,57.0765936,54.3699544,/workspace/settlements-raw/data/interim/2021_tochno/data_allsettlements_anon_156_v20251217.parquet,86c197cd522e0b63669e9c6e7f43fd3d82b3704c6a126c800a9968ecd16cae14,"parquet_row_1based=97279;latitude_dadata,longitude_dadata",tochno_2021_dadata_raw_parquet_point,reviewed_rule_accepted,2021:data_allsettlements_anon_156_v20251217.parquet:parquet:97279,218.86521132553867,0.0,218.86521132553867,218.86521132553867,distance_km_2002_2010,155
2002:026_0eca405331_02c_Novgorodskaja.xls:Sheet1:3477,2002:026_0eca405331_02c_Novgorodskaja.xls:Sheet1:3477,Дроздино,деревня,новгородская,46.0,57.6695871,31.519891,/workspace/settlements-raw/data/interim/2021_tochno/data_allsettlements_anon_156_v20251217.parquet,86c197cd522e0b63669e9c6e7f43fd3d82b3704c6a126c800a9968ecd16cae14,"carrier_target_source_record_id=2021:data_allsettlements_anon_156_v20251217.parquet:parquet:79819;parquet_row_1based=79819;latitude_dadata,longitude_dadata",retrospective_continuity_from_tochno_2021_dadata_raw_parquet_point,reviewed_extension_rule_accepted,2021:data_allsettlements_anon_156_v20251217.parquet:parquet:79819,2010:001_723371ec84_1._20NW_2010.xls:NW:11388,Дроздино,деревня,новгородская,37.0,59.224644,33.788927,/workspace/settlements-raw/data/raw/historical_geography/geokladr_okato_2011/okato.dbf,d1c8b983f2489724a940bd2a64dedda73b602f6c491d5c09391deaf362fe2650,raw_dbf_record_number_1based=80366;byte_offset_0based=31744880,geokladr_2011_raw_dbf_coordinate,reviewed_extension_rule_accepted,GeoKLADR2011:OKATO:49239846003,2021:data_allsettlements_anon_156_v20251217.parquet:parquet:79819,Дроздино,деревня,новгородская,17.0,57.6695871,31.519891,/workspace/settlements-raw/data/interim/2021_tochno/data_allsettlements_anon_156_v20251217.parquet,86c197cd522e0b63669e9c6e7f43fd3d82b3704c6a126c800a9968ecd16cae14,"parquet_row_1based=79819;latitude_dadata,longitude_dadata",tochno_2021_dadata_raw_parquet_point,reviewed_rule_accepted,2021:data_allsettlements_anon_156_v20251217.parquet:parquet:79819,217.53068537820812,0.0,217.53068537820812,217.53068537820812,distance_km_2002_2010,156
2002:066_76aa869929_Altai_krai1.xls:Sheet1:404,2002:066_76aa869929_Altai_krai1.xls:Sheet1:404,Новоегорьевское,село,алтайский,6217.0,51.7591509,80.8966271,/workspace/settlements-raw/data/interim/2021_tochno/data_allsettlements_anon_156_v20251217.parquet,86c197cd522e0b63669e9c6e7f43fd3d82b3704c6a126c800a9968ecd16cae14,"carrier_target_source_record_id=2021:data_allsettlements_anon_156_v20251217.parquet:parquet:39194;parquet_row_1based=39194;latitude_dadata,longitude_dadata",retrospective_continuity_from_tochno_2021_dadata_raw_parquet_point,reviewed_extension_rule_accepted,2021:data_allsettlements_anon_156_v20251217.parquet:parquet:39194,2010:008_342f3c208b_16._20Сиб_ФО_2010.xls:Sib:217,Новоегорьевское,село,алтайский,5771.0,53.4788,79.4426,/workspace/settlements-raw/data/raw/historical_geography/geokladr_okato_2011/okato.dbf,d1c8b983f2489724a940bd2a64dedda73b602f6c491d5c09391deaf362fe2650,raw_dbf_record_number_1based=211;byte_offset_0based=83655,geokladr_2011_raw_dbf_coordinate,reviewed_extension_rule_accepted,GeoKLADR2011:OKATO:01209833001,2021:data_allsettlements_anon_156_v20251217.parquet:parquet:39194,Новоегорьевское,село,алтайский,5020.0,51.7591509,80.8966271,/workspace/settlements-raw/data/interim/2021_tochno/data_allsettlements_anon_156_v20251217.parquet,86c197cd522e0b63669e9c6e7f43fd3d82b3704c6a126c800a9968ecd16cae14,"parquet_row_1based=39194;latitude_dadata,longitude_dadata",tochno_2021_dadata_raw_parquet_point,reviewed_rule_accepted,2021:data_allsettlements_anon_156_v20251217.parquet:parquet:39194,214.9280310432631,0.0,214.9280310432631,214.9280310432631,distance_km_2002_2010,157
2002:052_4be37f273b_02c_Komi_perm_AO.xls:Sheet1:478,2002:052_4be37f273b_02c_Komi_perm_AO.xls:Sheet1:478,Ермакова,деревня,пермский,66.0,59.1602929,54.6965309,/workspace/settlements-raw/data/interim/2021_tochno/data_allsettlements_anon_156_v20251217.parquet,86c197cd522e0b63669e9c6e7f43fd3d82b3704c6a126c800a9968ecd16cae14,"carrier_target_source_record_id=2021:data_allsettlements_anon_156_v20251217.parquet:parquet:96518;parquet_row_1based=96518;latitude_dadata,longitude_dadata",retrospective_continuity_from_tochno_2021_dadata_raw_parquet_point,reviewed_extension_rule_accepted,2021:data_allsettlements_anon_156_v20251217.parquet:parquet:96518,2010:016_802d308e41_8._20Or_Penz_Perm_Samar_Saratov_Uly_2010.xls:!!!:4870,Ермакова,деревня,пермский,59.0,57.287141,55.565928,/workspace/settlements-raw/data/raw/historical_geography/geokladr_okato_2011/okato.dbf,d1c8b983f2489724a940bd2a64dedda73b602f6c491d5c09391deaf362fe2650,raw_dbf_record_number_1based=90435;byte_offset_0based=35722135,geokladr_2011_raw_dbf_coordinate,reviewed_extension_rule_accepted,GeoKLADR2011:OKATO:57121930009,2021:data_allsettlements_anon_156_v20251217.parquet:parquet:96518,Ермакова,деревня,пермский,50.0,59.1602929,54.6965309,/workspace/settlements-raw/data/interim/2021_tochno/data_allsettlements_anon_156_v20251217.parquet,86c197cd522e0b63669e9c6e7f43fd3d82b3704c6a126c800a9968ecd16cae14,"parquet_row_1based=96518;latitude_dadata,longitude_dadata",tochno_2021_dadata_raw_parquet_point,reviewed_rule_accepted,2021:data_allsettlements_anon_156_v20251217.parquet:parquet:96518,214.41159222678257,0.0,214.41159222678257,214.41159222678257,distance_km_2002_2010,158
2002:051_46e3ecb0a0_02c_Permskaja_obl.xls:Sheet1:2703,2002:051_46e3ecb0a0_02c_Permskaja_obl.xls:Sheet1:2703,Гляденово,деревня,пермский,17.0,59.14301,57.189981,/workspace/settlements-raw/data/raw/historical_geography/geokladr_okato_2011/okato.dbf,d1c8b983f2489724a940bd2a64dedda73b602f6c491d5c09391deaf362fe2650,raw_dbf_record_number_1based=92378;byte_offset_0based=36489620,geokladr_2011_raw_dbf_coordinate,reviewed_extension_rule_accepted,GeoKLADR2011:OKATO:57242807003,2010:016_802d308e41_8._20Or_Penz_Perm_Samar_Saratov_Uly_2010.xls:!!!:6802,Гляденово,деревня,пермский,4.0,59.14301,57.189981,/workspace/settlements-raw/data/raw/historical_geography/geokladr_okato_2011/okato.dbf,d1c8b983f2489724a940bd2a64dedda73b602f6c491d5c09391deaf362fe2650,raw_dbf_record_number_1based=92378;byte_offset_0based=36489620,geokladr_2011_raw_dbf_coordinate,reviewed_extension_rule_accepted,GeoKLADR2011:OKATO:57242807003,2021:data_allsettlements_anon_156_v20251217.parquet:parquet:98536,Гляденово,деревня,пермский,0.0,57.4514,55.4533,/workspace/settlements-raw/data/raw/coordinate_candidates/geonames_RU_20260907.zip,9bf299daaff13de75ddbf610e113469aae80537d66a7de3437967576c6509ff4,RU.txt:line=231357;geonameid=6267296,geonames_ru_txt_named_place_point,reviewed_extension_rule_accepted,GeoNames:geonameid:6267296,0.0,213.71132178616733,213.71132178616733,213.71132178616733,distance_km_2002_2021,159
2002:047_9960082a3e_02c_Kirovskaja_new.xls:Sheet1:1009,2002:047_9960082a3e_02c_Kirovskaja_new.xls:Sheet1:1009,Мухино,село,кировская,1618.0,58.18102,51.0466731,/workspace/settlements-raw/data/interim/2021_tochno/data_allsettlements_anon_156_v20251217.parquet,86c197cd522e0b63669e9c6e7f43fd3d82b3704c6a126c800a9968ecd16cae14,"carrier_target_source_record_id=2021:data_allsettlements_anon_156_v20251217.parquet:parquet:34400;parquet_row_1based=34400;latitude_dadata,longitude_dadata",retrospective_continuity_from_tochno_2021_dadata_raw_parquet_point,reviewed_extension_rule_accepted,2021:data_allsettlements_anon_156_v20251217.parquet:parquet:34400,2010:014_5ca759eea0_5._20Nizheg_Kirov_202010.xls:Data Sheet:5526,Мухино,село,кировская,1487.0,56.260734,51.059829,/workspace/settlements-raw/data/raw/historical_geography/geokladr_okato_2011/okato.dbf,d1c8b983f2489724a940bd2a64dedda73b602f6c491d5c09391deaf362fe2650,raw_dbf_record_number_1based=54103;byte_offset_0based=21370995,geokladr_2011_raw_dbf_coordinate,reviewed_extension_rule_accepted,GeoKLADR2011:OKATO:33214824001,2021:data_allsettlements_anon_156_v20251217.parquet:parquet:34400,Мухино,село,кировская,1233.0,58.18102,51.0466731,/workspace/settlements-raw/data/interim/2021_tochno/data_allsettlements_anon_156_v20251217.parquet,86c197cd522e0b63669e9c6e7f43fd3d82b3704c6a126c800a9968ecd16cae14,"parquet_row_1based=34400;latitude_dadata,longitude_dadata",tochno_2021_dadata_raw_parquet_point,reviewed_rule_accepted,2021:data_allsettlements_anon_156_v20251217.parquet:parquet:34400,213.52782352989615,0.0,213.52782352989615,213.52782352989615,distance_km_2002_2010,160
2002:036_81b258bc42_02c_Krasnodarski-krai.xls:11:990,2002:036_81b258bc42_02c_Krasnodarski-krai.xls:11:990,Нижний,хутор,краснодарский,860.0,45.3962995,39.2239657,/workspace/settlements-raw/data/interim/2021_tochno/data_allsettlements_anon_156_v20251217.parquet,86c197cd522e0b63669e9c6e7f43fd3d82b3704c6a126c800a9968ecd16cae14,"carrier_target_source_record_id=2021:data_allsettlements_anon_156_v20251217.parquet:parquet:45394;parquet_row_1based=45394;latitude_dadata,longitude_dadata",retrospective_continuity_from_tochno_2021_dadata_raw_parquet_point,reviewed_extension_rule_accepted,2021:data_allsettlements_anon_156_v20251217.parquet:parquet:45394,2010:005_888282bccc_13._20Краснодарский_край_2010.xls:КК:516,Нижний,хутор,краснодарский,731.0,44.4375,41.5528,/workspace/settlements-raw/data/raw/historical_geography/geokladr_okato_2011/okato.dbf,d1c8b983f2489724a940bd2a64dedda73b602f6c491d5c09391deaf362fe2650,raw_dbf_record_number_1based=2120;byte_offset_0based=837710,geokladr_2011_raw_dbf_coordinate,reviewed_extension_rule_accepted,GeoKLADR2011:OKATO:03221828002,2021:data_allsettlements_anon_156_v20251217.parquet:parquet:45394,Нижний,хутор,краснодарский,782.0,45.3962995,39.2239657,/workspace/settlements-raw/data/interim/2021_tochno/data_allsettlements_anon_156_v20251217.parquet,86c197cd522e0b63669e9c6e7f43fd3d82b3704c6a126c800a9968ecd16cae14,"parquet_row_1based=45394;latitude_dadata,longitude_dadata",tochno_2021_dadata_raw_parquet_point,reviewed_rule_accepted,2021:data_allsettlements_anon_156_v20251217.parquet:parquet:45394,212.10174269813137,0.0,212.10174269813137,212.10174269813137,distance_km_2002_2010,161
2002:051_46e3ecb0a0_02c_Permskaja_obl.xls:Sheet1:783,2002:051_46e3ecb0a0_02c_Permskaja_obl.xls:Sheet1:783,Демидята,деревня,пермский,6.0,57.6088801,57.6272404,/workspace/settlements-raw/data/interim/2021_tochno/data_allsettlements_anon_156_v20251217.parquet,86c197cd522e0b63669e9c6e7f43fd3d82b3704c6a126c800a9968ecd16cae14,"carrier_target_source_record_id=2021:data_allsettlements_anon_156_v20251217.parquet:parquet:95837;parquet_row_1based=95837;latitude_dadata,longitude_dadata",retrospective_continuity_from_tochno_2021_dadata_raw_parquet_point,reviewed_extension_rule_accepted,2021:data_allsettlements_anon_156_v20251217.parquet:parquet:95837,2010:016_802d308e41_8._20Or_Penz_Perm_Samar_Saratov_Uly_2010.xls:!!!:5325,Демидята,деревня,пермский,3.0,58.554491,54.511681,/workspace/settlements-raw/data/raw/historical_geography/geokladr_okato_2011/okato.dbf,d1c8b983f2489724a940bd2a64dedda73b602f6c491d5c09391deaf362fe2650,raw_dbf_record_number_1based=90901;byte_offset_0based=35906205,geokladr_2011_raw_dbf_coordinate,reviewed_extension_rule_accepted,GeoKLADR2011:OKATO:57206819005,2021:data_allsettlements_anon_156_v20251217.parquet:parquet:95837,Демидята,деревня,пермский,0.0,57.6088801,57.6272404,/workspace/settlements-raw/data/interim/2021_tochno/data_allsettlements_anon_156_v20251217.parquet,86c197cd522e0b63669e9c6e7f43fd3d82b3704c6a126c800a9968ecd16cae14,"parquet_row_1based=95837;latitude_dadata,longitude_dadata",tochno_2021_dadata_raw_parquet_point,reviewed_rule_accepted,2021:data_allsettlements_anon_156_v20251217.parquet:parquet:95837,211.16866121145395,0.0,211.16866121145395,211.16866121145395,distance_km_2002_2010,162
2002:057_9b18a354f1_02c_Sverdlovskaja_oblast.xls:Sheet1:489,2002:057_9b18a354f1_02c_Sverdlovskaja_oblast.xls:Sheet1:489,Елань,деревня,свердловская,40.0,57.9226,65.7292,/workspace/settlements-raw/data/raw/historical_geography/geokladr_okato_2011/okato.dbf,d1c8b983f2489724a940bd2a64dedda73b602f6c491d5c09391deaf362fe2650,raw_dbf_record_number_1based=108843;byte_offset_0based=42993295,geokladr_2011_raw_dbf_coordinate,reviewed_extension_rule_accepted,GeoKLADR2011:OKATO:65201854002,2010:003_eb441570b1_11._20Урал_ФО_2010.xls:Урал:2895,Елань,деревня,свердловская,26.0,57.9226,65.7292,/workspace/settlements-raw/data/raw/historical_geography/geokladr_okato_2011/okato.dbf,d1c8b983f2489724a940bd2a64dedda73b602f6c491d5c09391deaf362fe2650,raw_dbf_record_number_1based=108843;byte_offset_0based=42993295,geokladr_2011_raw_dbf_coordinate,reviewed_extension_rule_accepted,GeoKLADR2011:OKATO:65201854002,2021:data_allsettlements_anon_156_v20251217.parquet:parquet:121142,Елань,деревня,свердловская,13.0,57.961111,62.152222,/workspace/settlements-raw/data/raw/wikidata_truthy_claims/batch_0015.jsonl.gz,cad3745110d3760ec8e3d104b2e364923c0b43ea952dce9f5367ee2fbd6b74d2,"{""line_number"": 7561, ""locator"": ""batch_0015.jsonl.gz#line=7561"", ""retrieved_at_utc"": ""2026-08-31T20:57:27.090420+00:00"", ""source_file"": ""batch_0015.jsonl.gz"", ""value_raw"": ""POINT(62.152222 57.961111)""}",wikidata_P625_point_claim,reviewed_extension_rule_accepted,Q15275261,0.0,211.13229860272236,211.13229860272236,211.13229860272236,distance_km_2002_2021,163
2002:066_76aa869929_Altai_krai1.xls:Sheet1:516,2002:066_76aa869929_Altai_krai1.xls:Sheet1:516,Восход,село,алтайский,34.0,53.9894102,84.2733516,/workspace/settlements-raw/data/interim/2021_tochno/data_allsettlements_anon_156_v20251217.parquet,86c197cd522e0b63669e9c6e7f43fd3d82b3704c6a126c800a9968ecd16cae14,"carrier_target_source_record_id=2021:data_allsettlements_anon_156_v20251217.parquet:parquet:38862;parquet_row_1based=38862;latitude_dadata,longitude_dadata",retrospective_continuity_from_tochno_2021_dadata_raw_parquet_point,reviewed_extension_rule_accepted,2021:data_allsettlements_anon_156_v20251217.parquet:parquet:38862,2010:008_342f3c208b_16._20Сиб_ФО_2010.xls:Sib:282,Восход,село,алтайский,20.0,52.5127,82.3887,/workspace/settlements-raw/data/raw/historical_geography/geokladr_okato_2011/okato.dbf,d1c8b983f2489724a940bd2a64dedda73b602f6c491d5c09391deaf362fe2650,raw_dbf_record_number_1based=276;byte_offset_0based=109330,geokladr_2011_raw_dbf_coordinate,reviewed_extension_rule_accepted,GeoKLADR2011:OKATO:01212881003,2021:data_allsettlements_anon_156_v20251217.parquet:parquet:38862,Восход,село,алтайский,11.0,53.9894102,84.2733516,/workspace/settlements-raw/data/interim/2021_tochno/data_allsettlements_anon_156_v20251217.parquet,86c197cd522e0b63669e9c6e7f43fd3d82b3704c6a126c800a9968ecd16cae14,"parquet_row_1based=38862;latitude_dadata,longitude_dadata",tochno_2021_dadata_raw_parquet_point,reviewed_rule_accepted,2021:data_allsettlements_anon_156_v20251217.parquet:parquet:38862,206.58491986013928,0.0,206.58491986013928,206.58491986013928,distance_km_2002_2010,164
2002:002_d4cda9574f_02c_Bryanskaja.xls:Sheet1:742,2002:002_d4cda9574f_02c_Bryanskaja.xls:Sheet1:742,Круча,деревня,брянская,13.0,53.6022066,33.7977675,/workspace/settlements-raw/data/interim/2021_tochno/data_allsettlements_anon_156_v20251217.parquet,86c197cd522e0b63669e9c6e7f43fd3d82b3704c6a126c800a9968ecd16cae14,"carrier_target_source_record_id=2021:data_allsettlements_anon_156_v20251217.parquet:parquet:173450;parquet_row_1based=173450;latitude_dadata,longitude_dadata",retrospective_continuity_from_tochno_2021_dadata_raw_parquet_point,reviewed_extension_rule_accepted,2021:data_allsettlements_anon_156_v20251217.parquet:parquet:173450,2010:013_f60b2d2bcf_5._20Belg_Bryan_Vlad_Voron_Ivanov_Kalug_20L1_ethn_2010.xls:Data Sheet:2189,Круча,деревня,брянская,14.0,52.119762,31.952405,/workspace/settlements-raw/data/raw/historical_geography/geokladr_okato_2011/okato.dbf,d1c8b983f2489724a940bd2a64dedda73b602f6c491d5c09391deaf362fe2650,raw_dbf_record_number_1based=13770;byte_offset_0based=5439460,geokladr_2011_raw_dbf_coordinate,reviewed_extension_rule_accepted,GeoKLADR2011:OKATO:15222840007,2021:data_allsettlements_anon_156_v20251217.parquet:parquet:173450,Круча,деревня,брянская,9.0,53.6022066,33.7977675,/workspace/settlements-raw/data/interim/2021_tochno/data_allsettlements_anon_156_v20251217.parquet,86c197cd522e0b63669e9c6e7f43fd3d82b3704c6a126c800a9968ecd16cae14,"parquet_row_1based=173450;latitude_dadata,longitude_dadata",tochno_2021_dadata_raw_parquet_point,reviewed_rule_accepted,2021:data_allsettlements_anon_156_v20251217.parquet:parquet:173450,206.18965060504513,0.0,206.18965060504513,206.18965060504513,distance_km_2002_2010,165
2002:015_90ef69f659_02c_Tver_obl.xls:!!!:1120,2002:015_90ef69f659_02c_Tver_obl.xls:!!!:1120,Сенцово,деревня,тверская,9.0,58.4786607,36.9656686,/workspace/settlements-raw/data/interim/2021_tochno/data_allsettlements_anon_156_v20251217.parquet,86c197cd522e0b63669e9c6e7f43fd3d82b3704c6a126c800a9968ecd16cae14,"carrier_target_source_record_id=2021:data_allsettlements_anon_156_v20251217.parquet:parquet:133976;parquet_row_1based=133976;latitude_dadata,longitude_dadata",retrospective_continuity_from_tochno_2021_dadata_raw_parquet_point,reviewed_extension_rule_accepted,2021:data_allsettlements_anon_156_v20251217.parquet:parquet:133976,2010:019_a193ec7827_Tver_L1_ethn_np_2010.xls:Data Sheet:1026,Сенцово,деревня,тверская,6.0,56.93251,35.092887,/workspace/settlements-raw/data/raw/historical_geography/geokladr_okato_2011/okato.dbf,d1c8b983f2489724a940bd2a64dedda73b602f6c491d5c09391deaf362fe2650,raw_dbf_record_number_1based=40710;byte_offset_0based=16080760,geokladr_2011_raw_dbf_coordinate,reviewed_extension_rule_accepted,GeoKLADR2011:OKATO:28210810025,2021:data_allsettlements_anon_156_v20251217.parquet:parquet:133976,Сенцово,деревня,тверская,1.0,58.4786607,36.9656686,/workspace/settlements-raw/data/interim/2021_tochno/data_allsettlements_anon_156_v20251217.parquet,86c197cd522e0b63669e9c6e7f43fd3d82b3704c6a126c800a9968ecd16cae14,"parquet_row_1based=133976;latitude_dadata,longitude_dadata",tochno_2021_dadata_raw_parquet_point,reviewed_rule_accepted,2021:data_allsettlements_anon_156_v20251217.parquet:parquet:133976,204.7663806662031,0.0,204.7663806662031,204.7663806662031,distance_km_2002_2010,166
2002:015_90ef69f659_02c_Tver_obl.xls:!!!:9445,2002:015_90ef69f659_02c_Tver_obl.xls:!!!:9445,Клин,деревня,тверская,45.0,57.2140153,34.6569128,/workspace/settlements-raw/data/interim/2021_tochno/data_allsettlements_anon_156_v20251217.parquet,86c197cd522e0b63669e9c6e7f43fd3d82b3704c6a126c800a9968ecd16cae14,"carrier_target_source_record_id=2021:data_allsettlements_anon_156_v20251217.parquet:parquet:140990;parquet_row_1based=140990;latitude_dadata,longitude_dadata",retrospective_continuity_from_tochno_2021_dadata_raw_parquet_point,reviewed_extension_rule_accepted,2021:data_allsettlements_anon_156_v20251217.parquet:parquet:140990,2010:019_a193ec7827_Tver_L1_ethn_np_2010.xls:Data Sheet:8751,Клин,деревня,тверская,42.0,56.903909,31.334874,/workspace/settlements-raw/data/raw/historical_geography/geokladr_okato_2011/okato.dbf,d1c8b983f2489724a940bd2a64dedda73b602f6c491d5c09391deaf362fe2650,raw_dbf_record_number_1based=48306;byte_offset_0based=19081180,geokladr_2011_raw_dbf_coordinate,reviewed_extension_rule_accepted,GeoKLADR2011:OKATO:28254852008,2021:data_allsettlements_anon_156_v20251217.parquet:parquet:140990,Клин,деревня,тверская,24.0,57.2140153,34.6569128,/workspace/settlements-raw/data/interim/2021_tochno/data_allsettlements_anon_156_v20251217.parquet,86c197cd522e0b63669e9c6e7f43fd3d82b3704c6a126c800a9968ecd16cae14,"parquet_row_1based=140990;latitude_dadata,longitude_dadata",tochno_2021_dadata_raw_parquet_point,reviewed_rule_accepted,2021:data_allsettlements_anon_156_v20251217.parquet:parquet:140990,203.78441784435984,0.0,203.78441784435984,203.78441784435984,distance_km_2002_2010,167
2002:015_90ef69f659_02c_Tver_obl.xls:!!!:8076,2002:015_90ef69f659_02c_Tver_obl.xls:!!!:8076,Выпрягово,деревня,тверская,5.0,56.7576838,33.8578673,/workspace/settlements-raw/data/interim/2021_tochno/data_allsettlements_anon_156_v20251217.parquet,86c197cd522e0b63669e9c6e7f43fd3d82b3704c6a126c800a9968ecd16cae14,"carrier_target_source_record_id=2021:data_allsettlements_anon_156_v20251217.parquet:parquet:136169;parquet_row_1based=136169;latitude_dadata,longitude_dadata",retrospective_continuity_from_tochno_2021_dadata_raw_parquet_point,reviewed_extension_rule_accepted,2021:data_allsettlements_anon_156_v20251217.parquet:parquet:136169,2010:019_a193ec7827_Tver_L1_ethn_np_2010.xls:Data Sheet:7396,Выпрягово,деревня,тверская,6.0,57.187203,37.124868,/workspace/settlements-raw/data/raw/historical_geography/geokladr_okato_2011/okato.dbf,d1c8b983f2489724a940bd2a64dedda73b602f6c491d5c09391deaf362fe2650,raw_dbf_record_number_1based=46962;byte_offset_0based=18550300,geokladr_2011_raw_dbf_coordinate,reviewed_extension_rule_accepted,GeoKLADR2011:OKATO:28250810017,2021:data_allsettlements_anon_156_v20251217.parquet:parquet:136169,Выпрягово,деревня,тверская,0.0,56.7576838,33.8578673,/workspace/settlements-raw/data/interim/2021_tochno/data_allsettlements_anon_156_v20251217.parquet,86c197cd522e0b63669e9c6e7f43fd3d82b3704c6a126c800a9968ecd16cae14,"parquet_row_1based=136169;latitude_dadata,longitude_dadata",tochno_2021_dadata_raw_parquet_point,reviewed_rule_accepted,2021:data_allsettlements_anon_156_v20251217.parquet:parquet:136169,203.65676179059767,0.0,203.65676179059767,203.65676179059767,distance_km_2002_2010,168
2002:015_90ef69f659_02c_Tver_obl.xls:!!!:6378,2002:015_90ef69f659_02c_Tver_obl.xls:!!!:6378,Глиновка,деревня,тверская,4.0,56.2436482,33.6471019,/workspace/settlements-raw/data/interim/2021_tochno/data_allsettlements_anon_156_v20251217.parquet,86c197cd522e0b63669e9c6e7f43fd3d82b3704c6a126c800a9968ecd16cae14,"carrier_target_source_record_id=2021:data_allsettlements_anon_156_v20251217.parquet:parquet:135158;parquet_row_1based=135158;latitude_dadata,longitude_dadata",retrospective_continuity_from_tochno_2021_dadata_raw_parquet_point,reviewed_extension_rule_accepted,2021:data_allsettlements_anon_156_v20251217.parquet:parquet:135158,2010:019_a193ec7827_Tver_L1_ethn_np_2010.xls:Data Sheet:5768,Глиновка,деревня,тверская,6.0,57.889246,35.031493,/workspace/settlements-raw/data/raw/historical_geography/geokladr_okato_2011/okato.dbf,d1c8b983f2489724a940bd2a64dedda73b602f6c491d5c09391deaf362fe2650,raw_dbf_record_number_1based=45344;byte_offset_0based=17911190,geokladr_2011_raw_dbf_coordinate,reviewed_extension_rule_accepted,GeoKLADR2011:OKATO:28244804017,2021:data_allsettlements_anon_156_v20251217.parquet:parquet:135158,Глиновка,деревня,тверская,5.0,56.2436482,33.6471019,/workspace/settlements-raw/data/interim/2021_tochno/data_allsettlements_anon_156_v20251217.parquet,86c197cd522e0b63669e9c6e7f43fd3d82b3704c6a126c800a9968ecd16cae14,"parquet_row_1based=135158;latitude_dadata,longitude_dadata",tochno_2021_dadata_raw_parquet_point,reviewed_rule_accepted,2021:data_allsettlements_anon_156_v20251217.parquet:parquet:135158,201.2026350420866,0.0,201.2026350420866,201.2026350420866,distance_km_2002_2010,169
2002:022_862ad8a69d_02c_Vologodskaya.xls:2C:6620,2002:022_862ad8a69d_02c_Vologodskaya.xls:2C:6620,Дмитриевская,деревня,вологодская,23.0,60.255571,42.98252,/workspace/settlements-raw/data/raw/historical_geography/geokladr_okato_2011/okato.dbf,d1c8b983f2489724a940bd2a64dedda73b602f6c491d5c09391deaf362fe2650,raw_dbf_record_number_1based=25841;byte_offset_0based=10207505,geokladr_2011_raw_dbf_coordinate,reviewed_extension_rule_accepted,GeoKLADR2011:OKATO:19248812002,2010:012_5c339c0d0e_4._20Vologod_pskov_2010.xls:Data Sheet:6180,Дмитриевская,деревня,вологодская,12.0,60.255571,42.98252,/workspace/settlements-raw/data/raw/historical_geography/geokladr_okato_2011/okato.dbf,d1c8b983f2489724a940bd2a64dedda73b602f6c491d5c09391deaf362fe2650,raw_dbf_record_number_1based=25841;byte_offset_0based=10207505,geokladr_2011_raw_dbf_coordinate,reviewed_extension_rule_accepted,GeoKLADR2011:OKATO:19248812002,2021:data_allsettlements_anon_156_v20251217.parquet:parquet:12021,Дмитриевская,деревня,вологодская,7.0,60.1157,39.3579,/workspace/settlements-raw/data/raw/coordinate_candidates/geonames_RU_20260907.zip,9bf299daaff13de75ddbf610e113469aae80537d66a7de3437967576c6509ff4,RU.txt:line=105019;geonameid=565999,geonames_ru_txt_named_place_point,reviewed_extension_rule_accepted,GeoNames:geonameid:565999,0.0,200.9650947359185,200.9650947359185,200.9650947359185,distance_km_2002_2021,170
2002:1_TOM_01_04.xls:0:7602,2002:1_TOM_01_04.xls:0:7602,Гари,пгт,свердловская,3186.0,57.776977,63.727712,/workspace/settlements-raw/data/raw/historical_geography/geokladr_okato_2011/okato.dbf,d1c8b983f2489724a940bd2a64dedda73b602f6c491d5c09391deaf362fe2650,DBF_record_1based=109241;DBF_byte_offset_0based=43150505;OKATO2011_raw=65215551000,raw_named_typed_geo2011_object,reviewed_extension_rule_accepted,,ROSSTAT2010:T5:p154:l8,Гари,пгт,свердловская,2472.0,59.433333,62.35,/workspace/settlements-raw/data/raw/wikidata_truthy_claims/batch_0025.jsonl.gz,32817b7d6ab8cb97f4d946182162e99858800f6a9fb76801fea53e1fa066c504,"{""line_number"": 10778, ""locator"": ""batch_0025.jsonl.gz#line=10778"", ""retrieved_at_utc"": ""2026-08-31T20:57:38.833530+00:00"", ""source_file"": ""batch_0025.jsonl.gz"", ""value_raw"": ""POINT(62.350000 59.433333)""}",wikidata_P625_point_claim,reviewed_extension_rule_accepted,2021:data_allsettlements_anon_156_v20251217.parquet:parquet:119837,2021:data_allsettlements_anon_156_v20251217.parquet:parquet:119837,Гари,пгт,свердловская,1989.0,59.433333,62.35,/workspace/settlements-raw/data/raw/wikidata_truthy_claims/batch_0025.jsonl.gz,32817b7d6ab8cb97f4d946182162e99858800f6a9fb76801fea53e1fa066c504,"{""line_number"": 10778, ""locator"": ""batch_0025.jsonl.gz#line=10778"", ""retrieved_at_utc"": ""2026-08-31T20:57:38.833530+00:00"", ""source_file"": ""batch_0025.jsonl.gz"", ""value_raw"": ""POINT(62.350000 59.433333)""}",wikidata_P625_point_claim,reviewed_extension_rule_accepted,Q17332298,200.71432703193847,200.71432703193847,0.0,200.71432703193847,distance_km_2002_2010,171
2002:026_0eca405331_02c_Novgorodskaja.xls:Sheet1:3599,2002:026_0eca405331_02c_Novgorodskaja.xls:Sheet1:3599,Вошково,деревня,новгородская,0.0,57.8447562,31.2309657,/workspace/settlements-raw/data/interim/2021_tochno/data_allsettlements_anon_156_v20251217.parquet,86c197cd522e0b63669e9c6e7f43fd3d82b3704c6a126c800a9968ecd16cae14,"carrier_target_source_record_id=2021:data_allsettlements_anon_156_v20251217.parquet:parquet:79864;parquet_row_1based=79864;latitude_dadata,longitude_dadata",retrospective_continuity_from_tochno_2021_dadata_raw_parquet_point,reviewed_extension_rule_accepted,2021:data_allsettlements_anon_156_v20251217.parquet:parquet:79864,2010:001_723371ec84_1._20NW_2010.xls:NW:11544,Вошково,деревня,новгородская,0.0,59.131729,33.646696,/workspace/settlements-raw/data/raw/historical_geography/geokladr_okato_2011/okato.dbf,d1c8b983f2489724a940bd2a64dedda73b602f6c491d5c09391deaf362fe2650,raw_dbf_record_number_1based=80481;byte_offset_0based=31790305,geokladr_2011_raw_dbf_coordinate,reviewed_extension_rule_accepted,GeoKLADR2011:OKATO:49239873004,2021:data_allsettlements_anon_156_v20251217.parquet:parquet:79864,Вошково,деревня,новгородская,1.0,57.8447562,31.2309657,/workspace/settlements-raw/data/interim/2021_tochno/data_allsettlements_anon_156_v20251217.parquet,86c197cd522e0b63669e9c6e7f43fd3d82b3704c6a126c800a9968ecd16cae14,"parquet_row_1based=79864;latitude_dadata,longitude_dadata",tochno_2021_dadata_raw_parquet_point,reviewed_rule_accepted,2021:data_allsettlements_anon_156_v20251217.parquet:parquet:79864,200.45301833271895,0.0,200.45301833271895,200.45301833271895,distance_km_2002_2010,172
2002:018_25c6f5e960_02c_Karelia.xls:Sheet1:950,2002:018_25c6f5e960_02c_Karelia.xls:Sheet1:950,Сенная Губа,деревня,карелия,40.0,61.9973483,35.2245387,/workspace/settlements-raw/data/interim/2021_tochno/data_allsettlements_anon_156_v20251217.parquet,86c197cd522e0b63669e9c6e7f43fd3d82b3704c6a126c800a9968ecd16cae14,"carrier_target_source_record_id=2021:data_allsettlements_anon_156_v20251217.parquet:parquet:31247;parquet_row_1based=31247;latitude_dadata,longitude_dadata",retrospective_continuity_from_tochno_2021_dadata_raw_parquet_point,reviewed_extension_rule_accepted,2021:data_allsettlements_anon_156_v20251217.parquet:parquet:31247,ROSSTAT2010KARELIA:RURAL:DOCX:t29:r21,Сенная Губа,деревня,карелия,21.0,63.781225,34.680487,/workspace/settlements-raw/data/raw/historical_geography/geokladr_okato_2011/okato.dbf,d1c8b983f2489724a940bd2a64dedda73b602f6c491d5c09391deaf362fe2650,raw_dbf_record_number_1based=139287;byte_offset_0based=55018675,geokladr_2011_raw_dbf_coordinate,reviewed_extension_rule_accepted,GeoKLADR2011:OKATO:86224000110,2021:data_allsettlements_anon_156_v20251217.parquet:parquet:31247,Сенная Губа,деревня,карелия,5.0,61.9973483,35.2245387,/workspace/settlements-raw/data/interim/2021_tochno/data_allsettlements_anon_156_v20251217.parquet,86c197cd522e0b63669e9c6e7f43fd3d82b3704c6a126c800a9968ecd16cae14,"parquet_row_1based=31247;latitude_dadata,longitude_dadata",tochno_2021_dadata_raw_parquet_point,reviewed_rule_accepted,2021:data_allsettlements_anon_156_v20251217.parquet:parquet:31247,200.26303290844828,0.0,200.26303290844828,200.26303290844828,distance_km_2002_2010,173
2002:1_TOM_01_04.xls:0:6203,2002:1_TOM_01_04.xls:0:6203,Решетиха,пгт,нижегородская,7482.0,57.708379,45.136108,/workspace/settlements-raw/data/raw/historical_geography/geokladr_okato_2011/okato.dbf,d1c8b983f2489724a940bd2a64dedda73b602f6c491d5c09391deaf362fe2650,DBF_record_1based=31218;DBF_byte_offset_0based=12331420;OKATO2011_raw=22231568000,raw_named_typed_geo2011_object,reviewed_extension_rule_accepted,,ROSSTAT2010:T5:p131:l43,Решетиха,пгт,нижегородская,6775.0,56.218889,43.293611,/workspace/settlements-raw/data/raw/wikidata_truthy_claims/batch_0130.jsonl.gz,4fd16d22fc8120907016bb09f528aa44491cadc8ba1f652205380535ce56f8aa,"{""line_number"": 9796, ""locator"": ""batch_0130.jsonl.gz#line=9796"", ""retrieved_at_utc"": ""2026-08-31T20:59:50.094840+00:00"", ""source_file"": ""batch_0130.jsonl.gz"", ""value_raw"": ""POINT(43.293611 56.218889)""}",wikidata_P625_point_claim,reviewed_extension_rule_accepted,2021:data_allsettlements_anon_156_v20251217.parquet:parquet:73990,2021:data_allsettlements_anon_156_v20251217.parquet:parquet:73990,Решетиха,пгт,нижегородская,6513.0,56.218889,43.293611,/workspace/settlements-raw/data/raw/wikidata_truthy_claims/batch_0130.jsonl.gz,4fd16d22fc8120907016bb09f528aa44491cadc8ba1f652205380535ce56f8aa,"{""line_number"": 9796, ""locator"": ""batch_0130.jsonl.gz#line=9796"", ""retrieved_at_utc"": ""2026-08-31T20:59:50.094840+00:00"", ""source_file"": ""batch_0130.jsonl.gz"", ""value_raw"": ""POINT(43.293611 56.218889)""}",wikidata_P625_point_claim,reviewed_extension_rule_accepted,Q4394068,199.7501994607931,199.7501994607931,0.0,199.7501994607931,distance_km_2002_2010,174
2002:067_7363c80f41_02c_Krasnojarski_lraj.xls:Sheet1:70,2002:067_7363c80f41_02c_Krasnojarski_lraj.xls:Sheet1:70,Восток,посёлок,красноярский,146.0,56.9509672,95.819776,/workspace/settlements-raw/data/interim/2021_tochno/data_allsettlements_anon_156_v20251217.parquet,86c197cd522e0b63669e9c6e7f43fd3d82b3704c6a126c800a9968ecd16cae14,"carrier_target_source_record_id=2021:data_allsettlements_anon_156_v20251217.parquet:parquet:47147;parquet_row_1based=47147;latitude_dadata,longitude_dadata",retrospective_continuity_from_tochno_2021_dadata_raw_parquet_point,reviewed_extension_rule_accepted,2021:data_allsettlements_anon_156_v20251217.parquet:parquet:47147,2010:008_342f3c208b_16._20Сиб_ФО_2010.xls:Sib:1717,Восток,посёлок,красноярский,88.0,55.929519,93.151715,/workspace/settlements-raw/data/raw/historical_geography/geokladr_okato_2011/okato.dbf,d1c8b983f2489724a940bd2a64dedda73b602f6c491d5c09391deaf362fe2650,raw_dbf_record_number_1based=3444;byte_offset_0based=1360690,geokladr_2011_raw_dbf_coordinate,reviewed_extension_rule_accepted,GeoKLADR2011:OKATO:04201834003,2021:data_allsettlements_anon_156_v20251217.parquet:parquet:47147,Восток,посёлок,красноярский,64.0,56.9509672,95.819776,/workspace/settlements-raw/data/interim/2021_tochno/data_allsettlements_anon_156_v20251217.parquet,86c197cd522e0b63669e9c6e7f43fd3d82b3704c6a126c800a9968ecd16cae14,"parquet_row_1based=47147;latitude_dadata,longitude_dadata",tochno_2021_dadata_raw_parquet_point,reviewed_rule_accepted,2021:data_allsettlements_anon_156_v20251217.parquet:parquet:47147,199.47125338536125,0.0,199.47125338536125,199.47125338536125,distance_km_2002_2010,175
2002:048_4f024587eb_02c_Nizhegorod_obl_new.xls:11:4543,2002:048_4f024587eb_02c_Nizhegorod_obl_new.xls:11:4543,Трифоново,деревня,нижегородская,9.0,57.7186397,47.0162225,/workspace/settlements-raw/data/interim/2021_tochno/data_allsettlements_anon_156_v20251217.parquet,86c197cd522e0b63669e9c6e7f43fd3d82b3704c6a126c800a9968ecd16cae14,"carrier_target_source_record_id=2021:data_allsettlements_anon_156_v20251217.parquet:parquet:72238;parquet_row_1based=72238;latitude_dadata,longitude_dadata",retrospective_continuity_from_tochno_2021_dadata_raw_parquet_point,reviewed_extension_rule_accepted,2021:data_allsettlements_anon_156_v20251217.parquet:parquet:72238,2010:014_5ca759eea0_5._20Nizheg_Kirov_202010.xls:Data Sheet:3561,Трифоново,деревня,нижегородская,11.0,57.205029,43.823379,/workspace/settlements-raw/data/raw/historical_geography/geokladr_okato_2011/okato.dbf,d1c8b983f2489724a940bd2a64dedda73b602f6c491d5c09391deaf362fe2650,raw_dbf_record_number_1based=32712;byte_offset_0based=12921550,geokladr_2011_raw_dbf_coordinate,reviewed_extension_rule_accepted,GeoKLADR2011:OKATO:22253551015,2021:data_allsettlements_anon_156_v20251217.parquet:parquet:72238,Трифоново,деревня,нижегородская,7.0,57.7186397,47.0162225,/workspace/settlements-raw/data/interim/2021_tochno/data_allsettlements_anon_156_v20251217.parquet,86c197cd522e0b63669e9c6e7f43fd3d82b3704c6a126c800a9968ecd16cae14,"parquet_row_1based=72238;latitude_dadata,longitude_dadata",tochno_2021_dadata_raw_parquet_point,reviewed_rule_accepted,2021:data_allsettlements_anon_156_v20251217.parquet:parquet:72238,199.29159224646264,0.0,199.29159224646264,199.29159224646264,distance_km_2002_2010,176
2002:026_0eca405331_02c_Novgorodskaja.xls:Sheet1:763,2002:026_0eca405331_02c_Novgorodskaja.xls:Sheet1:763,Камень,деревня,новгородская,18.0,59.15863,33.53714,/workspace/settlements-raw/data/raw/historical_geography/geokladr_okato_2011/okato.dbf,d1c8b983f2489724a940bd2a64dedda73b602f6c491d5c09391deaf362fe2650,raw_dbf_record_number_1based=77972;byte_offset_0based=30799250,geokladr_2011_raw_dbf_coordinate,reviewed_extension_rule_accepted,GeoKLADR2011:OKATO:49210810009,2010:001_723371ec84_1._20NW_2010.xls:NW:9044,Камень,деревня,новгородская,12.0,59.15863,33.53714,/workspace/settlements-raw/data/raw/historical_geography/geokladr_okato_2011/okato.dbf,d1c8b983f2489724a940bd2a64dedda73b602f6c491d5c09391deaf362fe2650,raw_dbf_record_number_1based=77972;byte_offset_0based=30799250,geokladr_2011_raw_dbf_coordinate,reviewed_extension_rule_accepted,GeoKLADR2011:OKATO:49210810009,2021:data_allsettlements_anon_156_v20251217.parquet:parquet:76579,Камень,деревня,новгородская,12.0,58.0497265,30.8527681,/workspace/settlements-raw/data/interim/2021_tochno/data_allsettlements_anon_156_v20251217.parquet,86c197cd522e0b63669e9c6e7f43fd3d82b3704c6a126c800a9968ecd16cae14,"parquet_row_1based=76579;latitude_dadata,longitude_dadata",tochno_2021_dadata_raw_parquet_point,reviewed_rule_accepted,2021:data_allsettlements_anon_156_v20251217.parquet:parquet:76579,0.0,198.42706587801067,198.42706587801067,198.42706587801067,distance_km_2002_2021,177
2002:022_862ad8a69d_02c_Vologodskaya.xls:2C:3715,2002:022_862ad8a69d_02c_Vologodskaya.xls:2C:3715,Питеримка,деревня,вологодская,23.0,60.457839,41.728679,/workspace/settlements-raw/data/raw/historical_geography/geokladr_okato_2011/okato.dbf,d1c8b983f2489724a940bd2a64dedda73b602f6c491d5c09391deaf362fe2650,raw_dbf_record_number_1based=23212;byte_offset_0based=9169050,geokladr_2011_raw_dbf_coordinate,reviewed_extension_rule_accepted,GeoKLADR2011:OKATO:19224872022,2010:012_5c339c0d0e_4._20Vologod_pskov_2010.xls:Data Sheet:3452,Питеримка,деревня,вологодская,7.0,60.457839,41.728679,/workspace/settlements-raw/data/raw/historical_geography/geokladr_okato_2011/okato.dbf,d1c8b983f2489724a940bd2a64dedda73b602f6c491d5c09391deaf362fe2650,raw_dbf_record_number_1based=23212;byte_offset_0based=9169050,geokladr_2011_raw_dbf_coordinate,reviewed_extension_rule_accepted,GeoKLADR2011:OKATO:19224872022,2021:data_allsettlements_anon_156_v20251217.parquet:parquet:8977,Питеримка,деревня,вологодская,18.0,58.94876,39.84797,/workspace/settlements-raw/data/raw/coordinate_candidates/geonames_RU_20260907.zip,9bf299daaff13de75ddbf610e113469aae80537d66a7de3437967576c6509ff4,RU.txt:line=48630;geonameid=509270,geonames_ru_txt_named_place_point,reviewed_extension_rule_accepted,GeoNames:geonameid:509270,0.0,198.19336889893071,198.19336889893071,198.19336889893071,distance_km_2002_2021,178
2002:048_4f024587eb_02c_Nizhegorod_obl_new.xls:11:2271,2002:048_4f024587eb_02c_Nizhegorod_obl_new.xls:11:2271,Лебедево,деревня,нижегородская,12.0,57.1271,46.7834,/workspace/settlements-raw/data/raw/historical_geography/geokladr_okato_2011/okato.dbf,d1c8b983f2489724a940bd2a64dedda73b602f6c491d5c09391deaf362fe2650,raw_dbf_record_number_1based=31009;byte_offset_0based=12248865,geokladr_2011_raw_dbf_coordinate,reviewed_extension_rule_accepted,GeoKLADR2011:OKATO:22228848016,2010:014_5ca759eea0_5._20Nizheg_Kirov_202010.xls:Data Sheet:1686,Лебедево,деревня,нижегородская,17.0,57.1271,46.7834,/workspace/settlements-raw/data/raw/historical_geography/geokladr_okato_2011/okato.dbf,d1c8b983f2489724a940bd2a64dedda73b602f6c491d5c09391deaf362fe2650,raw_dbf_record_number_1based=31009;byte_offset_0based=12248865,geokladr_2011_raw_dbf_coordinate,reviewed_extension_rule_accepted,GeoKLADR2011:OKATO:22228848016,2021:data_allsettlements_anon_156_v20251217.parquet:parquet:73795,Лебедево,деревня,нижегородская,4.0,56.69028,43.6347,/workspace/settlements-raw/data/raw/coordinate_candidates/geonames_RU_20260907.zip,9bf299daaff13de75ddbf610e113469aae80537d66a7de3437967576c6509ff4,RU.txt:line=245917;geonameid=6608439,geonames_ru_txt_named_place_point,reviewed_extension_rule_accepted,GeoNames:geonameid:6608439,0.0,197.2112195245878,197.2112195245878,197.2112195245878,distance_km_2002_2021,179
2002:051_46e3ecb0a0_02c_Permskaja_obl.xls:Sheet1:1710,2002:051_46e3ecb0a0_02c_Permskaja_obl.xls:Sheet1:1710,Савята,деревня,пермский,65.0,57.3075104,57.6206393,,,,,reviewed_extension_rule_accepted,2021:data_allsettlements_anon_156_v20251217.parquet:parquet:96280,2010:016_802d308e41_8._20Or_Penz_Perm_Samar_Saratov_Uly_2010.xls:!!!:6050,Савята,деревня,пермский,63.0,57.795555,54.463094,/workspace/settlements-raw/data/raw/historical_geography/geokladr_okato_2011/okato.dbf,d1c8b983f2489724a940bd2a64dedda73b602f6c491d5c09391deaf362fe2650,raw_dbf_record_number_1based=91626;byte_offset_0based=36192580,geokladr_2011_raw_dbf_coordinate,reviewed_extension_rule_accepted,GeoKLADR2011:OKATO:57224813007,2021:data_allsettlements_anon_156_v20251217.parquet:parquet:96280,Савята,деревня,пермский,57.0,57.3075104,57.6206393,/workspace/settlements-raw/data/interim/2021_tochno/data_allsettlements_anon_156_v20251217.parquet,86c197cd522e0b63669e9c6e7f43fd3d82b3704c6a126c800a9968ecd16cae14,"parquet_row_1based=96280;latitude_dadata,longitude_dadata",tochno_2021_dadata_raw_parquet_point,reviewed_rule_accepted,2021:data_allsettlements_anon_156_v20251217.parquet:parquet:96280,196.02134874231317,0.0,196.02134874231317,196.02134874231317,distance_km_2002_2010,180
2002:051_46e3ecb0a0_02c_Permskaja_obl.xls:Sheet1:2830,2002:051_46e3ecb0a0_02c_Permskaja_obl.xls:Sheet1:2830,Макарова Гора,деревня,пермский,6.0,58.991871,57.221769,/workspace/settlements-raw/data/raw/historical_geography/geokladr_okato_2011/okato.dbf,d1c8b983f2489724a940bd2a64dedda73b602f6c491d5c09391deaf362fe2650,raw_dbf_record_number_1based=92480;byte_offset_0based=36529910,geokladr_2011_raw_dbf_coordinate,reviewed_extension_rule_accepted,GeoKLADR2011:OKATO:57244822004,2010:016_802d308e41_8._20Or_Penz_Perm_Samar_Saratov_Uly_2010.xls:!!!:6904,Макарова Гора,деревня,пермский,3.0,58.991871,57.221769,/workspace/settlements-raw/data/raw/historical_geography/geokladr_okato_2011/okato.dbf,d1c8b983f2489724a940bd2a64dedda73b602f6c491d5c09391deaf362fe2650,raw_dbf_record_number_1based=92480;byte_offset_0based=36529910,geokladr_2011_raw_dbf_coordinate,reviewed_extension_rule_accepted,GeoKLADR2011:OKATO:57244822004,2021:data_allsettlements_anon_156_v20251217.parquet:parquet:99362,Макарова Гора,деревня,пермский,0.0,57.83155,54.72769,/workspace/settlements-raw/data/raw/coordinate_candidates/geonames_RU_20260907.zip,9bf299daaff13de75ddbf610e113469aae80537d66a7de3437967576c6509ff4,RU.txt:line=255598;geonameid=6844432,geonames_ru_txt_named_place_point,reviewed_extension_rule_accepted,GeoNames:geonameid:6844432,0.0,194.26968815044316,194.26968815044316,194.26968815044316,distance_km_2002_2021,181
2002:070_48ec6f4a77_Irkut_obl_new.xls:Sheet1:472,2002:070_48ec6f4a77_Irkut_obl_new.xls:Sheet1:472,Юхта,деревня,иркутская,177.0,54.287222,106.616944,/workspace/settlements-raw/data/raw/historical_geography/geokladr_okato_2011/okato.dbf,d1c8b983f2489724a940bd2a64dedda73b602f6c491d5c09391deaf362fe2650,raw_dbf_record_number_1based=37777;byte_offset_0based=14922225,geokladr_2011_raw_dbf_coordinate,reviewed_extension_rule_accepted,GeoKLADR2011:OKATO:25214822002,2010:008_342f3c208b_16._20Сиб_ФО_2010.xls:Sib:4069,Юхта,деревня,иркутская,192.0,54.287222,106.616944,/workspace/settlements-raw/data/raw/historical_geography/geokladr_okato_2011/okato.dbf,d1c8b983f2489724a940bd2a64dedda73b602f6c491d5c09391deaf362fe2650,raw_dbf_record_number_1based=37777;byte_offset_0based=14922225,geokladr_2011_raw_dbf_coordinate,reviewed_extension_rule_accepted,GeoKLADR2011:OKATO:25214822002,2021:data_allsettlements_anon_156_v20251217.parquet:parquet:24343,Юхта,деревня,иркутская,143.0,55.9005745,107.7733278,/workspace/settlements-raw/data/interim/2021_tochno/data_allsettlements_anon_156_v20251217.parquet,86c197cd522e0b63669e9c6e7f43fd3d82b3704c6a126c800a9968ecd16cae14,"parquet_row_1based=24343;latitude_dadata,longitude_dadata",tochno_2021_dadata_raw_parquet_point,reviewed_rule_accepted,2021:data_allsettlements_anon_156_v20251217.parquet:parquet:24343,0.0,193.8932323051142,193.8932323051142,193.8932323051142,distance_km_2002_2021,182
2002:078_8405ea8fce_Yakutia.xls:Sheet1:604,2002:078_8405ea8fce_Yakutia.xls:Sheet1:604,Даркылах,село,саха якутия,486.0,62.171523,132.987075,/workspace/settlements-raw/data/raw/historical_geography/geokladr_okato_2011/okato.dbf,d1c8b983f2489724a940bd2a64dedda73b602f6c491d5c09391deaf362fe2650,raw_dbf_record_number_1based=151436;byte_offset_0based=59817530,geokladr_2011_raw_dbf_coordinate,reviewed_extension_rule_accepted,GeoKLADR2011:OKATO:98229865001,2010:009_81f8a0e73c_17._20ДВ_ФО_2010.xls:ДВ:2511,Даркылах,село,саха якутия,435.0,62.171523,132.987075,/workspace/settlements-raw/data/raw/historical_geography/geokladr_okato_2011/okato.dbf,d1c8b983f2489724a940bd2a64dedda73b602f6c491d5c09391deaf362fe2650,raw_dbf_record_number_1based=151436;byte_offset_0based=59817530,geokladr_2011_raw_dbf_coordinate,reviewed_extension_rule_accepted,GeoKLADR2011:OKATO:98229865001,2021:data_allsettlements_anon_156_v20251217.parquet:parquet:166553,Даркылах,село,саха якутия,438.0,60.9731471,130.3683923,/workspace/settlements-raw/data/interim/2021_tochno/data_allsettlements_anon_156_v20251217.parquet,86c197cd522e0b63669e9c6e7f43fd3d82b3704c6a126c800a9968ecd16cae14,"parquet_row_1based=166553;latitude_dadata,longitude_dadata",tochno_2021_dadata_raw_parquet_point,reviewed_rule_accepted,2021:data_allsettlements_anon_156_v20251217.parquet:parquet:166553,0.0,192.25249396254895,192.25249396254895,192.25249396254895,distance_km_2002_2021,183
2002:032_184285f8dd_02c_kalmyk.xls:Sheet1:401,2002:032_184285f8dd_02c_kalmyk.xls:Sheet1:401,Красный Маныч,посёлок,калмыкия,237.0,46.1217,44.6015,/workspace/settlements-raw/data/raw/historical_geography/geokladr_okato_2011/okato.dbf,d1c8b983f2489724a940bd2a64dedda73b602f6c491d5c09391deaf362fe2650,raw_dbf_record_number_1based=138923;byte_offset_0based=54874895,geokladr_2011_raw_dbf_coordinate,reviewed_extension_rule_accepted,GeoKLADR2011:OKATO:85250811003,2010:007_27e8a60d91_15._20Kalmykia.xls:калмыкия:217,Красный Маныч,посёлок,калмыкия,172.0,46.1217,44.6015,/workspace/settlements-raw/data/raw/historical_geography/geokladr_okato_2011/okato.dbf,d1c8b983f2489724a940bd2a64dedda73b602f6c491d5c09391deaf362fe2650,raw_dbf_record_number_1based=138923;byte_offset_0based=54874895,geokladr_2011_raw_dbf_coordinate,reviewed_extension_rule_accepted,GeoKLADR2011:OKATO:85250811003,2021:data_allsettlements_anon_156_v20251217.parquet:parquet:27101,Красный Маныч,посёлок,калмыкия,96.0,46.541667,42.183055,/workspace/settlements-raw/data/raw/wikidata_truthy_claims/batch_0027.jsonl.gz,217f79eef7bb41ac1ae4912a2fd85660e38c2cf2cb77e1131d922c9a1dcacc59,"{""line_number"": 9622, ""locator"": ""batch_0027.jsonl.gz#line=9622"", ""retrieved_at_utc"": ""2026-08-31T20:57:41.350943+00:00"", ""source_file"": ""batch_0027.jsonl.gz"", ""value_raw"": ""POINT(42.183055 46.541667)""}",wikidata_P625_point_claim,reviewed_extension_rule_accepted,Q18399994,0.0,191.45739276141805,191.45739276141805,191.45739276141805,distance_km_2002_2021,184
2002:039_1d4b1f6286_02c_Volgograd.xls:Sheet1:1820,2002:039_1d4b1f6286_02c_Volgograd.xls:Sheet1:1820,Госпитомник,хутор,волгоградская,949.0,48.6986129,44.6180227,/workspace/settlements-raw/data/interim/2021_tochno/data_allsettlements_anon_156_v20251217.parquet,86c197cd522e0b63669e9c6e7f43fd3d82b3704c6a126c800a9968ecd16cae14,"carrier_target_source_record_id=2021:data_allsettlements_anon_156_v20251217.parquet:parquet:5415;parquet_row_1based=5415;latitude_dadata,longitude_dadata",retrospective_continuity_from_tochno_2021_dadata_raw_parquet_point,reviewed_extension_rule_accepted,2021:data_allsettlements_anon_156_v20251217.parquet:parquet:5415,2010:004_486e984bdc_12._20Астр_Волгог_Ростов.xls:Южный:1666,Госпитомник,хутор,волгоградская,1003.0,50.2457,43.4623,/workspace/settlements-raw/data/raw/historical_geography/geokladr_okato_2011/okato.dbf,d1c8b983f2489724a940bd2a64dedda73b602f6c491d5c09391deaf362fe2650,raw_dbf_record_number_1based=19526;byte_offset_0based=7713080,geokladr_2011_raw_dbf_coordinate,reviewed_extension_rule_accepted,GeoKLADR2011:OKATO:18251839002,2021:data_allsettlements_anon_156_v20251217.parquet:parquet:5415,Госпитомник,хутор,волгоградская,1452.0,48.6986129,44.6180227,/workspace/settlements-raw/data/interim/2021_tochno/data_allsettlements_anon_156_v20251217.parquet,86c197cd522e0b63669e9c6e7f43fd3d82b3704c6a126c800a9968ecd16cae14,"parquet_row_1based=5415;latitude_dadata,longitude_dadata",tochno_2021_dadata_raw_parquet_point,reviewed_rule_accepted,2021:data_allsettlements_anon_156_v20251217.parquet:parquet:5415,191.22019745675072,0.0,191.22019745675072,191.22019745675072,distance_km_2002_2010,185
2002:051_46e3ecb0a0_02c_Permskaja_obl.xls:Sheet1:1661,2002:051_46e3ecb0a0_02c_Permskaja_obl.xls:Sheet1:1661,Андреево,село,пермский,535.0,57.3861969,57.4189891,/workspace/settlements-raw/data/interim/2021_tochno/data_allsettlements_anon_156_v20251217.parquet,86c197cd522e0b63669e9c6e7f43fd3d82b3704c6a126c800a9968ecd16cae14,"carrier_target_source_record_id=2021:data_allsettlements_anon_156_v20251217.parquet:parquet:96218;parquet_row_1based=96218;latitude_dadata,longitude_dadata",retrospective_continuity_from_tochno_2021_dadata_raw_parquet_point,reviewed_extension_rule_accepted,2021:data_allsettlements_anon_156_v20251217.parquet:parquet:96218,2010:016_802d308e41_8._20Or_Penz_Perm_Samar_Saratov_Uly_2010.xls:!!!:6012,Андреево,село,пермский,457.0,58.601722,55.147952,/workspace/settlements-raw/data/raw/historical_geography/geokladr_okato_2011/okato.dbf,d1c8b983f2489724a940bd2a64dedda73b602f6c491d5c09391deaf362fe2650,raw_dbf_record_number_1based=91585;byte_offset_0based=36176385,geokladr_2011_raw_dbf_coordinate,reviewed_extension_rule_accepted,GeoKLADR2011:OKATO:57224802001,2021:data_allsettlements_anon_156_v20251217.parquet:parquet:96218,Андреево,село,пермский,408.0,57.3861969,57.4189891,/workspace/settlements-raw/data/interim/2021_tochno/data_allsettlements_anon_156_v20251217.parquet,86c197cd522e0b63669e9c6e7f43fd3d82b3704c6a126c800a9968ecd16cae14,"parquet_row_1based=96218;latitude_dadata,longitude_dadata",tochno_2021_dadata_raw_parquet_point,reviewed_rule_accepted,2021:data_allsettlements_anon_156_v20251217.parquet:parquet:96218,190.1960282119025,0.0,190.1960282119025,190.1960282119025,distance_km_2002_2010,186
2002:048_4f024587eb_02c_Nizhegorod_obl_new.xls:11:1593,2002:048_4f024587eb_02c_Nizhegorod_obl_new.xls:11:1593,Криуши,село,нижегородская,426.0,56.0701164,45.773968,/workspace/settlements-raw/data/interim/2021_tochno/data_allsettlements_anon_156_v20251217.parquet,86c197cd522e0b63669e9c6e7f43fd3d82b3704c6a126c800a9968ecd16cae14,"carrier_target_source_record_id=2021:data_allsettlements_anon_156_v20251217.parquet:parquet:75535;parquet_row_1based=75535;latitude_dadata,longitude_dadata",retrospective_continuity_from_tochno_2021_dadata_raw_parquet_point,reviewed_extension_rule_accepted,2021:data_allsettlements_anon_156_v20251217.parquet:parquet:75535,2010:014_5ca759eea0_5._20Nizheg_Kirov_202010.xls:Data Sheet:1045,Криуши,село,нижегородская,325.0,57.7351,46.4605,/workspace/settlements-raw/data/raw/historical_geography/geokladr_okato_2011/okato.dbf,d1c8b983f2489724a940bd2a64dedda73b602f6c491d5c09391deaf362fe2650,raw_dbf_record_number_1based=30391;byte_offset_0based=12004755,geokladr_2011_raw_dbf_coordinate,reviewed_extension_rule_accepted,GeoKLADR2011:OKATO:22221852005,2021:data_allsettlements_anon_156_v20251217.parquet:parquet:75535,Криуши,село,нижегородская,226.0,56.0701164,45.773968,/workspace/settlements-raw/data/interim/2021_tochno/data_allsettlements_anon_156_v20251217.parquet,86c197cd522e0b63669e9c6e7f43fd3d82b3704c6a126c800a9968ecd16cae14,"parquet_row_1based=75535;latitude_dadata,longitude_dadata",tochno_2021_dadata_raw_parquet_point,reviewed_rule_accepted,2021:data_allsettlements_anon_156_v20251217.parquet:parquet:75535,189.7703666030561,0.0,189.7703666030561,189.7703666030561,distance_km_2002_2010,187
2002:051_46e3ecb0a0_02c_Permskaja_obl.xls:Sheet1:1525,2002:051_46e3ecb0a0_02c_Permskaja_obl.xls:Sheet1:1525,Заболотная,деревня,пермский,8.0,58.3958935,54.9909317,/workspace/settlements-raw/data/interim/2021_tochno/data_allsettlements_anon_156_v20251217.parquet,86c197cd522e0b63669e9c6e7f43fd3d82b3704c6a126c800a9968ecd16cae14,"carrier_target_source_record_id=2021:data_allsettlements_anon_156_v20251217.parquet:parquet:96094;parquet_row_1based=96094;latitude_dadata,longitude_dadata",retrospective_continuity_from_tochno_2021_dadata_raw_parquet_point,reviewed_extension_rule_accepted,2021:data_allsettlements_anon_156_v20251217.parquet:parquet:96094,2010:016_802d308e41_8._20Or_Penz_Perm_Samar_Saratov_Uly_2010.xls:!!!:5914,Заболотная,деревня,пермский,10.0,56.699842,55.316139,/workspace/settlements-raw/data/raw/historical_geography/geokladr_okato_2011/okato.dbf,d1c8b983f2489724a940bd2a64dedda73b602f6c491d5c09391deaf362fe2650,raw_dbf_record_number_1based=91490;byte_offset_0based=36138860,geokladr_2011_raw_dbf_coordinate,reviewed_extension_rule_accepted,GeoKLADR2011:OKATO:57222813007,2021:data_allsettlements_anon_156_v20251217.parquet:parquet:96094,Заболотная,деревня,пермский,3.0,58.3958935,54.9909317,/workspace/settlements-raw/data/interim/2021_tochno/data_allsettlements_anon_156_v20251217.parquet,86c197cd522e0b63669e9c6e7f43fd3d82b3704c6a126c800a9968ecd16cae14,"parquet_row_1based=96094;latitude_dadata,longitude_dadata",tochno_2021_dadata_raw_parquet_point,reviewed_rule_accepted,2021:data_allsettlements_anon_156_v20251217.parquet:parquet:96094,189.58757097095068,0.0,189.58757097095068,189.58757097095068,distance_km_2002_2010,188
2002:051_46e3ecb0a0_02c_Permskaja_obl.xls:Sheet1:2582,2002:051_46e3ecb0a0_02c_Permskaja_obl.xls:Sheet1:2582,Серкино,деревня,пермский,76.0,57.180758,56.9645726,/workspace/settlements-raw/data/interim/2021_tochno/data_allsettlements_anon_156_v20251217.parquet,86c197cd522e0b63669e9c6e7f43fd3d82b3704c6a126c800a9968ecd16cae14,"carrier_target_source_record_id=2021:data_allsettlements_anon_156_v20251217.parquet:parquet:97065;parquet_row_1based=97065;latitude_dadata,longitude_dadata",retrospective_continuity_from_tochno_2021_dadata_raw_parquet_point,reviewed_extension_rule_accepted,2021:data_allsettlements_anon_156_v20251217.parquet:parquet:97065,2010:016_802d308e41_8._20Or_Penz_Perm_Samar_Saratov_Uly_2010.xls:!!!:6709,Серкино,деревня,пермский,39.0,58.715123,55.626454,/workspace/settlements-raw/data/raw/historical_geography/geokladr_okato_2011/okato.dbf,d1c8b983f2489724a940bd2a64dedda73b602f6c491d5c09391deaf362fe2650,raw_dbf_record_number_1based=92281;byte_offset_0based=36451305,geokladr_2011_raw_dbf_coordinate,reviewed_extension_rule_accepted,GeoKLADR2011:OKATO:57238828006,2021:data_allsettlements_anon_156_v20251217.parquet:parquet:97065,Серкино,деревня,пермский,28.0,57.180758,56.9645726,/workspace/settlements-raw/data/interim/2021_tochno/data_allsettlements_anon_156_v20251217.parquet,86c197cd522e0b63669e9c6e7f43fd3d82b3704c6a126c800a9968ecd16cae14,"parquet_row_1based=97065;latitude_dadata,longitude_dadata",tochno_2021_dadata_raw_parquet_point,reviewed_rule_accepted,2021:data_allsettlements_anon_156_v20251217.parquet:parquet:97065,187.99129441396636,0.0,187.99129441396636,187.99129441396636,distance_km_2002_2010,189
2002:015_90ef69f659_02c_Tver_obl.xls:!!!:10295,2002:015_90ef69f659_02c_Tver_obl.xls:!!!:10295,Яхново,деревня,тверская,17.0,56.502967,31.251108,/workspace/settlements-raw/data/raw/historical_geography/geokladr_okato_2011/okato.dbf,d1c8b983f2489724a940bd2a64dedda73b602f6c491d5c09391deaf362fe2650,raw_dbf_record_number_1based=49100;byte_offset_0based=19394810,geokladr_2011_raw_dbf_coordinate,reviewed_extension_rule_accepted,GeoKLADR2011:OKATO:28257810032,2010:019_a193ec7827_Tver_L1_ethn_np_2010.xls:Data Sheet:9548,Яхново,деревня,тверская,9.0,56.502967,31.251108,/workspace/settlements-raw/data/raw/historical_geography/geokladr_okato_2011/okato.dbf,d1c8b983f2489724a940bd2a64dedda73b602f6c491d5c09391deaf362fe2650,raw_dbf_record_number_1based=49100;byte_offset_0based=19394810,geokladr_2011_raw_dbf_coordinate,reviewed_extension_rule_accepted,GeoKLADR2011:OKATO:28257810032,2021:data_allsettlements_anon_156_v20251217.parquet:parquet:141838,Яхново,деревня,тверская,13.0,57.66185,33.49945,/workspace/settlements-raw/data/raw/coordinate_candidates/geonames_RU_20260907.zip,9bf299daaff13de75ddbf610e113469aae80537d66a7de3437967576c6509ff4,RU.txt:line=9247;geonameid=469669,geonames_ru_txt_named_place_point,reviewed_extension_rule_accepted,GeoNames:geonameid:469669,0.0,187.2343989015028,187.2343989015028,187.2343989015028,distance_km_2002_2021,190
2002:051_46e3ecb0a0_02c_Permskaja_obl.xls:Sheet1:1723,2002:051_46e3ecb0a0_02c_Permskaja_obl.xls:Sheet1:1723,Рогозино,деревня,пермский,18.0,57.4060225,57.2839939,/workspace/settlements-raw/data/interim/2021_tochno/data_allsettlements_anon_156_v20251217.parquet,86c197cd522e0b63669e9c6e7f43fd3d82b3704c6a126c800a9968ecd16cae14,"carrier_target_source_record_id=2021:data_allsettlements_anon_156_v20251217.parquet:parquet:96279;parquet_row_1based=96279;latitude_dadata,longitude_dadata",retrospective_continuity_from_tochno_2021_dadata_raw_parquet_point,reviewed_extension_rule_accepted,2021:data_allsettlements_anon_156_v20251217.parquet:parquet:96279,2010:016_802d308e41_8._20Or_Penz_Perm_Samar_Saratov_Uly_2010.xls:!!!:6061,Рогозино,деревня,пермский,5.0,58.961743,56.079955,/workspace/settlements-raw/data/raw/historical_geography/geokladr_okato_2011/okato.dbf,d1c8b983f2489724a940bd2a64dedda73b602f6c491d5c09391deaf362fe2650,raw_dbf_record_number_1based=91637;byte_offset_0based=36196925,geokladr_2011_raw_dbf_coordinate,reviewed_extension_rule_accepted,GeoKLADR2011:OKATO:57224819005,2021:data_allsettlements_anon_156_v20251217.parquet:parquet:96279,Рогозино,деревня,пермский,14.0,57.4060225,57.2839939,/workspace/settlements-raw/data/interim/2021_tochno/data_allsettlements_anon_156_v20251217.parquet,86c197cd522e0b63669e9c6e7f43fd3d82b3704c6a126c800a9968ecd16cae14,"parquet_row_1based=96279;latitude_dadata,longitude_dadata",tochno_2021_dadata_raw_parquet_point,reviewed_rule_accepted,2021:data_allsettlements_anon_156_v20251217.parquet:parquet:96279,186.82633480159805,0.0,186.82633480159805,186.82633480159805,distance_km_2002_2010,191
2002:047_9960082a3e_02c_Kirovskaja_new.xls:Sheet1:4386,2002:047_9960082a3e_02c_Kirovskaja_new.xls:Sheet1:4386,Мокрушата,деревня,кировская,5.0,57.854992,48.80416,/workspace/settlements-raw/data/raw/historical_geography/geokladr_okato_2011/okato.dbf,d1c8b983f2489724a940bd2a64dedda73b602f6c491d5c09391deaf362fe2650,raw_dbf_record_number_1based=56725;byte_offset_0based=22406685,geokladr_2011_raw_dbf_coordinate,reviewed_extension_rule_accepted,GeoKLADR2011:OKATO:33240840004,2010:014_5ca759eea0_5._20Nizheg_Kirov_202010.xls:Data Sheet:8265,Мокрушата,деревня,кировская,0.0,57.854992,48.80416,/workspace/settlements-raw/data/raw/historical_geography/geokladr_okato_2011/okato.dbf,d1c8b983f2489724a940bd2a64dedda73b602f6c491d5c09391deaf362fe2650,raw_dbf_record_number_1based=56725;byte_offset_0based=22406685,geokladr_2011_raw_dbf_coordinate,reviewed_extension_rule_accepted,GeoKLADR2011:OKATO:33240840004,2021:data_allsettlements_anon_156_v20251217.parquet:parquet:36986,Мокрушата,деревня,кировская,2.0,57.7855,51.8882,/workspace/settlements-raw/data/raw/coordinate_candidates/geonames_RU_20260907.zip,9bf299daaff13de75ddbf610e113469aae80537d66a7de3437967576c6509ff4,RU.txt:line=64966;geonameid=525697,geonames_ru_txt_named_place_point,reviewed_extension_rule_accepted,GeoNames:geonameid:525697,0.0,182.78426439738627,182.78426439738627,182.78426439738627,distance_km_2002_2021,192
2002:020_e4f979c6c7_02c_Arxang-new.xls:Sheet1:2176,2002:020_e4f979c6c7_02c_Arxang-new.xls:Sheet1:2176,Шубинская,деревня,архангельская,46.0,62.0829233,48.6372778,/workspace/settlements-raw/data/interim/2021_tochno/data_allsettlements_anon_156_v20251217.parquet,86c197cd522e0b63669e9c6e7f43fd3d82b3704c6a126c800a9968ecd16cae14,"carrier_target_source_record_id=2021:data_allsettlements_anon_156_v20251217.parquet:parquet:88865;parquet_row_1based=88865;latitude_dadata,longitude_dadata",retrospective_continuity_from_tochno_2021_dadata_raw_parquet_point,reviewed_extension_rule_accepted,2021:data_allsettlements_anon_156_v20251217.parquet:parquet:88865,ARK2010:archive20131022:html_table1_tr2215,шубинская,деревня,архангельская,32.0,61.685652,45.271211,/workspace/settlements-raw/data/raw/historical_geography/geokladr_okato_2011/okato.dbf,d1c8b983f2489724a940bd2a64dedda73b602f6c491d5c09391deaf362fe2650,raw_dbf_record_number_1based=9439;byte_offset_0based=3728715,geokladr_2011_raw_dbf_coordinate,reviewed_extension_rule_accepted,GeoKLADR2011:OKATO:11235812023,2021:data_allsettlements_anon_156_v20251217.parquet:parquet:88865,Шубинская,деревня,архангельская,28.0,62.0829233,48.6372778,/workspace/settlements-raw/data/interim/2021_tochno/data_allsettlements_anon_156_v20251217.parquet,86c197cd522e0b63669e9c6e7f43fd3d82b3704c6a126c800a9968ecd16cae14,"parquet_row_1based=88865;latitude_dadata,longitude_dadata",tochno_2021_dadata_raw_parquet_point,reviewed_rule_accepted,2021:data_allsettlements_anon_156_v20251217.parquet:parquet:88865,181.81001958938128,0.0,181.81001958938128,181.81001958938128,distance_km_2002_2010,193
2002:078_8405ea8fce_Yakutia.xls:Sheet1:1118,2002:078_8405ea8fce_Yakutia.xls:Sheet1:1118,Сасылыкан,село,саха якутия,131.0,61.062879,132.370562,/workspace/settlements-raw/data/raw/historical_geography/geokladr_okato_2011/okato.dbf,d1c8b983f2489724a940bd2a64dedda73b602f6c491d5c09391deaf362fe2650,raw_dbf_record_number_1based=151681;byte_offset_0based=59914305,geokladr_2011_raw_dbf_coordinate,reviewed_extension_rule_accepted,GeoKLADR2011:OKATO:98252870002,2010:009_81f8a0e73c_17._20ДВ_ФО_2010.xls:ДВ:2778,Сасылыкан,село,саха якутия,125.0,61.062879,132.370562,/workspace/settlements-raw/data/raw/historical_geography/geokladr_okato_2011/okato.dbf,d1c8b983f2489724a940bd2a64dedda73b602f6c491d5c09391deaf362fe2650,raw_dbf_record_number_1based=151681;byte_offset_0based=59914305,geokladr_2011_raw_dbf_coordinate,reviewed_extension_rule_accepted,GeoKLADR2011:OKATO:98252870002,2021:data_allsettlements_anon_156_v20251217.parquet:parquet:166969,Сасылыкан,село,саха якутия,108.0,62.4763494,130.646821,/workspace/settlements-raw/data/interim/2021_tochno/data_allsettlements_anon_156_v20251217.parquet,86c197cd522e0b63669e9c6e7f43fd3d82b3704c6a126c800a9968ecd16cae14,"parquet_row_1based=166969;latitude_dadata,longitude_dadata",tochno_2021_dadata_raw_parquet_point,reviewed_rule_accepted,2021:data_allsettlements_anon_156_v20251217.parquet:parquet:166969,0.0,181.43166695423577,181.43166695423577,181.43166695423577,distance_km_2002_2021,194
2002:051_46e3ecb0a0_02c_Permskaja_obl.xls:Sheet1:3835,2002:051_46e3ecb0a0_02c_Permskaja_obl.xls:Sheet1:3835,Серегово,село,пермский,332.0,58.768946,57.041122,/workspace/settlements-raw/data/raw/historical_geography/geokladr_okato_2011/okato.dbf,d1c8b983f2489724a940bd2a64dedda73b602f6c491d5c09391deaf362fe2650,raw_dbf_record_number_1based=93269;byte_offset_0based=36841565,geokladr_2011_raw_dbf_coordinate,reviewed_extension_rule_accepted,GeoKLADR2011:OKATO:57256846003,2010:016_802d308e41_8._20Or_Penz_Perm_Samar_Saratov_Uly_2010.xls:!!!:7685,Серегово,село,пермский,276.0,58.768946,57.041122,/workspace/settlements-raw/data/raw/historical_geography/geokladr_okato_2011/okato.dbf,d1c8b983f2489724a940bd2a64dedda73b602f6c491d5c09391deaf362fe2650,raw_dbf_record_number_1based=93269;byte_offset_0based=36841565,geokladr_2011_raw_dbf_coordinate,reviewed_extension_rule_accepted,GeoKLADR2011:OKATO:57256846003,2021:data_allsettlements_anon_156_v20251217.parquet:parquet:98804,Серегово,село,пермский,179.0,60.36887,56.50934,/workspace/settlements-raw/data/raw/coordinate_candidates/geonames_RU_20260907.zip,9bf299daaff13de75ddbf610e113469aae80537d66a7de3437967576c6509ff4,RU.txt:line=36257;geonameid=496825,geonames_ru_txt_named_place_point,reviewed_extension_rule_accepted,GeoNames:geonameid:496825,0.0,180.40555659642433,180.40555659642433,180.40555659642433,distance_km_2002_2021,195
2002:057_9b18a354f1_02c_Sverdlovskaja_oblast.xls:Sheet1:2136,2002:057_9b18a354f1_02c_Sverdlovskaja_oblast.xls:Sheet1:2136,Крутое,село,свердловская,327.0,59.327951,63.013045,/workspace/settlements-raw/data/raw/historical_geography/geokladr_okato_2011/okato.dbf,d1c8b983f2489724a940bd2a64dedda73b602f6c491d5c09391deaf362fe2650,raw_dbf_record_number_1based=110065;byte_offset_0based=43475985,geokladr_2011_raw_dbf_coordinate,reviewed_extension_rule_accepted,GeoKLADR2011:OKATO:65248835001,2010:003_eb441570b1_11._20Урал_ФО_2010.xls:Урал:4127,Крутое,село,свердловская,262.0,59.327951,63.013045,/workspace/settlements-raw/data/raw/historical_geography/geokladr_okato_2011/okato.dbf,d1c8b983f2489724a940bd2a64dedda73b602f6c491d5c09391deaf362fe2650,raw_dbf_record_number_1based=110065;byte_offset_0based=43475985,geokladr_2011_raw_dbf_coordinate,reviewed_extension_rule_accepted,GeoKLADR2011:OKATO:65248835001,2021:data_allsettlements_anon_156_v20251217.parquet:parquet:120452,Крутое,село,свердловская,210.0,58.10696,65.06536,/workspace/settlements-raw/data/raw/coordinate_candidates/geonames_RU_20260907.zip,9bf299daaff13de75ddbf610e113469aae80537d66a7de3437967576c6509ff4,RU.txt:line=176581;geonameid=1501664,geonames_ru_txt_named_place_point,reviewed_extension_rule_accepted,GeoNames:geonameid:1501664,0.0,180.19153087516784,180.19153087516784,180.19153087516784,distance_km_2002_2021,196
2002:022_862ad8a69d_02c_Vologodskaya.xls:2C:1757,2002:022_862ad8a69d_02c_Vologodskaya.xls:2C:1757,Самойловская,деревня,вологодская,3.0,60.482859,43.259734,/workspace/settlements-raw/data/raw/historical_geography/geokladr_okato_2011/okato.dbf,d1c8b983f2489724a940bd2a64dedda73b602f6c491d5c09391deaf362fe2650,raw_dbf_record_number_1based=21415;byte_offset_0based=8459235,geokladr_2011_raw_dbf_coordinate,reviewed_extension_rule_accepted,GeoKLADR2011:OKATO:19218808046,2010:012_5c339c0d0e_4._20Vologod_pskov_2010.xls:Data Sheet:1624,Самойловская,деревня,вологодская,0.0,60.482859,43.259734,/workspace/settlements-raw/data/raw/historical_geography/geokladr_okato_2011/okato.dbf,d1c8b983f2489724a940bd2a64dedda73b602f6c491d5c09391deaf362fe2650,raw_dbf_record_number_1based=21415;byte_offset_0based=8459235,geokladr_2011_raw_dbf_coordinate,reviewed_extension_rule_accepted,GeoKLADR2011:OKATO:19218808046,2021:data_allsettlements_anon_156_v20251217.parquet:parquet:7461,Самойловская,деревня,вологодская,0.0,60.4173,39.9768,/workspace/settlements-raw/data/raw/coordinate_candidates/geonames_RU_20260907.zip,9bf299daaff13de75ddbf610e113469aae80537d66a7de3437967576c6509ff4,RU.txt:line=38366;geonameid=498948,geonames_ru_txt_named_place_point,reviewed_extension_rule_accepted,GeoNames:geonameid:498948,0.0,180.16286175216624,180.16286175216624,180.16286175216624,distance_km_2002_2021,197
2002:052_4be37f273b_02c_Komi_perm_AO.xls:Sheet1:428,2002:052_4be37f273b_02c_Komi_perm_AO.xls:Sheet1:428,Старая Кузьва,деревня,пермский,55.0,59.0478753,54.2918042,/workspace/settlements-raw/data/interim/2021_tochno/data_allsettlements_anon_156_v20251217.parquet,86c197cd522e0b63669e9c6e7f43fd3d82b3704c6a126c800a9968ecd16cae14,"carrier_target_source_record_id=2021:data_allsettlements_anon_156_v20251217.parquet:parquet:96665;parquet_row_1based=96665;latitude_dadata,longitude_dadata",retrospective_continuity_from_tochno_2021_dadata_raw_parquet_point,reviewed_extension_rule_accepted,2021:data_allsettlements_anon_156_v20251217.parquet:parquet:96665,2010:016_802d308e41_8._20Or_Penz_Perm_Samar_Saratov_Uly_2010.xls:!!!:4837,Старая Кузьва,деревня,пермский,21.0,57.510178,55.238521,/workspace/settlements-raw/data/raw/historical_geography/geokladr_okato_2011/okato.dbf,d1c8b983f2489724a940bd2a64dedda73b602f6c491d5c09391deaf362fe2650,raw_dbf_record_number_1based=90401;byte_offset_0based=35708705,geokladr_2011_raw_dbf_coordinate,reviewed_extension_rule_accepted,GeoKLADR2011:OKATO:57121926011,2021:data_allsettlements_anon_156_v20251217.parquet:parquet:96665,Старая Кузьва,деревня,пермский,4.0,59.0478753,54.2918042,/workspace/settlements-raw/data/interim/2021_tochno/data_allsettlements_anon_156_v20251217.parquet,86c197cd522e0b63669e9c6e7f43fd3d82b3704c6a126c800a9968ecd16cae14,"parquet_row_1based=96665;latitude_dadata,longitude_dadata",tochno_2021_dadata_raw_parquet_point,reviewed_rule_accepted,2021:data_allsettlements_anon_156_v20251217.parquet:parquet:96665,179.71512108871573,0.0,179.71512108871573,179.71512108871573,distance_km_2002_2010,198
2002:015_90ef69f659_02c_Tver_obl.xls:!!!:9123,2002:015_90ef69f659_02c_Tver_obl.xls:!!!:9123,Струбище,деревня,тверская,1.0,57.1604201,34.6498599,/workspace/settlements-raw/data/interim/2021_tochno/data_allsettlements_anon_156_v20251217.parquet,86c197cd522e0b63669e9c6e7f43fd3d82b3704c6a126c800a9968ecd16cae14,"carrier_target_source_record_id=2021:data_allsettlements_anon_156_v20251217.parquet:parquet:141021;parquet_row_1based=141021;latitude_dadata,longitude_dadata",retrospective_continuity_from_tochno_2021_dadata_raw_parquet_point,reviewed_extension_rule_accepted,2021:data_allsettlements_anon_156_v20251217.parquet:parquet:141021,2010:019_a193ec7827_Tver_L1_ethn_np_2010.xls:Data Sheet:8490,Струбище,деревня,тверская,6.0,58.1552,37.0308,/workspace/settlements-raw/data/raw/historical_geography/geokladr_okato_2011/okato.dbf,d1c8b983f2489724a940bd2a64dedda73b602f6c491d5c09391deaf362fe2650,raw_dbf_record_number_1based=48045;byte_offset_0based=18978085,geokladr_2011_raw_dbf_coordinate,reviewed_extension_rule_accepted,GeoKLADR2011:OKATO:28254808016,2021:data_allsettlements_anon_156_v20251217.parquet:parquet:141021,Струбище,деревня,тверская,1.0,57.1604201,34.6498599,/workspace/settlements-raw/data/interim/2021_tochno/data_allsettlements_anon_156_v20251217.parquet,86c197cd522e0b63669e9c6e7f43fd3d82b3704c6a126c800a9968ecd16cae14,"parquet_row_1based=141021;latitude_dadata,longitude_dadata",tochno_2021_dadata_raw_parquet_point,reviewed_rule_accepted,2021:data_allsettlements_anon_156_v20251217.parquet:parquet:141021,179.69258125662597,0.0,179.69258125662597,179.69258125662597,distance_km_2002_2010,199
2002:051_46e3ecb0a0_02c_Permskaja_obl.xls:Sheet1:3238,2002:051_46e3ecb0a0_02c_Permskaja_obl.xls:Sheet1:3238,Пестери,деревня,пермский,116.0,58.3318749,54.1363314,,,,,reviewed_extension_rule_accepted,2021:data_allsettlements_anon_156_v20251217.parquet:parquet:97169,2010:016_802d308e41_8._20Or_Penz_Perm_Samar_Saratov_Uly_2010.xls:!!!:7234,Пестери,деревня,пермский,54.0,57.639709,56.888142,/workspace/settlements-raw/data/raw/historical_geography/geokladr_okato_2011/okato.dbf,d1c8b983f2489724a940bd2a64dedda73b602f6c491d5c09391deaf362fe2650,raw_dbf_record_number_1based=92812;byte_offset_0based=36661050,geokladr_2011_raw_dbf_coordinate,reviewed_extension_rule_accepted,GeoKLADR2011:OKATO:57248822012,2021:data_allsettlements_anon_156_v20251217.parquet:parquet:97169,Пестери,деревня,пермский,4.0,58.3318749,54.1363314,/workspace/settlements-raw/data/interim/2021_tochno/data_allsettlements_anon_156_v20251217.parquet,86c197cd522e0b63669e9c6e7f43fd3d82b3704c6a126c800a9968ecd16cae14,"parquet_row_1based=97169;latitude_dadata,longitude_dadata",tochno_2021_dadata_raw_parquet_point,reviewed_rule_accepted,2021:data_allsettlements_anon_156_v20251217.parquet:parquet:97169,179.52821670024792,0.0,179.52821670024792,179.52821670024792,distance_km_2002_2010,200
2002:015_90ef69f659_02c_Tver_obl.xls:!!!:1977,2002:015_90ef69f659_02c_Tver_obl.xls:!!!:1977,Каськово,деревня,тверская,11.0,56.2339479,31.8405511,/workspace/settlements-raw/data/interim/2021_tochno/data_allsettlements_anon_156_v20251217.parquet,86c197cd522e0b63669e9c6e7f43fd3d82b3704c6a126c800a9968ecd16cae14,"carrier_target_source_record_id=2021:data_allsettlements_anon_156_v20251217.parquet:parquet:134135;parquet_row_1based=134135;latitude_dadata,longitude_dadata",retrospective_continuity_from_tochno_2021_dadata_raw_parquet_point,reviewed_extension_rule_accepted,2021:data_allsettlements_anon_156_v20251217.parquet:parquet:134135,2010:019_a193ec7827_Tver_L1_ethn_np_2010.xls:Data Sheet:1889,Каськово,деревня,тверская,0.0,56.095779,34.725976,/workspace/settlements-raw/data/raw/historical_geography/geokladr_okato_2011/okato.dbf,d1c8b983f2489724a940bd2a64dedda73b602f6c491d5c09391deaf362fe2650,raw_dbf_record_number_1based=41576;byte_offset_0based=16422830,geokladr_2011_raw_dbf_coordinate,reviewed_extension_rule_accepted,GeoKLADR2011:OKATO:28216849043,2021:data_allsettlements_anon_156_v20251217.parquet:parquet:134135,Каськово,деревня,тверская,0.0,56.2339479,31.8405511,/workspace/settlements-raw/data/interim/2021_tochno/data_allsettlements_anon_156_v20251217.parquet,86c197cd522e0b63669e9c6e7f43fd3d82b3704c6a126c800a9968ecd16cae14,"parquet_row_1based=134135;latitude_dadata,longitude_dadata",tochno_2021_dadata_raw_parquet_point,reviewed_rule_accepted,2021:data_allsettlements_anon_156_v20251217.parquet:parquet:134135,179.29427659195738,0.0,179.29427659195738,179.29427659195738,distance_km_2002_2010,201
2002:010_3e630cc803_02c_Moskovskaya-oblast.xls:Sheet1:4224,2002:010_3e630cc803_02c_Moskovskaya-oblast.xls:Sheet1:4224,Бутьково,деревня,московская,16.0,55.911482,36.513672,/workspace/settlements-raw/data/raw/historical_geography/geokladr_okato_2011/okato.dbf,d1c8b983f2489724a940bd2a64dedda73b602f6c491d5c09391deaf362fe2650,raw_dbf_record_number_1based=74700;byte_offset_0based=29506810,geokladr_2011_raw_dbf_coordinate,reviewed_extension_rule_accepted,GeoKLADR2011:OKATO:46242810002,2010:010_711691e352_2._20Kostrom_Kur_Lip_Moscow_MoscObl_Orlov_2010.xls:Data Sheet:11842,Бутьково,деревня,московская,21.0,55.911482,36.513672,/workspace/settlements-raw/data/raw/historical_geography/geokladr_okato_2011/okato.dbf,d1c8b983f2489724a940bd2a64dedda73b602f6c491d5c09391deaf362fe2650,raw_dbf_record_number_1based=74700;byte_offset_0based=29506810,geokladr_2011_raw_dbf_coordinate,reviewed_extension_rule_accepted,GeoKLADR2011:OKATO:46242810002,2021:data_allsettlements_anon_156_v20251217.parquet:parquet:67444,Бутьково,деревня,московская,27.0,54.7967402,38.5621943,/workspace/settlements-raw/data/interim/2021_tochno/data_allsettlements_anon_156_v20251217.parquet,86c197cd522e0b63669e9c6e7f43fd3d82b3704c6a126c800a9968ecd16cae14,"parquet_row_1based=67444;latitude_dadata,longitude_dadata",tochno_2021_dadata_raw_parquet_point,reviewed_rule_accepted,2021:data_allsettlements_anon_156_v20251217.parquet:parquet:67444,0.0,179.24534724372228,179.24534724372228,179.24534724372228,distance_km_2002_2021,202
2002:007_acff9aa32d_02c_Kostromskaja.xls:Sheet1:3067,2002:007_acff9aa32d_02c_Kostromskaja.xls:Sheet1:3067,Разливное,деревня,костромская,16.0,57.837402,40.64194,/workspace/settlements-raw/data/raw/historical_geography/geokladr_okato_2011/okato.dbf,d1c8b983f2489724a940bd2a64dedda73b602f6c491d5c09391deaf362fe2650,raw_dbf_record_number_1based=60207;byte_offset_0based=23782075,geokladr_2011_raw_dbf_coordinate,reviewed_extension_rule_accepted,GeoKLADR2011:OKATO:34240808012,2010:010_711691e352_2._20Kostrom_Kur_Lip_Moscow_MoscObl_Orlov_2010.xls:Data Sheet:2659,Разливное,деревня,костромская,9.0,57.837402,40.64194,/workspace/settlements-raw/data/raw/historical_geography/geokladr_okato_2011/okato.dbf,d1c8b983f2489724a940bd2a64dedda73b602f6c491d5c09391deaf362fe2650,raw_dbf_record_number_1based=60207;byte_offset_0based=23782075,geokladr_2011_raw_dbf_coordinate,reviewed_extension_rule_accepted,GeoKLADR2011:OKATO:34240808012,2021:data_allsettlements_anon_156_v20251217.parquet:parquet:43909,Разливное,деревня,костромская,1.0,59.28127,41.98965,/workspace/settlements-raw/data/raw/coordinate_candidates/geonames_RU_20260907.zip,9bf299daaff13de75ddbf610e113469aae80537d66a7de3437967576c6509ff4,RU.txt:line=138197;geonameid=818008,geonames_ru_txt_named_place_point,reviewed_extension_rule_accepted,GeoNames:geonameid:818008,0.0,178.56045333841013,178.56045333841013,178.56045333841013,distance_km_2002_2021,203
2002:010_3e630cc803_02c_Moskovskaya-oblast.xls:Sheet1:1400,2002:010_3e630cc803_02c_Moskovskaya-oblast.xls:Sheet1:1400,Бор,деревня,московская,27.0,55.107237,39.149717,/workspace/settlements-raw/data/raw/historical_geography/geokladr_okato_2011/okato.dbf,d1c8b983f2489724a940bd2a64dedda73b602f6c491d5c09391deaf362fe2650,raw_dbf_record_number_1based=72212;byte_offset_0based=28524050,geokladr_2011_raw_dbf_coordinate,reviewed_extension_rule_accepted,GeoKLADR2011:OKATO:46215831018,2010:010_711691e352_2._20Kostrom_Kur_Lip_Moscow_MoscObl_Orlov_2010.xls:Data Sheet:9397,Бор,деревня,московская,13.0,55.107237,39.149717,/workspace/settlements-raw/data/raw/historical_geography/geokladr_okato_2011/okato.dbf,d1c8b983f2489724a940bd2a64dedda73b602f6c491d5c09391deaf362fe2650,raw_dbf_record_number_1based=72212;byte_offset_0based=28524050,geokladr_2011_raw_dbf_coordinate,reviewed_extension_rule_accepted,GeoKLADR2011:OKATO:46215831018,2021:data_allsettlements_anon_156_v20251217.parquet:parquet:66418,Бор,деревня,московская,86.0,56.5168457,37.8332551,/workspace/settlements-raw/data/interim/2021_tochno/data_allsettlements_anon_156_v20251217.parquet,86c197cd522e0b63669e9c6e7f43fd3d82b3704c6a126c800a9968ecd16cae14,"parquet_row_1based=66418;latitude_dadata,longitude_dadata",tochno_2021_dadata_raw_parquet_point,reviewed_rule_accepted,2021:data_allsettlements_anon_156_v20251217.parquet:parquet:66418,0.0,177.00557150073433,177.00557150073433,177.00557150073433,distance_km_2002_2021,204
2002:051_46e3ecb0a0_02c_Permskaja_obl.xls:Sheet1:1838,2002:051_46e3ecb0a0_02c_Permskaja_obl.xls:Sheet1:1838,Северный Колчим,посёлок,пермский,964.0,58.866667,55.866667,/workspace/settlements-raw/data/raw/historical_geography/geokladr_okato_2011/okato.dbf,d1c8b983f2489724a940bd2a64dedda73b602f6c491d5c09391deaf362fe2650,raw_dbf_record_number_1based=91719;byte_offset_0based=36229315,geokladr_2011_raw_dbf_coordinate,reviewed_extension_rule_accepted,GeoKLADR2011:OKATO:57226834001,2010:016_802d308e41_8._20Or_Penz_Perm_Samar_Saratov_Uly_2010.xls:!!!:6141,Северный Колчим,посёлок,пермский,629.0,58.866667,55.866667,/workspace/settlements-raw/data/raw/historical_geography/geokladr_okato_2011/okato.dbf,d1c8b983f2489724a940bd2a64dedda73b602f6c491d5c09391deaf362fe2650,raw_dbf_record_number_1based=91719;byte_offset_0based=36229315,geokladr_2011_raw_dbf_coordinate,reviewed_extension_rule_accepted,GeoKLADR2011:OKATO:57226834001,2021:data_allsettlements_anon_156_v20251217.parquet:parquet:99208,Северный Колчим,посёлок,пермский,281.0,60.1202,57.78617,/workspace/settlements-raw/data/raw/coordinate_candidates/geonames_RU_20260907.zip,9bf299daaff13de75ddbf610e113469aae80537d66a7de3437967576c6509ff4,RU.txt:line=35749;geonameid=496313,geonames_ru_txt_named_place_point,reviewed_extension_rule_accepted,GeoNames:geonameid:496313,0.0,176.53039753386673,176.53039753386673,176.53039753386673,distance_km_2002_2021,205
2002:015_90ef69f659_02c_Tver_obl.xls:!!!:7812,2002:015_90ef69f659_02c_Tver_obl.xls:!!!:7812,Горошково,деревня,тверская,8.0,58.2457231,36.1125961,/workspace/settlements-raw/data/interim/2021_tochno/data_allsettlements_anon_156_v20251217.parquet,86c197cd522e0b63669e9c6e7f43fd3d82b3704c6a126c800a9968ecd16cae14,"carrier_target_source_record_id=2021:data_allsettlements_anon_156_v20251217.parquet:parquet:135928;parquet_row_1based=135928;latitude_dadata,longitude_dadata",retrospective_continuity_from_tochno_2021_dadata_raw_parquet_point,reviewed_extension_rule_accepted,2021:data_allsettlements_anon_156_v20251217.parquet:parquet:135928,2010:019_a193ec7827_Tver_L1_ethn_np_2010.xls:Data Sheet:7150,Горошково,деревня,тверская,5.0,56.94536,37.802794,/workspace/settlements-raw/data/raw/historical_geography/geokladr_okato_2011/okato.dbf,d1c8b983f2489724a940bd2a64dedda73b602f6c491d5c09391deaf362fe2650,raw_dbf_record_number_1based=46717;byte_offset_0based=18453525,geokladr_2011_raw_dbf_coordinate,reviewed_extension_rule_accepted,GeoKLADR2011:OKATO:28249804024,2021:data_allsettlements_anon_156_v20251217.parquet:parquet:135928,Горошково,деревня,тверская,0.0,58.2457231,36.1125961,/workspace/settlements-raw/data/interim/2021_tochno/data_allsettlements_anon_156_v20251217.parquet,86c197cd522e0b63669e9c6e7f43fd3d82b3704c6a126c800a9968ecd16cae14,"parquet_row_1based=135928;latitude_dadata,longitude_dadata",tochno_2021_dadata_raw_parquet_point,reviewed_rule_accepted,2021:data_allsettlements_anon_156_v20251217.parquet:parquet:135928,176.20169840099226,0.0,176.20169840099226,176.20169840099226,distance_km_2002_2010,206
2002:078_8405ea8fce_Yakutia.xls:Sheet1:1186,2002:078_8405ea8fce_Yakutia.xls:Sheet1:1186,Мындагай,село,саха якутия,1128.0,61.642902,133.192164,/workspace/settlements-raw/data/raw/historical_geography/geokladr_okato_2011/okato.dbf,d1c8b983f2489724a940bd2a64dedda73b602f6c491d5c09391deaf362fe2650,raw_dbf_record_number_1based=151719;byte_offset_0based=59929315,geokladr_2011_raw_dbf_coordinate,reviewed_extension_rule_accepted,GeoKLADR2011:OKATO:98258815001,2010:009_81f8a0e73c_17._20ДВ_ФО_2010.xls:ДВ:2818,Мындагай,село,саха якутия,1048.0,61.642902,133.192164,/workspace/settlements-raw/data/raw/historical_geography/geokladr_okato_2011/okato.dbf,d1c8b983f2489724a940bd2a64dedda73b602f6c491d5c09391deaf362fe2650,raw_dbf_record_number_1based=151719;byte_offset_0based=59929315,geokladr_2011_raw_dbf_coordinate,reviewed_extension_rule_accepted,GeoKLADR2011:OKATO:98258815001,2021:data_allsettlements_anon_156_v20251217.parquet:parquet:167042,Мындагай,село,саха якутия,1100.0,61.96,129.91,/workspace/settlements-raw/data/raw/wikidata_truthy_claims/batch_0124.jsonl.gz,cd14960ced379413ae223158f760721dae3cb2a85cb3544a8b0691a1e68eb37b,"{""line_number"": 9813, ""locator"": ""batch_0124.jsonl.gz#line=9813"", ""retrieved_at_utc"": ""2026-08-31T20:59:43.093518+00:00"", ""source_file"": ""batch_0124.jsonl.gz"", ""value_raw"": ""POINT(129.910000 61.960000)""}",wikidata_P625_point_claim,reviewed_extension_rule_accepted,Q4309402,0.0,176.00147672470575,176.00147672470575,176.00147672470575,distance_km_2002_2021,207
2002:013_2dd2afccd6_02c_Smolenskaja.xls:Sheet1:1053,2002:013_2dd2afccd6_02c_Smolenskaja.xls:Sheet1:1053,Ожогино,деревня,смоленская,0.0,53.927183,32.442401,/workspace/settlements-raw/data/raw/historical_geography/geokladr_okato_2011/okato.dbf,d1c8b983f2489724a940bd2a64dedda73b602f6c491d5c09391deaf362fe2650,raw_dbf_record_number_1based=111600;byte_offset_0based=44082310,geokladr_2011_raw_dbf_coordinate,reviewed_extension_rule_accepted,GeoKLADR2011:OKATO:66211850011,2010:011_040325482b_3._20Ryaz_Smol_Tambov_Tula_Jaroslavl_20L1_20ethn_2010.xls:Data Sheet:3731,Ожогино,деревня,смоленская,0.0,53.927183,32.442401,/workspace/settlements-raw/data/raw/historical_geography/geokladr_okato_2011/okato.dbf,d1c8b983f2489724a940bd2a64dedda73b602f6c491d5c09391deaf362fe2650,raw_dbf_record_number_1based=111600;byte_offset_0based=44082310,geokladr_2011_raw_dbf_coordinate,reviewed_extension_rule_accepted,GeoKLADR2011:OKATO:66211850011,2021:data_allsettlements_anon_156_v20251217.parquet:parquet:122678,Ожогино,деревня,смоленская,0.0,55.38458,31.41542,/workspace/settlements-raw/data/raw/coordinate_candidates/geonames_RU_20260907.zip,9bf299daaff13de75ddbf610e113469aae80537d66a7de3437967576c6509ff4,RU.txt:line=52678;geonameid=513337,geonames_ru_txt_named_place_point,reviewed_extension_rule_accepted,GeoNames:geonameid:513337,0.0,174.99770257508627,174.99770257508627,174.99770257508627,distance_km_2002_2021,208
2002:017_6374fdddeb_02c_Yaroslavskaja.xls:Sheet1:1731,2002:017_6374fdddeb_02c_Yaroslavskaja.xls:Sheet1:1731,Останково,деревня,ярославская,392.0,58.3696559,40.6863751,/workspace/settlements-raw/data/interim/2021_tochno/data_allsettlements_anon_156_v20251217.parquet,86c197cd522e0b63669e9c6e7f43fd3d82b3704c6a126c800a9968ecd16cae14,"carrier_target_source_record_id=2021:data_allsettlements_anon_156_v20251217.parquet:parquet:168656;parquet_row_1based=168656;latitude_dadata,longitude_dadata",retrospective_continuity_from_tochno_2021_dadata_raw_parquet_point,reviewed_extension_rule_accepted,2021:data_allsettlements_anon_156_v20251217.parquet:parquet:168656,2010:011_040325482b_3._20Ryaz_Smol_Tambov_Tula_Jaroslavl_20L1_20ethn_2010.xls:Data Sheet:14437,Останково,деревня,ярославская,395.0,57.328529,38.482933,/workspace/settlements-raw/data/raw/historical_geography/geokladr_okato_2011/okato.dbf,d1c8b983f2489724a940bd2a64dedda73b602f6c491d5c09391deaf362fe2650,raw_dbf_record_number_1based=127280;byte_offset_0based=50275910,geokladr_2011_raw_dbf_coordinate,reviewed_extension_rule_accepted,GeoKLADR2011:OKATO:78218825001,2021:data_allsettlements_anon_156_v20251217.parquet:parquet:168656,Останково,деревня,ярославская,389.0,58.3696559,40.6863751,/workspace/settlements-raw/data/interim/2021_tochno/data_allsettlements_anon_156_v20251217.parquet,86c197cd522e0b63669e9c6e7f43fd3d82b3704c6a126c800a9968ecd16cae14,"parquet_row_1based=168656;latitude_dadata,longitude_dadata",tochno_2021_dadata_raw_parquet_point,reviewed_rule_accepted,2021:data_allsettlements_anon_156_v20251217.parquet:parquet:168656,174.3461204378236,0.0,174.3461204378236,174.3461204378236,distance_km_2002_2010,209
2002:027_25f0f7433c_02c_Pskovskaja.xls:!!:4141,2002:027_25f0f7433c_02c_Pskovskaja.xls:!!:4141,Притчи,деревня,псковская,11.0,58.107501,29.332255,/workspace/settlements-raw/data/raw/historical_geography/geokladr_okato_2011/okato.dbf,d1c8b983f2489724a940bd2a64dedda73b602f6c491d5c09391deaf362fe2650,raw_dbf_record_number_1based=97629;byte_offset_0based=38563765,geokladr_2011_raw_dbf_coordinate,reviewed_extension_rule_accepted,GeoKLADR2011:OKATO:58229820077,2010:012_5c339c0d0e_4._20Vologod_pskov_2010.xls:Data Sheet:12069,Притчи,деревня,псковская,11.0,58.107501,29.332255,/workspace/settlements-raw/data/raw/historical_geography/geokladr_okato_2011/okato.dbf,d1c8b983f2489724a940bd2a64dedda73b602f6c491d5c09391deaf362fe2650,raw_dbf_record_number_1based=97629;byte_offset_0based=38563765,geokladr_2011_raw_dbf_coordinate,reviewed_extension_rule_accepted,GeoKLADR2011:OKATO:58229820077,2021:data_allsettlements_anon_156_v20251217.parquet:parquet:104260,Притчи,деревня,псковская,8.0,56.5777,28.7295,/workspace/settlements-raw/data/raw/coordinate_candidates/geonames_RU_20260907.zip,9bf299daaff13de75ddbf610e113469aae80537d66a7de3437967576c6509ff4,RU.txt:line=268491;geonameid=7080609,geonames_ru_txt_named_place_point,reviewed_extension_rule_accepted,GeoNames:geonameid:7080609,0.0,173.90673282650062,173.90673282650062,173.90673282650062,distance_km_2002_2021,210
2002:002_d4cda9574f_02c_Bryanskaja.xls:Sheet1:2439,2002:002_d4cda9574f_02c_Bryanskaja.xls:Sheet1:2439,Новоалександровка,деревня,брянская,29.0,53.9636835,33.7079143,/workspace/settlements-raw/data/interim/2021_tochno/data_allsettlements_anon_156_v20251217.parquet,86c197cd522e0b63669e9c6e7f43fd3d82b3704c6a126c800a9968ecd16cae14,"carrier_target_source_record_id=2021:data_allsettlements_anon_156_v20251217.parquet:parquet:175530;parquet_row_1based=175530;latitude_dadata,longitude_dadata",retrospective_continuity_from_tochno_2021_dadata_raw_parquet_point,reviewed_extension_rule_accepted,2021:data_allsettlements_anon_156_v20251217.parquet:parquet:175530,2010:013_f60b2d2bcf_5._20Belg_Bryan_Vlad_Voron_Ivanov_Kalug_20L1_ethn_2010.xls:Data Sheet:3624,Новоалександровка,деревня,брянская,18.0,53.174,31.4587,/workspace/settlements-raw/data/raw/historical_geography/geokladr_okato_2011/okato.dbf,d1c8b983f2489724a940bd2a64dedda73b602f6c491d5c09391deaf362fe2650,raw_dbf_record_number_1based=15153;byte_offset_0based=5985745,geokladr_2011_raw_dbf_coordinate,reviewed_extension_rule_accepted,GeoKLADR2011:OKATO:15246844015,2021:data_allsettlements_anon_156_v20251217.parquet:parquet:175530,Новоалександровка,деревня,брянская,8.0,53.9636835,33.7079143,/workspace/settlements-raw/data/interim/2021_tochno/data_allsettlements_anon_156_v20251217.parquet,86c197cd522e0b63669e9c6e7f43fd3d82b3704c6a126c800a9968ecd16cae14,"parquet_row_1based=175530;latitude_dadata,longitude_dadata",tochno_2021_dadata_raw_parquet_point,reviewed_rule_accepted,2021:data_allsettlements_anon_156_v20251217.parquet:parquet:175530,172.52770960272002,0.0,172.52770960272002,172.52770960272002,distance_km_2002_2010,211
2002:050_a0dc3f856b_penzen_obl.xls:Sheet1:880,2002:050_a0dc3f856b_penzen_obl.xls:Sheet1:880,Кайсаровка,деревня,пензенская,211.0,52.6762636,44.5863319,/workspace/settlements-raw/data/interim/2021_tochno/data_allsettlements_anon_156_v20251217.parquet,86c197cd522e0b63669e9c6e7f43fd3d82b3704c6a126c800a9968ecd16cae14,"carrier_target_source_record_id=2021:data_allsettlements_anon_156_v20251217.parquet:parquet:94707;parquet_row_1based=94707;latitude_dadata,longitude_dadata",retrospective_continuity_from_tochno_2021_dadata_raw_parquet_point,reviewed_extension_rule_accepted,2021:data_allsettlements_anon_156_v20251217.parquet:parquet:94707,2010:016_802d308e41_8._20Or_Penz_Perm_Samar_Saratov_Uly_2010.xls:!!!:3704,Кайсаровка,деревня,пензенская,228.0,53.8834,46.1815,/workspace/settlements-raw/data/raw/historical_geography/geokladr_okato_2011/okato.dbf,d1c8b983f2489724a940bd2a64dedda73b602f6c491d5c09391deaf362fe2650,raw_dbf_record_number_1based=89267;byte_offset_0based=35260775,geokladr_2011_raw_dbf_coordinate,reviewed_extension_rule_accepted,GeoKLADR2011:OKATO:56233831003,2021:data_allsettlements_anon_156_v20251217.parquet:parquet:94707,Кайсаровка,деревня,пензенская,168.0,52.6762636,44.5863319,/workspace/settlements-raw/data/interim/2021_tochno/data_allsettlements_anon_156_v20251217.parquet,86c197cd522e0b63669e9c6e7f43fd3d82b3704c6a126c800a9968ecd16cae14,"parquet_row_1based=94707;latitude_dadata,longitude_dadata",tochno_2021_dadata_raw_parquet_point,reviewed_rule_accepted,2021:data_allsettlements_anon_156_v20251217.parquet:parquet:94707,171.05941078022525,0.0,171.05941078022525,171.05941078022525,distance_km_2002_2010,212
2002:051_46e3ecb0a0_02c_Permskaja_obl.xls:Sheet1:2213,2002:051_46e3ecb0a0_02c_Permskaja_obl.xls:Sheet1:2213,Стерлягово,деревня,пермский,29.0,57.8048544,56.7710296,/workspace/settlements-raw/data/interim/2021_tochno/data_allsettlements_anon_156_v20251217.parquet,86c197cd522e0b63669e9c6e7f43fd3d82b3704c6a126c800a9968ecd16cae14,"carrier_target_source_record_id=2021:data_allsettlements_anon_156_v20251217.parquet:parquet:96993;parquet_row_1based=96993;latitude_dadata,longitude_dadata",retrospective_continuity_from_tochno_2021_dadata_raw_parquet_point,reviewed_extension_rule_accepted,2021:data_allsettlements_anon_156_v20251217.parquet:parquet:96993,2010:016_802d308e41_8._20Or_Penz_Perm_Samar_Saratov_Uly_2010.xls:!!!:6423,Стерлягово,деревня,пермский,18.0,59.197851,55.533856,/workspace/settlements-raw/data/raw/historical_geography/geokladr_okato_2011/okato.dbf,d1c8b983f2489724a940bd2a64dedda73b602f6c491d5c09391deaf362fe2650,raw_dbf_record_number_1based=91997;byte_offset_0based=36339125,geokladr_2011_raw_dbf_coordinate,reviewed_extension_rule_accepted,GeoKLADR2011:OKATO:57230849019,2021:data_allsettlements_anon_156_v20251217.parquet:parquet:96993,Стерлягово,деревня,пермский,6.0,57.8048544,56.7710296,/workspace/settlements-raw/data/interim/2021_tochno/data_allsettlements_anon_156_v20251217.parquet,86c197cd522e0b63669e9c6e7f43fd3d82b3704c6a126c800a9968ecd16cae14,"parquet_row_1based=96993;latitude_dadata,longitude_dadata",tochno_2021_dadata_raw_parquet_point,reviewed_rule_accepted,2021:data_allsettlements_anon_156_v20251217.parquet:parquet:96993,170.7513031560361,0.0,170.7513031560361,170.7513031560361,distance_km_2002_2010,213
2002:026_0eca405331_02c_Novgorodskaja.xls:Sheet1:3971,2002:026_0eca405331_02c_Novgorodskaja.xls:Sheet1:3971,Водосье,деревня,новгородская,10.0,59.2402648,31.8306895,/workspace/settlements-raw/data/interim/2021_tochno/data_allsettlements_anon_156_v20251217.parquet,86c197cd522e0b63669e9c6e7f43fd3d82b3704c6a126c800a9968ecd16cae14,"carrier_target_source_record_id=2021:data_allsettlements_anon_156_v20251217.parquet:parquet:80221;parquet_row_1based=80221;latitude_dadata,longitude_dadata",retrospective_continuity_from_tochno_2021_dadata_raw_parquet_point,reviewed_extension_rule_accepted,2021:data_allsettlements_anon_156_v20251217.parquet:parquet:80221,2010:001_723371ec84_1._20NW_2010.xls:NW:11925,Водосье,деревня,новгородская,6.0,57.962729,30.22593,/workspace/settlements-raw/data/raw/historical_geography/geokladr_okato_2011/okato.dbf,d1c8b983f2489724a940bd2a64dedda73b602f6c491d5c09391deaf362fe2650,raw_dbf_record_number_1based=80855;byte_offset_0based=31938035,geokladr_2011_raw_dbf_coordinate,reviewed_extension_rule_accepted,GeoKLADR2011:OKATO:49250830017,2021:data_allsettlements_anon_156_v20251217.parquet:parquet:80221,Водосье,деревня,новгородская,4.0,59.2402648,31.8306895,/workspace/settlements-raw/data/interim/2021_tochno/data_allsettlements_anon_156_v20251217.parquet,86c197cd522e0b63669e9c6e7f43fd3d82b3704c6a126c800a9968ecd16cae14,"parquet_row_1based=80221;latitude_dadata,longitude_dadata",tochno_2021_dadata_raw_parquet_point,reviewed_rule_accepted,2021:data_allsettlements_anon_156_v20251217.parquet:parquet:80221,169.76096980794821,0.0,169.76096980794821,169.76096980794821,distance_km_2002_2010,214
2002:017_6374fdddeb_02c_Yaroslavskaja.xls:Sheet1:5738,2002:017_6374fdddeb_02c_Yaroslavskaja.xls:Sheet1:5738,Овинцево,деревня,ярославская,6.0,57.1233303,38.3148649,/workspace/settlements-raw/data/interim/2021_tochno/data_allsettlements_anon_156_v20251217.parquet,86c197cd522e0b63669e9c6e7f43fd3d82b3704c6a126c800a9968ecd16cae14,"carrier_target_source_record_id=2021:data_allsettlements_anon_156_v20251217.parquet:parquet:172104;parquet_row_1based=172104;latitude_dadata,longitude_dadata",retrospective_continuity_from_tochno_2021_dadata_raw_parquet_point,reviewed_extension_rule_accepted,2021:data_allsettlements_anon_156_v20251217.parquet:parquet:172104,2010:011_040325482b_3._20Ryaz_Smol_Tambov_Tula_Jaroslavl_20L1_20ethn_2010.xls:Data Sheet:18194,Овинцево,деревня,ярославская,7.0,58.140071,40.440488,/workspace/settlements-raw/data/raw/historical_geography/geokladr_okato_2011/okato.dbf,d1c8b983f2489724a940bd2a64dedda73b602f6c491d5c09391deaf362fe2650,raw_dbf_record_number_1based=130972;byte_offset_0based=51734250,geokladr_2011_raw_dbf_coordinate,reviewed_extension_rule_accepted,GeoKLADR2011:OKATO:78246867017,2021:data_allsettlements_anon_156_v20251217.parquet:parquet:172104,Овинцево,деревня,ярославская,7.0,57.1233303,38.3148649,/workspace/settlements-raw/data/interim/2021_tochno/data_allsettlements_anon_156_v20251217.parquet,86c197cd522e0b63669e9c6e7f43fd3d82b3704c6a126c800a9968ecd16cae14,"parquet_row_1based=172104;latitude_dadata,longitude_dadata",tochno_2021_dadata_raw_parquet_point,reviewed_rule_accepted,2021:data_allsettlements_anon_156_v20251217.parquet:parquet:172104,169.67180453819665,0.0,169.67180453819665,169.67180453819665,distance_km_2002_2010,215
2002:048_4f024587eb_02c_Nizhegorod_obl_new.xls:11:1958,2002:048_4f024587eb_02c_Nizhegorod_obl_new.xls:11:1958,Привалово,деревня,нижегородская,28.0,57.7104,45.9099,/workspace/settlements-raw/data/raw/historical_geography/geokladr_okato_2011/okato.dbf,d1c8b983f2489724a940bd2a64dedda73b602f6c491d5c09391deaf362fe2650,raw_dbf_record_number_1based=30704;byte_offset_0based=12128390,geokladr_2011_raw_dbf_coordinate,reviewed_extension_rule_accepted,GeoKLADR2011:OKATO:22228804030,2010:014_5ca759eea0_5._20Nizheg_Kirov_202010.xls:Data Sheet:1358,Привалово,деревня,нижегородская,18.0,57.7104,45.9099,/workspace/settlements-raw/data/raw/historical_geography/geokladr_okato_2011/okato.dbf,d1c8b983f2489724a940bd2a64dedda73b602f6c491d5c09391deaf362fe2650,raw_dbf_record_number_1based=30704;byte_offset_0based=12128390,geokladr_2011_raw_dbf_coordinate,reviewed_extension_rule_accepted,GeoKLADR2011:OKATO:22228804030,2021:data_allsettlements_anon_156_v20251217.parquet:parquet:73475,Привалово,деревня,нижегородская,13.0,56.83956,43.60582,/workspace/settlements-raw/data/raw/coordinate_candidates/geonames_RU_20260907.zip,9bf299daaff13de75ddbf610e113469aae80537d66a7de3437967576c6509ff4,RU.txt:line=246202;geonameid=6608777,geonames_ru_txt_named_place_point,reviewed_extension_rule_accepted,GeoNames:geonameid:6608777,0.0,168.98343504020207,168.98343504020207,168.98343504020207,distance_km_2002_2021,216
2002:015_90ef69f659_02c_Tver_obl.xls:!!!:4998,2002:015_90ef69f659_02c_Tver_obl.xls:!!!:4998,Хвошня,деревня,тверская,84.0,56.342938,31.811834,/workspace/settlements-raw/data/raw/historical_geography/geokladr_okato_2011/okato.dbf,d1c8b983f2489724a940bd2a64dedda73b602f6c491d5c09391deaf362fe2650,raw_dbf_record_number_1based=44292;byte_offset_0based=17495650,geokladr_2011_raw_dbf_coordinate,reviewed_extension_rule_accepted,GeoKLADR2011:OKATO:28234832019,2010:019_a193ec7827_Tver_L1_ethn_np_2010.xls:Data Sheet:4667,Хвошня,деревня,тверская,81.0,56.342938,31.811834,/workspace/settlements-raw/data/raw/historical_geography/geokladr_okato_2011/okato.dbf,d1c8b983f2489724a940bd2a64dedda73b602f6c491d5c09391deaf362fe2650,raw_dbf_record_number_1based=44292;byte_offset_0based=17495650,geokladr_2011_raw_dbf_coordinate,reviewed_extension_rule_accepted,GeoKLADR2011:OKATO:28234832019,2021:data_allsettlements_anon_156_v20251217.parquet:parquet:139648,Хвошня,деревня,тверская,56.0,57.03029,34.26886,/workspace/settlements-raw/data/raw/coordinate_candidates/geonames_RU_20260907.zip,9bf299daaff13de75ddbf610e113469aae80537d66a7de3437967576c6509ff4,RU.txt:line=264;geonameid=452010,geonames_ru_txt_named_place_point,reviewed_extension_rule_accepted,GeoNames:geonameid:452010,0.0,168.381847614991,168.381847614991,168.381847614991,distance_km_2002_2021,217
2002:051_46e3ecb0a0_02c_Permskaja_obl.xls:Sheet1:3424,2002:051_46e3ecb0a0_02c_Permskaja_obl.xls:Sheet1:3424,Говырино,деревня,пермский,58.0,58.030262,55.41916,/workspace/settlements-raw/data/raw/historical_geography/geokladr_okato_2011/okato.dbf,d1c8b983f2489724a940bd2a64dedda73b602f6c491d5c09391deaf362fe2650,raw_dbf_record_number_1based=92957;byte_offset_0based=36718325,geokladr_2011_raw_dbf_coordinate,reviewed_extension_rule_accepted,GeoKLADR2011:OKATO:57251807002,2010:016_802d308e41_8._20Or_Penz_Perm_Samar_Saratov_Uly_2010.xls:!!!:7373,Говырино,деревня,пермский,49.0,58.030262,55.41916,/workspace/settlements-raw/data/raw/historical_geography/geokladr_okato_2011/okato.dbf,d1c8b983f2489724a940bd2a64dedda73b602f6c491d5c09391deaf362fe2650,raw_dbf_record_number_1based=92957;byte_offset_0based=36718325,geokladr_2011_raw_dbf_coordinate,reviewed_extension_rule_accepted,GeoKLADR2011:OKATO:57251807002,2021:data_allsettlements_anon_156_v20251217.parquet:parquet:98669,Говырино,деревня,пермский,68.0,56.9821,57.4282,/workspace/settlements-raw/data/raw/coordinate_candidates/geonames_RU_20260907.zip,9bf299daaff13de75ddbf610e113469aae80537d66a7de3437967576c6509ff4,RU.txt:line=98258;geonameid=559186,geonames_ru_txt_named_place_point,reviewed_extension_rule_accepted,GeoNames:geonameid:559186,0.0,167.2781132826646,167.2781132826646,167.2781132826646,distance_km_2002_2021,218
2002:036_81b258bc42_02c_Krasnodarski-krai.xls:11:540,2002:036_81b258bc42_02c_Krasnodarski-krai.xls:11:540,Грушевый,хутор,краснодарский,581.0,44.7648165,39.9775168,/workspace/settlements-raw/data/interim/2021_tochno/data_allsettlements_anon_156_v20251217.parquet,86c197cd522e0b63669e9c6e7f43fd3d82b3704c6a126c800a9968ecd16cae14,"carrier_target_source_record_id=2021:data_allsettlements_anon_156_v20251217.parquet:parquet:44944;parquet_row_1based=44944;latitude_dadata,longitude_dadata",retrospective_continuity_from_tochno_2021_dadata_raw_parquet_point,reviewed_extension_rule_accepted,2021:data_allsettlements_anon_156_v20251217.parquet:parquet:44944,2010:005_888282bccc_13._20Краснодарский_край_2010.xls:КК:184,Грушевый,хутор,краснодарский,688.0,44.755224,37.864456,/workspace/settlements-raw/data/raw/historical_geography/geokladr_okato_2011/okato.dbf,d1c8b983f2489724a940bd2a64dedda73b602f6c491d5c09391deaf362fe2650,raw_dbf_record_number_1based=1792;byte_offset_0based=708150,geokladr_2011_raw_dbf_coordinate,reviewed_extension_rule_accepted,GeoKLADR2011:OKATO:03208812006,2021:data_allsettlements_anon_156_v20251217.parquet:parquet:44944,Грушевый,хутор,краснодарский,657.0,44.7648165,39.9775168,/workspace/settlements-raw/data/interim/2021_tochno/data_allsettlements_anon_156_v20251217.parquet,86c197cd522e0b63669e9c6e7f43fd3d82b3704c6a126c800a9968ecd16cae14,"parquet_row_1based=44944;latitude_dadata,longitude_dadata",tochno_2021_dadata_raw_parquet_point,reviewed_rule_accepted,2021:data_allsettlements_anon_156_v20251217.parquet:parquet:44944,166.83634060530483,0.0,166.83634060530483,166.83634060530483,distance_km_2002_2010,219
2002:057_9b18a354f1_02c_Sverdlovskaja_oblast.xls:Sheet1:1108,2002:057_9b18a354f1_02c_Sverdlovskaja_oblast.xls:Sheet1:1108,Лиханова,деревня,свердловская,7.0,58.752478,61.152506,/workspace/settlements-raw/data/raw/historical_geography/geokladr_okato_2011/okato.dbf,d1c8b983f2489724a940bd2a64dedda73b602f6c491d5c09391deaf362fe2650,raw_dbf_record_number_1based=109312;byte_offset_0based=43178550,geokladr_2011_raw_dbf_coordinate,reviewed_extension_rule_accepted,GeoKLADR2011:OKATO:65218815007,2010:003_eb441570b1_11._20Урал_ФО_2010.xls:Урал:3368,Лиханова,деревня,свердловская,21.0,58.752478,61.152506,/workspace/settlements-raw/data/raw/historical_geography/geokladr_okato_2011/okato.dbf,d1c8b983f2489724a940bd2a64dedda73b602f6c491d5c09391deaf362fe2650,raw_dbf_record_number_1based=109312;byte_offset_0based=43178550,geokladr_2011_raw_dbf_coordinate,reviewed_extension_rule_accepted,GeoKLADR2011:OKATO:65218815007,2021:data_allsettlements_anon_156_v20251217.parquet:parquet:119919,Лиханова,деревня,свердловская,21.0,57.686282,63.122863,/workspace/settlements-raw/data/raw/wikidata_truthy_claims/batch_0015.jsonl.gz,cad3745110d3760ec8e3d104b2e364923c0b43ea952dce9f5367ee2fbd6b74d2,"{""line_number"": 7098, ""locator"": ""batch_0015.jsonl.gz#line=7098"", ""retrieved_at_utc"": ""2026-08-31T20:57:27.090420+00:00"", ""source_file"": ""batch_0015.jsonl.gz"", ""value_raw"": ""POINT(63.122863 57.686282)""}",wikidata_P625_point_claim,reviewed_extension_rule_accepted,Q15267888,0.0,165.4265746780862,165.4265746780862,165.4265746780862,distance_km_2002_2021,220
2002:007_acff9aa32d_02c_Kostromskaja.xls:Sheet1:2249,2002:007_acff9aa32d_02c_Kostromskaja.xls:Sheet1:2249,Репище,деревня,костромская,17.0,58.538939,42.977419,/workspace/settlements-raw/data/raw/historical_geography/geokladr_okato_2011/okato.dbf,d1c8b983f2489724a940bd2a64dedda73b602f6c491d5c09391deaf362fe2650,raw_dbf_record_number_1based=59533;byte_offset_0based=23515845,geokladr_2011_raw_dbf_coordinate,reviewed_extension_rule_accepted,GeoKLADR2011:OKATO:34226808018,2010:010_711691e352_2._20Kostrom_Kur_Lip_Moscow_MoscObl_Orlov_2010.xls:Data Sheet:2000,Репище,деревня,костромская,9.0,57.4461168,41.1003087,/workspace/settlements-raw/data/interim/2021_tochno/data_allsettlements_anon_156_v20251217.parquet,86c197cd522e0b63669e9c6e7f43fd3d82b3704c6a126c800a9968ecd16cae14,"parquet_row_1based=43208;latitude_dadata,longitude_dadata",tochno_2021_dadata_raw_parquet_point,reviewed_extension_rule_accepted,2021:data_allsettlements_anon_156_v20251217.parquet:parquet:43208,2021:data_allsettlements_anon_156_v20251217.parquet:parquet:43208,Репище,деревня,костромская,8.0,57.4461168,41.1003087,/workspace/settlements-raw/data/interim/2021_tochno/data_allsettlements_anon_156_v20251217.parquet,86c197cd522e0b63669e9c6e7f43fd3d82b3704c6a126c800a9968ecd16cae14,"parquet_row_1based=43208;latitude_dadata,longitude_dadata",tochno_2021_dadata_raw_parquet_point,reviewed_rule_accepted,2021:data_allsettlements_anon_156_v20251217.parquet:parquet:43208,164.32101139810118,164.32101139810118,0.0,164.32101139810118,distance_km_2002_2010,221
2002:040_95a4475637_02c_Rostov_obl.xls:Sheet1:1339,2002:040_95a4475637_02c_Rostov_obl.xls:Sheet1:1339,Малая Федоровка,хутор,ростовская,193.0,47.9857926,40.387151,/workspace/settlements-raw/data/interim/2021_tochno/data_allsettlements_anon_156_v20251217.parquet,86c197cd522e0b63669e9c6e7f43fd3d82b3704c6a126c800a9968ecd16cae14,"carrier_target_source_record_id=2021:data_allsettlements_anon_156_v20251217.parquet:parquet:109818;parquet_row_1based=109818;latitude_dadata,longitude_dadata",retrospective_continuity_from_tochno_2021_dadata_raw_parquet_point,reviewed_extension_rule_accepted,2021:data_allsettlements_anon_156_v20251217.parquet:parquet:109818,2010:004_486e984bdc_12._20Астр_Волгог_Ростов.xls:Южный:2931,Малая Федоровка,хутор,ростовская,186.0,47.381646,38.384942,/workspace/settlements-raw/data/raw/historical_geography/geokladr_okato_2011/okato.dbf,d1c8b983f2489724a940bd2a64dedda73b602f6c491d5c09391deaf362fe2650,raw_dbf_record_number_1based=102711;byte_offset_0based=40571155,geokladr_2011_raw_dbf_coordinate,reviewed_extension_rule_accepted,GeoKLADR2011:OKATO:60226810003,2021:data_allsettlements_anon_156_v20251217.parquet:parquet:109818,Малая Федоровка,хутор,ростовская,135.0,47.9857926,40.387151,/workspace/settlements-raw/data/interim/2021_tochno/data_allsettlements_anon_156_v20251217.parquet,86c197cd522e0b63669e9c6e7f43fd3d82b3704c6a126c800a9968ecd16cae14,"parquet_row_1based=109818;latitude_dadata,longitude_dadata",tochno_2021_dadata_raw_parquet_point,reviewed_rule_accepted,2021:data_allsettlements_anon_156_v20251217.parquet:parquet:109818,164.24293137894477,0.0,164.24293137894477,164.24293137894477,distance_km_2002_2010,222
2002:017_6374fdddeb_02c_Yaroslavskaja.xls:Sheet1:5730,2002:017_6374fdddeb_02c_Yaroslavskaja.xls:Sheet1:5730,Гнездилово,деревня,ярославская,6.0,57.189705,38.2956986,/workspace/settlements-raw/data/interim/2021_tochno/data_allsettlements_anon_156_v20251217.parquet,86c197cd522e0b63669e9c6e7f43fd3d82b3704c6a126c800a9968ecd16cae14,"carrier_target_source_record_id=2021:data_allsettlements_anon_156_v20251217.parquet:parquet:172096;parquet_row_1based=172096;latitude_dadata,longitude_dadata",retrospective_continuity_from_tochno_2021_dadata_raw_parquet_point,reviewed_extension_rule_accepted,2021:data_allsettlements_anon_156_v20251217.parquet:parquet:172096,2010:011_040325482b_3._20Ryaz_Smol_Tambov_Tula_Jaroslavl_20L1_20ethn_2010.xls:Data Sheet:18186,Гнездилово,деревня,ярославская,0.0,58.206906,40.290569,/workspace/settlements-raw/data/raw/historical_geography/geokladr_okato_2011/okato.dbf,d1c8b983f2489724a940bd2a64dedda73b602f6c491d5c09391deaf362fe2650,raw_dbf_record_number_1based=130964;byte_offset_0based=51731090,geokladr_2011_raw_dbf_coordinate,reviewed_extension_rule_accepted,GeoKLADR2011:OKATO:78246867008,2021:data_allsettlements_anon_156_v20251217.parquet:parquet:172096,Гнездилово,деревня,ярославская,8.0,57.189705,38.2956986,/workspace/settlements-raw/data/interim/2021_tochno/data_allsettlements_anon_156_v20251217.parquet,86c197cd522e0b63669e9c6e7f43fd3d82b3704c6a126c800a9968ecd16cae14,"parquet_row_1based=172096;latitude_dadata,longitude_dadata",tochno_2021_dadata_raw_parquet_point,reviewed_rule_accepted,2021:data_allsettlements_anon_156_v20251217.parquet:parquet:172096,163.82876807050363,0.0,163.82876807050363,163.82876807050363,distance_km_2002_2010,223
2002:041_4b428edd23_Bashkiria_new.xls:Sheet1:1952,2002:041_4b428edd23_Bashkiria_new.xls:Sheet1:1952,Пушкино,деревня,башкортостан,71.0,55.3238143,56.3426288,/workspace/settlements-raw/data/interim/2021_tochno/data_allsettlements_anon_156_v20251217.parquet,86c197cd522e0b63669e9c6e7f43fd3d82b3704c6a126c800a9968ecd16cae14,"carrier_target_source_record_id=2021:data_allsettlements_anon_156_v20251217.parquet:parquet:145519;parquet_row_1based=145519;latitude_dadata,longitude_dadata",retrospective_continuity_from_tochno_2021_dadata_raw_parquet_point,reviewed_extension_rule_accepted,2021:data_allsettlements_anon_156_v20251217.parquet:parquet:145519,2010:017_68e0e4537e_9._20Basq_Mari_Mord_Tatar_Udm_Chuv_2010.xls:!!!:1232,Пушкино,деревня,башкортостан,82.0,55.042312,53.811483,/workspace/settlements-raw/data/raw/historical_geography/geokladr_okato_2011/okato.dbf,d1c8b983f2489724a940bd2a64dedda73b602f6c491d5c09391deaf362fe2650,raw_dbf_record_number_1based=133075;byte_offset_0based=52564935,geokladr_2011_raw_dbf_coordinate,reviewed_extension_rule_accepted,GeoKLADR2011:OKATO:80215804006,2021:data_allsettlements_anon_156_v20251217.parquet:parquet:145519,Пушкино,деревня,башкортостан,71.0,55.3238143,56.3426288,/workspace/settlements-raw/data/interim/2021_tochno/data_allsettlements_anon_156_v20251217.parquet,86c197cd522e0b63669e9c6e7f43fd3d82b3704c6a126c800a9968ecd16cae14,"parquet_row_1based=145519;latitude_dadata,longitude_dadata",tochno_2021_dadata_raw_parquet_point,reviewed_rule_accepted,2021:data_allsettlements_anon_156_v20251217.parquet:parquet:145519,163.70661592447541,0.0,163.70661592447541,163.70661592447541,distance_km_2002_2010,224
2002:066_76aa869929_Altai_krai1.xls:Sheet1:2436,2002:066_76aa869929_Altai_krai1.xls:Sheet1:2436,Чесноково,село,алтайский,236.0,53.0801049,86.0959143,,,,,reviewed_extension_rule_accepted,2021:data_allsettlements_anon_156_v20251217.parquet:parquet:40946,2010:008_342f3c208b_16._20Сиб_ФО_2010.xls:Sib:1472,Чесноково,село,алтайский,144.0,52.2768,84.0643,/workspace/settlements-raw/data/raw/historical_geography/geokladr_okato_2011/okato.dbf,d1c8b983f2489724a940bd2a64dedda73b602f6c491d5c09391deaf362fe2650,raw_dbf_record_number_1based=1467;byte_offset_0based=579775,geokladr_2011_raw_dbf_coordinate,reviewed_extension_rule_accepted,GeoKLADR2011:OKATO:01257864003,2021:data_allsettlements_anon_156_v20251217.parquet:parquet:40946,Чесноково,село,алтайский,71.0,53.0801049,86.0959143,/workspace/settlements-raw/data/interim/2021_tochno/data_allsettlements_anon_156_v20251217.parquet,86c197cd522e0b63669e9c6e7f43fd3d82b3704c6a126c800a9968ecd16cae14,"parquet_row_1based=40946;latitude_dadata,longitude_dadata",tochno_2021_dadata_raw_parquet_point,reviewed_rule_accepted,2021:data_allsettlements_anon_156_v20251217.parquet:parquet:40946,163.5072295779588,0.0,163.5072295779588,163.5072295779588,distance_km_2002_2010,225
2002:047_9960082a3e_02c_Kirovskaja_new.xls:Sheet1:3709,2002:047_9960082a3e_02c_Kirovskaja_new.xls:Sheet1:3709,Росляки,деревня,кировская,0.0,58.3536069,47.5734943,/workspace/settlements-raw/data/interim/2021_tochno/data_allsettlements_anon_156_v20251217.parquet,86c197cd522e0b63669e9c6e7f43fd3d82b3704c6a126c800a9968ecd16cae14,"carrier_target_source_record_id=2021:data_allsettlements_anon_156_v20251217.parquet:parquet:33717;parquet_row_1based=33717;latitude_dadata,longitude_dadata",retrospective_continuity_from_tochno_2021_dadata_raw_parquet_point,reviewed_extension_rule_accepted,2021:data_allsettlements_anon_156_v20251217.parquet:parquet:33717,2010:014_5ca759eea0_5._20Nizheg_Kirov_202010.xls:Data Sheet:7716,Росляки,деревня,кировская,0.0,57.2961,49.4853,/workspace/settlements-raw/data/raw/historical_geography/geokladr_okato_2011/okato.dbf,d1c8b983f2489724a940bd2a64dedda73b602f6c491d5c09391deaf362fe2650,raw_dbf_record_number_1based=56167;byte_offset_0based=22186275,geokladr_2011_raw_dbf_coordinate,reviewed_extension_rule_accepted,GeoKLADR2011:OKATO:33234848011,2021:data_allsettlements_anon_156_v20251217.parquet:parquet:33717,Росляки,деревня,кировская,0.0,58.3536069,47.5734943,/workspace/settlements-raw/data/interim/2021_tochno/data_allsettlements_anon_156_v20251217.parquet,86c197cd522e0b63669e9c6e7f43fd3d82b3704c6a126c800a9968ecd16cae14,"parquet_row_1based=33717;latitude_dadata,longitude_dadata",tochno_2021_dadata_raw_parquet_point,reviewed_rule_accepted,2021:data_allsettlements_anon_156_v20251217.parquet:parquet:33717,163.21201600510432,0.0,163.21201600510432,163.21201600510432,distance_km_2002_2010,226
2002:051_46e3ecb0a0_02c_Permskaja_obl.xls:Sheet1:2590,2002:051_46e3ecb0a0_02c_Permskaja_obl.xls:Sheet1:2590,Мезенцы,деревня,пермский,46.0,57.0683094,56.9778054,/workspace/settlements-raw/data/interim/2021_tochno/data_allsettlements_anon_156_v20251217.parquet,86c197cd522e0b63669e9c6e7f43fd3d82b3704c6a126c800a9968ecd16cae14,"carrier_target_source_record_id=2021:data_allsettlements_anon_156_v20251217.parquet:parquet:97054;parquet_row_1based=97054;latitude_dadata,longitude_dadata",retrospective_continuity_from_tochno_2021_dadata_raw_parquet_point,reviewed_extension_rule_accepted,2021:data_allsettlements_anon_156_v20251217.parquet:parquet:97054,2010:016_802d308e41_8._20Or_Penz_Perm_Samar_Saratov_Uly_2010.xls:!!!:6715,Мезенцы,деревня,пермский,48.0,58.28066,55.440537,/workspace/settlements-raw/data/raw/historical_geography/geokladr_okato_2011/okato.dbf,d1c8b983f2489724a940bd2a64dedda73b602f6c491d5c09391deaf362fe2650,raw_dbf_record_number_1based=92287;byte_offset_0based=36453675,geokladr_2011_raw_dbf_coordinate,reviewed_extension_rule_accepted,GeoKLADR2011:OKATO:57238834004,2021:data_allsettlements_anon_156_v20251217.parquet:parquet:97054,Мезенцы,деревня,пермский,46.0,57.0683094,56.9778054,/workspace/settlements-raw/data/interim/2021_tochno/data_allsettlements_anon_156_v20251217.parquet,86c197cd522e0b63669e9c6e7f43fd3d82b3704c6a126c800a9968ecd16cae14,"parquet_row_1based=97054;latitude_dadata,longitude_dadata",tochno_2021_dadata_raw_parquet_point,reviewed_rule_accepted,2021:data_allsettlements_anon_156_v20251217.parquet:parquet:97054,162.86455990328767,0.0,162.86455990328767,162.86455990328767,distance_km_2002_2010,227
2002:056_6e9d0d52b3_Kurgan.xls:Sheet1:1721,2002:056_6e9d0d52b3_Kurgan.xls:Sheet1:1721,Пермяковка,деревня,курганская,144.0,56.004453,66.698642,/workspace/settlements-raw/data/raw/historical_geography/geokladr_okato_2011/okato.dbf,d1c8b983f2489724a940bd2a64dedda73b602f6c491d5c09391deaf362fe2650,raw_dbf_record_number_1based=63517;byte_offset_0based=25089525,geokladr_2011_raw_dbf_coordinate,reviewed_extension_rule_accepted,GeoKLADR2011:OKATO:37246551004,2010:003_eb441570b1_11._20Урал_ФО_2010.xls:Урал:1179,Пермяковка,деревня,курганская,98.0,56.004453,66.698642,/workspace/settlements-raw/data/raw/historical_geography/geokladr_okato_2011/okato.dbf,d1c8b983f2489724a940bd2a64dedda73b602f6c491d5c09391deaf362fe2650,raw_dbf_record_number_1based=63517;byte_offset_0based=25089525,geokladr_2011_raw_dbf_coordinate,reviewed_extension_rule_accepted,GeoKLADR2011:OKATO:37246551004,2021:data_allsettlements_anon_156_v20251217.parquet:parquet:51991,Пермяковка,деревня,курганская,66.0,55.35194,64.39972,/workspace/settlements-raw/data/raw/coordinate_candidates/geonames_RU_20260907.zip,9bf299daaff13de75ddbf610e113469aae80537d66a7de3437967576c6509ff4,RU.txt:line=170273;geonameid=1495329,geonames_ru_txt_named_place_point,reviewed_extension_rule_accepted,GeoNames:geonameid:1495329,0.0,161.35489611944823,161.35489611944823,161.35489611944823,distance_km_2002_2021,228
2002:015_90ef69f659_02c_Tver_obl.xls:!!!:7808,2002:015_90ef69f659_02c_Tver_obl.xls:!!!:7808,Ховрино,деревня,тверская,7.0,58.4451935,36.3735663,/workspace/settlements-raw/data/interim/2021_tochno/data_allsettlements_anon_156_v20251217.parquet,86c197cd522e0b63669e9c6e7f43fd3d82b3704c6a126c800a9968ecd16cae14,"carrier_target_source_record_id=2021:data_allsettlements_anon_156_v20251217.parquet:parquet:136085;parquet_row_1based=136085;latitude_dadata,longitude_dadata",retrospective_continuity_from_tochno_2021_dadata_raw_parquet_point,reviewed_extension_rule_accepted,2021:data_allsettlements_anon_156_v20251217.parquet:parquet:136085,2010:019_a193ec7827_Tver_L1_ethn_np_2010.xls:Data Sheet:7183,Ховрино,деревня,тверская,3.0,57.0109,36.7811,/workspace/settlements-raw/data/raw/historical_geography/geokladr_okato_2011/okato.dbf,d1c8b983f2489724a940bd2a64dedda73b602f6c491d5c09391deaf362fe2650,raw_dbf_record_number_1based=46750;byte_offset_0based=18466560,geokladr_2011_raw_dbf_coordinate,reviewed_extension_rule_accepted,GeoKLADR2011:OKATO:28249804057,2021:data_allsettlements_anon_156_v20251217.parquet:parquet:136085,Ховрино,деревня,тверская,3.0,58.4451935,36.3735663,/workspace/settlements-raw/data/interim/2021_tochno/data_allsettlements_anon_156_v20251217.parquet,86c197cd522e0b63669e9c6e7f43fd3d82b3704c6a126c800a9968ecd16cae14,"parquet_row_1based=136085;latitude_dadata,longitude_dadata",tochno_2021_dadata_raw_parquet_point,reviewed_rule_accepted,2021:data_allsettlements_anon_156_v20251217.parquet:parquet:136085,161.3105112933082,0.0,161.3105112933082,161.3105112933082,distance_km_2002_2010,229
2002:067_7363c80f41_02c_Krasnojarski_lraj.xls:Sheet1:639,2002:067_7363c80f41_02c_Krasnojarski_lraj.xls:Sheet1:639,Горская,деревня,красноярский,139.0,58.4131386,92.1478027,/workspace/settlements-raw/data/interim/2021_tochno/data_allsettlements_anon_156_v20251217.parquet,86c197cd522e0b63669e9c6e7f43fd3d82b3704c6a126c800a9968ecd16cae14,"carrier_target_source_record_id=2021:data_allsettlements_anon_156_v20251217.parquet:parquet:47704;parquet_row_1based=47704;latitude_dadata,longitude_dadata",retrospective_continuity_from_tochno_2021_dadata_raw_parquet_point,reviewed_extension_rule_accepted,2021:data_allsettlements_anon_156_v20251217.parquet:parquet:47704,2010:008_342f3c208b_16._20Сиб_ФО_2010.xls:Sib:2156,Горская,деревня,красноярский,115.0,57.072,91.2358,/workspace/settlements-raw/data/raw/historical_geography/geokladr_okato_2011/okato.dbf,d1c8b983f2489724a940bd2a64dedda73b602f6c491d5c09391deaf362fe2650,raw_dbf_record_number_1based=3881;byte_offset_0based=1533305,geokladr_2011_raw_dbf_coordinate,reviewed_extension_rule_accepted,GeoKLADR2011:OKATO:04215807005,2021:data_allsettlements_anon_156_v20251217.parquet:parquet:47704,Горская,деревня,красноярский,125.0,58.4131386,92.1478027,/workspace/settlements-raw/data/interim/2021_tochno/data_allsettlements_anon_156_v20251217.parquet,86c197cd522e0b63669e9c6e7f43fd3d82b3704c6a126c800a9968ecd16cae14,"parquet_row_1based=47704;latitude_dadata,longitude_dadata",tochno_2021_dadata_raw_parquet_point,reviewed_rule_accepted,2021:data_allsettlements_anon_156_v20251217.parquet:parquet:47704,158.64269279898937,0.0,158.64269279898937,158.64269279898937,distance_km_2002_2010,230
2002:017_6374fdddeb_02c_Yaroslavskaja.xls:Sheet1:3772,2002:017_6374fdddeb_02c_Yaroslavskaja.xls:Sheet1:3772,Яковцево,деревня,ярославская,14.0,58.7657104,39.1862041,/workspace/settlements-raw/data/interim/2021_tochno/data_allsettlements_anon_156_v20251217.parquet,86c197cd522e0b63669e9c6e7f43fd3d82b3704c6a126c800a9968ecd16cae14,"carrier_target_source_record_id=2021:data_allsettlements_anon_156_v20251217.parquet:parquet:170535;parquet_row_1based=170535;latitude_dadata,longitude_dadata",retrospective_continuity_from_tochno_2021_dadata_raw_parquet_point,reviewed_extension_rule_accepted,2021:data_allsettlements_anon_156_v20251217.parquet:parquet:170535,2010:011_040325482b_3._20Ryaz_Smol_Tambov_Tula_Jaroslavl_20L1_20ethn_2010.xls:Data Sheet:16351,Яковцево,деревня,ярославская,0.0,57.356169,39.297816,/workspace/settlements-raw/data/raw/historical_geography/geokladr_okato_2011/okato.dbf,d1c8b983f2489724a940bd2a64dedda73b602f6c491d5c09391deaf362fe2650,raw_dbf_record_number_1based=35024;byte_offset_0based=13834790,geokladr_2011_raw_dbf_coordinate,reviewed_extension_rule_accepted,GeoKLADR2011:OKATO:24209844014,2021:data_allsettlements_anon_156_v20251217.parquet:parquet:170535,Яковцево,деревня,ярославская,8.0,58.7657104,39.1862041,/workspace/settlements-raw/data/interim/2021_tochno/data_allsettlements_anon_156_v20251217.parquet,86c197cd522e0b63669e9c6e7f43fd3d82b3704c6a126c800a9968ecd16cae14,"parquet_row_1based=170535;latitude_dadata,longitude_dadata",tochno_2021_dadata_raw_parquet_point,reviewed_rule_accepted,2021:data_allsettlements_anon_156_v20251217.parquet:parquet:170535,156.8714595083342,0.0,156.8714595083342,156.8714595083342,distance_km_2002_2010,231
2002:048_4f024587eb_02c_Nizhegorod_obl_new.xls:11:4391,2002:048_4f024587eb_02c_Nizhegorod_obl_new.xls:11:4391,Долгое Поле,село,нижегородская,84.0,56.553333,43.308333,/workspace/settlements-raw/data/raw/historical_geography/geokladr_okato_2011/okato.dbf,d1c8b983f2489724a940bd2a64dedda73b602f6c491d5c09391deaf362fe2650,raw_dbf_record_number_1based=32581;byte_offset_0based=12869805,geokladr_2011_raw_dbf_coordinate,reviewed_extension_rule_accepted,GeoKLADR2011:OKATO:22251812003,2010:014_5ca759eea0_5._20Nizheg_Kirov_202010.xls:Data Sheet:3425,Долгое Поле,село,нижегородская,53.0,56.553333,43.308333,/workspace/settlements-raw/data/raw/historical_geography/geokladr_okato_2011/okato.dbf,d1c8b983f2489724a940bd2a64dedda73b602f6c491d5c09391deaf362fe2650,raw_dbf_record_number_1based=32581;byte_offset_0based=12869805,geokladr_2011_raw_dbf_coordinate,reviewed_extension_rule_accepted,GeoKLADR2011:OKATO:22251812003,2021:data_allsettlements_anon_156_v20251217.parquet:parquet:74782,Долгое Поле,село,нижегородская,28.0,55.8904,45.5483,/workspace/settlements-raw/data/raw/coordinate_candidates/geonames_RU_20260907.zip,9bf299daaff13de75ddbf610e113469aae80537d66a7de3437967576c6509ff4,RU.txt:line=104542;geonameid=565519,geonames_ru_txt_named_place_point,reviewed_extension_rule_accepted,GeoNames:geonameid:565519,0.0,156.86647257399318,156.86647257399318,156.86647257399318,distance_km_2002_2021,232
2002:019_df0966dd1f_02c_komi.xls:Sheet1:53,2002:019_df0966dd1f_02c_komi.xls:Sheet1:53,Уса,посёлок,коми,35.0,67.404504,64.458306,/workspace/settlements-raw/data/raw/historical_geography/geokladr_okato_2011/okato.dbf,d1c8b983f2489724a940bd2a64dedda73b602f6c491d5c09391deaf362fe2650,raw_dbf_record_number_1based=140533;byte_offset_0based=55510845,geokladr_2011_raw_dbf_coordinate,reviewed_extension_rule_accepted,GeoKLADR2011:OKATO:87415802005,2010:015_847d50d091_6._20Komi_2010.xls:komi:666,Уса,посёлок,коми,4.0,67.404504,64.458306,/workspace/settlements-raw/data/raw/historical_geography/geokladr_okato_2011/okato.dbf,d1c8b983f2489724a940bd2a64dedda73b602f6c491d5c09391deaf362fe2650,raw_dbf_record_number_1based=140533;byte_offset_0based=55510845,geokladr_2011_raw_dbf_coordinate,reviewed_extension_rule_accepted,GeoKLADR2011:OKATO:87415802005,2021:data_allsettlements_anon_156_v20251217.parquet:parquet:38802,Уса,посёлок,коми,0.0,66.518087,61.685784,/workspace/settlements-raw/data/raw/wikidata_truthy_claims/batch_0014.jsonl.gz,71a98f81773a7647adc71dd2b9cb0d7a8b182e04418bb81f30ab4e04a0e5f374,"{""line_number"": 8871, ""locator"": ""batch_0014.jsonl.gz#line=8871"", ""retrieved_at_utc"": ""2026-08-31T20:57:26.045576+00:00"", ""source_file"": ""batch_0014.jsonl.gz"", ""value_raw"": ""POINT(61.685784 66.518087)""}",wikidata_P625_point_claim,reviewed_extension_rule_accepted,Q15261869,0.0,155.76947637081238,155.76947637081238,155.76947637081238,distance_km_2002_2021,233
2002:026_0eca405331_02c_Novgorodskaja.xls:Sheet1:2630,2002:026_0eca405331_02c_Novgorodskaja.xls:Sheet1:2630,Рудново,деревня,новгородская,127.0,57.9597547,31.6156373,/workspace/settlements-raw/data/interim/2021_tochno/data_allsettlements_anon_156_v20251217.parquet,86c197cd522e0b63669e9c6e7f43fd3d82b3704c6a126c800a9968ecd16cae14,"carrier_target_source_record_id=2021:data_allsettlements_anon_156_v20251217.parquet:parquet:79328;parquet_row_1based=79328;latitude_dadata,longitude_dadata",retrospective_continuity_from_tochno_2021_dadata_raw_parquet_point,reviewed_extension_rule_accepted,2021:data_allsettlements_anon_156_v20251217.parquet:parquet:79328,2010:001_723371ec84_1._20NW_2010.xls:NW:10719,Рудново,деревня,новгородская,114.0,58.198058,34.224437,/workspace/settlements-raw/data/raw/historical_geography/geokladr_okato_2011/okato.dbf,d1c8b983f2489724a940bd2a64dedda73b602f6c491d5c09391deaf362fe2650,raw_dbf_record_number_1based=79608;byte_offset_0based=31445470,geokladr_2011_raw_dbf_coordinate,reviewed_extension_rule_accepted,GeoKLADR2011:OKATO:49230810010,2021:data_allsettlements_anon_156_v20251217.parquet:parquet:79328,Рудново,деревня,новгородская,80.0,57.9597547,31.6156373,/workspace/settlements-raw/data/interim/2021_tochno/data_allsettlements_anon_156_v20251217.parquet,86c197cd522e0b63669e9c6e7f43fd3d82b3704c6a126c800a9968ecd16cae14,"parquet_row_1based=79328;latitude_dadata,longitude_dadata",tochno_2021_dadata_raw_parquet_point,reviewed_rule_accepted,2021:data_allsettlements_anon_156_v20251217.parquet:parquet:79328,155.64475557370167,0.0,155.64475557370167,155.64475557370167,distance_km_2002_2010,234
2002:057_9b18a354f1_02c_Sverdlovskaja_oblast.xls:Sheet1:523,2002:057_9b18a354f1_02c_Sverdlovskaja_oblast.xls:Sheet1:523,Каменский,посёлок,свердловская,106.0,56.576596,60.725527,/workspace/settlements-raw/data/raw/historical_geography/geokladr_okato_2011/okato.dbf,d1c8b983f2489724a940bd2a64dedda73b602f6c491d5c09391deaf362fe2650,raw_dbf_record_number_1based=108869;byte_offset_0based=43003565,geokladr_2011_raw_dbf_coordinate,reviewed_extension_rule_accepted,GeoKLADR2011:OKATO:65201879005,2010:003_eb441570b1_11._20Урал_ФО_2010.xls:Урал:2921,Каменский,посёлок,свердловская,53.0,56.576596,60.725527,/workspace/settlements-raw/data/raw/historical_geography/geokladr_okato_2011/okato.dbf,d1c8b983f2489724a940bd2a64dedda73b602f6c491d5c09391deaf362fe2650,raw_dbf_record_number_1based=108869;byte_offset_0based=43003565,geokladr_2011_raw_dbf_coordinate,reviewed_extension_rule_accepted,GeoKLADR2011:OKATO:65201879005,2021:data_allsettlements_anon_156_v20251217.parquet:parquet:121175,Каменский,посёлок,свердловская,39.0,57.857222,61.766389,/workspace/settlements-raw/data/raw/wikidata_truthy_claims/batch_0015.jsonl.gz,cad3745110d3760ec8e3d104b2e364923c0b43ea952dce9f5367ee2fbd6b74d2,"{""line_number"": 7321, ""locator"": ""batch_0015.jsonl.gz#line=7321"", ""retrieved_at_utc"": ""2026-08-31T20:57:27.090420+00:00"", ""source_file"": ""batch_0015.jsonl.gz"", ""value_raw"": ""POINT(61.766389 57.857222)""}",wikidata_P625_point_claim,reviewed_extension_rule_accepted,Q15275092,0.0,155.57444555820487,155.57444555820487,155.57444555820487,distance_km_2002_2021,235
2002:020_e4f979c6c7_02c_Arxang-new.xls:Sheet1:2859,2002:020_e4f979c6c7_02c_Arxang-new.xls:Sheet1:2859,Савинское,село,архангельская,435.0,62.9496549,40.130597,/workspace/settlements-raw/data/interim/2021_tochno/data_allsettlements_anon_156_v20251217.parquet,86c197cd522e0b63669e9c6e7f43fd3d82b3704c6a126c800a9968ecd16cae14,"carrier_target_source_record_id=2021:data_allsettlements_anon_156_v20251217.parquet:parquet:87515;parquet_row_1based=87515;latitude_dadata,longitude_dadata",retrospective_continuity_from_tochno_2021_dadata_raw_parquet_point,reviewed_extension_rule_accepted,2021:data_allsettlements_anon_156_v20251217.parquet:parquet:87515,ARK2010:archive20131022:html_table1_tr2882,савинское,село,архангельская,209.0,61.633913,39.119379,/workspace/settlements-raw/data/raw/historical_geography/geokladr_okato_2011/okato.dbf,d1c8b983f2489724a940bd2a64dedda73b602f6c491d5c09391deaf362fe2650,raw_dbf_record_number_1based=9974;byte_offset_0based=3940040,geokladr_2011_raw_dbf_coordinate,reviewed_extension_rule_accepted,GeoKLADR2011:OKATO:11250580003,2021:data_allsettlements_anon_156_v20251217.parquet:parquet:87515,Савинское,село,архангельская,91.0,62.9496549,40.130597,/workspace/settlements-raw/data/interim/2021_tochno/data_allsettlements_anon_156_v20251217.parquet,86c197cd522e0b63669e9c6e7f43fd3d82b3704c6a126c800a9968ecd16cae14,"parquet_row_1based=87515;latitude_dadata,longitude_dadata",tochno_2021_dadata_raw_parquet_point,reviewed_rule_accepted,2021:data_allsettlements_anon_156_v20251217.parquet:parquet:87515,155.36029317665688,0.0,155.36029317665688,155.36029317665688,distance_km_2002_2010,236
2002:056_6e9d0d52b3_Kurgan.xls:Sheet1:1574,2002:056_6e9d0d52b3_Kurgan.xls:Sheet1:1574,Чекалина,деревня,курганская,111.0,56.5115426,64.7114933,/workspace/settlements-raw/data/interim/2021_tochno/data_allsettlements_anon_156_v20251217.parquet,86c197cd522e0b63669e9c6e7f43fd3d82b3704c6a126c800a9968ecd16cae14,"carrier_target_source_record_id=2021:data_allsettlements_anon_156_v20251217.parquet:parquet:50900;parquet_row_1based=50900;latitude_dadata,longitude_dadata",retrospective_continuity_from_tochno_2021_dadata_raw_parquet_point,reviewed_extension_rule_accepted,2021:data_allsettlements_anon_156_v20251217.parquet:parquet:50900,2010:003_eb441570b1_11._20Урал_ФО_2010.xls:Урал:1072,Чекалина,деревня,курганская,74.0,55.216389,63.7975,/workspace/settlements-raw/data/raw/historical_geography/geokladr_okato_2011/okato.dbf,d1c8b983f2489724a940bd2a64dedda73b602f6c491d5c09391deaf362fe2650,raw_dbf_record_number_1based=63410;byte_offset_0based=25047260,geokladr_2011_raw_dbf_coordinate,reviewed_extension_rule_accepted,GeoKLADR2011:OKATO:37240868003,2021:data_allsettlements_anon_156_v20251217.parquet:parquet:50900,Чекалина,деревня,курганская,56.0,56.5115426,64.7114933,/workspace/settlements-raw/data/interim/2021_tochno/data_allsettlements_anon_156_v20251217.parquet,86c197cd522e0b63669e9c6e7f43fd3d82b3704c6a126c800a9968ecd16cae14,"parquet_row_1based=50900;latitude_dadata,longitude_dadata",tochno_2021_dadata_raw_parquet_point,reviewed_rule_accepted,2021:data_allsettlements_anon_156_v20251217.parquet:parquet:50900,154.8926791350683,0.0,154.8926791350683,154.8926791350683,distance_km_2002_2010,237
2002:002_d4cda9574f_02c_Bryanskaja.xls:Sheet1:679,2002:002_d4cda9574f_02c_Bryanskaja.xls:Sheet1:679,Глинки,деревня,брянская,59.0,53.5613732,33.7148099,/workspace/settlements-raw/data/interim/2021_tochno/data_allsettlements_anon_156_v20251217.parquet,86c197cd522e0b63669e9c6e7f43fd3d82b3704c6a126c800a9968ecd16cae14,"carrier_target_source_record_id=2021:data_allsettlements_anon_156_v20251217.parquet:parquet:173433;parquet_row_1based=173433;latitude_dadata,longitude_dadata",retrospective_continuity_from_tochno_2021_dadata_raw_parquet_point,reviewed_extension_rule_accepted,2021:data_allsettlements_anon_156_v20251217.parquet:parquet:173433,2010:013_f60b2d2bcf_5._20Belg_Bryan_Vlad_Voron_Ivanov_Kalug_20L1_ethn_2010.xls:Data Sheet:2175,Глинки,деревня,брянская,60.0,52.211728,34.270937,/workspace/settlements-raw/data/raw/historical_geography/geokladr_okato_2011/okato.dbf,d1c8b983f2489724a940bd2a64dedda73b602f6c491d5c09391deaf362fe2650,raw_dbf_record_number_1based=13714;byte_offset_0based=5417340,geokladr_2011_raw_dbf_coordinate,reviewed_extension_rule_accepted,GeoKLADR2011:OKATO:15222812003,2021:data_allsettlements_anon_156_v20251217.parquet:parquet:173433,Глинки,деревня,брянская,43.0,53.5613732,33.7148099,/workspace/settlements-raw/data/interim/2021_tochno/data_allsettlements_anon_156_v20251217.parquet,86c197cd522e0b63669e9c6e7f43fd3d82b3704c6a126c800a9968ecd16cae14,"parquet_row_1based=173433;latitude_dadata,longitude_dadata",tochno_2021_dadata_raw_parquet_point,reviewed_rule_accepted,2021:data_allsettlements_anon_156_v20251217.parquet:parquet:173433,154.641640717512,0.0,154.641640717512,154.641640717512,distance_km_2002_2010,238
2002:051_46e3ecb0a0_02c_Permskaja_obl.xls:Sheet1:2254,2002:051_46e3ecb0a0_02c_Permskaja_obl.xls:Sheet1:2254,Филипповка,село,пермский,2050.0,57.4255248,57.0332044,/workspace/settlements-raw/data/interim/2021_tochno/data_allsettlements_anon_156_v20251217.parquet,86c197cd522e0b63669e9c6e7f43fd3d82b3704c6a126c800a9968ecd16cae14,"carrier_target_source_record_id=2021:data_allsettlements_anon_156_v20251217.parquet:parquet:96826;parquet_row_1based=96826;latitude_dadata,longitude_dadata",retrospective_continuity_from_tochno_2021_dadata_raw_parquet_point,reviewed_extension_rule_accepted,2021:data_allsettlements_anon_156_v20251217.parquet:parquet:96826,2010:016_802d308e41_8._20Or_Penz_Perm_Samar_Saratov_Uly_2010.xls:!!!:6457,Филипповка,село,пермский,2049.0,56.513499,55.159463,/workspace/settlements-raw/data/raw/historical_geography/geokladr_okato_2011/okato.dbf,d1c8b983f2489724a940bd2a64dedda73b602f6c491d5c09391deaf362fe2650,raw_dbf_record_number_1based=92031;byte_offset_0based=36352555,geokladr_2011_raw_dbf_coordinate,reviewed_extension_rule_accepted,GeoKLADR2011:OKATO:57230864001,2021:data_allsettlements_anon_156_v20251217.parquet:parquet:96826,Филипповка,село,пермский,2210.0,57.4255248,57.0332044,/workspace/settlements-raw/data/interim/2021_tochno/data_allsettlements_anon_156_v20251217.parquet,86c197cd522e0b63669e9c6e7f43fd3d82b3704c6a126c800a9968ecd16cae14,"parquet_row_1based=96826;latitude_dadata,longitude_dadata",tochno_2021_dadata_raw_parquet_point,reviewed_rule_accepted,2021:data_allsettlements_anon_156_v20251217.parquet:parquet:96826,152.24797993418787,0.0,152.24797993418787,152.24797993418787,distance_km_2002_2010,239
2002:032_184285f8dd_02c_kalmyk.xls:Sheet1:233,2002:032_184285f8dd_02c_kalmyk.xls:Sheet1:233,Аршань Зельмень,посёлок,калмыкия,716.0,46.2732,44.22,/workspace/settlements-raw/data/raw/historical_geography/geokladr_okato_2011/okato.dbf,d1c8b983f2489724a940bd2a64dedda73b602f6c491d5c09391deaf362fe2650,raw_dbf_record_number_1based=138833;byte_offset_0based=54839345,geokladr_2011_raw_dbf_coordinate,reviewed_extension_rule_accepted,GeoKLADR2011:OKATO:85232811001,2010:007_27e8a60d91_15._20Kalmykia.xls:калмыкия:126,Аршань Зельмень,посёлок,калмыкия,713.0,46.2732,44.22,/workspace/settlements-raw/data/raw/historical_geography/geokladr_okato_2011/okato.dbf,d1c8b983f2489724a940bd2a64dedda73b602f6c491d5c09391deaf362fe2650,raw_dbf_record_number_1based=138833;byte_offset_0based=54839345,geokladr_2011_raw_dbf_coordinate,reviewed_extension_rule_accepted,GeoKLADR2011:OKATO:85232811001,2021:data_allsettlements_anon_156_v20251217.parquet:parquet:26971,Аршань Зельмень,посёлок,калмыкия,549.0,47.608889,44.612222,/workspace/settlements-raw/data/raw/wikidata_truthy_claims/batch_0107.jsonl.gz,3693e664b7d3d07b1232566fb67a85f7c05e462027243a250ab5cffe5b789287,"{""line_number"": 11188, ""locator"": ""batch_0107.jsonl.gz#line=11188"", ""retrieved_at_utc"": ""2026-08-31T20:59:19.331020+00:00"", ""source_file"": ""batch_0107.jsonl.gz"", ""value_raw"": ""POINT(44.612222 47.608889)""}",wikidata_P625_point_claim,reviewed_extension_rule_accepted,Q4071015,0.0,151.47700214509547,151.47700214509547,151.47700214509547,distance_km_2002_2021,240
2002:050_a0dc3f856b_penzen_obl.xls:Sheet1:109,2002:050_a0dc3f856b_penzen_obl.xls:Sheet1:109,Ермолаевка,деревня,пензенская,15.0,52.811348,44.824445,/workspace/settlements-raw/data/raw/historical_geography/geokladr_okato_2011/okato.dbf,d1c8b983f2489724a940bd2a64dedda73b602f6c491d5c09391deaf362fe2650,raw_dbf_record_number_1based=88722;byte_offset_0based=35045500,geokladr_2011_raw_dbf_coordinate,reviewed_extension_rule_accepted,GeoKLADR2011:OKATO:56206807002,2010:016_802d308e41_8._20Or_Penz_Perm_Samar_Saratov_Uly_2010.xls:!!!:3146,Ермолаевка,деревня,пензенская,0.0,53.8118348,43.2770774,/workspace/settlements-raw/data/interim/2021_tochno/data_allsettlements_anon_156_v20251217.parquet,86c197cd522e0b63669e9c6e7f43fd3d82b3704c6a126c800a9968ecd16cae14,"parquet_row_1based=94060;latitude_dadata,longitude_dadata",tochno_2021_dadata_raw_parquet_point,reviewed_extension_rule_accepted,2021:data_allsettlements_anon_156_v20251217.parquet:parquet:94060,2021:data_allsettlements_anon_156_v20251217.parquet:parquet:94060,Ермолаевка,деревня,пензенская,0.0,53.8118348,43.2770774,/workspace/settlements-raw/data/interim/2021_tochno/data_allsettlements_anon_156_v20251217.parquet,86c197cd522e0b63669e9c6e7f43fd3d82b3704c6a126c800a9968ecd16cae14,"parquet_row_1based=94060;latitude_dadata,longitude_dadata",tochno_2021_dadata_raw_parquet_point,reviewed_rule_accepted,2021:data_allsettlements_anon_156_v20251217.parquet:parquet:94060,151.46598349739705,151.46598349739705,0.0,151.46598349739705,distance_km_2002_2010,241
2002:052_4be37f273b_02c_Komi_perm_AO.xls:Sheet1:721,2002:052_4be37f273b_02c_Komi_perm_AO.xls:Sheet1:721,Кубенево,деревня,пермский,51.0,59.0472284,55.0615193,/workspace/settlements-raw/data/interim/2021_tochno/data_allsettlements_anon_156_v20251217.parquet,86c197cd522e0b63669e9c6e7f43fd3d82b3704c6a126c800a9968ecd16cae14,"carrier_target_source_record_id=2021:data_allsettlements_anon_156_v20251217.parquet:parquet:97473;parquet_row_1based=97473;latitude_dadata,longitude_dadata",retrospective_continuity_from_tochno_2021_dadata_raw_parquet_point,reviewed_extension_rule_accepted,2021:data_allsettlements_anon_156_v20251217.parquet:parquet:97473,2010:016_802d308e41_8._20Or_Penz_Perm_Samar_Saratov_Uly_2010.xls:!!!:5062,Кубенево,деревня,пермский,47.0,58.3596,57.3182,/workspace/settlements-raw/data/raw/historical_geography/geokladr_okato_2011/okato.dbf,d1c8b983f2489724a940bd2a64dedda73b602f6c491d5c09391deaf362fe2650,raw_dbf_record_number_1based=90647;byte_offset_0based=35805875,geokladr_2011_raw_dbf_coordinate,reviewed_extension_rule_accepted,GeoKLADR2011:OKATO:57127908027,2021:data_allsettlements_anon_156_v20251217.parquet:parquet:97473,Кубенево,деревня,пермский,34.0,59.0472284,55.0615193,/workspace/settlements-raw/data/interim/2021_tochno/data_allsettlements_anon_156_v20251217.parquet,86c197cd522e0b63669e9c6e7f43fd3d82b3704c6a126c800a9968ecd16cae14,"parquet_row_1based=97473;latitude_dadata,longitude_dadata",tochno_2021_dadata_raw_parquet_point,reviewed_rule_accepted,2021:data_allsettlements_anon_156_v20251217.parquet:parquet:97473,151.10992882474127,0.0,151.10992882474127,151.10992882474127,distance_km_2002_2010,242
2002:052_4be37f273b_02c_Komi_perm_AO.xls:Sheet1:646,2002:052_4be37f273b_02c_Komi_perm_AO.xls:Sheet1:646,Чащина,деревня,пермский,20.0,59.2763523,54.2230955,/workspace/settlements-raw/data/interim/2021_tochno/data_allsettlements_anon_156_v20251217.parquet,86c197cd522e0b63669e9c6e7f43fd3d82b3704c6a126c800a9968ecd16cae14,"carrier_target_source_record_id=2021:data_allsettlements_anon_156_v20251217.parquet:parquet:97389;parquet_row_1based=97389;latitude_dadata,longitude_dadata",retrospective_continuity_from_tochno_2021_dadata_raw_parquet_point,reviewed_extension_rule_accepted,2021:data_allsettlements_anon_156_v20251217.parquet:parquet:97389,2010:016_802d308e41_8._20Or_Penz_Perm_Samar_Saratov_Uly_2010.xls:!!!:5007,Чащина,деревня,пермский,3.0,60.095259,56.367108,/workspace/settlements-raw/data/raw/historical_geography/geokladr_okato_2011/okato.dbf,d1c8b983f2489724a940bd2a64dedda73b602f6c491d5c09391deaf362fe2650,raw_dbf_record_number_1based=90604;byte_offset_0based=35788890,geokladr_2011_raw_dbf_coordinate,reviewed_extension_rule_accepted,GeoKLADR2011:OKATO:57125926055,2021:data_allsettlements_anon_156_v20251217.parquet:parquet:97389,Чащина,деревня,пермский,0.0,59.2763523,54.2230955,/workspace/settlements-raw/data/interim/2021_tochno/data_allsettlements_anon_156_v20251217.parquet,86c197cd522e0b63669e9c6e7f43fd3d82b3704c6a126c800a9968ecd16cae14,"parquet_row_1based=97389;latitude_dadata,longitude_dadata",tochno_2021_dadata_raw_parquet_point,reviewed_rule_accepted,2021:data_allsettlements_anon_156_v20251217.parquet:parquet:97389,150.89004036672142,0.0,150.89004036672142,150.89004036672142,distance_km_2002_2010,243
2002:051_46e3ecb0a0_02c_Permskaja_obl.xls:Sheet1:478,2002:051_46e3ecb0a0_02c_Permskaja_obl.xls:Sheet1:478,Гаревая,деревня,пермский,528.0,57.332369,56.509031,/workspace/settlements-raw/data/raw/historical_geography/geokladr_okato_2011/okato.dbf,d1c8b983f2489724a940bd2a64dedda73b602f6c491d5c09391deaf362fe2650,raw_dbf_record_number_1based=93720;byte_offset_0based=37019710,geokladr_2011_raw_dbf_coordinate,reviewed_extension_rule_accepted,GeoKLADR2011:OKATO:57435828003,2010:016_802d308e41_8._20Or_Penz_Perm_Samar_Saratov_Uly_2010.xls:!!!:8143,Гаревая,деревня,пермский,491.0,57.332369,56.509031,/workspace/settlements-raw/data/raw/historical_geography/geokladr_okato_2011/okato.dbf,d1c8b983f2489724a940bd2a64dedda73b602f6c491d5c09391deaf362fe2650,raw_dbf_record_number_1based=93720;byte_offset_0based=37019710,geokladr_2011_raw_dbf_coordinate,reviewed_extension_rule_accepted,GeoKLADR2011:OKATO:57435828003,2021:data_allsettlements_anon_156_v20251217.parquet:parquet:98737,Гаревая,деревня,пермский,602.0,56.7129432,54.295461,/workspace/settlements-raw/data/interim/2021_tochno/data_allsettlements_anon_156_v20251217.parquet,86c197cd522e0b63669e9c6e7f43fd3d82b3704c6a126c800a9968ecd16cae14,"parquet_row_1based=98737;latitude_dadata,longitude_dadata",tochno_2021_dadata_raw_parquet_point,reviewed_rule_accepted,2021:data_allsettlements_anon_156_v20251217.parquet:parquet:98737,0.0,150.63301168108563,150.63301168108563,150.63301168108563,distance_km_2002_2021,244
2002:011_f46bbaadfd_02c_Orlovskaja.xls:Sheet1:1605,2002:011_f46bbaadfd_02c_Orlovskaja.xls:Sheet1:1605,Парный Колодезь,деревня,орловская,32.0,52.316219,37.9007888,/workspace/settlements-raw/data/interim/2021_tochno/data_allsettlements_anon_156_v20251217.parquet,86c197cd522e0b63669e9c6e7f43fd3d82b3704c6a126c800a9968ecd16cae14,"carrier_target_source_record_id=2021:data_allsettlements_anon_156_v20251217.parquet:parquet:92221;parquet_row_1based=92221;latitude_dadata,longitude_dadata",retrospective_continuity_from_tochno_2021_dadata_raw_parquet_point,reviewed_extension_rule_accepted,2021:data_allsettlements_anon_156_v20251217.parquet:parquet:92221,2010:010_711691e352_2._20Kostrom_Kur_Lip_Moscow_MoscObl_Orlov_2010.xls:Data Sheet:15670,Парный Колодезь,деревня,орловская,11.0,52.5996,35.733,/workspace/settlements-raw/data/raw/historical_geography/geokladr_okato_2011/okato.dbf,d1c8b983f2489724a940bd2a64dedda73b602f6c491d5c09391deaf362fe2650,raw_dbf_record_number_1based=87055;byte_offset_0based=34387035,geokladr_2011_raw_dbf_coordinate,reviewed_extension_rule_accepted,GeoKLADR2011:OKATO:54229831007,2021:data_allsettlements_anon_156_v20251217.parquet:parquet:92221,Парный Колодезь,деревня,орловская,2.0,52.316219,37.9007888,/workspace/settlements-raw/data/interim/2021_tochno/data_allsettlements_anon_156_v20251217.parquet,86c197cd522e0b63669e9c6e7f43fd3d82b3704c6a126c800a9968ecd16cae14,"parquet_row_1based=92221;latitude_dadata,longitude_dadata",tochno_2021_dadata_raw_parquet_point,reviewed_rule_accepted,2021:data_allsettlements_anon_156_v20251217.parquet:parquet:92221,150.21654576331545,0.0,150.21654576331545,150.21654576331545,distance_km_2002_2010,245
2002:051_46e3ecb0a0_02c_Permskaja_obl.xls:Sheet1:1198,2002:051_46e3ecb0a0_02c_Permskaja_obl.xls:Sheet1:1198,Жуланы,деревня,пермский,98.0,56.8547677,55.0823925,/workspace/settlements-raw/data/interim/2021_tochno/data_allsettlements_anon_156_v20251217.parquet,86c197cd522e0b63669e9c6e7f43fd3d82b3704c6a126c800a9968ecd16cae14,"carrier_target_source_record_id=2021:data_allsettlements_anon_156_v20251217.parquet:parquet:96019;parquet_row_1based=96019;latitude_dadata,longitude_dadata",retrospective_continuity_from_tochno_2021_dadata_raw_parquet_point,reviewed_extension_rule_accepted,2021:data_allsettlements_anon_156_v20251217.parquet:parquet:96019,2010:016_802d308e41_8._20Or_Penz_Perm_Samar_Saratov_Uly_2010.xls:!!!:5656,Жуланы,деревня,пермский,47.0,58.202182,55.160439,/workspace/settlements-raw/data/raw/historical_geography/geokladr_okato_2011/okato.dbf,d1c8b983f2489724a940bd2a64dedda73b602f6c491d5c09391deaf362fe2650,raw_dbf_record_number_1based=91232;byte_offset_0based=36036950,geokladr_2011_raw_dbf_coordinate,reviewed_extension_rule_accepted,GeoKLADR2011:OKATO:57218822003,2021:data_allsettlements_anon_156_v20251217.parquet:parquet:96019,Жуланы,деревня,пермский,37.0,56.8547677,55.0823925,/workspace/settlements-raw/data/interim/2021_tochno/data_allsettlements_anon_156_v20251217.parquet,86c197cd522e0b63669e9c6e7f43fd3d82b3704c6a126c800a9968ecd16cae14,"parquet_row_1based=96019;latitude_dadata,longitude_dadata",tochno_2021_dadata_raw_parquet_point,reviewed_rule_accepted,2021:data_allsettlements_anon_156_v20251217.parquet:parquet:96019,149.89824194910082,0.0,149.89824194910082,149.89824194910082,distance_km_2002_2010,246
2002:067_7363c80f41_02c_Krasnojarski_lraj.xls:Sheet1:1002,2002:067_7363c80f41_02c_Krasnojarski_lraj.xls:Sheet1:1002,Тарай,деревня,красноярский,389.0,55.8592974,95.8374273,/workspace/settlements-raw/data/interim/2021_tochno/data_allsettlements_anon_156_v20251217.parquet,86c197cd522e0b63669e9c6e7f43fd3d82b3704c6a126c800a9968ecd16cae14,"carrier_target_source_record_id=2021:data_allsettlements_anon_156_v20251217.parquet:parquet:48051;parquet_row_1based=48051;latitude_dadata,longitude_dadata",retrospective_continuity_from_tochno_2021_dadata_raw_parquet_point,reviewed_extension_rule_accepted,2021:data_allsettlements_anon_156_v20251217.parquet:parquet:48051,2010:008_342f3c208b_16._20Сиб_ФО_2010.xls:Sib:2405,Тарай,деревня,красноярский,376.0,57.1815,96.2338,/workspace/settlements-raw/data/raw/historical_geography/geokladr_okato_2011/okato.dbf,d1c8b983f2489724a940bd2a64dedda73b602f6c491d5c09391deaf362fe2650,raw_dbf_record_number_1based=4130;byte_offset_0based=1631660,geokladr_2011_raw_dbf_coordinate,reviewed_extension_rule_accepted,GeoKLADR2011:OKATO:04221802003,2021:data_allsettlements_anon_156_v20251217.parquet:parquet:48051,Тарай,деревня,красноярский,256.0,55.8592974,95.8374273,/workspace/settlements-raw/data/interim/2021_tochno/data_allsettlements_anon_156_v20251217.parquet,86c197cd522e0b63669e9c6e7f43fd3d82b3704c6a126c800a9968ecd16cae14,"parquet_row_1based=48051;latitude_dadata,longitude_dadata",tochno_2021_dadata_raw_parquet_point,reviewed_rule_accepted,2021:data_allsettlements_anon_156_v20251217.parquet:parquet:48051,149.01853990847425,0.0,149.01853990847425,149.01853990847425,distance_km_2002_2010,247
2002:013_2dd2afccd6_02c_Smolenskaja.xls:Sheet1:2788,2002:013_2dd2afccd6_02c_Smolenskaja.xls:Sheet1:2788,Светлое,деревня,смоленская,13.0,55.6354,32.9616,/workspace/settlements-raw/data/raw/historical_geography/geokladr_okato_2011/okato.dbf,d1c8b983f2489724a940bd2a64dedda73b602f6c491d5c09391deaf362fe2650,raw_dbf_record_number_1based=113123;byte_offset_0based=44683895,geokladr_2011_raw_dbf_coordinate,reviewed_extension_rule_accepted,GeoKLADR2011:OKATO:66233835015,2010:011_040325482b_3._20Ryaz_Smol_Tambov_Tula_Jaroslavl_20L1_20ethn_2010.xls:Data Sheet:5277,Светлое,деревня,смоленская,5.0,55.6354,32.9616,/workspace/settlements-raw/data/raw/historical_geography/geokladr_okato_2011/okato.dbf,d1c8b983f2489724a940bd2a64dedda73b602f6c491d5c09391deaf362fe2650,raw_dbf_record_number_1based=113123;byte_offset_0based=44683895,geokladr_2011_raw_dbf_coordinate,reviewed_extension_rule_accepted,GeoKLADR2011:OKATO:66233835015,2021:data_allsettlements_anon_156_v20251217.parquet:parquet:124254,Светлое,деревня,смоленская,2.0,54.37627,32.18937,/workspace/settlements-raw/data/raw/coordinate_candidates/geonames_RU_20260907.zip,9bf299daaff13de75ddbf610e113469aae80537d66a7de3437967576c6509ff4,RU.txt:line=269121;geonameid=7092528,geonames_ru_txt_named_place_point,reviewed_extension_rule_accepted,GeoNames:geonameid:7092528,0.0,148.41451354721934,148.41451354721934,148.41451354721934,distance_km_2002_2021,248
2002:027_25f0f7433c_02c_Pskovskaja.xls:!!:3114,2002:027_25f0f7433c_02c_Pskovskaja.xls:!!:3114,Демешково,деревня,псковская,8.0,57.206603,28.312868,/workspace/settlements-raw/data/raw/historical_geography/geokladr_okato_2011/okato.dbf,d1c8b983f2489724a940bd2a64dedda73b602f6c491d5c09391deaf362fe2650,raw_dbf_record_number_1based=96620;byte_offset_0based=38165210,geokladr_2011_raw_dbf_coordinate,reviewed_extension_rule_accepted,GeoKLADR2011:OKATO:58220860012,2010:012_5c339c0d0e_4._20Vologod_pskov_2010.xls:Data Sheet:10976,Демешково,деревня,псковская,7.0,57.206603,28.312868,/workspace/settlements-raw/data/raw/historical_geography/geokladr_okato_2011/okato.dbf,d1c8b983f2489724a940bd2a64dedda73b602f6c491d5c09391deaf362fe2650,raw_dbf_record_number_1based=96620;byte_offset_0based=38165210,geokladr_2011_raw_dbf_coordinate,reviewed_extension_rule_accepted,GeoKLADR2011:OKATO:58220860012,2021:data_allsettlements_anon_156_v20251217.parquet:parquet:103159,Демешково,деревня,псковская,1.0,56.0819,29.6117,/workspace/settlements-raw/data/raw/coordinate_candidates/geonames_RU_20260907.zip,9bf299daaff13de75ddbf610e113469aae80537d66a7de3437967576c6509ff4,RU.txt:line=296269;geonameid=7599191,geonames_ru_txt_named_place_point,reviewed_extension_rule_accepted,GeoNames:geonameid:7599191,0.0,148.13646968618397,148.13646968618397,148.13646968618397,distance_km_2002_2021,249
2002:015_90ef69f659_02c_Tver_obl.xls:!!!:6386,2002:015_90ef69f659_02c_Tver_obl.xls:!!!:6386,Мишуково,деревня,тверская,0.0,56.3486135,33.7379358,/workspace/settlements-raw/data/interim/2021_tochno/data_allsettlements_anon_156_v20251217.parquet,86c197cd522e0b63669e9c6e7f43fd3d82b3704c6a126c800a9968ecd16cae14,"carrier_target_source_record_id=2021:data_allsettlements_anon_156_v20251217.parquet:parquet:135287;parquet_row_1based=135287;latitude_dadata,longitude_dadata",retrospective_continuity_from_tochno_2021_dadata_raw_parquet_point,reviewed_extension_rule_accepted,2021:data_allsettlements_anon_156_v20251217.parquet:parquet:135287,2010:019_a193ec7827_Tver_L1_ethn_np_2010.xls:Data Sheet:5938,Мишуково,деревня,тверская,0.0,56.572292,31.36587,/workspace/settlements-raw/data/raw/historical_geography/geokladr_okato_2011/okato.dbf,d1c8b983f2489724a940bd2a64dedda73b602f6c491d5c09391deaf362fe2650,raw_dbf_record_number_1based=45550;byte_offset_0based=17992560,geokladr_2011_raw_dbf_coordinate,reviewed_extension_rule_accepted,GeoKLADR2011:OKATO:28244826042,2021:data_allsettlements_anon_156_v20251217.parquet:parquet:135287,Мишуково,деревня,тверская,0.0,56.3486135,33.7379358,/workspace/settlements-raw/data/interim/2021_tochno/data_allsettlements_anon_156_v20251217.parquet,86c197cd522e0b63669e9c6e7f43fd3d82b3704c6a126c800a9968ecd16cae14,"parquet_row_1based=135287;latitude_dadata,longitude_dadata",tochno_2021_dadata_raw_parquet_point,reviewed_rule_accepted,2021:data_allsettlements_anon_156_v20251217.parquet:parquet:135287,147.83117163321685,0.0,147.83117163321685,147.83117163321685,distance_km_2002_2010,250
2002:057_9b18a354f1_02c_Sverdlovskaja_oblast.xls:Sheet1:886,2002:057_9b18a354f1_02c_Sverdlovskaja_oblast.xls:Sheet1:886,Орлова,деревня,свердловская,46.0,57.544618,63.719699,/workspace/settlements-raw/data/raw/historical_geography/geokladr_okato_2011/okato.dbf,d1c8b983f2489724a940bd2a64dedda73b602f6c491d5c09391deaf362fe2650,raw_dbf_record_number_1based=109143;byte_offset_0based=43111795,geokladr_2011_raw_dbf_coordinate,reviewed_extension_rule_accepted,GeoKLADR2011:OKATO:65210810003,2010:003_eb441570b1_11._20Урал_ФО_2010.xls:Урал:3196,Орлова,деревня,свердловская,43.0,57.544618,63.719699,/workspace/settlements-raw/data/raw/historical_geography/geokladr_okato_2011/okato.dbf,d1c8b983f2489724a940bd2a64dedda73b602f6c491d5c09391deaf362fe2650,raw_dbf_record_number_1based=109143;byte_offset_0based=43111795,geokladr_2011_raw_dbf_coordinate,reviewed_extension_rule_accepted,GeoKLADR2011:OKATO:65210810003,2021:data_allsettlements_anon_156_v20251217.parquet:parquet:119741,Орлова,деревня,свердловская,23.0,56.76028,61.7425,/workspace/settlements-raw/data/raw/wikidata_truthy_claims/batch_0015.jsonl.gz,cad3745110d3760ec8e3d104b2e364923c0b43ea952dce9f5367ee2fbd6b74d2,"{""line_number"": 7021, ""locator"": ""batch_0015.jsonl.gz#line=7021"", ""retrieved_at_utc"": ""2026-08-31T20:57:27.090420+00:00"", ""source_file"": ""batch_0015.jsonl.gz"", ""value_raw"": ""POINT(61.742500 56.760280)""}",wikidata_P625_point_claim,reviewed_extension_rule_accepted,Q15268118,0.0,147.73027693105686,147.73027693105686,147.73027693105686,distance_km_2002_2021,251
2002:067_7363c80f41_02c_Krasnojarski_lraj.xls:Sheet1:840,2002:067_7363c80f41_02c_Krasnojarski_lraj.xls:Sheet1:840,Шумиха,деревня,красноярский,6.0,55.8638493,95.8781712,/workspace/settlements-raw/data/interim/2021_tochno/data_allsettlements_anon_156_v20251217.parquet,86c197cd522e0b63669e9c6e7f43fd3d82b3704c6a126c800a9968ecd16cae14,"carrier_target_source_record_id=2021:data_allsettlements_anon_156_v20251217.parquet:parquet:47901;parquet_row_1based=47901;latitude_dadata,longitude_dadata",retrospective_continuity_from_tochno_2021_dadata_raw_parquet_point,reviewed_extension_rule_accepted,2021:data_allsettlements_anon_156_v20251217.parquet:parquet:47901,2010:008_342f3c208b_16._20Сиб_ФО_2010.xls:Sib:2294,Шумиха,деревня,красноярский,0.0,56.326111,93.648333,/workspace/settlements-raw/data/raw/historical_geography/geokladr_okato_2011/okato.dbf,d1c8b983f2489724a940bd2a64dedda73b602f6c491d5c09391deaf362fe2650,raw_dbf_record_number_1based=4019;byte_offset_0based=1587815,geokladr_2011_raw_dbf_coordinate,reviewed_extension_rule_accepted,GeoKLADR2011:OKATO:04218810002,2021:data_allsettlements_anon_156_v20251217.parquet:parquet:47901,Шумиха,деревня,красноярский,0.0,55.8638493,95.8781712,/workspace/settlements-raw/data/interim/2021_tochno/data_allsettlements_anon_156_v20251217.parquet,86c197cd522e0b63669e9c6e7f43fd3d82b3704c6a126c800a9968ecd16cae14,"parquet_row_1based=47901;latitude_dadata,longitude_dadata",tochno_2021_dadata_raw_parquet_point,reviewed_rule_accepted,2021:data_allsettlements_anon_156_v20251217.parquet:parquet:47901,147.5435065299194,0.0,147.5435065299194,147.5435065299194,distance_km_2002_2010,252
2002:057_9b18a354f1_02c_Sverdlovskaja_oblast.xls:Sheet1:1091,2002:057_9b18a354f1_02c_Sverdlovskaja_oblast.xls:Sheet1:1091,Кекур,деревня,свердловская,354.0,58.7517,61.71379,/workspace/settlements-raw/data/raw/historical_geography/geokladr_okato_2011/okato.dbf,d1c8b983f2489724a940bd2a64dedda73b602f6c491d5c09391deaf362fe2650,raw_dbf_record_number_1based=109298;byte_offset_0based=43173020,geokladr_2011_raw_dbf_coordinate,reviewed_extension_rule_accepted,GeoKLADR2011:OKATO:65218806004,2010:003_eb441570b1_11._20Урал_ФО_2010.xls:Урал:3353,Кекур,деревня,свердловская,366.0,58.7517,61.71379,/workspace/settlements-raw/data/raw/historical_geography/geokladr_okato_2011/okato.dbf,d1c8b983f2489724a940bd2a64dedda73b602f6c491d5c09391deaf362fe2650,raw_dbf_record_number_1based=109298;byte_offset_0based=43173020,geokladr_2011_raw_dbf_coordinate,reviewed_extension_rule_accepted,GeoKLADR2011:OKATO:65218806004,2021:data_allsettlements_anon_156_v20251217.parquet:parquet:119908,Кекур,деревня,свердловская,362.0,57.658072,63.122297,/workspace/settlements-raw/data/raw/wikidata_truthy_claims/batch_0015.jsonl.gz,cad3745110d3760ec8e3d104b2e364923c0b43ea952dce9f5367ee2fbd6b74d2,"{""line_number"": 7308, ""locator"": ""batch_0015.jsonl.gz#line=7308"", ""retrieved_at_utc"": ""2026-08-31T20:57:27.090420+00:00"", ""source_file"": ""batch_0015.jsonl.gz"", ""value_raw"": ""POINT(63.122297 57.658072)""}",wikidata_P625_point_claim,reviewed_extension_rule_accepted,Q15275028,0.0,146.9541022992223,146.9541022992223,146.9541022992223,distance_km_2002_2021,253
2002:1_TOM_01_04.xls:0:7235,2002:1_TOM_01_04.xls:0:7235,Майна,пгт,ульяновская,7974.0,52.8651,48.3145,/workspace/settlements-raw/data/raw/historical_geography/geokladr_okato_2011/okato.dbf,d1c8b983f2489724a940bd2a64dedda73b602f6c491d5c09391deaf362fe2650,DBF_record_1based=122922;DBF_byte_offset_0based=48554500;OKATO2011_raw=73220551000,raw_named_typed_geo2011_object,reviewed_extension_rule_accepted,,ROSSTAT2010:T5:p147:l12,Майна,пгт,ульяновская,7109.0,54.114004,47.626576,/workspace/settlements-raw/data/raw/wikidata_truthy_claims/batch_0121.jsonl.gz,9f4b12cf08ba33f3c387ea4f99742f67050a4fea7717540e92d0704e532bb589,"{""line_number"": 10342, ""locator"": ""batch_0121.jsonl.gz#line=10342"", ""retrieved_at_utc"": ""2026-08-31T20:59:39.347306+00:00"", ""source_file"": ""batch_0121.jsonl.gz"", ""value_raw"": ""POINT(47.626576 54.114004)""}",wikidata_P625_point_claim,reviewed_extension_rule_accepted,2021:data_allsettlements_anon_156_v20251217.parquet:parquet:157991,2021:data_allsettlements_anon_156_v20251217.parquet:parquet:157991,Майна,пгт,ульяновская,6666.0,54.114004,47.626576,/workspace/settlements-raw/data/raw/wikidata_truthy_claims/batch_0121.jsonl.gz,9f4b12cf08ba33f3c387ea4f99742f67050a4fea7717540e92d0704e532bb589,"{""line_number"": 10342, ""locator"": ""batch_0121.jsonl.gz#line=10342"", ""retrieved_at_utc"": ""2026-08-31T20:59:39.347306+00:00"", ""source_file"": ""batch_0121.jsonl.gz"", ""value_raw"": ""POINT(47.626576 54.114004)""}",wikidata_P625_point_claim,reviewed_extension_rule_accepted,Q4274933,146.13750920033968,146.13750920033968,0.0,146.13750920033968,distance_km_2002_2010,254
2002:052_4be37f273b_02c_Komi_perm_AO.xls:Sheet1:340,2002:052_4be37f273b_02c_Komi_perm_AO.xls:Sheet1:340,Селькова,деревня,пермский,1.0,58.8514667,54.5194449,/workspace/settlements-raw/data/interim/2021_tochno/data_allsettlements_anon_156_v20251217.parquet,86c197cd522e0b63669e9c6e7f43fd3d82b3704c6a126c800a9968ecd16cae14,"carrier_target_source_record_id=2021:data_allsettlements_anon_156_v20251217.parquet:parquet:96648;parquet_row_1based=96648;latitude_dadata,longitude_dadata",retrospective_continuity_from_tochno_2021_dadata_raw_parquet_point,reviewed_extension_rule_accepted,2021:data_allsettlements_anon_156_v20251217.parquet:parquet:96648,2010:016_802d308e41_8._20Or_Penz_Perm_Samar_Saratov_Uly_2010.xls:!!!:4763,Селькова,деревня,пермский,0.0,58.539858,56.96971,/workspace/settlements-raw/data/raw/historical_geography/geokladr_okato_2011/okato.dbf,d1c8b983f2489724a940bd2a64dedda73b602f6c491d5c09391deaf362fe2650,raw_dbf_record_number_1based=90327;byte_offset_0based=35679475,geokladr_2011_raw_dbf_coordinate,reviewed_extension_rule_accepted,GeoKLADR2011:OKATO:57121910016,2021:data_allsettlements_anon_156_v20251217.parquet:parquet:96648,Селькова,деревня,пермский,0.0,58.8514667,54.5194449,/workspace/settlements-raw/data/interim/2021_tochno/data_allsettlements_anon_156_v20251217.parquet,86c197cd522e0b63669e9c6e7f43fd3d82b3704c6a126c800a9968ecd16cae14,"parquet_row_1based=96648;latitude_dadata,longitude_dadata",tochno_2021_dadata_raw_parquet_point,reviewed_rule_accepted,2021:data_allsettlements_anon_156_v20251217.parquet:parquet:96648,145.73398793667516,0.0,145.73398793667516,145.73398793667516,distance_km_2002_2010,255
2002:012_c6dde723e8_02c_Ryazanskaja.xls:Sheet1:1364,2002:012_c6dde723e8_02c_Ryazanskaja.xls:Sheet1:1364,Канищево,село,рязанская,107.0,54.676669,39.657948,/workspace/settlements-raw/data/raw/historical_geography/geokladr_okato_2011/okato.dbf,d1c8b983f2489724a940bd2a64dedda73b602f6c491d5c09391deaf362fe2650,raw_dbf_record_number_1based=105173;byte_offset_0based=41543645,geokladr_2011_raw_dbf_coordinate,reviewed_extension_rule_accepted,GeoKLADR2011:OKATO:61220870002,2010:011_040325482b_3._20Ryaz_Smol_Tambov_Tula_Jaroslavl_20L1_20ethn_2010.xls:Data Sheet:1175,Канищево,село,рязанская,81.0,53.4419312,40.3317342,/workspace/settlements-raw/data/interim/2021_tochno/data_allsettlements_anon_156_v20251217.parquet,86c197cd522e0b63669e9c6e7f43fd3d82b3704c6a126c800a9968ecd16cae14,"parquet_row_1based=112682;latitude_dadata,longitude_dadata",tochno_2021_dadata_raw_parquet_point,reviewed_extension_rule_accepted,2021:data_allsettlements_anon_156_v20251217.parquet:parquet:112682,2021:data_allsettlements_anon_156_v20251217.parquet:parquet:112682,Канищево,село,рязанская,73.0,53.4419312,40.3317342,/workspace/settlements-raw/data/interim/2021_tochno/data_allsettlements_anon_156_v20251217.parquet,86c197cd522e0b63669e9c6e7f43fd3d82b3704c6a126c800a9968ecd16cae14,"parquet_row_1based=112682;latitude_dadata,longitude_dadata",tochno_2021_dadata_raw_parquet_point,reviewed_rule_accepted,2021:data_allsettlements_anon_156_v20251217.parquet:parquet:112682,144.16552013702872,144.16552013702872,0.0,144.16552013702872,distance_km_2002_2010,256
2002:045_9dc3ed048e_02c__Udmurtia.xls:Sheet1:2844,2002:045_9dc3ed048e_02c__Udmurtia.xls:Sheet1:2844,Логошур,деревня,удмуртская,55.0,56.788444,52.341632,,,,,reviewed_extension_rule_accepted,2010:017_68e0e4537e_9._20Basq_Mari_Mord_Tatar_Udm_Chuv_2010.xls:!!!:12493,2010:017_68e0e4537e_9._20Basq_Mari_Mord_Tatar_Udm_Chuv_2010.xls:!!!:12493,Логошур,деревня,удмуртская,19.0,56.788444,52.341632,/workspace/settlements-raw/data/raw/historical_geography/geokladr_okato_2011/okato.dbf,d1c8b983f2489724a940bd2a64dedda73b602f6c491d5c09391deaf362fe2650,raw_dbf_record_number_1based=148826;byte_offset_0based=58786580,geokladr_2011_raw_dbf_coordinate,reviewed_extension_rule_accepted,GeoKLADR2011:OKATO:94252820005,2021:data_allsettlements_anon_156_v20251217.parquet:parquet:157572,Логошур,деревня,удмуртская,3.0,58.0748,52.0664,/workspace/settlements-raw/data/raw/coordinate_candidates/geonames_RU_20260907.zip,9bf299daaff13de75ddbf610e113469aae80537d66a7de3437967576c6509ff4,RU.txt:line=73717;geonameid=534489,geonames_ru_txt_named_place_point,reviewed_extension_rule_accepted,GeoNames:geonameid:534489,0.0,143.98174757845433,143.98174757845433,143.98174757845433,distance_km_2002_2021,257
2002:016_3aa889d669_02c_Tulskaja.xls:Sheet1:3725,2002:016_3aa889d669_02c_Tulskaja.xls:Sheet1:3725,Казариново,деревня,тульская,23.0,54.6835679,37.9999992,/workspace/settlements-raw/data/interim/2021_tochno/data_allsettlements_anon_156_v20251217.parquet,86c197cd522e0b63669e9c6e7f43fd3d82b3704c6a126c800a9968ecd16cae14,"carrier_target_source_record_id=2021:data_allsettlements_anon_156_v20251217.parquet:parquet:152227;parquet_row_1based=152227;latitude_dadata,longitude_dadata",retrospective_continuity_from_tochno_2021_dadata_raw_parquet_point,reviewed_extension_rule_accepted,2021:data_allsettlements_anon_156_v20251217.parquet:parquet:152227,2010:011_040325482b_3._20Ryaz_Smol_Tambov_Tula_Jaroslavl_20L1_20ethn_2010.xls:Data Sheet:12710,Казариново,деревня,тульская,12.0,53.564154,36.895439,/workspace/settlements-raw/data/raw/historical_geography/geokladr_okato_2011/okato.dbf,d1c8b983f2489724a940bd2a64dedda73b602f6c491d5c09391deaf362fe2650,raw_dbf_record_number_1based=120947;byte_offset_0based=47774375,geokladr_2011_raw_dbf_coordinate,reviewed_extension_rule_accepted,GeoKLADR2011:OKATO:70250828006,2021:data_allsettlements_anon_156_v20251217.parquet:parquet:152227,Казариново,деревня,тульская,4.0,54.6835679,37.9999992,/workspace/settlements-raw/data/interim/2021_tochno/data_allsettlements_anon_156_v20251217.parquet,86c197cd522e0b63669e9c6e7f43fd3d82b3704c6a126c800a9968ecd16cae14,"parquet_row_1based=152227;latitude_dadata,longitude_dadata",tochno_2021_dadata_raw_parquet_point,reviewed_rule_accepted,2021:data_allsettlements_anon_156_v20251217.parquet:parquet:152227,143.7817564629298,0.0,143.7817564629298,143.7817564629298,distance_km_2002_2010,258
2002:045_9dc3ed048e_02c__Udmurtia.xls:Sheet1:191,2002:045_9dc3ed048e_02c__Udmurtia.xls:Sheet1:191,Карсовай,село,удмуртская,1781.0,57.144447,51.892952,/workspace/settlements-raw/data/raw/historical_geography/geokladr_okato_2011/okato.dbf,d1c8b983f2489724a940bd2a64dedda73b602f6c491d5c09391deaf362fe2650,raw_dbf_record_number_1based=147105;byte_offset_0based=58106785,geokladr_2011_raw_dbf_coordinate,reviewed_extension_rule_accepted,GeoKLADR2011:OKATO:94204825001,2010:017_68e0e4537e_9._20Basq_Mari_Mord_Tatar_Udm_Chuv_2010.xls:!!!:10716,Карсовай,село,удмуртская,1652.0,57.144447,51.892952,/workspace/settlements-raw/data/raw/historical_geography/geokladr_okato_2011/okato.dbf,d1c8b983f2489724a940bd2a64dedda73b602f6c491d5c09391deaf362fe2650,raw_dbf_record_number_1based=147105;byte_offset_0based=58106785,geokladr_2011_raw_dbf_coordinate,reviewed_extension_rule_accepted,GeoKLADR2011:OKATO:94204825001,2021:data_allsettlements_anon_156_v20251217.parquet:parquet:155492,Карсовай,село,удмуртская,1309.0,58.2288,53.1874,/workspace/settlements-raw/data/raw/coordinate_candidates/geonames_RU_20260907.zip,9bf299daaff13de75ddbf610e113469aae80537d66a7de3437967576c6509ff4,RU.txt:line=91255;geonameid=552137,geonames_ru_txt_named_place_point,reviewed_extension_rule_accepted,GeoNames:geonameid:552137,0.0,143.02625713812364,143.02625713812364,143.02625713812364,distance_km_2002_2021,259
2002:052_4be37f273b_02c_Komi_perm_AO.xls:Sheet1:222,2002:052_4be37f273b_02c_Komi_perm_AO.xls:Sheet1:222,Прошино,деревня,пермский,12.0,59.6860024,54.1973747,/workspace/settlements-raw/data/interim/2021_tochno/data_allsettlements_anon_156_v20251217.parquet,86c197cd522e0b63669e9c6e7f43fd3d82b3704c6a126c800a9968ecd16cae14,"carrier_target_source_record_id=2021:data_allsettlements_anon_156_v20251217.parquet:parquet:96407;parquet_row_1based=96407;latitude_dadata,longitude_dadata",retrospective_continuity_from_tochno_2021_dadata_raw_parquet_point,reviewed_extension_rule_accepted,2021:data_allsettlements_anon_156_v20251217.parquet:parquet:96407,2010:016_802d308e41_8._20Or_Penz_Perm_Samar_Saratov_Uly_2010.xls:!!!:4663,Прошино,деревня,пермский,6.0,58.437268,54.757524,/workspace/settlements-raw/data/raw/historical_geography/geokladr_okato_2011/okato.dbf,d1c8b983f2489724a940bd2a64dedda73b602f6c491d5c09391deaf362fe2650,raw_dbf_record_number_1based=90236;byte_offset_0based=35643530,geokladr_2011_raw_dbf_coordinate,reviewed_extension_rule_accepted,GeoKLADR2011:OKATO:57119912008,2021:data_allsettlements_anon_156_v20251217.parquet:parquet:96407,Прошино,деревня,пермский,0.0,59.6860024,54.1973747,/workspace/settlements-raw/data/interim/2021_tochno/data_allsettlements_anon_156_v20251217.parquet,86c197cd522e0b63669e9c6e7f43fd3d82b3704c6a126c800a9968ecd16cae14,"parquet_row_1based=96407;latitude_dadata,longitude_dadata",tochno_2021_dadata_raw_parquet_point,reviewed_rule_accepted,2021:data_allsettlements_anon_156_v20251217.parquet:parquet:96407,142.4963885981959,0.0,142.4963885981959,142.4963885981959,distance_km_2002_2010,260
2002:045_9dc3ed048e_02c__Udmurtia.xls:Sheet1:1628,2002:045_9dc3ed048e_02c__Udmurtia.xls:Sheet1:1628,Сюрзяне,деревня,удмуртская,36.0,56.394673,52.002793,/workspace/settlements-raw/data/raw/historical_geography/geokladr_okato_2011/okato.dbf,d1c8b983f2489724a940bd2a64dedda73b602f6c491d5c09391deaf362fe2650,raw_dbf_record_number_1based=148049;byte_offset_0based=58479665,geokladr_2011_raw_dbf_coordinate,reviewed_extension_rule_accepted,GeoKLADR2011:OKATO:94230805007,2010:017_68e0e4537e_9._20Basq_Mari_Mord_Tatar_Udm_Chuv_2010.xls:!!!:11699,Сюрзяне,деревня,удмуртская,18.0,56.394673,52.002793,/workspace/settlements-raw/data/raw/historical_geography/geokladr_okato_2011/okato.dbf,d1c8b983f2489724a940bd2a64dedda73b602f6c491d5c09391deaf362fe2650,raw_dbf_record_number_1based=148049;byte_offset_0based=58479665,geokladr_2011_raw_dbf_coordinate,reviewed_extension_rule_accepted,GeoKLADR2011:OKATO:94230805007,2021:data_allsettlements_anon_156_v20251217.parquet:parquet:156651,Сюрзяне,деревня,удмуртская,11.0,57.6206,52.6114,/workspace/settlements-raw/data/raw/coordinate_candidates/geonames_RU_20260907.zip,9bf299daaff13de75ddbf610e113469aae80537d66a7de3437967576c6509ff4,RU.txt:line=24517;geonameid=485020,geonames_ru_txt_named_place_point,reviewed_extension_rule_accepted,GeoNames:geonameid:485020,0.0,141.20857059419154,141.20857059419154,141.20857059419154,distance_km_2002_2021,261
2002:067_7363c80f41_02c_Krasnojarski_lraj.xls:Sheet1:743,2002:067_7363c80f41_02c_Krasnojarski_lraj.xls:Sheet1:743,Мигна,село,красноярский,1260.0,53.1349144,92.2222583,/workspace/settlements-raw/data/interim/2021_tochno/data_allsettlements_anon_156_v20251217.parquet,86c197cd522e0b63669e9c6e7f43fd3d82b3704c6a126c800a9968ecd16cae14,"carrier_target_source_record_id=2021:data_allsettlements_anon_156_v20251217.parquet:parquet:47805;parquet_row_1based=47805;latitude_dadata,longitude_dadata",retrospective_continuity_from_tochno_2021_dadata_raw_parquet_point,reviewed_extension_rule_accepted,2021:data_allsettlements_anon_156_v20251217.parquet:parquet:47805,2010:008_342f3c208b_16._20Сиб_ФО_2010.xls:Sib:2227,Мигна,село,красноярский,1154.0,54.379167,92.634167,/workspace/settlements-raw/data/raw/historical_geography/geokladr_okato_2011/okato.dbf,d1c8b983f2489724a940bd2a64dedda73b602f6c491d5c09391deaf362fe2650,raw_dbf_record_number_1based=3952;byte_offset_0based=1561350,geokladr_2011_raw_dbf_coordinate,reviewed_extension_rule_accepted,GeoKLADR2011:OKATO:04216816001,2021:data_allsettlements_anon_156_v20251217.parquet:parquet:47805,Мигна,село,красноярский,784.0,53.1349144,92.2222583,/workspace/settlements-raw/data/interim/2021_tochno/data_allsettlements_anon_156_v20251217.parquet,86c197cd522e0b63669e9c6e7f43fd3d82b3704c6a126c800a9968ecd16cae14,"parquet_row_1based=47805;latitude_dadata,longitude_dadata",tochno_2021_dadata_raw_parquet_point,reviewed_rule_accepted,2021:data_allsettlements_anon_156_v20251217.parquet:parquet:47805,140.97910841033715,0.0,140.97910841033715,140.97910841033715,distance_km_2002_2010,262
2002:052_4be37f273b_02c_Komi_perm_AO.xls:Sheet1:420,2002:052_4be37f273b_02c_Komi_perm_AO.xls:Sheet1:420,Александрова,деревня,пермский,32.0,59.0450995,54.3357916,/workspace/settlements-raw/data/interim/2021_tochno/data_allsettlements_anon_156_v20251217.parquet,86c197cd522e0b63669e9c6e7f43fd3d82b3704c6a126c800a9968ecd16cae14,"carrier_target_source_record_id=2021:data_allsettlements_anon_156_v20251217.parquet:parquet:96446;parquet_row_1based=96446;latitude_dadata,longitude_dadata",retrospective_continuity_from_tochno_2021_dadata_raw_parquet_point,reviewed_extension_rule_accepted,2021:data_allsettlements_anon_156_v20251217.parquet:parquet:96446,2010:016_802d308e41_8._20Or_Penz_Perm_Samar_Saratov_Uly_2010.xls:!!!:4829,Александрова,деревня,пермский,4.0,58.238333,56.213383,/workspace/settlements-raw/data/raw/historical_geography/geokladr_okato_2011/okato.dbf,d1c8b983f2489724a940bd2a64dedda73b602f6c491d5c09391deaf362fe2650,raw_dbf_record_number_1based=90393;byte_offset_0based=35705545,geokladr_2011_raw_dbf_coordinate,reviewed_extension_rule_accepted,GeoKLADR2011:OKATO:57121926002,2021:data_allsettlements_anon_156_v20251217.parquet:parquet:96446,Александрова,деревня,пермский,2.0,59.0450995,54.3357916,/workspace/settlements-raw/data/interim/2021_tochno/data_allsettlements_anon_156_v20251217.parquet,86c197cd522e0b63669e9c6e7f43fd3d82b3704c6a126c800a9968ecd16cae14,"parquet_row_1based=96446;latitude_dadata,longitude_dadata",tochno_2021_dadata_raw_parquet_point,reviewed_rule_accepted,2021:data_allsettlements_anon_156_v20251217.parquet:parquet:96446,140.8865977903187,0.0,140.8865977903187,140.8865977903187,distance_km_2002_2010,263
2002:1_TOM_01_04.xls:0:1429,2002:1_TOM_01_04.xls:0:1429,Верховье,пгт,орловская,8071.0,53.312442,35.303273,/workspace/settlements-raw/data/raw/historical_geography/geokladr_okato_2011/okato.dbf,d1c8b983f2489724a940bd2a64dedda73b602f6c491d5c09391deaf362fe2650,DBF_record_1based=85942;DBF_byte_offset_0based=33947400;OKATO2011_raw=54208551000,raw_named_typed_geo2011_object,reviewed_extension_rule_accepted,,ROSSTAT2010:T5:p40:l22,Верховье,пгт,орловская,7173.0,52.802845,37.221694,/workspace/settlements-raw/data/interim/2021_tochno/data_allsettlements_anon_156_v20251217.parquet,86c197cd522e0b63669e9c6e7f43fd3d82b3704c6a126c800a9968ecd16cae14,"parquet_row_1based=90996;latitude_dadata,longitude_dadata",tochno_2021_dadata_raw_parquet_point,reviewed_extension_rule_accepted,2021:data_allsettlements_anon_156_v20251217.parquet:parquet:90996,2021:data_allsettlements_anon_156_v20251217.parquet:parquet:90996,Верховье,пгт,орловская,7140.0,52.802845,37.221694,/workspace/settlements-raw/data/interim/2021_tochno/data_allsettlements_anon_156_v20251217.parquet,86c197cd522e0b63669e9c6e7f43fd3d82b3704c6a126c800a9968ecd16cae14,"parquet_row_1based=90996;latitude_dadata,longitude_dadata",tochno_2021_dadata_raw_parquet_point,reviewed_rule_accepted,2021:data_allsettlements_anon_156_v20251217.parquet:parquet:90996,140.16519811892076,140.16519811892076,0.0,140.16519811892076,distance_km_2002_2010,264
2002:052_4be37f273b_02c_Komi_perm_AO.xls:Sheet1:532,2002:052_4be37f273b_02c_Komi_perm_AO.xls:Sheet1:532,Заречный Пешнигорт,деревня,пермский,63.0,58.9752277,54.5476529,/workspace/settlements-raw/data/interim/2021_tochno/data_allsettlements_anon_156_v20251217.parquet,86c197cd522e0b63669e9c6e7f43fd3d82b3704c6a126c800a9968ecd16cae14,"carrier_target_source_record_id=2021:data_allsettlements_anon_156_v20251217.parquet:parquet:96523;parquet_row_1based=96523;latitude_dadata,longitude_dadata",retrospective_continuity_from_tochno_2021_dadata_raw_parquet_point,reviewed_extension_rule_accepted,2021:data_allsettlements_anon_156_v20251217.parquet:parquet:96523,2010:016_802d308e41_8._20Or_Penz_Perm_Samar_Saratov_Uly_2010.xls:!!!:4919,Заречный Пешнигорт,деревня,пермский,68.0,57.807292,55.444326,/workspace/settlements-raw/data/raw/historical_geography/geokladr_okato_2011/okato.dbf,d1c8b983f2489724a940bd2a64dedda73b602f6c491d5c09391deaf362fe2650,raw_dbf_record_number_1based=90485;byte_offset_0based=35741885,geokladr_2011_raw_dbf_coordinate,reviewed_extension_rule_accepted,GeoKLADR2011:OKATO:57121938005,2021:data_allsettlements_anon_156_v20251217.parquet:parquet:96523,Заречный Пешнигорт,деревня,пермский,86.0,58.9752277,54.5476529,/workspace/settlements-raw/data/interim/2021_tochno/data_allsettlements_anon_156_v20251217.parquet,86c197cd522e0b63669e9c6e7f43fd3d82b3704c6a126c800a9968ecd16cae14,"parquet_row_1based=96523;latitude_dadata,longitude_dadata",tochno_2021_dadata_raw_parquet_point,reviewed_rule_accepted,2021:data_allsettlements_anon_156_v20251217.parquet:parquet:96523,139.98507736399773,0.0,139.98507736399773,139.98507736399773,distance_km_2002_2010,265
2002:015_90ef69f659_02c_Tver_obl.xls:!!!:7976,2002:015_90ef69f659_02c_Tver_obl.xls:!!!:7976,Шевели,деревня,тверская,3.0,56.6940182,33.367261,/workspace/settlements-raw/data/interim/2021_tochno/data_allsettlements_anon_156_v20251217.parquet,86c197cd522e0b63669e9c6e7f43fd3d82b3704c6a126c800a9968ecd16cae14,"carrier_target_source_record_id=2021:data_allsettlements_anon_156_v20251217.parquet:parquet:136454;parquet_row_1based=136454;latitude_dadata,longitude_dadata",retrospective_continuity_from_tochno_2021_dadata_raw_parquet_point,reviewed_extension_rule_accepted,2021:data_allsettlements_anon_156_v20251217.parquet:parquet:136454,2010:019_a193ec7827_Tver_L1_ethn_np_2010.xls:Data Sheet:7440,Шевели,деревня,тверская,5.0,56.447283,31.127252,/workspace/settlements-raw/data/raw/historical_geography/geokladr_okato_2011/okato.dbf,d1c8b983f2489724a940bd2a64dedda73b602f6c491d5c09391deaf362fe2650,raw_dbf_record_number_1based=47004;byte_offset_0based=18566890,geokladr_2011_raw_dbf_coordinate,reviewed_extension_rule_accepted,GeoKLADR2011:OKATO:28250816037,2021:data_allsettlements_anon_156_v20251217.parquet:parquet:136454,Шевели,деревня,тверская,0.0,56.6940182,33.367261,/workspace/settlements-raw/data/interim/2021_tochno/data_allsettlements_anon_156_v20251217.parquet,86c197cd522e0b63669e9c6e7f43fd3d82b3704c6a126c800a9968ecd16cae14,"parquet_row_1based=136454;latitude_dadata,longitude_dadata",tochno_2021_dadata_raw_parquet_point,reviewed_rule_accepted,2021:data_allsettlements_anon_156_v20251217.parquet:parquet:136454,139.92823043978365,0.0,139.92823043978365,139.92823043978365,distance_km_2002_2010,266
2002:057_9b18a354f1_02c_Sverdlovskaja_oblast.xls:Sheet1:376,2002:057_9b18a354f1_02c_Sverdlovskaja_oblast.xls:Sheet1:376,Урай,посёлок,свердловская,25.0,59.9906,63.1504,/workspace/settlements-raw/data/raw/historical_geography/geokladr_okato_2011/okato.dbf,d1c8b983f2489724a940bd2a64dedda73b602f6c491d5c09391deaf362fe2650,raw_dbf_record_number_1based=110648;byte_offset_0based=43706270,geokladr_2011_raw_dbf_coordinate,reviewed_extension_rule_accepted,GeoKLADR2011:OKATO:65492805004,2010:003_eb441570b1_11._20Урал_ФО_2010.xls:Урал:4724,Урай,посёлок,свердловская,22.0,59.9906,63.1504,/workspace/settlements-raw/data/raw/historical_geography/geokladr_okato_2011/okato.dbf,d1c8b983f2489724a940bd2a64dedda73b602f6c491d5c09391deaf362fe2650,raw_dbf_record_number_1based=110648;byte_offset_0based=43706270,geokladr_2011_raw_dbf_coordinate,reviewed_extension_rule_accepted,GeoKLADR2011:OKATO:65492805004,2021:data_allsettlements_anon_156_v20251217.parquet:parquet:121022,Урай,посёлок,свердловская,50.0,59.565803,60.807195,/workspace/settlements-raw/data/raw/wikidata_truthy_claims/batch_0015.jsonl.gz,cad3745110d3760ec8e3d104b2e364923c0b43ea952dce9f5367ee2fbd6b74d2,"{""line_number"": 7562, ""locator"": ""batch_0015.jsonl.gz#line=7562"", ""retrieved_at_utc"": ""2026-08-31T20:57:27.090420+00:00"", ""source_file"": ""batch_0015.jsonl.gz"", ""value_raw"": ""POINT(60.807195 59.565803)""}",wikidata_P625_point_claim,reviewed_extension_rule_accepted,Q15276257,0.0,139.38672865947655,139.38672865947655,139.38672865947655,distance_km_2002_2021,267
2002:022_862ad8a69d_02c_Vologodskaya.xls:2C:6351,2002:022_862ad8a69d_02c_Vologodskaya.xls:2C:6351,Крутая Осыпь,посёлок,вологодская,237.0,60.461554,39.770064,/workspace/settlements-raw/data/raw/historical_geography/geokladr_okato_2011/okato.dbf,d1c8b983f2489724a940bd2a64dedda73b602f6c491d5c09391deaf362fe2650,raw_dbf_record_number_1based=25607;byte_offset_0based=10115075,geokladr_2011_raw_dbf_coordinate,reviewed_extension_rule_accepted,GeoKLADR2011:OKATO:19246812014,2010:012_5c339c0d0e_4._20Vologod_pskov_2010.xls:Data Sheet:5934,Крутая Осыпь,посёлок,вологодская,181.0,60.461554,39.770064,/workspace/settlements-raw/data/raw/historical_geography/geokladr_okato_2011/okato.dbf,d1c8b983f2489724a940bd2a64dedda73b602f6c491d5c09391deaf362fe2650,raw_dbf_record_number_1based=25607;byte_offset_0based=10115075,geokladr_2011_raw_dbf_coordinate,reviewed_extension_rule_accepted,GeoKLADR2011:OKATO:19246812014,2021:data_allsettlements_anon_156_v20251217.parquet:parquet:11815,Крутая Осыпь,посёлок,вологодская,80.0,60.07007,42.1612,/workspace/settlements-raw/data/raw/coordinate_candidates/geonames_RU_20260907.zip,9bf299daaff13de75ddbf610e113469aae80537d66a7de3437967576c6509ff4,RU.txt:line=147195;geonameid=831283,geonames_ru_txt_named_place_point,reviewed_extension_rule_accepted,GeoNames:geonameid:831283,0.0,138.861381740763,138.861381740763,138.861381740763,distance_km_2002_2021,268
2002:072_970adef884_Kemerov_obl_new.xls:Sheet1:1435,2002:072_970adef884_Kemerov_obl_new.xls:Sheet1:1435,Таловка,село,кемеровская,665.0,55.9628789,85.8352595,/workspace/settlements-raw/data/interim/2021_tochno/data_allsettlements_anon_156_v20251217.parquet,86c197cd522e0b63669e9c6e7f43fd3d82b3704c6a126c800a9968ecd16cae14,"carrier_target_source_record_id=2021:data_allsettlements_anon_156_v20251217.parquet:parquet:32848;parquet_row_1based=32848;latitude_dadata,longitude_dadata",retrospective_continuity_from_tochno_2021_dadata_raw_parquet_point,reviewed_extension_rule_accepted,2021:data_allsettlements_anon_156_v20251217.parquet:parquet:32848,2010:008_342f3c208b_16._20Сиб_ФО_2010.xls:Sib:6001,Таловка,село,кемеровская,497.0,55.35,87.75,/workspace/settlements-raw/data/raw/historical_geography/geokladr_okato_2011/okato.dbf,d1c8b983f2489724a940bd2a64dedda73b602f6c491d5c09391deaf362fe2650,raw_dbf_record_number_1based=53387;byte_offset_0based=21088175,geokladr_2011_raw_dbf_coordinate,reviewed_extension_rule_accepted,GeoKLADR2011:OKATO:32246836001,2021:data_allsettlements_anon_156_v20251217.parquet:parquet:32848,Таловка,село,кемеровская,459.0,55.9628789,85.8352595,/workspace/settlements-raw/data/interim/2021_tochno/data_allsettlements_anon_156_v20251217.parquet,86c197cd522e0b63669e9c6e7f43fd3d82b3704c6a126c800a9968ecd16cae14,"parquet_row_1based=32848;latitude_dadata,longitude_dadata",tochno_2021_dadata_raw_parquet_point,reviewed_rule_accepted,2021:data_allsettlements_anon_156_v20251217.parquet:parquet:32848,138.0931029133115,0.0,138.0931029133115,138.0931029133115,distance_km_2002_2010,269
2002:067_7363c80f41_02c_Krasnojarski_lraj.xls:Sheet1:362,2002:067_7363c80f41_02c_Krasnojarski_lraj.xls:Sheet1:362,Малеево,деревня,красноярский,141.0,57.4317894,97.5365777,/workspace/settlements-raw/data/interim/2021_tochno/data_allsettlements_anon_156_v20251217.parquet,86c197cd522e0b63669e9c6e7f43fd3d82b3704c6a126c800a9968ecd16cae14,"carrier_target_source_record_id=2021:data_allsettlements_anon_156_v20251217.parquet:parquet:47472;parquet_row_1based=47472;latitude_dadata,longitude_dadata",retrospective_continuity_from_tochno_2021_dadata_raw_parquet_point,reviewed_extension_rule_accepted,2021:data_allsettlements_anon_156_v20251217.parquet:parquet:47472,2010:008_342f3c208b_16._20Сиб_ФО_2010.xls:Sib:1972,Малеево,деревня,красноярский,146.0,56.2379,96.9188,/workspace/settlements-raw/data/raw/historical_geography/geokladr_okato_2011/okato.dbf,d1c8b983f2489724a940bd2a64dedda73b602f6c491d5c09391deaf362fe2650,raw_dbf_record_number_1based=3699;byte_offset_0based=1461415,geokladr_2011_raw_dbf_coordinate,reviewed_extension_rule_accepted,GeoKLADR2011:OKATO:04209845002,2021:data_allsettlements_anon_156_v20251217.parquet:parquet:47472,Малеево,деревня,красноярский,112.0,57.4317894,97.5365777,/workspace/settlements-raw/data/interim/2021_tochno/data_allsettlements_anon_156_v20251217.parquet,86c197cd522e0b63669e9c6e7f43fd3d82b3704c6a126c800a9968ecd16cae14,"parquet_row_1based=47472;latitude_dadata,longitude_dadata",tochno_2021_dadata_raw_parquet_point,reviewed_rule_accepted,2021:data_allsettlements_anon_156_v20251217.parquet:parquet:47472,137.96946068289355,0.0,137.96946068289355,137.96946068289355,distance_km_2002_2010,270
2002:051_46e3ecb0a0_02c_Permskaja_obl.xls:Sheet1:2739,2002:051_46e3ecb0a0_02c_Permskaja_obl.xls:Sheet1:2739,Сычи,деревня,пермский,103.0,58.247,57.1542,/workspace/settlements-raw/data/raw/historical_geography/geokladr_okato_2011/okato.dbf,d1c8b983f2489724a940bd2a64dedda73b602f6c491d5c09391deaf362fe2650,raw_dbf_record_number_1based=92407;byte_offset_0based=36501075,geokladr_2011_raw_dbf_coordinate,reviewed_extension_rule_accepted,GeoKLADR2011:OKATO:57242817011,2010:016_802d308e41_8._20Or_Penz_Perm_Samar_Saratov_Uly_2010.xls:!!!:6831,Сычи,деревня,пермский,92.0,58.247,57.1542,/workspace/settlements-raw/data/raw/historical_geography/geokladr_okato_2011/okato.dbf,d1c8b983f2489724a940bd2a64dedda73b602f6c491d5c09391deaf362fe2650,raw_dbf_record_number_1based=92407;byte_offset_0based=36501075,geokladr_2011_raw_dbf_coordinate,reviewed_extension_rule_accepted,GeoKLADR2011:OKATO:57242817011,2021:data_allsettlements_anon_156_v20251217.parquet:parquet:98569,Сычи,деревня,пермский,74.0,57.6339,55.1258,/workspace/settlements-raw/data/raw/coordinate_candidates/geonames_RU_20260907.zip,9bf299daaff13de75ddbf610e113469aae80537d66a7de3437967576c6509ff4,RU.txt:line=231116;geonameid=6267030,geonames_ru_txt_named_place_point,reviewed_extension_rule_accepted,GeoNames:geonameid:6267030,0.0,137.7625443759961,137.7625443759961,137.7625443759961,distance_km_2002_2021,271
2002:015_90ef69f659_02c_Tver_obl.xls:!!!:8504,2002:015_90ef69f659_02c_Tver_obl.xls:!!!:8504,Яковцево,деревня,тверская,5.0,57.4387475,34.9088819,/workspace/settlements-raw/data/interim/2021_tochno/data_allsettlements_anon_156_v20251217.parquet,86c197cd522e0b63669e9c6e7f43fd3d82b3704c6a126c800a9968ecd16cae14,"carrier_target_source_record_id=2021:data_allsettlements_anon_156_v20251217.parquet:parquet:136609;parquet_row_1based=136609;latitude_dadata,longitude_dadata",retrospective_continuity_from_tochno_2021_dadata_raw_parquet_point,reviewed_extension_rule_accepted,2021:data_allsettlements_anon_156_v20251217.parquet:parquet:136609,2010:019_a193ec7827_Tver_L1_ethn_np_2010.xls:Data Sheet:7909,Яковцево,деревня,тверская,0.0,58.141111,36.818314,/workspace/settlements-raw/data/raw/historical_geography/geokladr_okato_2011/okato.dbf,d1c8b983f2489724a940bd2a64dedda73b602f6c491d5c09391deaf362fe2650,raw_dbf_record_number_1based=47466;byte_offset_0based=18749380,geokladr_2011_raw_dbf_coordinate,reviewed_extension_rule_accepted,GeoKLADR2011:OKATO:28252806014,2021:data_allsettlements_anon_156_v20251217.parquet:parquet:136609,Яковцево,деревня,тверская,3.0,57.4387475,34.9088819,/workspace/settlements-raw/data/interim/2021_tochno/data_allsettlements_anon_156_v20251217.parquet,86c197cd522e0b63669e9c6e7f43fd3d82b3704c6a126c800a9968ecd16cae14,"parquet_row_1based=136609;latitude_dadata,longitude_dadata",tochno_2021_dadata_raw_parquet_point,reviewed_rule_accepted,2021:data_allsettlements_anon_156_v20251217.parquet:parquet:136609,137.495802420828,0.0,137.495802420828,137.495802420828,distance_km_2002_2010,272
2002:007_acff9aa32d_02c_Kostromskaja.xls:Sheet1:2364,2002:007_acff9aa32d_02c_Kostromskaja.xls:Sheet1:2364,Малыгино,деревня,костромская,13.0,58.577163,41.831967,/workspace/settlements-raw/data/raw/historical_geography/geokladr_okato_2011/okato.dbf,d1c8b983f2489724a940bd2a64dedda73b602f6c491d5c09391deaf362fe2650,raw_dbf_record_number_1based=59638;byte_offset_0based=23557320,geokladr_2011_raw_dbf_coordinate,reviewed_extension_rule_accepted,GeoKLADR2011:OKATO:34226836019,2010:010_711691e352_2._20Kostrom_Kur_Lip_Moscow_MoscObl_Orlov_2010.xls:Data Sheet:2075,Малыгино,деревня,костромская,5.0,57.5271951,40.5976278,/workspace/settlements-raw/data/interim/2021_tochno/data_allsettlements_anon_156_v20251217.parquet,86c197cd522e0b63669e9c6e7f43fd3d82b3704c6a126c800a9968ecd16cae14,"parquet_row_1based=43252;latitude_dadata,longitude_dadata",tochno_2021_dadata_raw_parquet_point,reviewed_extension_rule_accepted,2021:data_allsettlements_anon_156_v20251217.parquet:parquet:43252,2021:data_allsettlements_anon_156_v20251217.parquet:parquet:43252,Малыгино,деревня,костромская,1.0,57.5271951,40.5976278,/workspace/settlements-raw/data/interim/2021_tochno/data_allsettlements_anon_156_v20251217.parquet,86c197cd522e0b63669e9c6e7f43fd3d82b3704c6a126c800a9968ecd16cae14,"parquet_row_1based=43252;latitude_dadata,longitude_dadata",tochno_2021_dadata_raw_parquet_point,reviewed_rule_accepted,2021:data_allsettlements_anon_156_v20251217.parquet:parquet:43252,137.49203516867584,137.49203516867584,0.0,137.49203516867584,distance_km_2002_2010,273
2002:1_TOM_01_04.xls:0:6204,2002:1_TOM_01_04.xls:0:6204,Смолино,пгт,нижегородская,2911.0,55.068276,43.517123,/workspace/settlements-raw/data/raw/historical_geography/geokladr_okato_2011/okato.dbf,d1c8b983f2489724a940bd2a64dedda73b602f6c491d5c09391deaf362fe2650,DBF_record_1based=31219;DBF_byte_offset_0based=12331815;OKATO2011_raw=22231570000,raw_named_typed_geo2011_object,reviewed_extension_rule_accepted,,ROSSTAT2010:T5:p131:l44,Смолино,пгт,нижегородская,2742.0,56.275278,43.091111,/workspace/settlements-raw/data/raw/wikidata_truthy_claims/batch_0132.jsonl.gz,c72e56fddd6c782c6b7f9feffaf276e95b7458236f18a98f69e258523b46e65c,"{""line_number"": 10195, ""locator"": ""batch_0132.jsonl.gz#line=10195"", ""retrieved_at_utc"": ""2026-08-31T20:59:52.518687+00:00"", ""source_file"": ""batch_0132.jsonl.gz"", ""value_raw"": ""POINT(43.091111 56.275278)""}",wikidata_P625_point_claim,reviewed_extension_rule_accepted,2021:data_allsettlements_anon_156_v20251217.parquet:parquet:73992,2021:data_allsettlements_anon_156_v20251217.parquet:parquet:73992,Смолино,пгт,нижегородская,2387.0,56.275278,43.091111,/workspace/settlements-raw/data/raw/wikidata_truthy_claims/batch_0132.jsonl.gz,c72e56fddd6c782c6b7f9feffaf276e95b7458236f18a98f69e258523b46e65c,"{""line_number"": 10195, ""locator"": ""batch_0132.jsonl.gz#line=10195"", ""retrieved_at_utc"": ""2026-08-31T20:59:52.518687+00:00"", ""source_file"": ""batch_0132.jsonl.gz"", ""value_raw"": ""POINT(43.091111 56.275278)""}",wikidata_P625_point_claim,reviewed_extension_rule_accepted,Q4425031,136.84469506569272,136.84469506569272,0.0,136.84469506569272,distance_km_2002_2010,274
2002:051_46e3ecb0a0_02c_Permskaja_obl.xls:Sheet1:1441,2002:051_46e3ecb0a0_02c_Permskaja_obl.xls:Sheet1:1441,Монастырек,деревня,пермский,10.0,58.3839764,55.1477576,/workspace/settlements-raw/data/interim/2021_tochno/data_allsettlements_anon_156_v20251217.parquet,86c197cd522e0b63669e9c6e7f43fd3d82b3704c6a126c800a9968ecd16cae14,"carrier_target_source_record_id=2021:data_allsettlements_anon_156_v20251217.parquet:parquet:96134;parquet_row_1based=96134;latitude_dadata,longitude_dadata",retrospective_continuity_from_tochno_2021_dadata_raw_parquet_point,reviewed_extension_rule_accepted,2021:data_allsettlements_anon_156_v20251217.parquet:parquet:96134,2010:016_802d308e41_8._20Or_Penz_Perm_Samar_Saratov_Uly_2010.xls:!!!:5850,Монастырек,деревня,пермский,12.0,57.7059,57.0666,/workspace/settlements-raw/data/raw/historical_geography/geokladr_okato_2011/okato.dbf,d1c8b983f2489724a940bd2a64dedda73b602f6c491d5c09391deaf362fe2650,raw_dbf_record_number_1based=91427;byte_offset_0based=36113975,geokladr_2011_raw_dbf_coordinate,reviewed_extension_rule_accepted,GeoKLADR2011:OKATO:57222802006,2021:data_allsettlements_anon_156_v20251217.parquet:parquet:96134,Монастырек,деревня,пермский,5.0,58.3839764,55.1477576,/workspace/settlements-raw/data/interim/2021_tochno/data_allsettlements_anon_156_v20251217.parquet,86c197cd522e0b63669e9c6e7f43fd3d82b3704c6a126c800a9968ecd16cae14,"parquet_row_1based=96134;latitude_dadata,longitude_dadata",tochno_2021_dadata_raw_parquet_point,reviewed_rule_accepted,2021:data_allsettlements_anon_156_v20251217.parquet:parquet:96134,135.77484826828388,0.0,135.77484826828388,135.77484826828388,distance_km_2002_2010,275
2002:014_32646337ea_02c_Tambovskaja.xls:Sheet1:1850,2002:014_32646337ea_02c_Tambovskaja.xls:Sheet1:1850,Светчино,деревня,тамбовская,42.0,53.64381,41.910359,/workspace/settlements-raw/data/raw/historical_geography/geokladr_okato_2011/okato.dbf,d1c8b983f2489724a940bd2a64dedda73b602f6c491d5c09391deaf362fe2650,raw_dbf_record_number_1based=116842;byte_offset_0based=46152900,geokladr_2011_raw_dbf_coordinate,reviewed_extension_rule_accepted,GeoKLADR2011:OKATO:68240862006,2010:011_040325482b_3._20Ryaz_Smol_Tambov_Tula_Jaroslavl_20L1_20ethn_2010.xls:Data Sheet:9085,Светчино,деревня,тамбовская,32.0,53.64381,41.910359,/workspace/settlements-raw/data/raw/historical_geography/geokladr_okato_2011/okato.dbf,d1c8b983f2489724a940bd2a64dedda73b602f6c491d5c09391deaf362fe2650,raw_dbf_record_number_1based=116842;byte_offset_0based=46152900,geokladr_2011_raw_dbf_coordinate,reviewed_extension_rule_accepted,GeoKLADR2011:OKATO:68240862006,2021:data_allsettlements_anon_156_v20251217.parquet:parquet:129164,Светчино,деревня,тамбовская,35.0,52.54767,41.03002,/workspace/settlements-raw/data/raw/coordinate_candidates/geonames_RU_20260907.zip,9bf299daaff13de75ddbf610e113469aae80537d66a7de3437967576c6509ff4,RU.txt:line=25230;geonameid=485742,geonames_ru_txt_named_place_point,reviewed_extension_rule_accepted,GeoNames:geonameid:485742,0.0,135.31626363871953,135.31626363871953,135.31626363871953,distance_km_2002_2021,276
2002:081_6a22d6b5c5_Amur.xls:Sheet1:513,2002:081_6a22d6b5c5_Amur.xls:Sheet1:513,Широкий Лог,село,амурская,419.0,49.753739,129.523569,/workspace/settlements-raw/data/raw/historical_geography/geokladr_okato_2011/okato.dbf,d1c8b983f2489724a940bd2a64dedda73b602f6c491d5c09391deaf362fe2650,raw_dbf_record_number_1based=7424;byte_offset_0based=2932790,geokladr_2011_raw_dbf_coordinate,reviewed_extension_rule_accepted,GeoKLADR2011:OKATO:10247860001,2010:009_81f8a0e73c_17._20ДВ_ФО_2010.xls:ДВ:1629,Широкий Лог,село,амурская,326.0,49.753739,129.523569,/workspace/settlements-raw/data/raw/historical_geography/geokladr_okato_2011/okato.dbf,d1c8b983f2489724a940bd2a64dedda73b602f6c491d5c09391deaf362fe2650,raw_dbf_record_number_1based=7424;byte_offset_0based=2932790,geokladr_2011_raw_dbf_coordinate,reviewed_extension_rule_accepted,GeoKLADR2011:OKATO:10247860001,2021:data_allsettlements_anon_156_v20251217.parquet:parquet:61307,Широкий Лог,село,амурская,220.0,50.93165,129.07486,/workspace/settlements-raw/data/raw/coordinate_candidates/geonames_RU_20260907.zip,9bf299daaff13de75ddbf610e113469aae80537d66a7de3437967576c6509ff4,RU.txt:line=200283;geonameid=2016676,geonames_ru_txt_named_place_point,reviewed_extension_rule_accepted,GeoNames:geonameid:2016676,0.0,134.79222696613243,134.79222696613243,134.79222696613243,distance_km_2002_2021,277
2002:047_9960082a3e_02c_Kirovskaja_new.xls:Sheet1:3179,2002:047_9960082a3e_02c_Kirovskaja_new.xls:Sheet1:3179,Ларичи,деревня,кировская,74.0,58.717256,48.800733,/workspace/settlements-raw/data/raw/historical_geography/geokladr_okato_2011/okato.dbf,d1c8b983f2489724a940bd2a64dedda73b602f6c491d5c09391deaf362fe2650,raw_dbf_record_number_1based=55813;byte_offset_0based=22046445,geokladr_2011_raw_dbf_coordinate,reviewed_extension_rule_accepted,GeoKLADR2011:OKATO:33231816009,2010:014_5ca759eea0_5._20Nizheg_Kirov_202010.xls:Data Sheet:7317,Ларичи,деревня,кировская,50.0,58.717256,48.800733,/workspace/settlements-raw/data/raw/historical_geography/geokladr_okato_2011/okato.dbf,d1c8b983f2489724a940bd2a64dedda73b602f6c491d5c09391deaf362fe2650,raw_dbf_record_number_1based=55813;byte_offset_0based=22046445,geokladr_2011_raw_dbf_coordinate,reviewed_extension_rule_accepted,GeoKLADR2011:OKATO:33231816009,2021:data_allsettlements_anon_156_v20251217.parquet:parquet:36241,Ларичи,деревня,кировская,30.0,57.5294,48.4313,/workspace/settlements-raw/data/raw/coordinate_candidates/geonames_RU_20260907.zip,9bf299daaff13de75ddbf610e113469aae80537d66a7de3437967576c6509ff4,RU.txt:line=242495;geonameid=6421734,geonames_ru_txt_named_place_point,reviewed_extension_rule_accepted,GeoNames:geonameid:6421734,0.0,133.85282269917664,133.85282269917664,133.85282269917664,distance_km_2002_2021,278
2002:037_5b0d431685_02c_Stavrolpski.xls:Sheet1:156,2002:037_5b0d431685_02c_Stavrolpski.xls:Sheet1:156,Молочный,посёлок,ставропольский,57.0,45.080019,41.813978,/workspace/settlements-raw/data/raw/historical_geography/geokladr_okato_2011/okato.dbf,d1c8b983f2489724a940bd2a64dedda73b602f6c491d5c09391deaf362fe2650,raw_dbf_record_number_1based=5820;byte_offset_0based=2299210,geokladr_2011_raw_dbf_coordinate,reviewed_extension_rule_accepted,GeoKLADR2011:OKATO:07210825003,2010:002_027be52979_10._20СевКаз_ФО_20(без_20Даг)_202010.xls:СК:74,Молочный,посёлок,ставропольский,54.0,45.080019,41.813978,/workspace/settlements-raw/data/raw/historical_geography/geokladr_okato_2011/okato.dbf,d1c8b983f2489724a940bd2a64dedda73b602f6c491d5c09391deaf362fe2650,raw_dbf_record_number_1based=5820;byte_offset_0based=2299210,geokladr_2011_raw_dbf_coordinate,reviewed_extension_rule_accepted,GeoKLADR2011:OKATO:07210825003,2021:data_allsettlements_anon_156_v20251217.parquet:parquet:127244,Молочный,посёлок,ставропольский,47.0,44.96417,43.50806,/workspace/settlements-raw/data/raw/coordinate_candidates/geonames_RU_20260907.zip,9bf299daaff13de75ddbf610e113469aae80537d66a7de3437967576c6509ff4,RU.txt:line=64852;geonameid=525583,geonames_ru_txt_named_place_point,reviewed_extension_rule_accepted,GeoNames:geonameid:525583,0.0,133.7680500193312,133.7680500193312,133.7680500193312,distance_km_2002_2021,279
2002:045_9dc3ed048e_02c__Udmurtia.xls:Sheet1:1414,2002:045_9dc3ed048e_02c__Udmurtia.xls:Sheet1:1414,Сюрзи,деревня,удмуртская,27.0,57.161637,51.983424,/workspace/settlements-raw/data/raw/historical_geography/geokladr_okato_2011/okato.dbf,d1c8b983f2489724a940bd2a64dedda73b602f6c491d5c09391deaf362fe2650,raw_dbf_record_number_1based=147910;byte_offset_0based=58424760,geokladr_2011_raw_dbf_coordinate,reviewed_extension_rule_accepted,GeoKLADR2011:OKATO:94224875003,2010:017_68e0e4537e_9._20Basq_Mari_Mord_Tatar_Udm_Chuv_2010.xls:!!!:11532,Сюрзи,деревня,удмуртская,37.0,57.161637,51.983424,/workspace/settlements-raw/data/raw/historical_geography/geokladr_okato_2011/okato.dbf,d1c8b983f2489724a940bd2a64dedda73b602f6c491d5c09391deaf362fe2650,raw_dbf_record_number_1based=147910;byte_offset_0based=58424760,geokladr_2011_raw_dbf_coordinate,reviewed_extension_rule_accepted,GeoKLADR2011:OKATO:94224875003,2021:data_allsettlements_anon_156_v20251217.parquet:parquet:156472,Сюрзи,деревня,удмуртская,23.0,57.841,53.831,/workspace/settlements-raw/data/raw/coordinate_candidates/geonames_RU_20260907.zip,9bf299daaff13de75ddbf610e113469aae80537d66a7de3437967576c6509ff4,RU.txt:line=24519;geonameid=485022,geonames_ru_txt_named_place_point,reviewed_extension_rule_accepted,GeoNames:geonameid:485022,0.0,133.74703326562363,133.74703326562363,133.74703326562363,distance_km_2002_2021,280
2002:048_4f024587eb_02c_Nizhegorod_obl_new.xls:11:1562,2002:048_4f024587eb_02c_Nizhegorod_obl_new.xls:11:1562,Осинки,село,нижегородская,429.0,56.0994603,45.8438995,/workspace/settlements-raw/data/interim/2021_tochno/data_allsettlements_anon_156_v20251217.parquet,86c197cd522e0b63669e9c6e7f43fd3d82b3704c6a126c800a9968ecd16cae14,"carrier_target_source_record_id=2021:data_allsettlements_anon_156_v20251217.parquet:parquet:75510;parquet_row_1based=75510;latitude_dadata,longitude_dadata",retrospective_continuity_from_tochno_2021_dadata_raw_parquet_point,reviewed_extension_rule_accepted,2021:data_allsettlements_anon_156_v20251217.parquet:parquet:75510,2010:014_5ca759eea0_5._20Nizheg_Kirov_202010.xls:Data Sheet:1020,Осинки,село,нижегородская,424.0,56.590144,43.862815,/workspace/settlements-raw/data/raw/historical_geography/geokladr_okato_2011/okato.dbf,d1c8b983f2489724a940bd2a64dedda73b602f6c491d5c09391deaf362fe2650,raw_dbf_record_number_1based=30366;byte_offset_0based=11994880,geokladr_2011_raw_dbf_coordinate,reviewed_extension_rule_accepted,GeoKLADR2011:OKATO:22221832005,2021:data_allsettlements_anon_156_v20251217.parquet:parquet:75510,Осинки,село,нижегородская,333.0,56.0994603,45.8438995,/workspace/settlements-raw/data/interim/2021_tochno/data_allsettlements_anon_156_v20251217.parquet,86c197cd522e0b63669e9c6e7f43fd3d82b3704c6a126c800a9968ecd16cae14,"parquet_row_1based=75510;latitude_dadata,longitude_dadata",tochno_2021_dadata_raw_parquet_point,reviewed_rule_accepted,2021:data_allsettlements_anon_156_v20251217.parquet:parquet:75510,133.7129289863838,0.0,133.7129289863838,133.7129289863838,distance_km_2002_2010,281
2002:048_4f024587eb_02c_Nizhegorod_obl_new.xls:11:1583,2002:048_4f024587eb_02c_Nizhegorod_obl_new.xls:11:1583,Фокино,село,нижегородская,1430.0,56.1688412,45.8049872,/workspace/settlements-raw/data/interim/2021_tochno/data_allsettlements_anon_156_v20251217.parquet,86c197cd522e0b63669e9c6e7f43fd3d82b3704c6a126c800a9968ecd16cae14,"carrier_target_source_record_id=2021:data_allsettlements_anon_156_v20251217.parquet:parquet:75531;parquet_row_1based=75531;latitude_dadata,longitude_dadata",retrospective_continuity_from_tochno_2021_dadata_raw_parquet_point,reviewed_extension_rule_accepted,2021:data_allsettlements_anon_156_v20251217.parquet:parquet:75531,2010:014_5ca759eea0_5._20Nizheg_Kirov_202010.xls:Data Sheet:1036,Фокино,село,нижегородская,1215.0,57.220278,46.831389,/workspace/settlements-raw/data/raw/historical_geography/geokladr_okato_2011/okato.dbf,d1c8b983f2489724a940bd2a64dedda73b602f6c491d5c09391deaf362fe2650,raw_dbf_record_number_1based=30382;byte_offset_0based=12001200,geokladr_2011_raw_dbf_coordinate,reviewed_extension_rule_accepted,GeoKLADR2011:OKATO:22221848001,2021:data_allsettlements_anon_156_v20251217.parquet:parquet:75531,Фокино,село,нижегородская,957.0,56.1688412,45.8049872,/workspace/settlements-raw/data/interim/2021_tochno/data_allsettlements_anon_156_v20251217.parquet,86c197cd522e0b63669e9c6e7f43fd3d82b3704c6a126c800a9968ecd16cae14,"parquet_row_1based=75531;latitude_dadata,longitude_dadata",tochno_2021_dadata_raw_parquet_point,reviewed_rule_accepted,2021:data_allsettlements_anon_156_v20251217.parquet:parquet:75531,132.64817611045714,0.0,132.64817611045714,132.64817611045714,distance_km_2002_2010,282
2002:020_e4f979c6c7_02c_Arxang-new.xls:Sheet1:3284,2002:020_e4f979c6c7_02c_Arxang-new.xls:Sheet1:3284,Белое,деревня,архангельская,0.0,63.270229,41.273406,/workspace/settlements-raw/data/raw/historical_geography/geokladr_okato_2011/okato.dbf,d1c8b983f2489724a940bd2a64dedda73b602f6c491d5c09391deaf362fe2650,raw_dbf_record_number_1based=10322;byte_offset_0based=4077500,geokladr_2011_raw_dbf_coordinate,reviewed_extension_rule_accepted,GeoKLADR2011:OKATO:11252852003,ARK2010:archive20131022:html_table1_tr3287,белое,деревня,архангельская,0.0,63.270229,41.273406,/workspace/settlements-raw/data/raw/historical_geography/geokladr_okato_2011/okato.dbf,d1c8b983f2489724a940bd2a64dedda73b602f6c491d5c09391deaf362fe2650,raw_dbf_record_number_1based=10322;byte_offset_0based=4077500,geokladr_2011_raw_dbf_coordinate,reviewed_extension_rule_accepted,GeoKLADR2011:OKATO:11252852003,2021:data_allsettlements_anon_156_v20251217.parquet:parquet:89657,Белое,деревня,архангельская,1.0,64.307737,39.952536,/workspace/settlements-raw/data/raw/wikidata_truthy_claims/batch_0029.jsonl.gz,4d8e560ed550c6a1c2ebe1715d0e4380d82d6cf46dd4efabde985baf53f74e5d,"{""line_number"": 7715, ""locator"": ""batch_0029.jsonl.gz#line=7715"", ""retrieved_at_utc"": ""2026-08-31T20:57:43.573980+00:00"", ""source_file"": ""batch_0029.jsonl.gz"", ""value_raw"": ""POINT(39.952536 64.307737)""}",wikidata_P625_point_claim,reviewed_extension_rule_accepted,Q18766600,0.0,132.34744321783748,132.34744321783748,132.34744321783748,distance_km_2002_2021,283
2002:079_983a1a85f7_Primor_krai_1.xls:Sheet1:315,2002:079_983a1a85f7_Primor_krai_1.xls:Sheet1:315,Зелёный Яр,село,приморский,56.0,43.559444,133.614722,/workspace/settlements-raw/data/raw/historical_geography/geokladr_okato_2011/okato.dbf,d1c8b983f2489724a940bd2a64dedda73b602f6c491d5c09391deaf362fe2650,raw_dbf_record_number_1based=5261;byte_offset_0based=2078405,geokladr_2011_raw_dbf_coordinate,reviewed_extension_rule_accepted,GeoKLADR2011:OKATO:05220000010,2010:009_81f8a0e73c_17._20ДВ_ФО_2010.xls:ДВ:161,Зелёный Яр,село,приморский,41.0,43.559444,133.614722,/workspace/settlements-raw/data/raw/historical_geography/geokladr_okato_2011/okato.dbf,d1c8b983f2489724a940bd2a64dedda73b602f6c491d5c09391deaf362fe2650,raw_dbf_record_number_1based=5261;byte_offset_0based=2078405,geokladr_2011_raw_dbf_coordinate,reviewed_extension_rule_accepted,GeoKLADR2011:OKATO:05220000010,2021:data_allsettlements_anon_156_v20251217.parquet:parquet:99740,Зелёный Яр,село,приморский,32.0,43.96135,132.06904,/workspace/settlements-raw/data/raw/coordinate_candidates/geonames_RU_20260907.zip,9bf299daaff13de75ddbf610e113469aae80537d66a7de3437967576c6509ff4,RU.txt:line=243520;geonameid=6423033,geonames_ru_txt_named_place_point,reviewed_extension_rule_accepted,GeoNames:geonameid:6423033,0.0,131.9297016722679,131.9297016722679,131.9297016722679,distance_km_2002_2021,284
2002:067_7363c80f41_02c_Krasnojarski_lraj.xls:Sheet1:1761,2002:067_7363c80f41_02c_Krasnojarski_lraj.xls:Sheet1:1761,Искра,деревня,красноярский,2.0,56.0710587,94.5077045,/workspace/settlements-raw/data/interim/2021_tochno/data_allsettlements_anon_156_v20251217.parquet,86c197cd522e0b63669e9c6e7f43fd3d82b3704c6a126c800a9968ecd16cae14,"carrier_target_source_record_id=2021:data_allsettlements_anon_156_v20251217.parquet:parquet:48734;parquet_row_1based=48734;latitude_dadata,longitude_dadata",retrospective_continuity_from_tochno_2021_dadata_raw_parquet_point,reviewed_extension_rule_accepted,2021:data_allsettlements_anon_156_v20251217.parquet:parquet:48734,2010:008_342f3c208b_16._20Сиб_ФО_2010.xls:Sib:2977,Искра,деревня,красноярский,0.0,56.2592,96.5973,/workspace/settlements-raw/data/raw/historical_geography/geokladr_okato_2011/okato.dbf,d1c8b983f2489724a940bd2a64dedda73b602f6c491d5c09391deaf362fe2650,raw_dbf_record_number_1based=4699;byte_offset_0based=1856415,geokladr_2011_raw_dbf_coordinate,reviewed_extension_rule_accepted,GeoKLADR2011:OKATO:04247802003,2021:data_allsettlements_anon_156_v20251217.parquet:parquet:48734,Искра,деревня,красноярский,4.0,56.0710587,94.5077045,/workspace/settlements-raw/data/interim/2021_tochno/data_allsettlements_anon_156_v20251217.parquet,86c197cd522e0b63669e9c6e7f43fd3d82b3704c6a126c800a9968ecd16cae14,"parquet_row_1based=48734;latitude_dadata,longitude_dadata",tochno_2021_dadata_raw_parquet_point,reviewed_rule_accepted,2021:data_allsettlements_anon_156_v20251217.parquet:parquet:48734,131.04951667550804,0.0,131.04951667550804,131.04951667550804,distance_km_2002_2010,285
2002:048_4f024587eb_02c_Nizhegorod_obl_new.xls:11:977,2002:048_4f024587eb_02c_Nizhegorod_obl_new.xls:11:977,Наумово,село,нижегородская,3.0,55.3974088,44.6515186,/workspace/settlements-raw/data/interim/2021_tochno/data_allsettlements_anon_156_v20251217.parquet,86c197cd522e0b63669e9c6e7f43fd3d82b3704c6a126c800a9968ecd16cae14,"carrier_target_source_record_id=2021:data_allsettlements_anon_156_v20251217.parquet:parquet:71647;parquet_row_1based=71647;latitude_dadata,longitude_dadata",retrospective_continuity_from_tochno_2021_dadata_raw_parquet_point,reviewed_extension_rule_accepted,2021:data_allsettlements_anon_156_v20251217.parquet:parquet:71647,2010:014_5ca759eea0_5._20Nizheg_Kirov_202010.xls:Data Sheet:527,Наумово,село,нижегородская,3.0,56.512042,43.984975,/workspace/settlements-raw/data/raw/historical_geography/geokladr_okato_2011/okato.dbf,d1c8b983f2489724a940bd2a64dedda73b602f6c491d5c09391deaf362fe2650,raw_dbf_record_number_1based=29874;byte_offset_0based=11800540,geokladr_2011_raw_dbf_coordinate,reviewed_extension_rule_accepted,GeoKLADR2011:OKATO:22212832007,2021:data_allsettlements_anon_156_v20251217.parquet:parquet:71647,Наумово,село,нижегородская,7.0,55.3974088,44.6515186,/workspace/settlements-raw/data/interim/2021_tochno/data_allsettlements_anon_156_v20251217.parquet,86c197cd522e0b63669e9c6e7f43fd3d82b3704c6a126c800a9968ecd16cae14,"parquet_row_1based=71647;latitude_dadata,longitude_dadata",tochno_2021_dadata_raw_parquet_point,reviewed_rule_accepted,2021:data_allsettlements_anon_156_v20251217.parquet:parquet:71647,130.70145461661323,0.0,130.70145461661323,130.70145461661323,distance_km_2002_2010,286
2002:023_38d853be37_02c_Kaliningrad.xls:Sheet1:371,2002:023_38d853be37_02c_Kaliningrad.xls:Sheet1:371,Вороново,посёлок,калининградская,63.0,54.5967851,20.2489271,/workspace/settlements-raw/data/interim/2021_tochno/data_allsettlements_anon_156_v20251217.parquet,86c197cd522e0b63669e9c6e7f43fd3d82b3704c6a126c800a9968ecd16cae14,"carrier_target_source_record_id=2021:data_allsettlements_anon_156_v20251217.parquet:parquet:25909;parquet_row_1based=25909;latitude_dadata,longitude_dadata",retrospective_continuity_from_tochno_2021_dadata_raw_parquet_point,reviewed_extension_rule_accepted,2021:data_allsettlements_anon_156_v20251217.parquet:parquet:25909,KAL2010:TOM1:S4:R0342,вороново,посёлок,калининградская,37.0,54.537005,22.269321,/workspace/settlements-raw/data/raw/historical_geography/geokladr_okato_2011/okato.dbf,d1c8b983f2489724a940bd2a64dedda73b602f6c491d5c09391deaf362fe2650,raw_dbf_record_number_1based=38927;byte_offset_0based=15376475,geokladr_2011_raw_dbf_coordinate,reviewed_extension_rule_accepted,GeoKLADR2011:OKATO:27209825018,2021:data_allsettlements_anon_156_v20251217.parquet:parquet:25909,Вороново,посёлок,калининградская,26.0,54.5967851,20.2489271,/workspace/settlements-raw/data/interim/2021_tochno/data_allsettlements_anon_156_v20251217.parquet,86c197cd522e0b63669e9c6e7f43fd3d82b3704c6a126c800a9968ecd16cae14,"parquet_row_1based=25909;latitude_dadata,longitude_dadata",tochno_2021_dadata_raw_parquet_point,reviewed_rule_accepted,2021:data_allsettlements_anon_156_v20251217.parquet:parquet:25909,130.41085542914078,0.0,130.41085542914078,130.41085542914078,distance_km_2002_2010,287
2002:027_25f0f7433c_02c_Pskovskaja.xls:!!:3661,2002:027_25f0f7433c_02c_Pskovskaja.xls:!!:3661,Струги,деревня,псковская,115.0,56.6051547,29.6972367,/workspace/settlements-raw/data/interim/2021_tochno/data_allsettlements_anon_156_v20251217.parquet,86c197cd522e0b63669e9c6e7f43fd3d82b3704c6a126c800a9968ecd16cae14,"carrier_target_source_record_id=2021:data_allsettlements_anon_156_v20251217.parquet:parquet:103703;parquet_row_1based=103703;latitude_dadata,longitude_dadata",retrospective_continuity_from_tochno_2021_dadata_raw_parquet_point,reviewed_extension_rule_accepted,2021:data_allsettlements_anon_156_v20251217.parquet:parquet:103703,2010:012_5c339c0d0e_4._20Vologod_pskov_2010.xls:Data Sheet:11500,Струги,деревня,псковская,75.0,57.776296,29.703795,/workspace/settlements-raw/data/raw/historical_geography/geokladr_okato_2011/okato.dbf,d1c8b983f2489724a940bd2a64dedda73b602f6c491d5c09391deaf362fe2650,raw_dbf_record_number_1based=97117;byte_offset_0based=38361525,geokladr_2011_raw_dbf_coordinate,reviewed_extension_rule_accepted,GeoKLADR2011:OKATO:58226813026,2021:data_allsettlements_anon_156_v20251217.parquet:parquet:103703,Струги,деревня,псковская,71.0,56.6051547,29.6972367,/workspace/settlements-raw/data/interim/2021_tochno/data_allsettlements_anon_156_v20251217.parquet,86c197cd522e0b63669e9c6e7f43fd3d82b3704c6a126c800a9968ecd16cae14,"parquet_row_1based=103703;latitude_dadata,longitude_dadata",tochno_2021_dadata_raw_parquet_point,reviewed_rule_accepted,2021:data_allsettlements_anon_156_v20251217.parquet:parquet:103703,130.22575012967715,0.0,130.22575012967715,130.22575012967715,distance_km_2002_2010,288
2002:052_4be37f273b_02c_Komi_perm_AO.xls:Sheet1:665,2002:052_4be37f273b_02c_Komi_perm_AO.xls:Sheet1:665,Бадья,деревня,пермский,53.0,59.3977358,54.2586049,/workspace/settlements-raw/data/interim/2021_tochno/data_allsettlements_anon_156_v20251217.parquet,86c197cd522e0b63669e9c6e7f43fd3d82b3704c6a126c800a9968ecd16cae14,"carrier_target_source_record_id=2021:data_allsettlements_anon_156_v20251217.parquet:parquet:97323;parquet_row_1based=97323;latitude_dadata,longitude_dadata",retrospective_continuity_from_tochno_2021_dadata_raw_parquet_point,reviewed_extension_rule_accepted,2021:data_allsettlements_anon_156_v20251217.parquet:parquet:97323,2010:016_802d308e41_8._20Or_Penz_Perm_Samar_Saratov_Uly_2010.xls:!!!:5023,Бадья,деревня,пермский,38.0,60.48,53.403333,/workspace/settlements-raw/data/raw/historical_geography/geokladr_okato_2011/okato.dbf,d1c8b983f2489724a940bd2a64dedda73b602f6c491d5c09391deaf362fe2650,raw_dbf_record_number_1based=90606;byte_offset_0based=35789680,geokladr_2011_raw_dbf_coordinate,reviewed_extension_rule_accepted,GeoKLADR2011:OKATO:57125926057,2021:data_allsettlements_anon_156_v20251217.parquet:parquet:97323,Бадья,деревня,пермский,38.0,59.3977358,54.2586049,/workspace/settlements-raw/data/interim/2021_tochno/data_allsettlements_anon_156_v20251217.parquet,86c197cd522e0b63669e9c6e7f43fd3d82b3704c6a126c800a9968ecd16cae14,"parquet_row_1based=97323;latitude_dadata,longitude_dadata",tochno_2021_dadata_raw_parquet_point,reviewed_rule_accepted,2021:data_allsettlements_anon_156_v20251217.parquet:parquet:97323,129.42590223185707,0.0,129.42590223185707,129.42590223185707,distance_km_2002_2010,289
2002:023_38d853be37_02c_Kaliningrad.xls:Sheet1:833,2002:023_38d853be37_02c_Kaliningrad.xls:Sheet1:833,Минское,посёлок,калининградская,11.0,54.3950572,21.9987017,/workspace/settlements-raw/data/interim/2021_tochno/data_allsettlements_anon_156_v20251217.parquet,86c197cd522e0b63669e9c6e7f43fd3d82b3704c6a126c800a9968ecd16cae14,"carrier_target_source_record_id=2021:data_allsettlements_anon_156_v20251217.parquet:parquet:26281;parquet_row_1based=26281;latitude_dadata,longitude_dadata",retrospective_continuity_from_tochno_2021_dadata_raw_parquet_point,reviewed_extension_rule_accepted,2021:data_allsettlements_anon_156_v20251217.parquet:parquet:26281,KAL2010:TOM1:S4:R0810,минское,посёлок,калининградская,8.0,54.911389,20.195833,/workspace/settlements-raw/data/raw/historical_geography/geokladr_okato_2011/okato.dbf,d1c8b983f2489724a940bd2a64dedda73b602f6c491d5c09391deaf362fe2650,raw_dbf_record_number_1based=39290;byte_offset_0based=15519860,geokladr_2011_raw_dbf_coordinate,reviewed_extension_rule_accepted,GeoKLADR2011:OKATO:27227807011,2021:data_allsettlements_anon_156_v20251217.parquet:parquet:26281,Минское,посёлок,калининградская,11.0,54.3950572,21.9987017,/workspace/settlements-raw/data/interim/2021_tochno/data_allsettlements_anon_156_v20251217.parquet,86c197cd522e0b63669e9c6e7f43fd3d82b3704c6a126c800a9968ecd16cae14,"parquet_row_1based=26281;latitude_dadata,longitude_dadata",tochno_2021_dadata_raw_parquet_point,reviewed_rule_accepted,2021:data_allsettlements_anon_156_v20251217.parquet:parquet:26281,129.40458139031023,0.0,129.40458139031023,129.40458139031023,distance_km_2002_2010,290
2002:051_46e3ecb0a0_02c_Permskaja_obl.xls:Sheet1:2593,2002:051_46e3ecb0a0_02c_Permskaja_obl.xls:Sheet1:2593,Саламаты,деревня,пермский,8.0,57.0452171,56.9477053,/workspace/settlements-raw/data/interim/2021_tochno/data_allsettlements_anon_156_v20251217.parquet,86c197cd522e0b63669e9c6e7f43fd3d82b3704c6a126c800a9968ecd16cae14,"carrier_target_source_record_id=2021:data_allsettlements_anon_156_v20251217.parquet:parquet:97064;parquet_row_1based=97064;latitude_dadata,longitude_dadata",retrospective_continuity_from_tochno_2021_dadata_raw_parquet_point,reviewed_extension_rule_accepted,2021:data_allsettlements_anon_156_v20251217.parquet:parquet:97064,2010:016_802d308e41_8._20Or_Penz_Perm_Samar_Saratov_Uly_2010.xls:!!!:6718,Саламаты,деревня,пермский,3.0,57.393439,54.903076,/workspace/settlements-raw/data/raw/historical_geography/geokladr_okato_2011/okato.dbf,d1c8b983f2489724a940bd2a64dedda73b602f6c491d5c09391deaf362fe2650,raw_dbf_record_number_1based=92290;byte_offset_0based=36454860,geokladr_2011_raw_dbf_coordinate,reviewed_extension_rule_accepted,GeoKLADR2011:OKATO:57238834008,2021:data_allsettlements_anon_156_v20251217.parquet:parquet:97064,Саламаты,деревня,пермский,3.0,57.0452171,56.9477053,/workspace/settlements-raw/data/interim/2021_tochno/data_allsettlements_anon_156_v20251217.parquet,86c197cd522e0b63669e9c6e7f43fd3d82b3704c6a126c800a9968ecd16cae14,"parquet_row_1based=97064;latitude_dadata,longitude_dadata",tochno_2021_dadata_raw_parquet_point,reviewed_rule_accepted,2021:data_allsettlements_anon_156_v20251217.parquet:parquet:97064,129.0348126627165,0.0,129.0348126627165,129.0348126627165,distance_km_2002_2010,291
2002:007_acff9aa32d_02c_Kostromskaja.xls:Sheet1:1105,2002:007_acff9aa32d_02c_Kostromskaja.xls:Sheet1:1105,Николаевское,деревня,костромская,25.0,59.074572,43.04701,/workspace/settlements-raw/data/raw/historical_geography/geokladr_okato_2011/okato.dbf,d1c8b983f2489724a940bd2a64dedda73b602f6c491d5c09391deaf362fe2650,raw_dbf_record_number_1based=58540;byte_offset_0based=23123610,geokladr_2011_raw_dbf_coordinate,reviewed_extension_rule_accepted,GeoKLADR2011:OKATO:34210808008,2010:010_711691e352_2._20Kostrom_Kur_Lip_Moscow_MoscObl_Orlov_2010.xls:Data Sheet:942,Николаевское,деревня,костромская,12.0,59.074572,43.04701,/workspace/settlements-raw/data/raw/historical_geography/geokladr_okato_2011/okato.dbf,d1c8b983f2489724a940bd2a64dedda73b602f6c491d5c09391deaf362fe2650,raw_dbf_record_number_1based=58540;byte_offset_0based=23123610,geokladr_2011_raw_dbf_coordinate,reviewed_extension_rule_accepted,GeoKLADR2011:OKATO:34210808008,2021:data_allsettlements_anon_156_v20251217.parquet:parquet:42462,Николаевское,деревня,костромская,9.0,57.918377,43.213681,/workspace/settlements-raw/data/raw/wikidata_truthy_claims/batch_0039.jsonl.gz,29e999ddaaf622ad0ea99c7804349d7a27ecd5b19592c5f8a8d4e04506496b12,"{""line_number"": 7764, ""locator"": ""batch_0039.jsonl.gz#line=7764"", ""retrieved_at_utc"": ""2026-08-31T20:57:53.818358+00:00"", ""source_file"": ""batch_0039.jsonl.gz"", ""value_raw"": ""POINT(43.213681 57.918377)""}",wikidata_P625_point_claim,reviewed_extension_rule_accepted,Q18792485,0.0,128.92732432223738,128.92732432223738,128.92732432223738,distance_km_2002_2021,292
2002:052_4be37f273b_02c_Komi_perm_AO.xls:Sheet1:312,2002:052_4be37f273b_02c_Komi_perm_AO.xls:Sheet1:312,Логинова,деревня,пермский,24.0,58.8183812,54.7238891,/workspace/settlements-raw/data/interim/2021_tochno/data_allsettlements_anon_156_v20251217.parquet,86c197cd522e0b63669e9c6e7f43fd3d82b3704c6a126c800a9968ecd16cae14,"carrier_target_source_record_id=2021:data_allsettlements_anon_156_v20251217.parquet:parquet:96568;parquet_row_1based=96568;latitude_dadata,longitude_dadata",retrospective_continuity_from_tochno_2021_dadata_raw_parquet_point,reviewed_extension_rule_accepted,2021:data_allsettlements_anon_156_v20251217.parquet:parquet:96568,2010:016_802d308e41_8._20Or_Penz_Perm_Samar_Saratov_Uly_2010.xls:!!!:4739,Логинова,деревня,пермский,14.0,59.899942,55.537835,/workspace/settlements-raw/data/raw/historical_geography/geokladr_okato_2011/okato.dbf,d1c8b983f2489724a940bd2a64dedda73b602f6c491d5c09391deaf362fe2650,raw_dbf_record_number_1based=90301;byte_offset_0based=35669205,geokladr_2011_raw_dbf_coordinate,reviewed_extension_rule_accepted,GeoKLADR2011:OKATO:57121908017,2021:data_allsettlements_anon_156_v20251217.parquet:parquet:96568,Логинова,деревня,пермский,3.0,58.8183812,54.7238891,/workspace/settlements-raw/data/interim/2021_tochno/data_allsettlements_anon_156_v20251217.parquet,86c197cd522e0b63669e9c6e7f43fd3d82b3704c6a126c800a9968ecd16cae14,"parquet_row_1based=96568;latitude_dadata,longitude_dadata",tochno_2021_dadata_raw_parquet_point,reviewed_rule_accepted,2021:data_allsettlements_anon_156_v20251217.parquet:parquet:96568,128.80441537386383,0.0,128.80441537386383,128.80441537386383,distance_km_2002_2010,293
2002:023_38d853be37_02c_Kaliningrad.xls:Sheet1:444,2002:023_38d853be37_02c_Kaliningrad.xls:Sheet1:444,Коврово,посёлок,калининградская,622.0,54.9130314,20.4004276,/workspace/settlements-raw/data/interim/2021_tochno/data_allsettlements_anon_156_v20251217.parquet,86c197cd522e0b63669e9c6e7f43fd3d82b3704c6a126c800a9968ecd16cae14,"carrier_target_source_record_id=2021:data_allsettlements_anon_156_v20251217.parquet:parquet:25988;parquet_row_1based=25988;latitude_dadata,longitude_dadata",retrospective_continuity_from_tochno_2021_dadata_raw_parquet_point,reviewed_extension_rule_accepted,2021:data_allsettlements_anon_156_v20251217.parquet:parquet:25988,KAL2010:TOM1:S4:R0454,коврово,посёлок,калининградская,657.0,54.56601,22.311393,/workspace/settlements-raw/data/raw/historical_geography/geokladr_okato_2011/okato.dbf,d1c8b983f2489724a940bd2a64dedda73b602f6c491d5c09391deaf362fe2650,raw_dbf_record_number_1based=38984;byte_offset_0based=15398990,geokladr_2011_raw_dbf_coordinate,reviewed_extension_rule_accepted,GeoKLADR2011:OKATO:27215802001,2021:data_allsettlements_anon_156_v20251217.parquet:parquet:25988,Коврово,посёлок,калининградская,1017.0,54.9130314,20.4004276,/workspace/settlements-raw/data/interim/2021_tochno/data_allsettlements_anon_156_v20251217.parquet,86c197cd522e0b63669e9c6e7f43fd3d82b3704c6a126c800a9968ecd16cae14,"parquet_row_1based=25988;latitude_dadata,longitude_dadata",tochno_2021_dadata_raw_parquet_point,reviewed_rule_accepted,2021:data_allsettlements_anon_156_v20251217.parquet:parquet:25988,128.5902971491097,0.0,128.5902971491097,128.5902971491097,distance_km_2002_2010,294
2002:015_90ef69f659_02c_Tver_obl.xls:!!!:5315,2002:015_90ef69f659_02c_Tver_obl.xls:!!!:5315,Крутое,деревня,тверская,15.0,57.5469723,35.7516593,/workspace/settlements-raw/data/interim/2021_tochno/data_allsettlements_anon_156_v20251217.parquet,86c197cd522e0b63669e9c6e7f43fd3d82b3704c6a126c800a9968ecd16cae14,"carrier_target_source_record_id=2021:data_allsettlements_anon_156_v20251217.parquet:parquet:134766;parquet_row_1based=134766;latitude_dadata,longitude_dadata",retrospective_continuity_from_tochno_2021_dadata_raw_parquet_point,reviewed_extension_rule_accepted,2021:data_allsettlements_anon_156_v20251217.parquet:parquet:134766,2010:019_a193ec7827_Tver_L1_ethn_np_2010.xls:Data Sheet:5043,Крутое,деревня,тверская,6.0,57.134066,33.756789,/workspace/settlements-raw/data/raw/historical_geography/geokladr_okato_2011/okato.dbf,d1c8b983f2489724a940bd2a64dedda73b602f6c491d5c09391deaf362fe2650,raw_dbf_record_number_1based=44655;byte_offset_0based=17639035,geokladr_2011_raw_dbf_coordinate,reviewed_extension_rule_accepted,GeoKLADR2011:OKATO:28238840032,2021:data_allsettlements_anon_156_v20251217.parquet:parquet:134766,Крутое,деревня,тверская,7.0,57.5469723,35.7516593,/workspace/settlements-raw/data/interim/2021_tochno/data_allsettlements_anon_156_v20251217.parquet,86c197cd522e0b63669e9c6e7f43fd3d82b3704c6a126c800a9968ecd16cae14,"parquet_row_1based=134766;latitude_dadata,longitude_dadata",tochno_2021_dadata_raw_parquet_point,reviewed_rule_accepted,2021:data_allsettlements_anon_156_v20251217.parquet:parquet:134766,128.20105459412434,0.0,128.20105459412434,128.20105459412434,distance_km_2002_2010,295
2002:080_f2f9e3cb11_Xabarov.xls:Sheet1:275,2002:080_f2f9e3cb11_Xabarov.xls:Sheet1:275,Снежный,посёлок,хабаровский,2071.0,50.884167,136.425,/workspace/settlements-raw/data/raw/historical_geography/geokladr_okato_2011/okato.dbf,d1c8b983f2489724a940bd2a64dedda73b602f6c491d5c09391deaf362fe2650,raw_dbf_record_number_1based=6636;byte_offset_0based=2621530,geokladr_2011_raw_dbf_coordinate,reviewed_extension_rule_accepted,GeoKLADR2011:OKATO:08220000007,2010:009_81f8a0e73c_17._20ДВ_ФО_2010.xls:ДВ:837,Снежный,посёлок,хабаровский,1898.0,50.884167,136.425,/workspace/settlements-raw/data/raw/historical_geography/geokladr_okato_2011/okato.dbf,d1c8b983f2489724a940bd2a64dedda73b602f6c491d5c09391deaf362fe2650,raw_dbf_record_number_1based=6636;byte_offset_0based=2621530,geokladr_2011_raw_dbf_coordinate,reviewed_extension_rule_accepted,GeoKLADR2011:OKATO:08220000007,2021:data_allsettlements_anon_156_v20251217.parquet:parquet:159053,Снежный,посёлок,хабаровский,1578.0,50.26697,137.94512,/workspace/settlements-raw/data/raw/coordinate_candidates/geonames_RU_20260907.zip,9bf299daaff13de75ddbf610e113469aae80537d66a7de3437967576c6509ff4,RU.txt:line=212200;geonameid=2046790,geonames_ru_txt_named_place_point,reviewed_extension_rule_accepted,GeoNames:geonameid:2046790,0.0,127.40377930576783,127.40377930576783,127.40377930576783,distance_km_2002_2021,296
2002:066_76aa869929_Altai_krai1.xls:Sheet1:274,2002:066_76aa869929_Altai_krai1.xls:Sheet1:274,Суворовка,село,алтайский,597.0,52.8004591,80.125069,/workspace/settlements-raw/data/interim/2021_tochno/data_allsettlements_anon_156_v20251217.parquet,86c197cd522e0b63669e9c6e7f43fd3d82b3704c6a126c800a9968ecd16cae14,"carrier_target_source_record_id=2021:data_allsettlements_anon_156_v20251217.parquet:parquet:39088;parquet_row_1based=39088;latitude_dadata,longitude_dadata",retrospective_continuity_from_tochno_2021_dadata_raw_parquet_point,reviewed_extension_rule_accepted,2021:data_allsettlements_anon_156_v20251217.parquet:parquet:39088,2010:008_342f3c208b_16._20Сиб_ФО_2010.xls:Sib:149,Суворовка,село,алтайский,555.0,51.916667,81.316667,/workspace/settlements-raw/data/raw/historical_geography/geokladr_okato_2011/okato.dbf,d1c8b983f2489724a940bd2a64dedda73b602f6c491d5c09391deaf362fe2650,raw_dbf_record_number_1based=143;byte_offset_0based=56795,geokladr_2011_raw_dbf_coordinate,reviewed_extension_rule_accepted,GeoKLADR2011:OKATO:01205861001,2021:data_allsettlements_anon_156_v20251217.parquet:parquet:39088,Суворовка,село,алтайский,501.0,52.8004591,80.125069,/workspace/settlements-raw/data/interim/2021_tochno/data_allsettlements_anon_156_v20251217.parquet,86c197cd522e0b63669e9c6e7f43fd3d82b3704c6a126c800a9968ecd16cae14,"parquet_row_1based=39088;latitude_dadata,longitude_dadata",tochno_2021_dadata_raw_parquet_point,reviewed_rule_accepted,2021:data_allsettlements_anon_156_v20251217.parquet:parquet:39088,127.29794711541969,0.0,127.29794711541969,127.29794711541969,distance_km_2002_2010,297
2002:1_TOM_01_04.xls:0:6089,2002:1_TOM_01_04.xls:0:6089,Фаленки,пгт,кировская,5990.0,58.6765,53.684262,/workspace/settlements-raw/data/raw/historical_geography/geokladr_okato_2011/okato.dbf,d1c8b983f2489724a940bd2a64dedda73b602f6c491d5c09391deaf362fe2650,DBF_record_1based=56850;DBF_byte_offset_0based=22456060;OKATO2011_raw=33243551000,raw_named_typed_geo2011_object,reviewed_extension_rule_accepted,,ROSSTAT2010:T5:p129:l40,Фаленки,пгт,кировская,5256.0,58.3587758,51.5922224,/workspace/settlements-raw/data/interim/2021_tochno/data_allsettlements_anon_156_v20251217.parquet,86c197cd522e0b63669e9c6e7f43fd3d82b3704c6a126c800a9968ecd16cae14,"carrier_target_source_record_id=2021:data_allsettlements_anon_156_v20251217.parquet:parquet:33744;parquet_row_1based=33744;latitude_dadata,longitude_dadata",retrospective_continuity_from_tochno_2021_dadata_raw_parquet_point,reviewed_extension_rule_accepted,2021:data_allsettlements_anon_156_v20251217.parquet:parquet:33744,2021:data_allsettlements_anon_156_v20251217.parquet:parquet:33744,Фаленки,пгт,кировская,4261.0,58.3587758,51.5922224,/workspace/settlements-raw/data/interim/2021_tochno/data_allsettlements_anon_156_v20251217.parquet,86c197cd522e0b63669e9c6e7f43fd3d82b3704c6a126c800a9968ecd16cae14,"parquet_row_1based=33744;latitude_dadata,longitude_dadata",tochno_2021_dadata_raw_parquet_point,reviewed_rule_accepted,2021:data_allsettlements_anon_156_v20251217.parquet:parquet:33744,126.51171690396575,126.51171690396575,0.0,126.51171690396575,distance_km_2002_2010,298
2002:1_TOM_01_04.xls:0:3099,2002:1_TOM_01_04.xls:0:3099,Пролетарий,пгт,новгородская,5362.0,57.3004,31.5469,/workspace/settlements-raw/data/raw/historical_geography/geokladr_okato_2011/okato.dbf,d1c8b983f2489724a940bd2a64dedda73b602f6c491d5c09391deaf362fe2650,DBF_record_1based=79169;DBF_byte_offset_0based=31272065;OKATO2011_raw=49225554000,raw_named_typed_geo2011_object,reviewed_extension_rule_accepted,,ROSSTAT2010:T5:p69:l36,Пролетарий,пгт,новгородская,5145.0,58.433333,31.7,/workspace/settlements-raw/data/raw/wikidata_truthy_claims/batch_0105.jsonl.gz,ad1189aa1f6cc0e5140f75eaf4e77ce2d405a797fdcd1d8fa34dd2f9e026895a,"{""line_number"": 10219, ""locator"": ""batch_0105.jsonl.gz#line=10219"", ""retrieved_at_utc"": ""2026-08-31T20:59:16.841828+00:00"", ""source_file"": ""batch_0105.jsonl.gz"", ""value_raw"": ""POINT(31.700000 58.433333)""}",wikidata_P625_point_claim,reviewed_extension_rule_accepted,2021:data_allsettlements_anon_156_v20251217.parquet:parquet:78808,2021:data_allsettlements_anon_156_v20251217.parquet:parquet:78808,Пролетарий,пгт,новгородская,4630.0,58.433333,31.7,/workspace/settlements-raw/data/raw/wikidata_truthy_claims/batch_0105.jsonl.gz,ad1189aa1f6cc0e5140f75eaf4e77ce2d405a797fdcd1d8fa34dd2f9e026895a,"{""line_number"": 10219, ""locator"": ""batch_0105.jsonl.gz#line=10219"", ""retrieved_at_utc"": ""2026-08-31T20:59:16.841828+00:00"", ""source_file"": ""batch_0105.jsonl.gz"", ""value_raw"": ""POINT(31.700000 58.433333)""}",wikidata_P625_point_claim,reviewed_extension_rule_accepted,Q3372826,126.30148433632132,126.30148433632132,0.0,126.30148433632132,distance_km_2002_2010,299
2002:017_6374fdddeb_02c_Yaroslavskaja.xls:Sheet1:2371,2002:017_6374fdddeb_02c_Yaroslavskaja.xls:Sheet1:2371,Каменки,деревня,ярославская,10.0,57.8790701,37.8042552,/workspace/settlements-raw/data/interim/2021_tochno/data_allsettlements_anon_156_v20251217.parquet,86c197cd522e0b63669e9c6e7f43fd3d82b3704c6a126c800a9968ecd16cae14,"carrier_target_source_record_id=2021:data_allsettlements_anon_156_v20251217.parquet:parquet:169424;parquet_row_1based=169424;latitude_dadata,longitude_dadata",retrospective_continuity_from_tochno_2021_dadata_raw_parquet_point,reviewed_extension_rule_accepted,2021:data_allsettlements_anon_156_v20251217.parquet:parquet:169424,2010:011_040325482b_3._20Ryaz_Smol_Tambov_Tula_Jaroslavl_20L1_20ethn_2010.xls:Data Sheet:15035,Каменки,деревня,ярославская,9.0,57.769472,39.92423,/workspace/settlements-raw/data/raw/historical_geography/geokladr_okato_2011/okato.dbf,d1c8b983f2489724a940bd2a64dedda73b602f6c491d5c09391deaf362fe2650,raw_dbf_record_number_1based=127862;byte_offset_0based=50505800,geokladr_2011_raw_dbf_coordinate,reviewed_extension_rule_accepted,GeoKLADR2011:OKATO:78223825011,2021:data_allsettlements_anon_156_v20251217.parquet:parquet:169424,Каменки,деревня,ярославская,2.0,57.8790701,37.8042552,/workspace/settlements-raw/data/interim/2021_tochno/data_allsettlements_anon_156_v20251217.parquet,86c197cd522e0b63669e9c6e7f43fd3d82b3704c6a126c800a9968ecd16cae14,"parquet_row_1based=169424;latitude_dadata,longitude_dadata",tochno_2021_dadata_raw_parquet_point,reviewed_rule_accepted,2021:data_allsettlements_anon_156_v20251217.parquet:parquet:169424,126.11572384390524,0.0,126.11572384390524,126.11572384390524,distance_km_2002_2010,300
2002:047_9960082a3e_02c_Kirovskaja_new.xls:Sheet1:218,2002:047_9960082a3e_02c_Kirovskaja_new.xls:Sheet1:218,Багаи,деревня,кировская,1.0,57.7628562,48.3665813,/workspace/settlements-raw/data/interim/2021_tochno/data_allsettlements_anon_156_v20251217.parquet,86c197cd522e0b63669e9c6e7f43fd3d82b3704c6a126c800a9968ecd16cae14,"carrier_target_source_record_id=2021:data_allsettlements_anon_156_v20251217.parquet:parquet:33334;parquet_row_1based=33334;latitude_dadata,longitude_dadata",retrospective_continuity_from_tochno_2021_dadata_raw_parquet_point,reviewed_extension_rule_accepted,2021:data_allsettlements_anon_156_v20251217.parquet:parquet:33334,2010:014_5ca759eea0_5._20Nizheg_Kirov_202010.xls:Data Sheet:4915,Багаи,деревня,кировская,0.0,58.5053,46.7477,/workspace/settlements-raw/data/raw/historical_geography/geokladr_okato_2011/okato.dbf,d1c8b983f2489724a940bd2a64dedda73b602f6c491d5c09391deaf362fe2650,raw_dbf_record_number_1based=53526;byte_offset_0based=21143080,geokladr_2011_raw_dbf_coordinate,reviewed_extension_rule_accepted,GeoKLADR2011:OKATO:33202840002,2021:data_allsettlements_anon_156_v20251217.parquet:parquet:33334,Багаи,деревня,кировская,0.0,57.7628562,48.3665813,/workspace/settlements-raw/data/interim/2021_tochno/data_allsettlements_anon_156_v20251217.parquet,86c197cd522e0b63669e9c6e7f43fd3d82b3704c6a126c800a9968ecd16cae14,"parquet_row_1based=33334;latitude_dadata,longitude_dadata",tochno_2021_dadata_raw_parquet_point,reviewed_rule_accepted,2021:data_allsettlements_anon_156_v20251217.parquet:parquet:33334,125.8787330298081,0.0,125.8787330298081,125.8787330298081,distance_km_2002_2010,301
2002:010_3e630cc803_02c_Moskovskaya-oblast.xls:Sheet1:5535,2002:010_3e630cc803_02c_Moskovskaya-oblast.xls:Sheet1:5535,Родионовка,деревня,московская,68.0,55.465075,35.607584,/workspace/settlements-raw/data/raw/historical_geography/geokladr_okato_2011/okato.dbf,d1c8b983f2489724a940bd2a64dedda73b602f6c491d5c09391deaf362fe2650,raw_dbf_record_number_1based=75856;byte_offset_0based=29963430,geokladr_2011_raw_dbf_coordinate,reviewed_extension_rule_accepted,GeoKLADR2011:OKATO:46251810009,2010:010_711691e352_2._20Kostrom_Kur_Lip_Moscow_MoscObl_Orlov_2010.xls:Data Sheet:13006,Родионовка,деревня,московская,75.0,55.465075,35.607584,/workspace/settlements-raw/data/raw/historical_geography/geokladr_okato_2011/okato.dbf,d1c8b983f2489724a940bd2a64dedda73b602f6c491d5c09391deaf362fe2650,raw_dbf_record_number_1based=75856;byte_offset_0based=29963430,geokladr_2011_raw_dbf_coordinate,reviewed_extension_rule_accepted,GeoKLADR2011:OKATO:46251810009,2021:data_allsettlements_anon_156_v20251217.parquet:parquet:69900,Родионовка,деревня,московская,186.0,55.026107,37.426905,/workspace/settlements-raw/data/interim/2021_tochno/data_allsettlements_anon_156_v20251217.parquet,86c197cd522e0b63669e9c6e7f43fd3d82b3704c6a126c800a9968ecd16cae14,"parquet_row_1based=69900;latitude_dadata,longitude_dadata",tochno_2021_dadata_raw_parquet_point,reviewed_rule_accepted,2021:data_allsettlements_anon_156_v20251217.parquet:parquet:69900,0.0,125.22245283110426,125.22245283110426,125.22245283110426,distance_km_2002_2021,302
2002:043_56b84811fa_02c_mordovia.xls:!!:651,2002:043_56b84811fa_02c_mordovia.xls:!!:651,Казеевка,посёлок,мордовия,58.0,53.816015,44.399896,/workspace/settlements-raw/data/raw/historical_geography/geokladr_okato_2011/okato.dbf,d1c8b983f2489724a940bd2a64dedda73b602f6c491d5c09391deaf362fe2650,raw_dbf_record_number_1based=142607;byte_offset_0based=56330075,geokladr_2011_raw_dbf_coordinate,reviewed_extension_rule_accepted,GeoKLADR2011:OKATO:89221840003,2010:017_68e0e4537e_9._20Basq_Mari_Mord_Tatar_Udm_Chuv_2010.xls:!!!:6570,Казеевка,посёлок,мордовия,56.0,53.816015,44.399896,/workspace/settlements-raw/data/raw/historical_geography/geokladr_okato_2011/okato.dbf,d1c8b983f2489724a940bd2a64dedda73b602f6c491d5c09391deaf362fe2650,raw_dbf_record_number_1based=142607;byte_offset_0based=56330075,geokladr_2011_raw_dbf_coordinate,reviewed_extension_rule_accepted,GeoKLADR2011:OKATO:89221840003,2021:data_allsettlements_anon_156_v20251217.parquet:parquet:63650,Казеевка,посёлок,мордовия,28.0,54.2012854,42.6060765,/workspace/settlements-raw/data/interim/2021_tochno/data_allsettlements_anon_156_v20251217.parquet,86c197cd522e0b63669e9c6e7f43fd3d82b3704c6a126c800a9968ecd16cae14,"parquet_row_1based=63650;latitude_dadata,longitude_dadata",tochno_2021_dadata_raw_parquet_point,reviewed_rule_accepted,2021:data_allsettlements_anon_156_v20251217.parquet:parquet:63650,0.0,124.79647343115299,124.79647343115299,124.79647343115299,distance_km_2002_2021,303
2002:015_90ef69f659_02c_Tver_obl.xls:!!!:6282,2002:015_90ef69f659_02c_Tver_obl.xls:!!!:6282,Рогалево,деревня,тверская,9.0,56.2331606,33.2640862,/workspace/settlements-raw/data/interim/2021_tochno/data_allsettlements_anon_156_v20251217.parquet,86c197cd522e0b63669e9c6e7f43fd3d82b3704c6a126c800a9968ecd16cae14,"carrier_target_source_record_id=2021:data_allsettlements_anon_156_v20251217.parquet:parquet:135350;parquet_row_1based=135350;latitude_dadata,longitude_dadata",retrospective_continuity_from_tochno_2021_dadata_raw_parquet_point,reviewed_extension_rule_accepted,2021:data_allsettlements_anon_156_v20251217.parquet:parquet:135350,2010:019_a193ec7827_Tver_L1_ethn_np_2010.xls:Data Sheet:5989,Рогалево,деревня,тверская,10.0,57.0683,31.9034,/workspace/settlements-raw/data/raw/historical_geography/geokladr_okato_2011/okato.dbf,d1c8b983f2489724a940bd2a64dedda73b602f6c491d5c09391deaf362fe2650,raw_dbf_record_number_1based=45601;byte_offset_0based=18012705,geokladr_2011_raw_dbf_coordinate,reviewed_extension_rule_accepted,GeoKLADR2011:OKATO:28244828051,2021:data_allsettlements_anon_156_v20251217.parquet:parquet:135350,Рогалево,деревня,тверская,9.0,56.2331606,33.2640862,/workspace/settlements-raw/data/interim/2021_tochno/data_allsettlements_anon_156_v20251217.parquet,86c197cd522e0b63669e9c6e7f43fd3d82b3704c6a126c800a9968ecd16cae14,"parquet_row_1based=135350;latitude_dadata,longitude_dadata",tochno_2021_dadata_raw_parquet_point,reviewed_rule_accepted,2021:data_allsettlements_anon_156_v20251217.parquet:parquet:135350,124.66267972430344,0.0,124.66267972430344,124.66267972430344,distance_km_2002_2010,304
2002:045_9dc3ed048e_02c__Udmurtia.xls:Sheet1:731,2002:045_9dc3ed048e_02c__Udmurtia.xls:Sheet1:731,Русский Тыловай,деревня,удмуртская,0.0,57.126602,52.720394,/workspace/settlements-raw/data/raw/historical_geography/geokladr_okato_2011/okato.dbf,d1c8b983f2489724a940bd2a64dedda73b602f6c491d5c09391deaf362fe2650,raw_dbf_record_number_1based=147455;byte_offset_0based=58245035,geokladr_2011_raw_dbf_coordinate,reviewed_extension_rule_accepted,GeoKLADR2011:OKATO:94212844008,2010:017_68e0e4537e_9._20Basq_Mari_Mord_Tatar_Udm_Chuv_2010.xls:!!!:11087,Русский Тыловай,деревня,удмуртская,0.0,57.126602,52.720394,/workspace/settlements-raw/data/raw/historical_geography/geokladr_okato_2011/okato.dbf,d1c8b983f2489724a940bd2a64dedda73b602f6c491d5c09391deaf362fe2650,raw_dbf_record_number_1based=147455;byte_offset_0based=58245035,geokladr_2011_raw_dbf_coordinate,reviewed_extension_rule_accepted,GeoKLADR2011:OKATO:94212844008,2021:data_allsettlements_anon_156_v20251217.parquet:parquet:155912,Русский Тыловай,деревня,удмуртская,7.0,56.05288,52.14151,/workspace/settlements-raw/data/raw/coordinate_candidates/geonames_RU_20260907.zip,9bf299daaff13de75ddbf610e113469aae80537d66a7de3437967576c6509ff4,RU.txt:line=19486;geonameid=479961,geonames_ru_txt_named_place_point,reviewed_extension_rule_accepted,GeoNames:geonameid:479961,0.0,124.54132278316065,124.54132278316065,124.54132278316065,distance_km_2002_2021,305
2002:015_90ef69f659_02c_Tver_obl.xls:!!!:6552,2002:015_90ef69f659_02c_Tver_obl.xls:!!!:6552,Крапивня,деревня,тверская,29.0,55.977767,33.079583,/workspace/settlements-raw/data/raw/historical_geography/geokladr_okato_2011/okato.dbf,d1c8b983f2489724a940bd2a64dedda73b602f6c491d5c09391deaf362fe2650,raw_dbf_record_number_1based=45685;byte_offset_0based=18045885,geokladr_2011_raw_dbf_coordinate,reviewed_extension_rule_accepted,GeoKLADR2011:OKATO:28245816006,2010:019_a193ec7827_Tver_L1_ethn_np_2010.xls:Data Sheet:6078,Крапивня,деревня,тверская,16.0,55.977767,33.079583,/workspace/settlements-raw/data/raw/historical_geography/geokladr_okato_2011/okato.dbf,d1c8b983f2489724a940bd2a64dedda73b602f6c491d5c09391deaf362fe2650,raw_dbf_record_number_1based=45685;byte_offset_0based=18045885,geokladr_2011_raw_dbf_coordinate,reviewed_extension_rule_accepted,GeoKLADR2011:OKATO:28245816006,2021:data_allsettlements_anon_156_v20251217.parquet:parquet:142609,Крапивня,деревня,тверская,5.0,57.07644,33.40236,/workspace/settlements-raw/data/raw/coordinate_candidates/geonames_RU_20260907.zip,9bf299daaff13de75ddbf610e113469aae80537d66a7de3437967576c6509ff4,RU.txt:line=82105;geonameid=542922,geonames_ru_txt_named_place_point,reviewed_extension_rule_accepted,GeoNames:geonameid:542922,0.0,123.76005668406337,123.76005668406337,123.76005668406337,distance_km_2002_2021,306
2002:051_46e3ecb0a0_02c_Permskaja_obl.xls:Sheet1:3261,2002:051_46e3ecb0a0_02c_Permskaja_obl.xls:Sheet1:3261,Ефимово,деревня,пермский,12.0,58.3710682,54.0109586,/workspace/settlements-raw/data/interim/2021_tochno/data_allsettlements_anon_156_v20251217.parquet,86c197cd522e0b63669e9c6e7f43fd3d82b3704c6a126c800a9968ecd16cae14,"carrier_target_source_record_id=2021:data_allsettlements_anon_156_v20251217.parquet:parquet:97122;parquet_row_1based=97122;latitude_dadata,longitude_dadata",retrospective_continuity_from_tochno_2021_dadata_raw_parquet_point,reviewed_extension_rule_accepted,2021:data_allsettlements_anon_156_v20251217.parquet:parquet:97122,2010:016_802d308e41_8._20Or_Penz_Perm_Samar_Saratov_Uly_2010.xls:!!!:7253,Ефимово,деревня,пермский,6.0,58.157735,56.08108,/workspace/settlements-raw/data/raw/historical_geography/geokladr_okato_2011/okato.dbf,d1c8b983f2489724a940bd2a64dedda73b602f6c491d5c09391deaf362fe2650,raw_dbf_record_number_1based=92831;byte_offset_0based=36668555,geokladr_2011_raw_dbf_coordinate,reviewed_extension_rule_accepted,GeoKLADR2011:OKATO:57248831010,2021:data_allsettlements_anon_156_v20251217.parquet:parquet:97122,Ефимово,деревня,пермский,10.0,58.3710682,54.0109586,/workspace/settlements-raw/data/interim/2021_tochno/data_allsettlements_anon_156_v20251217.parquet,86c197cd522e0b63669e9c6e7f43fd3d82b3704c6a126c800a9968ecd16cae14,"parquet_row_1based=97122;latitude_dadata,longitude_dadata",tochno_2021_dadata_raw_parquet_point,reviewed_rule_accepted,2021:data_allsettlements_anon_156_v20251217.parquet:parquet:97122,123.3751606912952,0.0,123.3751606912952,123.3751606912952,distance_km_2002_2010,307
2002:010_3e630cc803_02c_Moskovskaya-oblast.xls:Sheet1:2451,2002:010_3e630cc803_02c_Moskovskaya-oblast.xls:Sheet1:2451,Андреевка,деревня,московская,407.0,55.979693,37.141053,/workspace/settlements-raw/data/raw/historical_geography/geokladr_okato_2011/okato.dbf,d1c8b983f2489724a940bd2a64dedda73b602f6c491d5c09391deaf362fe2650,DBF_record_1based=73156;DBF_byte_offset_0based=28896930;OKATO2011_raw=46222819003,raw_named_typed_2011_rural_geo_object,reviewed_extension_rule_accepted,GEOKLADR2011:46222819003,2010:010_711691e352_2._20Kostrom_Kur_Lip_Moscow_MoscObl_Orlov_2010.xls:Data Sheet:10255,Андреевка,деревня,московская,395.0,55.2242358,38.5669665,/workspace/settlements-raw/data/interim/2021_tochno/data_allsettlements_anon_156_v20251217.parquet,86c197cd522e0b63669e9c6e7f43fd3d82b3704c6a126c800a9968ecd16cae14,"parquet_row_1based=67418;latitude_dadata,longitude_dadata",tochno_2021_dadata_raw_parquet_point,reviewed_extension_rule_accepted,2021:data_allsettlements_anon_156_v20251217.parquet:parquet:67418,2021:data_allsettlements_anon_156_v20251217.parquet:parquet:67418,Андреевка,деревня,московская,458.0,55.2242358,38.5669665,/workspace/settlements-raw/data/interim/2021_tochno/data_allsettlements_anon_156_v20251217.parquet,86c197cd522e0b63669e9c6e7f43fd3d82b3704c6a126c800a9968ecd16cae14,"parquet_row_1based=67418;latitude_dadata,longitude_dadata",tochno_2021_dadata_raw_parquet_point,reviewed_rule_accepted,2021:data_allsettlements_anon_156_v20251217.parquet:parquet:67418,122.79582575442505,122.79582575442505,0.0,122.79582575442505,distance_km_2002_2010,308
2002:026_0eca405331_02c_Novgorodskaja.xls:Sheet1:1844,2002:026_0eca405331_02c_Novgorodskaja.xls:Sheet1:1844,Красная Нива,деревня,новгородская,0.0,58.124892,30.912829,/workspace/settlements-raw/data/raw/historical_geography/geokladr_okato_2011/okato.dbf,d1c8b983f2489724a940bd2a64dedda73b602f6c491d5c09391deaf362fe2650,raw_dbf_record_number_1based=78906;byte_offset_0based=31168180,geokladr_2011_raw_dbf_coordinate,reviewed_extension_rule_accepted,GeoKLADR2011:OKATO:49223821011,2010:001_723371ec84_1._20NW_2010.xls:NW:9928,Красная Нива,деревня,новгородская,0.0,58.124892,30.912829,/workspace/settlements-raw/data/raw/historical_geography/geokladr_okato_2011/okato.dbf,d1c8b983f2489724a940bd2a64dedda73b602f6c491d5c09391deaf362fe2650,raw_dbf_record_number_1based=78906;byte_offset_0based=31168180,geokladr_2011_raw_dbf_coordinate,reviewed_extension_rule_accepted,GeoKLADR2011:OKATO:49223821011,2021:data_allsettlements_anon_156_v20251217.parquet:parquet:76710,Красная Нива,деревня,новгородская,0.0,57.245459,32.1418187,/workspace/settlements-raw/data/interim/2021_tochno/data_allsettlements_anon_156_v20251217.parquet,86c197cd522e0b63669e9c6e7f43fd3d82b3704c6a126c800a9968ecd16cae14,"parquet_row_1based=76710;latitude_dadata,longitude_dadata",tochno_2021_dadata_raw_parquet_point,reviewed_rule_accepted,2021:data_allsettlements_anon_156_v20251217.parquet:parquet:76710,0.0,122.05878944915874,122.05878944915874,122.05878944915874,distance_km_2002_2021,309
2002:051_46e3ecb0a0_02c_Permskaja_obl.xls:Sheet1:2568,2002:051_46e3ecb0a0_02c_Permskaja_obl.xls:Sheet1:2568,Черемиска,деревня,пермский,132.0,56.9945847,56.9927602,/workspace/settlements-raw/data/interim/2021_tochno/data_allsettlements_anon_156_v20251217.parquet,86c197cd522e0b63669e9c6e7f43fd3d82b3704c6a126c800a9968ecd16cae14,"carrier_target_source_record_id=2021:data_allsettlements_anon_156_v20251217.parquet:parquet:97069;parquet_row_1based=97069;latitude_dadata,longitude_dadata",retrospective_continuity_from_tochno_2021_dadata_raw_parquet_point,reviewed_extension_rule_accepted,2021:data_allsettlements_anon_156_v20251217.parquet:parquet:97069,2010:016_802d308e41_8._20Or_Penz_Perm_Samar_Saratov_Uly_2010.xls:!!!:6699,Черемиска,деревня,пермский,148.0,56.482454,55.223908,/workspace/settlements-raw/data/raw/historical_geography/geokladr_okato_2011/okato.dbf,d1c8b983f2489724a940bd2a64dedda73b602f6c491d5c09391deaf362fe2650,raw_dbf_record_number_1based=92271;byte_offset_0based=36447355,geokladr_2011_raw_dbf_coordinate,reviewed_extension_rule_accepted,GeoKLADR2011:OKATO:57238822004,2021:data_allsettlements_anon_156_v20251217.parquet:parquet:97069,Черемиска,деревня,пермский,129.0,56.9945847,56.9927602,/workspace/settlements-raw/data/interim/2021_tochno/data_allsettlements_anon_156_v20251217.parquet,86c197cd522e0b63669e9c6e7f43fd3d82b3704c6a126c800a9968ecd16cae14,"parquet_row_1based=97069;latitude_dadata,longitude_dadata",tochno_2021_dadata_raw_parquet_point,reviewed_rule_accepted,2021:data_allsettlements_anon_156_v20251217.parquet:parquet:97069,121.97847051358828,0.0,121.97847051358828,121.97847051358828,distance_km_2002_2010,310
2002:048_4f024587eb_02c_Nizhegorod_obl_new.xls:11:3543,2002:048_4f024587eb_02c_Nizhegorod_obl_new.xls:11:3543,Ярымово,село,нижегородская,870.0,55.898466,43.1239383,/workspace/settlements-raw/data/interim/2021_tochno/data_allsettlements_anon_156_v20251217.parquet,86c197cd522e0b63669e9c6e7f43fd3d82b3704c6a126c800a9968ecd16cae14,"carrier_target_source_record_id=2021:data_allsettlements_anon_156_v20251217.parquet:parquet:72115;parquet_row_1based=72115;latitude_dadata,longitude_dadata",retrospective_continuity_from_tochno_2021_dadata_raw_parquet_point,reviewed_extension_rule_accepted,2021:data_allsettlements_anon_156_v20251217.parquet:parquet:72115,2010:014_5ca759eea0_5._20Nizheg_Kirov_202010.xls:Data Sheet:2778,Ярымово,село,нижегородская,857.0,56.50805,44.747682,/workspace/settlements-raw/data/raw/historical_geography/geokladr_okato_2011/okato.dbf,d1c8b983f2489724a940bd2a64dedda73b602f6c491d5c09391deaf362fe2650,raw_dbf_record_number_1based=32123;byte_offset_0based=12688895,geokladr_2011_raw_dbf_coordinate,reviewed_extension_rule_accepted,GeoKLADR2011:OKATO:22242816010,2021:data_allsettlements_anon_156_v20251217.parquet:parquet:72115,Ярымово,село,нижегородская,726.0,55.898466,43.1239383,/workspace/settlements-raw/data/interim/2021_tochno/data_allsettlements_anon_156_v20251217.parquet,86c197cd522e0b63669e9c6e7f43fd3d82b3704c6a126c800a9968ecd16cae14,"parquet_row_1based=72115;latitude_dadata,longitude_dadata",tochno_2021_dadata_raw_parquet_point,reviewed_rule_accepted,2021:data_allsettlements_anon_156_v20251217.parquet:parquet:72115,121.16052868425572,0.0,121.16052868425572,121.16052868425572,distance_km_2002_2010,311
2002:041_4b428edd23_Bashkiria_new.xls:Sheet1:5834,2002:041_4b428edd23_Bashkiria_new.xls:Sheet1:5834,Субханкулово,село,башкортостан,386.0,54.5562712,53.8083027,/workspace/settlements-raw/data/interim/2021_tochno/data_allsettlements_anon_156_v20251217.parquet,86c197cd522e0b63669e9c6e7f43fd3d82b3704c6a126c800a9968ecd16cae14,"carrier_target_source_record_id=2021:data_allsettlements_anon_156_v20251217.parquet:parquet:148581;parquet_row_1based=148581;latitude_dadata,longitude_dadata",retrospective_continuity_from_tochno_2021_dadata_raw_parquet_point,reviewed_extension_rule_accepted,2021:data_allsettlements_anon_156_v20251217.parquet:parquet:148581,2010:017_68e0e4537e_9._20Basq_Mari_Mord_Tatar_Udm_Chuv_2010.xls:!!!:3784,Субханкулово,село,башкортостан,5597.0,54.222016,55.588087,/workspace/settlements-raw/data/raw/historical_geography/geokladr_okato_2011/okato.dbf,d1c8b983f2489724a940bd2a64dedda73b602f6c491d5c09391deaf362fe2650,raw_dbf_record_number_1based=135610;byte_offset_0based=53566260,geokladr_2011_raw_dbf_coordinate,reviewed_extension_rule_accepted,GeoKLADR2011:OKATO:80251861001,2021:data_allsettlements_anon_156_v20251217.parquet:parquet:148581,Субханкулово,село,башкортостан,5595.0,54.5562712,53.8083027,/workspace/settlements-raw/data/interim/2021_tochno/data_allsettlements_anon_156_v20251217.parquet,86c197cd522e0b63669e9c6e7f43fd3d82b3704c6a126c800a9968ecd16cae14,"parquet_row_1based=148581;latitude_dadata,longitude_dadata",tochno_2021_dadata_raw_parquet_point,reviewed_rule_accepted,2021:data_allsettlements_anon_156_v20251217.parquet:parquet:148581,121.07624304252434,0.0,121.07624304252434,121.07624304252434,distance_km_2002_2010,312
2002:026_0eca405331_02c_Novgorodskaja.xls:Sheet1:3205,2002:026_0eca405331_02c_Novgorodskaja.xls:Sheet1:3205,Смехново,деревня,новгородская,0.0,57.1285,31.2971,/workspace/settlements-raw/data/raw/historical_geography/geokladr_okato_2011/okato.dbf,d1c8b983f2489724a940bd2a64dedda73b602f6c491d5c09391deaf362fe2650,raw_dbf_record_number_1based=80183;byte_offset_0based=31672595,geokladr_2011_raw_dbf_coordinate,reviewed_extension_rule_accepted,GeoKLADR2011:OKATO:49238843014,2010:001_723371ec84_1._20NW_2010.xls:NW:11148,Смехново,деревня,новгородская,0.0,57.1285,31.2971,/workspace/settlements-raw/data/raw/historical_geography/geokladr_okato_2011/okato.dbf,d1c8b983f2489724a940bd2a64dedda73b602f6c491d5c09391deaf362fe2650,raw_dbf_record_number_1based=80183;byte_offset_0based=31672595,geokladr_2011_raw_dbf_coordinate,reviewed_extension_rule_accepted,GeoKLADR2011:OKATO:49238843014,2021:data_allsettlements_anon_156_v20251217.parquet:parquet:76937,Смехново,деревня,новгородская,0.0,58.1243895,30.5005699,/workspace/settlements-raw/data/interim/2021_tochno/data_allsettlements_anon_156_v20251217.parquet,86c197cd522e0b63669e9c6e7f43fd3d82b3704c6a126c800a9968ecd16cae14,"parquet_row_1based=76937;latitude_dadata,longitude_dadata",tochno_2021_dadata_raw_parquet_point,reviewed_rule_accepted,2021:data_allsettlements_anon_156_v20251217.parquet:parquet:76937,0.0,120.46334456023709,120.46334456023709,120.46334456023709,distance_km_2002_2021,313
2002:013_2dd2afccd6_02c_Smolenskaja.xls:Sheet1:1659,2002:013_2dd2afccd6_02c_Smolenskaja.xls:Sheet1:1659,Новоспасское,деревня,смоленская,102.0,55.436233,33.475422,/workspace/settlements-raw/data/raw/historical_geography/geokladr_okato_2011/okato.dbf,d1c8b983f2489724a940bd2a64dedda73b602f6c491d5c09391deaf362fe2650,raw_dbf_record_number_1based=112121;byte_offset_0based=44288105,geokladr_2011_raw_dbf_coordinate,reviewed_extension_rule_accepted,GeoKLADR2011:OKATO:66219848009,2010:011_040325482b_3._20Ryaz_Smol_Tambov_Tula_Jaroslavl_20L1_20ethn_2010.xls:Data Sheet:4261,Новоспасское,деревня,смоленская,48.0,55.436233,33.475422,/workspace/settlements-raw/data/raw/historical_geography/geokladr_okato_2011/okato.dbf,d1c8b983f2489724a940bd2a64dedda73b602f6c491d5c09391deaf362fe2650,raw_dbf_record_number_1based=112121;byte_offset_0based=44288105,geokladr_2011_raw_dbf_coordinate,reviewed_extension_rule_accepted,GeoKLADR2011:OKATO:66219848009,2021:data_allsettlements_anon_156_v20251217.parquet:parquet:123229,Новоспасское,деревня,смоленская,39.0,54.3743,33.12376,/workspace/settlements-raw/data/raw/coordinate_candidates/geonames_RU_20260907.zip,9bf299daaff13de75ddbf610e113469aae80537d66a7de3437967576c6509ff4,RU.txt:line=57203;geonameid=517892,geonames_ru_txt_named_place_point,reviewed_extension_rule_accepted,GeoNames:geonameid:517892,0.0,120.20237071295723,120.20237071295723,120.20237071295723,distance_km_2002_2021,314
2002:079_983a1a85f7_Primor_krai_1.xls:Sheet1:341,2002:079_983a1a85f7_Primor_krai_1.xls:Sheet1:341,Оленевод,посёлок,приморский,954.0,43.5973724,131.8625646,/workspace/settlements-raw/data/interim/2021_tochno/data_allsettlements_anon_156_v20251217.parquet,86c197cd522e0b63669e9c6e7f43fd3d82b3704c6a126c800a9968ecd16cae14,"carrier_target_source_record_id=2021:data_allsettlements_anon_156_v20251217.parquet:parquet:99781;parquet_row_1based=99781;latitude_dadata,longitude_dadata",retrospective_continuity_from_tochno_2021_dadata_raw_parquet_point,reviewed_extension_rule_accepted,2021:data_allsettlements_anon_156_v20251217.parquet:parquet:99781,2010:009_81f8a0e73c_17._20ДВ_ФО_2010.xls:ДВ:179,Оленевод,посёлок,приморский,825.0,42.657722,131.149722,/workspace/settlements-raw/data/raw/historical_geography/geokladr_okato_2011/okato.dbf,d1c8b983f2489724a940bd2a64dedda73b602f6c491d5c09391deaf362fe2650,raw_dbf_record_number_1based=5287;byte_offset_0based=2088675,geokladr_2011_raw_dbf_coordinate,reviewed_extension_rule_accepted,GeoKLADR2011:OKATO:05223000007,2021:data_allsettlements_anon_156_v20251217.parquet:parquet:99781,Оленевод,посёлок,приморский,715.0,43.5973724,131.8625646,/workspace/settlements-raw/data/interim/2021_tochno/data_allsettlements_anon_156_v20251217.parquet,86c197cd522e0b63669e9c6e7f43fd3d82b3704c6a126c800a9968ecd16cae14,"parquet_row_1based=99781;latitude_dadata,longitude_dadata",tochno_2021_dadata_raw_parquet_point,reviewed_rule_accepted,2021:data_allsettlements_anon_156_v20251217.parquet:parquet:99781,119.42921421871556,0.0,119.42921421871556,119.42921421871556,distance_km_2002_2010,315
2002:022_862ad8a69d_02c_Vologodskaya.xls:2C:6815,2002:022_862ad8a69d_02c_Vologodskaya.xls:2C:6815,Воронино,посёлок,вологодская,10.0,60.645939,38.786422,/workspace/settlements-raw/data/raw/historical_geography/geokladr_okato_2011/okato.dbf,d1c8b983f2489724a940bd2a64dedda73b602f6c491d5c09391deaf362fe2650,raw_dbf_record_number_1based=26013;byte_offset_0based=10275445,geokladr_2011_raw_dbf_coordinate,reviewed_extension_rule_accepted,GeoKLADR2011:OKATO:19248840007,2010:012_5c339c0d0e_4._20Vologod_pskov_2010.xls:Data Sheet:6369,Воронино,посёлок,вологодская,13.0,60.645939,38.786422,/workspace/settlements-raw/data/raw/historical_geography/geokladr_okato_2011/okato.dbf,d1c8b983f2489724a940bd2a64dedda73b602f6c491d5c09391deaf362fe2650,raw_dbf_record_number_1based=26013;byte_offset_0based=10275445,geokladr_2011_raw_dbf_coordinate,reviewed_extension_rule_accepted,GeoKLADR2011:OKATO:19248840007,2021:data_allsettlements_anon_156_v20251217.parquet:parquet:12079,Воронино,посёлок,вологодская,11.0,59.699722,39.778611,/workspace/settlements-raw/data/raw/wikidata_truthy_claims/batch_0105.jsonl.gz,ad1189aa1f6cc0e5140f75eaf4e77ce2d405a797fdcd1d8fa34dd2f9e026895a,"{""line_number"": 10117, ""locator"": ""batch_0105.jsonl.gz#line=10117"", ""retrieved_at_utc"": ""2026-08-31T20:59:16.841828+00:00"", ""source_file"": ""batch_0105.jsonl.gz"", ""value_raw"": ""POINT(39.778611 59.699722)""}",wikidata_P625_point_claim,reviewed_extension_rule_accepted,Q3006155,0.0,118.66179973864989,118.66179973864989,118.66179973864989,distance_km_2002_2021,316
2002:061_e177b0a77d_Chel_abinskaja1.xls:Sheet1:120,2002:061_e177b0a77d_Chel_abinskaja1.xls:Sheet1:120,Белое Озеро,посёлок,челябинская,10.0,55.623344,60.375043,/workspace/settlements-raw/data/raw/historical_geography/geokladr_okato_2011/okato.dbf,d1c8b983f2489724a940bd2a64dedda73b602f6c491d5c09391deaf362fe2650,raw_dbf_record_number_1based=124793;byte_offset_0based=49293545,geokladr_2011_raw_dbf_coordinate,reviewed_extension_rule_accepted,GeoKLADR2011:OKATO:75434000004,2010:003_eb441570b1_11._20Урал_ФО_2010.xls:Урал:5954,Белое Озеро,посёлок,челябинская,7.0,55.623344,60.375043,/workspace/settlements-raw/data/raw/historical_geography/geokladr_okato_2011/okato.dbf,d1c8b983f2489724a940bd2a64dedda73b602f6c491d5c09391deaf362fe2650,raw_dbf_record_number_1based=124793;byte_offset_0based=49293545,geokladr_2011_raw_dbf_coordinate,reviewed_extension_rule_accepted,GeoKLADR2011:OKATO:75434000004,2021:data_allsettlements_anon_156_v20251217.parquet:parquet:161409,Белое Озеро,посёлок,челябинская,5.0,55.99863,62.15187,/workspace/settlements-raw/data/raw/wikidata_truthy_claims/batch_0014.jsonl.gz,71a98f81773a7647adc71dd2b9cb0d7a8b182e04418bb81f30ab4e04a0e5f374,"{""line_number"": 8077, ""locator"": ""batch_0014.jsonl.gz#line=8077"", ""retrieved_at_utc"": ""2026-08-31T20:57:26.045576+00:00"", ""source_file"": ""batch_0014.jsonl.gz"", ""value_raw"": ""POINT(62.151870 55.998630)""}",wikidata_P625_point_claim,reviewed_extension_rule_accepted,Q15255315,0.0,118.60125860043571,118.60125860043571,118.60125860043571,distance_km_2002_2021,317
2002:1_TOM_01_04.xls:0:37,2002:1_TOM_01_04.xls:0:37,Борисовка,пгт,белгородская,14072.0,50.3586,37.639,/workspace/settlements-raw/data/raw/historical_geography/geokladr_okato_2011/okato.dbf,d1c8b983f2489724a940bd2a64dedda73b602f6c491d5c09391deaf362fe2650,DBF_record_1based=11778;DBF_byte_offset_0based=4652620;OKATO2011_raw=14215551000,raw_named_typed_geo2011_object,reviewed_extension_rule_accepted,,ROSSTAT2010:T5:p13:l38,Борисовка,пгт,белгородская,13896.0,50.604167,36.015556,/workspace/settlements-raw/data/raw/wikidata_truthy_claims/batch_0140.jsonl.gz,b30d775ee3c44b36949efb8299b9be996ea3cc395dbc782cc5128a7382439886,"{""line_number"": 9969, ""locator"": ""batch_0140.jsonl.gz#line=9969"", ""retrieved_at_utc"": ""2026-08-31T21:00:03.422637+00:00"", ""source_file"": ""batch_0140.jsonl.gz"", ""value_raw"": ""POINT(36.015556 50.604167)""}",wikidata_P625_point_claim,reviewed_extension_rule_accepted,2021:data_allsettlements_anon_156_v20251217.parquet:parquet:164254,2021:data_allsettlements_anon_156_v20251217.parquet:parquet:164254,Борисовка,пгт,белгородская,12553.0,50.604167,36.015556,/workspace/settlements-raw/data/raw/wikidata_truthy_claims/batch_0140.jsonl.gz,b30d775ee3c44b36949efb8299b9be996ea3cc395dbc782cc5128a7382439886,"{""line_number"": 9969, ""locator"": ""batch_0140.jsonl.gz#line=9969"", ""retrieved_at_utc"": ""2026-08-31T21:00:03.422637+00:00"", ""source_file"": ""batch_0140.jsonl.gz"", ""value_raw"": ""POINT(36.015556 50.604167)""}",wikidata_P625_point_claim,reviewed_extension_rule_accepted,Q893831,118.06762695523463,118.06762695523463,0.0,118.06762695523463,distance_km_2002_2010,318
2002:015_90ef69f659_02c_Tver_obl.xls:!!!:2411,2002:015_90ef69f659_02c_Tver_obl.xls:!!!:2411,Митяево,деревня,тверская,68.0,56.931523,37.862027,/workspace/settlements-raw/data/raw/historical_geography/geokladr_okato_2011/okato.dbf,d1c8b983f2489724a940bd2a64dedda73b602f6c491d5c09391deaf362fe2650,raw_dbf_record_number_1based=41924;byte_offset_0based=16560290,geokladr_2011_raw_dbf_coordinate,reviewed_extension_rule_accepted,GeoKLADR2011:OKATO:28220808033,2010:019_a193ec7827_Tver_L1_ethn_np_2010.xls:Data Sheet:2254,Митяево,деревня,тверская,62.0,56.931523,37.862027,/workspace/settlements-raw/data/raw/historical_geography/geokladr_okato_2011/okato.dbf,d1c8b983f2489724a940bd2a64dedda73b602f6c491d5c09391deaf362fe2650,raw_dbf_record_number_1based=41924;byte_offset_0based=16560290,geokladr_2011_raw_dbf_coordinate,reviewed_extension_rule_accepted,GeoKLADR2011:OKATO:28220808033,2021:data_allsettlements_anon_156_v20251217.parquet:parquet:137780,Митяево,деревня,тверская,62.0,56.7769,35.94511,/workspace/settlements-raw/data/raw/coordinate_candidates/geonames_RU_20260907.zip,9bf299daaff13de75ddbf610e113469aae80537d66a7de3437967576c6509ff4,RU.txt:line=65304;geonameid=526035,geonames_ru_txt_named_place_point,reviewed_extension_rule_accepted,GeoNames:geonameid:526035,0.0,117.80258820438613,117.80258820438613,117.80258820438613,distance_km_2002_2021,319
2002:057_9b18a354f1_02c_Sverdlovskaja_oblast.xls:Sheet1:982,2002:057_9b18a354f1_02c_Sverdlovskaja_oblast.xls:Sheet1:982,Белая Глина,деревня,свердловская,79.0,58.808625,59.741127,/workspace/settlements-raw/data/raw/historical_geography/geokladr_okato_2011/okato.dbf,d1c8b983f2489724a940bd2a64dedda73b602f6c491d5c09391deaf362fe2650,raw_dbf_record_number_1based=109213;byte_offset_0based=43139445,geokladr_2011_raw_dbf_coordinate,reviewed_extension_rule_accepted,GeoKLADR2011:OKATO:65212820002,2010:003_eb441570b1_11._20Урал_ФО_2010.xls:Урал:3268,Белая Глина,деревня,свердловская,55.0,58.808625,59.741127,/workspace/settlements-raw/data/raw/historical_geography/geokladr_okato_2011/okato.dbf,d1c8b983f2489724a940bd2a64dedda73b602f6c491d5c09391deaf362fe2650,raw_dbf_record_number_1based=109213;byte_offset_0based=43139445,geokladr_2011_raw_dbf_coordinate,reviewed_extension_rule_accepted,GeoKLADR2011:OKATO:65212820002,2021:data_allsettlements_anon_156_v20251217.parquet:parquet:119793,Белая Глина,деревня,свердловская,43.0,58.74975,61.7738,/workspace/settlements-raw/data/raw/coordinate_candidates/geonames_RU_20260907.zip,9bf299daaff13de75ddbf610e113469aae80537d66a7de3437967576c6509ff4,RU.txt:line=280404;geonameid=7493842,geonames_ru_txt_named_place_point,reviewed_extension_rule_accepted,GeoNames:geonameid:7493842,0.0,117.33459505704862,117.33459505704862,117.33459505704862,distance_km_2002_2021,320
2002:052_4be37f273b_02c_Komi_perm_AO.xls:Sheet1:505,2002:052_4be37f273b_02c_Komi_perm_AO.xls:Sheet1:505,Мелехина,деревня,пермский,239.0,59.2701239,55.0940107,/workspace/settlements-raw/data/interim/2021_tochno/data_allsettlements_anon_156_v20251217.parquet,86c197cd522e0b63669e9c6e7f43fd3d82b3704c6a126c800a9968ecd16cae14,"carrier_target_source_record_id=2021:data_allsettlements_anon_156_v20251217.parquet:parquet:96581;parquet_row_1based=96581;latitude_dadata,longitude_dadata",retrospective_continuity_from_tochno_2021_dadata_raw_parquet_point,reviewed_extension_rule_accepted,2021:data_allsettlements_anon_156_v20251217.parquet:parquet:96581,2010:016_802d308e41_8._20Or_Penz_Perm_Samar_Saratov_Uly_2010.xls:!!!:4895,Мелехина,деревня,пермский,157.0,60.129784,56.284119,/workspace/settlements-raw/data/raw/historical_geography/geokladr_okato_2011/okato.dbf,d1c8b983f2489724a940bd2a64dedda73b602f6c491d5c09391deaf362fe2650,raw_dbf_record_number_1based=90460;byte_offset_0based=35732010,geokladr_2011_raw_dbf_coordinate,reviewed_extension_rule_accepted,GeoKLADR2011:OKATO:57121934004,2021:data_allsettlements_anon_156_v20251217.parquet:parquet:96581,Мелехина,деревня,пермский,107.0,59.2701239,55.0940107,/workspace/settlements-raw/data/interim/2021_tochno/data_allsettlements_anon_156_v20251217.parquet,86c197cd522e0b63669e9c6e7f43fd3d82b3704c6a126c800a9968ecd16cae14,"parquet_row_1based=96581;latitude_dadata,longitude_dadata",tochno_2021_dadata_raw_parquet_point,reviewed_rule_accepted,2021:data_allsettlements_anon_156_v20251217.parquet:parquet:96581,116.5943829596195,0.0,116.5943829596195,116.5943829596195,distance_km_2002_2010,321
2002:015_90ef69f659_02c_Tver_obl.xls:!!!:5243,2002:015_90ef69f659_02c_Tver_obl.xls:!!!:5243,Лисицино,деревня,тверская,52.0,57.4317469,35.5637807,/workspace/settlements-raw/data/interim/2021_tochno/data_allsettlements_anon_156_v20251217.parquet,86c197cd522e0b63669e9c6e7f43fd3d82b3704c6a126c800a9968ecd16cae14,"carrier_target_source_record_id=2021:data_allsettlements_anon_156_v20251217.parquet:parquet:134778;parquet_row_1based=134778;latitude_dadata,longitude_dadata",retrospective_continuity_from_tochno_2021_dadata_raw_parquet_point,reviewed_extension_rule_accepted,2021:data_allsettlements_anon_156_v20251217.parquet:parquet:134778,2010:019_a193ec7827_Tver_L1_ethn_np_2010.xls:Data Sheet:4869,Лисицино,деревня,тверская,83.0,57.433127,37.494095,/workspace/settlements-raw/data/raw/historical_geography/geokladr_okato_2011/okato.dbf,d1c8b983f2489724a940bd2a64dedda73b602f6c491d5c09391deaf362fe2650,raw_dbf_record_number_1based=44490;byte_offset_0based=17573860,geokladr_2011_raw_dbf_coordinate,reviewed_extension_rule_accepted,GeoKLADR2011:OKATO:28238812011,2021:data_allsettlements_anon_156_v20251217.parquet:parquet:134778,Лисицино,деревня,тверская,43.0,57.4317469,35.5637807,/workspace/settlements-raw/data/interim/2021_tochno/data_allsettlements_anon_156_v20251217.parquet,86c197cd522e0b63669e9c6e7f43fd3d82b3704c6a126c800a9968ecd16cae14,"parquet_row_1based=134778;latitude_dadata,longitude_dadata",tochno_2021_dadata_raw_parquet_point,reviewed_rule_accepted,2021:data_allsettlements_anon_156_v20251217.parquet:parquet:134778,115.5363758511519,0.0,115.5363758511519,115.5363758511519,distance_km_2002_2010,322
2002:056_6e9d0d52b3_Kurgan.xls:Sheet1:119,2002:056_6e9d0d52b3_Kurgan.xls:Sheet1:119,Стенниково,деревня,курганская,120.0,55.484444,67.125556,/workspace/settlements-raw/data/raw/historical_geography/geokladr_okato_2011/okato.dbf,d1c8b983f2489724a940bd2a64dedda73b602f6c491d5c09391deaf362fe2650,raw_dbf_record_number_1based=62429;byte_offset_0based=24659765,geokladr_2011_raw_dbf_coordinate,reviewed_extension_rule_accepted,GeoKLADR2011:OKATO:37204849003,2010:003_eb441570b1_11._20Урал_ФО_2010.xls:Урал:82,Стенниково,деревня,курганская,77.0,55.484444,67.125556,/workspace/settlements-raw/data/raw/historical_geography/geokladr_okato_2011/okato.dbf,d1c8b983f2489724a940bd2a64dedda73b602f6c491d5c09391deaf362fe2650,raw_dbf_record_number_1based=62429;byte_offset_0based=24659765,geokladr_2011_raw_dbf_coordinate,reviewed_extension_rule_accepted,GeoKLADR2011:OKATO:37204849003,2021:data_allsettlements_anon_156_v20251217.parquet:parquet:51006,Стенниково,деревня,курганская,42.0,56.0398,65.5684,/workspace/settlements-raw/data/raw/coordinate_candidates/geonames_RU_20260907.zip,9bf299daaff13de75ddbf610e113469aae80537d66a7de3437967576c6509ff4,RU.txt:line=165862;geonameid=1490892,geonames_ru_txt_named_place_point,reviewed_extension_rule_accepted,GeoNames:geonameid:1490892,0.0,115.33771359732566,115.33771359732566,115.33771359732566,distance_km_2002_2021,323
2002:002_d4cda9574f_02c_Bryanskaja.xls:Sheet1:1810,2002:002_d4cda9574f_02c_Bryanskaja.xls:Sheet1:1810,Колпачок,деревня,брянская,14.0,52.9047824,34.6669383,/workspace/settlements-raw/data/interim/2021_tochno/data_allsettlements_anon_156_v20251217.parquet,86c197cd522e0b63669e9c6e7f43fd3d82b3704c6a126c800a9968ecd16cae14,"carrier_target_source_record_id=2021:data_allsettlements_anon_156_v20251217.parquet:parquet:175002;parquet_row_1based=175002;latitude_dadata,longitude_dadata",retrospective_continuity_from_tochno_2021_dadata_raw_parquet_point,reviewed_extension_rule_accepted,2021:data_allsettlements_anon_156_v20251217.parquet:parquet:175002,2010:013_f60b2d2bcf_5._20Belg_Bryan_Vlad_Voron_Ivanov_Kalug_20L1_ethn_2010.xls:Data Sheet:3103,Колпачок,деревня,брянская,0.0,53.8428,33.930628,/workspace/settlements-raw/data/raw/historical_geography/geokladr_okato_2011/okato.dbf,d1c8b983f2489724a940bd2a64dedda73b602f6c491d5c09391deaf362fe2650,raw_dbf_record_number_1based=14626;byte_offset_0based=5777580,geokladr_2011_raw_dbf_coordinate,reviewed_extension_rule_accepted,GeoKLADR2011:OKATO:15238864004,2021:data_allsettlements_anon_156_v20251217.parquet:parquet:175002,Колпачок,деревня,брянская,0.0,52.9047824,34.6669383,/workspace/settlements-raw/data/interim/2021_tochno/data_allsettlements_anon_156_v20251217.parquet,86c197cd522e0b63669e9c6e7f43fd3d82b3704c6a126c800a9968ecd16cae14,"parquet_row_1based=175002;latitude_dadata,longitude_dadata",tochno_2021_dadata_raw_parquet_point,reviewed_rule_accepted,2021:data_allsettlements_anon_156_v20251217.parquet:parquet:175002,115.17211348095702,0.0,115.17211348095702,115.17211348095702,distance_km_2002_2010,324
2002:017_6374fdddeb_02c_Yaroslavskaja.xls:Sheet1:745,2002:017_6374fdddeb_02c_Yaroslavskaja.xls:Sheet1:745,Шеломово,деревня,ярославская,43.0,58.2607814,37.9597873,/workspace/settlements-raw/data/interim/2021_tochno/data_allsettlements_anon_156_v20251217.parquet,86c197cd522e0b63669e9c6e7f43fd3d82b3704c6a126c800a9968ecd16cae14,"carrier_target_source_record_id=2021:data_allsettlements_anon_156_v20251217.parquet:parquet:167834;parquet_row_1based=167834;latitude_dadata,longitude_dadata",retrospective_continuity_from_tochno_2021_dadata_raw_parquet_point,reviewed_extension_rule_accepted,2021:data_allsettlements_anon_156_v20251217.parquet:parquet:167834,2010:011_040325482b_3._20Ryaz_Smol_Tambov_Tula_Jaroslavl_20L1_20ethn_2010.xls:Data Sheet:13511,Шеломово,деревня,ярославская,37.0,57.756339,39.659007,/workspace/settlements-raw/data/raw/historical_geography/geokladr_okato_2011/okato.dbf,d1c8b983f2489724a940bd2a64dedda73b602f6c491d5c09391deaf362fe2650,raw_dbf_record_number_1based=126380;byte_offset_0based=49920410,geokladr_2011_raw_dbf_coordinate,reviewed_extension_rule_accepted,GeoKLADR2011:OKATO:78209855030,2021:data_allsettlements_anon_156_v20251217.parquet:parquet:167834,Шеломово,деревня,ярославская,23.0,58.2607814,37.9597873,/workspace/settlements-raw/data/interim/2021_tochno/data_allsettlements_anon_156_v20251217.parquet,86c197cd522e0b63669e9c6e7f43fd3d82b3704c6a126c800a9968ecd16cae14,"parquet_row_1based=167834;latitude_dadata,longitude_dadata",tochno_2021_dadata_raw_parquet_point,reviewed_rule_accepted,2021:data_allsettlements_anon_156_v20251217.parquet:parquet:167834,114.74098994181416,0.0,114.74098994181416,114.74098994181416,distance_km_2002_2010,325
2002:051_46e3ecb0a0_02c_Permskaja_obl.xls:Sheet1:388,2002:051_46e3ecb0a0_02c_Permskaja_obl.xls:Sheet1:388,Олени,деревня,пермский,164.0,58.223958,55.663216,/workspace/settlements-raw/data/raw/historical_geography/geokladr_okato_2011/okato.dbf,d1c8b983f2489724a940bd2a64dedda73b602f6c491d5c09391deaf362fe2650,raw_dbf_record_number_1based=93654;byte_offset_0based=36993640,geokladr_2011_raw_dbf_coordinate,reviewed_extension_rule_accepted,GeoKLADR2011:OKATO:57427807008,2010:016_802d308e41_8._20Or_Penz_Perm_Samar_Saratov_Uly_2010.xls:!!!:8077,Олени,деревня,пермский,152.0,58.223958,55.663216,/workspace/settlements-raw/data/raw/historical_geography/geokladr_okato_2011/okato.dbf,d1c8b983f2489724a940bd2a64dedda73b602f6c491d5c09391deaf362fe2650,raw_dbf_record_number_1based=93654;byte_offset_0based=36993640,geokladr_2011_raw_dbf_coordinate,reviewed_extension_rule_accepted,GeoKLADR2011:OKATO:57427807008,2021:data_allsettlements_anon_156_v20251217.parquet:parquet:98292,Олени,деревня,пермский,92.0,58.0523,57.5895,/workspace/settlements-raw/data/raw/coordinate_candidates/geonames_RU_20260907.zip,9bf299daaff13de75ddbf610e113469aae80537d66a7de3437967576c6509ff4,RU.txt:line=55020;geonameid=515692,geonames_ru_txt_named_place_point,reviewed_extension_rule_accepted,GeoNames:geonameid:515692,0.0,114.66258497143372,114.66258497143372,114.66258497143372,distance_km_2002_2021,326
2002:017_6374fdddeb_02c_Yaroslavskaja.xls:Sheet1:6282,2002:017_6374fdddeb_02c_Yaroslavskaja.xls:Sheet1:6282,Васильцово,деревня,ярославская,0.0,57.8197618,39.7879963,/workspace/settlements-raw/data/interim/2021_tochno/data_allsettlements_anon_156_v20251217.parquet,86c197cd522e0b63669e9c6e7f43fd3d82b3704c6a126c800a9968ecd16cae14,"carrier_target_source_record_id=2021:data_allsettlements_anon_156_v20251217.parquet:parquet:172602;parquet_row_1based=172602;latitude_dadata,longitude_dadata",retrospective_continuity_from_tochno_2021_dadata_raw_parquet_point,reviewed_extension_rule_accepted,2021:data_allsettlements_anon_156_v20251217.parquet:parquet:172602,2010:011_040325482b_3._20Ryaz_Smol_Tambov_Tula_Jaroslavl_20L1_20ethn_2010.xls:Data Sheet:18713,Васильцово,деревня,ярославская,0.0,57.1,38.416667,/workspace/settlements-raw/data/raw/historical_geography/geokladr_okato_2011/okato.dbf,d1c8b983f2489724a940bd2a64dedda73b602f6c491d5c09391deaf362fe2650,raw_dbf_record_number_1based=131475;byte_offset_0based=51932935,geokladr_2011_raw_dbf_coordinate,reviewed_extension_rule_accepted,GeoKLADR2011:OKATO:78250880004,2021:data_allsettlements_anon_156_v20251217.parquet:parquet:172602,Васильцово,деревня,ярославская,3.0,57.8197618,39.7879963,/workspace/settlements-raw/data/interim/2021_tochno/data_allsettlements_anon_156_v20251217.parquet,86c197cd522e0b63669e9c6e7f43fd3d82b3704c6a126c800a9968ecd16cae14,"parquet_row_1based=172602;latitude_dadata,longitude_dadata",tochno_2021_dadata_raw_parquet_point,reviewed_rule_accepted,2021:data_allsettlements_anon_156_v20251217.parquet:parquet:172602,114.59398336925749,0.0,114.59398336925749,114.59398336925749,distance_km_2002_2010,327
2002:048_4f024587eb_02c_Nizhegorod_obl_new.xls:11:2345,2002:048_4f024587eb_02c_Nizhegorod_obl_new.xls:11:2345,Соболиха,деревня,нижегородская,118.0,57.322623,45.031608,/workspace/settlements-raw/data/raw/historical_geography/geokladr_okato_2011/okato.dbf,d1c8b983f2489724a940bd2a64dedda73b602f6c491d5c09391deaf362fe2650,raw_dbf_record_number_1based=31081;byte_offset_0based=12277305,geokladr_2011_raw_dbf_coordinate,reviewed_extension_rule_accepted,GeoKLADR2011:OKATO:22228858021,2010:014_5ca759eea0_5._20Nizheg_Kirov_202010.xls:Data Sheet:1757,Соболиха,деревня,нижегородская,231.0,57.322623,45.031608,/workspace/settlements-raw/data/raw/historical_geography/geokladr_okato_2011/okato.dbf,d1c8b983f2489724a940bd2a64dedda73b602f6c491d5c09391deaf362fe2650,raw_dbf_record_number_1based=31081;byte_offset_0based=12277305,geokladr_2011_raw_dbf_coordinate,reviewed_extension_rule_accepted,GeoKLADR2011:OKATO:22228858021,2021:data_allsettlements_anon_156_v20251217.parquet:parquet:73868,Соболиха,деревня,нижегородская,65.0,56.8327,43.36375,/workspace/settlements-raw/data/raw/coordinate_candidates/geonames_RU_20260907.zip,9bf299daaff13de75ddbf610e113469aae80537d66a7de3437967576c6509ff4,RU.txt:line=246141;geonameid=6608716,geonames_ru_txt_named_place_point,reviewed_extension_rule_accepted,GeoNames:geonameid:6608716,0.0,114.57171305806827,114.57171305806827,114.57171305806827,distance_km_2002_2021,328
2002:052_4be37f273b_02c_Komi_perm_AO.xls:Sheet1:292,2002:052_4be37f273b_02c_Komi_perm_AO.xls:Sheet1:292,Ильичи,деревня,пермский,32.0,59.2070217,54.5117028,/workspace/settlements-raw/data/interim/2021_tochno/data_allsettlements_anon_156_v20251217.parquet,86c197cd522e0b63669e9c6e7f43fd3d82b3704c6a126c800a9968ecd16cae14,"carrier_target_source_record_id=2021:data_allsettlements_anon_156_v20251217.parquet:parquet:96529;parquet_row_1based=96529;latitude_dadata,longitude_dadata",retrospective_continuity_from_tochno_2021_dadata_raw_parquet_point,reviewed_extension_rule_accepted,2021:data_allsettlements_anon_156_v20251217.parquet:parquet:96529,2010:016_802d308e41_8._20Or_Penz_Perm_Samar_Saratov_Uly_2010.xls:!!!:4721,Ильичи,деревня,пермский,19.0,58.179179,54.399659,/workspace/settlements-raw/data/raw/historical_geography/geokladr_okato_2011/okato.dbf,d1c8b983f2489724a940bd2a64dedda73b602f6c491d5c09391deaf362fe2650,raw_dbf_record_number_1based=90283;byte_offset_0based=35662095,geokladr_2011_raw_dbf_coordinate,reviewed_extension_rule_accepted,GeoKLADR2011:OKATO:57121904036,2021:data_allsettlements_anon_156_v20251217.parquet:parquet:96529,Ильичи,деревня,пермский,17.0,59.2070217,54.5117028,/workspace/settlements-raw/data/interim/2021_tochno/data_allsettlements_anon_156_v20251217.parquet,86c197cd522e0b63669e9c6e7f43fd3d82b3704c6a126c800a9968ecd16cae14,"parquet_row_1based=96529;latitude_dadata,longitude_dadata",tochno_2021_dadata_raw_parquet_point,reviewed_rule_accepted,2021:data_allsettlements_anon_156_v20251217.parquet:parquet:96529,114.47420935597249,0.0,114.47420935597249,114.47420935597249,distance_km_2002_2010,329
2002:017_6374fdddeb_02c_Yaroslavskaja.xls:Sheet1:5728,2002:017_6374fdddeb_02c_Yaroslavskaja.xls:Sheet1:5728,Васильцево,деревня,ярославская,8.0,57.1030528,38.4140999,/workspace/settlements-raw/data/interim/2021_tochno/data_allsettlements_anon_156_v20251217.parquet,86c197cd522e0b63669e9c6e7f43fd3d82b3704c6a126c800a9968ecd16cae14,"carrier_target_source_record_id=2021:data_allsettlements_anon_156_v20251217.parquet:parquet:172093;parquet_row_1based=172093;latitude_dadata,longitude_dadata",retrospective_continuity_from_tochno_2021_dadata_raw_parquet_point,reviewed_extension_rule_accepted,2021:data_allsettlements_anon_156_v20251217.parquet:parquet:172093,2010:011_040325482b_3._20Ryaz_Smol_Tambov_Tula_Jaroslavl_20L1_20ethn_2010.xls:Data Sheet:18184,Васильцево,деревня,ярославская,6.0,57.819762,39.787996,/workspace/settlements-raw/data/raw/historical_geography/geokladr_okato_2011/okato.dbf,d1c8b983f2489724a940bd2a64dedda73b602f6c491d5c09391deaf362fe2650,raw_dbf_record_number_1based=130962;byte_offset_0based=51730300,geokladr_2011_raw_dbf_coordinate,reviewed_extension_rule_accepted,GeoKLADR2011:OKATO:78246867005,2021:data_allsettlements_anon_156_v20251217.parquet:parquet:172093,Васильцево,деревня,ярославская,15.0,57.1030528,38.4140999,/workspace/settlements-raw/data/interim/2021_tochno/data_allsettlements_anon_156_v20251217.parquet,86c197cd522e0b63669e9c6e7f43fd3d82b3704c6a126c800a9968ecd16cae14,"parquet_row_1based=172093;latitude_dadata,longitude_dadata",tochno_2021_dadata_raw_parquet_point,reviewed_rule_accepted,2021:data_allsettlements_anon_156_v20251217.parquet:parquet:172093,114.46488117364672,0.0,114.46488117364672,114.46488117364672,distance_km_2002_2010,330
2002:047_9960082a3e_02c_Kirovskaja_new.xls:Sheet1:2775,2002:047_9960082a3e_02c_Kirovskaja_new.xls:Sheet1:2775,Лупья,деревня,кировская,37.0,58.8276616,52.6889963,/workspace/settlements-raw/data/interim/2021_tochno/data_allsettlements_anon_156_v20251217.parquet,86c197cd522e0b63669e9c6e7f43fd3d82b3704c6a126c800a9968ecd16cae14,"carrier_target_source_record_id=2021:data_allsettlements_anon_156_v20251217.parquet:parquet:35805;parquet_row_1based=35805;latitude_dadata,longitude_dadata",retrospective_continuity_from_tochno_2021_dadata_raw_parquet_point,reviewed_extension_rule_accepted,2021:data_allsettlements_anon_156_v20251217.parquet:parquet:35805,2010:014_5ca759eea0_5._20Nizheg_Kirov_202010.xls:Data Sheet:6921,Лупья,деревня,кировская,14.0,59.850246,52.900267,/workspace/settlements-raw/data/raw/historical_geography/geokladr_okato_2011/okato.dbf,d1c8b983f2489724a940bd2a64dedda73b602f6c491d5c09391deaf362fe2650,raw_dbf_record_number_1based=55441;byte_offset_0based=21899505,geokladr_2011_raw_dbf_coordinate,reviewed_extension_rule_accepted,GeoKLADR2011:OKATO:33228812004,2021:data_allsettlements_anon_156_v20251217.parquet:parquet:35805,Лупья,деревня,кировская,3.0,58.8276616,52.6889963,/workspace/settlements-raw/data/interim/2021_tochno/data_allsettlements_anon_156_v20251217.parquet,86c197cd522e0b63669e9c6e7f43fd3d82b3704c6a126c800a9968ecd16cae14,"parquet_row_1based=35805;latitude_dadata,longitude_dadata",tochno_2021_dadata_raw_parquet_point,reviewed_rule_accepted,2021:data_allsettlements_anon_156_v20251217.parquet:parquet:35805,114.3355618754751,0.0,114.3355618754751,114.3355618754751,distance_km_2002_2010,331
2002:050_a0dc3f856b_penzen_obl.xls:Sheet1:62,2002:050_a0dc3f856b_penzen_obl.xls:Sheet1:62,Калиновка,посёлок,пензенская,29.0,53.3957703,42.9002397,,,,,reviewed_extension_rule_accepted,2021:data_allsettlements_anon_156_v20251217.parquet:parquet:93998,2010:016_802d308e41_8._20Or_Penz_Perm_Samar_Saratov_Uly_2010.xls:!!!:3111,Калиновка,посёлок,пензенская,9.0,53.5798,44.5972,/workspace/settlements-raw/data/raw/historical_geography/geokladr_okato_2011/okato.dbf,d1c8b983f2489724a940bd2a64dedda73b602f6c491d5c09391deaf362fe2650,raw_dbf_record_number_1based=88687;byte_offset_0based=35031675,geokladr_2011_raw_dbf_coordinate,reviewed_extension_rule_accepted,GeoKLADR2011:OKATO:56203828003,2021:data_allsettlements_anon_156_v20251217.parquet:parquet:93998,Калиновка,посёлок,пензенская,0.0,53.3957703,42.9002397,/workspace/settlements-raw/data/interim/2021_tochno/data_allsettlements_anon_156_v20251217.parquet,86c197cd522e0b63669e9c6e7f43fd3d82b3704c6a126c800a9968ecd16cae14,"parquet_row_1based=93998;latitude_dadata,longitude_dadata",tochno_2021_dadata_raw_parquet_point,reviewed_rule_accepted,2021:data_allsettlements_anon_156_v20251217.parquet:parquet:93998,114.11832166459298,0.0,114.11832166459298,114.11832166459298,distance_km_2002_2010,332
2002:051_46e3ecb0a0_02c_Permskaja_obl.xls:Sheet1:1445,2002:051_46e3ecb0a0_02c_Permskaja_obl.xls:Sheet1:1445,Азово,деревня,пермский,178.0,58.1030201,55.011228,/workspace/settlements-raw/data/interim/2021_tochno/data_allsettlements_anon_156_v20251217.parquet,86c197cd522e0b63669e9c6e7f43fd3d82b3704c6a126c800a9968ecd16cae14,"carrier_target_source_record_id=2021:data_allsettlements_anon_156_v20251217.parquet:parquet:96057;parquet_row_1based=96057;latitude_dadata,longitude_dadata",retrospective_continuity_from_tochno_2021_dadata_raw_parquet_point,reviewed_extension_rule_accepted,2021:data_allsettlements_anon_156_v20251217.parquet:parquet:96057,2010:016_802d308e41_8._20Or_Penz_Perm_Samar_Saratov_Uly_2010.xls:!!!:5853,Азово,деревня,пермский,151.0,59.090878,55.544686,/workspace/settlements-raw/data/raw/historical_geography/geokladr_okato_2011/okato.dbf,d1c8b983f2489724a940bd2a64dedda73b602f6c491d5c09391deaf362fe2650,raw_dbf_record_number_1based=91430;byte_offset_0based=36115160,geokladr_2011_raw_dbf_coordinate,reviewed_extension_rule_accepted,GeoKLADR2011:OKATO:57222803002,2021:data_allsettlements_anon_156_v20251217.parquet:parquet:96057,Азово,деревня,пермский,127.0,58.1030201,55.011228,/workspace/settlements-raw/data/interim/2021_tochno/data_allsettlements_anon_156_v20251217.parquet,86c197cd522e0b63669e9c6e7f43fd3d82b3704c6a126c800a9968ecd16cae14,"parquet_row_1based=96057;latitude_dadata,longitude_dadata",tochno_2021_dadata_raw_parquet_point,reviewed_rule_accepted,2021:data_allsettlements_anon_156_v20251217.parquet:parquet:96057,114.10954973315877,0.0,114.10954973315877,114.10954973315877,distance_km_2002_2010,333
2002:036_81b258bc42_02c_Krasnodarski-krai.xls:11:618,2002:036_81b258bc42_02c_Krasnodarski-krai.xls:11:618,Лиманский,посёлок,краснодарский,474.0,45.863656,38.9388402,/workspace/settlements-raw/data/interim/2021_tochno/data_allsettlements_anon_156_v20251217.parquet,86c197cd522e0b63669e9c6e7f43fd3d82b3704c6a126c800a9968ecd16cae14,"carrier_target_source_record_id=2021:data_allsettlements_anon_156_v20251217.parquet:parquet:45025;parquet_row_1based=45025;latitude_dadata,longitude_dadata",retrospective_continuity_from_tochno_2021_dadata_raw_parquet_point,reviewed_extension_rule_accepted,2021:data_allsettlements_anon_156_v20251217.parquet:parquet:45025,2010:005_888282bccc_13._20Краснодарский_край_2010.xls:КК:245,Лиманский,посёлок,краснодарский,509.0,45.26944,40.13194,/workspace/settlements-raw/data/raw/historical_geography/geokladr_okato_2011/okato.dbf,d1c8b983f2489724a940bd2a64dedda73b602f6c491d5c09391deaf362fe2650,raw_dbf_record_number_1based=1853;byte_offset_0based=732245,geokladr_2011_raw_dbf_coordinate,reviewed_extension_rule_accepted,GeoKLADR2011:OKATO:03210822003,2021:data_allsettlements_anon_156_v20251217.parquet:parquet:45025,Лиманский,посёлок,краснодарский,439.0,45.863656,38.9388402,/workspace/settlements-raw/data/interim/2021_tochno/data_allsettlements_anon_156_v20251217.parquet,86c197cd522e0b63669e9c6e7f43fd3d82b3704c6a126c800a9968ecd16cae14,"parquet_row_1based=45025;latitude_dadata,longitude_dadata",tochno_2021_dadata_raw_parquet_point,reviewed_rule_accepted,2021:data_allsettlements_anon_156_v20251217.parquet:parquet:45025,113.98026685445058,0.0,113.98026685445058,113.98026685445058,distance_km_2002_2010,334
2002:015_90ef69f659_02c_Tver_obl.xls:!!!:6703,2002:015_90ef69f659_02c_Tver_obl.xls:!!!:6703,Сухлово,деревня,тверская,16.0,56.815721,31.666879,/workspace/settlements-raw/data/raw/historical_geography/geokladr_okato_2011/okato.dbf,d1c8b983f2489724a940bd2a64dedda73b602f6c491d5c09391deaf362fe2650,raw_dbf_record_number_1based=45859;byte_offset_0based=18114615,geokladr_2011_raw_dbf_coordinate,reviewed_extension_rule_accepted,GeoKLADR2011:OKATO:28245834012,2010:019_a193ec7827_Tver_L1_ethn_np_2010.xls:Data Sheet:6259,Сухлово,деревня,тверская,11.0,56.815721,31.666879,/workspace/settlements-raw/data/raw/historical_geography/geokladr_okato_2011/okato.dbf,d1c8b983f2489724a940bd2a64dedda73b602f6c491d5c09391deaf362fe2650,raw_dbf_record_number_1based=45859;byte_offset_0based=18114615,geokladr_2011_raw_dbf_coordinate,reviewed_extension_rule_accepted,GeoKLADR2011:OKATO:28245834012,2021:data_allsettlements_anon_156_v20251217.parquet:parquet:142710,Сухлово,деревня,тверская,4.0,57.22425,33.38728,/workspace/settlements-raw/data/raw/coordinate_candidates/geonames_RU_20260907.zip,9bf299daaff13de75ddbf610e113469aae80537d66a7de3437967576c6509ff4,RU.txt:line=26133;geonameid=486650,geonames_ru_txt_named_place_point,reviewed_extension_rule_accepted,GeoNames:geonameid:486650,0.0,113.606374636999,113.606374636999,113.606374636999,distance_km_2002_2021,335
2002:067_7363c80f41_02c_Krasnojarski_lraj.xls:Sheet1:1276,2002:067_7363c80f41_02c_Krasnojarski_lraj.xls:Sheet1:1276,Курское,село,красноярский,289.0,53.990552,92.9168107,/workspace/settlements-raw/data/interim/2021_tochno/data_allsettlements_anon_156_v20251217.parquet,86c197cd522e0b63669e9c6e7f43fd3d82b3704c6a126c800a9968ecd16cae14,"carrier_target_source_record_id=2021:data_allsettlements_anon_156_v20251217.parquet:parquet:48316;parquet_row_1based=48316;latitude_dadata,longitude_dadata",retrospective_continuity_from_tochno_2021_dadata_raw_parquet_point,reviewed_extension_rule_accepted,2021:data_allsettlements_anon_156_v20251217.parquet:parquet:48316,2010:008_342f3c208b_16._20Сиб_ФО_2010.xls:Sib:2612,Курское,село,красноярский,232.0,54.581389,91.499444,/workspace/settlements-raw/data/raw/historical_geography/geokladr_okato_2011/okato.dbf,d1c8b983f2489724a940bd2a64dedda73b602f6c491d5c09391deaf362fe2650,raw_dbf_record_number_1based=4338;byte_offset_0based=1713820,geokladr_2011_raw_dbf_coordinate,reviewed_extension_rule_accepted,GeoKLADR2011:OKATO:04230822001,2021:data_allsettlements_anon_156_v20251217.parquet:parquet:48316,Курское,село,красноярский,143.0,53.990552,92.9168107,/workspace/settlements-raw/data/interim/2021_tochno/data_allsettlements_anon_156_v20251217.parquet,86c197cd522e0b63669e9c6e7f43fd3d82b3704c6a126c800a9968ecd16cae14,"parquet_row_1based=48316;latitude_dadata,longitude_dadata",tochno_2021_dadata_raw_parquet_point,reviewed_rule_accepted,2021:data_allsettlements_anon_156_v20251217.parquet:parquet:48316,113.0461547508332,0.0,113.0461547508332,113.0461547508332,distance_km_2002_2010,336
2002:045_9dc3ed048e_02c__Udmurtia.xls:Sheet1:2762,2002:045_9dc3ed048e_02c__Udmurtia.xls:Sheet1:2762,Каравай,деревня,удмуртская,45.0,58.361467,52.168361,,,,,reviewed_extension_rule_accepted,2010:017_68e0e4537e_9._20Basq_Mari_Mord_Tatar_Udm_Chuv_2010.xls:!!!:12446,2010:017_68e0e4537e_9._20Basq_Mari_Mord_Tatar_Udm_Chuv_2010.xls:!!!:12446,Каравай,деревня,удмуртская,31.0,58.361467,52.168361,/workspace/settlements-raw/data/raw/historical_geography/geokladr_okato_2011/okato.dbf,d1c8b983f2489724a940bd2a64dedda73b602f6c491d5c09391deaf362fe2650,raw_dbf_record_number_1based=148780;byte_offset_0based=58768410,geokladr_2011_raw_dbf_coordinate,reviewed_extension_rule_accepted,GeoKLADR2011:OKATO:94250840007,2021:data_allsettlements_anon_156_v20251217.parquet:parquet:157507,Каравай,деревня,удмуртская,21.0,57.371667,52.604722,/workspace/settlements-raw/data/raw/wikidata_truthy_claims/batch_0005.jsonl.gz,4c24fb0757d882905a063cb56caa27990489043498ab80811f3646f3af6ca107,"{""line_number"": 7816, ""locator"": ""batch_0005.jsonl.gz#line=7816"", ""retrieved_at_utc"": ""2026-08-31T20:57:14.325584+00:00"", ""source_file"": ""batch_0005.jsonl.gz"", ""value_raw"": ""POINT(52.604722 57.371667)""}",wikidata_P625_point_claim,reviewed_extension_rule_accepted,Q12108492,0.0,113.04561688161807,113.04561688161807,113.04561688161807,distance_km_2002_2021,337
2002:015_90ef69f659_02c_Tver_obl.xls:!!!:9914,2002:015_90ef69f659_02c_Tver_obl.xls:!!!:9914,Анкудиниха,деревня,тверская,0.0,57.3012,36.6079,/workspace/settlements-raw/data/raw/historical_geography/geokladr_okato_2011/okato.dbf,d1c8b983f2489724a940bd2a64dedda73b602f6c491d5c09391deaf362fe2650,raw_dbf_record_number_1based=48780;byte_offset_0based=19268410,geokladr_2011_raw_dbf_coordinate,reviewed_extension_rule_accepted,GeoKLADR2011:OKATO:28256806002,2010:019_a193ec7827_Tver_L1_ethn_np_2010.xls:Data Sheet:9227,Анкудиниха,деревня,тверская,0.0,57.3012,36.6079,/workspace/settlements-raw/data/raw/historical_geography/geokladr_okato_2011/okato.dbf,d1c8b983f2489724a940bd2a64dedda73b602f6c491d5c09391deaf362fe2650,raw_dbf_record_number_1based=48780;byte_offset_0based=19268410,geokladr_2011_raw_dbf_coordinate,reviewed_extension_rule_accepted,GeoKLADR2011:OKATO:28256806002,2021:data_allsettlements_anon_156_v20251217.parquet:parquet:142241,Анкудиниха,деревня,тверская,0.0,57.94917,35.16472,/workspace/settlements-raw/data/raw/coordinate_candidates/geonames_RU_20260907.zip,9bf299daaff13de75ddbf610e113469aae80537d66a7de3437967576c6509ff4,RU.txt:line=120593;geonameid=581680,geonames_ru_txt_named_place_point,reviewed_extension_rule_accepted,GeoNames:geonameid:581680,0.0,112.13321968252225,112.13321968252225,112.13321968252225,distance_km_2002_2021,338
2002:016_3aa889d669_02c_Tulskaja.xls:Sheet1:782,2002:016_3aa889d669_02c_Tulskaja.xls:Sheet1:782,Гурьево,деревня,тульская,39.0,54.4085813,38.1999551,/workspace/settlements-raw/data/interim/2021_tochno/data_allsettlements_anon_156_v20251217.parquet,86c197cd522e0b63669e9c6e7f43fd3d82b3704c6a126c800a9968ecd16cae14,"carrier_target_source_record_id=2021:data_allsettlements_anon_156_v20251217.parquet:parquet:150012;parquet_row_1based=150012;latitude_dadata,longitude_dadata",retrospective_continuity_from_tochno_2021_dadata_raw_parquet_point,reviewed_extension_rule_accepted,2021:data_allsettlements_anon_156_v20251217.parquet:parquet:150012,2010:011_040325482b_3._20Ryaz_Smol_Tambov_Tula_Jaroslavl_20L1_20ethn_2010.xls:Data Sheet:10040,Гурьево,деревня,тульская,31.0,53.412197,37.985064,/workspace/settlements-raw/data/raw/historical_geography/geokladr_okato_2011/okato.dbf,d1c8b983f2489724a940bd2a64dedda73b602f6c491d5c09391deaf362fe2650,raw_dbf_record_number_1based=118411;byte_offset_0based=46772655,geokladr_2011_raw_dbf_coordinate,reviewed_extension_rule_accepted,GeoKLADR2011:OKATO:70212893004,2021:data_allsettlements_anon_156_v20251217.parquet:parquet:150012,Гурьево,деревня,тульская,61.0,54.4085813,38.1999551,/workspace/settlements-raw/data/interim/2021_tochno/data_allsettlements_anon_156_v20251217.parquet,86c197cd522e0b63669e9c6e7f43fd3d82b3704c6a126c800a9968ecd16cae14,"parquet_row_1based=150012;latitude_dadata,longitude_dadata",tochno_2021_dadata_raw_parquet_point,reviewed_rule_accepted,2021:data_allsettlements_anon_156_v20251217.parquet:parquet:150012,111.6833704745517,0.0,111.6833704745517,111.6833704745517,distance_km_2002_2010,339
2002:047_9960082a3e_02c_Kirovskaja_new.xls:Sheet1:891,2002:047_9960082a3e_02c_Kirovskaja_new.xls:Sheet1:891,Перетягины,деревня,кировская,18.0,58.872247,48.277561,/workspace/settlements-raw/data/raw/historical_geography/geokladr_okato_2011/okato.dbf,d1c8b983f2489724a940bd2a64dedda73b602f6c491d5c09391deaf362fe2650,raw_dbf_record_number_1based=54038;byte_offset_0based=21345320,geokladr_2011_raw_dbf_coordinate,reviewed_extension_rule_accepted,GeoKLADR2011:OKATO:33212832011,2010:014_5ca759eea0_5._20Nizheg_Kirov_202010.xls:Data Sheet:5457,Перетягины,деревня,кировская,16.0,58.872247,48.277561,/workspace/settlements-raw/data/raw/historical_geography/geokladr_okato_2011/okato.dbf,d1c8b983f2489724a940bd2a64dedda73b602f6c491d5c09391deaf362fe2650,raw_dbf_record_number_1based=54038;byte_offset_0based=21345320,geokladr_2011_raw_dbf_coordinate,reviewed_extension_rule_accepted,GeoKLADR2011:OKATO:33212832011,2021:data_allsettlements_anon_156_v20251217.parquet:parquet:34348,Перетягины,деревня,кировская,7.0,59.87194,48.27833,/workspace/settlements-raw/data/raw/wikidata_truthy_claims/batch_0017.jsonl.gz,a51724e0fad51b388739f0da2b37460f100de8efdbf0d19bbfbc6f34d1951a8b,"{""line_number"": 5170, ""locator"": ""batch_0017.jsonl.gz#line=5170"", ""retrieved_at_utc"": ""2026-08-31T20:57:29.073246+00:00"", ""source_file"": ""batch_0017.jsonl.gz"", ""value_raw"": ""POINT(48.278330 59.871940)""}",wikidata_P625_point_claim,reviewed_extension_rule_accepted,Q15360803,0.0,111.16095187799527,111.16095187799527,111.16095187799527,distance_km_2002_2021,340
2002:017_6374fdddeb_02c_Yaroslavskaja.xls:Sheet1:1454,2002:017_6374fdddeb_02c_Yaroslavskaja.xls:Sheet1:1454,Хотеново,деревня,ярославская,16.0,57.9904197,40.4578354,/workspace/settlements-raw/data/interim/2021_tochno/data_allsettlements_anon_156_v20251217.parquet,86c197cd522e0b63669e9c6e7f43fd3d82b3704c6a126c800a9968ecd16cae14,"carrier_target_source_record_id=2021:data_allsettlements_anon_156_v20251217.parquet:parquet:168558;parquet_row_1based=168558;latitude_dadata,longitude_dadata",retrospective_continuity_from_tochno_2021_dadata_raw_parquet_point,reviewed_extension_rule_accepted,2021:data_allsettlements_anon_156_v20251217.parquet:parquet:168558,2010:011_040325482b_3._20Ryaz_Smol_Tambov_Tula_Jaroslavl_20L1_20ethn_2010.xls:Data Sheet:14178,Хотеново,деревня,ярославская,14.0,57.396212,38.959108,/workspace/settlements-raw/data/raw/historical_geography/geokladr_okato_2011/okato.dbf,d1c8b983f2489724a940bd2a64dedda73b602f6c491d5c09391deaf362fe2650,raw_dbf_record_number_1based=127032;byte_offset_0based=50177950,geokladr_2011_raw_dbf_coordinate,reviewed_extension_rule_accepted,GeoKLADR2011:OKATO:78215870046,2021:data_allsettlements_anon_156_v20251217.parquet:parquet:168558,Хотеново,деревня,ярославская,9.0,57.9904197,40.4578354,/workspace/settlements-raw/data/interim/2021_tochno/data_allsettlements_anon_156_v20251217.parquet,86c197cd522e0b63669e9c6e7f43fd3d82b3704c6a126c800a9968ecd16cae14,"parquet_row_1based=168558;latitude_dadata,longitude_dadata",tochno_2021_dadata_raw_parquet_point,reviewed_rule_accepted,2021:data_allsettlements_anon_156_v20251217.parquet:parquet:168558,110.89460417554352,0.0,110.89460417554352,110.89460417554352,distance_km_2002_2010,341
2002:051_46e3ecb0a0_02c_Permskaja_obl.xls:Sheet1:2951,2002:051_46e3ecb0a0_02c_Permskaja_obl.xls:Sheet1:2951,Шумки,деревня,пермский,64.0,58.375866,54.289535,/workspace/settlements-raw/data/raw/historical_geography/geokladr_okato_2011/okato.dbf,d1c8b983f2489724a940bd2a64dedda73b602f6c491d5c09391deaf362fe2650,raw_dbf_record_number_1based=92571;byte_offset_0based=36565855,geokladr_2011_raw_dbf_coordinate,reviewed_extension_rule_accepted,GeoKLADR2011:OKATO:57246813019,2010:016_802d308e41_8._20Or_Penz_Perm_Samar_Saratov_Uly_2010.xls:!!!:6985,Шумки,деревня,пермский,57.0,58.375866,54.289535,/workspace/settlements-raw/data/raw/historical_geography/geokladr_okato_2011/okato.dbf,d1c8b983f2489724a940bd2a64dedda73b602f6c491d5c09391deaf362fe2650,raw_dbf_record_number_1based=92571;byte_offset_0based=36565855,geokladr_2011_raw_dbf_coordinate,reviewed_extension_rule_accepted,GeoKLADR2011:OKATO:57246813019,2021:data_allsettlements_anon_156_v20251217.parquet:parquet:97621,Шумки,деревня,пермский,48.0,57.9093,55.9572,/workspace/settlements-raw/data/raw/coordinate_candidates/geonames_RU_20260907.zip,9bf299daaff13de75ddbf610e113469aae80537d66a7de3437967576c6509ff4,RU.txt:line=230982;geonameid=6266895,geonames_ru_txt_named_place_point,reviewed_extension_rule_accepted,GeoNames:geonameid:6266895,0.0,110.76999085456642,110.76999085456642,110.76999085456642,distance_km_2002_2021,342
2002:051_46e3ecb0a0_02c_Permskaja_obl.xls:Sheet1:2038,2002:051_46e3ecb0a0_02c_Permskaja_obl.xls:Sheet1:2038,Зарубино,село,пермский,605.0,57.5786427,56.9579436,/workspace/settlements-raw/data/interim/2021_tochno/data_allsettlements_anon_156_v20251217.parquet,86c197cd522e0b63669e9c6e7f43fd3d82b3704c6a126c800a9968ecd16cae14,"carrier_target_source_record_id=2021:data_allsettlements_anon_156_v20251217.parquet:parquet:96808;parquet_row_1based=96808;latitude_dadata,longitude_dadata",retrospective_continuity_from_tochno_2021_dadata_raw_parquet_point,reviewed_extension_rule_accepted,2021:data_allsettlements_anon_156_v20251217.parquet:parquet:96808,2010:016_802d308e41_8._20Or_Penz_Perm_Samar_Saratov_Uly_2010.xls:!!!:6272,Зарубино,село,пермский,537.0,58.483633,56.186233,/workspace/settlements-raw/data/raw/historical_geography/geokladr_okato_2011/okato.dbf,d1c8b983f2489724a940bd2a64dedda73b602f6c491d5c09391deaf362fe2650,raw_dbf_record_number_1based=91846;byte_offset_0based=36279480,geokladr_2011_raw_dbf_coordinate,reviewed_extension_rule_accepted,GeoKLADR2011:OKATO:57230816001,2021:data_allsettlements_anon_156_v20251217.parquet:parquet:96808,Зарубино,село,пермский,547.0,57.5786427,56.9579436,/workspace/settlements-raw/data/interim/2021_tochno/data_allsettlements_anon_156_v20251217.parquet,86c197cd522e0b63669e9c6e7f43fd3d82b3704c6a126c800a9968ecd16cae14,"parquet_row_1based=96808;latitude_dadata,longitude_dadata",tochno_2021_dadata_raw_parquet_point,reviewed_rule_accepted,2021:data_allsettlements_anon_156_v20251217.parquet:parquet:96808,110.40949505334113,0.0,110.40949505334113,110.40949505334113,distance_km_2002_2010,343
2002:023_38d853be37_02c_Kaliningrad.xls:Sheet1:629,2002:023_38d853be37_02c_Kaliningrad.xls:Sheet1:629,Хлебниково,посёлок,калининградская,322.0,54.9332452,22.4588127,/workspace/settlements-raw/data/interim/2021_tochno/data_allsettlements_anon_156_v20251217.parquet,86c197cd522e0b63669e9c6e7f43fd3d82b3704c6a126c800a9968ecd16cae14,"carrier_target_source_record_id=2021:data_allsettlements_anon_156_v20251217.parquet:parquet:26080;parquet_row_1based=26080;latitude_dadata,longitude_dadata",retrospective_continuity_from_tochno_2021_dadata_raw_parquet_point,reviewed_extension_rule_accepted,2021:data_allsettlements_anon_156_v20251217.parquet:parquet:26080,KAL2010:TOM1:S4:R0575,хлебниково,посёлок,калининградская,329.0,54.863149,20.740194,/workspace/settlements-raw/data/raw/historical_geography/geokladr_okato_2011/okato.dbf,d1c8b983f2489724a940bd2a64dedda73b602f6c491d5c09391deaf362fe2650,raw_dbf_record_number_1based=39136;byte_offset_0based=15459030,geokladr_2011_raw_dbf_coordinate,reviewed_extension_rule_accepted,GeoKLADR2011:OKATO:27218819001,2021:data_allsettlements_anon_156_v20251217.parquet:parquet:26080,Хлебниково,посёлок,калининградская,300.0,54.9332452,22.4588127,/workspace/settlements-raw/data/interim/2021_tochno/data_allsettlements_anon_156_v20251217.parquet,86c197cd522e0b63669e9c6e7f43fd3d82b3704c6a126c800a9968ecd16cae14,"parquet_row_1based=26080;latitude_dadata,longitude_dadata",tochno_2021_dadata_raw_parquet_point,reviewed_rule_accepted,2021:data_allsettlements_anon_156_v20251217.parquet:parquet:26080,110.16281834518156,0.0,110.16281834518156,110.16281834518156,distance_km_2002_2010,344
2002:051_46e3ecb0a0_02c_Permskaja_obl.xls:Sheet1:1277,2002:051_46e3ecb0a0_02c_Permskaja_obl.xls:Sheet1:1277,Чуманы,деревня,пермский,10.0,58.26014,54.014709,/workspace/settlements-raw/data/raw/historical_geography/geokladr_okato_2011/okato.dbf,d1c8b983f2489724a940bd2a64dedda73b602f6c491d5c09391deaf362fe2650,raw_dbf_record_number_1based=91295;byte_offset_0based=36061835,geokladr_2011_raw_dbf_coordinate,reviewed_extension_rule_accepted,GeoKLADR2011:OKATO:57220815005,2010:016_802d308e41_8._20Or_Penz_Perm_Samar_Saratov_Uly_2010.xls:!!!:5719,Чуманы,деревня,пермский,16.0,58.26014,54.014709,/workspace/settlements-raw/data/raw/historical_geography/geokladr_okato_2011/okato.dbf,d1c8b983f2489724a940bd2a64dedda73b602f6c491d5c09391deaf362fe2650,raw_dbf_record_number_1based=91295;byte_offset_0based=36061835,geokladr_2011_raw_dbf_coordinate,reviewed_extension_rule_accepted,GeoKLADR2011:OKATO:57220815005,2021:data_allsettlements_anon_156_v20251217.parquet:parquet:99189,Чуманы,деревня,пермский,10.0,58.3029,55.8826,/workspace/settlements-raw/data/raw/coordinate_candidates/geonames_RU_20260907.zip,9bf299daaff13de75ddbf610e113469aae80537d66a7de3437967576c6509ff4,RU.txt:line=106635;geonameid=567625,geonames_ru_txt_named_place_point,reviewed_extension_rule_accepted,GeoNames:geonameid:567625,0.0,109.29755288976153,109.29755288976153,109.29755288976153,distance_km_2002_2021,345
2002:022_862ad8a69d_02c_Vologodskaya.xls:2C:1963,2002:022_862ad8a69d_02c_Vologodskaya.xls:2C:1963,Кладовка,деревня,вологодская,3.0,59.468309,39.281474,/workspace/settlements-raw/data/raw/historical_geography/geokladr_okato_2011/okato.dbf,d1c8b983f2489724a940bd2a64dedda73b602f6c491d5c09391deaf362fe2650,raw_dbf_record_number_1based=21608;byte_offset_0based=8535470,geokladr_2011_raw_dbf_coordinate,reviewed_extension_rule_accepted,GeoKLADR2011:OKATO:19218852005,2010:012_5c339c0d0e_4._20Vologod_pskov_2010.xls:Data Sheet:1817,Кладовка,деревня,вологодская,0.0,59.468309,39.281474,/workspace/settlements-raw/data/raw/historical_geography/geokladr_okato_2011/okato.dbf,d1c8b983f2489724a940bd2a64dedda73b602f6c491d5c09391deaf362fe2650,raw_dbf_record_number_1based=21608;byte_offset_0based=8535470,geokladr_2011_raw_dbf_coordinate,reviewed_extension_rule_accepted,GeoKLADR2011:OKATO:19218852005,2021:data_allsettlements_anon_156_v20251217.parquet:parquet:7610,Кладовка,деревня,вологодская,1.0,60.4206,39.7517,/workspace/settlements-raw/data/raw/coordinate_candidates/geonames_RU_20260907.zip,9bf299daaff13de75ddbf610e113469aae80537d66a7de3437967576c6509ff4,RU.txt:line=334759;geonameid=8245550,geonames_ru_txt_named_place_point,reviewed_extension_rule_accepted,GeoNames:geonameid:8245550,0.0,109.07943025802115,109.07943025802115,109.07943025802115,distance_km_2002_2021,346
2002:045_9dc3ed048e_02c__Udmurtia.xls:Sheet1:2270,2002:045_9dc3ed048e_02c__Udmurtia.xls:Sheet1:2270,Орловское,посёлок,удмуртская,886.0,56.949951,53.211587,,,,,reviewed_rule_accepted,,2010:017_68e0e4537e_9._20Basq_Mari_Mord_Tatar_Udm_Chuv_2010.xls:!!!:12118,Орловское,село,удмуртская,736.0,56.949951,53.211587,/workspace/settlements-raw/data/raw/historical_geography/geokladr_okato_2011/okato.dbf,d1c8b983f2489724a940bd2a64dedda73b602f6c491d5c09391deaf362fe2650,raw_dbf_record_number_1based=148454;byte_offset_0based=58639640,geokladr_2011_raw_dbf_coordinate,reviewed_extension_rule_accepted,GeoKLADR2011:OKATO:94241855001,2021:data_allsettlements_anon_156_v20251217.parquet:parquet:157129,Орловское,село,удмуртская,521.0,57.114722,51.435278,/workspace/settlements-raw/data/raw/wikidata_truthy_claims/batch_0006.jsonl.gz,1e70018733ade66f7436c1ae042f91e40e931ca867f4fa8d616ac328e1053af9,"{""line_number"": 8866, ""locator"": ""batch_0006.jsonl.gz#line=8866"", ""retrieved_at_utc"": ""2026-08-31T20:57:16.040450+00:00"", ""source_file"": ""batch_0006.jsonl.gz"", ""value_raw"": ""POINT(51.435278 57.114722)""}",wikidata_P625_point_claim,reviewed_extension_rule_accepted,Q12136391,0.0,109.02898983451041,109.02898983451041,109.02898983451041,distance_km_2002_2021,347
2002:015_90ef69f659_02c_Tver_obl.xls:!!!:1777,2002:015_90ef69f659_02c_Tver_obl.xls:!!!:1777,Вороны,деревня,тверская,130.0,56.449628,33.46834,/workspace/settlements-raw/data/raw/historical_geography/geokladr_okato_2011/okato.dbf,d1c8b983f2489724a940bd2a64dedda73b602f6c491d5c09391deaf362fe2650,raw_dbf_record_number_1based=41309;byte_offset_0based=16317365,geokladr_2011_raw_dbf_coordinate,reviewed_extension_rule_accepted,GeoKLADR2011:OKATO:28214832002,2010:019_a193ec7827_Tver_L1_ethn_np_2010.xls:Data Sheet:1634,Вороны,деревня,тверская,93.0,56.449628,33.46834,/workspace/settlements-raw/data/raw/historical_geography/geokladr_okato_2011/okato.dbf,d1c8b983f2489724a940bd2a64dedda73b602f6c491d5c09391deaf362fe2650,raw_dbf_record_number_1based=41309;byte_offset_0based=16317365,geokladr_2011_raw_dbf_coordinate,reviewed_extension_rule_accepted,GeoKLADR2011:OKATO:28214832002,2021:data_allsettlements_anon_156_v20251217.parquet:parquet:137434,Вороны,деревня,тверская,89.0,55.813761,32.129075,/workspace/settlements-raw/data/raw/wikidata_truthy_claims/batch_0061.jsonl.gz,f77097f31f569b965640c35741189fb906c3d9768ce3e2c31d5878ac8c4764a5,"{""line_number"": 8189, ""locator"": ""batch_0061.jsonl.gz#line=8189"", ""retrieved_at_utc"": ""2026-08-31T20:58:17.994355+00:00"", ""source_file"": ""batch_0061.jsonl.gz"", ""value_raw"": ""POINT(32.129075 55.813761)""}",wikidata_P625_point_claim,reviewed_extension_rule_accepted,Q19914520,0.0,109.02274034980967,109.02274034980967,109.02274034980967,distance_km_2002_2021,348
2002:015_90ef69f659_02c_Tver_obl.xls:!!!:5774,2002:015_90ef69f659_02c_Tver_obl.xls:!!!:5774,Герасимово,деревня,тверская,0.0,58.1914093,36.6106338,/workspace/settlements-raw/data/interim/2021_tochno/data_allsettlements_anon_156_v20251217.parquet,86c197cd522e0b63669e9c6e7f43fd3d82b3704c6a126c800a9968ecd16cae14,"carrier_target_source_record_id=2021:data_allsettlements_anon_156_v20251217.parquet:parquet:134957;parquet_row_1based=134957;latitude_dadata,longitude_dadata",retrospective_continuity_from_tochno_2021_dadata_raw_parquet_point,reviewed_extension_rule_accepted,2021:data_allsettlements_anon_156_v20251217.parquet:parquet:134957,2010:019_a193ec7827_Tver_L1_ethn_np_2010.xls:Data Sheet:5377,Герасимово,деревня,тверская,4.0,57.295303,37.345489,/workspace/settlements-raw/data/raw/historical_geography/geokladr_okato_2011/okato.dbf,d1c8b983f2489724a940bd2a64dedda73b602f6c491d5c09391deaf362fe2650,raw_dbf_record_number_1based=44995;byte_offset_0based=17773335,geokladr_2011_raw_dbf_coordinate,reviewed_extension_rule_accepted,GeoKLADR2011:OKATO:28242806007,2021:data_allsettlements_anon_156_v20251217.parquet:parquet:134957,Герасимово,деревня,тверская,0.0,58.1914093,36.6106338,/workspace/settlements-raw/data/interim/2021_tochno/data_allsettlements_anon_156_v20251217.parquet,86c197cd522e0b63669e9c6e7f43fd3d82b3704c6a126c800a9968ecd16cae14,"parquet_row_1based=134957;latitude_dadata,longitude_dadata",tochno_2021_dadata_raw_parquet_point,reviewed_rule_accepted,2021:data_allsettlements_anon_156_v20251217.parquet:parquet:134957,108.7667640765609,0.0,108.7667640765609,108.7667640765609,distance_km_2002_2010,349
2002:016_3aa889d669_02c_Tulskaja.xls:Sheet1:205,2002:016_3aa889d669_02c_Tulskaja.xls:Sheet1:205,Батурский,посёлок,тульская,2.0,53.5526762,36.3598481,/workspace/settlements-raw/data/interim/2021_tochno/data_allsettlements_anon_156_v20251217.parquet,86c197cd522e0b63669e9c6e7f43fd3d82b3704c6a126c800a9968ecd16cae14,"carrier_target_source_record_id=2021:data_allsettlements_anon_156_v20251217.parquet:parquet:149588;parquet_row_1based=149588;latitude_dadata,longitude_dadata",retrospective_continuity_from_tochno_2021_dadata_raw_parquet_point,reviewed_extension_rule_accepted,2021:data_allsettlements_anon_156_v20251217.parquet:parquet:149588,2010:011_040325482b_3._20Ryaz_Smol_Tambov_Tula_Jaroslavl_20L1_20ethn_2010.xls:Data Sheet:9520,Батурский,посёлок,тульская,6.0,53.945115,37.858721,/workspace/settlements-raw/data/raw/historical_geography/geokladr_okato_2011/okato.dbf,d1c8b983f2489724a940bd2a64dedda73b602f6c491d5c09391deaf362fe2650,raw_dbf_record_number_1based=117904;byte_offset_0based=46572390,geokladr_2011_raw_dbf_coordinate,reviewed_extension_rule_accepted,GeoKLADR2011:OKATO:70204830002,2021:data_allsettlements_anon_156_v20251217.parquet:parquet:149588,Батурский,посёлок,тульская,0.0,53.5526762,36.3598481,/workspace/settlements-raw/data/interim/2021_tochno/data_allsettlements_anon_156_v20251217.parquet,86c197cd522e0b63669e9c6e7f43fd3d82b3704c6a126c800a9968ecd16cae14,"parquet_row_1based=149588;latitude_dadata,longitude_dadata",tochno_2021_dadata_raw_parquet_point,reviewed_rule_accepted,2021:data_allsettlements_anon_156_v20251217.parquet:parquet:149588,107.78034951356837,0.0,107.78034951356837,107.78034951356837,distance_km_2002_2010,350
2002:017_6374fdddeb_02c_Yaroslavskaja.xls:Sheet1:2651,2002:017_6374fdddeb_02c_Yaroslavskaja.xls:Sheet1:2651,Рождественное,село,ярославская,176.0,57.8044079,40.4657872,/workspace/settlements-raw/data/interim/2021_tochno/data_allsettlements_anon_156_v20251217.parquet,86c197cd522e0b63669e9c6e7f43fd3d82b3704c6a126c800a9968ecd16cae14,"carrier_target_source_record_id=2021:data_allsettlements_anon_156_v20251217.parquet:parquet:169719;parquet_row_1based=169719;latitude_dadata,longitude_dadata",retrospective_continuity_from_tochno_2021_dadata_raw_parquet_point,reviewed_extension_rule_accepted,2021:data_allsettlements_anon_156_v20251217.parquet:parquet:169719,2010:011_040325482b_3._20Ryaz_Smol_Tambov_Tula_Jaroslavl_20L1_20ethn_2010.xls:Data Sheet:15304,Рождественное,село,ярославская,153.0,57.1759,39.0968,/workspace/settlements-raw/data/raw/historical_geography/geokladr_okato_2011/okato.dbf,d1c8b983f2489724a940bd2a64dedda73b602f6c491d5c09391deaf362fe2650,raw_dbf_record_number_1based=128120;byte_offset_0based=50607710,geokladr_2011_raw_dbf_coordinate,reviewed_extension_rule_accepted,GeoKLADR2011:OKATO:78226807028,2021:data_allsettlements_anon_156_v20251217.parquet:parquet:169719,Рождественное,село,ярославская,116.0,57.8044079,40.4657872,/workspace/settlements-raw/data/interim/2021_tochno/data_allsettlements_anon_156_v20251217.parquet,86c197cd522e0b63669e9c6e7f43fd3d82b3704c6a126c800a9968ecd16cae14,"parquet_row_1based=169719;latitude_dadata,longitude_dadata",tochno_2021_dadata_raw_parquet_point,reviewed_rule_accepted,2021:data_allsettlements_anon_156_v20251217.parquet:parquet:169719,107.59486161980429,0.0,107.59486161980429,107.59486161980429,distance_km_2002_2010,351
2002:052_4be37f273b_02c_Komi_perm_AO.xls:Sheet1:150,2002:052_4be37f273b_02c_Komi_perm_AO.xls:Sheet1:150,Зинково,деревня,пермский,39.0,59.6232943,55.2331828,/workspace/settlements-raw/data/interim/2021_tochno/data_allsettlements_anon_156_v20251217.parquet,86c197cd522e0b63669e9c6e7f43fd3d82b3704c6a126c800a9968ecd16cae14,"carrier_target_source_record_id=2021:data_allsettlements_anon_156_v20251217.parquet:parquet:96326;parquet_row_1based=96326;latitude_dadata,longitude_dadata",retrospective_continuity_from_tochno_2021_dadata_raw_parquet_point,reviewed_extension_rule_accepted,2021:data_allsettlements_anon_156_v20251217.parquet:parquet:96326,2010:016_802d308e41_8._20Or_Penz_Perm_Samar_Saratov_Uly_2010.xls:!!!:4614,Зинково,деревня,пермский,16.0,58.663562,55.38396,/workspace/settlements-raw/data/raw/historical_geography/geokladr_okato_2011/okato.dbf,d1c8b983f2489724a940bd2a64dedda73b602f6c491d5c09391deaf362fe2650,raw_dbf_record_number_1based=90153;byte_offset_0based=35610745,geokladr_2011_raw_dbf_coordinate,reviewed_extension_rule_accepted,GeoKLADR2011:OKATO:57117906015,2021:data_allsettlements_anon_156_v20251217.parquet:parquet:96326,Зинково,деревня,пермский,3.0,59.6232943,55.2331828,/workspace/settlements-raw/data/interim/2021_tochno/data_allsettlements_anon_156_v20251217.parquet,86c197cd522e0b63669e9c6e7f43fd3d82b3704c6a126c800a9968ecd16cae14,"parquet_row_1based=96326;latitude_dadata,longitude_dadata",tochno_2021_dadata_raw_parquet_point,reviewed_rule_accepted,2021:data_allsettlements_anon_156_v20251217.parquet:parquet:96326,107.06331229315708,0.0,107.06331229315708,107.06331229315708,distance_km_2002_2010,352
2002:051_46e3ecb0a0_02c_Permskaja_obl.xls:Sheet1:1654,2002:051_46e3ecb0a0_02c_Permskaja_obl.xls:Sheet1:1654,Сидорово,деревня,пермский,3.0,58.6858675,55.2004765,,,,,reviewed_extension_rule_accepted,2021:data_allsettlements_anon_156_v20251217.parquet:parquet:96174,2010:016_802d308e41_8._20Or_Penz_Perm_Samar_Saratov_Uly_2010.xls:!!!:6009,Сидорово,деревня,пермский,0.0,57.740605,54.941517,/workspace/settlements-raw/data/raw/historical_geography/geokladr_okato_2011/okato.dbf,d1c8b983f2489724a940bd2a64dedda73b602f6c491d5c09391deaf362fe2650,raw_dbf_record_number_1based=91582;byte_offset_0based=36175200,geokladr_2011_raw_dbf_coordinate,reviewed_extension_rule_accepted,GeoKLADR2011:OKATO:57222843015,2021:data_allsettlements_anon_156_v20251217.parquet:parquet:96174,Сидорово,деревня,пермский,0.0,58.6858675,55.2004765,/workspace/settlements-raw/data/interim/2021_tochno/data_allsettlements_anon_156_v20251217.parquet,86c197cd522e0b63669e9c6e7f43fd3d82b3704c6a126c800a9968ecd16cae14,"parquet_row_1based=96174;latitude_dadata,longitude_dadata",tochno_2021_dadata_raw_parquet_point,reviewed_rule_accepted,2021:data_allsettlements_anon_156_v20251217.parquet:parquet:96174,106.19712121131147,0.0,106.19712121131147,106.19712121131147,distance_km_2002_2010,353
2002:052_4be37f273b_02c_Komi_perm_AO.xls:Sheet1:825,2002:052_4be37f273b_02c_Komi_perm_AO.xls:Sheet1:825,Тимино,село,пермский,299.0,59.0937166,55.4237339,/workspace/settlements-raw/data/interim/2021_tochno/data_allsettlements_anon_156_v20251217.parquet,86c197cd522e0b63669e9c6e7f43fd3d82b3704c6a126c800a9968ecd16cae14,"carrier_target_source_record_id=2021:data_allsettlements_anon_156_v20251217.parquet:parquet:97415;parquet_row_1based=97415;latitude_dadata,longitude_dadata",retrospective_continuity_from_tochno_2021_dadata_raw_parquet_point,reviewed_extension_rule_accepted,2021:data_allsettlements_anon_156_v20251217.parquet:parquet:97415,2010:016_802d308e41_8._20Or_Penz_Perm_Samar_Saratov_Uly_2010.xls:!!!:5156,Тимино,село,пермский,259.0,58.314694,54.374726,/workspace/settlements-raw/data/raw/historical_geography/geokladr_okato_2011/okato.dbf,d1c8b983f2489724a940bd2a64dedda73b602f6c491d5c09391deaf362fe2650,raw_dbf_record_number_1based=90691;byte_offset_0based=35823255,geokladr_2011_raw_dbf_coordinate,reviewed_extension_rule_accepted,GeoKLADR2011:OKATO:57127916032,2021:data_allsettlements_anon_156_v20251217.parquet:parquet:97415,Тимино,село,пермский,192.0,59.0937166,55.4237339,/workspace/settlements-raw/data/interim/2021_tochno/data_allsettlements_anon_156_v20251217.parquet,86c197cd522e0b63669e9c6e7f43fd3d82b3704c6a126c800a9968ecd16cae14,"parquet_row_1based=97415;latitude_dadata,longitude_dadata",tochno_2021_dadata_raw_parquet_point,reviewed_rule_accepted,2021:data_allsettlements_anon_156_v20251217.parquet:parquet:97415,105.70901496218681,0.0,105.70901496218681,105.70901496218681,distance_km_2002_2010,354
2002:079_983a1a85f7_Primor_krai_1.xls:Sheet1:207,2002:079_983a1a85f7_Primor_krai_1.xls:Sheet1:207,Дальний Кут,село,приморский,358.0,44.9115,135.0537,/workspace/settlements-raw/data/raw/historical_geography/geokladr_okato_2011/okato.dbf,d1c8b983f2489724a940bd2a64dedda73b602f6c491d5c09391deaf362fe2650,raw_dbf_record_number_1based=5215;byte_offset_0based=2060235,geokladr_2011_raw_dbf_coordinate,reviewed_extension_rule_accepted,GeoKLADR2011:OKATO:05214000008,2010:009_81f8a0e73c_17._20ДВ_ФО_2010.xls:ДВ:112,Дальний Кут,село,приморский,192.0,44.9115,135.0537,/workspace/settlements-raw/data/raw/historical_geography/geokladr_okato_2011/okato.dbf,d1c8b983f2489724a940bd2a64dedda73b602f6c491d5c09391deaf362fe2650,raw_dbf_record_number_1based=5215;byte_offset_0based=2060235,geokladr_2011_raw_dbf_coordinate,reviewed_extension_rule_accepted,GeoKLADR2011:OKATO:05214000008,2021:data_allsettlements_anon_156_v20251217.parquet:parquet:99686,Дальний Кут,село,приморский,77.0,45.8486,135.27435,/workspace/settlements-raw/data/raw/coordinate_candidates/geonames_RU_20260907.zip,9bf299daaff13de75ddbf610e113469aae80537d66a7de3437967576c6509ff4,RU.txt:line=208727;geonameid=2025146,geonames_ru_txt_named_place_point,reviewed_extension_rule_accepted,GeoNames:geonameid:2025146,0.0,105.61627430280222,105.61627430280222,105.61627430280222,distance_km_2002_2021,355
2002:016_3aa889d669_02c_Tulskaja.xls:Sheet1:3256,2002:016_3aa889d669_02c_Tulskaja.xls:Sheet1:3256,Булычи,деревня,тульская,4.0,53.3571743,37.1625324,/workspace/settlements-raw/data/interim/2021_tochno/data_allsettlements_anon_156_v20251217.parquet,86c197cd522e0b63669e9c6e7f43fd3d82b3704c6a126c800a9968ecd16cae14,"carrier_target_source_record_id=2021:data_allsettlements_anon_156_v20251217.parquet:parquet:151726;parquet_row_1based=151726;latitude_dadata,longitude_dadata",retrospective_continuity_from_tochno_2021_dadata_raw_parquet_point,reviewed_extension_rule_accepted,2021:data_allsettlements_anon_156_v20251217.parquet:parquet:151726,2010:011_040325482b_3._20Ryaz_Smol_Tambov_Tula_Jaroslavl_20L1_20ethn_2010.xls:Data Sheet:12273,Булычи,деревня,тульская,7.0,54.150606,36.287495,/workspace/settlements-raw/data/raw/historical_geography/geokladr_okato_2011/okato.dbf,d1c8b983f2489724a940bd2a64dedda73b602f6c491d5c09391deaf362fe2650,raw_dbf_record_number_1based=120548;byte_offset_0based=47616770,geokladr_2011_raw_dbf_coordinate,reviewed_extension_rule_accepted,GeoKLADR2011:OKATO:70246860002,2021:data_allsettlements_anon_156_v20251217.parquet:parquet:151726,Булычи,деревня,тульская,2.0,53.3571743,37.1625324,/workspace/settlements-raw/data/interim/2021_tochno/data_allsettlements_anon_156_v20251217.parquet,86c197cd522e0b63669e9c6e7f43fd3d82b3704c6a126c800a9968ecd16cae14,"parquet_row_1based=151726;latitude_dadata,longitude_dadata",tochno_2021_dadata_raw_parquet_point,reviewed_rule_accepted,2021:data_allsettlements_anon_156_v20251217.parquet:parquet:151726,105.32317883836934,0.0,105.32317883836934,105.32317883836934,distance_km_2002_2010,356
2002:024_2d3f550c6f_02c_Leningradskaja_obl_new.xls:!!!!!!:1426,2002:024_2d3f550c6f_02c_Leningradskaja_obl_new.xls:!!!!!!:1426,Черново,деревня,ленинградская,138.0,59.187075,28.292248,/workspace/settlements-raw/data/raw/historical_geography/geokladr_okato_2011/okato.dbf,d1c8b983f2489724a940bd2a64dedda73b602f6c491d5c09391deaf362fe2650,raw_dbf_record_number_1based=67629;byte_offset_0based=26713765,geokladr_2011_raw_dbf_coordinate,reviewed_extension_rule_accepted,GeoKLADR2011:OKATO:41218848029,2010:001_723371ec84_1._20NW_2010.xls:NW:6482,Черново,деревня,ленинградская,132.0,59.187075,28.292248,/workspace/settlements-raw/data/raw/historical_geography/geokladr_okato_2011/okato.dbf,d1c8b983f2489724a940bd2a64dedda73b602f6c491d5c09391deaf362fe2650,raw_dbf_record_number_1based=67629;byte_offset_0based=26713765,geokladr_2011_raw_dbf_coordinate,reviewed_extension_rule_accepted,GeoKLADR2011:OKATO:41218848029,2021:data_allsettlements_anon_156_v20251217.parquet:parquet:56824,Черново,деревня,ленинградская,251.0,59.55611,29.984,/workspace/settlements-raw/data/raw/coordinate_candidates/geonames_RU_20260907.zip,9bf299daaff13de75ddbf610e113469aae80537d66a7de3437967576c6509ff4,RU.txt:line=250413;geonameid=6644135,geonames_ru_txt_named_place_point,reviewed_extension_rule_accepted,GeoNames:geonameid:6644135,0.0,104.24994346589324,104.24994346589324,104.24994346589324,distance_km_2002_2021,357
2002:070_48ec6f4a77_Irkut_obl_new.xls:Sheet1:1435,2002:070_48ec6f4a77_Irkut_obl_new.xls:Sheet1:1435,Юголок,село,иркутская,890.0,54.1865,103.2901,/workspace/settlements-raw/data/raw/historical_geography/geokladr_okato_2011/okato.dbf,d1c8b983f2489724a940bd2a64dedda73b602f6c491d5c09391deaf362fe2650,raw_dbf_record_number_1based=38438;byte_offset_0based=15183320,geokladr_2011_raw_dbf_coordinate,reviewed_extension_rule_accepted,GeoKLADR2011:OKATO:25246846001,2010:008_342f3c208b_16._20Сиб_ФО_2010.xls:Sib:4778,Юголок,село,иркутская,686.0,54.1865,103.2901,/workspace/settlements-raw/data/raw/historical_geography/geokladr_okato_2011/okato.dbf,d1c8b983f2489724a940bd2a64dedda73b602f6c491d5c09391deaf362fe2650,raw_dbf_record_number_1based=38438;byte_offset_0based=15183320,geokladr_2011_raw_dbf_coordinate,reviewed_extension_rule_accepted,GeoKLADR2011:OKATO:25246846001,2021:data_allsettlements_anon_156_v20251217.parquet:parquet:25348,Юголок,село,иркутская,610.0,55.0186,104.028,/workspace/settlements-raw/data/raw/wikidata_truthy_claims/batch_0019.jsonl.gz,fefa32a581471f6c74f260c88c5d8ee944d9281bd83de7df4d8c44dafd801468,"{""line_number"": 12578, ""locator"": ""batch_0019.jsonl.gz#line=12578"", ""retrieved_at_utc"": ""2026-08-31T20:57:31.292944+00:00"", ""source_file"": ""batch_0019.jsonl.gz"", ""value_raw"": ""POINT(104.028000 55.018600)""}",wikidata_P625_point_claim,reviewed_extension_rule_accepted,Q15696451,0.0,104.01694489633036,104.01694489633036,104.01694489633036,distance_km_2002_2021,358
2002:027_25f0f7433c_02c_Pskovskaja.xls:!!:250,2002:027_25f0f7433c_02c_Pskovskaja.xls:!!:250,Дударево,деревня,псковская,11.0,55.748578,29.530423,/workspace/settlements-raw/data/raw/historical_geography/geokladr_okato_2011/okato.dbf,d1c8b983f2489724a940bd2a64dedda73b602f6c491d5c09391deaf362fe2650,raw_dbf_record_number_1based=94029;byte_offset_0based=37141765,geokladr_2011_raw_dbf_coordinate,reviewed_extension_rule_accepted,GeoKLADR2011:OKATO:58204839011,2010:012_5c339c0d0e_4._20Vologod_pskov_2010.xls:Data Sheet:8255,Дударево,деревня,псковская,4.0,55.748578,29.530423,/workspace/settlements-raw/data/raw/historical_geography/geokladr_okato_2011/okato.dbf,d1c8b983f2489724a940bd2a64dedda73b602f6c491d5c09391deaf362fe2650,raw_dbf_record_number_1based=94029;byte_offset_0based=37141765,geokladr_2011_raw_dbf_coordinate,reviewed_extension_rule_accepted,GeoKLADR2011:OKATO:58204839011,2021:data_allsettlements_anon_156_v20251217.parquet:parquet:100260,Дударево,деревня,псковская,0.0,56.6823,29.452,/workspace/settlements-raw/data/raw/coordinate_candidates/geonames_RU_20260907.zip,9bf299daaff13de75ddbf610e113469aae80537d66a7de3437967576c6509ff4,RU.txt:line=294982;geonameid=7597793,geonames_ru_txt_named_place_point,reviewed_extension_rule_accepted,GeoNames:geonameid:7597793,0.0,103.93844822992375,103.93844822992375,103.93844822992375,distance_km_2002_2021,359
2002:047_9960082a3e_02c_Kirovskaja_new.xls:Sheet1:179,2002:047_9960082a3e_02c_Kirovskaja_new.xls:Sheet1:179,Спиричи,деревня,кировская,0.0,57.7477856,48.4360049,/workspace/settlements-raw/data/interim/2021_tochno/data_allsettlements_anon_156_v20251217.parquet,86c197cd522e0b63669e9c6e7f43fd3d82b3704c6a126c800a9968ecd16cae14,"carrier_target_source_record_id=2021:data_allsettlements_anon_156_v20251217.parquet:parquet:33387;parquet_row_1based=33387;latitude_dadata,longitude_dadata",retrospective_continuity_from_tochno_2021_dadata_raw_parquet_point,reviewed_extension_rule_accepted,2021:data_allsettlements_anon_156_v20251217.parquet:parquet:33387,2010:014_5ca759eea0_5._20Nizheg_Kirov_202010.xls:Data Sheet:4875,Спиричи,деревня,кировская,6.0,58.670057,48.715533,/workspace/settlements-raw/data/raw/historical_geography/geokladr_okato_2011/okato.dbf,d1c8b983f2489724a940bd2a64dedda73b602f6c491d5c09391deaf362fe2650,raw_dbf_record_number_1based=53496;byte_offset_0based=21131230,geokladr_2011_raw_dbf_coordinate,reviewed_extension_rule_accepted,GeoKLADR2011:OKATO:33202551021,2021:data_allsettlements_anon_156_v20251217.parquet:parquet:33387,Спиричи,деревня,кировская,2.0,57.7477856,48.4360049,/workspace/settlements-raw/data/interim/2021_tochno/data_allsettlements_anon_156_v20251217.parquet,86c197cd522e0b63669e9c6e7f43fd3d82b3704c6a126c800a9968ecd16cae14,"parquet_row_1based=33387;latitude_dadata,longitude_dadata",tochno_2021_dadata_raw_parquet_point,reviewed_rule_accepted,2021:data_allsettlements_anon_156_v20251217.parquet:parquet:33387,103.85087505836471,0.0,103.85087505836471,103.85087505836471,distance_km_2002_2010,360
2002:008_d607cc2b0d_02c_Kurskaja.xls:Sheet1:2640,2002:008_d607cc2b0d_02c_Kurskaja.xls:Sheet1:2640,Воскресеновка,деревня,курская,223.0,51.6904279,37.3724226,/workspace/settlements-raw/data/interim/2021_tochno/data_allsettlements_anon_156_v20251217.parquet,86c197cd522e0b63669e9c6e7f43fd3d82b3704c6a126c800a9968ecd16cae14,"carrier_target_source_record_id=2021:data_allsettlements_anon_156_v20251217.parquet:parquet:54520;parquet_row_1based=54520;latitude_dadata,longitude_dadata",retrospective_continuity_from_tochno_2021_dadata_raw_parquet_point,reviewed_extension_rule_accepted,2021:data_allsettlements_anon_156_v20251217.parquet:parquet:54520,2010:010_711691e352_2._20Kostrom_Kur_Lip_Moscow_MoscObl_Orlov_2010.xls:Data Sheet:5683,Воскресеновка,деревня,курская,163.0,51.919005,35.9092,/workspace/settlements-raw/data/raw/historical_geography/geokladr_okato_2011/okato.dbf,d1c8b983f2489724a940bd2a64dedda73b602f6c491d5c09391deaf362fe2650,DBF_record_1based=64466;DBF_byte_offset_0based=25464380;OKATO2011_raw=38220812006,raw_named_typed_2011_rural_geo_object,reviewed_extension_rule_accepted,GEOKLADR2011:38220812006,2021:data_allsettlements_anon_156_v20251217.parquet:parquet:54520,Воскресеновка,деревня,курская,93.0,51.6904279,37.3724226,/workspace/settlements-raw/data/interim/2021_tochno/data_allsettlements_anon_156_v20251217.parquet,86c197cd522e0b63669e9c6e7f43fd3d82b3704c6a126c800a9968ecd16cae14,"parquet_row_1based=54520;latitude_dadata,longitude_dadata",tochno_2021_dadata_raw_parquet_point,reviewed_rule_accepted,2021:data_allsettlements_anon_156_v20251217.parquet:parquet:54520,103.7653593715297,0.0,103.7653593715297,103.7653593715297,distance_km_2002_2010,361
2002:051_46e3ecb0a0_02c_Permskaja_obl.xls:Sheet1:2565,2002:051_46e3ecb0a0_02c_Permskaja_obl.xls:Sheet1:2565,Медянка,село,пермский,963.0,56.9734216,56.9583554,/workspace/settlements-raw/data/interim/2021_tochno/data_allsettlements_anon_156_v20251217.parquet,86c197cd522e0b63669e9c6e7f43fd3d82b3704c6a126c800a9968ecd16cae14,"carrier_target_source_record_id=2021:data_allsettlements_anon_156_v20251217.parquet:parquet:97037;parquet_row_1based=97037;latitude_dadata,longitude_dadata",retrospective_continuity_from_tochno_2021_dadata_raw_parquet_point,reviewed_extension_rule_accepted,2021:data_allsettlements_anon_156_v20251217.parquet:parquet:97037,2010:016_802d308e41_8._20Or_Penz_Perm_Samar_Saratov_Uly_2010.xls:!!!:6696,Медянка,село,пермский,931.0,56.418266,55.602731,/workspace/settlements-raw/data/raw/historical_geography/geokladr_okato_2011/okato.dbf,d1c8b983f2489724a940bd2a64dedda73b602f6c491d5c09391deaf362fe2650,raw_dbf_record_number_1based=92268;byte_offset_0based=36446170,geokladr_2011_raw_dbf_coordinate,reviewed_extension_rule_accepted,GeoKLADR2011:OKATO:57238822001,2021:data_allsettlements_anon_156_v20251217.parquet:parquet:97037,Медянка,село,пермский,865.0,56.9734216,56.9583554,/workspace/settlements-raw/data/interim/2021_tochno/data_allsettlements_anon_156_v20251217.parquet,86c197cd522e0b63669e9c6e7f43fd3d82b3704c6a126c800a9968ecd16cae14,"parquet_row_1based=97037;latitude_dadata,longitude_dadata",tochno_2021_dadata_raw_parquet_point,reviewed_rule_accepted,2021:data_allsettlements_anon_156_v20251217.parquet:parquet:97037,103.25009640453999,0.0,103.25009640453999,103.25009640453999,distance_km_2002_2010,362
2002:051_46e3ecb0a0_02c_Permskaja_obl.xls:Sheet1:2855,2002:051_46e3ecb0a0_02c_Permskaja_obl.xls:Sheet1:2855,Россохи,деревня,пермский,124.0,58.438114,56.360148,/workspace/settlements-raw/data/raw/historical_geography/geokladr_okato_2011/okato.dbf,d1c8b983f2489724a940bd2a64dedda73b602f6c491d5c09391deaf362fe2650,DBF_record_1based=92500;DBF_byte_offset_0based=36537810;OKATO2011_raw=57244828005,raw_named_typed_2011_rural_geo_object,reviewed_extension_rule_accepted,GEOKLADR2011:57244828005,2010:016_802d308e41_8._20Or_Penz_Perm_Samar_Saratov_Uly_2010.xls:!!!:6924,Россохи,деревня,пермский,116.0,58.438114,56.360148,/workspace/settlements-raw/data/raw/historical_geography/geokladr_okato_2011/okato.dbf,d1c8b983f2489724a940bd2a64dedda73b602f6c491d5c09391deaf362fe2650,DBF_record_1based=92500;DBF_byte_offset_0based=36537810;OKATO2011_raw=57244828005,raw_named_typed_2011_rural_geo_object,reviewed_extension_rule_accepted,GEOKLADR2011:57244828005,2021:data_allsettlements_anon_156_v20251217.parquet:parquet:99388,Россохи,деревня,пермский,110.0,57.9158491,54.9065853,/workspace/settlements-raw/data/interim/2021_tochno/data_allsettlements_anon_156_v20251217.parquet,86c197cd522e0b63669e9c6e7f43fd3d82b3704c6a126c800a9968ecd16cae14,data/interim/2021_tochno/data_allsettlements_anon_156_v20251217.parquet:parquet-row-1based=99388;reopened_raw_payload_sha256=65cdffd09e8b13bcb9e25a791859f5ccac3a3d41bda8996d5f3eed6296d0dbcd,,reviewed_extension_rule_accepted,2021:data_allsettlements_anon_156_v20251217.parquet:parquet:99388,0.0,103.12780778958405,103.12780778958405,103.12780778958405,distance_km_2002_2021,363
2002:009_fc0fd8cf1b_02c_Lipetskaja.xls:Sheet1:146,2002:009_fc0fd8cf1b_02c_Lipetskaja.xls:Sheet1:146,Аннино,село,липецкая,1086.0,52.4868379,40.013255,/workspace/settlements-raw/data/interim/2021_tochno/data_allsettlements_anon_156_v20251217.parquet,86c197cd522e0b63669e9c6e7f43fd3d82b3704c6a126c800a9968ecd16cae14,"carrier_target_source_record_id=2021:data_allsettlements_anon_156_v20251217.parquet:parquet:58762;parquet_row_1based=58762;latitude_dadata,longitude_dadata",retrospective_continuity_from_tochno_2021_dadata_raw_parquet_point,reviewed_extension_rule_accepted,2021:data_allsettlements_anon_156_v20251217.parquet:parquet:58762,2010:010_711691e352_2._20Kostrom_Kur_Lip_Moscow_MoscObl_Orlov_2010.xls:Data Sheet:6437,Аннино,село,липецкая,1175.0,53.189,39.0117,/workspace/settlements-raw/data/raw/historical_geography/geokladr_okato_2011/okato.dbf,d1c8b983f2489724a940bd2a64dedda73b602f6c491d5c09391deaf362fe2650,raw_dbf_record_number_1based=69428;byte_offset_0based=27424370,geokladr_2011_raw_dbf_coordinate,reviewed_extension_rule_accepted,GeoKLADR2011:OKATO:42206844002,2021:data_allsettlements_anon_156_v20251217.parquet:parquet:58762,Аннино,село,липецкая,1319.0,52.4868379,40.013255,/workspace/settlements-raw/data/interim/2021_tochno/data_allsettlements_anon_156_v20251217.parquet,86c197cd522e0b63669e9c6e7f43fd3d82b3704c6a126c800a9968ecd16cae14,"parquet_row_1based=58762;latitude_dadata,longitude_dadata",tochno_2021_dadata_raw_parquet_point,reviewed_rule_accepted,2021:data_allsettlements_anon_156_v20251217.parquet:parquet:58762,103.06024700920005,0.0,103.06024700920005,103.06024700920005,distance_km_2002_2010,364
2002:051_46e3ecb0a0_02c_Permskaja_obl.xls:Sheet1:1487,2002:051_46e3ecb0a0_02c_Permskaja_obl.xls:Sheet1:1487,Карагай,село,пермский,6754.0,58.2661361,54.9283868,/workspace/settlements-raw/data/interim/2021_tochno/data_allsettlements_anon_156_v20251217.parquet,86c197cd522e0b63669e9c6e7f43fd3d82b3704c6a126c800a9968ecd16cae14,"carrier_target_source_record_id=2021:data_allsettlements_anon_156_v20251217.parquet:parquet:96041;parquet_row_1based=96041;latitude_dadata,longitude_dadata",retrospective_continuity_from_tochno_2021_dadata_raw_parquet_point,reviewed_extension_rule_accepted,2021:data_allsettlements_anon_156_v20251217.parquet:parquet:96041,2010:016_802d308e41_8._20Or_Penz_Perm_Samar_Saratov_Uly_2010.xls:!!!:5884,Карагай,село,пермский,6683.0,58.078105,56.645002,/workspace/settlements-raw/data/raw/historical_geography/geokladr_okato_2011/okato.dbf,d1c8b983f2489724a940bd2a64dedda73b602f6c491d5c09391deaf362fe2650,raw_dbf_record_number_1based=91461;byte_offset_0based=36127405,geokladr_2011_raw_dbf_coordinate,reviewed_extension_rule_accepted,GeoKLADR2011:OKATO:57222810001,2021:data_allsettlements_anon_156_v20251217.parquet:parquet:96041,Карагай,село,пермский,6716.0,58.2661361,54.9283868,/workspace/settlements-raw/data/interim/2021_tochno/data_allsettlements_anon_156_v20251217.parquet,86c197cd522e0b63669e9c6e7f43fd3d82b3704c6a126c800a9968ecd16cae14,"parquet_row_1based=96041;latitude_dadata,longitude_dadata",tochno_2021_dadata_raw_parquet_point,reviewed_rule_accepted,2021:data_allsettlements_anon_156_v20251217.parquet:parquet:96041,102.80916869582961,0.0,102.80916869582961,102.80916869582961,distance_km_2002_2010,365
2002:023_38d853be37_02c_Kaliningrad.xls:Sheet1:269,2002:023_38d853be37_02c_Kaliningrad.xls:Sheet1:269,Петрово,посёлок,калининградская,1110.0,54.8049829,20.4169343,/workspace/settlements-raw/data/interim/2021_tochno/data_allsettlements_anon_156_v20251217.parquet,86c197cd522e0b63669e9c6e7f43fd3d82b3704c6a126c800a9968ecd16cae14,"carrier_target_source_record_id=2021:data_allsettlements_anon_156_v20251217.parquet:parquet:25868;parquet_row_1based=25868;latitude_dadata,longitude_dadata",retrospective_continuity_from_tochno_2021_dadata_raw_parquet_point,reviewed_extension_rule_accepted,2021:data_allsettlements_anon_156_v20251217.parquet:parquet:25868,KAL2010:TOM1:S4:R0297,петрово,посёлок,калининградская,1162.0,55.066667,21.950278,/workspace/settlements-raw/data/raw/historical_geography/geokladr_okato_2011/okato.dbf,d1c8b983f2489724a940bd2a64dedda73b602f6c491d5c09391deaf362fe2650,raw_dbf_record_number_1based=38839;byte_offset_0based=15341715,geokladr_2011_raw_dbf_coordinate,reviewed_extension_rule_accepted,GeoKLADR2011:OKATO:27209813002,2021:data_allsettlements_anon_156_v20251217.parquet:parquet:25868,Петрово,посёлок,калининградская,1753.0,54.8049829,20.4169343,/workspace/settlements-raw/data/interim/2021_tochno/data_allsettlements_anon_156_v20251217.parquet,86c197cd522e0b63669e9c6e7f43fd3d82b3704c6a126c800a9968ecd16cae14,"parquet_row_1based=25868;latitude_dadata,longitude_dadata",tochno_2021_dadata_raw_parquet_point,reviewed_rule_accepted,2021:data_allsettlements_anon_156_v20251217.parquet:parquet:25868,102.1795024402323,0.0,102.1795024402323,102.1795024402323,distance_km_2002_2010,366
2002:047_9960082a3e_02c_Kirovskaja_new.xls:Sheet1:1084,2002:047_9960082a3e_02c_Kirovskaja_new.xls:Sheet1:1084,Талица,посёлок,кировская,49.0,58.5704217,51.2133216,/workspace/settlements-raw/data/interim/2021_tochno/data_allsettlements_anon_156_v20251217.parquet,86c197cd522e0b63669e9c6e7f43fd3d82b3704c6a126c800a9968ecd16cae14,"carrier_target_source_record_id=2021:data_allsettlements_anon_156_v20251217.parquet:parquet:34430;parquet_row_1based=34430;latitude_dadata,longitude_dadata",retrospective_continuity_from_tochno_2021_dadata_raw_parquet_point,reviewed_extension_rule_accepted,2021:data_allsettlements_anon_156_v20251217.parquet:parquet:34430,2010:014_5ca759eea0_5._20Nizheg_Kirov_202010.xls:Data Sheet:5583,Талица,посёлок,кировская,0.0,58.066746,49.752189,/workspace/settlements-raw/data/raw/historical_geography/geokladr_okato_2011/okato.dbf,d1c8b983f2489724a940bd2a64dedda73b602f6c491d5c09391deaf362fe2650,raw_dbf_record_number_1based=54158;byte_offset_0based=21392720,geokladr_2011_raw_dbf_coordinate,reviewed_extension_rule_accepted,GeoKLADR2011:OKATO:33214853007,2021:data_allsettlements_anon_156_v20251217.parquet:parquet:34430,Талица,посёлок,кировская,0.0,58.5704217,51.2133216,/workspace/settlements-raw/data/interim/2021_tochno/data_allsettlements_anon_156_v20251217.parquet,86c197cd522e0b63669e9c6e7f43fd3d82b3704c6a126c800a9968ecd16cae14,"parquet_row_1based=34430;latitude_dadata,longitude_dadata",tochno_2021_dadata_raw_parquet_point,reviewed_rule_accepted,2021:data_allsettlements_anon_156_v20251217.parquet:parquet:34430,102.0638362483436,0.0,102.0638362483436,102.0638362483436,distance_km_2002_2010,367
2002:047_9960082a3e_02c_Kirovskaja_new.xls:Sheet1:3248,2002:047_9960082a3e_02c_Kirovskaja_new.xls:Sheet1:3248,Сидоркино,деревня,кировская,8.0,57.9412,49.665,/workspace/settlements-raw/data/raw/historical_geography/geokladr_okato_2011/okato.dbf,d1c8b983f2489724a940bd2a64dedda73b602f6c491d5c09391deaf362fe2650,raw_dbf_record_number_1based=55786;byte_offset_0based=22035780,geokladr_2011_raw_dbf_coordinate,reviewed_extension_rule_accepted,GeoKLADR2011:OKATO:33231808023,2010:014_5ca759eea0_5._20Nizheg_Kirov_202010.xls:Data Sheet:7286,Сидоркино,деревня,кировская,5.0,57.9412,49.665,/workspace/settlements-raw/data/raw/historical_geography/geokladr_okato_2011/okato.dbf,d1c8b983f2489724a940bd2a64dedda73b602f6c491d5c09391deaf362fe2650,raw_dbf_record_number_1based=55786;byte_offset_0based=22035780,geokladr_2011_raw_dbf_coordinate,reviewed_extension_rule_accepted,GeoKLADR2011:OKATO:33231808023,2021:data_allsettlements_anon_156_v20251217.parquet:parquet:36204,Сидоркино,деревня,кировская,1.0,57.34015,48.37197,/workspace/settlements-raw/data/raw/coordinate_candidates/geonames_RU_20260907.zip,9bf299daaff13de75ddbf610e113469aae80537d66a7de3437967576c6509ff4,RU.txt:line=242408;geonameid=6421390,geonames_ru_txt_named_place_point,reviewed_extension_rule_accepted,GeoNames:geonameid:6421390,0.0,101.92187508689398,101.92187508689398,101.92187508689398,distance_km_2002_2021,368
2002:010_3e630cc803_02c_Moskovskaya-oblast.xls:Sheet1:3916,2002:010_3e630cc803_02c_Moskovskaya-oblast.xls:Sheet1:3916,Молзино,деревня,московская,1464.0,54.996651,38.727477,/workspace/settlements-raw/data/raw/historical_geography/geokladr_okato_2011/okato.dbf,d1c8b983f2489724a940bd2a64dedda73b602f6c491d5c09391deaf362fe2650,raw_dbf_record_number_1based=74445;byte_offset_0based=29406085,geokladr_2011_raw_dbf_coordinate,reviewed_extension_rule_accepted,GeoKLADR2011:OKATO:46239828002,2010:010_711691e352_2._20Kostrom_Kur_Lip_Moscow_MoscObl_Orlov_2010.xls:Data Sheet:11483,Молзино,деревня,московская,1444.0,54.996651,38.727477,/workspace/settlements-raw/data/raw/historical_geography/geokladr_okato_2011/okato.dbf,d1c8b983f2489724a940bd2a64dedda73b602f6c491d5c09391deaf362fe2650,raw_dbf_record_number_1based=74445;byte_offset_0based=29406085,geokladr_2011_raw_dbf_coordinate,reviewed_extension_rule_accepted,GeoKLADR2011:OKATO:46239828002,2021:data_allsettlements_anon_156_v20251217.parquet:parquet:68513,Молзино,деревня,московская,1349.0,55.8905776,38.3842528,/workspace/settlements-raw/data/interim/2021_tochno/data_allsettlements_anon_156_v20251217.parquet,86c197cd522e0b63669e9c6e7f43fd3d82b3704c6a126c800a9968ecd16cae14,"parquet_row_1based=68513;latitude_dadata,longitude_dadata",tochno_2021_dadata_raw_parquet_point,reviewed_rule_accepted,2021:data_allsettlements_anon_156_v20251217.parquet:parquet:68513,0.0,101.72984862939613,101.72984862939613,101.72984862939613,distance_km_2002_2021,369
2002:023_38d853be37_02c_Kaliningrad.xls:Sheet1:270,2002:023_38d853be37_02c_Kaliningrad.xls:Sheet1:270,Орловка,посёлок,калининградская,557.0,54.7939125,20.5286003,/workspace/settlements-raw/data/interim/2021_tochno/data_allsettlements_anon_156_v20251217.parquet,86c197cd522e0b63669e9c6e7f43fd3d82b3704c6a126c800a9968ecd16cae14,"carrier_target_source_record_id=2021:data_allsettlements_anon_156_v20251217.parquet:parquet:25867;parquet_row_1based=25867;latitude_dadata,longitude_dadata",retrospective_continuity_from_tochno_2021_dadata_raw_parquet_point,reviewed_extension_rule_accepted,2021:data_allsettlements_anon_156_v20251217.parquet:parquet:25867,KAL2010:TOM1:S4:R0296,орловка,посёлок,калининградская,619.0,54.535799,22.043014,/workspace/settlements-raw/data/raw/historical_geography/geokladr_okato_2011/okato.dbf,d1c8b983f2489724a940bd2a64dedda73b602f6c491d5c09391deaf362fe2650,raw_dbf_record_number_1based=38840;byte_offset_0based=15342110,geokladr_2011_raw_dbf_coordinate,reviewed_extension_rule_accepted,GeoKLADR2011:OKATO:27209813003,2021:data_allsettlements_anon_156_v20251217.parquet:parquet:25867,Орловка,посёлок,калининградская,1354.0,54.7939125,20.5286003,/workspace/settlements-raw/data/interim/2021_tochno/data_allsettlements_anon_156_v20251217.parquet,86c197cd522e0b63669e9c6e7f43fd3d82b3704c6a126c800a9968ecd16cae14,"parquet_row_1based=25867;latitude_dadata,longitude_dadata",tochno_2021_dadata_raw_parquet_point,reviewed_rule_accepted,2021:data_allsettlements_anon_156_v20251217.parquet:parquet:25867,101.5314072459338,0.0,101.5314072459338,101.5314072459338,distance_km_2002_2010,370
2002:051_46e3ecb0a0_02c_Permskaja_obl.xls:Sheet1:3218,2002:051_46e3ecb0a0_02c_Permskaja_obl.xls:Sheet1:3218,Ефимова,деревня,пермский,10.0,58.3714928,54.0117227,/workspace/settlements-raw/data/interim/2021_tochno/data_allsettlements_anon_156_v20251217.parquet,86c197cd522e0b63669e9c6e7f43fd3d82b3704c6a126c800a9968ecd16cae14,"carrier_target_source_record_id=2021:data_allsettlements_anon_156_v20251217.parquet:parquet:97121;parquet_row_1based=97121;latitude_dadata,longitude_dadata",retrospective_continuity_from_tochno_2021_dadata_raw_parquet_point,reviewed_extension_rule_accepted,2021:data_allsettlements_anon_156_v20251217.parquet:parquet:97121,2010:016_802d308e41_8._20Or_Penz_Perm_Samar_Saratov_Uly_2010.xls:!!!:7218,Ефимова,деревня,пермский,7.0,59.283658,54.011723,/workspace/settlements-raw/data/raw/historical_geography/geokladr_okato_2011/okato.dbf,d1c8b983f2489724a940bd2a64dedda73b602f6c491d5c09391deaf362fe2650,raw_dbf_record_number_1based=92796;byte_offset_0based=36654730,geokladr_2011_raw_dbf_coordinate,reviewed_extension_rule_accepted,GeoKLADR2011:OKATO:57248819008,2021:data_allsettlements_anon_156_v20251217.parquet:parquet:97121,Ефимова,деревня,пермский,6.0,58.3714928,54.0117227,/workspace/settlements-raw/data/interim/2021_tochno/data_allsettlements_anon_156_v20251217.parquet,86c197cd522e0b63669e9c6e7f43fd3d82b3704c6a126c800a9968ecd16cae14,"parquet_row_1based=97121;latitude_dadata,longitude_dadata",tochno_2021_dadata_raw_parquet_point,reviewed_rule_accepted,2021:data_allsettlements_anon_156_v20251217.parquet:parquet:97121,101.42828260023816,0.0,101.42828260023816,101.42828260023816,distance_km_2002_2010,371
2002:026_0eca405331_02c_Novgorodskaja.xls:Sheet1:3151,2002:026_0eca405331_02c_Novgorodskaja.xls:Sheet1:3151,Шапково,деревня,новгородская,5.0,57.2381,31.0202,/workspace/settlements-raw/data/raw/historical_geography/geokladr_okato_2011/okato.dbf,d1c8b983f2489724a940bd2a64dedda73b602f6c491d5c09391deaf362fe2650,raw_dbf_record_number_1based=80091;byte_offset_0based=31636255,geokladr_2011_raw_dbf_coordinate,reviewed_extension_rule_accepted,GeoKLADR2011:OKATO:49238807030,2010:001_723371ec84_1._20NW_2010.xls:NW:11124,Шапково,деревня,новгородская,0.0,57.2381,31.0202,/workspace/settlements-raw/data/raw/historical_geography/geokladr_okato_2011/okato.dbf,d1c8b983f2489724a940bd2a64dedda73b602f6c491d5c09391deaf362fe2650,raw_dbf_record_number_1based=80091;byte_offset_0based=31636255,geokladr_2011_raw_dbf_coordinate,reviewed_extension_rule_accepted,GeoKLADR2011:OKATO:49238807030,2021:data_allsettlements_anon_156_v20251217.parquet:parquet:76963,Шапково,деревня,новгородская,0.0,58.0884375,30.4120569,/workspace/settlements-raw/data/interim/2021_tochno/data_allsettlements_anon_156_v20251217.parquet,86c197cd522e0b63669e9c6e7f43fd3d82b3704c6a126c800a9968ecd16cae14,"parquet_row_1based=76963;latitude_dadata,longitude_dadata",tochno_2021_dadata_raw_parquet_point,reviewed_rule_accepted,2021:data_allsettlements_anon_156_v20251217.parquet:parquet:76963,0.0,101.23465807415444,101.23465807415444,101.23465807415444,distance_km_2002_2021,372
2002:010_3e630cc803_02c_Moskovskaya-oblast.xls:Sheet1:5759,2002:010_3e630cc803_02c_Moskovskaya-oblast.xls:Sheet1:5759,Погорелово,деревня,московская,90.0,55.573345,35.550972,/workspace/settlements-raw/data/raw/historical_geography/geokladr_okato_2011/okato.dbf,d1c8b983f2489724a940bd2a64dedda73b602f6c491d5c09391deaf362fe2650,raw_dbf_record_number_1based=76057;byte_offset_0based=30042825,geokladr_2011_raw_dbf_coordinate,reviewed_extension_rule_accepted,GeoKLADR2011:OKATO:46252828017,2010:010_711691e352_2._20Kostrom_Kur_Lip_Moscow_MoscObl_Orlov_2010.xls:Data Sheet:13222,Погорелово,деревня,московская,102.0,55.573345,35.550972,/workspace/settlements-raw/data/raw/historical_geography/geokladr_okato_2011/okato.dbf,d1c8b983f2489724a940bd2a64dedda73b602f6c491d5c09391deaf362fe2650,raw_dbf_record_number_1based=76057;byte_offset_0based=30042825,geokladr_2011_raw_dbf_coordinate,reviewed_extension_rule_accepted,GeoKLADR2011:OKATO:46252828017,2021:data_allsettlements_anon_156_v20251217.parquet:parquet:70065,Погорелово,деревня,московская,215.0,56.1650679,36.7811251,/workspace/settlements-raw/data/interim/2021_tochno/data_allsettlements_anon_156_v20251217.parquet,86c197cd522e0b63669e9c6e7f43fd3d82b3704c6a126c800a9968ecd16cae14,"parquet_row_1based=70065;latitude_dadata,longitude_dadata",tochno_2021_dadata_raw_parquet_point,reviewed_rule_accepted,2021:data_allsettlements_anon_156_v20251217.parquet:parquet:70065,0.0,101.08935887204805,101.08935887204805,101.08935887204805,distance_km_2002_2021,373
2002:017_6374fdddeb_02c_Yaroslavskaja.xls:Sheet1:5800,2002:017_6374fdddeb_02c_Yaroslavskaja.xls:Sheet1:5800,Бурмасово,деревня,ярославская,188.0,57.5419919,38.1842327,/workspace/settlements-raw/data/interim/2021_tochno/data_allsettlements_anon_156_v20251217.parquet,86c197cd522e0b63669e9c6e7f43fd3d82b3704c6a126c800a9968ecd16cae14,"carrier_target_source_record_id=2021:data_allsettlements_anon_156_v20251217.parquet:parquet:172266;parquet_row_1based=172266;latitude_dadata,longitude_dadata",retrospective_continuity_from_tochno_2021_dadata_raw_parquet_point,reviewed_extension_rule_accepted,2021:data_allsettlements_anon_156_v20251217.parquet:parquet:172266,2010:011_040325482b_3._20Ryaz_Smol_Tambov_Tula_Jaroslavl_20L1_20ethn_2010.xls:Data Sheet:18253,Бурмасово,деревня,ярославская,180.0,57.466105,39.868708,/workspace/settlements-raw/data/raw/historical_geography/geokladr_okato_2011/okato.dbf,d1c8b983f2489724a940bd2a64dedda73b602f6c491d5c09391deaf362fe2650,raw_dbf_record_number_1based=131028;byte_offset_0based=51756370,geokladr_2011_raw_dbf_coordinate,reviewed_extension_rule_accepted,GeoKLADR2011:OKATO:78246875033,2021:data_allsettlements_anon_156_v20251217.parquet:parquet:172266,Бурмасово,деревня,ярославская,195.0,57.5419919,38.1842327,/workspace/settlements-raw/data/interim/2021_tochno/data_allsettlements_anon_156_v20251217.parquet,86c197cd522e0b63669e9c6e7f43fd3d82b3704c6a126c800a9968ecd16cae14,"parquet_row_1based=172266;latitude_dadata,longitude_dadata",tochno_2021_dadata_raw_parquet_point,reviewed_rule_accepted,2021:data_allsettlements_anon_156_v20251217.parquet:parquet:172266,100.97848582727023,0.0,100.97848582727023,100.97848582727023,distance_km_2002_2010,374
2002:045_9dc3ed048e_02c__Udmurtia.xls:Sheet1:983,2002:045_9dc3ed048e_02c__Udmurtia.xls:Sheet1:983,Чужьялово,деревня,удмуртская,68.0,57.498664,51.76239,/workspace/settlements-raw/data/raw/historical_geography/geokladr_okato_2011/okato.dbf,d1c8b983f2489724a940bd2a64dedda73b602f6c491d5c09391deaf362fe2650,raw_dbf_record_number_1based=147618;byte_offset_0based=58309420,geokladr_2011_raw_dbf_coordinate,reviewed_extension_rule_accepted,GeoKLADR2011:OKATO:94216850003,2010:017_68e0e4537e_9._20Basq_Mari_Mord_Tatar_Udm_Chuv_2010.xls:!!!:11254,Чужьялово,деревня,удмуртская,56.0,57.498664,51.76239,/workspace/settlements-raw/data/raw/historical_geography/geokladr_okato_2011/okato.dbf,d1c8b983f2489724a940bd2a64dedda73b602f6c491d5c09391deaf362fe2650,raw_dbf_record_number_1based=147618;byte_offset_0based=58309420,geokladr_2011_raw_dbf_coordinate,reviewed_extension_rule_accepted,GeoKLADR2011:OKATO:94216850003,2021:data_allsettlements_anon_156_v20251217.parquet:parquet:156120,Чужьялово,деревня,удмуртская,4.0,56.8576,52.94726,/workspace/settlements-raw/data/raw/coordinate_candidates/geonames_RU_20260907.zip,9bf299daaff13de75ddbf610e113469aae80537d66a7de3437967576c6509ff4,RU.txt:line=106336;geonameid=567325,geonames_ru_txt_named_place_point,reviewed_extension_rule_accepted,GeoNames:geonameid:567325,0.0,100.89884140073606,100.89884140073606,100.89884140073606,distance_km_2002_2021,375
2002:1_TOM_01_04.xls:0:7228,2002:1_TOM_01_04.xls:0:7228,Языково,пгт,ульяновская,4961.0,53.3865,47.2988,/workspace/settlements-raw/data/raw/historical_geography/geokladr_okato_2011/okato.dbf,d1c8b983f2489724a940bd2a64dedda73b602f6c491d5c09391deaf362fe2650,DBF_record_1based=122838;DBF_byte_offset_0based=48521320;OKATO2011_raw=73214558000,raw_named_typed_geo2011_object,reviewed_extension_rule_accepted,,ROSSTAT2010:T5:p146:l53,Языково,пгт,ульяновская,4217.0,54.2922,47.3891,/workspace/settlements-raw/data/raw/wikidata_truthy_claims/batch_0138.jsonl.gz,d394a627f3eaa7ea24c694640519d0722100f9f550f3fc44e91f33bec65c2a8d,"{""line_number"": 12228, ""locator"": ""batch_0138.jsonl.gz#line=12228"", ""retrieved_at_utc"": ""2026-08-31T21:00:00.938421+00:00"", ""source_file"": ""batch_0138.jsonl.gz"", ""value_raw"": ""POINT(47.389100 54.292200)""}",wikidata_P625_point_claim,reviewed_extension_rule_accepted,2021:data_allsettlements_anon_156_v20251217.parquet:parquet:157890,2021:data_allsettlements_anon_156_v20251217.parquet:parquet:157890,Языково,пгт,ульяновская,3276.0,54.2922,47.3891,/workspace/settlements-raw/data/raw/wikidata_truthy_claims/batch_0138.jsonl.gz,d394a627f3eaa7ea24c694640519d0722100f9f550f3fc44e91f33bec65c2a8d,"{""line_number"": 12228, ""locator"": ""batch_0138.jsonl.gz#line=12228"", ""retrieved_at_utc"": ""2026-08-31T21:00:00.938421+00:00"", ""source_file"": ""batch_0138.jsonl.gz"", ""value_raw"": ""POINT(47.389100 54.292200)""}",wikidata_P625_point_claim,reviewed_extension_rule_accepted,Q4536534,100.88348111546182,100.88348111546182,0.0,100.88348111546182,distance_km_2002_2010,376
2002:006_1916564aaa_02c_Kaluzhskaja.xls:Sheet1:2811,2002:006_1916564aaa_02c_Kaluzhskaja.xls:Sheet1:2811,Вязовня,деревня,калужская,0.0,53.773272,35.347209,/workspace/settlements-raw/data/raw/historical_geography/geokladr_okato_2011/okato.dbf,d1c8b983f2489724a940bd2a64dedda73b602f6c491d5c09391deaf362fe2650,raw_dbf_record_number_1based=51468;byte_offset_0based=20330170,geokladr_2011_raw_dbf_coordinate,reviewed_extension_rule_accepted,GeoKLADR2011:OKATO:29234848005,2010:013_f60b2d2bcf_5._20Belg_Bryan_Vlad_Voron_Ivanov_Kalug_20L1_ethn_2010.xls:Data Sheet:14016,Вязовня,деревня,калужская,0.0,53.773272,35.347209,/workspace/settlements-raw/data/raw/historical_geography/geokladr_okato_2011/okato.dbf,d1c8b983f2489724a940bd2a64dedda73b602f6c491d5c09391deaf362fe2650,raw_dbf_record_number_1based=51468;byte_offset_0based=20330170,geokladr_2011_raw_dbf_coordinate,reviewed_extension_rule_accepted,GeoKLADR2011:OKATO:29234848005,2021:data_allsettlements_anon_156_v20251217.parquet:parquet:29791,Вязовня,деревня,калужская,0.0,54.40306,34.23889,/workspace/settlements-raw/data/raw/wikidata_truthy_claims/batch_0080.jsonl.gz,06a0393002ad9008110bdf1139a6ae8d50df898d10cfd60e47c0cfd145a57103,"{""line_number"": 6683, ""locator"": ""batch_0080.jsonl.gz#line=6683"", ""retrieved_at_utc"": ""2026-08-31T20:58:43.546918+00:00"", ""source_file"": ""batch_0080.jsonl.gz"", ""value_raw"": ""POINT(34.238890 54.403060)""}",wikidata_P625_point_claim,reviewed_extension_rule_accepted,Q21850279,0.0,100.64172332502778,100.64172332502778,100.64172332502778,distance_km_2002_2021,377
