target_source_record_id,target_year,latitude,longitude,coordinate_source_record_id,coordinate_admission_status,coordinate_origin_ledger,coordinate_origin_ledger_sha256,coordinate_origin_ledger_locator,admission_rule,direct_historical_coordinate_measurement,native_code_binding_asserted,boundary_comparability_asserted
2002:045_9dc3ed048e_02c__Udmurtia.xls:Sheet1:925,2002,56.839217,53.323591,2021:data_allsettlements_anon_156_v20251217.parquet:parquet:156078,candidate_pending_independent_review,/workspace/settlements-work/continuation_20261004/accepted_graph25_bounded_cases_20261005/accepted_point_uses.parquet,cc2a7cf67d7c25eec2de7f962c49478dd275646138f1303ae3410bf2a6922d23,target_source_record_id=2021:data_allsettlements_anon_156_v20251217.parquet:parquet:156078,representative_point_continuity_over_proposed_county_name_identity,False,False,False
2002:045_9dc3ed048e_02c__Udmurtia.xls:Sheet1:932,2002,56.853611,53.363889,2021:data_allsettlements_anon_156_v20251217.parquet:parquet:156082,candidate_pending_independent_review,/workspace/settlements-work/continuation_20261004/accepted_graph25_bounded_cases_20261005/accepted_point_uses.parquet,cc2a7cf67d7c25eec2de7f962c49478dd275646138f1303ae3410bf2a6922d23,target_source_record_id=2021:data_allsettlements_anon_156_v20251217.parquet:parquet:156082,representative_point_continuity_over_proposed_county_name_identity,False,False,False
2002:045_9dc3ed048e_02c__Udmurtia.xls:Sheet1:1898,2002,56.428452,51.94842,2021:data_allsettlements_anon_156_v20251217.parquet:parquet:156825,candidate_pending_independent_review,/workspace/settlements-work/continuation_20261004/accepted_graph25_bounded_cases_20261005/accepted_point_uses.parquet,cc2a7cf67d7c25eec2de7f962c49478dd275646138f1303ae3410bf2a6922d23,target_source_record_id=2021:data_allsettlements_anon_156_v20251217.parquet:parquet:156825,representative_point_continuity_over_proposed_county_name_identity,False,False,False
2002:075_ad45d4f1e5_Tomskaya.xls:Sheet1:766,2002,56.5350413,84.1703698,2021:data_allsettlements_anon_156_v20251217.parquet:parquet:143997,candidate_pending_independent_review,/workspace/settlements-work/continuation_20261004/accepted_graph25_bounded_cases_20261005/accepted_point_uses.parquet,cc2a7cf67d7c25eec2de7f962c49478dd275646138f1303ae3410bf2a6922d23,target_source_record_id=2021:data_allsettlements_anon_156_v20251217.parquet:parquet:143997,representative_point_continuity_over_proposed_county_name_identity,False,False,False
2002:045_9dc3ed048e_02c__Udmurtia.xls:Sheet1:2309,2002,56.984444,52.381389,2021:data_allsettlements_anon_156_v20251217.parquet:parquet:157161,candidate_pending_independent_review,/workspace/settlements-work/continuation_20261004/accepted_graph25_bounded_cases_20261005/accepted_point_uses.parquet,cc2a7cf67d7c25eec2de7f962c49478dd275646138f1303ae3410bf2a6922d23,target_source_record_id=2021:data_allsettlements_anon_156_v20251217.parquet:parquet:157161,representative_point_continuity_over_proposed_county_name_identity,False,False,False
2002:045_9dc3ed048e_02c__Udmurtia.xls:Sheet1:1421,2002,57.889518,53.4050382,2021:data_allsettlements_anon_156_v20251217.parquet:parquet:156481,candidate_pending_independent_review,/workspace/settlements-work/continuation_20261004/accepted_graph25_bounded_cases_20261005/accepted_point_uses.parquet,cc2a7cf67d7c25eec2de7f962c49478dd275646138f1303ae3410bf2a6922d23,target_source_record_id=2021:data_allsettlements_anon_156_v20251217.parquet:parquet:156481,representative_point_continuity_over_proposed_county_name_identity,False,False,False
2002:045_9dc3ed048e_02c__Udmurtia.xls:Sheet1:487,2002,57.068889,54.1275,2021:data_allsettlements_anon_156_v20251217.parquet:parquet:155722,candidate_pending_independent_review,/workspace/settlements-work/continuation_20261004/accepted_graph25_bounded_cases_20261005/accepted_point_uses.parquet,cc2a7cf67d7c25eec2de7f962c49478dd275646138f1303ae3410bf2a6922d23,target_source_record_id=2021:data_allsettlements_anon_156_v20251217.parquet:parquet:155722,representative_point_continuity_over_proposed_county_name_identity,False,False,False
2002:045_9dc3ed048e_02c__Udmurtia.xls:Sheet1:613,2002,58.0841849,52.8664453,2021:data_allsettlements_anon_156_v20251217.parquet:parquet:155822,candidate_pending_independent_review,/workspace/settlements-work/continuation_20261004/accepted_graph25_bounded_cases_20261005/accepted_point_uses.parquet,cc2a7cf67d7c25eec2de7f962c49478dd275646138f1303ae3410bf2a6922d23,target_source_record_id=2021:data_allsettlements_anon_156_v20251217.parquet:parquet:155822,representative_point_continuity_over_proposed_county_name_identity,False,False,False
2002:045_9dc3ed048e_02c__Udmurtia.xls:Sheet1:1665,2002,57.541667,52.095278,2021:data_allsettlements_anon_156_v20251217.parquet:parquet:156664,candidate_pending_independent_review,/workspace/settlements-work/continuation_20261004/accepted_graph25_bounded_cases_20261005/accepted_point_uses.parquet,cc2a7cf67d7c25eec2de7f962c49478dd275646138f1303ae3410bf2a6922d23,target_source_record_id=2021:data_allsettlements_anon_156_v20251217.parquet:parquet:156664,representative_point_continuity_over_proposed_county_name_identity,False,False,False
2002:045_9dc3ed048e_02c__Udmurtia.xls:Sheet1:1942,2002,56.348392,52.08665,2021:data_allsettlements_anon_156_v20251217.parquet:parquet:156910,candidate_pending_independent_review,/workspace/settlements-work/continuation_20261004/accepted_graph25_bounded_cases_20261005/accepted_point_uses.parquet,cc2a7cf67d7c25eec2de7f962c49478dd275646138f1303ae3410bf2a6922d23,target_source_record_id=2021:data_allsettlements_anon_156_v20251217.parquet:parquet:156910,representative_point_continuity_over_proposed_county_name_identity,False,False,False
2002:040_95a4475637_02c_Rostov_obl.xls:Sheet1:259,2002,47.2161474,40.294966,2021:data_allsettlements_anon_156_v20251217.parquet:parquet:108920,candidate_pending_independent_review,/workspace/settlements-work/continuation_20261004/accepted_graph25_bounded_cases_20261005/accepted_point_uses.parquet,cc2a7cf67d7c25eec2de7f962c49478dd275646138f1303ae3410bf2a6922d23,target_source_record_id=2021:data_allsettlements_anon_156_v20251217.parquet:parquet:108920,representative_point_continuity_over_proposed_county_name_identity,False,False,False
2002:045_9dc3ed048e_02c__Udmurtia.xls:Sheet1:1565,2002,56.3478309,51.5814636,2021:data_allsettlements_anon_156_v20251217.parquet:parquet:156587,candidate_pending_independent_review,/workspace/settlements-work/continuation_20261004/accepted_graph25_bounded_cases_20261005/accepted_point_uses.parquet,cc2a7cf67d7c25eec2de7f962c49478dd275646138f1303ae3410bf2a6922d23,target_source_record_id=2021:data_allsettlements_anon_156_v20251217.parquet:parquet:156587,representative_point_continuity_over_proposed_county_name_identity,False,False,False
2002:045_9dc3ed048e_02c__Udmurtia.xls:Sheet1:1604,2002,56.3747923,53.2360131,2021:data_allsettlements_anon_156_v20251217.parquet:parquet:156621,candidate_pending_independent_review,/workspace/settlements-work/continuation_20261004/accepted_graph25_bounded_cases_20261005/accepted_point_uses.parquet,cc2a7cf67d7c25eec2de7f962c49478dd275646138f1303ae3410bf2a6922d23,target_source_record_id=2021:data_allsettlements_anon_156_v20251217.parquet:parquet:156621,representative_point_continuity_over_proposed_county_name_identity,False,False,False
2002:042_9ff652dedd_02c_Marii-El_new.xls:Sheet1:1681,2002,56.7231654,49.4706938,2021:data_allsettlements_anon_156_v20251217.parquet:parquet:62836,candidate_pending_independent_review,/workspace/settlements-work/continuation_20261004/accepted_graph25_bounded_cases_20261005/accepted_point_uses.parquet,cc2a7cf67d7c25eec2de7f962c49478dd275646138f1303ae3410bf2a6922d23,target_source_record_id=2021:data_allsettlements_anon_156_v20251217.parquet:parquet:62836,representative_point_continuity_over_proposed_county_name_identity,False,False,False
2002:045_9dc3ed048e_02c__Udmurtia.xls:Sheet1:697,2002,56.028611,51.891944,2021:data_allsettlements_anon_156_v20251217.parquet:parquet:155922,candidate_pending_independent_review,/workspace/settlements-work/continuation_20261004/accepted_graph25_bounded_cases_20261005/accepted_point_uses.parquet,cc2a7cf67d7c25eec2de7f962c49478dd275646138f1303ae3410bf2a6922d23,target_source_record_id=2021:data_allsettlements_anon_156_v20251217.parquet:parquet:155922,representative_point_continuity_over_proposed_county_name_identity,False,False,False
2002:045_9dc3ed048e_02c__Udmurtia.xls:Sheet1:2778,2002,57.005,53.051944,2021:data_allsettlements_anon_156_v20251217.parquet:parquet:157522,candidate_pending_independent_review,/workspace/settlements-work/continuation_20261004/accepted_graph25_bounded_cases_20261005/accepted_point_uses.parquet,cc2a7cf67d7c25eec2de7f962c49478dd275646138f1303ae3410bf2a6922d23,target_source_record_id=2021:data_allsettlements_anon_156_v20251217.parquet:parquet:157522,representative_point_continuity_over_proposed_county_name_identity,False,False,False
2002:045_9dc3ed048e_02c__Udmurtia.xls:Sheet1:2777,2002,57.011813,53.0330098,2021:data_allsettlements_anon_156_v20251217.parquet:parquet:157521,candidate_pending_independent_review,/workspace/settlements-work/continuation_20261004/accepted_graph25_bounded_cases_20261005/accepted_point_uses.parquet,cc2a7cf67d7c25eec2de7f962c49478dd275646138f1303ae3410bf2a6922d23,target_source_record_id=2021:data_allsettlements_anon_156_v20251217.parquet:parquet:157521,representative_point_continuity_over_proposed_county_name_identity,False,False,False
2002:045_9dc3ed048e_02c__Udmurtia.xls:Sheet1:1358,2002,58.068889,53.748611,2021:data_allsettlements_anon_156_v20251217.parquet:parquet:156426,candidate_pending_independent_review,/workspace/settlements-work/continuation_20261004/accepted_graph25_bounded_cases_20261005/accepted_point_uses.parquet,cc2a7cf67d7c25eec2de7f962c49478dd275646138f1303ae3410bf2a6922d23,target_source_record_id=2021:data_allsettlements_anon_156_v20251217.parquet:parquet:156426,representative_point_continuity_over_proposed_county_name_identity,False,False,False
2002:045_9dc3ed048e_02c__Udmurtia.xls:Sheet1:1760,2002,56.4972721,52.7880677,2021:data_allsettlements_anon_156_v20251217.parquet:parquet:156749,candidate_pending_independent_review,/workspace/settlements-work/continuation_20261004/accepted_graph25_bounded_cases_20261005/accepted_point_uses.parquet,cc2a7cf67d7c25eec2de7f962c49478dd275646138f1303ae3410bf2a6922d23,target_source_record_id=2021:data_allsettlements_anon_156_v20251217.parquet:parquet:156749,representative_point_continuity_over_proposed_county_name_identity,False,False,False
2002:045_9dc3ed048e_02c__Udmurtia.xls:Sheet1:146,2002,57.880833,53.130833,2021:data_allsettlements_anon_156_v20251217.parquet:parquet:155462,candidate_pending_independent_review,/workspace/settlements-work/continuation_20261004/accepted_graph25_bounded_cases_20261005/accepted_point_uses.parquet,cc2a7cf67d7c25eec2de7f962c49478dd275646138f1303ae3410bf2a6922d23,target_source_record_id=2021:data_allsettlements_anon_156_v20251217.parquet:parquet:155462,representative_point_continuity_over_proposed_county_name_identity,False,False,False
2002:058_a73d73c7dd_02c-Tyumen_obl_new.xls:Sheet1:297,2002,57.5077901,68.7054627,2021:data_allsettlements_anon_156_v20251217.parquet:parquet:153598,candidate_pending_independent_review,/workspace/settlements-work/continuation_20261004/accepted_graph25_bounded_cases_20261005/accepted_point_uses.parquet,cc2a7cf67d7c25eec2de7f962c49478dd275646138f1303ae3410bf2a6922d23,target_source_record_id=2021:data_allsettlements_anon_156_v20251217.parquet:parquet:153598,representative_point_continuity_over_proposed_county_name_identity,False,False,False
2002:040_95a4475637_02c_Rostov_obl.xls:Sheet1:596,2002,47.4607328,42.2260022,2021:data_allsettlements_anon_156_v20251217.parquet:parquet:109177,candidate_pending_independent_review,/workspace/settlements-work/continuation_20261004/accepted_graph25_bounded_cases_20261005/accepted_point_uses.parquet,cc2a7cf67d7c25eec2de7f962c49478dd275646138f1303ae3410bf2a6922d23,target_source_record_id=2021:data_allsettlements_anon_156_v20251217.parquet:parquet:109177,representative_point_continuity_over_proposed_county_name_identity,False,False,False
2002:075_ad45d4f1e5_Tomskaya.xls:Sheet1:55,2002,57.4818219,85.7378137,2021:data_allsettlements_anon_156_v20251217.parquet:parquet:143369,candidate_pending_independent_review,/workspace/settlements-work/continuation_20261004/accepted_graph25_bounded_cases_20261005/accepted_point_uses.parquet,cc2a7cf67d7c25eec2de7f962c49478dd275646138f1303ae3410bf2a6922d23,target_source_record_id=2021:data_allsettlements_anon_156_v20251217.parquet:parquet:143369,representative_point_continuity_over_proposed_county_name_identity,False,False,False
2002:045_9dc3ed048e_02c__Udmurtia.xls:Sheet1:2231,2002,57.3421839,51.5229363,2021:data_allsettlements_anon_156_v20251217.parquet:parquet:157103,candidate_pending_independent_review,/workspace/settlements-work/continuation_20261004/accepted_graph25_bounded_cases_20261005/accepted_point_uses.parquet,cc2a7cf67d7c25eec2de7f962c49478dd275646138f1303ae3410bf2a6922d23,target_source_record_id=2021:data_allsettlements_anon_156_v20251217.parquet:parquet:157103,representative_point_continuity_over_proposed_county_name_identity,False,False,False
2002:045_9dc3ed048e_02c__Udmurtia.xls:Sheet1:100,2002,56.2492959,52.3569061,2021:data_allsettlements_anon_156_v20251217.parquet:parquet:155425,candidate_pending_independent_review,/workspace/settlements-work/continuation_20261004/accepted_graph25_bounded_cases_20261005/accepted_point_uses.parquet,cc2a7cf67d7c25eec2de7f962c49478dd275646138f1303ae3410bf2a6922d23,target_source_record_id=2021:data_allsettlements_anon_156_v20251217.parquet:parquet:155425,representative_point_continuity_over_proposed_county_name_identity,False,False,False
2002:045_9dc3ed048e_02c__Udmurtia.xls:Sheet1:2805,2002,57.130833,53.155,2021:data_allsettlements_anon_156_v20251217.parquet:parquet:157543,candidate_pending_independent_review,/workspace/settlements-work/continuation_20261004/accepted_graph25_bounded_cases_20261005/accepted_point_uses.parquet,cc2a7cf67d7c25eec2de7f962c49478dd275646138f1303ae3410bf2a6922d23,target_source_record_id=2021:data_allsettlements_anon_156_v20251217.parquet:parquet:157543,representative_point_continuity_over_proposed_county_name_identity,False,False,False
2002:045_9dc3ed048e_02c__Udmurtia.xls:Sheet1:2062,2002,56.4525,53.473889,2021:data_allsettlements_anon_156_v20251217.parquet:parquet:156984,candidate_pending_independent_review,/workspace/settlements-work/continuation_20261004/accepted_graph25_bounded_cases_20261005/accepted_point_uses.parquet,cc2a7cf67d7c25eec2de7f962c49478dd275646138f1303ae3410bf2a6922d23,target_source_record_id=2021:data_allsettlements_anon_156_v20251217.parquet:parquet:156984,representative_point_continuity_over_proposed_county_name_identity,False,False,False
2002:046_228ab1ba5a_Chuvashia_1.xls:Sheet1:1595,2002,55.826792,47.634339,2021:data_allsettlements_anon_156_v20251217.parquet:parquet:163564,candidate_pending_independent_review,/workspace/settlements-work/continuation_20261004/accepted_graph25_bounded_cases_20261005/accepted_point_uses.parquet,cc2a7cf67d7c25eec2de7f962c49478dd275646138f1303ae3410bf2a6922d23,target_source_record_id=2021:data_allsettlements_anon_156_v20251217.parquet:parquet:163564,representative_point_continuity_over_proposed_county_name_identity,False,False,False
2002:045_9dc3ed048e_02c__Udmurtia.xls:Sheet1:161,2002,57.867778,53.105555,2021:data_allsettlements_anon_156_v20251217.parquet:parquet:155467,candidate_pending_independent_review,/workspace/settlements-work/continuation_20261004/accepted_graph25_bounded_cases_20261005/accepted_point_uses.parquet,cc2a7cf67d7c25eec2de7f962c49478dd275646138f1303ae3410bf2a6922d23,target_source_record_id=2021:data_allsettlements_anon_156_v20251217.parquet:parquet:155467,representative_point_continuity_over_proposed_county_name_identity,False,False,False
2002:078_8405ea8fce_Yakutia.xls:Sheet1:876,2002,61.424444,128.7789095,2021:data_allsettlements_anon_156_v20251217.parquet:parquet:166769,candidate_pending_independent_review,/workspace/settlements-work/continuation_20261004/accepted_graph25_bounded_cases_20261005/accepted_point_uses.parquet,cc2a7cf67d7c25eec2de7f962c49478dd275646138f1303ae3410bf2a6922d23,target_source_record_id=2021:data_allsettlements_anon_156_v20251217.parquet:parquet:166769,representative_point_continuity_over_proposed_county_name_identity,False,False,False
2002:073_f153ba2c6b_Novosib.xls:Sheet1:1586,2002,55.25887,76.33369,2021:data_allsettlements_anon_156_v20251217.parquet:parquet:81866,candidate_pending_independent_review,/workspace/settlements-work/continuation_20261004/accepted_graph25_bounded_cases_20261005/accepted_point_uses.parquet,cc2a7cf67d7c25eec2de7f962c49478dd275646138f1303ae3410bf2a6922d23,target_source_record_id=2021:data_allsettlements_anon_156_v20251217.parquet:parquet:81866,representative_point_continuity_over_proposed_county_name_identity,False,False,False
2002:045_9dc3ed048e_02c__Udmurtia.xls:Sheet1:2351,2002,56.7650248,52.4439337,2021:data_allsettlements_anon_156_v20251217.parquet:parquet:157190,candidate_pending_independent_review,/workspace/settlements-work/continuation_20261004/accepted_graph25_bounded_cases_20261005/accepted_point_uses.parquet,cc2a7cf67d7c25eec2de7f962c49478dd275646138f1303ae3410bf2a6922d23,target_source_record_id=2021:data_allsettlements_anon_156_v20251217.parquet:parquet:157190,representative_point_continuity_over_proposed_county_name_identity,False,False,False
2002:045_9dc3ed048e_02c__Udmurtia.xls:Sheet1:94,2002,56.117222,52.544444,2021:data_allsettlements_anon_156_v20251217.parquet:parquet:155420,candidate_pending_independent_review,/workspace/settlements-work/continuation_20261004/accepted_graph25_bounded_cases_20261005/accepted_point_uses.parquet,cc2a7cf67d7c25eec2de7f962c49478dd275646138f1303ae3410bf2a6922d23,target_source_record_id=2021:data_allsettlements_anon_156_v20251217.parquet:parquet:155420,representative_point_continuity_over_proposed_county_name_identity,False,False,False
2002:067_7363c80f41_02c_Krasnojarski_lraj.xls:Sheet1:1532,2002,56.1223406,97.3752426,2021:data_allsettlements_anon_156_v20251217.parquet:parquet:48575,candidate_pending_independent_review,/workspace/settlements-work/continuation_20261004/accepted_graph25_bounded_cases_20261005/accepted_point_uses.parquet,cc2a7cf67d7c25eec2de7f962c49478dd275646138f1303ae3410bf2a6922d23,target_source_record_id=2021:data_allsettlements_anon_156_v20251217.parquet:parquet:48575,representative_point_continuity_over_proposed_county_name_identity,False,False,False
2002:045_9dc3ed048e_02c__Udmurtia.xls:Sheet1:404,2002,56.5469035,51.7804602,2021:data_allsettlements_anon_156_v20251217.parquet:parquet:155662,candidate_pending_independent_review,/workspace/settlements-work/continuation_20261004/accepted_graph25_bounded_cases_20261005/accepted_point_uses.parquet,cc2a7cf67d7c25eec2de7f962c49478dd275646138f1303ae3410bf2a6922d23,target_source_record_id=2021:data_allsettlements_anon_156_v20251217.parquet:parquet:155662,representative_point_continuity_over_proposed_county_name_identity,False,False,False
2002:044_42b3ed3cfc_Tataria.xls:Sheet1:1360,2002,54.359586,52.839375,2021:data_allsettlements_anon_156_v20251217.parquet:parquet:130672,candidate_pending_independent_review,/workspace/settlements-work/continuation_20261004/accepted_graph25_bounded_cases_20261005/accepted_point_uses.parquet,cc2a7cf67d7c25eec2de7f962c49478dd275646138f1303ae3410bf2a6922d23,target_source_record_id=2021:data_allsettlements_anon_156_v20251217.parquet:parquet:130672,representative_point_continuity_over_proposed_county_name_identity,False,False,False
2002:044_42b3ed3cfc_Tataria.xls:Sheet1:1320,2002,54.4199341,52.6731523,2021:data_allsettlements_anon_156_v20251217.parquet:parquet:130637,candidate_pending_independent_review,/workspace/settlements-work/continuation_20261004/accepted_graph25_bounded_cases_20261005/accepted_point_uses.parquet,cc2a7cf67d7c25eec2de7f962c49478dd275646138f1303ae3410bf2a6922d23,target_source_record_id=2021:data_allsettlements_anon_156_v20251217.parquet:parquet:130637,representative_point_continuity_over_proposed_county_name_identity,False,False,False
2002:045_9dc3ed048e_02c__Udmurtia.xls:Sheet1:2233,2002,57.296944,51.185833,2021:data_allsettlements_anon_156_v20251217.parquet:parquet:157100,candidate_pending_independent_review,/workspace/settlements-work/continuation_20261004/accepted_graph25_bounded_cases_20261005/accepted_point_uses.parquet,cc2a7cf67d7c25eec2de7f962c49478dd275646138f1303ae3410bf2a6922d23,target_source_record_id=2021:data_allsettlements_anon_156_v20251217.parquet:parquet:157100,representative_point_continuity_over_proposed_county_name_identity,False,False,False
2002:045_9dc3ed048e_02c__Udmurtia.xls:Sheet1:383,2002,56.8660432,51.9018576,2021:data_allsettlements_anon_156_v20251217.parquet:parquet:155651,candidate_pending_independent_review,/workspace/settlements-work/continuation_20261004/accepted_graph25_bounded_cases_20261005/accepted_point_uses.parquet,cc2a7cf67d7c25eec2de7f962c49478dd275646138f1303ae3410bf2a6922d23,target_source_record_id=2021:data_allsettlements_anon_156_v20251217.parquet:parquet:155651,representative_point_continuity_over_proposed_county_name_identity,False,False,False
2002:045_9dc3ed048e_02c__Udmurtia.xls:Sheet1:10,2002,56.1775,52.655,2021:data_allsettlements_anon_156_v20251217.parquet:parquet:155345,candidate_pending_independent_review,/workspace/settlements-work/continuation_20261004/accepted_graph25_bounded_cases_20261005/accepted_point_uses.parquet,cc2a7cf67d7c25eec2de7f962c49478dd275646138f1303ae3410bf2a6922d23,target_source_record_id=2021:data_allsettlements_anon_156_v20251217.parquet:parquet:155345,representative_point_continuity_over_proposed_county_name_identity,False,False,False
2002:045_9dc3ed048e_02c__Udmurtia.xls:Sheet1:14,2002,56.2143084,52.6611273,2021:data_allsettlements_anon_156_v20251217.parquet:parquet:155341,candidate_pending_independent_review,/workspace/settlements-work/continuation_20261004/accepted_graph25_bounded_cases_20261005/accepted_point_uses.parquet,cc2a7cf67d7c25eec2de7f962c49478dd275646138f1303ae3410bf2a6922d23,target_source_record_id=2021:data_allsettlements_anon_156_v20251217.parquet:parquet:155341,representative_point_continuity_over_proposed_county_name_identity,False,False,False
2002:044_42b3ed3cfc_Tataria.xls:Sheet1:1309,2002,54.6569692,52.6630299,2021:data_allsettlements_anon_156_v20251217.parquet:parquet:130629,candidate_pending_independent_review,/workspace/settlements-work/continuation_20261004/accepted_graph25_bounded_cases_20261005/accepted_point_uses.parquet,cc2a7cf67d7c25eec2de7f962c49478dd275646138f1303ae3410bf2a6922d23,target_source_record_id=2021:data_allsettlements_anon_156_v20251217.parquet:parquet:130629,representative_point_continuity_over_proposed_county_name_identity,False,False,False
2002:045_9dc3ed048e_02c__Udmurtia.xls:Sheet1:1906,2002,56.4856,52.327244,2021:data_allsettlements_anon_156_v20251217.parquet:parquet:156869,candidate_pending_independent_review,/workspace/settlements-work/continuation_20261004/accepted_graph25_bounded_cases_20261005/accepted_point_uses.parquet,cc2a7cf67d7c25eec2de7f962c49478dd275646138f1303ae3410bf2a6922d23,target_source_record_id=2021:data_allsettlements_anon_156_v20251217.parquet:parquet:156869,representative_point_continuity_over_proposed_county_name_identity,False,False,False
2002:029_fe8710371d_02c_Dagestan.xls:2002:566,2002,42.4274095,46.8208832,2021:data_allsettlements_anon_156_v20251217.parquet:parquet:16595,candidate_pending_independent_review,/workspace/settlements-work/continuation_20261004/accepted_graph25_bounded_cases_20261005/accepted_point_uses.parquet,cc2a7cf67d7c25eec2de7f962c49478dd275646138f1303ae3410bf2a6922d23,target_source_record_id=2021:data_allsettlements_anon_156_v20251217.parquet:parquet:16595,representative_point_continuity_over_proposed_county_name_identity,False,False,False
2002:029_fe8710371d_02c_Dagestan.xls:2002:586,2002,42.4156232,46.7566156,2021:data_allsettlements_anon_156_v20251217.parquet:parquet:16601,candidate_pending_independent_review,/workspace/settlements-work/continuation_20261004/accepted_graph25_bounded_cases_20261005/accepted_point_uses.parquet,cc2a7cf67d7c25eec2de7f962c49478dd275646138f1303ae3410bf2a6922d23,target_source_record_id=2021:data_allsettlements_anon_156_v20251217.parquet:parquet:16601,representative_point_continuity_over_proposed_county_name_identity,False,False,False
ROSSTAT2010:T5:p19:l29,2010,56.13311,40.01295,2021:data_allsettlements_anon_156_v20251217.parquet:parquet:3118,candidate_pending_independent_review,/workspace/settlements-work/continuation_20261004/accepted_graph25_bounded_cases_20261005/accepted_point_uses.parquet,cc2a7cf67d7c25eec2de7f962c49478dd275646138f1303ae3410bf2a6922d23,target_source_record_id=2021:data_allsettlements_anon_156_v20251217.parquet:parquet:3118,representative_point_continuity_over_proposed_county_name_identity,False,False,False
ROSSTAT2010:T5:p17:l8,2010,52.999444444444,31.602222222222,2021:data_allsettlements_anon_156_v20251217.parquet:parquet:174759,candidate_pending_independent_review,/workspace/settlements-work/continuation_20261004/accepted_graph25_bounded_cases_20261005/accepted_point_uses.parquet,cc2a7cf67d7c25eec2de7f962c49478dd275646138f1303ae3410bf2a6922d23,target_source_record_id=2021:data_allsettlements_anon_156_v20251217.parquet:parquet:174759,representative_point_continuity_over_proposed_county_name_identity,False,False,False
ROSSTAT2010:T5:p19:l20,2010,55.866667,39.083333,2021:data_allsettlements_anon_156_v20251217.parquet:parquet:2857,candidate_pending_independent_review,/workspace/settlements-work/continuation_20261004/accepted_graph25_bounded_cases_20261005/accepted_point_uses.parquet,cc2a7cf67d7c25eec2de7f962c49478dd275646138f1303ae3410bf2a6922d23,target_source_record_id=2021:data_allsettlements_anon_156_v20251217.parquet:parquet:2857,representative_point_continuity_over_proposed_county_name_identity,False,False,False
2010:017_68e0e4537e_9._20Basq_Mari_Mord_Tatar_Udm_Chuv_2010.xls:!!!:13150,2010,55.233333,47.5,2021:data_allsettlements_anon_156_v20251217.parquet:parquet:162819,candidate_pending_independent_review,/workspace/settlements-work/continuation_20261004/accepted_graph25_bounded_cases_20261005/accepted_point_uses.parquet,cc2a7cf67d7c25eec2de7f962c49478dd275646138f1303ae3410bf2a6922d23,target_source_record_id=2021:data_allsettlements_anon_156_v20251217.parquet:parquet:162819,representative_point_continuity_over_proposed_county_name_identity,False,False,False
ROSSTAT2010:T5:p16:l13,2010,52.8203449,31.7317199,2021:data_allsettlements_anon_156_v20251217.parquet:parquet:173806,candidate_pending_independent_review,/workspace/settlements-work/continuation_20261004/accepted_graph25_bounded_cases_20261005/accepted_point_uses.parquet,cc2a7cf67d7c25eec2de7f962c49478dd275646138f1303ae3410bf2a6922d23,target_source_record_id=2021:data_allsettlements_anon_156_v20251217.parquet:parquet:173806,representative_point_continuity_over_proposed_county_name_identity,False,False,False
2010:008_342f3c208b_16._20Сиб_ФО_2010.xls:Sib:3503,2010,53.080839,105.5369,2021:data_allsettlements_anon_156_v20251217.parquet:parquet:23975,candidate_pending_independent_review,/workspace/settlements-work/continuation_20261004/accepted_graph25_bounded_cases_20261005/accepted_point_uses.parquet,cc2a7cf67d7c25eec2de7f962c49478dd275646138f1303ae3410bf2a6922d23,target_source_record_id=2021:data_allsettlements_anon_156_v20251217.parquet:parquet:23975,representative_point_continuity_over_proposed_county_name_identity,False,False,False
ROSSTAT2010:T5:p131:l42,2010,56.212222,43.038889,2021:data_allsettlements_anon_156_v20251217.parquet:parquet:74001,candidate_pending_independent_review,/workspace/settlements-work/continuation_20261004/accepted_graph25_bounded_cases_20261005/accepted_point_uses.parquet,cc2a7cf67d7c25eec2de7f962c49478dd275646138f1303ae3410bf2a6922d23,target_source_record_id=2021:data_allsettlements_anon_156_v20251217.parquet:parquet:74001,representative_point_continuity_over_proposed_county_name_identity,False,False,False
ROSSTAT2010:T5:p203:l49,2010,52.2553754,133.9899542,2021:data_allsettlements_anon_156_v20251217.parquet:parquet:158964,candidate_pending_independent_review,/workspace/russian-settlements-research/research_rebuild/evidence/current_residual_ownlocality_points_20261005/accepted_point_use_delta.csv.gz,dd882ec334d07408d16ecf1e3a67f2eb03d1b13ff85cca12f8d32df1c0aabab3,target_source_record_id=2021:data_allsettlements_anon_156_v20251217.parquet:parquet:158964,representative_point_continuity_over_proposed_county_name_identity,False,False,False
ROSSTAT2010:T5:p201:l19,2010,44.8419146,133.9584268,2021:data_allsettlements_anon_156_v20251217.parquet:parquet:99676,candidate_pending_independent_review,/workspace/russian-settlements-research/research_rebuild/evidence/current_residual_ownlocality_points_20261005/accepted_point_use_delta.csv.gz,dd882ec334d07408d16ecf1e3a67f2eb03d1b13ff85cca12f8d32df1c0aabab3,target_source_record_id=2021:data_allsettlements_anon_156_v20251217.parquet:parquet:99676,representative_point_continuity_over_proposed_county_name_identity,False,False,False
2002:004_f58b08b4f6_02c_Voronezhskaja.xls:Sheet1:1153,2002,51.6718356,39.3118635,2021:data_allsettlements_anon_156_v20251217.parquet:parquet:14847,candidate_pending_independent_review,/workspace/settlements-work/continuation_20261004/accepted_graph25_bounded_cases_20261005/accepted_point_uses.parquet,cc2a7cf67d7c25eec2de7f962c49478dd275646138f1303ae3410bf2a6922d23,target_source_record_id=2021:data_allsettlements_anon_156_v20251217.parquet:parquet:14847,representative_point_continuity_over_proposed_county_name_identity,False,False,False
2002:010_3e630cc803_02c_Moskovskaya-oblast.xls:Sheet1:715,2002,56.375115,37.414724,2021:data_allsettlements_anon_156_v20251217.parquet:parquet:65862,candidate_pending_independent_review,/workspace/russian-settlements-research/research_rebuild/evidence/current_residual_ownlocality_points_20261005/accepted_point_use_delta.csv.gz,dd882ec334d07408d16ecf1e3a67f2eb03d1b13ff85cca12f8d32df1c0aabab3,target_source_record_id=2021:data_allsettlements_anon_156_v20251217.parquet:parquet:65862,representative_point_continuity_over_proposed_county_name_identity,False,False,False
2002:013_2dd2afccd6_02c_Smolenskaja.xls:Sheet1:5263,2002,54.063333,32.483611,2021:data_allsettlements_anon_156_v20251217.parquet:parquet:126504,candidate_pending_independent_review,/workspace/settlements-work/continuation_20261004/accepted_graph25_bounded_cases_20261005/accepted_point_uses.parquet,cc2a7cf67d7c25eec2de7f962c49478dd275646138f1303ae3410bf2a6922d23,target_source_record_id=2021:data_allsettlements_anon_156_v20251217.parquet:parquet:126504,representative_point_continuity_over_proposed_county_name_identity,False,False,False
2002:060_0d687479dd_02c_yamalo-nenets.xls:Sheet1:28,2002,64.0021903,82.0513473,2021:data_allsettlements_anon_156_v20251217.parquet:parquet:155263,candidate_pending_independent_review,/workspace/settlements-work/continuation_20261004/accepted_graph25_bounded_cases_20261005/accepted_point_uses.parquet,cc2a7cf67d7c25eec2de7f962c49478dd275646138f1303ae3410bf2a6922d23,target_source_record_id=2021:data_allsettlements_anon_156_v20251217.parquet:parquet:155263,representative_point_continuity_over_proposed_county_name_identity,False,False,False
2002:005_14871cc62a_02c_Ivanovskaja.xls:Sheet1:1188,2002,57.4823063,42.0546874,2021:data_allsettlements_anon_156_v20251217.parquet:parquet:20903,candidate_pending_independent_review,/workspace/settlements-work/continuation_20261004/accepted_graph25_bounded_cases_20261005/accepted_point_uses.parquet,cc2a7cf67d7c25eec2de7f962c49478dd275646138f1303ae3410bf2a6922d23,target_source_record_id=2021:data_allsettlements_anon_156_v20251217.parquet:parquet:20903,representative_point_continuity_over_proposed_county_name_identity,False,False,False
2002:048_4f024587eb_02c_Nizhegorod_obl_new.xls:11:3154,2002,56.027298,44.166246,2021:data_allsettlements_anon_156_v20251217.parquet:parquet:74375,candidate_pending_independent_review,/workspace/settlements-work/continuation_20261004/accepted_graph25_bounded_cases_20261005/accepted_point_uses.parquet,cc2a7cf67d7c25eec2de7f962c49478dd275646138f1303ae3410bf2a6922d23,target_source_record_id=2021:data_allsettlements_anon_156_v20251217.parquet:parquet:74375,representative_point_continuity_over_proposed_county_name_identity,False,False,False
2002:005_14871cc62a_02c_Ivanovskaja.xls:Sheet1:764,2002,56.9885771,40.7825596,2021:data_allsettlements_anon_156_v20251217.parquet:parquet:20628,candidate_pending_independent_review,/workspace/settlements-work/continuation_20261004/accepted_graph25_bounded_cases_20261005/accepted_point_uses.parquet,cc2a7cf67d7c25eec2de7f962c49478dd275646138f1303ae3410bf2a6922d23,target_source_record_id=2021:data_allsettlements_anon_156_v20251217.parquet:parquet:20628,representative_point_continuity_over_proposed_county_name_identity,False,False,False
2002:041_4b428edd23_Bashkiria_new.xls:Sheet1:5992,2002,54.7605623,55.4858125,2021:data_allsettlements_anon_156_v20251217.parquet:parquet:148709,candidate_pending_independent_review,/workspace/settlements-work/continuation_20261004/accepted_graph25_bounded_cases_20261005/accepted_point_uses.parquet,cc2a7cf67d7c25eec2de7f962c49478dd275646138f1303ae3410bf2a6922d23,target_source_record_id=2021:data_allsettlements_anon_156_v20251217.parquet:parquet:148709,representative_point_continuity_over_proposed_county_name_identity,False,False,False
2002:041_4b428edd23_Bashkiria_new.xls:Sheet1:1228,2002,53.9756564,53.9021236,2021:data_allsettlements_anon_156_v20251217.parquet:parquet:144935,candidate_pending_independent_review,/workspace/settlements-work/continuation_20261004/accepted_graph25_bounded_cases_20261005/accepted_point_uses.parquet,cc2a7cf67d7c25eec2de7f962c49478dd275646138f1303ae3410bf2a6922d23,target_source_record_id=2021:data_allsettlements_anon_156_v20251217.parquet:parquet:144935,representative_point_continuity_over_proposed_county_name_identity,False,False,False
2002:041_4b428edd23_Bashkiria_new.xls:Sheet1:929,2002,52.5073725,57.9426388,2021:data_allsettlements_anon_156_v20251217.parquet:parquet:144710,candidate_pending_independent_review,/workspace/settlements-work/continuation_20261004/accepted_graph25_bounded_cases_20261005/accepted_point_uses.parquet,cc2a7cf67d7c25eec2de7f962c49478dd275646138f1303ae3410bf2a6922d23,target_source_record_id=2021:data_allsettlements_anon_156_v20251217.parquet:parquet:144710,representative_point_continuity_over_proposed_county_name_identity,False,False,False
2002:054_0d77ecf40f_Saratovskaja1.xls:Sheet1:121,2002,51.882752,43.3518673,2021:data_allsettlements_anon_156_v20251217.parquet:parquet:116355,candidate_pending_independent_review,/workspace/settlements-work/continuation_20261004/accepted_graph25_bounded_cases_20261005/accepted_point_uses.parquet,cc2a7cf67d7c25eec2de7f962c49478dd275646138f1303ae3410bf2a6922d23,target_source_record_id=2021:data_allsettlements_anon_156_v20251217.parquet:parquet:116355,representative_point_continuity_over_proposed_county_name_identity,False,False,False
2002:005_14871cc62a_02c_Ivanovskaja.xls:Sheet1:2698,2002,56.7283267,40.5145259,2021:data_allsettlements_anon_156_v20251217.parquet:parquet:22530,candidate_pending_independent_review,/workspace/settlements-work/continuation_20261004/accepted_graph25_bounded_cases_20261005/accepted_point_uses.parquet,cc2a7cf67d7c25eec2de7f962c49478dd275646138f1303ae3410bf2a6922d23,target_source_record_id=2021:data_allsettlements_anon_156_v20251217.parquet:parquet:22530,representative_point_continuity_over_proposed_county_name_identity,False,False,False
2002:041_4b428edd23_Bashkiria_new.xls:Sheet1:3525,2002,53.5922189,56.21426,2021:data_allsettlements_anon_156_v20251217.parquet:parquet:146782,candidate_pending_independent_review,/workspace/settlements-work/continuation_20261004/accepted_graph25_bounded_cases_20261005/accepted_point_uses.parquet,cc2a7cf67d7c25eec2de7f962c49478dd275646138f1303ae3410bf2a6922d23,target_source_record_id=2021:data_allsettlements_anon_156_v20251217.parquet:parquet:146782,representative_point_continuity_over_proposed_county_name_identity,False,False,False
2002:041_4b428edd23_Bashkiria_new.xls:Sheet1:1882,2002,54.67413,54.8002764,2021:data_allsettlements_anon_156_v20251217.parquet:parquet:145465,candidate_pending_independent_review,/workspace/settlements-work/continuation_20261004/accepted_graph25_bounded_cases_20261005/accepted_point_uses.parquet,cc2a7cf67d7c25eec2de7f962c49478dd275646138f1303ae3410bf2a6922d23,target_source_record_id=2021:data_allsettlements_anon_156_v20251217.parquet:parquet:145465,representative_point_continuity_over_proposed_county_name_identity,False,False,False
2002:006_1916564aaa_02c_Kaluzhskaja.xls:Sheet1:3142,2002,53.731854,35.631658,2021:data_allsettlements_anon_156_v20251217.parquet:parquet:30116,candidate_pending_independent_review,/workspace/settlements-work/continuation_20261004/accepted_graph25_bounded_cases_20261005/accepted_point_uses.parquet,cc2a7cf67d7c25eec2de7f962c49478dd275646138f1303ae3410bf2a6922d23,target_source_record_id=2021:data_allsettlements_anon_156_v20251217.parquet:parquet:30116,representative_point_continuity_over_proposed_county_name_identity,False,False,False
2002:041_4b428edd23_Bashkiria_new.xls:Sheet1:384,2002,54.4578936,56.6712259,2021:data_allsettlements_anon_156_v20251217.parquet:parquet:144270,candidate_pending_independent_review,/workspace/settlements-work/continuation_20261004/accepted_graph25_bounded_cases_20261005/accepted_point_uses.parquet,cc2a7cf67d7c25eec2de7f962c49478dd275646138f1303ae3410bf2a6922d23,target_source_record_id=2021:data_allsettlements_anon_156_v20251217.parquet:parquet:144270,representative_point_continuity_over_proposed_county_name_identity,False,False,False
2002:014_32646337ea_02c_Tambovskaja.xls:Sheet1:1855,2002,52.68556,41.48722,2021:data_allsettlements_anon_156_v20251217.parquet:parquet:129168,candidate_pending_independent_review,/workspace/settlements-work/continuation_20261004/accepted_graph25_bounded_cases_20261005/accepted_point_uses.parquet,cc2a7cf67d7c25eec2de7f962c49478dd275646138f1303ae3410bf2a6922d23,target_source_record_id=2021:data_allsettlements_anon_156_v20251217.parquet:parquet:129168,representative_point_continuity_over_proposed_county_name_identity,False,False,False
2002:005_14871cc62a_02c_Ivanovskaja.xls:Sheet1:1189,2002,57.4799937,42.0746791,2021:data_allsettlements_anon_156_v20251217.parquet:parquet:20904,candidate_pending_independent_review,/workspace/settlements-work/continuation_20261004/accepted_graph25_bounded_cases_20261005/accepted_point_uses.parquet,cc2a7cf67d7c25eec2de7f962c49478dd275646138f1303ae3410bf2a6922d23,target_source_record_id=2021:data_allsettlements_anon_156_v20251217.parquet:parquet:20904,representative_point_continuity_over_proposed_county_name_identity,False,False,False
2002:066_76aa869929_Altai_krai1.xls:Sheet1:1240,2002,53.237353,82.7340646,2021:data_allsettlements_anon_156_v20251217.parquet:parquet:39916,candidate_pending_independent_review,/workspace/settlements-work/continuation_20261004/accepted_graph25_bounded_cases_20261005/accepted_point_uses.parquet,cc2a7cf67d7c25eec2de7f962c49478dd275646138f1303ae3410bf2a6922d23,target_source_record_id=2021:data_allsettlements_anon_156_v20251217.parquet:parquet:39916,representative_point_continuity_over_proposed_county_name_identity,False,False,False
2002:050_a0dc3f856b_penzen_obl.xls:Sheet1:849,2002,52.6859523,44.3400235,2021:data_allsettlements_anon_156_v20251217.parquet:parquet:94667,candidate_pending_independent_review,/workspace/settlements-work/continuation_20261004/accepted_graph25_bounded_cases_20261005/accepted_point_uses.parquet,cc2a7cf67d7c25eec2de7f962c49478dd275646138f1303ae3410bf2a6922d23,target_source_record_id=2021:data_allsettlements_anon_156_v20251217.parquet:parquet:94667,representative_point_continuity_over_proposed_county_name_identity,False,False,False
2002:041_4b428edd23_Bashkiria_new.xls:Sheet1:142,2002,53.3493428,58.675773,2021:data_allsettlements_anon_156_v20251217.parquet:parquet:144085,candidate_pending_independent_review,/workspace/settlements-work/continuation_20261004/accepted_graph25_bounded_cases_20261005/accepted_point_uses.parquet,cc2a7cf67d7c25eec2de7f962c49478dd275646138f1303ae3410bf2a6922d23,target_source_record_id=2021:data_allsettlements_anon_156_v20251217.parquet:parquet:144085,representative_point_continuity_over_proposed_county_name_identity,False,False,False
2002:041_4b428edd23_Bashkiria_new.xls:Sheet1:5379,2002,53.4593767,55.2982717,2021:data_allsettlements_anon_156_v20251217.parquet:parquet:148228,candidate_pending_independent_review,/workspace/settlements-work/continuation_20261004/accepted_graph25_bounded_cases_20261005/accepted_point_uses.parquet,cc2a7cf67d7c25eec2de7f962c49478dd275646138f1303ae3410bf2a6922d23,target_source_record_id=2021:data_allsettlements_anon_156_v20251217.parquet:parquet:148228,representative_point_continuity_over_proposed_county_name_identity,False,False,False
2002:041_4b428edd23_Bashkiria_new.xls:Sheet1:1538,2002,53.8569568,58.2907637,2021:data_allsettlements_anon_156_v20251217.parquet:parquet:145189,candidate_pending_independent_review,/workspace/settlements-work/continuation_20261004/accepted_graph25_bounded_cases_20261005/accepted_point_uses.parquet,cc2a7cf67d7c25eec2de7f962c49478dd275646138f1303ae3410bf2a6922d23,target_source_record_id=2021:data_allsettlements_anon_156_v20251217.parquet:parquet:145189,representative_point_continuity_over_proposed_county_name_identity,False,False,False
2002:041_4b428edd23_Bashkiria_new.xls:Sheet1:652,2002,54.116353,56.0827354,2021:data_allsettlements_anon_156_v20251217.parquet:parquet:144472,candidate_pending_independent_review,/workspace/settlements-work/continuation_20261004/accepted_graph25_bounded_cases_20261005/accepted_point_uses.parquet,cc2a7cf67d7c25eec2de7f962c49478dd275646138f1303ae3410bf2a6922d23,target_source_record_id=2021:data_allsettlements_anon_156_v20251217.parquet:parquet:144472,representative_point_continuity_over_proposed_county_name_identity,False,False,False
2002:041_4b428edd23_Bashkiria_new.xls:Sheet1:6286,2002,51.8204675,58.1476596,2021:data_allsettlements_anon_156_v20251217.parquet:parquet:148927,candidate_pending_independent_review,/workspace/settlements-work/continuation_20261004/accepted_graph25_bounded_cases_20261005/accepted_point_uses.parquet,cc2a7cf67d7c25eec2de7f962c49478dd275646138f1303ae3410bf2a6922d23,target_source_record_id=2021:data_allsettlements_anon_156_v20251217.parquet:parquet:148927,representative_point_continuity_over_proposed_county_name_identity,False,False,False
2002:041_4b428edd23_Bashkiria_new.xls:Sheet1:6848,2002,56.2440403,54.7216946,2021:data_allsettlements_anon_156_v20251217.parquet:parquet:149365,candidate_pending_independent_review,/workspace/settlements-work/continuation_20261004/accepted_graph25_bounded_cases_20261005/accepted_point_uses.parquet,cc2a7cf67d7c25eec2de7f962c49478dd275646138f1303ae3410bf2a6922d23,target_source_record_id=2021:data_allsettlements_anon_156_v20251217.parquet:parquet:149365,representative_point_continuity_over_proposed_county_name_identity,False,False,False
2002:041_4b428edd23_Bashkiria_new.xls:Sheet1:318,2002,53.7881281,55.2471959,2021:data_allsettlements_anon_156_v20251217.parquet:parquet:144210,candidate_pending_independent_review,/workspace/settlements-work/continuation_20261004/accepted_graph25_bounded_cases_20261005/accepted_point_uses.parquet,cc2a7cf67d7c25eec2de7f962c49478dd275646138f1303ae3410bf2a6922d23,target_source_record_id=2021:data_allsettlements_anon_156_v20251217.parquet:parquet:144210,representative_point_continuity_over_proposed_county_name_identity,False,False,False
2002:010_3e630cc803_02c_Moskovskaya-oblast.xls:Sheet1:4121,2002,55.704886,37.3627129,2021:data_allsettlements_anon_156_v20251217.parquet:parquet:68674,candidate_pending_independent_review,/workspace/settlements-work/continuation_20261004/accepted_graph25_bounded_cases_20261005/accepted_point_uses.parquet,cc2a7cf67d7c25eec2de7f962c49478dd275646138f1303ae3410bf2a6922d23,target_source_record_id=2021:data_allsettlements_anon_156_v20251217.parquet:parquet:68674,representative_point_continuity_over_proposed_county_name_identity,False,False,False
2002:041_4b428edd23_Bashkiria_new.xls:Sheet1:5493,2002,53.476796,55.9223029,2021:data_allsettlements_anon_156_v20251217.parquet:parquet:148318,candidate_pending_independent_review,/workspace/settlements-work/continuation_20261004/accepted_graph25_bounded_cases_20261005/accepted_point_uses.parquet,cc2a7cf67d7c25eec2de7f962c49478dd275646138f1303ae3410bf2a6922d23,target_source_record_id=2021:data_allsettlements_anon_156_v20251217.parquet:parquet:148318,representative_point_continuity_over_proposed_county_name_identity,False,False,False
2002:041_4b428edd23_Bashkiria_new.xls:Sheet1:6563,2002,54.5443885,55.4369814,2021:data_allsettlements_anon_156_v20251217.parquet:parquet:149145,candidate_pending_independent_review,/workspace/settlements-work/continuation_20261004/accepted_graph25_bounded_cases_20261005/accepted_point_uses.parquet,cc2a7cf67d7c25eec2de7f962c49478dd275646138f1303ae3410bf2a6922d23,target_source_record_id=2021:data_allsettlements_anon_156_v20251217.parquet:parquet:149145,representative_point_continuity_over_proposed_county_name_identity,False,False,False
2002:066_76aa869929_Altai_krai1.xls:Sheet1:2419,2002,52.8984463,85.5205303,2021:data_allsettlements_anon_156_v20251217.parquet:parquet:40930,candidate_pending_independent_review,/workspace/settlements-work/continuation_20261004/accepted_graph25_bounded_cases_20261005/accepted_point_uses.parquet,cc2a7cf67d7c25eec2de7f962c49478dd275646138f1303ae3410bf2a6922d23,target_source_record_id=2021:data_allsettlements_anon_156_v20251217.parquet:parquet:40930,representative_point_continuity_over_proposed_county_name_identity,False,False,False
2002:056_6e9d0d52b3_Kurgan.xls:Sheet1:1404,2002,56.134079,63.607145,2021:data_allsettlements_anon_156_v20251217.parquet:parquet:51829,candidate_pending_independent_review,/workspace/settlements-work/continuation_20261004/accepted_graph25_bounded_cases_20261005/accepted_point_uses.parquet,cc2a7cf67d7c25eec2de7f962c49478dd275646138f1303ae3410bf2a6922d23,target_source_record_id=2021:data_allsettlements_anon_156_v20251217.parquet:parquet:51829,representative_point_continuity_over_proposed_county_name_identity,False,False,False
2002:041_4b428edd23_Bashkiria_new.xls:Sheet1:3602,2002,53.5157737,56.2189943,2021:data_allsettlements_anon_156_v20251217.parquet:parquet:146841,candidate_pending_independent_review,/workspace/settlements-work/continuation_20261004/accepted_graph25_bounded_cases_20261005/accepted_point_uses.parquet,cc2a7cf67d7c25eec2de7f962c49478dd275646138f1303ae3410bf2a6922d23,target_source_record_id=2021:data_allsettlements_anon_156_v20251217.parquet:parquet:146841,representative_point_continuity_over_proposed_county_name_identity,False,False,False
2002:006_1916564aaa_02c_Kaluzhskaja.xls:Sheet1:1829,2002,55.0522622,36.5655559,2021:data_allsettlements_anon_156_v20251217.parquet:parquet:28848,candidate_pending_independent_review,/workspace/settlements-work/continuation_20261004/accepted_graph25_bounded_cases_20261005/accepted_point_uses.parquet,cc2a7cf67d7c25eec2de7f962c49478dd275646138f1303ae3410bf2a6922d23,target_source_record_id=2021:data_allsettlements_anon_156_v20251217.parquet:parquet:28848,representative_point_continuity_over_proposed_county_name_identity,False,False,False
2002:017_6374fdddeb_02c_Yaroslavskaja.xls:Sheet1:5267,2002,57.681,39.47,2021:data_allsettlements_anon_156_v20251217.parquet:parquet:171594,candidate_pending_independent_review,/workspace/settlements-work/continuation_20261004/accepted_graph25_bounded_cases_20261005/accepted_point_uses.parquet,cc2a7cf67d7c25eec2de7f962c49478dd275646138f1303ae3410bf2a6922d23,target_source_record_id=2021:data_allsettlements_anon_156_v20251217.parquet:parquet:171594,representative_point_continuity_over_proposed_county_name_identity,False,False,False
2002:013_2dd2afccd6_02c_Smolenskaja.xls:Sheet1:275,2002,55.17812,34.660322,2021:data_allsettlements_anon_156_v20251217.parquet:parquet:122018,candidate_pending_independent_review,/workspace/settlements-work/continuation_20261004/accepted_graph25_bounded_cases_20261005/accepted_point_uses.parquet,cc2a7cf67d7c25eec2de7f962c49478dd275646138f1303ae3410bf2a6922d23,target_source_record_id=2021:data_allsettlements_anon_156_v20251217.parquet:parquet:122018,representative_point_continuity_over_proposed_county_name_identity,False,False,False
2002:041_4b428edd23_Bashkiria_new.xls:Sheet1:4997,2002,53.8186022,54.8000171,2021:data_allsettlements_anon_156_v20251217.parquet:parquet:147919,candidate_pending_independent_review,/workspace/settlements-work/continuation_20261004/accepted_graph25_bounded_cases_20261005/accepted_point_uses.parquet,cc2a7cf67d7c25eec2de7f962c49478dd275646138f1303ae3410bf2a6922d23,target_source_record_id=2021:data_allsettlements_anon_156_v20251217.parquet:parquet:147919,representative_point_continuity_over_proposed_county_name_identity,False,False,False
2002:005_14871cc62a_02c_Ivanovskaja.xls:Sheet1:2149,2002,56.9572122,42.8720235,2021:data_allsettlements_anon_156_v20251217.parquet:parquet:21913,candidate_pending_independent_review,/workspace/settlements-work/continuation_20261004/accepted_graph25_bounded_cases_20261005/accepted_point_uses.parquet,cc2a7cf67d7c25eec2de7f962c49478dd275646138f1303ae3410bf2a6922d23,target_source_record_id=2021:data_allsettlements_anon_156_v20251217.parquet:parquet:21913,representative_point_continuity_over_proposed_county_name_identity,False,False,False
2002:041_4b428edd23_Bashkiria_new.xls:Sheet1:6253,2002,51.9050973,58.2053236,2021:data_allsettlements_anon_156_v20251217.parquet:parquet:148926,candidate_pending_independent_review,/workspace/settlements-work/continuation_20261004/accepted_graph25_bounded_cases_20261005/accepted_point_uses.parquet,cc2a7cf67d7c25eec2de7f962c49478dd275646138f1303ae3410bf2a6922d23,target_source_record_id=2021:data_allsettlements_anon_156_v20251217.parquet:parquet:148926,representative_point_continuity_over_proposed_county_name_identity,False,False,False
2002:041_4b428edd23_Bashkiria_new.xls:Sheet1:3798,2002,55.7198116,57.0193298,2021:data_allsettlements_anon_156_v20251217.parquet:parquet:146982,candidate_pending_independent_review,/workspace/settlements-work/continuation_20261004/accepted_graph25_bounded_cases_20261005/accepted_point_uses.parquet,cc2a7cf67d7c25eec2de7f962c49478dd275646138f1303ae3410bf2a6922d23,target_source_record_id=2021:data_allsettlements_anon_156_v20251217.parquet:parquet:146982,representative_point_continuity_over_proposed_county_name_identity,False,False,False
2002:041_4b428edd23_Bashkiria_new.xls:Sheet1:2065,2002,54.9339579,55.9646129,2021:data_allsettlements_anon_156_v20251217.parquet:parquet:145619,candidate_pending_independent_review,/workspace/settlements-work/continuation_20261004/accepted_graph25_bounded_cases_20261005/accepted_point_uses.parquet,cc2a7cf67d7c25eec2de7f962c49478dd275646138f1303ae3410bf2a6922d23,target_source_record_id=2021:data_allsettlements_anon_156_v20251217.parquet:parquet:145619,representative_point_continuity_over_proposed_county_name_identity,False,False,False
2002:003_308406b0ed_02c_Vladimirskaja.xls:Sheet1:2703,2002,56.44503,39.6625025,2021:data_allsettlements_anon_156_v20251217.parquet:parquet:3745,candidate_pending_independent_review,/workspace/settlements-work/continuation_20261004/accepted_graph25_bounded_cases_20261005/accepted_point_uses.parquet,cc2a7cf67d7c25eec2de7f962c49478dd275646138f1303ae3410bf2a6922d23,target_source_record_id=2021:data_allsettlements_anon_156_v20251217.parquet:parquet:3745,representative_point_continuity_over_proposed_county_name_identity,False,False,False
2002:085_b44ee84c57_saxalin.xls:Sheet1:105,2002,46.647778,142.812222,2021:data_allsettlements_anon_156_v20251217.parquet:parquet:118487,candidate_pending_independent_review,/workspace/settlements-work/continuation_20261004/accepted_graph25_bounded_cases_20261005/accepted_point_uses.parquet,cc2a7cf67d7c25eec2de7f962c49478dd275646138f1303ae3410bf2a6922d23,target_source_record_id=2021:data_allsettlements_anon_156_v20251217.parquet:parquet:118487,representative_point_continuity_over_proposed_county_name_identity,False,False,False
2002:041_4b428edd23_Bashkiria_new.xls:Sheet1:4825,2002,55.8203253,58.095413,2021:data_allsettlements_anon_156_v20251217.parquet:parquet:147776,candidate_pending_independent_review,/workspace/settlements-work/continuation_20261004/accepted_graph25_bounded_cases_20261005/accepted_point_uses.parquet,cc2a7cf67d7c25eec2de7f962c49478dd275646138f1303ae3410bf2a6922d23,target_source_record_id=2021:data_allsettlements_anon_156_v20251217.parquet:parquet:147776,representative_point_continuity_over_proposed_county_name_identity,False,False,False
2002:041_4b428edd23_Bashkiria_new.xls:Sheet1:4509,2002,52.7535701,55.4351305,2021:data_allsettlements_anon_156_v20251217.parquet:parquet:147536,candidate_pending_independent_review,/workspace/settlements-work/continuation_20261004/accepted_graph25_bounded_cases_20261005/accepted_point_uses.parquet,cc2a7cf67d7c25eec2de7f962c49478dd275646138f1303ae3410bf2a6922d23,target_source_record_id=2021:data_allsettlements_anon_156_v20251217.parquet:parquet:147536,representative_point_continuity_over_proposed_county_name_identity,False,False,False
2002:041_4b428edd23_Bashkiria_new.xls:Sheet1:1246,2002,54.1911443,53.9112012,2021:data_allsettlements_anon_156_v20251217.parquet:parquet:144949,candidate_pending_independent_review,/workspace/settlements-work/continuation_20261004/accepted_graph25_bounded_cases_20261005/accepted_point_uses.parquet,cc2a7cf67d7c25eec2de7f962c49478dd275646138f1303ae3410bf2a6922d23,target_source_record_id=2021:data_allsettlements_anon_156_v20251217.parquet:parquet:144949,representative_point_continuity_over_proposed_county_name_identity,False,False,False
2002:041_4b428edd23_Bashkiria_new.xls:Sheet1:858,2002,52.3885867,58.4683597,2021:data_allsettlements_anon_156_v20251217.parquet:parquet:144639,candidate_pending_independent_review,/workspace/settlements-work/continuation_20261004/accepted_graph25_bounded_cases_20261005/accepted_point_uses.parquet,cc2a7cf67d7c25eec2de7f962c49478dd275646138f1303ae3410bf2a6922d23,target_source_record_id=2021:data_allsettlements_anon_156_v20251217.parquet:parquet:144639,representative_point_continuity_over_proposed_county_name_identity,False,False,False
2002:041_4b428edd23_Bashkiria_new.xls:Sheet1:6108,2002,54.6168179,59.7310642,2021:data_allsettlements_anon_156_v20251217.parquet:parquet:148802,candidate_pending_independent_review,/workspace/settlements-work/continuation_20261004/accepted_graph25_bounded_cases_20261005/accepted_point_uses.parquet,cc2a7cf67d7c25eec2de7f962c49478dd275646138f1303ae3410bf2a6922d23,target_source_record_id=2021:data_allsettlements_anon_156_v20251217.parquet:parquet:148802,representative_point_continuity_over_proposed_county_name_identity,False,False,False
2002:041_4b428edd23_Bashkiria_new.xls:Sheet1:1331,2002,53.9786174,54.4161786,2021:data_allsettlements_anon_156_v20251217.parquet:parquet:145008,candidate_pending_independent_review,/workspace/settlements-work/continuation_20261004/accepted_graph25_bounded_cases_20261005/accepted_point_uses.parquet,cc2a7cf67d7c25eec2de7f962c49478dd275646138f1303ae3410bf2a6922d23,target_source_record_id=2021:data_allsettlements_anon_156_v20251217.parquet:parquet:145008,representative_point_continuity_over_proposed_county_name_identity,False,False,False
2002:041_4b428edd23_Bashkiria_new.xls:Sheet1:3799,2002,55.7015912,57.1396257,2021:data_allsettlements_anon_156_v20251217.parquet:parquet:146981,candidate_pending_independent_review,/workspace/settlements-work/continuation_20261004/accepted_graph25_bounded_cases_20261005/accepted_point_uses.parquet,cc2a7cf67d7c25eec2de7f962c49478dd275646138f1303ae3410bf2a6922d23,target_source_record_id=2021:data_allsettlements_anon_156_v20251217.parquet:parquet:146981,representative_point_continuity_over_proposed_county_name_identity,False,False,False
2002:041_4b428edd23_Bashkiria_new.xls:Sheet1:1638,2002,53.9003473,54.1349826,2021:data_allsettlements_anon_156_v20251217.parquet:parquet:145296,candidate_pending_independent_review,/workspace/settlements-work/continuation_20261004/accepted_graph25_bounded_cases_20261005/accepted_point_uses.parquet,cc2a7cf67d7c25eec2de7f962c49478dd275646138f1303ae3410bf2a6922d23,target_source_record_id=2021:data_allsettlements_anon_156_v20251217.parquet:parquet:145296,representative_point_continuity_over_proposed_county_name_identity,False,False,False
2002:041_4b428edd23_Bashkiria_new.xls:Sheet1:1316,2002,54.102291,54.0188657,2021:data_allsettlements_anon_156_v20251217.parquet:parquet:144996,candidate_pending_independent_review,/workspace/settlements-work/continuation_20261004/accepted_graph25_bounded_cases_20261005/accepted_point_uses.parquet,cc2a7cf67d7c25eec2de7f962c49478dd275646138f1303ae3410bf2a6922d23,target_source_record_id=2021:data_allsettlements_anon_156_v20251217.parquet:parquet:144996,representative_point_continuity_over_proposed_county_name_identity,False,False,False
2002:041_4b428edd23_Bashkiria_new.xls:Sheet1:824,2002,52.6244522,58.1138305,2021:data_allsettlements_anon_156_v20251217.parquet:parquet:144612,candidate_pending_independent_review,/workspace/settlements-work/continuation_20261004/accepted_graph25_bounded_cases_20261005/accepted_point_uses.parquet,cc2a7cf67d7c25eec2de7f962c49478dd275646138f1303ae3410bf2a6922d23,target_source_record_id=2021:data_allsettlements_anon_156_v20251217.parquet:parquet:144612,representative_point_continuity_over_proposed_county_name_identity,False,False,False
2002:024_2d3f550c6f_02c_Leningradskaja_obl_new.xls:!!!!!!:116,2002,59.4843938,33.8094308,2021:data_allsettlements_anon_156_v20251217.parquet:parquet:55652,candidate_pending_independent_review,/workspace/settlements-work/continuation_20261004/accepted_graph25_bounded_cases_20261005/accepted_point_uses.parquet,cc2a7cf67d7c25eec2de7f962c49478dd275646138f1303ae3410bf2a6922d23,target_source_record_id=2021:data_allsettlements_anon_156_v20251217.parquet:parquet:55652,representative_point_continuity_over_proposed_county_name_identity,False,False,False
2002:011_f46bbaadfd_02c_Orlovskaja.xls:Sheet1:2837,2002,52.6962816,36.3209668,2021:data_allsettlements_anon_156_v20251217.parquet:parquet:93409,candidate_pending_independent_review,/workspace/settlements-work/continuation_20261004/accepted_graph25_bounded_cases_20261005/accepted_point_uses.parquet,cc2a7cf67d7c25eec2de7f962c49478dd275646138f1303ae3410bf2a6922d23,target_source_record_id=2021:data_allsettlements_anon_156_v20251217.parquet:parquet:93409,representative_point_continuity_over_proposed_county_name_identity,False,False,False
2002:041_4b428edd23_Bashkiria_new.xls:Sheet1:3845,2002,56.038336,57.4345178,2021:data_allsettlements_anon_156_v20251217.parquet:parquet:147016,candidate_pending_independent_review,/workspace/settlements-work/continuation_20261004/accepted_graph25_bounded_cases_20261005/accepted_point_uses.parquet,cc2a7cf67d7c25eec2de7f962c49478dd275646138f1303ae3410bf2a6922d23,target_source_record_id=2021:data_allsettlements_anon_156_v20251217.parquet:parquet:147016,representative_point_continuity_over_proposed_county_name_identity,False,False,False
2002:041_4b428edd23_Bashkiria_new.xls:Sheet1:4064,2002,54.4561406,56.380323,2021:data_allsettlements_anon_156_v20251217.parquet:parquet:147189,candidate_pending_independent_review,/workspace/settlements-work/continuation_20261004/accepted_graph25_bounded_cases_20261005/accepted_point_uses.parquet,cc2a7cf67d7c25eec2de7f962c49478dd275646138f1303ae3410bf2a6922d23,target_source_record_id=2021:data_allsettlements_anon_156_v20251217.parquet:parquet:147189,representative_point_continuity_over_proposed_county_name_identity,False,False,False
2002:041_4b428edd23_Bashkiria_new.xls:Sheet1:817,2002,52.422504,57.8698686,2021:data_allsettlements_anon_156_v20251217.parquet:parquet:144605,candidate_pending_independent_review,/workspace/settlements-work/continuation_20261004/accepted_graph25_bounded_cases_20261005/accepted_point_uses.parquet,cc2a7cf67d7c25eec2de7f962c49478dd275646138f1303ae3410bf2a6922d23,target_source_record_id=2021:data_allsettlements_anon_156_v20251217.parquet:parquet:144605,representative_point_continuity_over_proposed_county_name_identity,False,False,False
2002:041_4b428edd23_Bashkiria_new.xls:Sheet1:4013,2002,54.3202114,56.4574417,2021:data_allsettlements_anon_156_v20251217.parquet:parquet:147141,candidate_pending_independent_review,/workspace/settlements-work/continuation_20261004/accepted_graph25_bounded_cases_20261005/accepted_point_uses.parquet,cc2a7cf67d7c25eec2de7f962c49478dd275646138f1303ae3410bf2a6922d23,target_source_record_id=2021:data_allsettlements_anon_156_v20251217.parquet:parquet:147141,representative_point_continuity_over_proposed_county_name_identity,False,False,False
2002:050_a0dc3f856b_penzen_obl.xls:Sheet1:1174,2002,52.5024818,44.835116,2021:data_allsettlements_anon_156_v20251217.parquet:parquet:94914,candidate_pending_independent_review,/workspace/settlements-work/continuation_20261004/accepted_graph25_bounded_cases_20261005/accepted_point_uses.parquet,cc2a7cf67d7c25eec2de7f962c49478dd275646138f1303ae3410bf2a6922d23,target_source_record_id=2021:data_allsettlements_anon_156_v20251217.parquet:parquet:94914,representative_point_continuity_over_proposed_county_name_identity,False,False,False
2002:066_76aa869929_Altai_krai1.xls:Sheet1:1629,2002,51.7518411,81.4021594,2021:data_allsettlements_anon_156_v20251217.parquet:parquet:40301,candidate_pending_independent_review,/workspace/settlements-work/continuation_20261004/accepted_graph25_bounded_cases_20261005/accepted_point_uses.parquet,cc2a7cf67d7c25eec2de7f962c49478dd275646138f1303ae3410bf2a6922d23,target_source_record_id=2021:data_allsettlements_anon_156_v20251217.parquet:parquet:40301,representative_point_continuity_over_proposed_county_name_identity,False,False,False
2002:041_4b428edd23_Bashkiria_new.xls:Sheet1:4735,2002,53.0081968,55.9602364,2021:data_allsettlements_anon_156_v20251217.parquet:parquet:147712,candidate_pending_independent_review,/workspace/settlements-work/continuation_20261004/accepted_graph25_bounded_cases_20261005/accepted_point_uses.parquet,cc2a7cf67d7c25eec2de7f962c49478dd275646138f1303ae3410bf2a6922d23,target_source_record_id=2021:data_allsettlements_anon_156_v20251217.parquet:parquet:147712,representative_point_continuity_over_proposed_county_name_identity,False,False,False
2002:041_4b428edd23_Bashkiria_new.xls:Sheet1:164,2002,53.5722465,58.6224896,2021:data_allsettlements_anon_156_v20251217.parquet:parquet:144114,candidate_pending_independent_review,/workspace/settlements-work/continuation_20261004/accepted_graph25_bounded_cases_20261005/accepted_point_uses.parquet,cc2a7cf67d7c25eec2de7f962c49478dd275646138f1303ae3410bf2a6922d23,target_source_record_id=2021:data_allsettlements_anon_156_v20251217.parquet:parquet:144114,representative_point_continuity_over_proposed_county_name_identity,False,False,False
2002:041_4b428edd23_Bashkiria_new.xls:Sheet1:2743,2002,55.3830436,58.2802083,2021:data_allsettlements_anon_156_v20251217.parquet:parquet:146149,candidate_pending_independent_review,/workspace/settlements-work/continuation_20261004/accepted_graph25_bounded_cases_20261005/accepted_point_uses.parquet,cc2a7cf67d7c25eec2de7f962c49478dd275646138f1303ae3410bf2a6922d23,target_source_record_id=2021:data_allsettlements_anon_156_v20251217.parquet:parquet:146149,representative_point_continuity_over_proposed_county_name_identity,False,False,False
2002:056_6e9d0d52b3_Kurgan.xls:Sheet1:374,2002,56.11992,64.598198,2021:data_allsettlements_anon_156_v20251217.parquet:parquet:51229,candidate_pending_independent_review,/workspace/settlements-work/continuation_20261004/accepted_graph25_bounded_cases_20261005/accepted_point_uses.parquet,cc2a7cf67d7c25eec2de7f962c49478dd275646138f1303ae3410bf2a6922d23,target_source_record_id=2021:data_allsettlements_anon_156_v20251217.parquet:parquet:51229,representative_point_continuity_over_proposed_county_name_identity,False,False,False
2002:041_4b428edd23_Bashkiria_new.xls:Sheet1:2030,2002,55.4668323,56.3667928,2021:data_allsettlements_anon_156_v20251217.parquet:parquet:145582,candidate_pending_independent_review,/workspace/settlements-work/continuation_20261004/accepted_graph25_bounded_cases_20261005/accepted_point_uses.parquet,cc2a7cf67d7c25eec2de7f962c49478dd275646138f1303ae3410bf2a6922d23,target_source_record_id=2021:data_allsettlements_anon_156_v20251217.parquet:parquet:145582,representative_point_continuity_over_proposed_county_name_identity,False,False,False
2002:066_76aa869929_Altai_krai1.xls:Sheet1:1946,2002,52.7584177,78.4432529,2021:data_allsettlements_anon_156_v20251217.parquet:parquet:40501,candidate_pending_independent_review,/workspace/settlements-work/continuation_20261004/accepted_graph25_bounded_cases_20261005/accepted_point_uses.parquet,cc2a7cf67d7c25eec2de7f962c49478dd275646138f1303ae3410bf2a6922d23,target_source_record_id=2021:data_allsettlements_anon_156_v20251217.parquet:parquet:40501,representative_point_continuity_over_proposed_county_name_identity,False,False,False
2002:014_32646337ea_02c_Tambovskaja.xls:Sheet1:239,2002,52.424742,41.113258,2021:data_allsettlements_anon_156_v20251217.parquet:parquet:127804,candidate_pending_independent_review,/workspace/settlements-work/continuation_20261004/accepted_graph25_bounded_cases_20261005/accepted_point_uses.parquet,cc2a7cf67d7c25eec2de7f962c49478dd275646138f1303ae3410bf2a6922d23,target_source_record_id=2021:data_allsettlements_anon_156_v20251217.parquet:parquet:127804,representative_point_continuity_over_proposed_county_name_identity,False,False,False
2002:013_2dd2afccd6_02c_Smolenskaja.xls:Sheet1:785,2002,55.874451,34.7771401,2021:data_allsettlements_anon_156_v20251217.parquet:parquet:122222,candidate_pending_independent_review,/workspace/russian-settlements-research/research_rebuild/evidence/current_residual_ownlocality_points_20261005/accepted_point_use_delta.csv.gz,dd882ec334d07408d16ecf1e3a67f2eb03d1b13ff85cca12f8d32df1c0aabab3,target_source_record_id=2021:data_allsettlements_anon_156_v20251217.parquet:parquet:122222,representative_point_continuity_over_proposed_county_name_identity,False,False,False
2002:061_e177b0a77d_Chel_abinskaja1.xls:Sheet1:653,2002,54.7845429,61.0471401,2021:data_allsettlements_anon_156_v20251217.parquet:parquet:160259,candidate_pending_independent_review,/workspace/settlements-work/continuation_20261004/accepted_graph25_bounded_cases_20261005/accepted_point_uses.parquet,cc2a7cf67d7c25eec2de7f962c49478dd275646138f1303ae3410bf2a6922d23,target_source_record_id=2021:data_allsettlements_anon_156_v20251217.parquet:parquet:160259,representative_point_continuity_over_proposed_county_name_identity,False,False,False
2002:056_6e9d0d52b3_Kurgan.xls:Sheet1:1110,2002,54.787265,66.7234417,2021:data_allsettlements_anon_156_v20251217.parquet:parquet:51653,candidate_pending_independent_review,/workspace/russian-settlements-research/research_rebuild/evidence/current_residual_ownlocality_points_20261005/accepted_point_use_delta.csv.gz,dd882ec334d07408d16ecf1e3a67f2eb03d1b13ff85cca12f8d32df1c0aabab3,target_source_record_id=2021:data_allsettlements_anon_156_v20251217.parquet:parquet:51653,representative_point_continuity_over_proposed_county_name_identity,False,False,False
2002:041_4b428edd23_Bashkiria_new.xls:Sheet1:6554,2002,54.3939674,55.6616453,2021:data_allsettlements_anon_156_v20251217.parquet:parquet:149141,candidate_pending_independent_review,/workspace/settlements-work/continuation_20261004/accepted_graph25_bounded_cases_20261005/accepted_point_uses.parquet,cc2a7cf67d7c25eec2de7f962c49478dd275646138f1303ae3410bf2a6922d23,target_source_record_id=2021:data_allsettlements_anon_156_v20251217.parquet:parquet:149141,representative_point_continuity_over_proposed_county_name_identity,False,False,False
2002:041_4b428edd23_Bashkiria_new.xls:Sheet1:3232,2002,54.5846521,56.2784836,2021:data_allsettlements_anon_156_v20251217.parquet:parquet:146499,candidate_pending_independent_review,/workspace/settlements-work/continuation_20261004/accepted_graph25_bounded_cases_20261005/accepted_point_uses.parquet,cc2a7cf67d7c25eec2de7f962c49478dd275646138f1303ae3410bf2a6922d23,target_source_record_id=2021:data_allsettlements_anon_156_v20251217.parquet:parquet:146499,representative_point_continuity_over_proposed_county_name_identity,False,False,False
2002:048_4f024587eb_02c_Nizhegorod_obl_new.xls:11:5477,2002,57.0436525,43.5317222,2021:data_allsettlements_anon_156_v20251217.parquet:parquet:76026,candidate_pending_independent_review,/workspace/settlements-work/continuation_20261004/accepted_graph25_bounded_cases_20261005/accepted_point_uses.parquet,cc2a7cf67d7c25eec2de7f962c49478dd275646138f1303ae3410bf2a6922d23,target_source_record_id=2021:data_allsettlements_anon_156_v20251217.parquet:parquet:76026,representative_point_continuity_over_proposed_county_name_identity,False,False,False
2002:014_32646337ea_02c_Tambovskaja.xls:Sheet1:775,2002,53.60667,41.50167,2021:data_allsettlements_anon_156_v20251217.parquet:parquet:128246,candidate_pending_independent_review,/workspace/settlements-work/continuation_20261004/accepted_graph25_bounded_cases_20261005/accepted_point_uses.parquet,cc2a7cf67d7c25eec2de7f962c49478dd275646138f1303ae3410bf2a6922d23,target_source_record_id=2021:data_allsettlements_anon_156_v20251217.parquet:parquet:128246,representative_point_continuity_over_proposed_county_name_identity,False,False,False
2002:041_4b428edd23_Bashkiria_new.xls:Sheet1:4696,2002,52.9608222,56.2891223,2021:data_allsettlements_anon_156_v20251217.parquet:parquet:147658,candidate_pending_independent_review,/workspace/settlements-work/continuation_20261004/accepted_graph25_bounded_cases_20261005/accepted_point_uses.parquet,cc2a7cf67d7c25eec2de7f962c49478dd275646138f1303ae3410bf2a6922d23,target_source_record_id=2021:data_allsettlements_anon_156_v20251217.parquet:parquet:147658,representative_point_continuity_over_proposed_county_name_identity,False,False,False
2002:041_4b428edd23_Bashkiria_new.xls:Sheet1:1679,2002,53.4462037,54.2052076,2021:data_allsettlements_anon_156_v20251217.parquet:parquet:145249,candidate_pending_independent_review,/workspace/settlements-work/continuation_20261004/accepted_graph25_bounded_cases_20261005/accepted_point_uses.parquet,cc2a7cf67d7c25eec2de7f962c49478dd275646138f1303ae3410bf2a6922d23,target_source_record_id=2021:data_allsettlements_anon_156_v20251217.parquet:parquet:145249,representative_point_continuity_over_proposed_county_name_identity,False,False,False
2002:011_f46bbaadfd_02c_Orlovskaja.xls:Sheet1:2065,2002,52.9097828,37.7318094,2021:data_allsettlements_anon_156_v20251217.parquet:parquet:92665,candidate_pending_independent_review,/workspace/settlements-work/continuation_20261004/accepted_graph25_bounded_cases_20261005/accepted_point_uses.parquet,cc2a7cf67d7c25eec2de7f962c49478dd275646138f1303ae3410bf2a6922d23,target_source_record_id=2021:data_allsettlements_anon_156_v20251217.parquet:parquet:92665,representative_point_continuity_over_proposed_county_name_identity,False,False,False
2002:041_4b428edd23_Bashkiria_new.xls:Sheet1:2650,2002,54.2904285,54.9563063,2021:data_allsettlements_anon_156_v20251217.parquet:parquet:146073,candidate_pending_independent_review,/workspace/settlements-work/continuation_20261004/accepted_graph25_bounded_cases_20261005/accepted_point_uses.parquet,cc2a7cf67d7c25eec2de7f962c49478dd275646138f1303ae3410bf2a6922d23,target_source_record_id=2021:data_allsettlements_anon_156_v20251217.parquet:parquet:146073,representative_point_continuity_over_proposed_county_name_identity,False,False,False
2002:041_4b428edd23_Bashkiria_new.xls:Sheet1:4527,2002,52.736964,55.6327221,2021:data_allsettlements_anon_156_v20251217.parquet:parquet:147552,candidate_pending_independent_review,/workspace/settlements-work/continuation_20261004/accepted_graph25_bounded_cases_20261005/accepted_point_uses.parquet,cc2a7cf67d7c25eec2de7f962c49478dd275646138f1303ae3410bf2a6922d23,target_source_record_id=2021:data_allsettlements_anon_156_v20251217.parquet:parquet:147552,representative_point_continuity_over_proposed_county_name_identity,False,False,False
2002:041_4b428edd23_Bashkiria_new.xls:Sheet1:404,2002,54.2788529,56.8123894,2021:data_allsettlements_anon_156_v20251217.parquet:parquet:144281,candidate_pending_independent_review,/workspace/settlements-work/continuation_20261004/accepted_graph25_bounded_cases_20261005/accepted_point_uses.parquet,cc2a7cf67d7c25eec2de7f962c49478dd275646138f1303ae3410bf2a6922d23,target_source_record_id=2021:data_allsettlements_anon_156_v20251217.parquet:parquet:144281,representative_point_continuity_over_proposed_county_name_identity,False,False,False
2002:066_76aa869929_Altai_krai1.xls:Sheet1:1897,2002,53.374523,82.1745575,2021:data_allsettlements_anon_156_v20251217.parquet:parquet:40468,candidate_pending_independent_review,/workspace/settlements-work/continuation_20261004/accepted_graph25_bounded_cases_20261005/accepted_point_uses.parquet,cc2a7cf67d7c25eec2de7f962c49478dd275646138f1303ae3410bf2a6922d23,target_source_record_id=2021:data_allsettlements_anon_156_v20251217.parquet:parquet:40468,representative_point_continuity_over_proposed_county_name_identity,False,False,False
2002:041_4b428edd23_Bashkiria_new.xls:Sheet1:903,2002,52.7141685,58.7511966,2021:data_allsettlements_anon_156_v20251217.parquet:parquet:144683,candidate_pending_independent_review,/workspace/settlements-work/continuation_20261004/accepted_graph25_bounded_cases_20261005/accepted_point_uses.parquet,cc2a7cf67d7c25eec2de7f962c49478dd275646138f1303ae3410bf2a6922d23,target_source_record_id=2021:data_allsettlements_anon_156_v20251217.parquet:parquet:144683,representative_point_continuity_over_proposed_county_name_identity,False,False,False
2002:041_4b428edd23_Bashkiria_new.xls:Sheet1:206,2002,53.2377172,58.8544438,2021:data_allsettlements_anon_156_v20251217.parquet:parquet:144140,candidate_pending_independent_review,/workspace/settlements-work/continuation_20261004/accepted_graph25_bounded_cases_20261005/accepted_point_uses.parquet,cc2a7cf67d7c25eec2de7f962c49478dd275646138f1303ae3410bf2a6922d23,target_source_record_id=2021:data_allsettlements_anon_156_v20251217.parquet:parquet:144140,representative_point_continuity_over_proposed_county_name_identity,False,False,False
2002:041_4b428edd23_Bashkiria_new.xls:Sheet1:5536,2002,53.8102383,55.9350232,2021:data_allsettlements_anon_156_v20251217.parquet:parquet:148355,candidate_pending_independent_review,/workspace/settlements-work/continuation_20261004/accepted_graph25_bounded_cases_20261005/accepted_point_uses.parquet,cc2a7cf67d7c25eec2de7f962c49478dd275646138f1303ae3410bf2a6922d23,target_source_record_id=2021:data_allsettlements_anon_156_v20251217.parquet:parquet:148355,representative_point_continuity_over_proposed_county_name_identity,False,False,False
2002:041_4b428edd23_Bashkiria_new.xls:Sheet1:4763,2002,52.8851843,56.1395322,2021:data_allsettlements_anon_156_v20251217.parquet:parquet:147737,candidate_pending_independent_review,/workspace/settlements-work/continuation_20261004/accepted_graph25_bounded_cases_20261005/accepted_point_uses.parquet,cc2a7cf67d7c25eec2de7f962c49478dd275646138f1303ae3410bf2a6922d23,target_source_record_id=2021:data_allsettlements_anon_156_v20251217.parquet:parquet:147737,representative_point_continuity_over_proposed_county_name_identity,False,False,False
2002:054_0d77ecf40f_Saratovskaja1.xls:Sheet1:1507,2002,50.4643183,48.2412138,2021:data_allsettlements_anon_156_v20251217.parquet:parquet:117419,candidate_pending_independent_review,/workspace/settlements-work/continuation_20261004/accepted_graph25_bounded_cases_20261005/accepted_point_uses.parquet,cc2a7cf67d7c25eec2de7f962c49478dd275646138f1303ae3410bf2a6922d23,target_source_record_id=2021:data_allsettlements_anon_156_v20251217.parquet:parquet:117419,representative_point_continuity_over_proposed_county_name_identity,False,False,False
2002:041_4b428edd23_Bashkiria_new.xls:Sheet1:5026,2002,53.5618351,54.4573306,2021:data_allsettlements_anon_156_v20251217.parquet:parquet:147946,candidate_pending_independent_review,/workspace/settlements-work/continuation_20261004/accepted_graph25_bounded_cases_20261005/accepted_point_uses.parquet,cc2a7cf67d7c25eec2de7f962c49478dd275646138f1303ae3410bf2a6922d23,target_source_record_id=2021:data_allsettlements_anon_156_v20251217.parquet:parquet:147946,representative_point_continuity_over_proposed_county_name_identity,False,False,False
2002:054_0d77ecf40f_Saratovskaja1.xls:Sheet1:1031,2002,51.2120931,44.4006725,2021:data_allsettlements_anon_156_v20251217.parquet:parquet:117075,candidate_pending_independent_review,/workspace/settlements-work/continuation_20261004/accepted_graph25_bounded_cases_20261005/accepted_point_uses.parquet,cc2a7cf67d7c25eec2de7f962c49478dd275646138f1303ae3410bf2a6922d23,target_source_record_id=2021:data_allsettlements_anon_156_v20251217.parquet:parquet:117075,representative_point_continuity_over_proposed_county_name_identity,False,False,False
2002:041_4b428edd23_Bashkiria_new.xls:Sheet1:1322,2002,54.0437689,53.9855069,2021:data_allsettlements_anon_156_v20251217.parquet:parquet:145000,candidate_pending_independent_review,/workspace/settlements-work/continuation_20261004/accepted_graph25_bounded_cases_20261005/accepted_point_uses.parquet,cc2a7cf67d7c25eec2de7f962c49478dd275646138f1303ae3410bf2a6922d23,target_source_record_id=2021:data_allsettlements_anon_156_v20251217.parquet:parquet:145000,representative_point_continuity_over_proposed_county_name_identity,False,False,False
2002:041_4b428edd23_Bashkiria_new.xls:Sheet1:5440,2002,53.6031472,55.4698468,2021:data_allsettlements_anon_156_v20251217.parquet:parquet:148281,candidate_pending_independent_review,/workspace/settlements-work/continuation_20261004/accepted_graph25_bounded_cases_20261005/accepted_point_uses.parquet,cc2a7cf67d7c25eec2de7f962c49478dd275646138f1303ae3410bf2a6922d23,target_source_record_id=2021:data_allsettlements_anon_156_v20251217.parquet:parquet:148281,representative_point_continuity_over_proposed_county_name_identity,False,False,False
2002:041_4b428edd23_Bashkiria_new.xls:Sheet1:4573,2002,54.9382679,55.3252041,2021:data_allsettlements_anon_156_v20251217.parquet:parquet:147638,candidate_pending_independent_review,/workspace/settlements-work/continuation_20261004/accepted_graph25_bounded_cases_20261005/accepted_point_uses.parquet,cc2a7cf67d7c25eec2de7f962c49478dd275646138f1303ae3410bf2a6922d23,target_source_record_id=2021:data_allsettlements_anon_156_v20251217.parquet:parquet:147638,representative_point_continuity_over_proposed_county_name_identity,False,False,False
2002:041_4b428edd23_Bashkiria_new.xls:Sheet1:3441,2002,55.4051906,54.5781836,2021:data_allsettlements_anon_156_v20251217.parquet:parquet:146683,candidate_pending_independent_review,/workspace/settlements-work/continuation_20261004/accepted_graph25_bounded_cases_20261005/accepted_point_uses.parquet,cc2a7cf67d7c25eec2de7f962c49478dd275646138f1303ae3410bf2a6922d23,target_source_record_id=2021:data_allsettlements_anon_156_v20251217.parquet:parquet:146683,representative_point_continuity_over_proposed_county_name_identity,False,False,False
2002:041_4b428edd23_Bashkiria_new.xls:Sheet1:4441,2002,52.887558,55.321705,2021:data_allsettlements_anon_156_v20251217.parquet:parquet:147494,candidate_pending_independent_review,/workspace/settlements-work/continuation_20261004/accepted_graph25_bounded_cases_20261005/accepted_point_uses.parquet,cc2a7cf67d7c25eec2de7f962c49478dd275646138f1303ae3410bf2a6922d23,target_source_record_id=2021:data_allsettlements_anon_156_v20251217.parquet:parquet:147494,representative_point_continuity_over_proposed_county_name_identity,False,False,False
2002:056_6e9d0d52b3_Kurgan.xls:Sheet1:1075,2002,55.1483167,68.0573841,2021:data_allsettlements_anon_156_v20251217.parquet:parquet:50793,candidate_pending_independent_review,/workspace/settlements-work/continuation_20261004/accepted_graph25_bounded_cases_20261005/accepted_point_uses.parquet,cc2a7cf67d7c25eec2de7f962c49478dd275646138f1303ae3410bf2a6922d23,target_source_record_id=2021:data_allsettlements_anon_156_v20251217.parquet:parquet:50793,representative_point_continuity_over_proposed_county_name_identity,False,False,False
2002:041_4b428edd23_Bashkiria_new.xls:Sheet1:6042,2002,54.7626861,59.791802,2021:data_allsettlements_anon_156_v20251217.parquet:parquet:148744,candidate_pending_independent_review,/workspace/settlements-work/continuation_20261004/accepted_graph25_bounded_cases_20261005/accepted_point_uses.parquet,cc2a7cf67d7c25eec2de7f962c49478dd275646138f1303ae3410bf2a6922d23,target_source_record_id=2021:data_allsettlements_anon_156_v20251217.parquet:parquet:148744,representative_point_continuity_over_proposed_county_name_identity,False,False,False
2002:041_4b428edd23_Bashkiria_new.xls:Sheet1:3596,2002,53.4455692,56.3916639,2021:data_allsettlements_anon_156_v20251217.parquet:parquet:146822,candidate_pending_independent_review,/workspace/settlements-work/continuation_20261004/accepted_graph25_bounded_cases_20261005/accepted_point_uses.parquet,cc2a7cf67d7c25eec2de7f962c49478dd275646138f1303ae3410bf2a6922d23,target_source_record_id=2021:data_allsettlements_anon_156_v20251217.parquet:parquet:146822,representative_point_continuity_over_proposed_county_name_identity,False,False,False
2002:041_4b428edd23_Bashkiria_new.xls:Sheet1:2922,2002,53.8813047,53.9654786,2021:data_allsettlements_anon_156_v20251217.parquet:parquet:146270,candidate_pending_independent_review,/workspace/settlements-work/continuation_20261004/accepted_graph25_bounded_cases_20261005/accepted_point_uses.parquet,cc2a7cf67d7c25eec2de7f962c49478dd275646138f1303ae3410bf2a6922d23,target_source_record_id=2021:data_allsettlements_anon_156_v20251217.parquet:parquet:146270,representative_point_continuity_over_proposed_county_name_identity,False,False,False
2002:041_4b428edd23_Bashkiria_new.xls:Sheet1:5515,2002,53.557558,55.7832218,2021:data_allsettlements_anon_156_v20251217.parquet:parquet:148336,candidate_pending_independent_review,/workspace/settlements-work/continuation_20261004/accepted_graph25_bounded_cases_20261005/accepted_point_uses.parquet,cc2a7cf67d7c25eec2de7f962c49478dd275646138f1303ae3410bf2a6922d23,target_source_record_id=2021:data_allsettlements_anon_156_v20251217.parquet:parquet:148336,representative_point_continuity_over_proposed_county_name_identity,False,False,False
2002:005_14871cc62a_02c_Ivanovskaja.xls:Sheet1:757,2002,57.0201697,40.7609039,2021:data_allsettlements_anon_156_v20251217.parquet:parquet:20633,candidate_pending_independent_review,/workspace/settlements-work/continuation_20261004/accepted_graph25_bounded_cases_20261005/accepted_point_uses.parquet,cc2a7cf67d7c25eec2de7f962c49478dd275646138f1303ae3410bf2a6922d23,target_source_record_id=2021:data_allsettlements_anon_156_v20251217.parquet:parquet:20633,representative_point_continuity_over_proposed_county_name_identity,False,False,False
2002:041_4b428edd23_Bashkiria_new.xls:Sheet1:4995,2002,53.7490284,54.8357755,2021:data_allsettlements_anon_156_v20251217.parquet:parquet:147923,candidate_pending_independent_review,/workspace/settlements-work/continuation_20261004/accepted_graph25_bounded_cases_20261005/accepted_point_uses.parquet,cc2a7cf67d7c25eec2de7f962c49478dd275646138f1303ae3410bf2a6922d23,target_source_record_id=2021:data_allsettlements_anon_156_v20251217.parquet:parquet:147923,representative_point_continuity_over_proposed_county_name_identity,False,False,False
2002:041_4b428edd23_Bashkiria_new.xls:Sheet1:4443,2002,52.9513388,55.2158534,2021:data_allsettlements_anon_156_v20251217.parquet:parquet:147495,candidate_pending_independent_review,/workspace/settlements-work/continuation_20261004/accepted_graph25_bounded_cases_20261005/accepted_point_uses.parquet,cc2a7cf67d7c25eec2de7f962c49478dd275646138f1303ae3410bf2a6922d23,target_source_record_id=2021:data_allsettlements_anon_156_v20251217.parquet:parquet:147495,representative_point_continuity_over_proposed_county_name_identity,False,False,False
2002:041_4b428edd23_Bashkiria_new.xls:Sheet1:483,2002,54.3305443,56.5766655,2021:data_allsettlements_anon_156_v20251217.parquet:parquet:144337,candidate_pending_independent_review,/workspace/settlements-work/continuation_20261004/accepted_graph25_bounded_cases_20261005/accepted_point_uses.parquet,cc2a7cf67d7c25eec2de7f962c49478dd275646138f1303ae3410bf2a6922d23,target_source_record_id=2021:data_allsettlements_anon_156_v20251217.parquet:parquet:144337,representative_point_continuity_over_proposed_county_name_identity,False,False,False
2002:041_4b428edd23_Bashkiria_new.xls:Sheet1:1329,2002,54.3876028,54.3164391,2021:data_allsettlements_anon_156_v20251217.parquet:parquet:145004,candidate_pending_independent_review,/workspace/settlements-work/continuation_20261004/accepted_graph25_bounded_cases_20261005/accepted_point_uses.parquet,cc2a7cf67d7c25eec2de7f962c49478dd275646138f1303ae3410bf2a6922d23,target_source_record_id=2021:data_allsettlements_anon_156_v20251217.parquet:parquet:145004,representative_point_continuity_over_proposed_county_name_identity,False,False,False
2002:014_32646337ea_02c_Tambovskaja.xls:Sheet1:391,2002,52.370247,42.490078,2021:data_allsettlements_anon_156_v20251217.parquet:parquet:127918,candidate_pending_independent_review,/workspace/settlements-work/continuation_20261004/accepted_graph25_bounded_cases_20261005/accepted_point_uses.parquet,cc2a7cf67d7c25eec2de7f962c49478dd275646138f1303ae3410bf2a6922d23,target_source_record_id=2021:data_allsettlements_anon_156_v20251217.parquet:parquet:127918,representative_point_continuity_over_proposed_county_name_identity,False,False,False
2002:048_4f024587eb_02c_Nizhegorod_obl_new.xls:11:5082,2002,57.17583,46.68167,2021:data_allsettlements_anon_156_v20251217.parquet:parquet:74932,candidate_pending_independent_review,/workspace/settlements-work/continuation_20261004/accepted_graph25_bounded_cases_20261005/accepted_point_uses.parquet,cc2a7cf67d7c25eec2de7f962c49478dd275646138f1303ae3410bf2a6922d23,target_source_record_id=2021:data_allsettlements_anon_156_v20251217.parquet:parquet:74932,representative_point_continuity_over_proposed_county_name_identity,False,False,False
2002:041_4b428edd23_Bashkiria_new.xls:Sheet1:4568,2002,55.2704235,55.0320473,2021:data_allsettlements_anon_156_v20251217.parquet:parquet:147586,candidate_pending_independent_review,/workspace/settlements-work/continuation_20261004/accepted_graph25_bounded_cases_20261005/accepted_point_uses.parquet,cc2a7cf67d7c25eec2de7f962c49478dd275646138f1303ae3410bf2a6922d23,target_source_record_id=2021:data_allsettlements_anon_156_v20251217.parquet:parquet:147586,representative_point_continuity_over_proposed_county_name_identity,False,False,False
2002:041_4b428edd23_Bashkiria_new.xls:Sheet1:5819,2002,54.5538208,53.5889351,2021:data_allsettlements_anon_156_v20251217.parquet:parquet:148576,candidate_pending_independent_review,/workspace/settlements-work/continuation_20261004/accepted_graph25_bounded_cases_20261005/accepted_point_uses.parquet,cc2a7cf67d7c25eec2de7f962c49478dd275646138f1303ae3410bf2a6922d23,target_source_record_id=2021:data_allsettlements_anon_156_v20251217.parquet:parquet:148576,representative_point_continuity_over_proposed_county_name_identity,False,False,False
2002:066_76aa869929_Altai_krai1.xls:Sheet1:1931,2002,52.7142004,78.6946489,2021:data_allsettlements_anon_156_v20251217.parquet:parquet:40499,candidate_pending_independent_review,/workspace/settlements-work/continuation_20261004/accepted_graph25_bounded_cases_20261005/accepted_point_uses.parquet,cc2a7cf67d7c25eec2de7f962c49478dd275646138f1303ae3410bf2a6922d23,target_source_record_id=2021:data_allsettlements_anon_156_v20251217.parquet:parquet:40499,representative_point_continuity_over_proposed_county_name_identity,False,False,False
2002:041_4b428edd23_Bashkiria_new.xls:Sheet1:1829,2002,54.7778626,55.1988801,2021:data_allsettlements_anon_156_v20251217.parquet:parquet:145444,candidate_pending_independent_review,/workspace/settlements-work/continuation_20261004/accepted_graph25_bounded_cases_20261005/accepted_point_uses.parquet,cc2a7cf67d7c25eec2de7f962c49478dd275646138f1303ae3410bf2a6922d23,target_source_record_id=2021:data_allsettlements_anon_156_v20251217.parquet:parquet:145444,representative_point_continuity_over_proposed_county_name_identity,False,False,False
2002:050_a0dc3f856b_penzen_obl.xls:Sheet1:1807,2002,52.44884,44.11921,2021:data_allsettlements_anon_156_v20251217.parquet:parquet:95507,candidate_pending_independent_review,/workspace/settlements-work/continuation_20261004/accepted_graph25_bounded_cases_20261005/accepted_point_uses.parquet,cc2a7cf67d7c25eec2de7f962c49478dd275646138f1303ae3410bf2a6922d23,target_source_record_id=2021:data_allsettlements_anon_156_v20251217.parquet:parquet:95507,representative_point_continuity_over_proposed_county_name_identity,False,False,False
2002:041_4b428edd23_Bashkiria_new.xls:Sheet1:3986,2002,54.3945342,56.2425929,2021:data_allsettlements_anon_156_v20251217.parquet:parquet:147123,candidate_pending_independent_review,/workspace/settlements-work/continuation_20261004/accepted_graph25_bounded_cases_20261005/accepted_point_uses.parquet,cc2a7cf67d7c25eec2de7f962c49478dd275646138f1303ae3410bf2a6922d23,target_source_record_id=2021:data_allsettlements_anon_156_v20251217.parquet:parquet:147123,representative_point_continuity_over_proposed_county_name_identity,False,False,False
2002:041_4b428edd23_Bashkiria_new.xls:Sheet1:2713,2002,55.6134359,57.4873551,2021:data_allsettlements_anon_156_v20251217.parquet:parquet:146119,candidate_pending_independent_review,/workspace/settlements-work/continuation_20261004/accepted_graph25_bounded_cases_20261005/accepted_point_uses.parquet,cc2a7cf67d7c25eec2de7f962c49478dd275646138f1303ae3410bf2a6922d23,target_source_record_id=2021:data_allsettlements_anon_156_v20251217.parquet:parquet:146119,representative_point_continuity_over_proposed_county_name_identity,False,False,False
2002:048_4f024587eb_02c_Nizhegorod_obl_new.xls:11:3928,2002,56.9667499,44.6189122,2021:data_allsettlements_anon_156_v20251217.parquet:parquet:75693,candidate_pending_independent_review,/workspace/settlements-work/continuation_20261004/accepted_graph25_bounded_cases_20261005/accepted_point_uses.parquet,cc2a7cf67d7c25eec2de7f962c49478dd275646138f1303ae3410bf2a6922d23,target_source_record_id=2021:data_allsettlements_anon_156_v20251217.parquet:parquet:75693,representative_point_continuity_over_proposed_county_name_identity,False,False,False
2002:041_4b428edd23_Bashkiria_new.xls:Sheet1:5997,2002,54.7769085,55.4341535,2021:data_allsettlements_anon_156_v20251217.parquet:parquet:148713,candidate_pending_independent_review,/workspace/settlements-work/continuation_20261004/accepted_graph25_bounded_cases_20261005/accepted_point_uses.parquet,cc2a7cf67d7c25eec2de7f962c49478dd275646138f1303ae3410bf2a6922d23,target_source_record_id=2021:data_allsettlements_anon_156_v20251217.parquet:parquet:148713,representative_point_continuity_over_proposed_county_name_identity,False,False,False
2002:050_a0dc3f856b_penzen_obl.xls:Sheet1:1917,2002,52.5918453,43.4064164,2021:data_allsettlements_anon_156_v20251217.parquet:parquet:95587,candidate_pending_independent_review,/workspace/settlements-work/continuation_20261004/accepted_graph25_bounded_cases_20261005/accepted_point_uses.parquet,cc2a7cf67d7c25eec2de7f962c49478dd275646138f1303ae3410bf2a6922d23,target_source_record_id=2021:data_allsettlements_anon_156_v20251217.parquet:parquet:95587,representative_point_continuity_over_proposed_county_name_identity,False,False,False
2002:041_4b428edd23_Bashkiria_new.xls:Sheet1:1655,2002,53.7331695,53.892867,2021:data_allsettlements_anon_156_v20251217.parquet:parquet:145312,candidate_pending_independent_review,/workspace/settlements-work/continuation_20261004/accepted_graph25_bounded_cases_20261005/accepted_point_uses.parquet,cc2a7cf67d7c25eec2de7f962c49478dd275646138f1303ae3410bf2a6922d23,target_source_record_id=2021:data_allsettlements_anon_156_v20251217.parquet:parquet:145312,representative_point_continuity_over_proposed_county_name_identity,False,False,False
2002:041_4b428edd23_Bashkiria_new.xls:Sheet1:2652,2002,54.2403345,54.9330694,2021:data_allsettlements_anon_156_v20251217.parquet:parquet:146075,candidate_pending_independent_review,/workspace/settlements-work/continuation_20261004/accepted_graph25_bounded_cases_20261005/accepted_point_uses.parquet,cc2a7cf67d7c25eec2de7f962c49478dd275646138f1303ae3410bf2a6922d23,target_source_record_id=2021:data_allsettlements_anon_156_v20251217.parquet:parquet:146075,representative_point_continuity_over_proposed_county_name_identity,False,False,False
2002:048_4f024587eb_02c_Nizhegorod_obl_new.xls:11:3323,2002,55.9252069,45.3700267,2021:data_allsettlements_anon_156_v20251217.parquet:parquet:71943,candidate_pending_independent_review,/workspace/settlements-work/continuation_20261004/accepted_graph25_bounded_cases_20261005/accepted_point_uses.parquet,cc2a7cf67d7c25eec2de7f962c49478dd275646138f1303ae3410bf2a6922d23,target_source_record_id=2021:data_allsettlements_anon_156_v20251217.parquet:parquet:71943,representative_point_continuity_over_proposed_county_name_identity,False,False,False
2002:066_76aa869929_Altai_krai1.xls:Sheet1:1806,2002,52.4394895,85.357712,2021:data_allsettlements_anon_156_v20251217.parquet:parquet:40394,candidate_pending_independent_review,/workspace/settlements-work/continuation_20261004/accepted_graph25_bounded_cases_20261005/accepted_point_uses.parquet,cc2a7cf67d7c25eec2de7f962c49478dd275646138f1303ae3410bf2a6922d23,target_source_record_id=2021:data_allsettlements_anon_156_v20251217.parquet:parquet:40394,representative_point_continuity_over_proposed_county_name_identity,False,False,False
2002:041_4b428edd23_Bashkiria_new.xls:Sheet1:4832,2002,56.03571,58.1232691,2021:data_allsettlements_anon_156_v20251217.parquet:parquet:147781,candidate_pending_independent_review,/workspace/settlements-work/continuation_20261004/accepted_graph25_bounded_cases_20261005/accepted_point_uses.parquet,cc2a7cf67d7c25eec2de7f962c49478dd275646138f1303ae3410bf2a6922d23,target_source_record_id=2021:data_allsettlements_anon_156_v20251217.parquet:parquet:147781,representative_point_continuity_over_proposed_county_name_identity,False,False,False
2002:041_4b428edd23_Bashkiria_new.xls:Sheet1:6123,2002,54.0995065,59.224511,2021:data_allsettlements_anon_156_v20251217.parquet:parquet:148822,candidate_pending_independent_review,/workspace/settlements-work/continuation_20261004/accepted_graph25_bounded_cases_20261005/accepted_point_uses.parquet,cc2a7cf67d7c25eec2de7f962c49478dd275646138f1303ae3410bf2a6922d23,target_source_record_id=2021:data_allsettlements_anon_156_v20251217.parquet:parquet:148822,representative_point_continuity_over_proposed_county_name_identity,False,False,False
2002:041_4b428edd23_Bashkiria_new.xls:Sheet1:3881,2002,55.7766196,56.6770991,2021:data_allsettlements_anon_156_v20251217.parquet:parquet:147038,candidate_pending_independent_review,/workspace/settlements-work/continuation_20261004/accepted_graph25_bounded_cases_20261005/accepted_point_uses.parquet,cc2a7cf67d7c25eec2de7f962c49478dd275646138f1303ae3410bf2a6922d23,target_source_record_id=2021:data_allsettlements_anon_156_v20251217.parquet:parquet:147038,representative_point_continuity_over_proposed_county_name_identity,False,False,False
2002:041_4b428edd23_Bashkiria_new.xls:Sheet1:3455,2002,55.5386662,54.3906636,2021:data_allsettlements_anon_156_v20251217.parquet:parquet:146695,candidate_pending_independent_review,/workspace/settlements-work/continuation_20261004/accepted_graph25_bounded_cases_20261005/accepted_point_uses.parquet,cc2a7cf67d7c25eec2de7f962c49478dd275646138f1303ae3410bf2a6922d23,target_source_record_id=2021:data_allsettlements_anon_156_v20251217.parquet:parquet:146695,representative_point_continuity_over_proposed_county_name_identity,False,False,False
2002:041_4b428edd23_Bashkiria_new.xls:Sheet1:6038,2002,54.7593245,59.8110423,2021:data_allsettlements_anon_156_v20251217.parquet:parquet:148738,candidate_pending_independent_review,/workspace/settlements-work/continuation_20261004/accepted_graph25_bounded_cases_20261005/accepted_point_uses.parquet,cc2a7cf67d7c25eec2de7f962c49478dd275646138f1303ae3410bf2a6922d23,target_source_record_id=2021:data_allsettlements_anon_156_v20251217.parquet:parquet:148738,representative_point_continuity_over_proposed_county_name_identity,False,False,False
2002:066_76aa869929_Altai_krai1.xls:Sheet1:1959,2002,52.9241732,79.3446632,2021:data_allsettlements_anon_156_v20251217.parquet:parquet:40518,candidate_pending_independent_review,/workspace/settlements-work/continuation_20261004/accepted_graph25_bounded_cases_20261005/accepted_point_uses.parquet,cc2a7cf67d7c25eec2de7f962c49478dd275646138f1303ae3410bf2a6922d23,target_source_record_id=2021:data_allsettlements_anon_156_v20251217.parquet:parquet:40518,representative_point_continuity_over_proposed_county_name_identity,False,False,False
2002:066_76aa869929_Altai_krai1.xls:Sheet1:1934,2002,52.9478249,79.1226905,2021:data_allsettlements_anon_156_v20251217.parquet:parquet:40516,candidate_pending_independent_review,/workspace/settlements-work/continuation_20261004/accepted_graph25_bounded_cases_20261005/accepted_point_uses.parquet,cc2a7cf67d7c25eec2de7f962c49478dd275646138f1303ae3410bf2a6922d23,target_source_record_id=2021:data_allsettlements_anon_156_v20251217.parquet:parquet:40516,representative_point_continuity_over_proposed_county_name_identity,False,False,False
2002:041_4b428edd23_Bashkiria_new.xls:Sheet1:4545,2002,55.1619416,55.6668221,2021:data_allsettlements_anon_156_v20251217.parquet:parquet:147571,candidate_pending_independent_review,/workspace/settlements-work/continuation_20261004/accepted_graph25_bounded_cases_20261005/accepted_point_uses.parquet,cc2a7cf67d7c25eec2de7f962c49478dd275646138f1303ae3410bf2a6922d23,target_source_record_id=2021:data_allsettlements_anon_156_v20251217.parquet:parquet:147571,representative_point_continuity_over_proposed_county_name_identity,False,False,False
2002:041_4b428edd23_Bashkiria_new.xls:Sheet1:770,2002,54.2352366,55.7065544,2021:data_allsettlements_anon_156_v20251217.parquet:parquet:144574,candidate_pending_independent_review,/workspace/settlements-work/continuation_20261004/accepted_graph25_bounded_cases_20261005/accepted_point_uses.parquet,cc2a7cf67d7c25eec2de7f962c49478dd275646138f1303ae3410bf2a6922d23,target_source_record_id=2021:data_allsettlements_anon_156_v20251217.parquet:parquet:144574,representative_point_continuity_over_proposed_county_name_identity,False,False,False
2002:041_4b428edd23_Bashkiria_new.xls:Sheet1:154,2002,53.6126133,58.8175302,2021:data_allsettlements_anon_156_v20251217.parquet:parquet:144095,candidate_pending_independent_review,/workspace/settlements-work/continuation_20261004/accepted_graph25_bounded_cases_20261005/accepted_point_uses.parquet,cc2a7cf67d7c25eec2de7f962c49478dd275646138f1303ae3410bf2a6922d23,target_source_record_id=2021:data_allsettlements_anon_156_v20251217.parquet:parquet:144095,representative_point_continuity_over_proposed_county_name_identity,False,False,False
2002:011_f46bbaadfd_02c_Orlovskaja.xls:Sheet1:2102,2002,52.8334268,37.4465021,2021:data_allsettlements_anon_156_v20251217.parquet:parquet:92696,candidate_pending_independent_review,/workspace/settlements-work/continuation_20261004/accepted_graph25_bounded_cases_20261005/accepted_point_uses.parquet,cc2a7cf67d7c25eec2de7f962c49478dd275646138f1303ae3410bf2a6922d23,target_source_record_id=2021:data_allsettlements_anon_156_v20251217.parquet:parquet:92696,representative_point_continuity_over_proposed_county_name_identity,False,False,False
2002:041_4b428edd23_Bashkiria_new.xls:Sheet1:3462,2002,55.4876505,54.5548586,2021:data_allsettlements_anon_156_v20251217.parquet:parquet:146702,candidate_pending_independent_review,/workspace/settlements-work/continuation_20261004/accepted_graph25_bounded_cases_20261005/accepted_point_uses.parquet,cc2a7cf67d7c25eec2de7f962c49478dd275646138f1303ae3410bf2a6922d23,target_source_record_id=2021:data_allsettlements_anon_156_v20251217.parquet:parquet:146702,representative_point_continuity_over_proposed_county_name_identity,False,False,False
2002:041_4b428edd23_Bashkiria_new.xls:Sheet1:5049,2002,53.746175,55.0245998,2021:data_allsettlements_anon_156_v20251217.parquet:parquet:147965,candidate_pending_independent_review,/workspace/settlements-work/continuation_20261004/accepted_graph25_bounded_cases_20261005/accepted_point_uses.parquet,cc2a7cf67d7c25eec2de7f962c49478dd275646138f1303ae3410bf2a6922d23,target_source_record_id=2021:data_allsettlements_anon_156_v20251217.parquet:parquet:147965,representative_point_continuity_over_proposed_county_name_identity,False,False,False
2002:041_4b428edd23_Bashkiria_new.xls:Sheet1:3481,2002,55.65688,54.3195598,2021:data_allsettlements_anon_156_v20251217.parquet:parquet:146721,candidate_pending_independent_review,/workspace/settlements-work/continuation_20261004/accepted_graph25_bounded_cases_20261005/accepted_point_uses.parquet,cc2a7cf67d7c25eec2de7f962c49478dd275646138f1303ae3410bf2a6922d23,target_source_record_id=2021:data_allsettlements_anon_156_v20251217.parquet:parquet:146721,representative_point_continuity_over_proposed_county_name_identity,False,False,False
2002:056_6e9d0d52b3_Kurgan.xls:Sheet1:914,2002,55.154697,64.090888,2021:data_allsettlements_anon_156_v20251217.parquet:parquet:51518,candidate_pending_independent_review,/workspace/settlements-work/continuation_20261004/accepted_graph25_bounded_cases_20261005/accepted_point_uses.parquet,cc2a7cf67d7c25eec2de7f962c49478dd275646138f1303ae3410bf2a6922d23,target_source_record_id=2021:data_allsettlements_anon_156_v20251217.parquet:parquet:51518,representative_point_continuity_over_proposed_county_name_identity,False,False,False
2002:066_76aa869929_Altai_krai1.xls:Sheet1:723,2002,52.4607464,79.5976056,2021:data_allsettlements_anon_156_v20251217.parquet:parquet:39459,candidate_pending_independent_review,/workspace/settlements-work/continuation_20261004/accepted_graph25_bounded_cases_20261005/accepted_point_uses.parquet,cc2a7cf67d7c25eec2de7f962c49478dd275646138f1303ae3410bf2a6922d23,target_source_record_id=2021:data_allsettlements_anon_156_v20251217.parquet:parquet:39459,representative_point_continuity_over_proposed_county_name_identity,False,False,False
2002:041_4b428edd23_Bashkiria_new.xls:Sheet1:4562,2002,55.2134597,55.0452316,2021:data_allsettlements_anon_156_v20251217.parquet:parquet:147583,candidate_pending_independent_review,/workspace/settlements-work/continuation_20261004/accepted_graph25_bounded_cases_20261005/accepted_point_uses.parquet,cc2a7cf67d7c25eec2de7f962c49478dd275646138f1303ae3410bf2a6922d23,target_source_record_id=2021:data_allsettlements_anon_156_v20251217.parquet:parquet:147583,representative_point_continuity_over_proposed_county_name_identity,False,False,False
2002:041_4b428edd23_Bashkiria_new.xls:Sheet1:3770,2002,55.7941178,56.944636,2021:data_allsettlements_anon_156_v20251217.parquet:parquet:146961,candidate_pending_independent_review,/workspace/settlements-work/continuation_20261004/accepted_graph25_bounded_cases_20261005/accepted_point_uses.parquet,cc2a7cf67d7c25eec2de7f962c49478dd275646138f1303ae3410bf2a6922d23,target_source_record_id=2021:data_allsettlements_anon_156_v20251217.parquet:parquet:146961,representative_point_continuity_over_proposed_county_name_identity,False,False,False
2002:041_4b428edd23_Bashkiria_new.xls:Sheet1:5728,2002,54.3405297,53.7306822,2021:data_allsettlements_anon_156_v20251217.parquet:parquet:148504,candidate_pending_independent_review,/workspace/settlements-work/continuation_20261004/accepted_graph25_bounded_cases_20261005/accepted_point_uses.parquet,cc2a7cf67d7c25eec2de7f962c49478dd275646138f1303ae3410bf2a6922d23,target_source_record_id=2021:data_allsettlements_anon_156_v20251217.parquet:parquet:148504,representative_point_continuity_over_proposed_county_name_identity,False,False,False
2002:013_2dd2afccd6_02c_Smolenskaja.xls:Sheet1:2124,2002,54.6807883,31.0362384,2021:data_allsettlements_anon_156_v20251217.parquet:parquet:123533,candidate_pending_independent_review,/workspace/russian-settlements-research/research_rebuild/evidence/current_residual_ownlocality_points_20261005/accepted_point_use_delta.csv.gz,dd882ec334d07408d16ecf1e3a67f2eb03d1b13ff85cca12f8d32df1c0aabab3,target_source_record_id=2021:data_allsettlements_anon_156_v20251217.parquet:parquet:123533,representative_point_continuity_over_proposed_county_name_identity,False,False,False
2002:066_76aa869929_Altai_krai1.xls:Sheet1:1037,2002,53.4771385,85.3741195,2021:data_allsettlements_anon_156_v20251217.parquet:parquet:39714,candidate_pending_independent_review,/workspace/settlements-work/continuation_20261004/accepted_graph25_bounded_cases_20261005/accepted_point_uses.parquet,cc2a7cf67d7c25eec2de7f962c49478dd275646138f1303ae3410bf2a6922d23,target_source_record_id=2021:data_allsettlements_anon_156_v20251217.parquet:parquet:39714,representative_point_continuity_over_proposed_county_name_identity,False,False,False
2002:041_4b428edd23_Bashkiria_new.xls:Sheet1:402,2002,54.3306924,56.8169127,2021:data_allsettlements_anon_156_v20251217.parquet:parquet:144280,candidate_pending_independent_review,/workspace/settlements-work/continuation_20261004/accepted_graph25_bounded_cases_20261005/accepted_point_uses.parquet,cc2a7cf67d7c25eec2de7f962c49478dd275646138f1303ae3410bf2a6922d23,target_source_record_id=2021:data_allsettlements_anon_156_v20251217.parquet:parquet:144280,representative_point_continuity_over_proposed_county_name_identity,False,False,False
2002:050_a0dc3f856b_penzen_obl.xls:Sheet1:1030,2002,52.5721834,46.0419565,2021:data_allsettlements_anon_156_v20251217.parquet:parquet:94796,candidate_pending_independent_review,/workspace/settlements-work/continuation_20261004/accepted_graph25_bounded_cases_20261005/accepted_point_uses.parquet,cc2a7cf67d7c25eec2de7f962c49478dd275646138f1303ae3410bf2a6922d23,target_source_record_id=2021:data_allsettlements_anon_156_v20251217.parquet:parquet:94796,representative_point_continuity_over_proposed_county_name_identity,False,False,False
2002:041_4b428edd23_Bashkiria_new.xls:Sheet1:3378,2002,54.9086669,56.3885649,2021:data_allsettlements_anon_156_v20251217.parquet:parquet:146623,candidate_pending_independent_review,/workspace/settlements-work/continuation_20261004/accepted_graph25_bounded_cases_20261005/accepted_point_uses.parquet,cc2a7cf67d7c25eec2de7f962c49478dd275646138f1303ae3410bf2a6922d23,target_source_record_id=2021:data_allsettlements_anon_156_v20251217.parquet:parquet:146623,representative_point_continuity_over_proposed_county_name_identity,False,False,False
2002:054_0d77ecf40f_Saratovskaja1.xls:Sheet1:552,2002,52.30067,47.247827,2021:data_allsettlements_anon_156_v20251217.parquet:parquet:116706,candidate_pending_independent_review,/workspace/settlements-work/continuation_20261004/accepted_graph25_bounded_cases_20261005/accepted_point_uses.parquet,cc2a7cf67d7c25eec2de7f962c49478dd275646138f1303ae3410bf2a6922d23,target_source_record_id=2021:data_allsettlements_anon_156_v20251217.parquet:parquet:116706,representative_point_continuity_over_proposed_county_name_identity,False,False,False
2002:014_32646337ea_02c_Tambovskaja.xls:Sheet1:484,2002,52.82667,42.33194,2021:data_allsettlements_anon_156_v20251217.parquet:parquet:128005,candidate_pending_independent_review,/workspace/settlements-work/continuation_20261004/accepted_graph25_bounded_cases_20261005/accepted_point_uses.parquet,cc2a7cf67d7c25eec2de7f962c49478dd275646138f1303ae3410bf2a6922d23,target_source_record_id=2021:data_allsettlements_anon_156_v20251217.parquet:parquet:128005,representative_point_continuity_over_proposed_county_name_identity,False,False,False
2002:041_4b428edd23_Bashkiria_new.xls:Sheet1:3406,2002,55.685169,54.5029409,2021:data_allsettlements_anon_156_v20251217.parquet:parquet:146656,candidate_pending_independent_review,/workspace/settlements-work/continuation_20261004/accepted_graph25_bounded_cases_20261005/accepted_point_uses.parquet,cc2a7cf67d7c25eec2de7f962c49478dd275646138f1303ae3410bf2a6922d23,target_source_record_id=2021:data_allsettlements_anon_156_v20251217.parquet:parquet:146656,representative_point_continuity_over_proposed_county_name_identity,False,False,False
2002:066_76aa869929_Altai_krai1.xls:Sheet1:2479,2002,51.1328695,83.6711642,2021:data_allsettlements_anon_156_v20251217.parquet:parquet:40990,candidate_pending_independent_review,/workspace/russian-settlements-research/research_rebuild/evidence/current_residual_ownlocality_points_20261005/accepted_point_use_delta.csv.gz,dd882ec334d07408d16ecf1e3a67f2eb03d1b13ff85cca12f8d32df1c0aabab3,target_source_record_id=2021:data_allsettlements_anon_156_v20251217.parquet:parquet:40990,representative_point_continuity_over_proposed_county_name_identity,False,False,False
2002:041_4b428edd23_Bashkiria_new.xls:Sheet1:3320,2002,55.0690459,57.0558837,2021:data_allsettlements_anon_156_v20251217.parquet:parquet:146573,candidate_pending_independent_review,/workspace/settlements-work/continuation_20261004/accepted_graph25_bounded_cases_20261005/accepted_point_uses.parquet,cc2a7cf67d7c25eec2de7f962c49478dd275646138f1303ae3410bf2a6922d23,target_source_record_id=2021:data_allsettlements_anon_156_v20251217.parquet:parquet:146573,representative_point_continuity_over_proposed_county_name_identity,False,False,False
2002:056_6e9d0d52b3_Kurgan.xls:Sheet1:838,2002,55.3391166,67.227622,2021:data_allsettlements_anon_156_v20251217.parquet:parquet:50752,candidate_pending_independent_review,/workspace/settlements-work/continuation_20261004/accepted_graph25_bounded_cases_20261005/accepted_point_uses.parquet,cc2a7cf67d7c25eec2de7f962c49478dd275646138f1303ae3410bf2a6922d23,target_source_record_id=2021:data_allsettlements_anon_156_v20251217.parquet:parquet:50752,representative_point_continuity_over_proposed_county_name_identity,False,False,False
2002:041_4b428edd23_Bashkiria_new.xls:Sheet1:1091,2002,54.948424,53.5048497,2021:data_allsettlements_anon_156_v20251217.parquet:parquet:144828,candidate_pending_independent_review,/workspace/settlements-work/continuation_20261004/accepted_graph25_bounded_cases_20261005/accepted_point_uses.parquet,cc2a7cf67d7c25eec2de7f962c49478dd275646138f1303ae3410bf2a6922d23,target_source_record_id=2021:data_allsettlements_anon_156_v20251217.parquet:parquet:144828,representative_point_continuity_over_proposed_county_name_identity,False,False,False
2002:041_4b428edd23_Bashkiria_new.xls:Sheet1:5083,2002,53.6995001,54.5743555,2021:data_allsettlements_anon_156_v20251217.parquet:parquet:147990,candidate_pending_independent_review,/workspace/settlements-work/continuation_20261004/accepted_graph25_bounded_cases_20261005/accepted_point_uses.parquet,cc2a7cf67d7c25eec2de7f962c49478dd275646138f1303ae3410bf2a6922d23,target_source_record_id=2021:data_allsettlements_anon_156_v20251217.parquet:parquet:147990,representative_point_continuity_over_proposed_county_name_identity,False,False,False
2002:066_76aa869929_Altai_krai1.xls:Sheet1:855,2002,51.8408699,83.244294,2021:data_allsettlements_anon_156_v20251217.parquet:parquet:39574,candidate_pending_independent_review,/workspace/settlements-work/continuation_20261004/accepted_graph25_bounded_cases_20261005/accepted_point_uses.parquet,cc2a7cf67d7c25eec2de7f962c49478dd275646138f1303ae3410bf2a6922d23,target_source_record_id=2021:data_allsettlements_anon_156_v20251217.parquet:parquet:39574,representative_point_continuity_over_proposed_county_name_identity,False,False,False
2002:066_76aa869929_Altai_krai1.xls:Sheet1:2461,2002,51.725968,83.395137,2021:data_allsettlements_anon_156_v20251217.parquet:parquet:40972,candidate_pending_independent_review,/workspace/settlements-work/continuation_20261004/accepted_graph25_bounded_cases_20261005/accepted_point_uses.parquet,cc2a7cf67d7c25eec2de7f962c49478dd275646138f1303ae3410bf2a6922d23,target_source_record_id=2021:data_allsettlements_anon_156_v20251217.parquet:parquet:40972,representative_point_continuity_over_proposed_county_name_identity,False,False,False
2002:014_32646337ea_02c_Tambovskaja.xls:Sheet1:1945,2002,51.964486,40.981826,2021:data_allsettlements_anon_156_v20251217.parquet:parquet:129260,candidate_pending_independent_review,/workspace/settlements-work/continuation_20261004/accepted_graph25_bounded_cases_20261005/accepted_point_uses.parquet,cc2a7cf67d7c25eec2de7f962c49478dd275646138f1303ae3410bf2a6922d23,target_source_record_id=2021:data_allsettlements_anon_156_v20251217.parquet:parquet:129260,representative_point_continuity_over_proposed_county_name_identity,False,False,False
2002:014_32646337ea_02c_Tambovskaja.xls:Sheet1:687,2002,52.408143,40.896172,2021:data_allsettlements_anon_156_v20251217.parquet:parquet:128176,candidate_pending_independent_review,/workspace/settlements-work/continuation_20261004/accepted_graph25_bounded_cases_20261005/accepted_point_uses.parquet,cc2a7cf67d7c25eec2de7f962c49478dd275646138f1303ae3410bf2a6922d23,target_source_record_id=2021:data_allsettlements_anon_156_v20251217.parquet:parquet:128176,representative_point_continuity_over_proposed_county_name_identity,False,False,False
2002:041_4b428edd23_Bashkiria_new.xls:Sheet1:3285,2002,54.686873,56.4384355,2021:data_allsettlements_anon_156_v20251217.parquet:parquet:146547,candidate_pending_independent_review,/workspace/settlements-work/continuation_20261004/accepted_graph25_bounded_cases_20261005/accepted_point_uses.parquet,cc2a7cf67d7c25eec2de7f962c49478dd275646138f1303ae3410bf2a6922d23,target_source_record_id=2021:data_allsettlements_anon_156_v20251217.parquet:parquet:146547,representative_point_continuity_over_proposed_county_name_identity,False,False,False
2002:041_4b428edd23_Bashkiria_new.xls:Sheet1:3491,2002,55.5320007,54.250701,2021:data_allsettlements_anon_156_v20251217.parquet:parquet:146729,candidate_pending_independent_review,/workspace/settlements-work/continuation_20261004/accepted_graph25_bounded_cases_20261005/accepted_point_uses.parquet,cc2a7cf67d7c25eec2de7f962c49478dd275646138f1303ae3410bf2a6922d23,target_source_record_id=2021:data_allsettlements_anon_156_v20251217.parquet:parquet:146729,representative_point_continuity_over_proposed_county_name_identity,False,False,False
2002:005_14871cc62a_02c_Ivanovskaja.xls:Sheet1:2769,2002,56.8246117,40.5285429,2021:data_allsettlements_anon_156_v20251217.parquet:parquet:22575,candidate_pending_independent_review,/workspace/settlements-work/continuation_20261004/accepted_graph25_bounded_cases_20261005/accepted_point_uses.parquet,cc2a7cf67d7c25eec2de7f962c49478dd275646138f1303ae3410bf2a6922d23,target_source_record_id=2021:data_allsettlements_anon_156_v20251217.parquet:parquet:22575,representative_point_continuity_over_proposed_county_name_identity,False,False,False
2002:041_4b428edd23_Bashkiria_new.xls:Sheet1:4611,2002,55.0252049,55.1894447,2021:data_allsettlements_anon_156_v20251217.parquet:parquet:147631,candidate_pending_independent_review,/workspace/settlements-work/continuation_20261004/accepted_graph25_bounded_cases_20261005/accepted_point_uses.parquet,cc2a7cf67d7c25eec2de7f962c49478dd275646138f1303ae3410bf2a6922d23,target_source_record_id=2021:data_allsettlements_anon_156_v20251217.parquet:parquet:147631,representative_point_continuity_over_proposed_county_name_identity,False,False,False
2002:041_4b428edd23_Bashkiria_new.xls:Sheet1:1564,2002,53.5560578,54.1659192,2021:data_allsettlements_anon_156_v20251217.parquet:parquet:145220,candidate_pending_independent_review,/workspace/settlements-work/continuation_20261004/accepted_graph25_bounded_cases_20261005/accepted_point_uses.parquet,cc2a7cf67d7c25eec2de7f962c49478dd275646138f1303ae3410bf2a6922d23,target_source_record_id=2021:data_allsettlements_anon_156_v20251217.parquet:parquet:145220,representative_point_continuity_over_proposed_county_name_identity,False,False,False
2002:066_76aa869929_Altai_krai1.xls:Sheet1:1419,2002,52.1480993,84.082101,2021:data_allsettlements_anon_156_v20251217.parquet:parquet:40084,candidate_pending_independent_review,/workspace/settlements-work/continuation_20261004/accepted_graph25_bounded_cases_20261005/accepted_point_uses.parquet,cc2a7cf67d7c25eec2de7f962c49478dd275646138f1303ae3410bf2a6922d23,target_source_record_id=2021:data_allsettlements_anon_156_v20251217.parquet:parquet:40084,representative_point_continuity_over_proposed_county_name_identity,False,False,False
2002:041_4b428edd23_Bashkiria_new.xls:Sheet1:1023,2002,55.3277279,53.86728,2021:data_allsettlements_anon_156_v20251217.parquet:parquet:144760,candidate_pending_independent_review,/workspace/settlements-work/continuation_20261004/accepted_graph25_bounded_cases_20261005/accepted_point_uses.parquet,cc2a7cf67d7c25eec2de7f962c49478dd275646138f1303ae3410bf2a6922d23,target_source_record_id=2021:data_allsettlements_anon_156_v20251217.parquet:parquet:144760,representative_point_continuity_over_proposed_county_name_identity,False,False,False
2002:041_4b428edd23_Bashkiria_new.xls:Sheet1:4601,2002,55.1161511,55.2059433,2021:data_allsettlements_anon_156_v20251217.parquet:parquet:147603,candidate_pending_independent_review,/workspace/settlements-work/continuation_20261004/accepted_graph25_bounded_cases_20261005/accepted_point_uses.parquet,cc2a7cf67d7c25eec2de7f962c49478dd275646138f1303ae3410bf2a6922d23,target_source_record_id=2021:data_allsettlements_anon_156_v20251217.parquet:parquet:147603,representative_point_continuity_over_proposed_county_name_identity,False,False,False
2002:013_2dd2afccd6_02c_Smolenskaja.xls:Sheet1:391,2002,55.2163717,34.2183222,2021:data_allsettlements_anon_156_v20251217.parquet:parquet:121814,candidate_pending_independent_review,/workspace/russian-settlements-research/research_rebuild/evidence/current_residual_ownlocality_points_20261005/accepted_point_use_delta.csv.gz,dd882ec334d07408d16ecf1e3a67f2eb03d1b13ff85cca12f8d32df1c0aabab3,target_source_record_id=2021:data_allsettlements_anon_156_v20251217.parquet:parquet:121814,representative_point_continuity_over_proposed_county_name_identity,False,False,False
2002:050_a0dc3f856b_penzen_obl.xls:Sheet1:857,2002,52.7831581,44.4347628,2021:data_allsettlements_anon_156_v20251217.parquet:parquet:94683,candidate_pending_independent_review,/workspace/settlements-work/continuation_20261004/accepted_graph25_bounded_cases_20261005/accepted_point_uses.parquet,cc2a7cf67d7c25eec2de7f962c49478dd275646138f1303ae3410bf2a6922d23,target_source_record_id=2021:data_allsettlements_anon_156_v20251217.parquet:parquet:94683,representative_point_continuity_over_proposed_county_name_identity,False,False,False
2002:041_4b428edd23_Bashkiria_new.xls:Sheet1:3925,2002,54.430499,55.9597337,2021:data_allsettlements_anon_156_v20251217.parquet:parquet:147156,candidate_pending_independent_review,/workspace/settlements-work/continuation_20261004/accepted_graph25_bounded_cases_20261005/accepted_point_uses.parquet,cc2a7cf67d7c25eec2de7f962c49478dd275646138f1303ae3410bf2a6922d23,target_source_record_id=2021:data_allsettlements_anon_156_v20251217.parquet:parquet:147156,representative_point_continuity_over_proposed_county_name_identity,False,False,False
2002:050_a0dc3f856b_penzen_obl.xls:Sheet1:1165,2002,52.583019,44.9440976,2021:data_allsettlements_anon_156_v20251217.parquet:parquet:94915,candidate_pending_independent_review,/workspace/settlements-work/continuation_20261004/accepted_graph25_bounded_cases_20261005/accepted_point_uses.parquet,cc2a7cf67d7c25eec2de7f962c49478dd275646138f1303ae3410bf2a6922d23,target_source_record_id=2021:data_allsettlements_anon_156_v20251217.parquet:parquet:94915,representative_point_continuity_over_proposed_county_name_identity,False,False,False
2002:041_4b428edd23_Bashkiria_new.xls:Sheet1:3322,2002,55.0148604,57.1077401,2021:data_allsettlements_anon_156_v20251217.parquet:parquet:146575,candidate_pending_independent_review,/workspace/settlements-work/continuation_20261004/accepted_graph25_bounded_cases_20261005/accepted_point_uses.parquet,cc2a7cf67d7c25eec2de7f962c49478dd275646138f1303ae3410bf2a6922d23,target_source_record_id=2021:data_allsettlements_anon_156_v20251217.parquet:parquet:146575,representative_point_continuity_over_proposed_county_name_identity,False,False,False
2002:002_d4cda9574f_02c_Bryanskaja.xls:Sheet1:3103,2002,52.878968,32.6505186,2021:data_allsettlements_anon_156_v20251217.parquet:parquet:175955,candidate_pending_independent_review,/workspace/settlements-work/continuation_20261004/accepted_graph25_bounded_cases_20261005/accepted_point_uses.parquet,cc2a7cf67d7c25eec2de7f962c49478dd275646138f1303ae3410bf2a6922d23,target_source_record_id=2021:data_allsettlements_anon_156_v20251217.parquet:parquet:175955,representative_point_continuity_over_proposed_county_name_identity,False,False,False
2002:041_4b428edd23_Bashkiria_new.xls:Sheet1:1764,2002,55.2818058,55.3370065,2021:data_allsettlements_anon_156_v20251217.parquet:parquet:145379,candidate_pending_independent_review,/workspace/settlements-work/continuation_20261004/accepted_graph25_bounded_cases_20261005/accepted_point_uses.parquet,cc2a7cf67d7c25eec2de7f962c49478dd275646138f1303ae3410bf2a6922d23,target_source_record_id=2021:data_allsettlements_anon_156_v20251217.parquet:parquet:145379,representative_point_continuity_over_proposed_county_name_identity,False,False,False
2002:050_a0dc3f856b_penzen_obl.xls:Sheet1:875,2002,52.9368461,44.6446382,2021:data_allsettlements_anon_156_v20251217.parquet:parquet:94702,candidate_pending_independent_review,/workspace/settlements-work/continuation_20261004/accepted_graph25_bounded_cases_20261005/accepted_point_uses.parquet,cc2a7cf67d7c25eec2de7f962c49478dd275646138f1303ae3410bf2a6922d23,target_source_record_id=2021:data_allsettlements_anon_156_v20251217.parquet:parquet:94702,representative_point_continuity_over_proposed_county_name_identity,False,False,False
2002:041_4b428edd23_Bashkiria_new.xls:Sheet1:1669,2002,53.7188519,54.2029398,2021:data_allsettlements_anon_156_v20251217.parquet:parquet:145236,candidate_pending_independent_review,/workspace/settlements-work/continuation_20261004/accepted_graph25_bounded_cases_20261005/accepted_point_uses.parquet,cc2a7cf67d7c25eec2de7f962c49478dd275646138f1303ae3410bf2a6922d23,target_source_record_id=2021:data_allsettlements_anon_156_v20251217.parquet:parquet:145236,representative_point_continuity_over_proposed_county_name_identity,False,False,False
2002:014_32646337ea_02c_Tambovskaja.xls:Sheet1:275,2002,52.444112,40.959278,2021:data_allsettlements_anon_156_v20251217.parquet:parquet:127814,candidate_pending_independent_review,/workspace/settlements-work/continuation_20261004/accepted_graph25_bounded_cases_20261005/accepted_point_uses.parquet,cc2a7cf67d7c25eec2de7f962c49478dd275646138f1303ae3410bf2a6922d23,target_source_record_id=2021:data_allsettlements_anon_156_v20251217.parquet:parquet:127814,representative_point_continuity_over_proposed_county_name_identity,False,False,False
2002:006_1916564aaa_02c_Kaluzhskaja.xls:Sheet1:2300,2002,54.3295071,35.2717632,2021:data_allsettlements_anon_156_v20251217.parquet:parquet:29172,candidate_pending_independent_review,/workspace/settlements-work/continuation_20261004/accepted_graph25_bounded_cases_20261005/accepted_point_uses.parquet,cc2a7cf67d7c25eec2de7f962c49478dd275646138f1303ae3410bf2a6922d23,target_source_record_id=2021:data_allsettlements_anon_156_v20251217.parquet:parquet:29172,representative_point_continuity_over_proposed_county_name_identity,False,False,False
2002:009_fc0fd8cf1b_02c_Lipetskaja.xls:Sheet1:96,2002,52.17528,37.88278,2021:data_allsettlements_anon_156_v20251217.parquet:parquet:58711,candidate_pending_independent_review,/workspace/settlements-work/continuation_20261004/accepted_graph25_bounded_cases_20261005/accepted_point_uses.parquet,cc2a7cf67d7c25eec2de7f962c49478dd275646138f1303ae3410bf2a6922d23,target_source_record_id=2021:data_allsettlements_anon_156_v20251217.parquet:parquet:58711,representative_point_continuity_over_proposed_county_name_identity,False,False,False
2002:041_4b428edd23_Bashkiria_new.xls:Sheet1:1692,2002,55.5159617,55.5129454,2021:data_allsettlements_anon_156_v20251217.parquet:parquet:145324,candidate_pending_independent_review,/workspace/settlements-work/continuation_20261004/accepted_graph25_bounded_cases_20261005/accepted_point_uses.parquet,cc2a7cf67d7c25eec2de7f962c49478dd275646138f1303ae3410bf2a6922d23,target_source_record_id=2021:data_allsettlements_anon_156_v20251217.parquet:parquet:145324,representative_point_continuity_over_proposed_county_name_identity,False,False,False
2002:003_308406b0ed_02c_Vladimirskaja.xls:Sheet1:2766,2002,56.4721625,39.8682102,2021:data_allsettlements_anon_156_v20251217.parquet:parquet:3784,candidate_pending_independent_review,/workspace/settlements-work/continuation_20261004/accepted_graph25_bounded_cases_20261005/accepted_point_uses.parquet,cc2a7cf67d7c25eec2de7f962c49478dd275646138f1303ae3410bf2a6922d23,target_source_record_id=2021:data_allsettlements_anon_156_v20251217.parquet:parquet:3784,representative_point_continuity_over_proposed_county_name_identity,False,False,False
2002:041_4b428edd23_Bashkiria_new.xls:Sheet1:4129,2002,55.5758348,58.4897626,2021:data_allsettlements_anon_156_v20251217.parquet:parquet:147238,candidate_pending_independent_review,/workspace/settlements-work/continuation_20261004/accepted_graph25_bounded_cases_20261005/accepted_point_uses.parquet,cc2a7cf67d7c25eec2de7f962c49478dd275646138f1303ae3410bf2a6922d23,target_source_record_id=2021:data_allsettlements_anon_156_v20251217.parquet:parquet:147238,representative_point_continuity_over_proposed_county_name_identity,False,False,False
2002:041_4b428edd23_Bashkiria_new.xls:Sheet1:4566,2002,55.2452728,55.0434534,2021:data_allsettlements_anon_156_v20251217.parquet:parquet:147585,candidate_pending_independent_review,/workspace/settlements-work/continuation_20261004/accepted_graph25_bounded_cases_20261005/accepted_point_uses.parquet,cc2a7cf67d7c25eec2de7f962c49478dd275646138f1303ae3410bf2a6922d23,target_source_record_id=2021:data_allsettlements_anon_156_v20251217.parquet:parquet:147585,representative_point_continuity_over_proposed_county_name_identity,False,False,False
2002:041_4b428edd23_Bashkiria_new.xls:Sheet1:1626,2002,53.6862749,54.3580012,2021:data_allsettlements_anon_156_v20251217.parquet:parquet:145285,candidate_pending_independent_review,/workspace/settlements-work/continuation_20261004/accepted_graph25_bounded_cases_20261005/accepted_point_uses.parquet,cc2a7cf67d7c25eec2de7f962c49478dd275646138f1303ae3410bf2a6922d23,target_source_record_id=2021:data_allsettlements_anon_156_v20251217.parquet:parquet:145285,representative_point_continuity_over_proposed_county_name_identity,False,False,False
2002:041_4b428edd23_Bashkiria_new.xls:Sheet1:376,2002,54.0495942,54.7368756,2021:data_allsettlements_anon_156_v20251217.parquet:parquet:144264,candidate_pending_independent_review,/workspace/settlements-work/continuation_20261004/accepted_graph25_bounded_cases_20261005/accepted_point_uses.parquet,cc2a7cf67d7c25eec2de7f962c49478dd275646138f1303ae3410bf2a6922d23,target_source_record_id=2021:data_allsettlements_anon_156_v20251217.parquet:parquet:144264,representative_point_continuity_over_proposed_county_name_identity,False,False,False
2002:041_4b428edd23_Bashkiria_new.xls:Sheet1:1572,2002,53.7493873,54.3566339,2021:data_allsettlements_anon_156_v20251217.parquet:parquet:145226,candidate_pending_independent_review,/workspace/settlements-work/continuation_20261004/accepted_graph25_bounded_cases_20261005/accepted_point_uses.parquet,cc2a7cf67d7c25eec2de7f962c49478dd275646138f1303ae3410bf2a6922d23,target_source_record_id=2021:data_allsettlements_anon_156_v20251217.parquet:parquet:145226,representative_point_continuity_over_proposed_county_name_identity,False,False,False
2002:005_14871cc62a_02c_Ivanovskaja.xls:Sheet1:491,2002,57.5334245,42.5258395,2021:data_allsettlements_anon_156_v20251217.parquet:parquet:20481,candidate_pending_independent_review,/workspace/settlements-work/continuation_20261004/accepted_graph25_bounded_cases_20261005/accepted_point_uses.parquet,cc2a7cf67d7c25eec2de7f962c49478dd275646138f1303ae3410bf2a6922d23,target_source_record_id=2021:data_allsettlements_anon_156_v20251217.parquet:parquet:20481,representative_point_continuity_over_proposed_county_name_identity,False,False,False
2002:010_3e630cc803_02c_Moskovskaya-oblast.xls:Sheet1:2594,2002,55.52861,37.646417,2021:data_allsettlements_anon_156_v20251217.parquet:parquet:65226,candidate_pending_independent_review,/workspace/settlements-work/continuation_20261004/accepted_graph25_bounded_cases_20261005/accepted_point_uses.parquet,cc2a7cf67d7c25eec2de7f962c49478dd275646138f1303ae3410bf2a6922d23,target_source_record_id=2021:data_allsettlements_anon_156_v20251217.parquet:parquet:65226,representative_point_continuity_over_proposed_county_name_identity,False,False,False
2002:005_14871cc62a_02c_Ivanovskaja.xls:Sheet1:2062,2002,57.4155695,41.6149429,2021:data_allsettlements_anon_156_v20251217.parquet:parquet:21802,candidate_pending_independent_review,/workspace/settlements-work/continuation_20261004/accepted_graph25_bounded_cases_20261005/accepted_point_uses.parquet,cc2a7cf67d7c25eec2de7f962c49478dd275646138f1303ae3410bf2a6922d23,target_source_record_id=2021:data_allsettlements_anon_156_v20251217.parquet:parquet:21802,representative_point_continuity_over_proposed_county_name_identity,False,False,False
2002:014_32646337ea_02c_Tambovskaja.xls:Sheet1:1453,2002,52.257511,42.183368,2021:data_allsettlements_anon_156_v20251217.parquet:parquet:128820,candidate_pending_independent_review,/workspace/settlements-work/continuation_20261004/accepted_graph25_bounded_cases_20261005/accepted_point_uses.parquet,cc2a7cf67d7c25eec2de7f962c49478dd275646138f1303ae3410bf2a6922d23,target_source_record_id=2021:data_allsettlements_anon_156_v20251217.parquet:parquet:128820,representative_point_continuity_over_proposed_county_name_identity,False,False,False
2002:041_4b428edd23_Bashkiria_new.xls:Sheet1:2033,2002,55.4154029,56.3069331,2021:data_allsettlements_anon_156_v20251217.parquet:parquet:145583,candidate_pending_independent_review,/workspace/settlements-work/continuation_20261004/accepted_graph25_bounded_cases_20261005/accepted_point_uses.parquet,cc2a7cf67d7c25eec2de7f962c49478dd275646138f1303ae3410bf2a6922d23,target_source_record_id=2021:data_allsettlements_anon_156_v20251217.parquet:parquet:145583,representative_point_continuity_over_proposed_county_name_identity,False,False,False
2002:005_14871cc62a_02c_Ivanovskaja.xls:Sheet1:2704,2002,56.7000472,40.5055888,2021:data_allsettlements_anon_156_v20251217.parquet:parquet:22540,candidate_pending_independent_review,/workspace/settlements-work/continuation_20261004/accepted_graph25_bounded_cases_20261005/accepted_point_uses.parquet,cc2a7cf67d7c25eec2de7f962c49478dd275646138f1303ae3410bf2a6922d23,target_source_record_id=2021:data_allsettlements_anon_156_v20251217.parquet:parquet:22540,representative_point_continuity_over_proposed_county_name_identity,False,False,False
2002:041_4b428edd23_Bashkiria_new.xls:Sheet1:1927,2002,54.6656203,54.9901167,2021:data_allsettlements_anon_156_v20251217.parquet:parquet:145495,candidate_pending_independent_review,/workspace/settlements-work/continuation_20261004/accepted_graph25_bounded_cases_20261005/accepted_point_uses.parquet,cc2a7cf67d7c25eec2de7f962c49478dd275646138f1303ae3410bf2a6922d23,target_source_record_id=2021:data_allsettlements_anon_156_v20251217.parquet:parquet:145495,representative_point_continuity_over_proposed_county_name_identity,False,False,False
2002:054_0d77ecf40f_Saratovskaja1.xls:Sheet1:797,2002,52.3894538,44.5633643,2021:data_allsettlements_anon_156_v20251217.parquet:parquet:116873,candidate_pending_independent_review,/workspace/settlements-work/continuation_20261004/accepted_graph25_bounded_cases_20261005/accepted_point_uses.parquet,cc2a7cf67d7c25eec2de7f962c49478dd275646138f1303ae3410bf2a6922d23,target_source_record_id=2021:data_allsettlements_anon_156_v20251217.parquet:parquet:116873,representative_point_continuity_over_proposed_county_name_identity,False,False,False
2002:003_308406b0ed_02c_Vladimirskaja.xls:Sheet1:2737,2002,56.6695033,39.3775754,2021:data_allsettlements_anon_156_v20251217.parquet:parquet:3813,candidate_pending_independent_review,/workspace/settlements-work/continuation_20261004/accepted_graph25_bounded_cases_20261005/accepted_point_uses.parquet,cc2a7cf67d7c25eec2de7f962c49478dd275646138f1303ae3410bf2a6922d23,target_source_record_id=2021:data_allsettlements_anon_156_v20251217.parquet:parquet:3813,representative_point_continuity_over_proposed_county_name_identity,False,False,False
2002:041_4b428edd23_Bashkiria_new.xls:Sheet1:2506,2002,54.1069206,56.7180332,2021:data_allsettlements_anon_156_v20251217.parquet:parquet:145955,candidate_pending_independent_review,/workspace/settlements-work/continuation_20261004/accepted_graph25_bounded_cases_20261005/accepted_point_uses.parquet,cc2a7cf67d7c25eec2de7f962c49478dd275646138f1303ae3410bf2a6922d23,target_source_record_id=2021:data_allsettlements_anon_156_v20251217.parquet:parquet:145955,representative_point_continuity_over_proposed_county_name_identity,False,False,False
2002:041_4b428edd23_Bashkiria_new.xls:Sheet1:407,2002,54.3396674,56.7317025,2021:data_allsettlements_anon_156_v20251217.parquet:parquet:144284,candidate_pending_independent_review,/workspace/settlements-work/continuation_20261004/accepted_graph25_bounded_cases_20261005/accepted_point_uses.parquet,cc2a7cf67d7c25eec2de7f962c49478dd275646138f1303ae3410bf2a6922d23,target_source_record_id=2021:data_allsettlements_anon_156_v20251217.parquet:parquet:144284,representative_point_continuity_over_proposed_county_name_identity,False,False,False
2002:041_4b428edd23_Bashkiria_new.xls:Sheet1:2195,2002,54.6332463,54.6611741,2021:data_allsettlements_anon_156_v20251217.parquet:parquet:145644,candidate_pending_independent_review,/workspace/settlements-work/continuation_20261004/accepted_graph25_bounded_cases_20261005/accepted_point_uses.parquet,cc2a7cf67d7c25eec2de7f962c49478dd275646138f1303ae3410bf2a6922d23,target_source_record_id=2021:data_allsettlements_anon_156_v20251217.parquet:parquet:145644,representative_point_continuity_over_proposed_county_name_identity,False,False,False
2002:041_4b428edd23_Bashkiria_new.xls:Sheet1:1355,2002,54.2314642,54.3271547,2021:data_allsettlements_anon_156_v20251217.parquet:parquet:145027,candidate_pending_independent_review,/workspace/settlements-work/continuation_20261004/accepted_graph25_bounded_cases_20261005/accepted_point_uses.parquet,cc2a7cf67d7c25eec2de7f962c49478dd275646138f1303ae3410bf2a6922d23,target_source_record_id=2021:data_allsettlements_anon_156_v20251217.parquet:parquet:145027,representative_point_continuity_over_proposed_county_name_identity,False,False,False
2002:055_430166490c_Uljanovskaja_new.xls:Sheet1:198,2002,53.7058373,47.0666997,2021:data_allsettlements_anon_156_v20251217.parquet:parquet:157749,candidate_pending_independent_review,/workspace/settlements-work/continuation_20261004/accepted_graph25_bounded_cases_20261005/accepted_point_uses.parquet,cc2a7cf67d7c25eec2de7f962c49478dd275646138f1303ae3410bf2a6922d23,target_source_record_id=2021:data_allsettlements_anon_156_v20251217.parquet:parquet:157749,representative_point_continuity_over_proposed_county_name_identity,False,False,False
2002:041_4b428edd23_Bashkiria_new.xls:Sheet1:6552,2002,54.4112951,55.6920002,2021:data_allsettlements_anon_156_v20251217.parquet:parquet:149140,candidate_pending_independent_review,/workspace/settlements-work/continuation_20261004/accepted_graph25_bounded_cases_20261005/accepted_point_uses.parquet,cc2a7cf67d7c25eec2de7f962c49478dd275646138f1303ae3410bf2a6922d23,target_source_record_id=2021:data_allsettlements_anon_156_v20251217.parquet:parquet:149140,representative_point_continuity_over_proposed_county_name_identity,False,False,False
2002:041_4b428edd23_Bashkiria_new.xls:Sheet1:1635,2002,53.9193593,54.3164667,2021:data_allsettlements_anon_156_v20251217.parquet:parquet:145293,candidate_pending_independent_review,/workspace/settlements-work/continuation_20261004/accepted_graph25_bounded_cases_20261005/accepted_point_uses.parquet,cc2a7cf67d7c25eec2de7f962c49478dd275646138f1303ae3410bf2a6922d23,target_source_record_id=2021:data_allsettlements_anon_156_v20251217.parquet:parquet:145293,representative_point_continuity_over_proposed_county_name_identity,False,False,False
2002:050_a0dc3f856b_penzen_obl.xls:Sheet1:832,2002,52.8229673,44.2177135,2021:data_allsettlements_anon_156_v20251217.parquet:parquet:94680,candidate_pending_independent_review,/workspace/settlements-work/continuation_20261004/accepted_graph25_bounded_cases_20261005/accepted_point_uses.parquet,cc2a7cf67d7c25eec2de7f962c49478dd275646138f1303ae3410bf2a6922d23,target_source_record_id=2021:data_allsettlements_anon_156_v20251217.parquet:parquet:94680,representative_point_continuity_over_proposed_county_name_identity,False,False,False
2002:085_b44ee84c57_saxalin.xls:Sheet1:218,2002,49.745278,142.971111,2021:data_allsettlements_anon_156_v20251217.parquet:parquet:118566,candidate_pending_independent_review,/workspace/settlements-work/continuation_20261004/accepted_graph25_bounded_cases_20261005/accepted_point_uses.parquet,cc2a7cf67d7c25eec2de7f962c49478dd275646138f1303ae3410bf2a6922d23,target_source_record_id=2021:data_allsettlements_anon_156_v20251217.parquet:parquet:118566,representative_point_continuity_over_proposed_county_name_identity,False,False,False
2002:054_0d77ecf40f_Saratovskaja1.xls:Sheet1:164,2002,51.9586828,45.0784916,2021:data_allsettlements_anon_156_v20251217.parquet:parquet:116401,candidate_pending_independent_review,/workspace/settlements-work/continuation_20261004/accepted_graph25_bounded_cases_20261005/accepted_point_uses.parquet,cc2a7cf67d7c25eec2de7f962c49478dd275646138f1303ae3410bf2a6922d23,target_source_record_id=2021:data_allsettlements_anon_156_v20251217.parquet:parquet:116401,representative_point_continuity_over_proposed_county_name_identity,False,False,False
2002:041_4b428edd23_Bashkiria_new.xls:Sheet1:3319,2002,55.0261164,57.1720454,2021:data_allsettlements_anon_156_v20251217.parquet:parquet:146572,candidate_pending_independent_review,/workspace/settlements-work/continuation_20261004/accepted_graph25_bounded_cases_20261005/accepted_point_uses.parquet,cc2a7cf67d7c25eec2de7f962c49478dd275646138f1303ae3410bf2a6922d23,target_source_record_id=2021:data_allsettlements_anon_156_v20251217.parquet:parquet:146572,representative_point_continuity_over_proposed_county_name_identity,False,False,False
2002:041_4b428edd23_Bashkiria_new.xls:Sheet1:6687,2002,54.9623059,54.3247788,2021:data_allsettlements_anon_156_v20251217.parquet:parquet:149245,candidate_pending_independent_review,/workspace/settlements-work/continuation_20261004/accepted_graph25_bounded_cases_20261005/accepted_point_uses.parquet,cc2a7cf67d7c25eec2de7f962c49478dd275646138f1303ae3410bf2a6922d23,target_source_record_id=2021:data_allsettlements_anon_156_v20251217.parquet:parquet:149245,representative_point_continuity_over_proposed_county_name_identity,False,False,False
2002:041_4b428edd23_Bashkiria_new.xls:Sheet1:2992,2002,54.2560746,53.6960333,2021:data_allsettlements_anon_156_v20251217.parquet:parquet:146317,candidate_pending_independent_review,/workspace/settlements-work/continuation_20261004/accepted_graph25_bounded_cases_20261005/accepted_point_uses.parquet,cc2a7cf67d7c25eec2de7f962c49478dd275646138f1303ae3410bf2a6922d23,target_source_record_id=2021:data_allsettlements_anon_156_v20251217.parquet:parquet:146317,representative_point_continuity_over_proposed_county_name_identity,False,False,False
2002:041_4b428edd23_Bashkiria_new.xls:Sheet1:6925,2002,56.2107353,55.4284872,2021:data_allsettlements_anon_156_v20251217.parquet:parquet:149436,candidate_pending_independent_review,/workspace/settlements-work/continuation_20261004/accepted_graph25_bounded_cases_20261005/accepted_point_uses.parquet,cc2a7cf67d7c25eec2de7f962c49478dd275646138f1303ae3410bf2a6922d23,target_source_record_id=2021:data_allsettlements_anon_156_v20251217.parquet:parquet:149436,representative_point_continuity_over_proposed_county_name_identity,False,False,False
2002:041_4b428edd23_Bashkiria_new.xls:Sheet1:3923,2002,54.4672921,55.8252356,2021:data_allsettlements_anon_156_v20251217.parquet:parquet:147152,candidate_pending_independent_review,/workspace/settlements-work/continuation_20261004/accepted_graph25_bounded_cases_20261005/accepted_point_uses.parquet,cc2a7cf67d7c25eec2de7f962c49478dd275646138f1303ae3410bf2a6922d23,target_source_record_id=2021:data_allsettlements_anon_156_v20251217.parquet:parquet:147152,representative_point_continuity_over_proposed_county_name_identity,False,False,False
2002:041_4b428edd23_Bashkiria_new.xls:Sheet1:5011,2002,53.5514878,55.024501,2021:data_allsettlements_anon_156_v20251217.parquet:parquet:147937,candidate_pending_independent_review,/workspace/settlements-work/continuation_20261004/accepted_graph25_bounded_cases_20261005/accepted_point_uses.parquet,cc2a7cf67d7c25eec2de7f962c49478dd275646138f1303ae3410bf2a6922d23,target_source_record_id=2021:data_allsettlements_anon_156_v20251217.parquet:parquet:147937,representative_point_continuity_over_proposed_county_name_identity,False,False,False
2002:011_f46bbaadfd_02c_Orlovskaja.xls:Sheet1:1615,2002,52.2101955,37.7129616,2021:data_allsettlements_anon_156_v20251217.parquet:parquet:92230,candidate_pending_independent_review,/workspace/settlements-work/continuation_20261004/accepted_graph25_bounded_cases_20261005/accepted_point_uses.parquet,cc2a7cf67d7c25eec2de7f962c49478dd275646138f1303ae3410bf2a6922d23,target_source_record_id=2021:data_allsettlements_anon_156_v20251217.parquet:parquet:92230,representative_point_continuity_over_proposed_county_name_identity,False,False,False
2002:041_4b428edd23_Bashkiria_new.xls:Sheet1:232,2002,54.01776,55.2880599,2021:data_allsettlements_anon_156_v20251217.parquet:parquet:144148,candidate_pending_independent_review,/workspace/settlements-work/continuation_20261004/accepted_graph25_bounded_cases_20261005/accepted_point_uses.parquet,cc2a7cf67d7c25eec2de7f962c49478dd275646138f1303ae3410bf2a6922d23,target_source_record_id=2021:data_allsettlements_anon_156_v20251217.parquet:parquet:144148,representative_point_continuity_over_proposed_county_name_identity,False,False,False
2002:041_4b428edd23_Bashkiria_new.xls:Sheet1:2413,2002,53.9132964,56.4166319,2021:data_allsettlements_anon_156_v20251217.parquet:parquet:145941,candidate_pending_independent_review,/workspace/settlements-work/continuation_20261004/accepted_graph25_bounded_cases_20261005/accepted_point_uses.parquet,cc2a7cf67d7c25eec2de7f962c49478dd275646138f1303ae3410bf2a6922d23,target_source_record_id=2021:data_allsettlements_anon_156_v20251217.parquet:parquet:145941,representative_point_continuity_over_proposed_county_name_identity,False,False,False
2002:041_4b428edd23_Bashkiria_new.xls:Sheet1:2569,2002,54.1460271,55.3233909,2021:data_allsettlements_anon_156_v20251217.parquet:parquet:146010,candidate_pending_independent_review,/workspace/settlements-work/continuation_20261004/accepted_graph25_bounded_cases_20261005/accepted_point_uses.parquet,cc2a7cf67d7c25eec2de7f962c49478dd275646138f1303ae3410bf2a6922d23,target_source_record_id=2021:data_allsettlements_anon_156_v20251217.parquet:parquet:146010,representative_point_continuity_over_proposed_county_name_identity,False,False,False
2002:041_4b428edd23_Bashkiria_new.xls:Sheet1:1639,2002,53.8914489,54.1033572,2021:data_allsettlements_anon_156_v20251217.parquet:parquet:145301,candidate_pending_independent_review,/workspace/settlements-work/continuation_20261004/accepted_graph25_bounded_cases_20261005/accepted_point_uses.parquet,cc2a7cf67d7c25eec2de7f962c49478dd275646138f1303ae3410bf2a6922d23,target_source_record_id=2021:data_allsettlements_anon_156_v20251217.parquet:parquet:145301,representative_point_continuity_over_proposed_county_name_identity,False,False,False
2002:041_4b428edd23_Bashkiria_new.xls:Sheet1:2712,2002,55.6083243,57.4489717,2021:data_allsettlements_anon_156_v20251217.parquet:parquet:146118,candidate_pending_independent_review,/workspace/settlements-work/continuation_20261004/accepted_graph25_bounded_cases_20261005/accepted_point_uses.parquet,cc2a7cf67d7c25eec2de7f962c49478dd275646138f1303ae3410bf2a6922d23,target_source_record_id=2021:data_allsettlements_anon_156_v20251217.parquet:parquet:146118,representative_point_continuity_over_proposed_county_name_identity,False,False,False
2002:011_f46bbaadfd_02c_Orlovskaja.xls:Sheet1:1686,2002,52.4308729,36.6354925,2021:data_allsettlements_anon_156_v20251217.parquet:parquet:92299,candidate_pending_independent_review,/workspace/settlements-work/continuation_20261004/accepted_graph25_bounded_cases_20261005/accepted_point_uses.parquet,cc2a7cf67d7c25eec2de7f962c49478dd275646138f1303ae3410bf2a6922d23,target_source_record_id=2021:data_allsettlements_anon_156_v20251217.parquet:parquet:92299,representative_point_continuity_over_proposed_county_name_identity,False,False,False
2002:041_4b428edd23_Bashkiria_new.xls:Sheet1:2467,2002,54.2776183,56.5850266,2021:data_allsettlements_anon_156_v20251217.parquet:parquet:145912,candidate_pending_independent_review,/workspace/settlements-work/continuation_20261004/accepted_graph25_bounded_cases_20261005/accepted_point_uses.parquet,cc2a7cf67d7c25eec2de7f962c49478dd275646138f1303ae3410bf2a6922d23,target_source_record_id=2021:data_allsettlements_anon_156_v20251217.parquet:parquet:145912,representative_point_continuity_over_proposed_county_name_identity,False,False,False
2002:041_4b428edd23_Bashkiria_new.xls:Sheet1:1340,2002,54.2505047,54.200497,2021:data_allsettlements_anon_156_v20251217.parquet:parquet:145016,candidate_pending_independent_review,/workspace/settlements-work/continuation_20261004/accepted_graph25_bounded_cases_20261005/accepted_point_uses.parquet,cc2a7cf67d7c25eec2de7f962c49478dd275646138f1303ae3410bf2a6922d23,target_source_record_id=2021:data_allsettlements_anon_156_v20251217.parquet:parquet:145016,representative_point_continuity_over_proposed_county_name_identity,False,False,False
2002:041_4b428edd23_Bashkiria_new.xls:Sheet1:2233,2002,54.5689915,54.490295,2021:data_allsettlements_anon_156_v20251217.parquet:parquet:145722,candidate_pending_independent_review,/workspace/settlements-work/continuation_20261004/accepted_graph25_bounded_cases_20261005/accepted_point_uses.parquet,cc2a7cf67d7c25eec2de7f962c49478dd275646138f1303ae3410bf2a6922d23,target_source_record_id=2021:data_allsettlements_anon_156_v20251217.parquet:parquet:145722,representative_point_continuity_over_proposed_county_name_identity,False,False,False
2002:041_4b428edd23_Bashkiria_new.xls:Sheet1:688,2002,53.8117925,55.8369039,2021:data_allsettlements_anon_156_v20251217.parquet:parquet:144504,candidate_pending_independent_review,/workspace/settlements-work/continuation_20261004/accepted_graph25_bounded_cases_20261005/accepted_point_uses.parquet,cc2a7cf67d7c25eec2de7f962c49478dd275646138f1303ae3410bf2a6922d23,target_source_record_id=2021:data_allsettlements_anon_156_v20251217.parquet:parquet:144504,representative_point_continuity_over_proposed_county_name_identity,False,False,False
2002:085_b44ee84c57_saxalin.xls:Sheet1:152,2002,46.746667,141.926111,2021:data_allsettlements_anon_156_v20251217.parquet:parquet:118517,candidate_pending_independent_review,/workspace/settlements-work/continuation_20261004/accepted_graph25_bounded_cases_20261005/accepted_point_uses.parquet,cc2a7cf67d7c25eec2de7f962c49478dd275646138f1303ae3410bf2a6922d23,target_source_record_id=2021:data_allsettlements_anon_156_v20251217.parquet:parquet:118517,representative_point_continuity_over_proposed_county_name_identity,False,False,False
2002:085_b44ee84c57_saxalin.xls:Sheet1:314,2002,48.8406948,141.9295945,2021:data_allsettlements_anon_156_v20251217.parquet:parquet:118630,candidate_pending_independent_review,/workspace/russian-settlements-research/research_rebuild/evidence/current_residual_ownlocality_points_20261005/accepted_point_use_delta.csv.gz,dd882ec334d07408d16ecf1e3a67f2eb03d1b13ff85cca12f8d32df1c0aabab3,target_source_record_id=2021:data_allsettlements_anon_156_v20251217.parquet:parquet:118630,representative_point_continuity_over_proposed_county_name_identity,False,False,False
2002:009_fc0fd8cf1b_02c_Lipetskaja.xls:Sheet1:511,2002,52.935974,39.604556,2021:data_allsettlements_anon_156_v20251217.parquet:parquet:59111,candidate_pending_independent_review,/workspace/settlements-work/continuation_20261004/accepted_graph25_bounded_cases_20261005/accepted_point_uses.parquet,cc2a7cf67d7c25eec2de7f962c49478dd275646138f1303ae3410bf2a6922d23,target_source_record_id=2021:data_allsettlements_anon_156_v20251217.parquet:parquet:59111,representative_point_continuity_over_proposed_county_name_identity,False,False,False
2002:041_4b428edd23_Bashkiria_new.xls:Sheet1:1667,2002,53.7380234,54.1779627,2021:data_allsettlements_anon_156_v20251217.parquet:parquet:145235,candidate_pending_independent_review,/workspace/settlements-work/continuation_20261004/accepted_graph25_bounded_cases_20261005/accepted_point_uses.parquet,cc2a7cf67d7c25eec2de7f962c49478dd275646138f1303ae3410bf2a6922d23,target_source_record_id=2021:data_allsettlements_anon_156_v20251217.parquet:parquet:145235,representative_point_continuity_over_proposed_county_name_identity,False,False,False
2002:041_4b428edd23_Bashkiria_new.xls:Sheet1:1759,2002,55.3684275,55.4983021,2021:data_allsettlements_anon_156_v20251217.parquet:parquet:145319,candidate_pending_independent_review,/workspace/settlements-work/continuation_20261004/accepted_graph25_bounded_cases_20261005/accepted_point_uses.parquet,cc2a7cf67d7c25eec2de7f962c49478dd275646138f1303ae3410bf2a6922d23,target_source_record_id=2021:data_allsettlements_anon_156_v20251217.parquet:parquet:145319,representative_point_continuity_over_proposed_county_name_identity,False,False,False
2002:085_b44ee84c57_saxalin.xls:Sheet1:245,2002,48.391667,142.255555,2021:data_allsettlements_anon_156_v20251217.parquet:parquet:118583,candidate_pending_independent_review,/workspace/settlements-work/continuation_20261004/accepted_graph25_bounded_cases_20261005/accepted_point_uses.parquet,cc2a7cf67d7c25eec2de7f962c49478dd275646138f1303ae3410bf2a6922d23,target_source_record_id=2021:data_allsettlements_anon_156_v20251217.parquet:parquet:118583,representative_point_continuity_over_proposed_county_name_identity,False,False,False
2002:041_4b428edd23_Bashkiria_new.xls:Sheet1:5660,2002,56.201099,56.0653084,2021:data_allsettlements_anon_156_v20251217.parquet:parquet:148450,candidate_pending_independent_review,/workspace/settlements-work/continuation_20261004/accepted_graph25_bounded_cases_20261005/accepted_point_uses.parquet,cc2a7cf67d7c25eec2de7f962c49478dd275646138f1303ae3410bf2a6922d23,target_source_record_id=2021:data_allsettlements_anon_156_v20251217.parquet:parquet:148450,representative_point_continuity_over_proposed_county_name_identity,False,False,False
2002:041_4b428edd23_Bashkiria_new.xls:Sheet1:1510,2002,53.5146077,57.6427276,2021:data_allsettlements_anon_156_v20251217.parquet:parquet:145167,candidate_pending_independent_review,/workspace/settlements-work/continuation_20261004/accepted_graph25_bounded_cases_20261005/accepted_point_uses.parquet,cc2a7cf67d7c25eec2de7f962c49478dd275646138f1303ae3410bf2a6922d23,target_source_record_id=2021:data_allsettlements_anon_156_v20251217.parquet:parquet:145167,representative_point_continuity_over_proposed_county_name_identity,False,False,False
2002:041_4b428edd23_Bashkiria_new.xls:Sheet1:5014,2002,53.4938742,55.0498326,2021:data_allsettlements_anon_156_v20251217.parquet:parquet:147939,candidate_pending_independent_review,/workspace/settlements-work/continuation_20261004/accepted_graph25_bounded_cases_20261005/accepted_point_uses.parquet,cc2a7cf67d7c25eec2de7f962c49478dd275646138f1303ae3410bf2a6922d23,target_source_record_id=2021:data_allsettlements_anon_156_v20251217.parquet:parquet:147939,representative_point_continuity_over_proposed_county_name_identity,False,False,False
2002:050_a0dc3f856b_penzen_obl.xls:Sheet1:851,2002,52.6972591,44.3559576,2021:data_allsettlements_anon_156_v20251217.parquet:parquet:94664,candidate_pending_independent_review,/workspace/settlements-work/continuation_20261004/accepted_graph25_bounded_cases_20261005/accepted_point_uses.parquet,cc2a7cf67d7c25eec2de7f962c49478dd275646138f1303ae3410bf2a6922d23,target_source_record_id=2021:data_allsettlements_anon_156_v20251217.parquet:parquet:94664,representative_point_continuity_over_proposed_county_name_identity,False,False,False
2002:041_4b428edd23_Bashkiria_new.xls:Sheet1:439,2002,54.4490408,56.5223492,2021:data_allsettlements_anon_156_v20251217.parquet:parquet:144309,candidate_pending_independent_review,/workspace/settlements-work/continuation_20261004/accepted_graph25_bounded_cases_20261005/accepted_point_uses.parquet,cc2a7cf67d7c25eec2de7f962c49478dd275646138f1303ae3410bf2a6922d23,target_source_record_id=2021:data_allsettlements_anon_156_v20251217.parquet:parquet:144309,representative_point_continuity_over_proposed_county_name_identity,False,False,False
2002:041_4b428edd23_Bashkiria_new.xls:Sheet1:3361,2002,54.9106798,56.7202562,2021:data_allsettlements_anon_156_v20251217.parquet:parquet:146608,candidate_pending_independent_review,/workspace/settlements-work/continuation_20261004/accepted_graph25_bounded_cases_20261005/accepted_point_uses.parquet,cc2a7cf67d7c25eec2de7f962c49478dd275646138f1303ae3410bf2a6922d23,target_source_record_id=2021:data_allsettlements_anon_156_v20251217.parquet:parquet:146608,representative_point_continuity_over_proposed_county_name_identity,False,False,False
2002:041_4b428edd23_Bashkiria_new.xls:Sheet1:4143,2002,55.510536,58.6184643,2021:data_allsettlements_anon_156_v20251217.parquet:parquet:147249,candidate_pending_independent_review,/workspace/settlements-work/continuation_20261004/accepted_graph25_bounded_cases_20261005/accepted_point_uses.parquet,cc2a7cf67d7c25eec2de7f962c49478dd275646138f1303ae3410bf2a6922d23,target_source_record_id=2021:data_allsettlements_anon_156_v20251217.parquet:parquet:147249,representative_point_continuity_over_proposed_county_name_identity,False,False,False
2002:048_4f024587eb_02c_Nizhegorod_obl_new.xls:11:4410,2002,55.987236,45.553945,2021:data_allsettlements_anon_156_v20251217.parquet:parquet:74812,candidate_pending_independent_review,/workspace/settlements-work/continuation_20261004/accepted_graph25_bounded_cases_20261005/accepted_point_uses.parquet,cc2a7cf67d7c25eec2de7f962c49478dd275646138f1303ae3410bf2a6922d23,target_source_record_id=2021:data_allsettlements_anon_156_v20251217.parquet:parquet:74812,representative_point_continuity_over_proposed_county_name_identity,False,False,False
2002:041_4b428edd23_Bashkiria_new.xls:Sheet1:5827,2002,54.5845492,53.6020054,2021:data_allsettlements_anon_156_v20251217.parquet:parquet:148579,candidate_pending_independent_review,/workspace/settlements-work/continuation_20261004/accepted_graph25_bounded_cases_20261005/accepted_point_uses.parquet,cc2a7cf67d7c25eec2de7f962c49478dd275646138f1303ae3410bf2a6922d23,target_source_record_id=2021:data_allsettlements_anon_156_v20251217.parquet:parquet:148579,representative_point_continuity_over_proposed_county_name_identity,False,False,False
2002:041_4b428edd23_Bashkiria_new.xls:Sheet1:3394,2002,55.5250466,54.1007083,2021:data_allsettlements_anon_156_v20251217.parquet:parquet:146647,candidate_pending_independent_review,/workspace/settlements-work/continuation_20261004/accepted_graph25_bounded_cases_20261005/accepted_point_uses.parquet,cc2a7cf67d7c25eec2de7f962c49478dd275646138f1303ae3410bf2a6922d23,target_source_record_id=2021:data_allsettlements_anon_156_v20251217.parquet:parquet:146647,representative_point_continuity_over_proposed_county_name_identity,False,False,False
2002:041_4b428edd23_Bashkiria_new.xls:Sheet1:1607,2002,53.8288367,54.3012602,2021:data_allsettlements_anon_156_v20251217.parquet:parquet:145270,candidate_pending_independent_review,/workspace/settlements-work/continuation_20261004/accepted_graph25_bounded_cases_20261005/accepted_point_uses.parquet,cc2a7cf67d7c25eec2de7f962c49478dd275646138f1303ae3410bf2a6922d23,target_source_record_id=2021:data_allsettlements_anon_156_v20251217.parquet:parquet:145270,representative_point_continuity_over_proposed_county_name_identity,False,False,False
2002:014_32646337ea_02c_Tambovskaja.xls:Sheet1:368,2002,52.200264,42.63955,2021:data_allsettlements_anon_156_v20251217.parquet:parquet:127892,candidate_pending_independent_review,/workspace/settlements-work/continuation_20261004/accepted_graph25_bounded_cases_20261005/accepted_point_uses.parquet,cc2a7cf67d7c25eec2de7f962c49478dd275646138f1303ae3410bf2a6922d23,target_source_record_id=2021:data_allsettlements_anon_156_v20251217.parquet:parquet:127892,representative_point_continuity_over_proposed_county_name_identity,False,False,False
2002:006_1916564aaa_02c_Kaluzhskaja.xls:Sheet1:808,2002,53.5023887,34.7048008,2021:data_allsettlements_anon_156_v20251217.parquet:parquet:27871,candidate_pending_independent_review,/workspace/settlements-work/continuation_20261004/accepted_graph25_bounded_cases_20261005/accepted_point_uses.parquet,cc2a7cf67d7c25eec2de7f962c49478dd275646138f1303ae3410bf2a6922d23,target_source_record_id=2021:data_allsettlements_anon_156_v20251217.parquet:parquet:27871,representative_point_continuity_over_proposed_county_name_identity,False,False,False
2002:050_a0dc3f856b_penzen_obl.xls:Sheet1:1518,2002,53.6713546,45.4842876,2021:data_allsettlements_anon_156_v20251217.parquet:parquet:95269,candidate_pending_independent_review,/workspace/settlements-work/continuation_20261004/accepted_graph25_bounded_cases_20261005/accepted_point_uses.parquet,cc2a7cf67d7c25eec2de7f962c49478dd275646138f1303ae3410bf2a6922d23,target_source_record_id=2021:data_allsettlements_anon_156_v20251217.parquet:parquet:95269,representative_point_continuity_over_proposed_county_name_identity,False,False,False
2002:023_38d853be37_02c_Kaliningrad.xls:Sheet1:780,2002,54.6058085,22.4020206,2021:data_allsettlements_anon_156_v20251217.parquet:parquet:26188,candidate_pending_independent_review,/workspace/settlements-work/continuation_20261004/accepted_graph25_bounded_cases_20261005/accepted_point_uses.parquet,cc2a7cf67d7c25eec2de7f962c49478dd275646138f1303ae3410bf2a6922d23,target_source_record_id=2021:data_allsettlements_anon_156_v20251217.parquet:parquet:26188,representative_point_continuity_over_proposed_county_name_identity,False,False,False
2002:041_4b428edd23_Bashkiria_new.xls:Sheet1:1299,2002,54.0562447,54.0692467,2021:data_allsettlements_anon_156_v20251217.parquet:parquet:144985,candidate_pending_independent_review,/workspace/settlements-work/continuation_20261004/accepted_graph25_bounded_cases_20261005/accepted_point_uses.parquet,cc2a7cf67d7c25eec2de7f962c49478dd275646138f1303ae3410bf2a6922d23,target_source_record_id=2021:data_allsettlements_anon_156_v20251217.parquet:parquet:144985,representative_point_continuity_over_proposed_county_name_identity,False,False,False
2002:041_4b428edd23_Bashkiria_new.xls:Sheet1:4142,2002,55.5093618,58.5724137,2021:data_allsettlements_anon_156_v20251217.parquet:parquet:147248,candidate_pending_independent_review,/workspace/settlements-work/continuation_20261004/accepted_graph25_bounded_cases_20261005/accepted_point_uses.parquet,cc2a7cf67d7c25eec2de7f962c49478dd275646138f1303ae3410bf2a6922d23,target_source_record_id=2021:data_allsettlements_anon_156_v20251217.parquet:parquet:147248,representative_point_continuity_over_proposed_county_name_identity,False,False,False
2002:041_4b428edd23_Bashkiria_new.xls:Sheet1:4628,2002,55.0721734,55.1669014,2021:data_allsettlements_anon_156_v20251217.parquet:parquet:147610,candidate_pending_independent_review,/workspace/settlements-work/continuation_20261004/accepted_graph25_bounded_cases_20261005/accepted_point_uses.parquet,cc2a7cf67d7c25eec2de7f962c49478dd275646138f1303ae3410bf2a6922d23,target_source_record_id=2021:data_allsettlements_anon_156_v20251217.parquet:parquet:147610,representative_point_continuity_over_proposed_county_name_identity,False,False,False
2002:041_4b428edd23_Bashkiria_new.xls:Sheet1:812,2002,54.004589,55.7924646,2021:data_allsettlements_anon_156_v20251217.parquet:parquet:144561,candidate_pending_independent_review,/workspace/settlements-work/continuation_20261004/accepted_graph25_bounded_cases_20261005/accepted_point_uses.parquet,cc2a7cf67d7c25eec2de7f962c49478dd275646138f1303ae3410bf2a6922d23,target_source_record_id=2021:data_allsettlements_anon_156_v20251217.parquet:parquet:144561,representative_point_continuity_over_proposed_county_name_identity,False,False,False
2002:041_4b428edd23_Bashkiria_new.xls:Sheet1:6203,2002,53.0168071,55.3246853,2021:data_allsettlements_anon_156_v20251217.parquet:parquet:148833,candidate_pending_independent_review,/workspace/settlements-work/continuation_20261004/accepted_graph25_bounded_cases_20261005/accepted_point_uses.parquet,cc2a7cf67d7c25eec2de7f962c49478dd275646138f1303ae3410bf2a6922d23,target_source_record_id=2021:data_allsettlements_anon_156_v20251217.parquet:parquet:148833,representative_point_continuity_over_proposed_county_name_identity,False,False,False
2002:041_4b428edd23_Bashkiria_new.xls:Sheet1:2991,2002,54.1997693,53.7803239,2021:data_allsettlements_anon_156_v20251217.parquet:parquet:146316,candidate_pending_independent_review,/workspace/settlements-work/continuation_20261004/accepted_graph25_bounded_cases_20261005/accepted_point_uses.parquet,cc2a7cf67d7c25eec2de7f962c49478dd275646138f1303ae3410bf2a6922d23,target_source_record_id=2021:data_allsettlements_anon_156_v20251217.parquet:parquet:146316,representative_point_continuity_over_proposed_county_name_identity,False,False,False
2002:041_4b428edd23_Bashkiria_new.xls:Sheet1:2050,2002,55.2379352,56.3851056,2021:data_allsettlements_anon_156_v20251217.parquet:parquet:145598,candidate_pending_independent_review,/workspace/settlements-work/continuation_20261004/accepted_graph25_bounded_cases_20261005/accepted_point_uses.parquet,cc2a7cf67d7c25eec2de7f962c49478dd275646138f1303ae3410bf2a6922d23,target_source_record_id=2021:data_allsettlements_anon_156_v20251217.parquet:parquet:145598,representative_point_continuity_over_proposed_county_name_identity,False,False,False
2002:041_4b428edd23_Bashkiria_new.xls:Sheet1:784,2002,53.8789175,55.6343389,2021:data_allsettlements_anon_156_v20251217.parquet:parquet:144533,candidate_pending_independent_review,/workspace/settlements-work/continuation_20261004/accepted_graph25_bounded_cases_20261005/accepted_point_uses.parquet,cc2a7cf67d7c25eec2de7f962c49478dd275646138f1303ae3410bf2a6922d23,target_source_record_id=2021:data_allsettlements_anon_156_v20251217.parquet:parquet:144533,representative_point_continuity_over_proposed_county_name_identity,False,False,False
2002:041_4b428edd23_Bashkiria_new.xls:Sheet1:2547,2002,53.8004255,56.2948055,2021:data_allsettlements_anon_156_v20251217.parquet:parquet:145990,candidate_pending_independent_review,/workspace/settlements-work/continuation_20261004/accepted_graph25_bounded_cases_20261005/accepted_point_uses.parquet,cc2a7cf67d7c25eec2de7f962c49478dd275646138f1303ae3410bf2a6922d23,target_source_record_id=2021:data_allsettlements_anon_156_v20251217.parquet:parquet:145990,representative_point_continuity_over_proposed_county_name_identity,False,False,False
2002:048_4f024587eb_02c_Nizhegorod_obl_new.xls:11:3976,2002,56.8002338,44.6410527,2021:data_allsettlements_anon_156_v20251217.parquet:parquet:75869,candidate_pending_independent_review,/workspace/settlements-work/continuation_20261004/accepted_graph25_bounded_cases_20261005/accepted_point_uses.parquet,cc2a7cf67d7c25eec2de7f962c49478dd275646138f1303ae3410bf2a6922d23,target_source_record_id=2021:data_allsettlements_anon_156_v20251217.parquet:parquet:75869,representative_point_continuity_over_proposed_county_name_identity,False,False,False
2002:041_4b428edd23_Bashkiria_new.xls:Sheet1:2039,2002,55.4404032,56.4262248,2021:data_allsettlements_anon_156_v20251217.parquet:parquet:145588,candidate_pending_independent_review,/workspace/settlements-work/continuation_20261004/accepted_graph25_bounded_cases_20261005/accepted_point_uses.parquet,cc2a7cf67d7c25eec2de7f962c49478dd275646138f1303ae3410bf2a6922d23,target_source_record_id=2021:data_allsettlements_anon_156_v20251217.parquet:parquet:145588,representative_point_continuity_over_proposed_county_name_identity,False,False,False
2002:010_3e630cc803_02c_Moskovskaya-oblast.xls:Sheet1:2591,2002,55.544886,37.589679,2021:data_allsettlements_anon_156_v20251217.parquet:parquet:65222,candidate_pending_independent_review,/workspace/settlements-work/continuation_20261004/accepted_graph25_bounded_cases_20261005/accepted_point_uses.parquet,cc2a7cf67d7c25eec2de7f962c49478dd275646138f1303ae3410bf2a6922d23,target_source_record_id=2021:data_allsettlements_anon_156_v20251217.parquet:parquet:65222,representative_point_continuity_over_proposed_county_name_identity,False,False,False
2002:041_4b428edd23_Bashkiria_new.xls:Sheet1:257,2002,53.8411256,54.539034,2021:data_allsettlements_anon_156_v20251217.parquet:parquet:144172,candidate_pending_independent_review,/workspace/settlements-work/continuation_20261004/accepted_graph25_bounded_cases_20261005/accepted_point_uses.parquet,cc2a7cf67d7c25eec2de7f962c49478dd275646138f1303ae3410bf2a6922d23,target_source_record_id=2021:data_allsettlements_anon_156_v20251217.parquet:parquet:144172,representative_point_continuity_over_proposed_county_name_identity,False,False,False
2002:006_1916564aaa_02c_Kaluzhskaja.xls:Sheet1:1512,2002,53.9500105,33.9142564,2021:data_allsettlements_anon_156_v20251217.parquet:parquet:28556,candidate_pending_independent_review,/workspace/settlements-work/continuation_20261004/accepted_graph25_bounded_cases_20261005/accepted_point_uses.parquet,cc2a7cf67d7c25eec2de7f962c49478dd275646138f1303ae3410bf2a6922d23,target_source_record_id=2021:data_allsettlements_anon_156_v20251217.parquet:parquet:28556,representative_point_continuity_over_proposed_county_name_identity,False,False,False
2002:055_430166490c_Uljanovskaja_new.xls:Sheet1:945,2002,52.8746304,47.7977449,2021:data_allsettlements_anon_156_v20251217.parquet:parquet:158322,candidate_pending_independent_review,/workspace/settlements-work/continuation_20261004/accepted_graph25_bounded_cases_20261005/accepted_point_uses.parquet,cc2a7cf67d7c25eec2de7f962c49478dd275646138f1303ae3410bf2a6922d23,target_source_record_id=2021:data_allsettlements_anon_156_v20251217.parquet:parquet:158322,representative_point_continuity_over_proposed_county_name_identity,False,False,False
2002:054_0d77ecf40f_Saratovskaja1.xls:Sheet1:2298,2002,51.50194,45.81222,2021:data_allsettlements_anon_156_v20251217.parquet:parquet:118025,candidate_pending_independent_review,/workspace/settlements-work/continuation_20261004/accepted_graph25_bounded_cases_20261005/accepted_point_uses.parquet,cc2a7cf67d7c25eec2de7f962c49478dd275646138f1303ae3410bf2a6922d23,target_source_record_id=2021:data_allsettlements_anon_156_v20251217.parquet:parquet:118025,representative_point_continuity_over_proposed_county_name_identity,False,False,False
2002:041_4b428edd23_Bashkiria_new.xls:Sheet1:5965,2002,54.5709214,55.9626013,2021:data_allsettlements_anon_156_v20251217.parquet:parquet:148681,candidate_pending_independent_review,/workspace/settlements-work/continuation_20261004/accepted_graph25_bounded_cases_20261005/accepted_point_uses.parquet,cc2a7cf67d7c25eec2de7f962c49478dd275646138f1303ae3410bf2a6922d23,target_source_record_id=2021:data_allsettlements_anon_156_v20251217.parquet:parquet:148681,representative_point_continuity_over_proposed_county_name_identity,False,False,False
2002:041_4b428edd23_Bashkiria_new.xls:Sheet1:4553,2002,55.0496313,55.0482487,2021:data_allsettlements_anon_156_v20251217.parquet:parquet:147578,candidate_pending_independent_review,/workspace/settlements-work/continuation_20261004/accepted_graph25_bounded_cases_20261005/accepted_point_uses.parquet,cc2a7cf67d7c25eec2de7f962c49478dd275646138f1303ae3410bf2a6922d23,target_source_record_id=2021:data_allsettlements_anon_156_v20251217.parquet:parquet:147578,representative_point_continuity_over_proposed_county_name_identity,False,False,False
2002:041_4b428edd23_Bashkiria_new.xls:Sheet1:5082,2002,53.691079,54.4947416,2021:data_allsettlements_anon_156_v20251217.parquet:parquet:147989,candidate_pending_independent_review,/workspace/settlements-work/continuation_20261004/accepted_graph25_bounded_cases_20261005/accepted_point_uses.parquet,cc2a7cf67d7c25eec2de7f962c49478dd275646138f1303ae3410bf2a6922d23,target_source_record_id=2021:data_allsettlements_anon_156_v20251217.parquet:parquet:147989,representative_point_continuity_over_proposed_county_name_identity,False,False,False
2002:041_4b428edd23_Bashkiria_new.xls:Sheet1:4515,2002,52.8015921,55.6005654,2021:data_allsettlements_anon_156_v20251217.parquet:parquet:147543,candidate_pending_independent_review,/workspace/settlements-work/continuation_20261004/accepted_graph25_bounded_cases_20261005/accepted_point_uses.parquet,cc2a7cf67d7c25eec2de7f962c49478dd275646138f1303ae3410bf2a6922d23,target_source_record_id=2021:data_allsettlements_anon_156_v20251217.parquet:parquet:147543,representative_point_continuity_over_proposed_county_name_identity,False,False,False
2002:011_f46bbaadfd_02c_Orlovskaja.xls:Sheet1:1734,2002,52.3586622,36.5576195,2021:data_allsettlements_anon_156_v20251217.parquet:parquet:92343,candidate_pending_independent_review,/workspace/settlements-work/continuation_20261004/accepted_graph25_bounded_cases_20261005/accepted_point_uses.parquet,cc2a7cf67d7c25eec2de7f962c49478dd275646138f1303ae3410bf2a6922d23,target_source_record_id=2021:data_allsettlements_anon_156_v20251217.parquet:parquet:92343,representative_point_continuity_over_proposed_county_name_identity,False,False,False
2002:003_308406b0ed_02c_Vladimirskaja.xls:Sheet1:1651,2002,55.751161,41.779954,2021:data_allsettlements_anon_156_v20251217.parquet:parquet:2814,candidate_pending_independent_review,/workspace/settlements-work/continuation_20261004/accepted_graph25_bounded_cases_20261005/accepted_point_uses.parquet,cc2a7cf67d7c25eec2de7f962c49478dd275646138f1303ae3410bf2a6922d23,target_source_record_id=2021:data_allsettlements_anon_156_v20251217.parquet:parquet:2814,representative_point_continuity_over_proposed_county_name_identity,False,False,False
2002:050_a0dc3f856b_penzen_obl.xls:Sheet1:632,2002,53.8158859,44.9267134,2021:data_allsettlements_anon_156_v20251217.parquet:parquet:94519,candidate_pending_independent_review,/workspace/settlements-work/continuation_20261004/accepted_graph25_bounded_cases_20261005/accepted_point_uses.parquet,cc2a7cf67d7c25eec2de7f962c49478dd275646138f1303ae3410bf2a6922d23,target_source_record_id=2021:data_allsettlements_anon_156_v20251217.parquet:parquet:94519,representative_point_continuity_over_proposed_county_name_identity,False,False,False
2002:006_1916564aaa_02c_Kaluzhskaja.xls:Sheet1:1590,2002,54.0406427,33.7764944,2021:data_allsettlements_anon_156_v20251217.parquet:parquet:28622,candidate_pending_independent_review,/workspace/settlements-work/continuation_20261004/accepted_graph25_bounded_cases_20261005/accepted_point_uses.parquet,cc2a7cf67d7c25eec2de7f962c49478dd275646138f1303ae3410bf2a6922d23,target_source_record_id=2021:data_allsettlements_anon_156_v20251217.parquet:parquet:28622,representative_point_continuity_over_proposed_county_name_identity,False,False,False
2002:041_4b428edd23_Bashkiria_new.xls:Sheet1:729,2002,53.7973256,55.5771764,2021:data_allsettlements_anon_156_v20251217.parquet:parquet:144535,candidate_pending_independent_review,/workspace/settlements-work/continuation_20261004/accepted_graph25_bounded_cases_20261005/accepted_point_uses.parquet,cc2a7cf67d7c25eec2de7f962c49478dd275646138f1303ae3410bf2a6922d23,target_source_record_id=2021:data_allsettlements_anon_156_v20251217.parquet:parquet:144535,representative_point_continuity_over_proposed_county_name_identity,False,False,False
2002:011_f46bbaadfd_02c_Orlovskaja.xls:Sheet1:940,2002,53.2538153,35.6756814,2021:data_allsettlements_anon_156_v20251217.parquet:parquet:91608,candidate_pending_independent_review,/workspace/settlements-work/continuation_20261004/accepted_graph25_bounded_cases_20261005/accepted_point_uses.parquet,cc2a7cf67d7c25eec2de7f962c49478dd275646138f1303ae3410bf2a6922d23,target_source_record_id=2021:data_allsettlements_anon_156_v20251217.parquet:parquet:91608,representative_point_continuity_over_proposed_county_name_identity,False,False,False
2002:041_4b428edd23_Bashkiria_new.xls:Sheet1:3217,2002,54.8432591,56.3756519,2021:data_allsettlements_anon_156_v20251217.parquet:parquet:146535,candidate_pending_independent_review,/workspace/settlements-work/continuation_20261004/accepted_graph25_bounded_cases_20261005/accepted_point_uses.parquet,cc2a7cf67d7c25eec2de7f962c49478dd275646138f1303ae3410bf2a6922d23,target_source_record_id=2021:data_allsettlements_anon_156_v20251217.parquet:parquet:146535,representative_point_continuity_over_proposed_county_name_identity,False,False,False
2002:011_f46bbaadfd_02c_Orlovskaja.xls:Sheet1:3055,2002,52.4471353,35.6480979,2021:data_allsettlements_anon_156_v20251217.parquet:parquet:93617,candidate_pending_independent_review,/workspace/settlements-work/continuation_20261004/accepted_graph25_bounded_cases_20261005/accepted_point_uses.parquet,cc2a7cf67d7c25eec2de7f962c49478dd275646138f1303ae3410bf2a6922d23,target_source_record_id=2021:data_allsettlements_anon_156_v20251217.parquet:parquet:93617,representative_point_continuity_over_proposed_county_name_identity,False,False,False
2002:017_6374fdddeb_02c_Yaroslavskaja.xls:Sheet1:3055,2002,58.5771219,39.5475417,2021:data_allsettlements_anon_156_v20251217.parquet:parquet:169926,candidate_pending_independent_review,/workspace/settlements-work/continuation_20261004/accepted_graph25_bounded_cases_20261005/accepted_point_uses.parquet,cc2a7cf67d7c25eec2de7f962c49478dd275646138f1303ae3410bf2a6922d23,target_source_record_id=2021:data_allsettlements_anon_156_v20251217.parquet:parquet:169926,representative_point_continuity_over_proposed_county_name_identity,False,False,False
2002:014_32646337ea_02c_Tambovskaja.xls:Sheet1:1174,2002,52.613,40.3868,2021:data_allsettlements_anon_156_v20251217.parquet:parquet:128596,candidate_pending_independent_review,/workspace/settlements-work/continuation_20261004/accepted_graph25_bounded_cases_20261005/accepted_point_uses.parquet,cc2a7cf67d7c25eec2de7f962c49478dd275646138f1303ae3410bf2a6922d23,target_source_record_id=2021:data_allsettlements_anon_156_v20251217.parquet:parquet:128596,representative_point_continuity_over_proposed_county_name_identity,False,False,False
2002:050_a0dc3f856b_penzen_obl.xls:Sheet1:1923,2002,52.8294961,43.3933897,2021:data_allsettlements_anon_156_v20251217.parquet:parquet:95596,candidate_pending_independent_review,/workspace/settlements-work/continuation_20261004/accepted_graph25_bounded_cases_20261005/accepted_point_uses.parquet,cc2a7cf67d7c25eec2de7f962c49478dd275646138f1303ae3410bf2a6922d23,target_source_record_id=2021:data_allsettlements_anon_156_v20251217.parquet:parquet:95596,representative_point_continuity_over_proposed_county_name_identity,False,False,False
2002:041_4b428edd23_Bashkiria_new.xls:Sheet1:1629,2002,53.9294865,54.3274911,2021:data_allsettlements_anon_156_v20251217.parquet:parquet:145289,candidate_pending_independent_review,/workspace/settlements-work/continuation_20261004/accepted_graph25_bounded_cases_20261005/accepted_point_uses.parquet,cc2a7cf67d7c25eec2de7f962c49478dd275646138f1303ae3410bf2a6922d23,target_source_record_id=2021:data_allsettlements_anon_156_v20251217.parquet:parquet:145289,representative_point_continuity_over_proposed_county_name_identity,False,False,False
2002:041_4b428edd23_Bashkiria_new.xls:Sheet1:721,2002,54.1053681,55.9118856,2021:data_allsettlements_anon_156_v20251217.parquet:parquet:144524,candidate_pending_independent_review,/workspace/settlements-work/continuation_20261004/accepted_graph25_bounded_cases_20261005/accepted_point_uses.parquet,cc2a7cf67d7c25eec2de7f962c49478dd275646138f1303ae3410bf2a6922d23,target_source_record_id=2021:data_allsettlements_anon_156_v20251217.parquet:parquet:144524,representative_point_continuity_over_proposed_county_name_identity,False,False,False
2002:041_4b428edd23_Bashkiria_new.xls:Sheet1:1549,2002,53.6625335,57.909642,2021:data_allsettlements_anon_156_v20251217.parquet:parquet:145208,candidate_pending_independent_review,/workspace/settlements-work/continuation_20261004/accepted_graph25_bounded_cases_20261005/accepted_point_uses.parquet,cc2a7cf67d7c25eec2de7f962c49478dd275646138f1303ae3410bf2a6922d23,target_source_record_id=2021:data_allsettlements_anon_156_v20251217.parquet:parquet:145208,representative_point_continuity_over_proposed_county_name_identity,False,False,False
2002:066_76aa869929_Altai_krai1.xls:Sheet1:1920,2002,53.4115103,82.741716,2021:data_allsettlements_anon_156_v20251217.parquet:parquet:40493,candidate_pending_independent_review,/workspace/settlements-work/continuation_20261004/accepted_graph25_bounded_cases_20261005/accepted_point_uses.parquet,cc2a7cf67d7c25eec2de7f962c49478dd275646138f1303ae3410bf2a6922d23,target_source_record_id=2021:data_allsettlements_anon_156_v20251217.parquet:parquet:40493,representative_point_continuity_over_proposed_county_name_identity,False,False,False
2002:041_4b428edd23_Bashkiria_new.xls:Sheet1:3474,2002,55.6307884,54.6340689,2021:data_allsettlements_anon_156_v20251217.parquet:parquet:146715,candidate_pending_independent_review,/workspace/settlements-work/continuation_20261004/accepted_graph25_bounded_cases_20261005/accepted_point_uses.parquet,cc2a7cf67d7c25eec2de7f962c49478dd275646138f1303ae3410bf2a6922d23,target_source_record_id=2021:data_allsettlements_anon_156_v20251217.parquet:parquet:146715,representative_point_continuity_over_proposed_county_name_identity,False,False,False
2002:041_4b428edd23_Bashkiria_new.xls:Sheet1:657,2002,54.2086606,56.0135339,2021:data_allsettlements_anon_156_v20251217.parquet:parquet:144476,candidate_pending_independent_review,/workspace/settlements-work/continuation_20261004/accepted_graph25_bounded_cases_20261005/accepted_point_uses.parquet,cc2a7cf67d7c25eec2de7f962c49478dd275646138f1303ae3410bf2a6922d23,target_source_record_id=2021:data_allsettlements_anon_156_v20251217.parquet:parquet:144476,representative_point_continuity_over_proposed_county_name_identity,False,False,False
2002:041_4b428edd23_Bashkiria_new.xls:Sheet1:5067,2002,53.7290099,54.7567962,2021:data_allsettlements_anon_156_v20251217.parquet:parquet:147979,candidate_pending_independent_review,/workspace/settlements-work/continuation_20261004/accepted_graph25_bounded_cases_20261005/accepted_point_uses.parquet,cc2a7cf67d7c25eec2de7f962c49478dd275646138f1303ae3410bf2a6922d23,target_source_record_id=2021:data_allsettlements_anon_156_v20251217.parquet:parquet:147979,representative_point_continuity_over_proposed_county_name_identity,False,False,False
2002:041_4b428edd23_Bashkiria_new.xls:Sheet1:3364,2002,54.9143457,56.6030721,2021:data_allsettlements_anon_156_v20251217.parquet:parquet:146610,candidate_pending_independent_review,/workspace/settlements-work/continuation_20261004/accepted_graph25_bounded_cases_20261005/accepted_point_uses.parquet,cc2a7cf67d7c25eec2de7f962c49478dd275646138f1303ae3410bf2a6922d23,target_source_record_id=2021:data_allsettlements_anon_156_v20251217.parquet:parquet:146610,representative_point_continuity_over_proposed_county_name_identity,False,False,False
2002:017_6374fdddeb_02c_Yaroslavskaja.xls:Sheet1:869,2002,57.4512014,39.3906325,2021:data_allsettlements_anon_156_v20251217.parquet:parquet:168049,candidate_pending_independent_review,/workspace/settlements-work/continuation_20261004/accepted_graph25_bounded_cases_20261005/accepted_point_uses.parquet,cc2a7cf67d7c25eec2de7f962c49478dd275646138f1303ae3410bf2a6922d23,target_source_record_id=2021:data_allsettlements_anon_156_v20251217.parquet:parquet:168049,representative_point_continuity_over_proposed_county_name_identity,False,False,False
2002:011_f46bbaadfd_02c_Orlovskaja.xls:Sheet1:2946,2002,52.7516424,35.3166674,2021:data_allsettlements_anon_156_v20251217.parquet:parquet:93513,candidate_pending_independent_review,/workspace/settlements-work/continuation_20261004/accepted_graph25_bounded_cases_20261005/accepted_point_uses.parquet,cc2a7cf67d7c25eec2de7f962c49478dd275646138f1303ae3410bf2a6922d23,target_source_record_id=2021:data_allsettlements_anon_156_v20251217.parquet:parquet:93513,representative_point_continuity_over_proposed_county_name_identity,False,False,False
2002:014_32646337ea_02c_Tambovskaja.xls:Sheet1:477,2002,52.80833,42.25028,2021:data_allsettlements_anon_156_v20251217.parquet:parquet:127995,candidate_pending_independent_review,/workspace/settlements-work/continuation_20261004/accepted_graph25_bounded_cases_20261005/accepted_point_uses.parquet,cc2a7cf67d7c25eec2de7f962c49478dd275646138f1303ae3410bf2a6922d23,target_source_record_id=2021:data_allsettlements_anon_156_v20251217.parquet:parquet:127995,representative_point_continuity_over_proposed_county_name_identity,False,False,False
2002:011_f46bbaadfd_02c_Orlovskaja.xls:Sheet1:913,2002,53.2380048,35.5385653,2021:data_allsettlements_anon_156_v20251217.parquet:parquet:91583,candidate_pending_independent_review,/workspace/settlements-work/continuation_20261004/accepted_graph25_bounded_cases_20261005/accepted_point_uses.parquet,cc2a7cf67d7c25eec2de7f962c49478dd275646138f1303ae3410bf2a6922d23,target_source_record_id=2021:data_allsettlements_anon_156_v20251217.parquet:parquet:91583,representative_point_continuity_over_proposed_county_name_identity,False,False,False
2002:011_f46bbaadfd_02c_Orlovskaja.xls:Sheet1:2128,2002,52.9742352,37.5202877,2021:data_allsettlements_anon_156_v20251217.parquet:parquet:92735,candidate_pending_independent_review,/workspace/settlements-work/continuation_20261004/accepted_graph25_bounded_cases_20261005/accepted_point_uses.parquet,cc2a7cf67d7c25eec2de7f962c49478dd275646138f1303ae3410bf2a6922d23,target_source_record_id=2021:data_allsettlements_anon_156_v20251217.parquet:parquet:92735,representative_point_continuity_over_proposed_county_name_identity,False,False,False
2002:041_4b428edd23_Bashkiria_new.xls:Sheet1:1616,2002,53.5650728,54.0015808,2021:data_allsettlements_anon_156_v20251217.parquet:parquet:145279,candidate_pending_independent_review,/workspace/settlements-work/continuation_20261004/accepted_graph25_bounded_cases_20261005/accepted_point_uses.parquet,cc2a7cf67d7c25eec2de7f962c49478dd275646138f1303ae3410bf2a6922d23,target_source_record_id=2021:data_allsettlements_anon_156_v20251217.parquet:parquet:145279,representative_point_continuity_over_proposed_county_name_identity,False,False,False
2002:050_a0dc3f856b_penzen_obl.xls:Sheet1:1600,2002,53.3131688,43.4989485,2021:data_allsettlements_anon_156_v20251217.parquet:parquet:95293,candidate_pending_independent_review,/workspace/settlements-work/continuation_20261004/accepted_graph25_bounded_cases_20261005/accepted_point_uses.parquet,cc2a7cf67d7c25eec2de7f962c49478dd275646138f1303ae3410bf2a6922d23,target_source_record_id=2021:data_allsettlements_anon_156_v20251217.parquet:parquet:95293,representative_point_continuity_over_proposed_county_name_identity,False,False,False
2002:050_a0dc3f856b_penzen_obl.xls:Sheet1:836,2002,52.8688429,44.5371722,2021:data_allsettlements_anon_156_v20251217.parquet:parquet:94693,candidate_pending_independent_review,/workspace/settlements-work/continuation_20261004/accepted_graph25_bounded_cases_20261005/accepted_point_uses.parquet,cc2a7cf67d7c25eec2de7f962c49478dd275646138f1303ae3410bf2a6922d23,target_source_record_id=2021:data_allsettlements_anon_156_v20251217.parquet:parquet:94693,representative_point_continuity_over_proposed_county_name_identity,False,False,False
2002:041_4b428edd23_Bashkiria_new.xls:Sheet1:3000,2002,53.786287,53.6383882,2021:data_allsettlements_anon_156_v20251217.parquet:parquet:146326,candidate_pending_independent_review,/workspace/settlements-work/continuation_20261004/accepted_graph25_bounded_cases_20261005/accepted_point_uses.parquet,cc2a7cf67d7c25eec2de7f962c49478dd275646138f1303ae3410bf2a6922d23,target_source_record_id=2021:data_allsettlements_anon_156_v20251217.parquet:parquet:146326,representative_point_continuity_over_proposed_county_name_identity,False,False,False
2002:041_4b428edd23_Bashkiria_new.xls:Sheet1:540,2002,56.1496148,56.1567136,2021:data_allsettlements_anon_156_v20251217.parquet:parquet:144377,candidate_pending_independent_review,/workspace/settlements-work/continuation_20261004/accepted_graph25_bounded_cases_20261005/accepted_point_uses.parquet,cc2a7cf67d7c25eec2de7f962c49478dd275646138f1303ae3410bf2a6922d23,target_source_record_id=2021:data_allsettlements_anon_156_v20251217.parquet:parquet:144377,representative_point_continuity_over_proposed_county_name_identity,False,False,False
2002:006_1916564aaa_02c_Kaluzhskaja.xls:Sheet1:3491,2002,53.5272645,34.9406089,2021:data_allsettlements_anon_156_v20251217.parquet:parquet:30449,candidate_pending_independent_review,/workspace/settlements-work/continuation_20261004/accepted_graph25_bounded_cases_20261005/accepted_point_uses.parquet,cc2a7cf67d7c25eec2de7f962c49478dd275646138f1303ae3410bf2a6922d23,target_source_record_id=2021:data_allsettlements_anon_156_v20251217.parquet:parquet:30449,representative_point_continuity_over_proposed_county_name_identity,False,False,False
2002:050_a0dc3f856b_penzen_obl.xls:Sheet1:1950,2002,52.7610941,43.2509233,2021:data_allsettlements_anon_156_v20251217.parquet:parquet:95634,candidate_pending_independent_review,/workspace/settlements-work/continuation_20261004/accepted_graph25_bounded_cases_20261005/accepted_point_uses.parquet,cc2a7cf67d7c25eec2de7f962c49478dd275646138f1303ae3410bf2a6922d23,target_source_record_id=2021:data_allsettlements_anon_156_v20251217.parquet:parquet:95634,representative_point_continuity_over_proposed_county_name_identity,False,False,False
2002:085_b44ee84c57_saxalin.xls:Sheet1:147,2002,46.604444,141.821944,2021:data_allsettlements_anon_156_v20251217.parquet:parquet:118513,candidate_pending_independent_review,/workspace/settlements-work/continuation_20261004/accepted_graph25_bounded_cases_20261005/accepted_point_uses.parquet,cc2a7cf67d7c25eec2de7f962c49478dd275646138f1303ae3410bf2a6922d23,target_source_record_id=2021:data_allsettlements_anon_156_v20251217.parquet:parquet:118513,representative_point_continuity_over_proposed_county_name_identity,False,False,False
2002:041_4b428edd23_Bashkiria_new.xls:Sheet1:3351,2002,54.8643766,56.8214199,2021:data_allsettlements_anon_156_v20251217.parquet:parquet:146599,candidate_pending_independent_review,/workspace/settlements-work/continuation_20261004/accepted_graph25_bounded_cases_20261005/accepted_point_uses.parquet,cc2a7cf67d7c25eec2de7f962c49478dd275646138f1303ae3410bf2a6922d23,target_source_record_id=2021:data_allsettlements_anon_156_v20251217.parquet:parquet:146599,representative_point_continuity_over_proposed_county_name_identity,False,False,False
2002:006_1916564aaa_02c_Kaluzhskaja.xls:Sheet1:3436,2002,53.4217023,34.7743263,2021:data_allsettlements_anon_156_v20251217.parquet:parquet:30396,candidate_pending_independent_review,/workspace/settlements-work/continuation_20261004/accepted_graph25_bounded_cases_20261005/accepted_point_uses.parquet,cc2a7cf67d7c25eec2de7f962c49478dd275646138f1303ae3410bf2a6922d23,target_source_record_id=2021:data_allsettlements_anon_156_v20251217.parquet:parquet:30396,representative_point_continuity_over_proposed_county_name_identity,False,False,False
2002:005_14871cc62a_02c_Ivanovskaja.xls:Sheet1:2560,2002,56.5705449,41.6085678,2021:data_allsettlements_anon_156_v20251217.parquet:parquet:22384,candidate_pending_independent_review,/workspace/settlements-work/continuation_20261004/accepted_graph25_bounded_cases_20261005/accepted_point_uses.parquet,cc2a7cf67d7c25eec2de7f962c49478dd275646138f1303ae3410bf2a6922d23,target_source_record_id=2021:data_allsettlements_anon_156_v20251217.parquet:parquet:22384,representative_point_continuity_over_proposed_county_name_identity,False,False,False
2002:011_f46bbaadfd_02c_Orlovskaja.xls:Sheet1:2930,2002,52.7005875,35.3018231,2021:data_allsettlements_anon_156_v20251217.parquet:parquet:93496,candidate_pending_independent_review,/workspace/settlements-work/continuation_20261004/accepted_graph25_bounded_cases_20261005/accepted_point_uses.parquet,cc2a7cf67d7c25eec2de7f962c49478dd275646138f1303ae3410bf2a6922d23,target_source_record_id=2021:data_allsettlements_anon_156_v20251217.parquet:parquet:93496,representative_point_continuity_over_proposed_county_name_identity,False,False,False
2002:011_f46bbaadfd_02c_Orlovskaja.xls:Sheet1:437,2002,52.5038308,36.175708,2021:data_allsettlements_anon_156_v20251217.parquet:parquet:91157,candidate_pending_independent_review,/workspace/settlements-work/continuation_20261004/accepted_graph25_bounded_cases_20261005/accepted_point_uses.parquet,cc2a7cf67d7c25eec2de7f962c49478dd275646138f1303ae3410bf2a6922d23,target_source_record_id=2021:data_allsettlements_anon_156_v20251217.parquet:parquet:91157,representative_point_continuity_over_proposed_county_name_identity,False,False,False
2002:041_4b428edd23_Bashkiria_new.xls:Sheet1:630,2002,54.0236712,56.0955957,2021:data_allsettlements_anon_156_v20251217.parquet:parquet:144454,candidate_pending_independent_review,/workspace/settlements-work/continuation_20261004/accepted_graph25_bounded_cases_20261005/accepted_point_uses.parquet,cc2a7cf67d7c25eec2de7f962c49478dd275646138f1303ae3410bf2a6922d23,target_source_record_id=2021:data_allsettlements_anon_156_v20251217.parquet:parquet:144454,representative_point_continuity_over_proposed_county_name_identity,False,False,False
2002:085_b44ee84c57_saxalin.xls:Sheet1:223,2002,49.561111,142.881389,2021:data_allsettlements_anon_156_v20251217.parquet:parquet:118569,candidate_pending_independent_review,/workspace/settlements-work/continuation_20261004/accepted_graph25_bounded_cases_20261005/accepted_point_uses.parquet,cc2a7cf67d7c25eec2de7f962c49478dd275646138f1303ae3410bf2a6922d23,target_source_record_id=2021:data_allsettlements_anon_156_v20251217.parquet:parquet:118569,representative_point_continuity_over_proposed_county_name_identity,False,False,False
2002:006_1916564aaa_02c_Kaluzhskaja.xls:Sheet1:2532,2002,54.4390335,36.0401475,2021:data_allsettlements_anon_156_v20251217.parquet:parquet:29519,candidate_pending_independent_review,/workspace/settlements-work/continuation_20261004/accepted_graph25_bounded_cases_20261005/accepted_point_uses.parquet,cc2a7cf67d7c25eec2de7f962c49478dd275646138f1303ae3410bf2a6922d23,target_source_record_id=2021:data_allsettlements_anon_156_v20251217.parquet:parquet:29519,representative_point_continuity_over_proposed_county_name_identity,False,False,False
2002:041_4b428edd23_Bashkiria_new.xls:Sheet1:345,2002,53.8081668,54.6464327,2021:data_allsettlements_anon_156_v20251217.parquet:parquet:144234,candidate_pending_independent_review,/workspace/settlements-work/continuation_20261004/accepted_graph25_bounded_cases_20261005/accepted_point_uses.parquet,cc2a7cf67d7c25eec2de7f962c49478dd275646138f1303ae3410bf2a6922d23,target_source_record_id=2021:data_allsettlements_anon_156_v20251217.parquet:parquet:144234,representative_point_continuity_over_proposed_county_name_identity,False,False,False
2002:041_4b428edd23_Bashkiria_new.xls:Sheet1:3497,2002,55.2851175,54.4861136,2021:data_allsettlements_anon_156_v20251217.parquet:parquet:146733,candidate_pending_independent_review,/workspace/settlements-work/continuation_20261004/accepted_graph25_bounded_cases_20261005/accepted_point_uses.parquet,cc2a7cf67d7c25eec2de7f962c49478dd275646138f1303ae3410bf2a6922d23,target_source_record_id=2021:data_allsettlements_anon_156_v20251217.parquet:parquet:146733,representative_point_continuity_over_proposed_county_name_identity,False,False,False
2002:006_1916564aaa_02c_Kaluzhskaja.xls:Sheet1:3438,2002,53.3739402,34.8701399,2021:data_allsettlements_anon_156_v20251217.parquet:parquet:30398,candidate_pending_independent_review,/workspace/settlements-work/continuation_20261004/accepted_graph25_bounded_cases_20261005/accepted_point_uses.parquet,cc2a7cf67d7c25eec2de7f962c49478dd275646138f1303ae3410bf2a6922d23,target_source_record_id=2021:data_allsettlements_anon_156_v20251217.parquet:parquet:30398,representative_point_continuity_over_proposed_county_name_identity,False,False,False
2002:009_fc0fd8cf1b_02c_Lipetskaja.xls:Sheet1:1301,2002,53.2374974,39.5496728,2021:data_allsettlements_anon_156_v20251217.parquet:parquet:59885,candidate_pending_independent_review,/workspace/settlements-work/continuation_20261004/accepted_graph25_bounded_cases_20261005/accepted_point_uses.parquet,cc2a7cf67d7c25eec2de7f962c49478dd275646138f1303ae3410bf2a6922d23,target_source_record_id=2021:data_allsettlements_anon_156_v20251217.parquet:parquet:59885,representative_point_continuity_over_proposed_county_name_identity,False,False,False
2002:004_f58b08b4f6_02c_Voronezhskaja.xls:Sheet1:1939,2002,52.0400906,38.8906674,2021:data_allsettlements_anon_156_v20251217.parquet:parquet:15512,candidate_pending_independent_review,/workspace/settlements-work/continuation_20261004/accepted_graph25_bounded_cases_20261005/accepted_point_uses.parquet,cc2a7cf67d7c25eec2de7f962c49478dd275646138f1303ae3410bf2a6922d23,target_source_record_id=2021:data_allsettlements_anon_156_v20251217.parquet:parquet:15512,representative_point_continuity_over_proposed_county_name_identity,False,False,False
2002:041_4b428edd23_Bashkiria_new.xls:Sheet1:3004,2002,54.285181,53.5387949,2021:data_allsettlements_anon_156_v20251217.parquet:parquet:146330,candidate_pending_independent_review,/workspace/settlements-work/continuation_20261004/accepted_graph25_bounded_cases_20261005/accepted_point_uses.parquet,cc2a7cf67d7c25eec2de7f962c49478dd275646138f1303ae3410bf2a6922d23,target_source_record_id=2021:data_allsettlements_anon_156_v20251217.parquet:parquet:146330,representative_point_continuity_over_proposed_county_name_identity,False,False,False
2002:014_32646337ea_02c_Tambovskaja.xls:Sheet1:375,2002,52.357753,42.821683,2021:data_allsettlements_anon_156_v20251217.parquet:parquet:127901,candidate_pending_independent_review,/workspace/settlements-work/continuation_20261004/accepted_graph25_bounded_cases_20261005/accepted_point_uses.parquet,cc2a7cf67d7c25eec2de7f962c49478dd275646138f1303ae3410bf2a6922d23,target_source_record_id=2021:data_allsettlements_anon_156_v20251217.parquet:parquet:127901,representative_point_continuity_over_proposed_county_name_identity,False,False,False
2002:041_4b428edd23_Bashkiria_new.xls:Sheet1:681,2002,53.8443846,55.8679844,2021:data_allsettlements_anon_156_v20251217.parquet:parquet:144499,candidate_pending_independent_review,/workspace/settlements-work/continuation_20261004/accepted_graph25_bounded_cases_20261005/accepted_point_uses.parquet,cc2a7cf67d7c25eec2de7f962c49478dd275646138f1303ae3410bf2a6922d23,target_source_record_id=2021:data_allsettlements_anon_156_v20251217.parquet:parquet:144499,representative_point_continuity_over_proposed_county_name_identity,False,False,False
2002:085_b44ee84c57_saxalin.xls:Sheet1:267,2002,50.8975,142.706944,2021:data_allsettlements_anon_156_v20251217.parquet:parquet:118600,candidate_pending_independent_review,/workspace/settlements-work/continuation_20261004/accepted_graph25_bounded_cases_20261005/accepted_point_uses.parquet,cc2a7cf67d7c25eec2de7f962c49478dd275646138f1303ae3410bf2a6922d23,target_source_record_id=2021:data_allsettlements_anon_156_v20251217.parquet:parquet:118600,representative_point_continuity_over_proposed_county_name_identity,False,False,False
2002:014_32646337ea_02c_Tambovskaja.xls:Sheet1:1965,2002,51.742916,40.983407,2021:data_allsettlements_anon_156_v20251217.parquet:parquet:129270,candidate_pending_independent_review,/workspace/settlements-work/continuation_20261004/accepted_graph25_bounded_cases_20261005/accepted_point_uses.parquet,cc2a7cf67d7c25eec2de7f962c49478dd275646138f1303ae3410bf2a6922d23,target_source_record_id=2021:data_allsettlements_anon_156_v20251217.parquet:parquet:129270,representative_point_continuity_over_proposed_county_name_identity,False,False,False
2002:011_f46bbaadfd_02c_Orlovskaja.xls:Sheet1:2567,2002,52.5845854,37.172576,2021:data_allsettlements_anon_156_v20251217.parquet:parquet:93147,candidate_pending_independent_review,/workspace/settlements-work/continuation_20261004/accepted_graph25_bounded_cases_20261005/accepted_point_uses.parquet,cc2a7cf67d7c25eec2de7f962c49478dd275646138f1303ae3410bf2a6922d23,target_source_record_id=2021:data_allsettlements_anon_156_v20251217.parquet:parquet:93147,representative_point_continuity_over_proposed_county_name_identity,False,False,False
2002:066_76aa869929_Altai_krai1.xls:Sheet1:155,2002,51.9772092,85.0560796,2021:data_allsettlements_anon_156_v20251217.parquet:parquet:38978,candidate_pending_independent_review,/workspace/settlements-work/continuation_20261004/accepted_graph25_bounded_cases_20261005/accepted_point_uses.parquet,cc2a7cf67d7c25eec2de7f962c49478dd275646138f1303ae3410bf2a6922d23,target_source_record_id=2021:data_allsettlements_anon_156_v20251217.parquet:parquet:38978,representative_point_continuity_over_proposed_county_name_identity,False,False,False
2002:055_430166490c_Uljanovskaja_new.xls:Sheet1:768,2002,52.9889655,47.3283456,2021:data_allsettlements_anon_156_v20251217.parquet:parquet:158139,candidate_pending_independent_review,/workspace/settlements-work/continuation_20261004/accepted_graph25_bounded_cases_20261005/accepted_point_uses.parquet,cc2a7cf67d7c25eec2de7f962c49478dd275646138f1303ae3410bf2a6922d23,target_source_record_id=2021:data_allsettlements_anon_156_v20251217.parquet:parquet:158139,representative_point_continuity_over_proposed_county_name_identity,False,False,False
2002:014_32646337ea_02c_Tambovskaja.xls:Sheet1:783,2002,53.537033,41.467437,2021:data_allsettlements_anon_156_v20251217.parquet:parquet:128254,candidate_pending_independent_review,/workspace/settlements-work/continuation_20261004/accepted_graph25_bounded_cases_20261005/accepted_point_uses.parquet,cc2a7cf67d7c25eec2de7f962c49478dd275646138f1303ae3410bf2a6922d23,target_source_record_id=2021:data_allsettlements_anon_156_v20251217.parquet:parquet:128254,representative_point_continuity_over_proposed_county_name_identity,False,False,False
2002:050_a0dc3f856b_penzen_obl.xls:Sheet1:2007,2002,53.0524657,45.4952716,2021:data_allsettlements_anon_156_v20251217.parquet:parquet:95668,candidate_pending_independent_review,/workspace/settlements-work/continuation_20261004/accepted_graph25_bounded_cases_20261005/accepted_point_uses.parquet,cc2a7cf67d7c25eec2de7f962c49478dd275646138f1303ae3410bf2a6922d23,target_source_record_id=2021:data_allsettlements_anon_156_v20251217.parquet:parquet:95668,representative_point_continuity_over_proposed_county_name_identity,False,False,False
2002:017_6374fdddeb_02c_Yaroslavskaja.xls:Sheet1:4413,2002,58.0316383,38.9691064,2021:data_allsettlements_anon_156_v20251217.parquet:parquet:170989,candidate_pending_independent_review,/workspace/settlements-work/continuation_20261004/accepted_graph25_bounded_cases_20261005/accepted_point_uses.parquet,cc2a7cf67d7c25eec2de7f962c49478dd275646138f1303ae3410bf2a6922d23,target_source_record_id=2021:data_allsettlements_anon_156_v20251217.parquet:parquet:170989,representative_point_continuity_over_proposed_county_name_identity,False,False,False
2002:014_32646337ea_02c_Tambovskaja.xls:Sheet1:802,2002,53.40542,41.546046,2021:data_allsettlements_anon_156_v20251217.parquet:parquet:128275,candidate_pending_independent_review,/workspace/settlements-work/continuation_20261004/accepted_graph25_bounded_cases_20261005/accepted_point_uses.parquet,cc2a7cf67d7c25eec2de7f962c49478dd275646138f1303ae3410bf2a6922d23,target_source_record_id=2021:data_allsettlements_anon_156_v20251217.parquet:parquet:128275,representative_point_continuity_over_proposed_county_name_identity,False,False,False
2002:011_f46bbaadfd_02c_Orlovskaja.xls:Sheet1:2779,2002,52.6721261,36.1770799,2021:data_allsettlements_anon_156_v20251217.parquet:parquet:93340,candidate_pending_independent_review,/workspace/settlements-work/continuation_20261004/accepted_graph25_bounded_cases_20261005/accepted_point_uses.parquet,cc2a7cf67d7c25eec2de7f962c49478dd275646138f1303ae3410bf2a6922d23,target_source_record_id=2021:data_allsettlements_anon_156_v20251217.parquet:parquet:93340,representative_point_continuity_over_proposed_county_name_identity,False,False,False
2002:041_4b428edd23_Bashkiria_new.xls:Sheet1:1323,2002,54.0830033,54.0573897,2021:data_allsettlements_anon_156_v20251217.parquet:parquet:145001,candidate_pending_independent_review,/workspace/settlements-work/continuation_20261004/accepted_graph25_bounded_cases_20261005/accepted_point_uses.parquet,cc2a7cf67d7c25eec2de7f962c49478dd275646138f1303ae3410bf2a6922d23,target_source_record_id=2021:data_allsettlements_anon_156_v20251217.parquet:parquet:145001,representative_point_continuity_over_proposed_county_name_identity,False,False,False
2002:005_14871cc62a_02c_Ivanovskaja.xls:Sheet1:64,2002,57.4081774,41.7933079,2021:data_allsettlements_anon_156_v20251217.parquet:parquet:20065,candidate_pending_independent_review,/workspace/settlements-work/continuation_20261004/accepted_graph25_bounded_cases_20261005/accepted_point_uses.parquet,cc2a7cf67d7c25eec2de7f962c49478dd275646138f1303ae3410bf2a6922d23,target_source_record_id=2021:data_allsettlements_anon_156_v20251217.parquet:parquet:20065,representative_point_continuity_over_proposed_county_name_identity,False,False,False
2002:041_4b428edd23_Bashkiria_new.xls:Sheet1:1338,2002,54.2677671,54.1035835,2021:data_allsettlements_anon_156_v20251217.parquet:parquet:145015,candidate_pending_independent_review,/workspace/settlements-work/continuation_20261004/accepted_graph25_bounded_cases_20261005/accepted_point_uses.parquet,cc2a7cf67d7c25eec2de7f962c49478dd275646138f1303ae3410bf2a6922d23,target_source_record_id=2021:data_allsettlements_anon_156_v20251217.parquet:parquet:145015,representative_point_continuity_over_proposed_county_name_identity,False,False,False
2002:006_1916564aaa_02c_Kaluzhskaja.xls:Sheet1:771,2002,53.8223255,34.7799974,2021:data_allsettlements_anon_156_v20251217.parquet:parquet:27830,candidate_pending_independent_review,/workspace/settlements-work/continuation_20261004/accepted_graph25_bounded_cases_20261005/accepted_point_uses.parquet,cc2a7cf67d7c25eec2de7f962c49478dd275646138f1303ae3410bf2a6922d23,target_source_record_id=2021:data_allsettlements_anon_156_v20251217.parquet:parquet:27830,representative_point_continuity_over_proposed_county_name_identity,False,False,False
2002:041_4b428edd23_Bashkiria_new.xls:Sheet1:1648,2002,53.9812591,54.1453648,2021:data_allsettlements_anon_156_v20251217.parquet:parquet:145305,candidate_pending_independent_review,/workspace/settlements-work/continuation_20261004/accepted_graph25_bounded_cases_20261005/accepted_point_uses.parquet,cc2a7cf67d7c25eec2de7f962c49478dd275646138f1303ae3410bf2a6922d23,target_source_record_id=2021:data_allsettlements_anon_156_v20251217.parquet:parquet:145305,representative_point_continuity_over_proposed_county_name_identity,False,False,False
2002:014_32646337ea_02c_Tambovskaja.xls:Sheet1:1767,2002,52.537944,41.193092,2021:data_allsettlements_anon_156_v20251217.parquet:parquet:129099,candidate_pending_independent_review,/workspace/settlements-work/continuation_20261004/accepted_graph25_bounded_cases_20261005/accepted_point_uses.parquet,cc2a7cf67d7c25eec2de7f962c49478dd275646138f1303ae3410bf2a6922d23,target_source_record_id=2021:data_allsettlements_anon_156_v20251217.parquet:parquet:129099,representative_point_continuity_over_proposed_county_name_identity,False,False,False
2002:041_4b428edd23_Bashkiria_new.xls:Sheet1:262,2002,53.7742476,54.6316786,2021:data_allsettlements_anon_156_v20251217.parquet:parquet:144176,candidate_pending_independent_review,/workspace/settlements-work/continuation_20261004/accepted_graph25_bounded_cases_20261005/accepted_point_uses.parquet,cc2a7cf67d7c25eec2de7f962c49478dd275646138f1303ae3410bf2a6922d23,target_source_record_id=2021:data_allsettlements_anon_156_v20251217.parquet:parquet:144176,representative_point_continuity_over_proposed_county_name_identity,False,False,False
2002:041_4b428edd23_Bashkiria_new.xls:Sheet1:1261,2002,54.0610596,54.4536217,2021:data_allsettlements_anon_156_v20251217.parquet:parquet:144960,candidate_pending_independent_review,/workspace/settlements-work/continuation_20261004/accepted_graph25_bounded_cases_20261005/accepted_point_uses.parquet,cc2a7cf67d7c25eec2de7f962c49478dd275646138f1303ae3410bf2a6922d23,target_source_record_id=2021:data_allsettlements_anon_156_v20251217.parquet:parquet:144960,representative_point_continuity_over_proposed_county_name_identity,False,False,False
2002:003_308406b0ed_02c_Vladimirskaja.xls:Sheet1:2239,2002,56.104825,39.923845,2021:data_allsettlements_anon_156_v20251217.parquet:parquet:3323,candidate_pending_independent_review,/workspace/settlements-work/continuation_20261004/accepted_graph25_bounded_cases_20261005/accepted_point_uses.parquet,cc2a7cf67d7c25eec2de7f962c49478dd275646138f1303ae3410bf2a6922d23,target_source_record_id=2021:data_allsettlements_anon_156_v20251217.parquet:parquet:3323,representative_point_continuity_over_proposed_county_name_identity,False,False,False
2002:011_f46bbaadfd_02c_Orlovskaja.xls:Sheet1:17,2002,53.4698475,36.1903435,2021:data_allsettlements_anon_156_v20251217.parquet:parquet:90778,candidate_pending_independent_review,/workspace/settlements-work/continuation_20261004/accepted_graph25_bounded_cases_20261005/accepted_point_uses.parquet,cc2a7cf67d7c25eec2de7f962c49478dd275646138f1303ae3410bf2a6922d23,target_source_record_id=2021:data_allsettlements_anon_156_v20251217.parquet:parquet:90778,representative_point_continuity_over_proposed_county_name_identity,False,False,False
2002:006_1916564aaa_02c_Kaluzhskaja.xls:Sheet1:3468,2002,53.5233689,35.229986,2021:data_allsettlements_anon_156_v20251217.parquet:parquet:30436,candidate_pending_independent_review,/workspace/settlements-work/continuation_20261004/accepted_graph25_bounded_cases_20261005/accepted_point_uses.parquet,cc2a7cf67d7c25eec2de7f962c49478dd275646138f1303ae3410bf2a6922d23,target_source_record_id=2021:data_allsettlements_anon_156_v20251217.parquet:parquet:30436,representative_point_continuity_over_proposed_county_name_identity,False,False,False
2002:041_4b428edd23_Bashkiria_new.xls:Sheet1:3204,2002,52.2798999,57.9248843,2021:data_allsettlements_anon_156_v20251217.parquet:parquet:146492,candidate_pending_independent_review,/workspace/settlements-work/continuation_20261004/accepted_graph25_bounded_cases_20261005/accepted_point_uses.parquet,cc2a7cf67d7c25eec2de7f962c49478dd275646138f1303ae3410bf2a6922d23,target_source_record_id=2021:data_allsettlements_anon_156_v20251217.parquet:parquet:146492,representative_point_continuity_over_proposed_county_name_identity,False,False,False
2002:014_32646337ea_02c_Tambovskaja.xls:Sheet1:1274,2002,53.27313,42.184724,2021:data_allsettlements_anon_156_v20251217.parquet:parquet:128655,candidate_pending_independent_review,/workspace/settlements-work/continuation_20261004/accepted_graph25_bounded_cases_20261005/accepted_point_uses.parquet,cc2a7cf67d7c25eec2de7f962c49478dd275646138f1303ae3410bf2a6922d23,target_source_record_id=2021:data_allsettlements_anon_156_v20251217.parquet:parquet:128655,representative_point_continuity_over_proposed_county_name_identity,False,False,False
2002:011_f46bbaadfd_02c_Orlovskaja.xls:Sheet1:1195,2002,52.85058,37.5941895,2021:data_allsettlements_anon_156_v20251217.parquet:parquet:91835,candidate_pending_independent_review,/workspace/settlements-work/continuation_20261004/accepted_graph25_bounded_cases_20261005/accepted_point_uses.parquet,cc2a7cf67d7c25eec2de7f962c49478dd275646138f1303ae3410bf2a6922d23,target_source_record_id=2021:data_allsettlements_anon_156_v20251217.parquet:parquet:91835,representative_point_continuity_over_proposed_county_name_identity,False,False,False
2002:041_4b428edd23_Bashkiria_new.xls:Sheet1:6517,2002,54.7320459,55.3755867,2021:data_allsettlements_anon_156_v20251217.parquet:parquet:149111,candidate_pending_independent_review,/workspace/settlements-work/continuation_20261004/accepted_graph25_bounded_cases_20261005/accepted_point_uses.parquet,cc2a7cf67d7c25eec2de7f962c49478dd275646138f1303ae3410bf2a6922d23,target_source_record_id=2021:data_allsettlements_anon_156_v20251217.parquet:parquet:149111,representative_point_continuity_over_proposed_county_name_identity,False,False,False
2002:006_1916564aaa_02c_Kaluzhskaja.xls:Sheet1:790,2002,53.5593458,34.7153262,2021:data_allsettlements_anon_156_v20251217.parquet:parquet:27840,candidate_pending_independent_review,/workspace/settlements-work/continuation_20261004/accepted_graph25_bounded_cases_20261005/accepted_point_uses.parquet,cc2a7cf67d7c25eec2de7f962c49478dd275646138f1303ae3410bf2a6922d23,target_source_record_id=2021:data_allsettlements_anon_156_v20251217.parquet:parquet:27840,representative_point_continuity_over_proposed_county_name_identity,False,False,False
2002:041_4b428edd23_Bashkiria_new.xls:Sheet1:489,2002,54.342837,56.5196095,2021:data_allsettlements_anon_156_v20251217.parquet:parquet:144341,candidate_pending_independent_review,/workspace/settlements-work/continuation_20261004/accepted_graph25_bounded_cases_20261005/accepted_point_uses.parquet,cc2a7cf67d7c25eec2de7f962c49478dd275646138f1303ae3410bf2a6922d23,target_source_record_id=2021:data_allsettlements_anon_156_v20251217.parquet:parquet:144341,representative_point_continuity_over_proposed_county_name_identity,False,False,False
2002:041_4b428edd23_Bashkiria_new.xls:Sheet1:2748,2002,55.4888149,58.2398717,2021:data_allsettlements_anon_156_v20251217.parquet:parquet:146155,candidate_pending_independent_review,/workspace/settlements-work/continuation_20261004/accepted_graph25_bounded_cases_20261005/accepted_point_uses.parquet,cc2a7cf67d7c25eec2de7f962c49478dd275646138f1303ae3410bf2a6922d23,target_source_record_id=2021:data_allsettlements_anon_156_v20251217.parquet:parquet:146155,representative_point_continuity_over_proposed_county_name_identity,False,False,False
2002:066_76aa869929_Altai_krai1.xls:Sheet1:1936,2002,53.0113501,79.0636437,2021:data_allsettlements_anon_156_v20251217.parquet:parquet:40515,candidate_pending_independent_review,/workspace/settlements-work/continuation_20261004/accepted_graph25_bounded_cases_20261005/accepted_point_uses.parquet,cc2a7cf67d7c25eec2de7f962c49478dd275646138f1303ae3410bf2a6922d23,target_source_record_id=2021:data_allsettlements_anon_156_v20251217.parquet:parquet:40515,representative_point_continuity_over_proposed_county_name_identity,False,False,False
2002:011_f46bbaadfd_02c_Orlovskaja.xls:Sheet1:1997,2002,53.3360981,36.2712353,2021:data_allsettlements_anon_156_v20251217.parquet:parquet:92603,candidate_pending_independent_review,/workspace/settlements-work/continuation_20261004/accepted_graph25_bounded_cases_20261005/accepted_point_uses.parquet,cc2a7cf67d7c25eec2de7f962c49478dd275646138f1303ae3410bf2a6922d23,target_source_record_id=2021:data_allsettlements_anon_156_v20251217.parquet:parquet:92603,representative_point_continuity_over_proposed_county_name_identity,False,False,False
2002:017_6374fdddeb_02c_Yaroslavskaja.xls:Sheet1:3094,2002,58.3375588,40.3045776,2021:data_allsettlements_anon_156_v20251217.parquet:parquet:170053,candidate_pending_independent_review,/workspace/settlements-work/continuation_20261004/accepted_graph25_bounded_cases_20261005/accepted_point_uses.parquet,cc2a7cf67d7c25eec2de7f962c49478dd275646138f1303ae3410bf2a6922d23,target_source_record_id=2021:data_allsettlements_anon_156_v20251217.parquet:parquet:170053,representative_point_continuity_over_proposed_county_name_identity,False,False,False
2002:085_b44ee84c57_saxalin.xls:Sheet1:166,2002,52.0425,143.085,2021:data_allsettlements_anon_156_v20251217.parquet:parquet:118533,candidate_pending_independent_review,/workspace/settlements-work/continuation_20261004/accepted_graph25_bounded_cases_20261005/accepted_point_uses.parquet,cc2a7cf67d7c25eec2de7f962c49478dd275646138f1303ae3410bf2a6922d23,target_source_record_id=2021:data_allsettlements_anon_156_v20251217.parquet:parquet:118533,representative_point_continuity_over_proposed_county_name_identity,False,False,False
2002:017_6374fdddeb_02c_Yaroslavskaja.xls:Sheet1:2183,2002,57.7324706,38.2400304,2021:data_allsettlements_anon_156_v20251217.parquet:parquet:168996,candidate_pending_independent_review,/workspace/settlements-work/continuation_20261004/accepted_graph25_bounded_cases_20261005/accepted_point_uses.parquet,cc2a7cf67d7c25eec2de7f962c49478dd275646138f1303ae3410bf2a6922d23,target_source_record_id=2021:data_allsettlements_anon_156_v20251217.parquet:parquet:168996,representative_point_continuity_over_proposed_county_name_identity,False,False,False
2002:041_4b428edd23_Bashkiria_new.xls:Sheet1:1998,2002,55.1136294,56.3228711,2021:data_allsettlements_anon_156_v20251217.parquet:parquet:145553,candidate_pending_independent_review,/workspace/settlements-work/continuation_20261004/accepted_graph25_bounded_cases_20261005/accepted_point_uses.parquet,cc2a7cf67d7c25eec2de7f962c49478dd275646138f1303ae3410bf2a6922d23,target_source_record_id=2021:data_allsettlements_anon_156_v20251217.parquet:parquet:145553,representative_point_continuity_over_proposed_county_name_identity,False,False,False
2002:054_0d77ecf40f_Saratovskaja1.xls:Sheet1:2481,2002,51.950948,45.7632367,2021:data_allsettlements_anon_156_v20251217.parquet:parquet:118110,candidate_pending_independent_review,/workspace/settlements-work/continuation_20261004/accepted_graph25_bounded_cases_20261005/accepted_point_uses.parquet,cc2a7cf67d7c25eec2de7f962c49478dd275646138f1303ae3410bf2a6922d23,target_source_record_id=2021:data_allsettlements_anon_156_v20251217.parquet:parquet:118110,representative_point_continuity_over_proposed_county_name_identity,False,False,False
2002:041_4b428edd23_Bashkiria_new.xls:Sheet1:1319,2002,54.0747707,53.8835083,2021:data_allsettlements_anon_156_v20251217.parquet:parquet:144997,candidate_pending_independent_review,/workspace/settlements-work/continuation_20261004/accepted_graph25_bounded_cases_20261005/accepted_point_uses.parquet,cc2a7cf67d7c25eec2de7f962c49478dd275646138f1303ae3410bf2a6922d23,target_source_record_id=2021:data_allsettlements_anon_156_v20251217.parquet:parquet:144997,representative_point_continuity_over_proposed_county_name_identity,False,False,False
2002:041_4b428edd23_Bashkiria_new.xls:Sheet1:2996,2002,54.2707261,53.7410973,2021:data_allsettlements_anon_156_v20251217.parquet:parquet:146319,candidate_pending_independent_review,/workspace/settlements-work/continuation_20261004/accepted_graph25_bounded_cases_20261005/accepted_point_uses.parquet,cc2a7cf67d7c25eec2de7f962c49478dd275646138f1303ae3410bf2a6922d23,target_source_record_id=2021:data_allsettlements_anon_156_v20251217.parquet:parquet:146319,representative_point_continuity_over_proposed_county_name_identity,False,False,False
2002:005_14871cc62a_02c_Ivanovskaja.xls:Sheet1:2788,2002,57.2999345,40.8190755,2021:data_allsettlements_anon_156_v20251217.parquet:parquet:22616,candidate_pending_independent_review,/workspace/settlements-work/continuation_20261004/accepted_graph25_bounded_cases_20261005/accepted_point_uses.parquet,cc2a7cf67d7c25eec2de7f962c49478dd275646138f1303ae3410bf2a6922d23,target_source_record_id=2021:data_allsettlements_anon_156_v20251217.parquet:parquet:22616,representative_point_continuity_over_proposed_county_name_identity,False,False,False
2002:041_4b428edd23_Bashkiria_new.xls:Sheet1:5469,2002,53.7252692,55.926058,2021:data_allsettlements_anon_156_v20251217.parquet:parquet:148298,candidate_pending_independent_review,/workspace/settlements-work/continuation_20261004/accepted_graph25_bounded_cases_20261005/accepted_point_uses.parquet,cc2a7cf67d7c25eec2de7f962c49478dd275646138f1303ae3410bf2a6922d23,target_source_record_id=2021:data_allsettlements_anon_156_v20251217.parquet:parquet:148298,representative_point_continuity_over_proposed_county_name_identity,False,False,False
2002:006_1916564aaa_02c_Kaluzhskaja.xls:Sheet1:3416,2002,53.4382496,34.7249788,2021:data_allsettlements_anon_156_v20251217.parquet:parquet:30376,candidate_pending_independent_review,/workspace/settlements-work/continuation_20261004/accepted_graph25_bounded_cases_20261005/accepted_point_uses.parquet,cc2a7cf67d7c25eec2de7f962c49478dd275646138f1303ae3410bf2a6922d23,target_source_record_id=2021:data_allsettlements_anon_156_v20251217.parquet:parquet:30376,representative_point_continuity_over_proposed_county_name_identity,False,False,False
2002:041_4b428edd23_Bashkiria_new.xls:Sheet1:3313,2002,54.9569083,56.9804094,2021:data_allsettlements_anon_156_v20251217.parquet:parquet:146568,candidate_pending_independent_review,/workspace/settlements-work/continuation_20261004/accepted_graph25_bounded_cases_20261005/accepted_point_uses.parquet,cc2a7cf67d7c25eec2de7f962c49478dd275646138f1303ae3410bf2a6922d23,target_source_record_id=2021:data_allsettlements_anon_156_v20251217.parquet:parquet:146568,representative_point_continuity_over_proposed_county_name_identity,False,False,False
2002:041_4b428edd23_Bashkiria_new.xls:Sheet1:4027,2002,54.5025664,56.3563099,2021:data_allsettlements_anon_156_v20251217.parquet:parquet:147168,candidate_pending_independent_review,/workspace/settlements-work/continuation_20261004/accepted_graph25_bounded_cases_20261005/accepted_point_uses.parquet,cc2a7cf67d7c25eec2de7f962c49478dd275646138f1303ae3410bf2a6922d23,target_source_record_id=2021:data_allsettlements_anon_156_v20251217.parquet:parquet:147168,representative_point_continuity_over_proposed_county_name_identity,False,False,False
2002:048_4f024587eb_02c_Nizhegorod_obl_new.xls:11:5519,2002,57.207331,43.25354,2021:data_allsettlements_anon_156_v20251217.parquet:parquet:75941,candidate_pending_independent_review,/workspace/settlements-work/continuation_20261004/accepted_graph25_bounded_cases_20261005/accepted_point_uses.parquet,cc2a7cf67d7c25eec2de7f962c49478dd275646138f1303ae3410bf2a6922d23,target_source_record_id=2021:data_allsettlements_anon_156_v20251217.parquet:parquet:75941,representative_point_continuity_over_proposed_county_name_identity,False,False,False
2002:041_4b428edd23_Bashkiria_new.xls:Sheet1:5807,2002,54.6075555,54.2223929,2021:data_allsettlements_anon_156_v20251217.parquet:parquet:148535,candidate_pending_independent_review,/workspace/settlements-work/continuation_20261004/accepted_graph25_bounded_cases_20261005/accepted_point_uses.parquet,cc2a7cf67d7c25eec2de7f962c49478dd275646138f1303ae3410bf2a6922d23,target_source_record_id=2021:data_allsettlements_anon_156_v20251217.parquet:parquet:148535,representative_point_continuity_over_proposed_county_name_identity,False,False,False
2002:066_76aa869929_Altai_krai1.xls:Sheet1:115,2002,52.4354765,82.7716764,2021:data_allsettlements_anon_156_v20251217.parquet:parquet:38940,candidate_pending_independent_review,/workspace/settlements-work/continuation_20261004/accepted_graph25_bounded_cases_20261005/accepted_point_uses.parquet,cc2a7cf67d7c25eec2de7f962c49478dd275646138f1303ae3410bf2a6922d23,target_source_record_id=2021:data_allsettlements_anon_156_v20251217.parquet:parquet:38940,representative_point_continuity_over_proposed_county_name_identity,False,False,False
2002:041_4b428edd23_Bashkiria_new.xls:Sheet1:5801,2002,54.471102,54.2411608,2021:data_allsettlements_anon_156_v20251217.parquet:parquet:148570,candidate_pending_independent_review,/workspace/settlements-work/continuation_20261004/accepted_graph25_bounded_cases_20261005/accepted_point_uses.parquet,cc2a7cf67d7c25eec2de7f962c49478dd275646138f1303ae3410bf2a6922d23,target_source_record_id=2021:data_allsettlements_anon_156_v20251217.parquet:parquet:148570,representative_point_continuity_over_proposed_county_name_identity,False,False,False
2002:041_4b428edd23_Bashkiria_new.xls:Sheet1:4360,2002,52.94567,56.4649474,2021:data_allsettlements_anon_156_v20251217.parquet:parquet:147416,candidate_pending_independent_review,/workspace/settlements-work/continuation_20261004/accepted_graph25_bounded_cases_20261005/accepted_point_uses.parquet,cc2a7cf67d7c25eec2de7f962c49478dd275646138f1303ae3410bf2a6922d23,target_source_record_id=2021:data_allsettlements_anon_156_v20251217.parquet:parquet:147416,representative_point_continuity_over_proposed_county_name_identity,False,False,False
2002:048_4f024587eb_02c_Nizhegorod_obl_new.xls:11:3234,2002,54.939641,44.330727,2021:data_allsettlements_anon_156_v20251217.parquet:parquet:74434,candidate_pending_independent_review,/workspace/settlements-work/continuation_20261004/accepted_graph25_bounded_cases_20261005/accepted_point_uses.parquet,cc2a7cf67d7c25eec2de7f962c49478dd275646138f1303ae3410bf2a6922d23,target_source_record_id=2021:data_allsettlements_anon_156_v20251217.parquet:parquet:74434,representative_point_continuity_over_proposed_county_name_identity,False,False,False
2002:006_1916564aaa_02c_Kaluzhskaja.xls:Sheet1:3495,2002,53.4869908,34.7734744,2021:data_allsettlements_anon_156_v20251217.parquet:parquet:30453,candidate_pending_independent_review,/workspace/settlements-work/continuation_20261004/accepted_graph25_bounded_cases_20261005/accepted_point_uses.parquet,cc2a7cf67d7c25eec2de7f962c49478dd275646138f1303ae3410bf2a6922d23,target_source_record_id=2021:data_allsettlements_anon_156_v20251217.parquet:parquet:30453,representative_point_continuity_over_proposed_county_name_identity,False,False,False
2002:041_4b428edd23_Bashkiria_new.xls:Sheet1:777,2002,54.2266147,55.7510677,2021:data_allsettlements_anon_156_v20251217.parquet:parquet:144580,candidate_pending_independent_review,/workspace/settlements-work/continuation_20261004/accepted_graph25_bounded_cases_20261005/accepted_point_uses.parquet,cc2a7cf67d7c25eec2de7f962c49478dd275646138f1303ae3410bf2a6922d23,target_source_record_id=2021:data_allsettlements_anon_156_v20251217.parquet:parquet:144580,representative_point_continuity_over_proposed_county_name_identity,False,False,False
2002:011_f46bbaadfd_02c_Orlovskaja.xls:Sheet1:2743,2002,52.7630594,36.5471514,2021:data_allsettlements_anon_156_v20251217.parquet:parquet:93317,candidate_pending_independent_review,/workspace/settlements-work/continuation_20261004/accepted_graph25_bounded_cases_20261005/accepted_point_uses.parquet,cc2a7cf67d7c25eec2de7f962c49478dd275646138f1303ae3410bf2a6922d23,target_source_record_id=2021:data_allsettlements_anon_156_v20251217.parquet:parquet:93317,representative_point_continuity_over_proposed_county_name_identity,False,False,False
2002:041_4b428edd23_Bashkiria_new.xls:Sheet1:5112,2002,53.6982628,54.754853,2021:data_allsettlements_anon_156_v20251217.parquet:parquet:148012,candidate_pending_independent_review,/workspace/settlements-work/continuation_20261004/accepted_graph25_bounded_cases_20261005/accepted_point_uses.parquet,cc2a7cf67d7c25eec2de7f962c49478dd275646138f1303ae3410bf2a6922d23,target_source_record_id=2021:data_allsettlements_anon_156_v20251217.parquet:parquet:148012,representative_point_continuity_over_proposed_county_name_identity,False,False,False
2002:041_4b428edd23_Bashkiria_new.xls:Sheet1:1597,2002,53.6891068,54.0257527,2021:data_allsettlements_anon_156_v20251217.parquet:parquet:145262,candidate_pending_independent_review,/workspace/settlements-work/continuation_20261004/accepted_graph25_bounded_cases_20261005/accepted_point_uses.parquet,cc2a7cf67d7c25eec2de7f962c49478dd275646138f1303ae3410bf2a6922d23,target_source_record_id=2021:data_allsettlements_anon_156_v20251217.parquet:parquet:145262,representative_point_continuity_over_proposed_county_name_identity,False,False,False
2002:041_4b428edd23_Bashkiria_new.xls:Sheet1:3984,2002,54.3905497,56.2854074,2021:data_allsettlements_anon_156_v20251217.parquet:parquet:147121,candidate_pending_independent_review,/workspace/settlements-work/continuation_20261004/accepted_graph25_bounded_cases_20261005/accepted_point_uses.parquet,cc2a7cf67d7c25eec2de7f962c49478dd275646138f1303ae3410bf2a6922d23,target_source_record_id=2021:data_allsettlements_anon_156_v20251217.parquet:parquet:147121,representative_point_continuity_over_proposed_county_name_identity,False,False,False
2002:041_4b428edd23_Bashkiria_new.xls:Sheet1:1730,2002,55.4053009,55.2767658,2021:data_allsettlements_anon_156_v20251217.parquet:parquet:145360,candidate_pending_independent_review,/workspace/settlements-work/continuation_20261004/accepted_graph25_bounded_cases_20261005/accepted_point_uses.parquet,cc2a7cf67d7c25eec2de7f962c49478dd275646138f1303ae3410bf2a6922d23,target_source_record_id=2021:data_allsettlements_anon_156_v20251217.parquet:parquet:145360,representative_point_continuity_over_proposed_county_name_identity,False,False,False
2002:005_14871cc62a_02c_Ivanovskaja.xls:Sheet1:2333,2002,57.1761539,41.5125855,2021:data_allsettlements_anon_156_v20251217.parquet:parquet:22172,candidate_pending_independent_review,/workspace/settlements-work/continuation_20261004/accepted_graph25_bounded_cases_20261005/accepted_point_uses.parquet,cc2a7cf67d7c25eec2de7f962c49478dd275646138f1303ae3410bf2a6922d23,target_source_record_id=2021:data_allsettlements_anon_156_v20251217.parquet:parquet:22172,representative_point_continuity_over_proposed_county_name_identity,False,False,False
2002:005_14871cc62a_02c_Ivanovskaja.xls:Sheet1:3120,2002,56.6664213,41.8192881,2021:data_allsettlements_anon_156_v20251217.parquet:parquet:22945,candidate_pending_independent_review,/workspace/settlements-work/continuation_20261004/accepted_graph25_bounded_cases_20261005/accepted_point_uses.parquet,cc2a7cf67d7c25eec2de7f962c49478dd275646138f1303ae3410bf2a6922d23,target_source_record_id=2021:data_allsettlements_anon_156_v20251217.parquet:parquet:22945,representative_point_continuity_over_proposed_county_name_identity,False,False,False
2002:011_f46bbaadfd_02c_Orlovskaja.xls:Sheet1:2685,2002,52.7524602,36.6928853,2021:data_allsettlements_anon_156_v20251217.parquet:parquet:93264,candidate_pending_independent_review,/workspace/settlements-work/continuation_20261004/accepted_graph25_bounded_cases_20261005/accepted_point_uses.parquet,cc2a7cf67d7c25eec2de7f962c49478dd275646138f1303ae3410bf2a6922d23,target_source_record_id=2021:data_allsettlements_anon_156_v20251217.parquet:parquet:93264,representative_point_continuity_over_proposed_county_name_identity,False,False,False
2002:048_4f024587eb_02c_Nizhegorod_obl_new.xls:11:1004,2002,55.6056213,44.0104018,2021:data_allsettlements_anon_156_v20251217.parquet:parquet:71672,candidate_pending_independent_review,/workspace/settlements-work/continuation_20261004/accepted_graph25_bounded_cases_20261005/accepted_point_uses.parquet,cc2a7cf67d7c25eec2de7f962c49478dd275646138f1303ae3410bf2a6922d23,target_source_record_id=2021:data_allsettlements_anon_156_v20251217.parquet:parquet:71672,representative_point_continuity_over_proposed_county_name_identity,False,False,False
2002:041_4b428edd23_Bashkiria_new.xls:Sheet1:764,2002,54.046387,56.1350804,2021:data_allsettlements_anon_156_v20251217.parquet:parquet:144570,candidate_pending_independent_review,/workspace/settlements-work/continuation_20261004/accepted_graph25_bounded_cases_20261005/accepted_point_uses.parquet,cc2a7cf67d7c25eec2de7f962c49478dd275646138f1303ae3410bf2a6922d23,target_source_record_id=2021:data_allsettlements_anon_156_v20251217.parquet:parquet:144570,representative_point_continuity_over_proposed_county_name_identity,False,False,False
2002:013_2dd2afccd6_02c_Smolenskaja.xls:Sheet1:708,2002,55.431667,35.041667,2021:data_allsettlements_anon_156_v20251217.parquet:parquet:122313,candidate_pending_independent_review,/workspace/settlements-work/continuation_20261004/accepted_graph25_bounded_cases_20261005/accepted_point_uses.parquet,cc2a7cf67d7c25eec2de7f962c49478dd275646138f1303ae3410bf2a6922d23,target_source_record_id=2021:data_allsettlements_anon_156_v20251217.parquet:parquet:122313,representative_point_continuity_over_proposed_county_name_identity,False,False,False
2002:006_1916564aaa_02c_Kaluzhskaja.xls:Sheet1:837,2002,53.6718939,34.7928911,2021:data_allsettlements_anon_156_v20251217.parquet:parquet:27906,candidate_pending_independent_review,/workspace/settlements-work/continuation_20261004/accepted_graph25_bounded_cases_20261005/accepted_point_uses.parquet,cc2a7cf67d7c25eec2de7f962c49478dd275646138f1303ae3410bf2a6922d23,target_source_record_id=2021:data_allsettlements_anon_156_v20251217.parquet:parquet:27906,representative_point_continuity_over_proposed_county_name_identity,False,False,False
2002:041_4b428edd23_Bashkiria_new.xls:Sheet1:1615,2002,53.5562482,54.0122789,2021:data_allsettlements_anon_156_v20251217.parquet:parquet:145278,candidate_pending_independent_review,/workspace/settlements-work/continuation_20261004/accepted_graph25_bounded_cases_20261005/accepted_point_uses.parquet,cc2a7cf67d7c25eec2de7f962c49478dd275646138f1303ae3410bf2a6922d23,target_source_record_id=2021:data_allsettlements_anon_156_v20251217.parquet:parquet:145278,representative_point_continuity_over_proposed_county_name_identity,False,False,False
2002:041_4b428edd23_Bashkiria_new.xls:Sheet1:3808,2002,55.6832841,56.8461675,2021:data_allsettlements_anon_156_v20251217.parquet:parquet:146990,candidate_pending_independent_review,/workspace/settlements-work/continuation_20261004/accepted_graph25_bounded_cases_20261005/accepted_point_uses.parquet,cc2a7cf67d7c25eec2de7f962c49478dd275646138f1303ae3410bf2a6922d23,target_source_record_id=2021:data_allsettlements_anon_156_v20251217.parquet:parquet:146990,representative_point_continuity_over_proposed_county_name_identity,False,False,False
2002:041_4b428edd23_Bashkiria_new.xls:Sheet1:1995,2002,55.1109592,56.2548344,2021:data_allsettlements_anon_156_v20251217.parquet:parquet:145551,candidate_pending_independent_review,/workspace/settlements-work/continuation_20261004/accepted_graph25_bounded_cases_20261005/accepted_point_uses.parquet,cc2a7cf67d7c25eec2de7f962c49478dd275646138f1303ae3410bf2a6922d23,target_source_record_id=2021:data_allsettlements_anon_156_v20251217.parquet:parquet:145551,representative_point_continuity_over_proposed_county_name_identity,False,False,False
2002:006_1916564aaa_02c_Kaluzhskaja.xls:Sheet1:3499,2002,53.5178437,34.8659828,2021:data_allsettlements_anon_156_v20251217.parquet:parquet:30457,candidate_pending_independent_review,/workspace/settlements-work/continuation_20261004/accepted_graph25_bounded_cases_20261005/accepted_point_uses.parquet,cc2a7cf67d7c25eec2de7f962c49478dd275646138f1303ae3410bf2a6922d23,target_source_record_id=2021:data_allsettlements_anon_156_v20251217.parquet:parquet:30457,representative_point_continuity_over_proposed_county_name_identity,False,False,False
2002:006_1916564aaa_02c_Kaluzhskaja.xls:Sheet1:801,2002,53.4704547,34.6170116,2021:data_allsettlements_anon_156_v20251217.parquet:parquet:27864,candidate_pending_independent_review,/workspace/settlements-work/continuation_20261004/accepted_graph25_bounded_cases_20261005/accepted_point_uses.parquet,cc2a7cf67d7c25eec2de7f962c49478dd275646138f1303ae3410bf2a6922d23,target_source_record_id=2021:data_allsettlements_anon_156_v20251217.parquet:parquet:27864,representative_point_continuity_over_proposed_county_name_identity,False,False,False
2002:011_f46bbaadfd_02c_Orlovskaja.xls:Sheet1:1426,2002,53.2660073,37.3923905,2021:data_allsettlements_anon_156_v20251217.parquet:parquet:92057,candidate_pending_independent_review,/workspace/settlements-work/continuation_20261004/accepted_graph25_bounded_cases_20261005/accepted_point_uses.parquet,cc2a7cf67d7c25eec2de7f962c49478dd275646138f1303ae3410bf2a6922d23,target_source_record_id=2021:data_allsettlements_anon_156_v20251217.parquet:parquet:92057,representative_point_continuity_over_proposed_county_name_identity,False,False,False
2002:011_f46bbaadfd_02c_Orlovskaja.xls:Sheet1:2637,2002,52.4732954,37.0750285,2021:data_allsettlements_anon_156_v20251217.parquet:parquet:93216,candidate_pending_independent_review,/workspace/settlements-work/continuation_20261004/accepted_graph25_bounded_cases_20261005/accepted_point_uses.parquet,cc2a7cf67d7c25eec2de7f962c49478dd275646138f1303ae3410bf2a6922d23,target_source_record_id=2021:data_allsettlements_anon_156_v20251217.parquet:parquet:93216,representative_point_continuity_over_proposed_county_name_identity,False,False,False
2002:006_1916564aaa_02c_Kaluzhskaja.xls:Sheet1:246,2002,54.1891354,34.6056584,2021:data_allsettlements_anon_156_v20251217.parquet:parquet:27321,candidate_pending_independent_review,/workspace/settlements-work/continuation_20261004/accepted_graph25_bounded_cases_20261005/accepted_point_uses.parquet,cc2a7cf67d7c25eec2de7f962c49478dd275646138f1303ae3410bf2a6922d23,target_source_record_id=2021:data_allsettlements_anon_156_v20251217.parquet:parquet:27321,representative_point_continuity_over_proposed_county_name_identity,False,False,False
2002:006_1916564aaa_02c_Kaluzhskaja.xls:Sheet1:3506,2002,53.4397418,35.0492041,2021:data_allsettlements_anon_156_v20251217.parquet:parquet:30464,candidate_pending_independent_review,/workspace/settlements-work/continuation_20261004/accepted_graph25_bounded_cases_20261005/accepted_point_uses.parquet,cc2a7cf67d7c25eec2de7f962c49478dd275646138f1303ae3410bf2a6922d23,target_source_record_id=2021:data_allsettlements_anon_156_v20251217.parquet:parquet:30464,representative_point_continuity_over_proposed_county_name_identity,False,False,False
2002:011_f46bbaadfd_02c_Orlovskaja.xls:Sheet1:2818,2002,52.7226107,36.1082201,2021:data_allsettlements_anon_156_v20251217.parquet:parquet:93389,candidate_pending_independent_review,/workspace/settlements-work/continuation_20261004/accepted_graph25_bounded_cases_20261005/accepted_point_uses.parquet,cc2a7cf67d7c25eec2de7f962c49478dd275646138f1303ae3410bf2a6922d23,target_source_record_id=2021:data_allsettlements_anon_156_v20251217.parquet:parquet:93389,representative_point_continuity_over_proposed_county_name_identity,False,False,False
2002:041_4b428edd23_Bashkiria_new.xls:Sheet1:4648,2002,55.1511424,55.4669584,2021:data_allsettlements_anon_156_v20251217.parquet:parquet:147598,candidate_pending_independent_review,/workspace/settlements-work/continuation_20261004/accepted_graph25_bounded_cases_20261005/accepted_point_uses.parquet,cc2a7cf67d7c25eec2de7f962c49478dd275646138f1303ae3410bf2a6922d23,target_source_record_id=2021:data_allsettlements_anon_156_v20251217.parquet:parquet:147598,representative_point_continuity_over_proposed_county_name_identity,False,False,False
2002:050_a0dc3f856b_penzen_obl.xls:Sheet1:262,2002,52.924473,43.339648,2021:data_allsettlements_anon_156_v20251217.parquet:parquet:94208,candidate_pending_independent_review,/workspace/settlements-work/continuation_20261004/accepted_graph25_bounded_cases_20261005/accepted_point_uses.parquet,cc2a7cf67d7c25eec2de7f962c49478dd275646138f1303ae3410bf2a6922d23,target_source_record_id=2021:data_allsettlements_anon_156_v20251217.parquet:parquet:94208,representative_point_continuity_over_proposed_county_name_identity,False,False,False
2002:085_b44ee84c57_saxalin.xls:Sheet1:318,2002,47.489444,141.962778,2021:data_allsettlements_anon_156_v20251217.parquet:parquet:118639,candidate_pending_independent_review,/workspace/settlements-work/continuation_20261004/accepted_graph25_bounded_cases_20261005/accepted_point_uses.parquet,cc2a7cf67d7c25eec2de7f962c49478dd275646138f1303ae3410bf2a6922d23,target_source_record_id=2021:data_allsettlements_anon_156_v20251217.parquet:parquet:118639,representative_point_continuity_over_proposed_county_name_identity,False,False,False
2002:006_1916564aaa_02c_Kaluzhskaja.xls:Sheet1:3478,2002,53.306991,35.2412924,2021:data_allsettlements_anon_156_v20251217.parquet:parquet:30422,candidate_pending_independent_review,/workspace/settlements-work/continuation_20261004/accepted_graph25_bounded_cases_20261005/accepted_point_uses.parquet,cc2a7cf67d7c25eec2de7f962c49478dd275646138f1303ae3410bf2a6922d23,target_source_record_id=2021:data_allsettlements_anon_156_v20251217.parquet:parquet:30422,representative_point_continuity_over_proposed_county_name_identity,False,False,False
2002:020_e4f979c6c7_02c_Arxang-new.xls:Sheet1:803,2002,61.2617362,47.6530843,2021:data_allsettlements_anon_156_v20251217.parquet:parquet:86945,candidate_pending_independent_review,/workspace/settlements-work/continuation_20261004/accepted_graph25_bounded_cases_20261005/accepted_point_uses.parquet,cc2a7cf67d7c25eec2de7f962c49478dd275646138f1303ae3410bf2a6922d23,target_source_record_id=2021:data_allsettlements_anon_156_v20251217.parquet:parquet:86945,representative_point_continuity_over_proposed_county_name_identity,False,False,False
2002:041_4b428edd23_Bashkiria_new.xls:Sheet1:3224,2002,54.6092789,56.3690885,2021:data_allsettlements_anon_156_v20251217.parquet:parquet:146633,candidate_pending_independent_review,/workspace/settlements-work/continuation_20261004/accepted_graph25_bounded_cases_20261005/accepted_point_uses.parquet,cc2a7cf67d7c25eec2de7f962c49478dd275646138f1303ae3410bf2a6922d23,target_source_record_id=2021:data_allsettlements_anon_156_v20251217.parquet:parquet:146633,representative_point_continuity_over_proposed_county_name_identity,False,False,False
2002:006_1916564aaa_02c_Kaluzhskaja.xls:Sheet1:1017,2002,54.8668536,37.0652308,2021:data_allsettlements_anon_156_v20251217.parquet:parquet:28069,candidate_pending_independent_review,/workspace/settlements-work/continuation_20261004/accepted_graph25_bounded_cases_20261005/accepted_point_uses.parquet,cc2a7cf67d7c25eec2de7f962c49478dd275646138f1303ae3410bf2a6922d23,target_source_record_id=2021:data_allsettlements_anon_156_v20251217.parquet:parquet:28069,representative_point_continuity_over_proposed_county_name_identity,False,False,False
2002:006_1916564aaa_02c_Kaluzhskaja.xls:Sheet1:1560,2002,53.9754901,34.1231799,2021:data_allsettlements_anon_156_v20251217.parquet:parquet:28566,candidate_pending_independent_review,/workspace/settlements-work/continuation_20261004/accepted_graph25_bounded_cases_20261005/accepted_point_uses.parquet,cc2a7cf67d7c25eec2de7f962c49478dd275646138f1303ae3410bf2a6922d23,target_source_record_id=2021:data_allsettlements_anon_156_v20251217.parquet:parquet:28566,representative_point_continuity_over_proposed_county_name_identity,False,False,False
2002:006_1916564aaa_02c_Kaluzhskaja.xls:Sheet1:3185,2002,53.6439293,35.9150282,2021:data_allsettlements_anon_156_v20251217.parquet:parquet:30159,candidate_pending_independent_review,/workspace/settlements-work/continuation_20261004/accepted_graph25_bounded_cases_20261005/accepted_point_uses.parquet,cc2a7cf67d7c25eec2de7f962c49478dd275646138f1303ae3410bf2a6922d23,target_source_record_id=2021:data_allsettlements_anon_156_v20251217.parquet:parquet:30159,representative_point_continuity_over_proposed_county_name_identity,False,False,False
2002:006_1916564aaa_02c_Kaluzhskaja.xls:Sheet1:3504,2002,53.3909537,35.0844011,2021:data_allsettlements_anon_156_v20251217.parquet:parquet:30462,candidate_pending_independent_review,/workspace/settlements-work/continuation_20261004/accepted_graph25_bounded_cases_20261005/accepted_point_uses.parquet,cc2a7cf67d7c25eec2de7f962c49478dd275646138f1303ae3410bf2a6922d23,target_source_record_id=2021:data_allsettlements_anon_156_v20251217.parquet:parquet:30462,representative_point_continuity_over_proposed_county_name_identity,False,False,False
2002:011_f46bbaadfd_02c_Orlovskaja.xls:Sheet1:1878,2002,53.0396285,36.7435642,2021:data_allsettlements_anon_156_v20251217.parquet:parquet:92494,candidate_pending_independent_review,/workspace/settlements-work/continuation_20261004/accepted_graph25_bounded_cases_20261005/accepted_point_uses.parquet,cc2a7cf67d7c25eec2de7f962c49478dd275646138f1303ae3410bf2a6922d23,target_source_record_id=2021:data_allsettlements_anon_156_v20251217.parquet:parquet:92494,representative_point_continuity_over_proposed_county_name_identity,False,False,False
2002:017_6374fdddeb_02c_Yaroslavskaja.xls:Sheet1:854,2002,57.4338563,39.4148532,2021:data_allsettlements_anon_156_v20251217.parquet:parquet:168033,candidate_pending_independent_review,/workspace/settlements-work/continuation_20261004/accepted_graph25_bounded_cases_20261005/accepted_point_uses.parquet,cc2a7cf67d7c25eec2de7f962c49478dd275646138f1303ae3410bf2a6922d23,target_source_record_id=2021:data_allsettlements_anon_156_v20251217.parquet:parquet:168033,representative_point_continuity_over_proposed_county_name_identity,False,False,False
2002:020_e4f979c6c7_02c_Arxang-new.xls:Sheet1:801,2002,61.1892656,47.6335912,2021:data_allsettlements_anon_156_v20251217.parquet:parquet:86933,candidate_pending_independent_review,/workspace/settlements-work/continuation_20261004/accepted_graph25_bounded_cases_20261005/accepted_point_uses.parquet,cc2a7cf67d7c25eec2de7f962c49478dd275646138f1303ae3410bf2a6922d23,target_source_record_id=2021:data_allsettlements_anon_156_v20251217.parquet:parquet:86933,representative_point_continuity_over_proposed_county_name_identity,False,False,False
2002:048_4f024587eb_02c_Nizhegorod_obl_new.xls:11:3233,2002,54.971259,44.318016,2021:data_allsettlements_anon_156_v20251217.parquet:parquet:74432,candidate_pending_independent_review,/workspace/settlements-work/continuation_20261004/accepted_graph25_bounded_cases_20261005/accepted_point_uses.parquet,cc2a7cf67d7c25eec2de7f962c49478dd275646138f1303ae3410bf2a6922d23,target_source_record_id=2021:data_allsettlements_anon_156_v20251217.parquet:parquet:74432,representative_point_continuity_over_proposed_county_name_identity,False,False,False
2002:055_430166490c_Uljanovskaja_new.xls:Sheet1:770,2002,53.0816411,47.3545814,2021:data_allsettlements_anon_156_v20251217.parquet:parquet:158143,candidate_pending_independent_review,/workspace/settlements-work/continuation_20261004/accepted_graph25_bounded_cases_20261005/accepted_point_uses.parquet,cc2a7cf67d7c25eec2de7f962c49478dd275646138f1303ae3410bf2a6922d23,target_source_record_id=2021:data_allsettlements_anon_156_v20251217.parquet:parquet:158143,representative_point_continuity_over_proposed_county_name_identity,False,False,False
2002:085_b44ee84c57_saxalin.xls:Sheet1:213,2002,50.719722,156.205,2021:data_allsettlements_anon_156_v20251217.parquet:parquet:118562,candidate_pending_independent_review,/workspace/settlements-work/continuation_20261004/accepted_graph25_bounded_cases_20261005/accepted_point_uses.parquet,cc2a7cf67d7c25eec2de7f962c49478dd275646138f1303ae3410bf2a6922d23,target_source_record_id=2021:data_allsettlements_anon_156_v20251217.parquet:parquet:118562,representative_point_continuity_over_proposed_county_name_identity,False,False,False
