group,census_year,source_record_id,settlement_name,settlement_type,population,source_population_quality,source_file,source_file_sha256,source_row_locator,source_population_unmodified,exclusive_source_ID_credit,ordinary_same_place,already_in_existing_source_ID_union,own_native_point_available,candidate_only,source_grain_role,decision_status,identity_axis,source_grain,boundary_comparability,exact_annexation_roster_claimed,legal_annexation_asserted,historical_constituent_own_point_asserted,historical_individual_point_asserted,additive_only_within_complete_published_year_group,separate_population_credit_in_addition_to_group,scope_id,year,native_population,native_population_quality,raw_source_path,raw_source_sha256,point_assigned_to_individual_NP,nonadditive_auxiliary_raw_atom,native_selected_ID_credit,raw_atomic_type,scope_grain,member_name,native_name,native_type,native_county,raw_sheet,raw_row_1based,raw_label,raw_population_cell,member_binding_rule,already_in_stage25_mixed_union,new_native_population_if_scope_admitted,candidate_status,own_NP_2021_count_asserted,native_individual_own_point_available_baseline25,individual_point_status_provenance,is_exclusive_constituent_at_own_scope,is_additive_to_ordinary_selected_denominator,raw_population,selected_native_source_ID,already_in_stage26_and_accepted_scope_union,selected_official_override_note,same_place_edge_created,already_in_finite_ordinary_partitions_qualified_named_union
published_closed_city_scope_Каменск_Шахтинский,2002.0,2002:1_TOM_01_04.xls:0:4962,Каменск-Шахтинский,город,75632.0,direct_published_census_value,/workspace/settlements-raw/data/raw/2002_official_tom1/1_TOM_01_04.xls,745a24599719c877a8ddf015aadf22d3cb859444819a32f8197ae525d91483f3,0!row_1based=4962.0,True,True,False,True,True,False,atomic_NP_in_complete_published_scope,applied_complete_published_city_territorial_scope,published_complete_city_territory_scope,city_with_published_subordinates,UNKNOWN,False,False,False,False,True,False,published_closed_city_scope_Каменск_Шахтинский,2002,75632.0,direct_published_census_value,/workspace/settlements-raw/data/raw/2002_official_tom1/1_TOM_01_04.xls,745a24599719c877a8ddf015aadf22d3cb859444819a32f8197ae525d91483f3,False,,,,,,,,,,,,,,,,,,,,,,,,,,,True
published_closed_city_scope_Каменск_Шахтинский,2002.0,2002:1_TOM_01_04.xls:0:4963,Заводской,пгт,8962.0,direct_published_census_value,/workspace/settlements-raw/data/raw/2002_official_tom1/1_TOM_01_04.xls,745a24599719c877a8ddf015aadf22d3cb859444819a32f8197ae525d91483f3,0!row_1based=4963.0,True,True,False,False,False,False,atomic_NP_in_complete_published_scope,applied_complete_published_city_territorial_scope,published_complete_city_territory_scope,city_with_published_subordinates,UNKNOWN,False,False,False,False,True,False,published_closed_city_scope_Каменск_Шахтинский,2002,8962.0,direct_published_census_value,/workspace/settlements-raw/data/raw/2002_official_tom1/1_TOM_01_04.xls,745a24599719c877a8ddf015aadf22d3cb859444819a32f8197ae525d91483f3,False,,,,,,,,,,,,,,,,,,,,,,,,,,,False
published_closed_city_scope_Каменск_Шахтинский,2002.0,2002:1_TOM_01_04.xls:0:4964,Лиховской,пгт,13638.0,direct_published_census_value,/workspace/settlements-raw/data/raw/2002_official_tom1/1_TOM_01_04.xls,745a24599719c877a8ddf015aadf22d3cb859444819a32f8197ae525d91483f3,0!row_1based=4964.0,True,True,False,False,False,False,atomic_NP_in_complete_published_scope,applied_complete_published_city_territorial_scope,published_complete_city_territory_scope,city_with_published_subordinates,UNKNOWN,False,False,False,False,True,False,published_closed_city_scope_Каменск_Шахтинский,2002,13638.0,direct_published_census_value,/workspace/settlements-raw/data/raw/2002_official_tom1/1_TOM_01_04.xls,745a24599719c877a8ddf015aadf22d3cb859444819a32f8197ae525d91483f3,False,,,,,,,,,,,,,,,,,,,,,,,,,,,False
published_closed_city_scope_Каменск_Шахтинский,2010.0,2010:pub-11-1-4.pdf:pdf_page_7:29,Каменск-Шахтинский,город,95296.0,direct_official_city_value,/workspace/settlements-raw/data/raw/2010_official_tom11/pub-11-1-4.pdf,db2528e6db3c6089351bd09d253c9dfa607e2f2dff6cc45d1174fb21fa96d500,pdf_page_7!row_1based=29.0,True,True,False,True,True,False,atomic_NP_in_complete_published_scope,applied_complete_published_city_territorial_scope,published_complete_city_territory_scope,city_with_published_subordinates,UNKNOWN,False,False,False,False,True,False,published_closed_city_scope_Каменск_Шахтинский,2010,95296.0,direct_official_city_value,/workspace/settlements-raw/data/raw/2010_official_tom11/pub-11-1-4.pdf,db2528e6db3c6089351bd09d253c9dfa607e2f2dff6cc45d1174fb21fa96d500,False,,,,,,,,,,,,,,,,,,,,,,,,,,,True
published_closed_city_scope_Каменск_Шахтинский,2021.0,2021:data_allsettlements_anon_156_v20251217.parquet:parquet:111473,Каменск-Шахтинский,город,86365.0,direct_published_census_value,/workspace/settlements-raw/data/interim/2021_tochno/data_allsettlements_anon_156_v20251217.parquet,86c197cd522e0b63669e9c6e7f43fd3d82b3704c6a126c800a9968ecd16cae14,parquet!row_1based=111473.0,True,True,False,True,True,False,atomic_NP_in_complete_published_scope,applied_complete_published_city_territorial_scope,published_complete_city_territory_scope,city_with_published_subordinates,UNKNOWN,False,False,False,False,True,False,published_closed_city_scope_Каменск_Шахтинский,2021,86365.0,direct_published_census_value,/workspace/settlements-raw/data/interim/2021_tochno/data_allsettlements_anon_156_v20251217.parquet,86c197cd522e0b63669e9c6e7f43fd3d82b3704c6a126c800a9968ecd16cae14,False,,,,,,,,,,,,,,,,,,,,,,,,,,,True
published_closed_city_scope_Волгоград,2002.0,2002:1_TOM_01_04.xls:0:4778,Волгоград,город,1011417.0,direct_published_census_value,/workspace/settlements-raw/data/raw/2002_official_tom1/1_TOM_01_04.xls,745a24599719c877a8ddf015aadf22d3cb859444819a32f8197ae525d91483f3,0!row_1based=4778.0,True,True,False,True,True,False,atomic_NP_in_complete_published_scope,applied_complete_published_city_territorial_scope,published_complete_city_territory_scope,city_with_published_subordinates,UNKNOWN,False,False,False,False,True,False,published_closed_city_scope_Волгоград,2002,1011417.0,direct_published_census_value,/workspace/settlements-raw/data/raw/2002_official_tom1/1_TOM_01_04.xls,745a24599719c877a8ddf015aadf22d3cb859444819a32f8197ae525d91483f3,False,,,,,,,,,,,,,,,,,,,,,,,,,,,True
published_closed_city_scope_Волгоград,2002.0,2002:1_TOM_01_04.xls:0:4788,Водстрой,пгт,4164.0,direct_published_census_value,/workspace/settlements-raw/data/raw/2002_official_tom1/1_TOM_01_04.xls,745a24599719c877a8ddf015aadf22d3cb859444819a32f8197ae525d91483f3,0!row_1based=4788.0,True,True,False,False,False,False,atomic_NP_in_complete_published_scope,applied_complete_published_city_territorial_scope,published_complete_city_territory_scope,city_with_published_subordinates,UNKNOWN,False,False,False,False,True,False,published_closed_city_scope_Волгоград,2002,4164.0,direct_published_census_value,/workspace/settlements-raw/data/raw/2002_official_tom1/1_TOM_01_04.xls,745a24599719c877a8ddf015aadf22d3cb859444819a32f8197ae525d91483f3,False,,,,,,,,,,,,,,,,,,,,,,,,,,,False
published_closed_city_scope_Волгоград,2002.0,2002:1_TOM_01_04.xls:0:4789,Горьковский,пгт,15281.0,direct_published_census_value,/workspace/settlements-raw/data/raw/2002_official_tom1/1_TOM_01_04.xls,745a24599719c877a8ddf015aadf22d3cb859444819a32f8197ae525d91483f3,0!row_1based=4789.0,True,True,False,False,False,False,atomic_NP_in_complete_published_scope,applied_complete_published_city_territorial_scope,published_complete_city_territory_scope,city_with_published_subordinates,UNKNOWN,False,False,False,False,True,False,published_closed_city_scope_Волгоград,2002,15281.0,direct_published_census_value,/workspace/settlements-raw/data/raw/2002_official_tom1/1_TOM_01_04.xls,745a24599719c877a8ddf015aadf22d3cb859444819a32f8197ae525d91483f3,False,,,,,,,,,,,,,,,,,,,,,,,,,,,False
published_closed_city_scope_Волгоград,2002.0,2002:1_TOM_01_04.xls:0:4790,Гумрак,пгт,5215.0,direct_published_census_value,/workspace/settlements-raw/data/raw/2002_official_tom1/1_TOM_01_04.xls,745a24599719c877a8ddf015aadf22d3cb859444819a32f8197ae525d91483f3,0!row_1based=4790.0,True,True,False,False,False,False,atomic_NP_in_complete_published_scope,applied_complete_published_city_territorial_scope,published_complete_city_territory_scope,city_with_published_subordinates,UNKNOWN,False,False,False,False,True,False,published_closed_city_scope_Волгоград,2002,5215.0,direct_published_census_value,/workspace/settlements-raw/data/raw/2002_official_tom1/1_TOM_01_04.xls,745a24599719c877a8ddf015aadf22d3cb859444819a32f8197ae525d91483f3,False,,,,,,,,,,,,,,,,,,,,,,,,,,,False
published_closed_city_scope_Волгоград,2002.0,2002:1_TOM_01_04.xls:0:4791,Южный,пгт,1886.0,direct_published_census_value,/workspace/settlements-raw/data/raw/2002_official_tom1/1_TOM_01_04.xls,745a24599719c877a8ddf015aadf22d3cb859444819a32f8197ae525d91483f3,0!row_1based=4791.0,True,True,False,False,False,False,atomic_NP_in_complete_published_scope,applied_complete_published_city_territorial_scope,published_complete_city_territory_scope,city_with_published_subordinates,UNKNOWN,False,False,False,False,True,False,published_closed_city_scope_Волгоград,2002,1886.0,direct_published_census_value,/workspace/settlements-raw/data/raw/2002_official_tom1/1_TOM_01_04.xls,745a24599719c877a8ddf015aadf22d3cb859444819a32f8197ae525d91483f3,False,,,,,,,,,,,,,,,,,,,,,,,,,,,False
published_closed_city_scope_Волгоград,2002.0,2002:039_1d4b1f6286_02c_Volgograd.xls:Sheet1:10,Зайчики,хутор,37.0,direct_published_census_value,/workspace/settlements-raw/data/raw/2002/039_1d4b1f6286_02c_Volgograd.xls,20a8610fec6372e59f8b86a057a6c8fd20b9befc993641a2d0329cf8da491045,Sheet1!row_1based=10.0,True,True,False,False,False,False,atomic_NP_in_complete_published_scope,applied_complete_published_city_territorial_scope,published_complete_city_territory_scope,city_with_published_subordinates,UNKNOWN,False,False,False,False,True,False,published_closed_city_scope_Волгоград,2002,37.0,direct_published_census_value,/workspace/settlements-raw/data/raw/2002/039_1d4b1f6286_02c_Volgograd.xls,20a8610fec6372e59f8b86a057a6c8fd20b9befc993641a2d0329cf8da491045,False,,,,,,,,,,,,,,,,,,,,,,,,,,,False
published_closed_city_scope_Волгоград,2002.0,2002:039_1d4b1f6286_02c_Volgograd.xls:Sheet1:11,Крестовый,хутор,58.0,direct_published_census_value,/workspace/settlements-raw/data/raw/2002/039_1d4b1f6286_02c_Volgograd.xls,20a8610fec6372e59f8b86a057a6c8fd20b9befc993641a2d0329cf8da491045,Sheet1!row_1based=11.0,True,True,False,False,False,False,atomic_NP_in_complete_published_scope,applied_complete_published_city_territorial_scope,published_complete_city_territory_scope,city_with_published_subordinates,UNKNOWN,False,False,False,False,True,False,published_closed_city_scope_Волгоград,2002,58.0,direct_published_census_value,/workspace/settlements-raw/data/raw/2002/039_1d4b1f6286_02c_Volgograd.xls,20a8610fec6372e59f8b86a057a6c8fd20b9befc993641a2d0329cf8da491045,False,,,,,,,,,,,,,,,,,,,,,,,,,,,False
published_closed_city_scope_Волгоград,2002.0,2002:039_1d4b1f6286_02c_Volgograd.xls:Sheet1:12,Лесной,хутор,11.0,direct_published_census_value,/workspace/settlements-raw/data/raw/2002/039_1d4b1f6286_02c_Volgograd.xls,20a8610fec6372e59f8b86a057a6c8fd20b9befc993641a2d0329cf8da491045,Sheet1!row_1based=12.0,True,True,False,False,False,False,atomic_NP_in_complete_published_scope,applied_complete_published_city_territorial_scope,published_complete_city_territory_scope,city_with_published_subordinates,UNKNOWN,False,False,False,False,True,False,published_closed_city_scope_Волгоград,2002,11.0,direct_published_census_value,/workspace/settlements-raw/data/raw/2002/039_1d4b1f6286_02c_Volgograd.xls,20a8610fec6372e59f8b86a057a6c8fd20b9befc993641a2d0329cf8da491045,False,,,,,,,,,,,,,,,,,,,,,,,,,,,False
published_closed_city_scope_Волгоград,2002.0,2002:039_1d4b1f6286_02c_Volgograd.xls:Sheet1:13,Лещев,хутор,29.0,direct_published_census_value,/workspace/settlements-raw/data/raw/2002/039_1d4b1f6286_02c_Volgograd.xls,20a8610fec6372e59f8b86a057a6c8fd20b9befc993641a2d0329cf8da491045,Sheet1!row_1based=13.0,True,True,False,False,False,False,atomic_NP_in_complete_published_scope,applied_complete_published_city_territorial_scope,published_complete_city_territory_scope,city_with_published_subordinates,UNKNOWN,False,False,False,False,True,False,published_closed_city_scope_Волгоград,2002,29.0,direct_published_census_value,/workspace/settlements-raw/data/raw/2002/039_1d4b1f6286_02c_Volgograd.xls,20a8610fec6372e59f8b86a057a6c8fd20b9befc993641a2d0329cf8da491045,False,,,,,,,,,,,,,,,,,,,,,,,,,,,False
published_closed_city_scope_Волгоград,2002.0,2002:039_1d4b1f6286_02c_Volgograd.xls:Sheet1:14,Павловский,хутор,89.0,direct_published_census_value,/workspace/settlements-raw/data/raw/2002/039_1d4b1f6286_02c_Volgograd.xls,20a8610fec6372e59f8b86a057a6c8fd20b9befc993641a2d0329cf8da491045,Sheet1!row_1based=14.0,True,True,False,False,False,False,atomic_NP_in_complete_published_scope,applied_complete_published_city_territorial_scope,published_complete_city_territory_scope,city_with_published_subordinates,UNKNOWN,False,False,False,False,True,False,published_closed_city_scope_Волгоград,2002,89.0,direct_published_census_value,/workspace/settlements-raw/data/raw/2002/039_1d4b1f6286_02c_Volgograd.xls,20a8610fec6372e59f8b86a057a6c8fd20b9befc993641a2d0329cf8da491045,False,,,,,,,,,,,,,,,,,,,,,,,,,,,False
published_closed_city_scope_Волгоград,2002.0,2002:039_1d4b1f6286_02c_Volgograd.xls:Sheet1:15,Песчаная 1-я,хутор,61.0,direct_published_census_value,/workspace/settlements-raw/data/raw/2002/039_1d4b1f6286_02c_Volgograd.xls,20a8610fec6372e59f8b86a057a6c8fd20b9befc993641a2d0329cf8da491045,Sheet1!row_1based=15.0,True,True,False,False,False,False,atomic_NP_in_complete_published_scope,applied_complete_published_city_territorial_scope,published_complete_city_territory_scope,city_with_published_subordinates,UNKNOWN,False,False,False,False,True,False,published_closed_city_scope_Волгоград,2002,61.0,direct_published_census_value,/workspace/settlements-raw/data/raw/2002/039_1d4b1f6286_02c_Volgograd.xls,20a8610fec6372e59f8b86a057a6c8fd20b9befc993641a2d0329cf8da491045,False,,,,,,,,,,,,,,,,,,,,,,,,,,,False
published_closed_city_scope_Волгоград,2002.0,2002:039_1d4b1f6286_02c_Volgograd.xls:Sheet1:16,Песчаная 2-я,хутор,107.0,direct_published_census_value,/workspace/settlements-raw/data/raw/2002/039_1d4b1f6286_02c_Volgograd.xls,20a8610fec6372e59f8b86a057a6c8fd20b9befc993641a2d0329cf8da491045,Sheet1!row_1based=16.0,True,True,False,False,False,False,atomic_NP_in_complete_published_scope,applied_complete_published_city_territorial_scope,published_complete_city_territory_scope,city_with_published_subordinates,UNKNOWN,False,False,False,False,True,False,published_closed_city_scope_Волгоград,2002,107.0,direct_published_census_value,/workspace/settlements-raw/data/raw/2002/039_1d4b1f6286_02c_Volgograd.xls,20a8610fec6372e59f8b86a057a6c8fd20b9befc993641a2d0329cf8da491045,False,,,,,,,,,,,,,,,,,,,,,,,,,,,False
published_closed_city_scope_Волгоград,2002.0,2002:039_1d4b1f6286_02c_Volgograd.xls:Sheet1:17,Песчаная 3-я,хутор,31.0,direct_published_census_value,/workspace/settlements-raw/data/raw/2002/039_1d4b1f6286_02c_Volgograd.xls,20a8610fec6372e59f8b86a057a6c8fd20b9befc993641a2d0329cf8da491045,Sheet1!row_1based=17.0,True,True,False,False,False,False,atomic_NP_in_complete_published_scope,applied_complete_published_city_territorial_scope,published_complete_city_territory_scope,city_with_published_subordinates,UNKNOWN,False,False,False,False,True,False,published_closed_city_scope_Волгоград,2002,31.0,direct_published_census_value,/workspace/settlements-raw/data/raw/2002/039_1d4b1f6286_02c_Volgograd.xls,20a8610fec6372e59f8b86a057a6c8fd20b9befc993641a2d0329cf8da491045,False,,,,,,,,,,,,,,,,,,,,,,,,,,,False
published_closed_city_scope_Волгоград,2002.0,2002:039_1d4b1f6286_02c_Volgograd.xls:Sheet1:18,Рыбовод,хутор,46.0,direct_published_census_value,/workspace/settlements-raw/data/raw/2002/039_1d4b1f6286_02c_Volgograd.xls,20a8610fec6372e59f8b86a057a6c8fd20b9befc993641a2d0329cf8da491045,Sheet1!row_1based=18.0,True,True,False,False,False,False,atomic_NP_in_complete_published_scope,applied_complete_published_city_territorial_scope,published_complete_city_territory_scope,city_with_published_subordinates,UNKNOWN,False,False,False,False,True,False,published_closed_city_scope_Волгоград,2002,46.0,direct_published_census_value,/workspace/settlements-raw/data/raw/2002/039_1d4b1f6286_02c_Volgograd.xls,20a8610fec6372e59f8b86a057a6c8fd20b9befc993641a2d0329cf8da491045,False,,,,,,,,,,,,,,,,,,,,,,,,,,,False
published_closed_city_scope_Волгоград,2002.0,2002:039_1d4b1f6286_02c_Volgograd.xls:Sheet1:20,Соляной,посёлок,1149.0,direct_published_census_value,/workspace/settlements-raw/data/raw/2002/039_1d4b1f6286_02c_Volgograd.xls,20a8610fec6372e59f8b86a057a6c8fd20b9befc993641a2d0329cf8da491045,Sheet1!row_1based=20.0,True,True,False,False,False,False,atomic_NP_in_complete_published_scope,applied_complete_published_city_territorial_scope,published_complete_city_territory_scope,city_with_published_subordinates,UNKNOWN,False,False,False,False,True,False,published_closed_city_scope_Волгоград,2002,1149.0,direct_published_census_value,/workspace/settlements-raw/data/raw/2002/039_1d4b1f6286_02c_Volgograd.xls,20a8610fec6372e59f8b86a057a6c8fd20b9befc993641a2d0329cf8da491045,False,,,,,,,,,,,,,,,,,,,,,,,,,,,False
published_closed_city_scope_Волгоград,2002.0,2002:039_1d4b1f6286_02c_Volgograd.xls:Sheet1:21,Имени 19-го Партсьезда,посёлок,421.0,direct_published_census_value,/workspace/settlements-raw/data/raw/2002/039_1d4b1f6286_02c_Volgograd.xls,20a8610fec6372e59f8b86a057a6c8fd20b9befc993641a2d0329cf8da491045,Sheet1!row_1based=21.0,True,True,False,False,False,False,atomic_NP_in_complete_published_scope,applied_complete_published_city_territorial_scope,published_complete_city_territory_scope,city_with_published_subordinates,UNKNOWN,False,False,False,False,True,False,published_closed_city_scope_Волгоград,2002,421.0,direct_published_census_value,/workspace/settlements-raw/data/raw/2002/039_1d4b1f6286_02c_Volgograd.xls,20a8610fec6372e59f8b86a057a6c8fd20b9befc993641a2d0329cf8da491045,False,,,,,,,,,,,,,,,,,,,,,,,,,,,False
published_closed_city_scope_Волгоград,2002.0,2002:039_1d4b1f6286_02c_Volgograd.xls:Sheet1:24,Горный,посёлок,1020.0,direct_published_census_value,/workspace/settlements-raw/data/raw/2002/039_1d4b1f6286_02c_Volgograd.xls,20a8610fec6372e59f8b86a057a6c8fd20b9befc993641a2d0329cf8da491045,Sheet1!row_1based=24.0,True,True,False,False,False,False,atomic_NP_in_complete_published_scope,applied_complete_published_city_territorial_scope,published_complete_city_territory_scope,city_with_published_subordinates,UNKNOWN,False,False,False,False,True,False,published_closed_city_scope_Волгоград,2002,1020.0,direct_published_census_value,/workspace/settlements-raw/data/raw/2002/039_1d4b1f6286_02c_Volgograd.xls,20a8610fec6372e59f8b86a057a6c8fd20b9befc993641a2d0329cf8da491045,False,,,,,,,,,,,,,,,,,,,,,,,,,,,False
published_closed_city_scope_Волгоград,2002.0,2002:039_1d4b1f6286_02c_Volgograd.xls:Sheet1:25,Водный,посёлок,931.0,direct_published_census_value,/workspace/settlements-raw/data/raw/2002/039_1d4b1f6286_02c_Volgograd.xls,20a8610fec6372e59f8b86a057a6c8fd20b9befc993641a2d0329cf8da491045,Sheet1!row_1based=25.0,True,True,False,False,False,False,atomic_NP_in_complete_published_scope,applied_complete_published_city_territorial_scope,published_complete_city_territory_scope,city_with_published_subordinates,UNKNOWN,False,False,False,False,True,False,published_closed_city_scope_Волгоград,2002,931.0,direct_published_census_value,/workspace/settlements-raw/data/raw/2002/039_1d4b1f6286_02c_Volgograd.xls,20a8610fec6372e59f8b86a057a6c8fd20b9befc993641a2d0329cf8da491045,False,,,,,,,,,,,,,,,,,,,,,,,,,,,False
published_closed_city_scope_Волгоград,2002.0,2002:039_1d4b1f6286_02c_Volgograd.xls:Sheet1:26,Горная Поляна,посёлок,684.0,direct_published_census_value,/workspace/settlements-raw/data/raw/2002/039_1d4b1f6286_02c_Volgograd.xls,20a8610fec6372e59f8b86a057a6c8fd20b9befc993641a2d0329cf8da491045,Sheet1!row_1based=26.0,True,True,False,False,False,False,atomic_NP_in_complete_published_scope,applied_complete_published_city_territorial_scope,published_complete_city_territory_scope,city_with_published_subordinates,UNKNOWN,False,False,False,False,True,False,published_closed_city_scope_Волгоград,2002,684.0,direct_published_census_value,/workspace/settlements-raw/data/raw/2002/039_1d4b1f6286_02c_Volgograd.xls,20a8610fec6372e59f8b86a057a6c8fd20b9befc993641a2d0329cf8da491045,False,,,,,,,,,,,,,,,,,,,,,,,,,,,False
published_closed_city_scope_Волгоград,2002.0,2002:039_1d4b1f6286_02c_Volgograd.xls:Sheet1:27,Гули Королевой,посёлок,454.0,direct_published_census_value,/workspace/settlements-raw/data/raw/2002/039_1d4b1f6286_02c_Volgograd.xls,20a8610fec6372e59f8b86a057a6c8fd20b9befc993641a2d0329cf8da491045,Sheet1!row_1based=27.0,True,True,False,False,False,False,atomic_NP_in_complete_published_scope,applied_complete_published_city_territorial_scope,published_complete_city_territory_scope,city_with_published_subordinates,UNKNOWN,False,False,False,False,True,False,published_closed_city_scope_Волгоград,2002,454.0,direct_published_census_value,/workspace/settlements-raw/data/raw/2002/039_1d4b1f6286_02c_Volgograd.xls,20a8610fec6372e59f8b86a057a6c8fd20b9befc993641a2d0329cf8da491045,False,,,,,,,,,,,,,,,,,,,,,,,,,,,False
published_closed_city_scope_Волгоград,2002.0,2002:039_1d4b1f6286_02c_Volgograd.xls:Sheet1:28,Майский,посёлок,479.0,direct_published_census_value,/workspace/settlements-raw/data/raw/2002/039_1d4b1f6286_02c_Volgograd.xls,20a8610fec6372e59f8b86a057a6c8fd20b9befc993641a2d0329cf8da491045,Sheet1!row_1based=28.0,True,True,False,False,False,False,atomic_NP_in_complete_published_scope,applied_complete_published_city_territorial_scope,published_complete_city_territory_scope,city_with_published_subordinates,UNKNOWN,False,False,False,False,True,False,published_closed_city_scope_Волгоград,2002,479.0,direct_published_census_value,/workspace/settlements-raw/data/raw/2002/039_1d4b1f6286_02c_Volgograd.xls,20a8610fec6372e59f8b86a057a6c8fd20b9befc993641a2d0329cf8da491045,False,,,,,,,,,,,,,,,,,,,,,,,,,,,False
published_closed_city_scope_Волгоград,2002.0,2002:039_1d4b1f6286_02c_Volgograd.xls:Sheet1:30,Заречный,посёлок,292.0,direct_published_census_value,/workspace/settlements-raw/data/raw/2002/039_1d4b1f6286_02c_Volgograd.xls,20a8610fec6372e59f8b86a057a6c8fd20b9befc993641a2d0329cf8da491045,Sheet1!row_1based=30.0,True,True,False,False,False,False,atomic_NP_in_complete_published_scope,applied_complete_published_city_territorial_scope,published_complete_city_territory_scope,city_with_published_subordinates,UNKNOWN,False,False,False,False,True,False,published_closed_city_scope_Волгоград,2002,292.0,direct_published_census_value,/workspace/settlements-raw/data/raw/2002/039_1d4b1f6286_02c_Volgograd.xls,20a8610fec6372e59f8b86a057a6c8fd20b9befc993641a2d0329cf8da491045,False,,,,,,,,,,,,,,,,,,,,,,,,,,,False
published_closed_city_scope_Волгоград,2002.0,2002:039_1d4b1f6286_02c_Volgograd.xls:Sheet1:32,Овражный,хутор,25.0,direct_published_census_value,/workspace/settlements-raw/data/raw/2002/039_1d4b1f6286_02c_Volgograd.xls,20a8610fec6372e59f8b86a057a6c8fd20b9befc993641a2d0329cf8da491045,Sheet1!row_1based=32.0,True,True,False,False,False,False,atomic_NP_in_complete_published_scope,applied_complete_published_city_territorial_scope,published_complete_city_territory_scope,city_with_published_subordinates,UNKNOWN,False,False,False,False,True,False,published_closed_city_scope_Волгоград,2002,25.0,direct_published_census_value,/workspace/settlements-raw/data/raw/2002/039_1d4b1f6286_02c_Volgograd.xls,20a8610fec6372e59f8b86a057a6c8fd20b9befc993641a2d0329cf8da491045,False,,,,,,,,,,,,,,,,,,,,,,,,,,,False
published_closed_city_scope_Волгоград,2002.0,2002:039_1d4b1f6286_02c_Volgograd.xls:Sheet1:6,Кожзавод,хутор,227.0,direct_published_census_value,/workspace/settlements-raw/data/raw/2002/039_1d4b1f6286_02c_Volgograd.xls,20a8610fec6372e59f8b86a057a6c8fd20b9befc993641a2d0329cf8da491045,Sheet1!row_1based=6.0,True,True,False,False,False,False,atomic_NP_in_complete_published_scope,applied_complete_published_city_territorial_scope,published_complete_city_territory_scope,city_with_published_subordinates,UNKNOWN,False,False,False,False,True,False,published_closed_city_scope_Волгоград,2002,227.0,direct_published_census_value,/workspace/settlements-raw/data/raw/2002/039_1d4b1f6286_02c_Volgograd.xls,20a8610fec6372e59f8b86a057a6c8fd20b9befc993641a2d0329cf8da491045,False,,,,,,,,,,,,,,,,,,,,,,,,,,,False
published_closed_city_scope_Волгоград,2002.0,2002:039_1d4b1f6286_02c_Volgograd.xls:Sheet1:7,Бекетовский Перекат,хутор,87.0,direct_published_census_value,/workspace/settlements-raw/data/raw/2002/039_1d4b1f6286_02c_Volgograd.xls,20a8610fec6372e59f8b86a057a6c8fd20b9befc993641a2d0329cf8da491045,Sheet1!row_1based=7.0,True,True,False,False,False,False,atomic_NP_in_complete_published_scope,applied_complete_published_city_territorial_scope,published_complete_city_territory_scope,city_with_published_subordinates,UNKNOWN,False,False,False,False,True,False,published_closed_city_scope_Волгоград,2002,87.0,direct_published_census_value,/workspace/settlements-raw/data/raw/2002/039_1d4b1f6286_02c_Volgograd.xls,20a8610fec6372e59f8b86a057a6c8fd20b9befc993641a2d0329cf8da491045,False,,,,,,,,,,,,,,,,,,,,,,,,,,,False
published_closed_city_scope_Волгоград,2002.0,2002:039_1d4b1f6286_02c_Volgograd.xls:Sheet1:8,Бобыли,хутор,117.0,direct_published_census_value,/workspace/settlements-raw/data/raw/2002/039_1d4b1f6286_02c_Volgograd.xls,20a8610fec6372e59f8b86a057a6c8fd20b9befc993641a2d0329cf8da491045,Sheet1!row_1based=8.0,True,True,False,False,False,False,atomic_NP_in_complete_published_scope,applied_complete_published_city_territorial_scope,published_complete_city_territory_scope,city_with_published_subordinates,UNKNOWN,False,False,False,False,True,False,published_closed_city_scope_Волгоград,2002,117.0,direct_published_census_value,/workspace/settlements-raw/data/raw/2002/039_1d4b1f6286_02c_Volgograd.xls,20a8610fec6372e59f8b86a057a6c8fd20b9befc993641a2d0329cf8da491045,False,,,,,,,,,,,,,,,,,,,,,,,,,,,False
published_closed_city_scope_Волгоград,2002.0,2002:039_1d4b1f6286_02c_Volgograd.xls:Sheet1:9,Волгострой,хутор,38.0,direct_published_census_value,/workspace/settlements-raw/data/raw/2002/039_1d4b1f6286_02c_Volgograd.xls,20a8610fec6372e59f8b86a057a6c8fd20b9befc993641a2d0329cf8da491045,Sheet1!row_1based=9.0,True,True,False,False,False,False,atomic_NP_in_complete_published_scope,applied_complete_published_city_territorial_scope,published_complete_city_territory_scope,city_with_published_subordinates,UNKNOWN,False,False,False,False,True,False,published_closed_city_scope_Волгоград,2002,38.0,direct_published_census_value,/workspace/settlements-raw/data/raw/2002/039_1d4b1f6286_02c_Volgograd.xls,20a8610fec6372e59f8b86a057a6c8fd20b9befc993641a2d0329cf8da491045,False,,,,,,,,,,,,,,,,,,,,,,,,,,,False
published_closed_city_scope_Волгоград,2010.0,2010:pub-11-1-4.pdf:pdf_page_3:59,Волгоград,город,1021215.0,direct_official_city_value,/workspace/settlements-raw/data/raw/2010_official_tom11/pub-11-1-4.pdf,db2528e6db3c6089351bd09d253c9dfa607e2f2dff6cc45d1174fb21fa96d500,pdf_page_3!row_1based=59.0,True,True,False,True,True,False,atomic_NP_in_complete_published_scope,applied_complete_published_city_territorial_scope,published_complete_city_territory_scope,city_with_published_subordinates,UNKNOWN,False,False,False,False,True,False,published_closed_city_scope_Волгоград,2010,1021215.0,direct_official_city_value,/workspace/settlements-raw/data/raw/2010_official_tom11/pub-11-1-4.pdf,db2528e6db3c6089351bd09d253c9dfa607e2f2dff6cc45d1174fb21fa96d500,False,,,,,,,,,,,,,,,,,,,,,,,,,,,True
published_closed_city_scope_Волгоград,2021.0,2021:data_allsettlements_anon_156_v20251217.parquet:parquet:5771,Волгоград,город,1028036.0,direct_published_census_value,/workspace/settlements-raw/data/interim/2021_tochno/data_allsettlements_anon_156_v20251217.parquet,86c197cd522e0b63669e9c6e7f43fd3d82b3704c6a126c800a9968ecd16cae14,parquet!row_1based=5771.0,True,True,False,True,True,False,atomic_NP_in_complete_published_scope,applied_complete_published_city_territorial_scope,published_complete_city_territory_scope,city_with_published_subordinates,UNKNOWN,False,False,False,False,True,False,published_closed_city_scope_Волгоград,2021,1028036.0,direct_published_census_value,/workspace/settlements-raw/data/interim/2021_tochno/data_allsettlements_anon_156_v20251217.parquet,86c197cd522e0b63669e9c6e7f43fd3d82b3704c6a126c800a9968ecd16cae14,False,,,,,,,,,,,,,,,,,,,,,,,,,,,True
published_closed_city_scope_Челябинск,2002.0,2002:1_TOM_01_04.xls:0:7954,Челябинск,город,1077174.0,direct_published_census_value,/workspace/settlements-raw/data/raw/2002_official_tom1/1_TOM_01_04.xls,745a24599719c877a8ddf015aadf22d3cb859444819a32f8197ae525d91483f3,0!row_1based=7954.0,True,True,False,True,True,False,atomic_NP_in_complete_published_scope,applied_complete_published_city_territorial_scope,published_complete_city_territory_scope,city_with_published_subordinates,UNKNOWN,False,False,False,False,True,False,published_closed_city_scope_Челябинск,2002,1077174.0,direct_published_census_value,/workspace/settlements-raw/data/raw/2002_official_tom1/1_TOM_01_04.xls,745a24599719c877a8ddf015aadf22d3cb859444819a32f8197ae525d91483f3,False,,,,,,,,,,,,,,,,,,,,,,,,,,,True
published_closed_city_scope_Челябинск,2002.0,2002:1_TOM_01_04.xls:0:7963,Новосинеглазовский,пгт,14727.0,direct_published_census_value,/workspace/settlements-raw/data/raw/2002_official_tom1/1_TOM_01_04.xls,745a24599719c877a8ddf015aadf22d3cb859444819a32f8197ae525d91483f3,0!row_1based=7963.0,True,True,False,False,False,False,atomic_NP_in_complete_published_scope,applied_complete_published_city_territorial_scope,published_complete_city_territory_scope,city_with_published_subordinates,UNKNOWN,False,False,False,False,True,False,published_closed_city_scope_Челябинск,2002,14727.0,direct_published_census_value,/workspace/settlements-raw/data/raw/2002_official_tom1/1_TOM_01_04.xls,745a24599719c877a8ddf015aadf22d3cb859444819a32f8197ae525d91483f3,False,,,,,,,,,,,,,,,,,,,,,,,,,,,False
published_closed_city_scope_Челябинск,2002.0,2002:1_TOM_01_04.xls:0:7964,Федоровка,пгт,4204.0,direct_published_census_value,/workspace/settlements-raw/data/raw/2002_official_tom1/1_TOM_01_04.xls,745a24599719c877a8ddf015aadf22d3cb859444819a32f8197ae525d91483f3,0!row_1based=7964.0,True,True,False,False,False,False,atomic_NP_in_complete_published_scope,applied_complete_published_city_territorial_scope,published_complete_city_territory_scope,city_with_published_subordinates,UNKNOWN,False,False,False,False,True,False,published_closed_city_scope_Челябинск,2002,4204.0,direct_published_census_value,/workspace/settlements-raw/data/raw/2002_official_tom1/1_TOM_01_04.xls,745a24599719c877a8ddf015aadf22d3cb859444819a32f8197ae525d91483f3,False,,,,,,,,,,,,,,,,,,,,,,,,,,,False
published_closed_city_scope_Челябинск,2002.0,2002:061_e177b0a77d_Chel_abinskaja1.xls:Sheet1:11,Шершни,посёлок,2762.0,direct_published_census_value,/workspace/settlements-raw/data/raw/2002/061_e177b0a77d_Chel_abinskaja1.xls,0ffd4853815474209972fef66ad1704eb74deb756f869c967620a39e8caeb5f5,Sheet1!row_1based=11.0,True,True,False,False,False,False,atomic_NP_in_complete_published_scope,applied_complete_published_city_territorial_scope,published_complete_city_territory_scope,city_with_published_subordinates,UNKNOWN,False,False,False,False,True,False,published_closed_city_scope_Челябинск,2002,2762.0,direct_published_census_value,/workspace/settlements-raw/data/raw/2002/061_e177b0a77d_Chel_abinskaja1.xls,0ffd4853815474209972fef66ad1704eb74deb756f869c967620a39e8caeb5f5,False,,,,,,,,,,,,,,,,,,,,,,,,,,,False
published_closed_city_scope_Челябинск,2002.0,2002:061_e177b0a77d_Chel_abinskaja1.xls:Sheet1:13,Ухановка,посёлок,79.0,direct_published_census_value,/workspace/settlements-raw/data/raw/2002/061_e177b0a77d_Chel_abinskaja1.xls,0ffd4853815474209972fef66ad1704eb74deb756f869c967620a39e8caeb5f5,Sheet1!row_1based=13.0,True,True,False,False,False,False,atomic_NP_in_complete_published_scope,applied_complete_published_city_territorial_scope,published_complete_city_territory_scope,city_with_published_subordinates,UNKNOWN,False,False,False,False,True,False,published_closed_city_scope_Челябинск,2002,79.0,direct_published_census_value,/workspace/settlements-raw/data/raw/2002/061_e177b0a77d_Chel_abinskaja1.xls,0ffd4853815474209972fef66ad1704eb74deb756f869c967620a39e8caeb5f5,False,,,,,,,,,,,,,,,,,,,,,,,,,,,False
published_closed_city_scope_Челябинск,2002.0,2002:061_e177b0a77d_Chel_abinskaja1.xls:Sheet1:5,Смолинский,посёлок,2991.0,direct_published_census_value,/workspace/settlements-raw/data/raw/2002/061_e177b0a77d_Chel_abinskaja1.xls,0ffd4853815474209972fef66ad1704eb74deb756f869c967620a39e8caeb5f5,Sheet1!row_1based=5.0,True,True,False,False,False,False,atomic_NP_in_complete_published_scope,applied_complete_published_city_territorial_scope,published_complete_city_territory_scope,city_with_published_subordinates,UNKNOWN,False,False,False,False,True,False,published_closed_city_scope_Челябинск,2002,2991.0,direct_published_census_value,/workspace/settlements-raw/data/raw/2002/061_e177b0a77d_Chel_abinskaja1.xls,0ffd4853815474209972fef66ad1704eb74deb756f869c967620a39e8caeb5f5,False,,,,,,,,,,,,,,,,,,,,,,,,,,,False
published_closed_city_scope_Челябинск,2002.0,2002:061_e177b0a77d_Chel_abinskaja1.xls:Sheet1:6,Исаково,посёлок,927.0,direct_published_census_value,/workspace/settlements-raw/data/raw/2002/061_e177b0a77d_Chel_abinskaja1.xls,0ffd4853815474209972fef66ad1704eb74deb756f869c967620a39e8caeb5f5,Sheet1!row_1based=6.0,True,True,False,False,False,False,atomic_NP_in_complete_published_scope,applied_complete_published_city_territorial_scope,published_complete_city_territory_scope,city_with_published_subordinates,UNKNOWN,False,False,False,False,True,False,published_closed_city_scope_Челябинск,2002,927.0,direct_published_census_value,/workspace/settlements-raw/data/raw/2002/061_e177b0a77d_Chel_abinskaja1.xls,0ffd4853815474209972fef66ad1704eb74deb756f869c967620a39e8caeb5f5,False,,,,,,,,,,,,,,,,,,,,,,,,,,,False
published_closed_city_scope_Челябинск,2002.0,2002:061_e177b0a77d_Chel_abinskaja1.xls:Sheet1:9,Сосновка,село,1784.0,direct_published_census_value,/workspace/settlements-raw/data/raw/2002/061_e177b0a77d_Chel_abinskaja1.xls,0ffd4853815474209972fef66ad1704eb74deb756f869c967620a39e8caeb5f5,Sheet1!row_1based=9.0,True,True,False,False,False,False,atomic_NP_in_complete_published_scope,applied_complete_published_city_territorial_scope,published_complete_city_territory_scope,city_with_published_subordinates,UNKNOWN,False,False,False,False,True,False,published_closed_city_scope_Челябинск,2002,1784.0,direct_published_census_value,/workspace/settlements-raw/data/raw/2002/061_e177b0a77d_Chel_abinskaja1.xls,0ffd4853815474209972fef66ad1704eb74deb756f869c967620a39e8caeb5f5,False,,,,,,,,,,,,,,,,,,,,,,,,,,,False
published_closed_city_scope_Челябинск,2010.0,2010:pub-11-1-4.pdf:pdf_page_19:29,Челябинск,город,1130132.0,direct_official_city_value,/workspace/settlements-raw/data/raw/2010_official_tom11/pub-11-1-4.pdf,db2528e6db3c6089351bd09d253c9dfa607e2f2dff6cc45d1174fb21fa96d500,pdf_page_19!row_1based=29.0,True,True,False,True,True,False,atomic_NP_in_complete_published_scope,applied_complete_published_city_territorial_scope,published_complete_city_territory_scope,city_with_published_subordinates,UNKNOWN,False,False,False,False,True,False,published_closed_city_scope_Челябинск,2010,1130132.0,direct_official_city_value,/workspace/settlements-raw/data/raw/2010_official_tom11/pub-11-1-4.pdf,db2528e6db3c6089351bd09d253c9dfa607e2f2dff6cc45d1174fb21fa96d500,False,,,,,,,,,,,,,,,,,,,,,,,,,,,True
published_closed_city_scope_Челябинск,2021.0,2021:data_allsettlements_anon_156_v20251217.parquet:parquet:161353,Челябинск,город,1189525.0,direct_published_census_value,/workspace/settlements-raw/data/interim/2021_tochno/data_allsettlements_anon_156_v20251217.parquet,86c197cd522e0b63669e9c6e7f43fd3d82b3704c6a126c800a9968ecd16cae14,parquet!row_1based=161353.0,True,True,False,True,True,False,atomic_NP_in_complete_published_scope,applied_complete_published_city_territorial_scope,published_complete_city_territory_scope,city_with_published_subordinates,UNKNOWN,False,False,False,False,True,False,published_closed_city_scope_Челябинск,2021,1189525.0,direct_published_census_value,/workspace/settlements-raw/data/interim/2021_tochno/data_allsettlements_anon_156_v20251217.parquet,86c197cd522e0b63669e9c6e7f43fd3d82b3704c6a126c800a9968ecd16cae14,False,,,,,,,,,,,,,,,,,,,,,,,,,,,True
published_closed_city_scope_Шахты,2002.0,2002:1_TOM_01_04.xls:0:4983,Шахты,город,222592.0,direct_published_census_value,/workspace/settlements-raw/data/raw/2002_official_tom1/1_TOM_01_04.xls,745a24599719c877a8ddf015aadf22d3cb859444819a32f8197ae525d91483f3,0!row_1based=4983.0,True,True,False,True,True,False,atomic_NP_in_complete_published_scope,applied_complete_published_city_territorial_scope,published_complete_city_territory_scope,city_with_published_subordinates,UNKNOWN,False,False,False,False,True,False,published_closed_city_scope_Шахты,2002,222592.0,direct_published_census_value,/workspace/settlements-raw/data/raw/2002_official_tom1/1_TOM_01_04.xls,745a24599719c877a8ddf015aadf22d3cb859444819a32f8197ae525d91483f3,False,,,,,,,,,,,,,,,,,,,,,,,,,,,True
published_closed_city_scope_Шахты,2002.0,2002:1_TOM_01_04.xls:0:4984,Аютинский,пгт,10639.0,direct_published_census_value,/workspace/settlements-raw/data/raw/2002_official_tom1/1_TOM_01_04.xls,745a24599719c877a8ddf015aadf22d3cb859444819a32f8197ae525d91483f3,0!row_1based=4984.0,True,True,False,False,False,False,atomic_NP_in_complete_published_scope,applied_complete_published_city_territorial_scope,published_complete_city_territory_scope,city_with_published_subordinates,UNKNOWN,False,False,False,False,True,False,published_closed_city_scope_Шахты,2002,10639.0,direct_published_census_value,/workspace/settlements-raw/data/raw/2002_official_tom1/1_TOM_01_04.xls,745a24599719c877a8ddf015aadf22d3cb859444819a32f8197ae525d91483f3,False,,,,,,,,,,,,,,,,,,,,,,,,,,,False
published_closed_city_scope_Шахты,2002.0,2002:1_TOM_01_04.xls:0:4985,Майский,пгт,12155.0,direct_published_census_value,/workspace/settlements-raw/data/raw/2002_official_tom1/1_TOM_01_04.xls,745a24599719c877a8ddf015aadf22d3cb859444819a32f8197ae525d91483f3,0!row_1based=4985.0,True,True,False,False,False,False,atomic_NP_in_complete_published_scope,applied_complete_published_city_territorial_scope,published_complete_city_territory_scope,city_with_published_subordinates,UNKNOWN,False,False,False,False,True,False,published_closed_city_scope_Шахты,2002,12155.0,direct_published_census_value,/workspace/settlements-raw/data/raw/2002_official_tom1/1_TOM_01_04.xls,745a24599719c877a8ddf015aadf22d3cb859444819a32f8197ae525d91483f3,False,,,,,,,,,,,,,,,,,,,,,,,,,,,False
published_closed_city_scope_Шахты,2002.0,2002:1_TOM_01_04.xls:0:4986,Таловый,пгт,5918.0,direct_published_census_value,/workspace/settlements-raw/data/raw/2002_official_tom1/1_TOM_01_04.xls,745a24599719c877a8ddf015aadf22d3cb859444819a32f8197ae525d91483f3,0!row_1based=4986.0,True,True,False,False,False,False,atomic_NP_in_complete_published_scope,applied_complete_published_city_territorial_scope,published_complete_city_territory_scope,city_with_published_subordinates,UNKNOWN,False,False,False,False,True,False,published_closed_city_scope_Шахты,2002,5918.0,direct_published_census_value,/workspace/settlements-raw/data/raw/2002_official_tom1/1_TOM_01_04.xls,745a24599719c877a8ddf015aadf22d3cb859444819a32f8197ae525d91483f3,False,,,,,,,,,,,,,,,,,,,,,,,,,,,False
published_closed_city_scope_Шахты,2002.0,2002:040_95a4475637_02c_Rostov_obl.xls:Sheet1:38,Сидорово-Кадамовский,хутор,2850.0,direct_published_census_value,/workspace/settlements-raw/data/raw/2002/040_95a4475637_02c_Rostov_obl.xls,e3a53acc1324b165ab7a8bbaa424541322a437c4b79951b8dc7c8841d33ff422,Sheet1!row_1based=38.0,True,True,False,False,False,False,atomic_NP_in_complete_published_scope,applied_complete_published_city_territorial_scope,published_complete_city_territory_scope,city_with_published_subordinates,UNKNOWN,False,False,False,False,True,False,published_closed_city_scope_Шахты,2002,2850.0,direct_published_census_value,/workspace/settlements-raw/data/raw/2002/040_95a4475637_02c_Rostov_obl.xls,e3a53acc1324b165ab7a8bbaa424541322a437c4b79951b8dc7c8841d33ff422,False,,,,,,,,,,,,,,,,,,,,,,,,,,,False
published_closed_city_scope_Шахты,2002.0,2002:040_95a4475637_02c_Rostov_obl.xls:Sheet1:39,Даниловка,хутор,508.0,direct_published_census_value,/workspace/settlements-raw/data/raw/2002/040_95a4475637_02c_Rostov_obl.xls,e3a53acc1324b165ab7a8bbaa424541322a437c4b79951b8dc7c8841d33ff422,Sheet1!row_1based=39.0,True,True,False,False,False,False,atomic_NP_in_complete_published_scope,applied_complete_published_city_territorial_scope,published_complete_city_territory_scope,city_with_published_subordinates,UNKNOWN,False,False,False,False,True,False,published_closed_city_scope_Шахты,2002,508.0,direct_published_census_value,/workspace/settlements-raw/data/raw/2002/040_95a4475637_02c_Rostov_obl.xls,e3a53acc1324b165ab7a8bbaa424541322a437c4b79951b8dc7c8841d33ff422,False,,,,,,,,,,,,,,,,,,,,,,,,,,,False
published_closed_city_scope_Шахты,2002.0,2002:040_95a4475637_02c_Rostov_obl.xls:Sheet1:41,Пушкин,хутор,59.0,direct_published_census_value,/workspace/settlements-raw/data/raw/2002/040_95a4475637_02c_Rostov_obl.xls,e3a53acc1324b165ab7a8bbaa424541322a437c4b79951b8dc7c8841d33ff422,Sheet1!row_1based=41.0,True,True,False,True,True,False,atomic_NP_in_complete_published_scope,applied_complete_published_city_territorial_scope,published_complete_city_territory_scope,city_with_published_subordinates,UNKNOWN,False,False,False,False,True,False,published_closed_city_scope_Шахты,2002,59.0,direct_published_census_value,/workspace/settlements-raw/data/raw/2002/040_95a4475637_02c_Rostov_obl.xls,e3a53acc1324b165ab7a8bbaa424541322a437c4b79951b8dc7c8841d33ff422,False,,,,,,,,,,,,,,,,,,,,,,,,,,,True
published_closed_city_scope_Шахты,2010.0,2010:pub-11-1-4.pdf:pdf_page_19:55,Шахты,город,239987.0,direct_official_city_value,/workspace/settlements-raw/data/raw/2010_official_tom11/pub-11-1-4.pdf,db2528e6db3c6089351bd09d253c9dfa607e2f2dff6cc45d1174fb21fa96d500,pdf_page_19!row_1based=55.0,True,True,False,True,True,False,atomic_NP_in_complete_published_scope,applied_complete_published_city_territorial_scope,published_complete_city_territory_scope,city_with_published_subordinates,UNKNOWN,False,False,False,False,True,False,published_closed_city_scope_Шахты,2010,239987.0,direct_official_city_value,/workspace/settlements-raw/data/raw/2010_official_tom11/pub-11-1-4.pdf,db2528e6db3c6089351bd09d253c9dfa607e2f2dff6cc45d1174fb21fa96d500,False,,,,,,,,,,,,,,,,,,,,,,,,,,,True
published_closed_city_scope_Шахты,2021.0,2021:data_allsettlements_anon_156_v20251217.parquet:parquet:111481,Шахты,город,226452.0,direct_published_census_value,/workspace/settlements-raw/data/interim/2021_tochno/data_allsettlements_anon_156_v20251217.parquet,86c197cd522e0b63669e9c6e7f43fd3d82b3704c6a126c800a9968ecd16cae14,parquet!row_1based=111481.0,True,True,False,True,True,False,atomic_NP_in_complete_published_scope,applied_complete_published_city_territorial_scope,published_complete_city_territory_scope,city_with_published_subordinates,UNKNOWN,False,False,False,False,True,False,published_closed_city_scope_Шахты,2021,226452.0,direct_published_census_value,/workspace/settlements-raw/data/interim/2021_tochno/data_allsettlements_anon_156_v20251217.parquet,86c197cd522e0b63669e9c6e7f43fd3d82b3704c6a126c800a9968ecd16cae14,False,,,,,,,,,,,,,,,,,,,,,,,,,,,True
published_closed_city_scope_Новочеркасск,2002.0,2002:1_TOM_01_04.xls:0:4972,Новочеркасск,город,170822.0,direct_published_census_value,/workspace/settlements-raw/data/raw/2002_official_tom1/1_TOM_01_04.xls,745a24599719c877a8ddf015aadf22d3cb859444819a32f8197ae525d91483f3,0!row_1based=4972.0,True,True,False,True,True,False,atomic_NP_in_complete_published_scope,applied_complete_published_city_territorial_scope,published_complete_city_territory_scope,city_with_published_subordinates,UNKNOWN,False,False,False,False,True,False,published_closed_city_scope_Новочеркасск,2002,170822.0,direct_published_census_value,/workspace/settlements-raw/data/raw/2002_official_tom1/1_TOM_01_04.xls,745a24599719c877a8ddf015aadf22d3cb859444819a32f8197ae525d91483f3,False,,,,,,,,,,,,,,,,,,,,,,,,,,,True
published_closed_city_scope_Новочеркасск,2002.0,2002:1_TOM_01_04.xls:0:4973,Донской,пгт,13648.0,direct_published_census_value,/workspace/settlements-raw/data/raw/2002_official_tom1/1_TOM_01_04.xls,745a24599719c877a8ddf015aadf22d3cb859444819a32f8197ae525d91483f3,0!row_1based=4973.0,True,True,False,False,False,False,atomic_NP_in_complete_published_scope,applied_complete_published_city_territorial_scope,published_complete_city_territory_scope,city_with_published_subordinates,UNKNOWN,False,False,False,False,True,False,published_closed_city_scope_Новочеркасск,2002,13648.0,direct_published_census_value,/workspace/settlements-raw/data/raw/2002_official_tom1/1_TOM_01_04.xls,745a24599719c877a8ddf015aadf22d3cb859444819a32f8197ae525d91483f3,False,,,,,,,,,,,,,,,,,,,,,,,,,,,False
published_closed_city_scope_Новочеркасск,2010.0,2010:pub-11-1-4.pdf:pdf_page_12:62,Новочеркасск,город,168746.0,direct_official_city_value,/workspace/settlements-raw/data/raw/2010_official_tom11/pub-11-1-4.pdf,db2528e6db3c6089351bd09d253c9dfa607e2f2dff6cc45d1174fb21fa96d500,pdf_page_12!row_1based=62.0,True,True,False,True,True,False,atomic_NP_in_complete_published_scope,applied_complete_published_city_territorial_scope,published_complete_city_territory_scope,city_with_published_subordinates,UNKNOWN,False,False,False,False,True,False,published_closed_city_scope_Новочеркасск,2010,168746.0,direct_official_city_value,/workspace/settlements-raw/data/raw/2010_official_tom11/pub-11-1-4.pdf,db2528e6db3c6089351bd09d253c9dfa607e2f2dff6cc45d1174fb21fa96d500,False,,,,,,,,,,,,,,,,,,,,,,,,,,,True
published_closed_city_scope_Новочеркасск,2021.0,2021:data_allsettlements_anon_156_v20251217.parquet:parquet:111475,Новочеркасск,город,163674.0,direct_published_census_value,/workspace/settlements-raw/data/interim/2021_tochno/data_allsettlements_anon_156_v20251217.parquet,86c197cd522e0b63669e9c6e7f43fd3d82b3704c6a126c800a9968ecd16cae14,parquet!row_1based=111475.0,True,True,False,True,True,False,atomic_NP_in_complete_published_scope,applied_complete_published_city_territorial_scope,published_complete_city_territory_scope,city_with_published_subordinates,UNKNOWN,False,False,False,False,True,False,published_closed_city_scope_Новочеркасск,2021,163674.0,direct_published_census_value,/workspace/settlements-raw/data/interim/2021_tochno/data_allsettlements_anon_156_v20251217.parquet,86c197cd522e0b63669e9c6e7f43fd3d82b3704c6a126c800a9968ecd16cae14,False,,,,,,,,,,,,,,,,,,,,,,,,,,,True
published_closed_city_scope_Новошахтинск,2002.0,2002:1_TOM_01_04.xls:0:4975,Новошахтинск,город,101131.0,direct_published_census_value,/workspace/settlements-raw/data/raw/2002_official_tom1/1_TOM_01_04.xls,745a24599719c877a8ddf015aadf22d3cb859444819a32f8197ae525d91483f3,0!row_1based=4975.0,True,True,False,True,True,False,atomic_NP_in_complete_published_scope,applied_complete_published_city_territorial_scope,published_complete_city_territory_scope,city_with_published_subordinates,UNKNOWN,False,False,False,False,True,False,published_closed_city_scope_Новошахтинск,2002,101131.0,direct_published_census_value,/workspace/settlements-raw/data/raw/2002_official_tom1/1_TOM_01_04.xls,745a24599719c877a8ddf015aadf22d3cb859444819a32f8197ae525d91483f3,False,,,,,,,,,,,,,,,,,,,,,,,,,,,True
published_closed_city_scope_Новошахтинск,2002.0,2002:1_TOM_01_04.xls:0:4976,Красный,пгт,1672.0,direct_published_census_value,/workspace/settlements-raw/data/raw/2002_official_tom1/1_TOM_01_04.xls,745a24599719c877a8ddf015aadf22d3cb859444819a32f8197ae525d91483f3,0!row_1based=4976.0,True,True,False,False,False,False,atomic_NP_in_complete_published_scope,applied_complete_published_city_territorial_scope,published_complete_city_territory_scope,city_with_published_subordinates,UNKNOWN,False,False,False,False,True,False,published_closed_city_scope_Новошахтинск,2002,1672.0,direct_published_census_value,/workspace/settlements-raw/data/raw/2002_official_tom1/1_TOM_01_04.xls,745a24599719c877a8ddf015aadf22d3cb859444819a32f8197ae525d91483f3,False,,,,,,,,,,,,,,,,,,,,,,,,,,,False
published_closed_city_scope_Новошахтинск,2002.0,2002:1_TOM_01_04.xls:0:4977,Самбек,пгт,5286.0,direct_published_census_value,/workspace/settlements-raw/data/raw/2002_official_tom1/1_TOM_01_04.xls,745a24599719c877a8ddf015aadf22d3cb859444819a32f8197ae525d91483f3,0!row_1based=4977.0,True,True,False,False,False,False,atomic_NP_in_complete_published_scope,applied_complete_published_city_territorial_scope,published_complete_city_territory_scope,city_with_published_subordinates,UNKNOWN,False,False,False,False,True,False,published_closed_city_scope_Новошахтинск,2002,5286.0,direct_published_census_value,/workspace/settlements-raw/data/raw/2002_official_tom1/1_TOM_01_04.xls,745a24599719c877a8ddf015aadf22d3cb859444819a32f8197ae525d91483f3,False,,,,,,,,,,,,,,,,,,,,,,,,,,,False
published_closed_city_scope_Новошахтинск,2002.0,2002:1_TOM_01_04.xls:0:4978,Соколово-Кундрюченский,пгт,9600.0,direct_published_census_value,/workspace/settlements-raw/data/raw/2002_official_tom1/1_TOM_01_04.xls,745a24599719c877a8ddf015aadf22d3cb859444819a32f8197ae525d91483f3,0!row_1based=4978.0,True,True,False,False,False,False,atomic_NP_in_complete_published_scope,applied_complete_published_city_territorial_scope,published_complete_city_territory_scope,city_with_published_subordinates,UNKNOWN,False,False,False,False,True,False,published_closed_city_scope_Новошахтинск,2002,9600.0,direct_published_census_value,/workspace/settlements-raw/data/raw/2002_official_tom1/1_TOM_01_04.xls,745a24599719c877a8ddf015aadf22d3cb859444819a32f8197ae525d91483f3,False,,,,,,,,,,,,,,,,,,,,,,,,,,,False
published_closed_city_scope_Новошахтинск,2010.0,2010:pub-11-1-4.pdf:pdf_page_13:7,Новошахтинск,город,111075.0,direct_official_city_value,/workspace/settlements-raw/data/raw/2010_official_tom11/pub-11-1-4.pdf,db2528e6db3c6089351bd09d253c9dfa607e2f2dff6cc45d1174fb21fa96d500,pdf_page_13!row_1based=7.0,True,True,False,True,True,False,atomic_NP_in_complete_published_scope,applied_complete_published_city_territorial_scope,published_complete_city_territory_scope,city_with_published_subordinates,UNKNOWN,False,False,False,False,True,False,published_closed_city_scope_Новошахтинск,2010,111075.0,direct_official_city_value,/workspace/settlements-raw/data/raw/2010_official_tom11/pub-11-1-4.pdf,db2528e6db3c6089351bd09d253c9dfa607e2f2dff6cc45d1174fb21fa96d500,False,,,,,,,,,,,,,,,,,,,,,,,,,,,True
published_closed_city_scope_Новошахтинск,2021.0,2021:data_allsettlements_anon_156_v20251217.parquet:parquet:111477,Новошахтинск,город,103480.0,direct_published_census_value,/workspace/settlements-raw/data/interim/2021_tochno/data_allsettlements_anon_156_v20251217.parquet,86c197cd522e0b63669e9c6e7f43fd3d82b3704c6a126c800a9968ecd16cae14,parquet!row_1based=111477.0,True,True,False,True,True,False,atomic_NP_in_complete_published_scope,applied_complete_published_city_territorial_scope,published_complete_city_territory_scope,city_with_published_subordinates,UNKNOWN,False,False,False,False,True,False,published_closed_city_scope_Новошахтинск,2021,103480.0,direct_published_census_value,/workspace/settlements-raw/data/interim/2021_tochno/data_allsettlements_anon_156_v20251217.parquet,86c197cd522e0b63669e9c6e7f43fd3d82b3704c6a126c800a9968ecd16cae14,False,,,,,,,,,,,,,,,,,,,,,,,,,,,True
published_closed_city_scope_Копейск,2002.0,2002:1_TOM_01_04.xls:0:7996,Копейск,город,73342.0,direct_published_census_value,/workspace/settlements-raw/data/raw/2002_official_tom1/1_TOM_01_04.xls,745a24599719c877a8ddf015aadf22d3cb859444819a32f8197ae525d91483f3,0!row_1based=7996.0,True,True,False,True,True,False,atomic_NP_in_complete_published_scope,applied_complete_published_city_territorial_scope,published_complete_city_territory_scope,city_with_published_subordinates,UNKNOWN,False,False,False,False,True,False,published_closed_city_scope_Копейск,2002,73342.0,direct_published_census_value,/workspace/settlements-raw/data/raw/2002_official_tom1/1_TOM_01_04.xls,745a24599719c877a8ddf015aadf22d3cb859444819a32f8197ae525d91483f3,False,,,,,,,,,,,,,,,,,,,,,,,,,,,True
published_closed_city_scope_Копейск,2002.0,2002:1_TOM_01_04.xls:0:7997,Бажово,пгт,11621.0,direct_published_census_value,/workspace/settlements-raw/data/raw/2002_official_tom1/1_TOM_01_04.xls,745a24599719c877a8ddf015aadf22d3cb859444819a32f8197ae525d91483f3,0!row_1based=7997.0,True,True,False,False,False,False,atomic_NP_in_complete_published_scope,applied_complete_published_city_territorial_scope,published_complete_city_territory_scope,city_with_published_subordinates,UNKNOWN,False,False,False,False,True,False,published_closed_city_scope_Копейск,2002,11621.0,direct_published_census_value,/workspace/settlements-raw/data/raw/2002_official_tom1/1_TOM_01_04.xls,745a24599719c877a8ddf015aadf22d3cb859444819a32f8197ae525d91483f3,False,,,,,,,,,,,,,,,,,,,,,,,,,,,False
published_closed_city_scope_Копейск,2002.0,2002:1_TOM_01_04.xls:0:7998,Вахрушево,пгт,4182.0,direct_published_census_value,/workspace/settlements-raw/data/raw/2002_official_tom1/1_TOM_01_04.xls,745a24599719c877a8ddf015aadf22d3cb859444819a32f8197ae525d91483f3,0!row_1based=7998.0,True,True,False,False,False,False,atomic_NP_in_complete_published_scope,applied_complete_published_city_territorial_scope,published_complete_city_territory_scope,city_with_published_subordinates,UNKNOWN,False,False,False,False,True,False,published_closed_city_scope_Копейск,2002,4182.0,direct_published_census_value,/workspace/settlements-raw/data/raw/2002_official_tom1/1_TOM_01_04.xls,745a24599719c877a8ddf015aadf22d3cb859444819a32f8197ae525d91483f3,False,,,,,,,,,,,,,,,,,,,,,,,,,,,False
published_closed_city_scope_Копейск,2002.0,2002:1_TOM_01_04.xls:0:7999,Горняк,пгт,14048.0,direct_published_census_value,/workspace/settlements-raw/data/raw/2002_official_tom1/1_TOM_01_04.xls,745a24599719c877a8ddf015aadf22d3cb859444819a32f8197ae525d91483f3,0!row_1based=7999.0,True,True,False,False,False,False,atomic_NP_in_complete_published_scope,applied_complete_published_city_territorial_scope,published_complete_city_territory_scope,city_with_published_subordinates,UNKNOWN,False,False,False,False,True,False,published_closed_city_scope_Копейск,2002,14048.0,direct_published_census_value,/workspace/settlements-raw/data/raw/2002_official_tom1/1_TOM_01_04.xls,745a24599719c877a8ddf015aadf22d3cb859444819a32f8197ae525d91483f3,False,,,,,,,,,,,,,,,,,,,,,,,,,,,False
published_closed_city_scope_Копейск,2002.0,2002:1_TOM_01_04.xls:0:8000,Железнодорожный,пгт,7391.0,direct_published_census_value,/workspace/settlements-raw/data/raw/2002_official_tom1/1_TOM_01_04.xls,745a24599719c877a8ddf015aadf22d3cb859444819a32f8197ae525d91483f3,0!row_1based=8000.0,True,True,False,False,False,False,atomic_NP_in_complete_published_scope,applied_complete_published_city_territorial_scope,published_complete_city_territory_scope,city_with_published_subordinates,UNKNOWN,False,False,False,False,True,False,published_closed_city_scope_Копейск,2002,7391.0,direct_published_census_value,/workspace/settlements-raw/data/raw/2002_official_tom1/1_TOM_01_04.xls,745a24599719c877a8ddf015aadf22d3cb859444819a32f8197ae525d91483f3,False,,,,,,,,,,,,,,,,,,,,,,,,,,,False
published_closed_city_scope_Копейск,2002.0,2002:1_TOM_01_04.xls:0:8001,Октябрьский,пгт,10272.0,direct_published_census_value,/workspace/settlements-raw/data/raw/2002_official_tom1/1_TOM_01_04.xls,745a24599719c877a8ddf015aadf22d3cb859444819a32f8197ae525d91483f3,0!row_1based=8001.0,True,True,False,False,False,False,atomic_NP_in_complete_published_scope,applied_complete_published_city_territorial_scope,published_complete_city_territory_scope,city_with_published_subordinates,UNKNOWN,False,False,False,False,True,False,published_closed_city_scope_Копейск,2002,10272.0,direct_published_census_value,/workspace/settlements-raw/data/raw/2002_official_tom1/1_TOM_01_04.xls,745a24599719c877a8ddf015aadf22d3cb859444819a32f8197ae525d91483f3,False,,,,,,,,,,,,,,,,,,,,,,,,,,,False
published_closed_city_scope_Копейск,2002.0,2002:1_TOM_01_04.xls:0:8002,Потанино,пгт,8781.0,direct_published_census_value,/workspace/settlements-raw/data/raw/2002_official_tom1/1_TOM_01_04.xls,745a24599719c877a8ddf015aadf22d3cb859444819a32f8197ae525d91483f3,0!row_1based=8002.0,True,True,False,False,False,False,atomic_NP_in_complete_published_scope,applied_complete_published_city_territorial_scope,published_complete_city_territory_scope,city_with_published_subordinates,UNKNOWN,False,False,False,False,True,False,published_closed_city_scope_Копейск,2002,8781.0,direct_published_census_value,/workspace/settlements-raw/data/raw/2002_official_tom1/1_TOM_01_04.xls,745a24599719c877a8ddf015aadf22d3cb859444819a32f8197ae525d91483f3,False,,,,,,,,,,,,,,,,,,,,,,,,,,,False
published_closed_city_scope_Копейск,2002.0,2002:1_TOM_01_04.xls:0:8003,Старокамышинск,пгт,11239.0,direct_published_census_value,/workspace/settlements-raw/data/raw/2002_official_tom1/1_TOM_01_04.xls,745a24599719c877a8ddf015aadf22d3cb859444819a32f8197ae525d91483f3,0!row_1based=8003.0,True,True,False,False,False,False,atomic_NP_in_complete_published_scope,applied_complete_published_city_territorial_scope,published_complete_city_territory_scope,city_with_published_subordinates,UNKNOWN,False,False,False,False,True,False,published_closed_city_scope_Копейск,2002,11239.0,direct_published_census_value,/workspace/settlements-raw/data/raw/2002_official_tom1/1_TOM_01_04.xls,745a24599719c877a8ddf015aadf22d3cb859444819a32f8197ae525d91483f3,False,,,,,,,,,,,,,,,,,,,,,,,,,,,False
published_closed_city_scope_Копейск,2002.0,2002:061_e177b0a77d_Chel_abinskaja1.xls:Sheet1:100,Синеглазово,село,307.0,direct_published_census_value,/workspace/settlements-raw/data/raw/2002/061_e177b0a77d_Chel_abinskaja1.xls,0ffd4853815474209972fef66ad1704eb74deb756f869c967620a39e8caeb5f5,Sheet1!row_1based=100.0,True,True,False,True,True,False,atomic_NP_in_complete_published_scope,applied_complete_published_city_territorial_scope,published_complete_city_territory_scope,city_with_published_subordinates,UNKNOWN,False,False,False,False,True,False,published_closed_city_scope_Копейск,2002,307.0,direct_published_census_value,/workspace/settlements-raw/data/raw/2002/061_e177b0a77d_Chel_abinskaja1.xls,0ffd4853815474209972fef66ad1704eb74deb756f869c967620a39e8caeb5f5,False,,,,,,,,,,,,,,,,,,,,,,,,,,,True
published_closed_city_scope_Копейск,2002.0,2002:061_e177b0a77d_Chel_abinskaja1.xls:Sheet1:97,Калачево,село,1504.0,direct_published_census_value,/workspace/settlements-raw/data/raw/2002/061_e177b0a77d_Chel_abinskaja1.xls,0ffd4853815474209972fef66ad1704eb74deb756f869c967620a39e8caeb5f5,Sheet1!row_1based=97.0,True,True,False,True,True,False,atomic_NP_in_complete_published_scope,applied_complete_published_city_territorial_scope,published_complete_city_territory_scope,city_with_published_subordinates,UNKNOWN,False,False,False,False,True,False,published_closed_city_scope_Копейск,2002,1504.0,direct_published_census_value,/workspace/settlements-raw/data/raw/2002/061_e177b0a77d_Chel_abinskaja1.xls,0ffd4853815474209972fef66ad1704eb74deb756f869c967620a39e8caeb5f5,False,,,,,,,,,,,,,,,,,,,,,,,,,,,True
published_closed_city_scope_Копейск,2002.0,2002:061_e177b0a77d_Chel_abinskaja1.xls:Sheet1:98,Заозерный,посёлок,363.0,direct_published_census_value,/workspace/settlements-raw/data/raw/2002/061_e177b0a77d_Chel_abinskaja1.xls,0ffd4853815474209972fef66ad1704eb74deb756f869c967620a39e8caeb5f5,Sheet1!row_1based=98.0,True,True,False,False,False,False,atomic_NP_in_complete_published_scope,applied_complete_published_city_territorial_scope,published_complete_city_territory_scope,city_with_published_subordinates,UNKNOWN,False,False,False,False,True,False,published_closed_city_scope_Копейск,2002,363.0,direct_published_census_value,/workspace/settlements-raw/data/raw/2002/061_e177b0a77d_Chel_abinskaja1.xls,0ffd4853815474209972fef66ad1704eb74deb756f869c967620a39e8caeb5f5,False,,,,,,,,,,,,,,,,,,,,,,,,,,,False
published_closed_city_scope_Копейск,2010.0,2010:pub-11-1-4.pdf:pdf_page_8:50,Копейск,город,137601.0,direct_official_city_value,/workspace/settlements-raw/data/raw/2010_official_tom11/pub-11-1-4.pdf,db2528e6db3c6089351bd09d253c9dfa607e2f2dff6cc45d1174fb21fa96d500,pdf_page_8!row_1based=50.0,True,True,False,True,True,False,atomic_NP_in_complete_published_scope,applied_complete_published_city_territorial_scope,published_complete_city_territory_scope,city_with_published_subordinates,UNKNOWN,False,False,False,False,True,False,published_closed_city_scope_Копейск,2010,137601.0,direct_official_city_value,/workspace/settlements-raw/data/raw/2010_official_tom11/pub-11-1-4.pdf,db2528e6db3c6089351bd09d253c9dfa607e2f2dff6cc45d1174fb21fa96d500,False,,,,,,,,,,,,,,,,,,,,,,,,,,,True
published_closed_city_scope_Копейск,2010.0,2010:003_eb441570b1_11._20Урал_ФО_2010.xls:Урал:5944,Заозерный,посёлок,365.0,secondary_confidentiality_protected_value_exact_scope_unverified,/workspace/settlements-raw/data/raw/2010/003_eb441570b1_11._20Урал_ФО_2010.xls,042e8e141831b431d8b7addd9674959625ddbdf6fa79986e81e968d941ab1156,Урал!row_1based=5944.0,True,True,False,False,False,False,atomic_NP_in_complete_published_scope,applied_complete_published_city_territorial_scope,published_complete_city_territory_scope,city_with_published_subordinates,UNKNOWN,False,False,False,False,True,False,published_closed_city_scope_Копейск,2010,365.0,secondary_confidentiality_protected_value_exact_scope_unverified,/workspace/settlements-raw/data/raw/2010/003_eb441570b1_11._20Урал_ФО_2010.xls,042e8e141831b431d8b7addd9674959625ddbdf6fa79986e81e968d941ab1156,False,,,,,,,,,,,,,,,,,,,,,,,,,,,False
published_closed_city_scope_Копейск,2010.0,2010:003_eb441570b1_11._20Урал_ФО_2010.xls:Урал:5945,Калачево,село,1451.0,secondary_confidentiality_protected_value_exact_scope_unverified,/workspace/settlements-raw/data/raw/2010/003_eb441570b1_11._20Урал_ФО_2010.xls,042e8e141831b431d8b7addd9674959625ddbdf6fa79986e81e968d941ab1156,Урал!row_1based=5945.0,True,True,False,True,True,False,atomic_NP_in_complete_published_scope,applied_complete_published_city_territorial_scope,published_complete_city_territory_scope,city_with_published_subordinates,UNKNOWN,False,False,False,False,True,False,published_closed_city_scope_Копейск,2010,1451.0,secondary_confidentiality_protected_value_exact_scope_unverified,/workspace/settlements-raw/data/raw/2010/003_eb441570b1_11._20Урал_ФО_2010.xls,042e8e141831b431d8b7addd9674959625ddbdf6fa79986e81e968d941ab1156,False,,,,,,,,,,,,,,,,,,,,,,,,,,,True
published_closed_city_scope_Копейск,2010.0,2010:003_eb441570b1_11._20Урал_ФО_2010.xls:Урал:5946,Синеглазово,село,340.0,secondary_confidentiality_protected_value_exact_scope_unverified,/workspace/settlements-raw/data/raw/2010/003_eb441570b1_11._20Урал_ФО_2010.xls,042e8e141831b431d8b7addd9674959625ddbdf6fa79986e81e968d941ab1156,Урал!row_1based=5946.0,True,True,False,True,True,False,atomic_NP_in_complete_published_scope,applied_complete_published_city_territorial_scope,published_complete_city_territory_scope,city_with_published_subordinates,UNKNOWN,False,False,False,False,True,False,published_closed_city_scope_Копейск,2010,340.0,secondary_confidentiality_protected_value_exact_scope_unverified,/workspace/settlements-raw/data/raw/2010/003_eb441570b1_11._20Урал_ФО_2010.xls,042e8e141831b431d8b7addd9674959625ddbdf6fa79986e81e968d941ab1156,False,,,,,,,,,,,,,,,,,,,,,,,,,,,True
published_closed_city_scope_Копейск,2021.0,2021:data_allsettlements_anon_156_v20251217.parquet:parquet:161402,Копейск,город,147806.0,direct_published_census_value,/workspace/settlements-raw/data/interim/2021_tochno/data_allsettlements_anon_156_v20251217.parquet,86c197cd522e0b63669e9c6e7f43fd3d82b3704c6a126c800a9968ecd16cae14,parquet!row_1based=161402.0,True,True,False,True,True,False,atomic_NP_in_complete_published_scope,applied_complete_published_city_territorial_scope,published_complete_city_territory_scope,city_with_published_subordinates,UNKNOWN,False,False,False,False,True,False,published_closed_city_scope_Копейск,2021,147806.0,direct_published_census_value,/workspace/settlements-raw/data/interim/2021_tochno/data_allsettlements_anon_156_v20251217.parquet,86c197cd522e0b63669e9c6e7f43fd3d82b3704c6a126c800a9968ecd16cae14,False,,,,,,,,,,,,,,,,,,,,,,,,,,,True
published_closed_city_scope_Копейск,2021.0,2021:data_allsettlements_anon_156_v20251217.parquet:parquet:161403,Заозерный,посёлок,290.0,direct_published_census_value,/workspace/settlements-raw/data/interim/2021_tochno/data_allsettlements_anon_156_v20251217.parquet,86c197cd522e0b63669e9c6e7f43fd3d82b3704c6a126c800a9968ecd16cae14,parquet!row_1based=161403.0,True,True,False,False,True,False,atomic_NP_in_complete_published_scope,applied_complete_published_city_territorial_scope,published_complete_city_territory_scope,city_with_published_subordinates,UNKNOWN,False,False,False,False,True,False,published_closed_city_scope_Копейск,2021,290.0,direct_published_census_value,/workspace/settlements-raw/data/interim/2021_tochno/data_allsettlements_anon_156_v20251217.parquet,86c197cd522e0b63669e9c6e7f43fd3d82b3704c6a126c800a9968ecd16cae14,False,,,,,,,,,,,,,,,,,,,,,,,,,,,False
published_closed_city_scope_Копейск,2021.0,2021:data_allsettlements_anon_156_v20251217.parquet:parquet:161404,Калачево,село,1462.0,direct_published_census_value,/workspace/settlements-raw/data/interim/2021_tochno/data_allsettlements_anon_156_v20251217.parquet,86c197cd522e0b63669e9c6e7f43fd3d82b3704c6a126c800a9968ecd16cae14,parquet!row_1based=161404.0,True,True,False,True,True,False,atomic_NP_in_complete_published_scope,applied_complete_published_city_territorial_scope,published_complete_city_territory_scope,city_with_published_subordinates,UNKNOWN,False,False,False,False,True,False,published_closed_city_scope_Копейск,2021,1462.0,direct_published_census_value,/workspace/settlements-raw/data/interim/2021_tochno/data_allsettlements_anon_156_v20251217.parquet,86c197cd522e0b63669e9c6e7f43fd3d82b3704c6a126c800a9968ecd16cae14,False,,,,,,,,,,,,,,,,,,,,,,,,,,,True
published_closed_city_scope_Копейск,2021.0,2021:data_allsettlements_anon_156_v20251217.parquet:parquet:161405,Синеглазово,село,455.0,direct_published_census_value,/workspace/settlements-raw/data/interim/2021_tochno/data_allsettlements_anon_156_v20251217.parquet,86c197cd522e0b63669e9c6e7f43fd3d82b3704c6a126c800a9968ecd16cae14,parquet!row_1based=161405.0,True,True,False,True,True,False,atomic_NP_in_complete_published_scope,applied_complete_published_city_territorial_scope,published_complete_city_territory_scope,city_with_published_subordinates,UNKNOWN,False,False,False,False,True,False,published_closed_city_scope_Копейск,2021,455.0,direct_published_census_value,/workspace/settlements-raw/data/interim/2021_tochno/data_allsettlements_anon_156_v20251217.parquet,86c197cd522e0b63669e9c6e7f43fd3d82b3704c6a126c800a9968ecd16cae14,False,,,,,,,,,,,,,,,,,,,,,,,,,,,True
published_closed_city_scope_Артем,2002.0,2002:1_TOM_01_04.xls:0:9932,Артем,город,64145.0,direct_published_census_value,/workspace/settlements-raw/data/raw/2002_official_tom1/1_TOM_01_04.xls,745a24599719c877a8ddf015aadf22d3cb859444819a32f8197ae525d91483f3,0!row_1based=9932.0,True,True,False,True,True,False,atomic_NP_in_complete_published_scope,applied_complete_published_city_territorial_scope,published_complete_city_territory_scope,city_with_published_subordinates,UNKNOWN,False,False,False,False,True,False,published_closed_city_scope_Артем,2002,64145.0,direct_published_census_value,/workspace/settlements-raw/data/raw/2002_official_tom1/1_TOM_01_04.xls,745a24599719c877a8ddf015aadf22d3cb859444819a32f8197ae525d91483f3,False,,,,,,,,,,,,,,,,,,,,,,,,,,,True
published_closed_city_scope_Артем,2002.0,2002:1_TOM_01_04.xls:0:9933,Артемовский,пгт,9728.0,direct_published_census_value,/workspace/settlements-raw/data/raw/2002_official_tom1/1_TOM_01_04.xls,745a24599719c877a8ddf015aadf22d3cb859444819a32f8197ae525d91483f3,0!row_1based=9933.0,True,True,False,False,False,False,atomic_NP_in_complete_published_scope,applied_complete_published_city_territorial_scope,published_complete_city_territory_scope,city_with_published_subordinates,UNKNOWN,False,False,False,False,True,False,published_closed_city_scope_Артем,2002,9728.0,direct_published_census_value,/workspace/settlements-raw/data/raw/2002_official_tom1/1_TOM_01_04.xls,745a24599719c877a8ddf015aadf22d3cb859444819a32f8197ae525d91483f3,False,,,,,,,,,,,,,,,,,,,,,,,,,,,False
published_closed_city_scope_Артем,2002.0,2002:1_TOM_01_04.xls:0:9934,Заводской,пгт,15228.0,direct_published_census_value,/workspace/settlements-raw/data/raw/2002_official_tom1/1_TOM_01_04.xls,745a24599719c877a8ddf015aadf22d3cb859444819a32f8197ae525d91483f3,0!row_1based=9934.0,True,True,False,False,False,False,atomic_NP_in_complete_published_scope,applied_complete_published_city_territorial_scope,published_complete_city_territory_scope,city_with_published_subordinates,UNKNOWN,False,False,False,False,True,False,published_closed_city_scope_Артем,2002,15228.0,direct_published_census_value,/workspace/settlements-raw/data/raw/2002_official_tom1/1_TOM_01_04.xls,745a24599719c877a8ddf015aadf22d3cb859444819a32f8197ae525d91483f3,False,,,,,,,,,,,,,,,,,,,,,,,,,,,False
published_closed_city_scope_Артем,2002.0,2002:1_TOM_01_04.xls:0:9935,Угловое,пгт,12732.0,direct_published_census_value,/workspace/settlements-raw/data/raw/2002_official_tom1/1_TOM_01_04.xls,745a24599719c877a8ddf015aadf22d3cb859444819a32f8197ae525d91483f3,0!row_1based=9935.0,True,True,False,False,False,False,atomic_NP_in_complete_published_scope,applied_complete_published_city_territorial_scope,published_complete_city_territory_scope,city_with_published_subordinates,UNKNOWN,False,False,False,False,True,False,published_closed_city_scope_Артем,2002,12732.0,direct_published_census_value,/workspace/settlements-raw/data/raw/2002_official_tom1/1_TOM_01_04.xls,745a24599719c877a8ddf015aadf22d3cb859444819a32f8197ae525d91483f3,False,,,,,,,,,,,,,,,,,,,,,,,,,,,False
published_closed_city_scope_Артем,2002.0,2002:079_983a1a85f7_Primor_krai_1.xls:Sheet1:11,Кневичи,село,4717.0,direct_published_census_value,/workspace/settlements-raw/data/raw/2002/079_983a1a85f7_Primor_krai_1.xls,13c795665e6d97057b9bf7b0fb3f138919f4e5da36dc1a91d9f2959b319a87c1,Sheet1!row_1based=11.0,True,True,False,True,True,False,atomic_NP_in_complete_published_scope,applied_complete_published_city_territorial_scope,published_complete_city_territory_scope,city_with_published_subordinates,UNKNOWN,False,False,False,False,True,False,published_closed_city_scope_Артем,2002,4717.0,direct_published_census_value,/workspace/settlements-raw/data/raw/2002/079_983a1a85f7_Primor_krai_1.xls,13c795665e6d97057b9bf7b0fb3f138919f4e5da36dc1a91d9f2959b319a87c1,False,,,,,,,,,,,,,,,,,,,,,,,,,,,True
published_closed_city_scope_Артем,2002.0,2002:079_983a1a85f7_Primor_krai_1.xls:Sheet1:12,Кролевцы,село,916.0,direct_published_census_value,/workspace/settlements-raw/data/raw/2002/079_983a1a85f7_Primor_krai_1.xls,13c795665e6d97057b9bf7b0fb3f138919f4e5da36dc1a91d9f2959b319a87c1,Sheet1!row_1based=12.0,True,True,False,True,True,False,atomic_NP_in_complete_published_scope,applied_complete_published_city_territorial_scope,published_complete_city_territory_scope,city_with_published_subordinates,UNKNOWN,False,False,False,False,True,False,published_closed_city_scope_Артем,2002,916.0,direct_published_census_value,/workspace/settlements-raw/data/raw/2002/079_983a1a85f7_Primor_krai_1.xls,13c795665e6d97057b9bf7b0fb3f138919f4e5da36dc1a91d9f2959b319a87c1,False,,,,,,,,,,,,,,,,,,,,,,,,,,,True
published_closed_city_scope_Артем,2002.0,2002:079_983a1a85f7_Primor_krai_1.xls:Sheet1:13,Ясное,село,423.0,direct_published_census_value,/workspace/settlements-raw/data/raw/2002/079_983a1a85f7_Primor_krai_1.xls,13c795665e6d97057b9bf7b0fb3f138919f4e5da36dc1a91d9f2959b319a87c1,Sheet1!row_1based=13.0,True,True,False,False,False,False,atomic_NP_in_complete_published_scope,applied_complete_published_city_territorial_scope,published_complete_city_territory_scope,city_with_published_subordinates,UNKNOWN,False,False,False,False,True,False,published_closed_city_scope_Артем,2002,423.0,direct_published_census_value,/workspace/settlements-raw/data/raw/2002/079_983a1a85f7_Primor_krai_1.xls,13c795665e6d97057b9bf7b0fb3f138919f4e5da36dc1a91d9f2959b319a87c1,False,,,,,,,,,,,,,,,,,,,,,,,,,,,False
published_closed_city_scope_Артем,2002.0,2002:079_983a1a85f7_Primor_krai_1.xls:Sheet1:15,Оленье,село,1228.0,direct_published_census_value,/workspace/settlements-raw/data/raw/2002/079_983a1a85f7_Primor_krai_1.xls,13c795665e6d97057b9bf7b0fb3f138919f4e5da36dc1a91d9f2959b319a87c1,Sheet1!row_1based=15.0,True,True,False,False,True,False,atomic_NP_in_complete_published_scope,applied_complete_published_city_territorial_scope,published_complete_city_territory_scope,city_with_published_subordinates,UNKNOWN,False,False,False,False,True,False,published_closed_city_scope_Артем,2002,1228.0,direct_published_census_value,/workspace/settlements-raw/data/raw/2002/079_983a1a85f7_Primor_krai_1.xls,13c795665e6d97057b9bf7b0fb3f138919f4e5da36dc1a91d9f2959b319a87c1,False,,,,,,,,,,,,,,,,,,,,,,,,,,,False
published_closed_city_scope_Артем,2002.0,2002:079_983a1a85f7_Primor_krai_1.xls:Sheet1:16,Суражевка,село,1846.0,direct_published_census_value,/workspace/settlements-raw/data/raw/2002/079_983a1a85f7_Primor_krai_1.xls,13c795665e6d97057b9bf7b0fb3f138919f4e5da36dc1a91d9f2959b319a87c1,Sheet1!row_1based=16.0,True,True,False,True,True,False,atomic_NP_in_complete_published_scope,applied_complete_published_city_territorial_scope,published_complete_city_territory_scope,city_with_published_subordinates,UNKNOWN,False,False,False,False,True,False,published_closed_city_scope_Артем,2002,1846.0,direct_published_census_value,/workspace/settlements-raw/data/raw/2002/079_983a1a85f7_Primor_krai_1.xls,13c795665e6d97057b9bf7b0fb3f138919f4e5da36dc1a91d9f2959b319a87c1,False,,,,,,,,,,,,,,,,,,,,,,,,,,,True
published_closed_city_scope_Артем,2010.0,2010:pub-11-1-4.pdf:pdf_page_1:45,Артем,город,102603.0,direct_official_city_value,/workspace/settlements-raw/data/raw/2010_official_tom11/pub-11-1-4.pdf,db2528e6db3c6089351bd09d253c9dfa607e2f2dff6cc45d1174fb21fa96d500,pdf_page_1!row_1based=45.0,True,True,False,True,True,False,atomic_NP_in_complete_published_scope,applied_complete_published_city_territorial_scope,published_complete_city_territory_scope,city_with_published_subordinates,UNKNOWN,False,False,False,False,True,False,published_closed_city_scope_Артем,2010,102603.0,direct_official_city_value,/workspace/settlements-raw/data/raw/2010_official_tom11/pub-11-1-4.pdf,db2528e6db3c6089351bd09d253c9dfa607e2f2dff6cc45d1174fb21fa96d500,False,,,,,,,,,,,,,,,,,,,,,,,,,,,True
published_closed_city_scope_Артем,2010.0,2010:009_81f8a0e73c_17._20ДВ_ФО_2010.xls:ДВ:569,Оленье,село,1246.0,secondary_confidentiality_protected_value_exact_scope_unverified,/workspace/settlements-raw/data/raw/2010/009_81f8a0e73c_17._20ДВ_ФО_2010.xls,a8fd7aa55513e73a205ebff1da2ce35fd8ca0f61c286e54491cf49c6132470c4,ДВ!row_1based=569.0,True,True,False,False,True,False,atomic_NP_in_complete_published_scope,applied_complete_published_city_territorial_scope,published_complete_city_territory_scope,city_with_published_subordinates,UNKNOWN,False,False,False,False,True,False,published_closed_city_scope_Артем,2010,1246.0,secondary_confidentiality_protected_value_exact_scope_unverified,/workspace/settlements-raw/data/raw/2010/009_81f8a0e73c_17._20ДВ_ФО_2010.xls,a8fd7aa55513e73a205ebff1da2ce35fd8ca0f61c286e54491cf49c6132470c4,False,,,,,,,,,,,,,,,,,,,,,,,,,,,False
published_closed_city_scope_Артем,2010.0,2010:009_81f8a0e73c_17._20ДВ_ФО_2010.xls:ДВ:570,Суражевка,село,1940.0,secondary_confidentiality_protected_value_exact_scope_unverified,/workspace/settlements-raw/data/raw/2010/009_81f8a0e73c_17._20ДВ_ФО_2010.xls,a8fd7aa55513e73a205ebff1da2ce35fd8ca0f61c286e54491cf49c6132470c4,ДВ!row_1based=570.0,True,True,False,True,True,False,atomic_NP_in_complete_published_scope,applied_complete_published_city_territorial_scope,published_complete_city_territory_scope,city_with_published_subordinates,UNKNOWN,False,False,False,False,True,False,published_closed_city_scope_Артем,2010,1940.0,secondary_confidentiality_protected_value_exact_scope_unverified,/workspace/settlements-raw/data/raw/2010/009_81f8a0e73c_17._20ДВ_ФО_2010.xls,a8fd7aa55513e73a205ebff1da2ce35fd8ca0f61c286e54491cf49c6132470c4,False,,,,,,,,,,,,,,,,,,,,,,,,,,,True
published_closed_city_scope_Артем,2010.0,2010:009_81f8a0e73c_17._20ДВ_ФО_2010.xls:ДВ:571,Кневичи,село,4645.0,secondary_confidentiality_protected_value_exact_scope_unverified,/workspace/settlements-raw/data/raw/2010/009_81f8a0e73c_17._20ДВ_ФО_2010.xls,a8fd7aa55513e73a205ebff1da2ce35fd8ca0f61c286e54491cf49c6132470c4,ДВ!row_1based=571.0,True,True,False,True,True,False,atomic_NP_in_complete_published_scope,applied_complete_published_city_territorial_scope,published_complete_city_territory_scope,city_with_published_subordinates,UNKNOWN,False,False,False,False,True,False,published_closed_city_scope_Артем,2010,4645.0,secondary_confidentiality_protected_value_exact_scope_unverified,/workspace/settlements-raw/data/raw/2010/009_81f8a0e73c_17._20ДВ_ФО_2010.xls,a8fd7aa55513e73a205ebff1da2ce35fd8ca0f61c286e54491cf49c6132470c4,False,,,,,,,,,,,,,,,,,,,,,,,,,,,True
published_closed_city_scope_Артем,2010.0,2010:009_81f8a0e73c_17._20ДВ_ФО_2010.xls:ДВ:572,Кролевцы,село,1012.0,secondary_confidentiality_protected_value_exact_scope_unverified,/workspace/settlements-raw/data/raw/2010/009_81f8a0e73c_17._20ДВ_ФО_2010.xls,a8fd7aa55513e73a205ebff1da2ce35fd8ca0f61c286e54491cf49c6132470c4,ДВ!row_1based=572.0,True,True,False,True,True,False,atomic_NP_in_complete_published_scope,applied_complete_published_city_territorial_scope,published_complete_city_territory_scope,city_with_published_subordinates,UNKNOWN,False,False,False,False,True,False,published_closed_city_scope_Артем,2010,1012.0,secondary_confidentiality_protected_value_exact_scope_unverified,/workspace/settlements-raw/data/raw/2010/009_81f8a0e73c_17._20ДВ_ФО_2010.xls,a8fd7aa55513e73a205ebff1da2ce35fd8ca0f61c286e54491cf49c6132470c4,False,,,,,,,,,,,,,,,,,,,,,,,,,,,True
published_closed_city_scope_Артем,2010.0,2010:009_81f8a0e73c_17._20ДВ_ФО_2010.xls:ДВ:573,Ясное,село,416.0,secondary_confidentiality_protected_value_exact_scope_unverified,/workspace/settlements-raw/data/raw/2010/009_81f8a0e73c_17._20ДВ_ФО_2010.xls,a8fd7aa55513e73a205ebff1da2ce35fd8ca0f61c286e54491cf49c6132470c4,ДВ!row_1based=573.0,True,True,False,False,False,False,atomic_NP_in_complete_published_scope,applied_complete_published_city_territorial_scope,published_complete_city_territory_scope,city_with_published_subordinates,UNKNOWN,False,False,False,False,True,False,published_closed_city_scope_Артем,2010,416.0,secondary_confidentiality_protected_value_exact_scope_unverified,/workspace/settlements-raw/data/raw/2010/009_81f8a0e73c_17._20ДВ_ФО_2010.xls,a8fd7aa55513e73a205ebff1da2ce35fd8ca0f61c286e54491cf49c6132470c4,False,,,,,,,,,,,,,,,,,,,,,,,,,,,False
published_closed_city_scope_Артем,2021.0,2021:data_allsettlements_anon_156_v20251217.parquet:parquet:100083,Артем,город,109556.0,direct_published_census_value,/workspace/settlements-raw/data/interim/2021_tochno/data_allsettlements_anon_156_v20251217.parquet,86c197cd522e0b63669e9c6e7f43fd3d82b3704c6a126c800a9968ecd16cae14,parquet!row_1based=100083.0,True,True,False,True,True,False,atomic_NP_in_complete_published_scope,applied_complete_published_city_territorial_scope,published_complete_city_territory_scope,city_with_published_subordinates,UNKNOWN,False,False,False,False,True,False,published_closed_city_scope_Артем,2021,109556.0,direct_published_census_value,/workspace/settlements-raw/data/interim/2021_tochno/data_allsettlements_anon_156_v20251217.parquet,86c197cd522e0b63669e9c6e7f43fd3d82b3704c6a126c800a9968ecd16cae14,False,,,,,,,,,,,,,,,,,,,,,,,,,,,True
published_closed_city_scope_Артем,2021.0,2021:data_allsettlements_anon_156_v20251217.parquet:parquet:100084,Кневичи,село,4776.0,direct_published_census_value,/workspace/settlements-raw/data/interim/2021_tochno/data_allsettlements_anon_156_v20251217.parquet,86c197cd522e0b63669e9c6e7f43fd3d82b3704c6a126c800a9968ecd16cae14,parquet!row_1based=100084.0,True,True,False,True,True,False,atomic_NP_in_complete_published_scope,applied_complete_published_city_territorial_scope,published_complete_city_territory_scope,city_with_published_subordinates,UNKNOWN,False,False,False,False,True,False,published_closed_city_scope_Артем,2021,4776.0,direct_published_census_value,/workspace/settlements-raw/data/interim/2021_tochno/data_allsettlements_anon_156_v20251217.parquet,86c197cd522e0b63669e9c6e7f43fd3d82b3704c6a126c800a9968ecd16cae14,False,,,,,,,,,,,,,,,,,,,,,,,,,,,True
published_closed_city_scope_Артем,2021.0,2021:data_allsettlements_anon_156_v20251217.parquet:parquet:100085,Кролевцы,село,1047.0,direct_published_census_value,/workspace/settlements-raw/data/interim/2021_tochno/data_allsettlements_anon_156_v20251217.parquet,86c197cd522e0b63669e9c6e7f43fd3d82b3704c6a126c800a9968ecd16cae14,parquet!row_1based=100085.0,True,True,False,True,True,False,atomic_NP_in_complete_published_scope,applied_complete_published_city_territorial_scope,published_complete_city_territory_scope,city_with_published_subordinates,UNKNOWN,False,False,False,False,True,False,published_closed_city_scope_Артем,2021,1047.0,direct_published_census_value,/workspace/settlements-raw/data/interim/2021_tochno/data_allsettlements_anon_156_v20251217.parquet,86c197cd522e0b63669e9c6e7f43fd3d82b3704c6a126c800a9968ecd16cae14,False,,,,,,,,,,,,,,,,,,,,,,,,,,,True
published_closed_city_scope_Артем,2021.0,2021:data_allsettlements_anon_156_v20251217.parquet:parquet:100086,Олений,село,1051.0,direct_published_census_value,/workspace/settlements-raw/data/interim/2021_tochno/data_allsettlements_anon_156_v20251217.parquet,86c197cd522e0b63669e9c6e7f43fd3d82b3704c6a126c800a9968ecd16cae14,parquet!row_1based=100086.0,True,True,False,False,True,False,atomic_NP_in_complete_published_scope,applied_complete_published_city_territorial_scope,published_complete_city_territory_scope,city_with_published_subordinates,UNKNOWN,False,False,False,False,True,False,published_closed_city_scope_Артем,2021,1051.0,direct_published_census_value,/workspace/settlements-raw/data/interim/2021_tochno/data_allsettlements_anon_156_v20251217.parquet,86c197cd522e0b63669e9c6e7f43fd3d82b3704c6a126c800a9968ecd16cae14,False,,,,,,,,,,,,,,,,,,,,,,,,,,,False
published_closed_city_scope_Артем,2021.0,2021:data_allsettlements_anon_156_v20251217.parquet:parquet:100087,Суражевка,село,1926.0,direct_published_census_value,/workspace/settlements-raw/data/interim/2021_tochno/data_allsettlements_anon_156_v20251217.parquet,86c197cd522e0b63669e9c6e7f43fd3d82b3704c6a126c800a9968ecd16cae14,parquet!row_1based=100087.0,True,True,False,True,True,False,atomic_NP_in_complete_published_scope,applied_complete_published_city_territorial_scope,published_complete_city_territory_scope,city_with_published_subordinates,UNKNOWN,False,False,False,False,True,False,published_closed_city_scope_Артем,2021,1926.0,direct_published_census_value,/workspace/settlements-raw/data/interim/2021_tochno/data_allsettlements_anon_156_v20251217.parquet,86c197cd522e0b63669e9c6e7f43fd3d82b3704c6a126c800a9968ecd16cae14,False,,,,,,,,,,,,,,,,,,,,,,,,,,,True
published_closed_city_scope_Артем,2021.0,2021:data_allsettlements_anon_156_v20251217.parquet:parquet:100088,Ясное,село,486.0,direct_published_census_value,/workspace/settlements-raw/data/interim/2021_tochno/data_allsettlements_anon_156_v20251217.parquet,86c197cd522e0b63669e9c6e7f43fd3d82b3704c6a126c800a9968ecd16cae14,parquet!row_1based=100088.0,True,True,False,False,True,False,atomic_NP_in_complete_published_scope,applied_complete_published_city_territorial_scope,published_complete_city_territory_scope,city_with_published_subordinates,UNKNOWN,False,False,False,False,True,False,published_closed_city_scope_Артем,2021,486.0,direct_published_census_value,/workspace/settlements-raw/data/interim/2021_tochno/data_allsettlements_anon_156_v20251217.parquet,86c197cd522e0b63669e9c6e7f43fd3d82b3704c6a126c800a9968ecd16cae14,False,,,,,,,,,,,,,,,,,,,,,,,,,,,False
published_closed_city_scope_Находка,2002.0,2002:1_TOM_01_04.xls:0:9957,Находка,город,148826.0,direct_published_census_value,/workspace/settlements-raw/data/raw/2002_official_tom1/1_TOM_01_04.xls,745a24599719c877a8ddf015aadf22d3cb859444819a32f8197ae525d91483f3,0!row_1based=9957.0,True,True,False,True,True,False,atomic_NP_in_complete_published_scope,applied_complete_published_city_territorial_scope,published_complete_city_territory_scope,city_with_published_subordinates,UNKNOWN,False,False,False,False,True,False,published_closed_city_scope_Находка,2002,148826.0,direct_published_census_value,/workspace/settlements-raw/data/raw/2002_official_tom1/1_TOM_01_04.xls,745a24599719c877a8ddf015aadf22d3cb859444819a32f8197ae525d91483f3,False,False,True,город,,,,,,,,,,,,,,,,,,,,,,,,True
published_closed_city_scope_Находка,2002.0,2002:1_TOM_01_04.xls:0:9958,Врангель,пгт,15346.0,direct_published_census_value,/workspace/settlements-raw/data/raw/2002_official_tom1/1_TOM_01_04.xls,745a24599719c877a8ddf015aadf22d3cb859444819a32f8197ae525d91483f3,0!row_1based=9958.0,True,True,False,False,False,False,atomic_NP_in_complete_published_scope,applied_complete_published_city_territorial_scope,published_complete_city_territory_scope,city_with_published_subordinates,UNKNOWN,False,False,False,False,True,False,published_closed_city_scope_Находка,2002,15346.0,direct_published_census_value,/workspace/settlements-raw/data/raw/2002_official_tom1/1_TOM_01_04.xls,745a24599719c877a8ddf015aadf22d3cb859444819a32f8197ae525d91483f3,False,False,True,пгт,,,,,,,,,,,,,,,,,,,,,,,,False
published_closed_city_scope_Находка,2002.0,2002:1_TOM_01_04.xls:0:9959,Ливадия,пгт,12961.0,direct_published_census_value,/workspace/settlements-raw/data/raw/2002_official_tom1/1_TOM_01_04.xls,745a24599719c877a8ddf015aadf22d3cb859444819a32f8197ae525d91483f3,0!row_1based=9959.0,True,True,False,False,False,False,atomic_NP_in_complete_published_scope,applied_complete_published_city_territorial_scope,published_complete_city_territory_scope,city_with_published_subordinates,UNKNOWN,False,False,False,False,True,False,published_closed_city_scope_Находка,2002,12961.0,direct_published_census_value,/workspace/settlements-raw/data/raw/2002_official_tom1/1_TOM_01_04.xls,745a24599719c877a8ddf015aadf22d3cb859444819a32f8197ae525d91483f3,False,False,True,пгт,,,,,,,,,,,,,,,,,,,,,,,,False
published_closed_city_scope_Находка,2002.0,2002:079_983a1a85f7_Primor_krai_1.xls:Sheet1:32,Анна,село,518.0,direct_published_census_value,/workspace/settlements-raw/data/raw/2002/079_983a1a85f7_Primor_krai_1.xls,13c795665e6d97057b9bf7b0fb3f138919f4e5da36dc1a91d9f2959b319a87c1,Sheet1!row_1based=32.0,True,True,False,True,True,False,atomic_NP_in_complete_published_scope,applied_complete_published_city_territorial_scope,published_complete_city_territory_scope,city_with_published_subordinates,UNKNOWN,False,False,False,False,True,False,published_closed_city_scope_Находка,2002,518.0,direct_published_census_value,/workspace/settlements-raw/data/raw/2002/079_983a1a85f7_Primor_krai_1.xls,13c795665e6d97057b9bf7b0fb3f138919f4e5da36dc1a91d9f2959b319a87c1,False,False,True,село,,,,,,,,,,,,,,,,,,,,,,,,True
published_closed_city_scope_Находка,2002.0,2002:079_983a1a85f7_Primor_krai_1.xls:Sheet1:34,Козьмино,село,557.0,direct_published_census_value,/workspace/settlements-raw/data/raw/2002/079_983a1a85f7_Primor_krai_1.xls,13c795665e6d97057b9bf7b0fb3f138919f4e5da36dc1a91d9f2959b319a87c1,Sheet1!row_1based=34.0,True,True,False,False,False,False,atomic_NP_in_complete_published_scope,applied_complete_published_city_territorial_scope,published_complete_city_territory_scope,city_with_published_subordinates,UNKNOWN,False,False,False,False,True,False,published_closed_city_scope_Находка,2002,557.0,direct_published_census_value,/workspace/settlements-raw/data/raw/2002/079_983a1a85f7_Primor_krai_1.xls,13c795665e6d97057b9bf7b0fb3f138919f4e5da36dc1a91d9f2959b319a87c1,False,False,True,село,,,,,,,,,,,,,,,,,,,,,,,,False
published_closed_city_scope_Находка,2002.0,2002:079_983a1a85f7_Primor_krai_1.xls:Sheet1:37,Душкино,село,600.0,direct_published_census_value,/workspace/settlements-raw/data/raw/2002/079_983a1a85f7_Primor_krai_1.xls,13c795665e6d97057b9bf7b0fb3f138919f4e5da36dc1a91d9f2959b319a87c1,Sheet1!row_1based=37.0,True,True,False,True,True,False,atomic_NP_in_complete_published_scope,applied_complete_published_city_territorial_scope,published_complete_city_territory_scope,city_with_published_subordinates,UNKNOWN,False,False,False,False,True,False,published_closed_city_scope_Находка,2002,600.0,direct_published_census_value,/workspace/settlements-raw/data/raw/2002/079_983a1a85f7_Primor_krai_1.xls,13c795665e6d97057b9bf7b0fb3f138919f4e5da36dc1a91d9f2959b319a87c1,False,False,True,село,,,,,,,,,,,,,,,,,,,,,,,,True
published_closed_city_scope_Находка,2010.0,2010:pub-11-1-4.pdf:pdf_page_12:7,Находка,город,159719.0,direct_official_city_value,/workspace/settlements-raw/data/raw/2010_official_tom11/pub-11-1-4.pdf,db2528e6db3c6089351bd09d253c9dfa607e2f2dff6cc45d1174fb21fa96d500,pdf_page_12!row_1based=7.0,True,True,False,True,True,False,atomic_NP_in_complete_published_scope,applied_complete_published_city_territorial_scope,published_complete_city_territory_scope,city_with_published_subordinates,UNKNOWN,False,False,False,False,True,False,published_closed_city_scope_Находка,2010,159719.0,direct_official_city_value,/workspace/settlements-raw/data/raw/2010_official_tom11/pub-11-1-4.pdf,db2528e6db3c6089351bd09d253c9dfa607e2f2dff6cc45d1174fb21fa96d500,False,False,True,город,,,,,,,,,,,,,,,,,,,,,,,,True
published_closed_city_scope_Находка,2010.0,2010:009_81f8a0e73c_17._20ДВ_ФО_2010.xls:ДВ:610,Душкино,село,563.0,secondary_confidentiality_protected_value_exact_scope_unverified,/workspace/settlements-raw/data/raw/2010/009_81f8a0e73c_17._20ДВ_ФО_2010.xls,a8fd7aa55513e73a205ebff1da2ce35fd8ca0f61c286e54491cf49c6132470c4,ДВ!row_1based=610.0,True,True,False,True,True,False,atomic_NP_in_complete_published_scope,applied_complete_published_city_territorial_scope,published_complete_city_territory_scope,city_with_published_subordinates,UNKNOWN,False,False,False,False,True,False,published_closed_city_scope_Находка,2010,563.0,secondary_confidentiality_protected_value_exact_scope_unverified,/workspace/settlements-raw/data/raw/2010/009_81f8a0e73c_17._20ДВ_ФО_2010.xls,a8fd7aa55513e73a205ebff1da2ce35fd8ca0f61c286e54491cf49c6132470c4,False,False,True,село,,,,,,,,,,,,,,,,,,,,,,,,True
published_closed_city_scope_Находка,2010.0,2010:009_81f8a0e73c_17._20ДВ_ФО_2010.xls:ДВ:611,Береговой,посёлок,86.0,secondary_confidentiality_protected_value_exact_scope_unverified,/workspace/settlements-raw/data/raw/2010/009_81f8a0e73c_17._20ДВ_ФО_2010.xls,a8fd7aa55513e73a205ebff1da2ce35fd8ca0f61c286e54491cf49c6132470c4,ДВ!row_1based=611.0,True,True,False,True,True,False,atomic_NP_in_complete_published_scope,applied_complete_published_city_territorial_scope,published_complete_city_territory_scope,city_with_published_subordinates,UNKNOWN,False,False,False,False,True,False,published_closed_city_scope_Находка,2010,86.0,secondary_confidentiality_protected_value_exact_scope_unverified,/workspace/settlements-raw/data/raw/2010/009_81f8a0e73c_17._20ДВ_ФО_2010.xls,a8fd7aa55513e73a205ebff1da2ce35fd8ca0f61c286e54491cf49c6132470c4,False,False,True,посёлок,,,,,,,,,,,,,,,,,,,,,,,,True
published_closed_city_scope_Находка,2010.0,2010:009_81f8a0e73c_17._20ДВ_ФО_2010.xls:ДВ:612,Анна,село,392.0,secondary_confidentiality_protected_value_exact_scope_unverified,/workspace/settlements-raw/data/raw/2010/009_81f8a0e73c_17._20ДВ_ФО_2010.xls,a8fd7aa55513e73a205ebff1da2ce35fd8ca0f61c286e54491cf49c6132470c4,ДВ!row_1based=612.0,True,True,False,True,True,False,atomic_NP_in_complete_published_scope,applied_complete_published_city_territorial_scope,published_complete_city_territory_scope,city_with_published_subordinates,UNKNOWN,False,False,False,False,True,False,published_closed_city_scope_Находка,2010,392.0,secondary_confidentiality_protected_value_exact_scope_unverified,/workspace/settlements-raw/data/raw/2010/009_81f8a0e73c_17._20ДВ_ФО_2010.xls,a8fd7aa55513e73a205ebff1da2ce35fd8ca0f61c286e54491cf49c6132470c4,False,False,True,село,,,,,,,,,,,,,,,,,,,,,,,,True
published_closed_city_scope_Находка,2021.0,2021:data_allsettlements_anon_156_v20251217.parquet:parquet:100132,Находка,город,139931.0,direct_published_census_value,/workspace/settlements-raw/data/interim/2021_tochno/data_allsettlements_anon_156_v20251217.parquet,86c197cd522e0b63669e9c6e7f43fd3d82b3704c6a126c800a9968ecd16cae14,parquet!row_1based=100132.0,True,True,False,True,True,False,atomic_NP_in_complete_published_scope,applied_complete_published_city_territorial_scope,published_complete_city_territory_scope,city_with_published_subordinates,UNKNOWN,False,False,False,False,True,False,published_closed_city_scope_Находка,2021,139931.0,direct_published_census_value,/workspace/settlements-raw/data/interim/2021_tochno/data_allsettlements_anon_156_v20251217.parquet,86c197cd522e0b63669e9c6e7f43fd3d82b3704c6a126c800a9968ecd16cae14,False,False,True,город,,,,,,,,,,,,,,,,,,,,,,,,True
published_closed_city_scope_Находка,2021.0,2021:data_allsettlements_anon_156_v20251217.parquet:parquet:100133,Береговой,посёлок,119.0,direct_published_census_value,/workspace/settlements-raw/data/interim/2021_tochno/data_allsettlements_anon_156_v20251217.parquet,86c197cd522e0b63669e9c6e7f43fd3d82b3704c6a126c800a9968ecd16cae14,parquet!row_1based=100133.0,True,True,False,True,True,False,atomic_NP_in_complete_published_scope,applied_complete_published_city_territorial_scope,published_complete_city_territory_scope,city_with_published_subordinates,UNKNOWN,False,False,False,False,True,False,published_closed_city_scope_Находка,2021,119.0,direct_published_census_value,/workspace/settlements-raw/data/interim/2021_tochno/data_allsettlements_anon_156_v20251217.parquet,86c197cd522e0b63669e9c6e7f43fd3d82b3704c6a126c800a9968ecd16cae14,False,False,True,посёлок,,,,,,,,,,,,,,,,,,,,,,,,True
published_closed_city_scope_Находка,2021.0,2021:data_allsettlements_anon_156_v20251217.parquet:parquet:100134,Анна,село,390.0,direct_published_census_value,/workspace/settlements-raw/data/interim/2021_tochno/data_allsettlements_anon_156_v20251217.parquet,86c197cd522e0b63669e9c6e7f43fd3d82b3704c6a126c800a9968ecd16cae14,parquet!row_1based=100134.0,True,True,False,True,True,False,atomic_NP_in_complete_published_scope,applied_complete_published_city_territorial_scope,published_complete_city_territory_scope,city_with_published_subordinates,UNKNOWN,False,False,False,False,True,False,published_closed_city_scope_Находка,2021,390.0,direct_published_census_value,/workspace/settlements-raw/data/interim/2021_tochno/data_allsettlements_anon_156_v20251217.parquet,86c197cd522e0b63669e9c6e7f43fd3d82b3704c6a126c800a9968ecd16cae14,False,False,True,село,,,,,,,,,,,,,,,,,,,,,,,,True
published_closed_city_scope_Находка,2021.0,2021:data_allsettlements_anon_156_v20251217.parquet:parquet:100135,Душкино,село,595.0,direct_published_census_value,/workspace/settlements-raw/data/interim/2021_tochno/data_allsettlements_anon_156_v20251217.parquet,86c197cd522e0b63669e9c6e7f43fd3d82b3704c6a126c800a9968ecd16cae14,parquet!row_1based=100135.0,True,True,False,True,True,False,atomic_NP_in_complete_published_scope,applied_complete_published_city_territorial_scope,published_complete_city_territory_scope,city_with_published_subordinates,UNKNOWN,False,False,False,False,True,False,published_closed_city_scope_Находка,2021,595.0,direct_published_census_value,/workspace/settlements-raw/data/interim/2021_tochno/data_allsettlements_anon_156_v20251217.parquet,86c197cd522e0b63669e9c6e7f43fd3d82b3704c6a126c800a9968ecd16cae14,False,False,True,село,,,,,,,,,,,,,,,,,,,,,,,,True
published_closed_city_scope_Екатеринбург,2002.0,2002:1_TOM_01_04.xls:0:7393,Екатеринбург,город,1293537.0,direct_published_census_value,/workspace/settlements-raw/data/raw/2002_official_tom1/1_TOM_01_04.xls,745a24599719c877a8ddf015aadf22d3cb859444819a32f8197ae525d91483f3,0!row_1based=7393.0,True,True,False,True,True,False,atomic_NP_in_complete_published_scope,applied_complete_published_city_territorial_scope,published_complete_city_territory_scope,city_with_published_subordinates,UNKNOWN,False,False,False,False,True,False,published_closed_city_scope_Екатеринбург,2002,1293537.0,direct_published_census_value,/workspace/settlements-raw/data/raw/2002_official_tom1/1_TOM_01_04.xls,745a24599719c877a8ddf015aadf22d3cb859444819a32f8197ae525d91483f3,False,,,,,,,,,,,,,,,,,,,,,,,,,,,True
published_closed_city_scope_Екатеринбург,2002.0,2002:1_TOM_01_04.xls:0:7402,Кольцово,пгт,14735.0,direct_published_census_value,/workspace/settlements-raw/data/raw/2002_official_tom1/1_TOM_01_04.xls,745a24599719c877a8ddf015aadf22d3cb859444819a32f8197ae525d91483f3,0!row_1based=7402.0,True,True,False,False,False,False,atomic_NP_in_complete_published_scope,applied_complete_published_city_territorial_scope,published_complete_city_territory_scope,city_with_published_subordinates,UNKNOWN,False,False,False,False,True,False,published_closed_city_scope_Екатеринбург,2002,14735.0,direct_published_census_value,/workspace/settlements-raw/data/raw/2002_official_tom1/1_TOM_01_04.xls,745a24599719c877a8ddf015aadf22d3cb859444819a32f8197ae525d91483f3,False,,,,,,,,,,,,,,,,,,,,,,,,,,,False
published_closed_city_scope_Екатеринбург,2002.0,2002:1_TOM_01_04.xls:0:7403,Северка,пгт,3380.0,direct_published_census_value,/workspace/settlements-raw/data/raw/2002_official_tom1/1_TOM_01_04.xls,745a24599719c877a8ddf015aadf22d3cb859444819a32f8197ae525d91483f3,0!row_1based=7403.0,True,True,False,False,False,False,atomic_NP_in_complete_published_scope,applied_complete_published_city_territorial_scope,published_complete_city_territory_scope,city_with_published_subordinates,UNKNOWN,False,False,False,False,True,False,published_closed_city_scope_Екатеринбург,2002,3380.0,direct_published_census_value,/workspace/settlements-raw/data/raw/2002_official_tom1/1_TOM_01_04.xls,745a24599719c877a8ddf015aadf22d3cb859444819a32f8197ae525d91483f3,False,,,,,,,,,,,,,,,,,,,,,,,,,,,True
published_closed_city_scope_Екатеринбург,2002.0,2002:1_TOM_01_04.xls:0:7404,Шабровский,пгт,3933.0,direct_published_census_value,/workspace/settlements-raw/data/raw/2002_official_tom1/1_TOM_01_04.xls,745a24599719c877a8ddf015aadf22d3cb859444819a32f8197ae525d91483f3,0!row_1based=7404.0,True,True,False,True,True,False,atomic_NP_in_complete_published_scope,applied_complete_published_city_territorial_scope,published_complete_city_territory_scope,city_with_published_subordinates,UNKNOWN,False,False,False,False,True,False,published_closed_city_scope_Екатеринбург,2002,3933.0,direct_published_census_value,/workspace/settlements-raw/data/raw/2002_official_tom1/1_TOM_01_04.xls,745a24599719c877a8ddf015aadf22d3cb859444819a32f8197ae525d91483f3,False,,,,,,,,,,,,,,,,,,,,,,,,,,,True
published_closed_city_scope_Екатеринбург,2002.0,2002:1_TOM_01_04.xls:0:7405,Широкая Речка,пгт,1150.0,direct_published_census_value,/workspace/settlements-raw/data/raw/2002_official_tom1/1_TOM_01_04.xls,745a24599719c877a8ddf015aadf22d3cb859444819a32f8197ae525d91483f3,0!row_1based=7405.0,True,True,False,False,False,False,atomic_NP_in_complete_published_scope,applied_complete_published_city_territorial_scope,published_complete_city_territory_scope,city_with_published_subordinates,UNKNOWN,False,False,False,False,True,False,published_closed_city_scope_Екатеринбург,2002,1150.0,direct_published_census_value,/workspace/settlements-raw/data/raw/2002_official_tom1/1_TOM_01_04.xls,745a24599719c877a8ddf015aadf22d3cb859444819a32f8197ae525d91483f3,False,,,,,,,,,,,,,,,,,,,,,,,,,,,False
published_closed_city_scope_Екатеринбург,2002.0,2002:057_9b18a354f1_02c_Sverdlovskaja_oblast.xls:Sheet1:11,Горный Щит,село,4726.0,direct_published_census_value,/workspace/settlements-raw/data/raw/2002/057_9b18a354f1_02c_Sverdlovskaja_oblast.xls,dea4fe001913b253b90e1a3e5be611c6a6f6810f5d9a4ded7c9ea45500232864,Sheet1!row_1based=11.0,True,True,False,True,True,False,atomic_NP_in_complete_published_scope,applied_complete_published_city_territorial_scope,published_complete_city_territory_scope,city_with_published_subordinates,UNKNOWN,False,False,False,False,True,False,published_closed_city_scope_Екатеринбург,2002,4726.0,direct_published_census_value,/workspace/settlements-raw/data/raw/2002/057_9b18a354f1_02c_Sverdlovskaja_oblast.xls,dea4fe001913b253b90e1a3e5be611c6a6f6810f5d9a4ded7c9ea45500232864,False,,,,,,,,,,,,,,,,,,,,,,,,,,,True
published_closed_city_scope_Екатеринбург,2002.0,2002:057_9b18a354f1_02c_Sverdlovskaja_oblast.xls:Sheet1:12,Верхнемакарово,село,84.0,direct_published_census_value,/workspace/settlements-raw/data/raw/2002/057_9b18a354f1_02c_Sverdlovskaja_oblast.xls,dea4fe001913b253b90e1a3e5be611c6a6f6810f5d9a4ded7c9ea45500232864,Sheet1!row_1based=12.0,True,True,False,True,True,False,atomic_NP_in_complete_published_scope,applied_complete_published_city_territorial_scope,published_complete_city_territory_scope,city_with_published_subordinates,UNKNOWN,False,False,False,False,True,False,published_closed_city_scope_Екатеринбург,2002,84.0,direct_published_census_value,/workspace/settlements-raw/data/raw/2002/057_9b18a354f1_02c_Sverdlovskaja_oblast.xls,dea4fe001913b253b90e1a3e5be611c6a6f6810f5d9a4ded7c9ea45500232864,False,,,,,,,,,,,,,,,,,,,,,,,,,,,True
published_closed_city_scope_Екатеринбург,2002.0,2002:057_9b18a354f1_02c_Sverdlovskaja_oblast.xls:Sheet1:13,Зеленый Бор,посёлок,647.0,direct_published_census_value,/workspace/settlements-raw/data/raw/2002/057_9b18a354f1_02c_Sverdlovskaja_oblast.xls,dea4fe001913b253b90e1a3e5be611c6a6f6810f5d9a4ded7c9ea45500232864,Sheet1!row_1based=13.0,True,True,False,True,True,False,atomic_NP_in_complete_published_scope,applied_complete_published_city_territorial_scope,published_complete_city_territory_scope,city_with_published_subordinates,UNKNOWN,False,False,False,False,True,False,published_closed_city_scope_Екатеринбург,2002,647.0,direct_published_census_value,/workspace/settlements-raw/data/raw/2002/057_9b18a354f1_02c_Sverdlovskaja_oblast.xls,dea4fe001913b253b90e1a3e5be611c6a6f6810f5d9a4ded7c9ea45500232864,False,,,,,,,,,,,,,,,,,,,,,,,,,,,True
published_closed_city_scope_Екатеринбург,2002.0,2002:057_9b18a354f1_02c_Sverdlovskaja_oblast.xls:Sheet1:14,Полеводство,посёлок,719.0,direct_published_census_value,/workspace/settlements-raw/data/raw/2002/057_9b18a354f1_02c_Sverdlovskaja_oblast.xls,dea4fe001913b253b90e1a3e5be611c6a6f6810f5d9a4ded7c9ea45500232864,Sheet1!row_1based=14.0,True,True,False,True,True,False,atomic_NP_in_complete_published_scope,applied_complete_published_city_territorial_scope,published_complete_city_territory_scope,city_with_published_subordinates,UNKNOWN,False,False,False,False,True,False,published_closed_city_scope_Екатеринбург,2002,719.0,direct_published_census_value,/workspace/settlements-raw/data/raw/2002/057_9b18a354f1_02c_Sverdlovskaja_oblast.xls,dea4fe001913b253b90e1a3e5be611c6a6f6810f5d9a4ded7c9ea45500232864,False,,,,,,,,,,,,,,,,,,,,,,,,,,,True
published_closed_city_scope_Екатеринбург,2002.0,2002:057_9b18a354f1_02c_Sverdlovskaja_oblast.xls:Sheet1:15,Широкая Речка,посёлок,272.0,direct_published_census_value,/workspace/settlements-raw/data/raw/2002/057_9b18a354f1_02c_Sverdlovskaja_oblast.xls,dea4fe001913b253b90e1a3e5be611c6a6f6810f5d9a4ded7c9ea45500232864,Sheet1!row_1based=15.0,True,True,False,True,True,False,atomic_NP_in_complete_published_scope,applied_complete_published_city_territorial_scope,published_complete_city_territory_scope,city_with_published_subordinates,UNKNOWN,False,False,False,False,True,False,published_closed_city_scope_Екатеринбург,2002,272.0,direct_published_census_value,/workspace/settlements-raw/data/raw/2002/057_9b18a354f1_02c_Sverdlovskaja_oblast.xls,dea4fe001913b253b90e1a3e5be611c6a6f6810f5d9a4ded7c9ea45500232864,False,,,,,,,,,,,,,,,,,,,,,,,,,,,True
published_closed_city_scope_Екатеринбург,2002.0,2002:057_9b18a354f1_02c_Sverdlovskaja_oblast.xls:Sheet1:17,Совхозный,посёлок,3605.0,direct_published_census_value,/workspace/settlements-raw/data/raw/2002/057_9b18a354f1_02c_Sverdlovskaja_oblast.xls,dea4fe001913b253b90e1a3e5be611c6a6f6810f5d9a4ded7c9ea45500232864,Sheet1!row_1based=17.0,True,True,False,True,True,False,atomic_NP_in_complete_published_scope,applied_complete_published_city_territorial_scope,published_complete_city_territory_scope,city_with_published_subordinates,UNKNOWN,False,False,False,False,True,False,published_closed_city_scope_Екатеринбург,2002,3605.0,direct_published_census_value,/workspace/settlements-raw/data/raw/2002/057_9b18a354f1_02c_Sverdlovskaja_oblast.xls,dea4fe001913b253b90e1a3e5be611c6a6f6810f5d9a4ded7c9ea45500232864,False,,,,,,,,,,,,,,,,,,,,,,,,,,,True
published_closed_city_scope_Екатеринбург,2002.0,2002:057_9b18a354f1_02c_Sverdlovskaja_oblast.xls:Sheet1:18,Хутор,посёлок,0.0,direct_published_census_value,/workspace/settlements-raw/data/raw/2002/057_9b18a354f1_02c_Sverdlovskaja_oblast.xls,dea4fe001913b253b90e1a3e5be611c6a6f6810f5d9a4ded7c9ea45500232864,Sheet1!row_1based=18.0,True,True,False,False,True,False,atomic_NP_in_complete_published_scope,applied_complete_published_city_territorial_scope,published_complete_city_territory_scope,city_with_published_subordinates,UNKNOWN,False,False,False,False,True,False,published_closed_city_scope_Екатеринбург,2002,0.0,direct_published_census_value,/workspace/settlements-raw/data/raw/2002/057_9b18a354f1_02c_Sverdlovskaja_oblast.xls,dea4fe001913b253b90e1a3e5be611c6a6f6810f5d9a4ded7c9ea45500232864,False,,,,,,,,,,,,,,,,,,,,,,,,,,,False
published_closed_city_scope_Екатеринбург,2002.0,2002:057_9b18a354f1_02c_Sverdlovskaja_oblast.xls:Sheet1:21,Чусовское Озеро,посёлок,548.0,direct_published_census_value,/workspace/settlements-raw/data/raw/2002/057_9b18a354f1_02c_Sverdlovskaja_oblast.xls,dea4fe001913b253b90e1a3e5be611c6a6f6810f5d9a4ded7c9ea45500232864,Sheet1!row_1based=21.0,True,True,False,True,True,False,atomic_NP_in_complete_published_scope,applied_complete_published_city_territorial_scope,published_complete_city_territory_scope,city_with_published_subordinates,UNKNOWN,False,False,False,False,True,False,published_closed_city_scope_Екатеринбург,2002,548.0,direct_published_census_value,/workspace/settlements-raw/data/raw/2002/057_9b18a354f1_02c_Sverdlovskaja_oblast.xls,dea4fe001913b253b90e1a3e5be611c6a6f6810f5d9a4ded7c9ea45500232864,False,,,,,,,,,,,,,,,,,,,,,,,,,,,True
published_closed_city_scope_Екатеринбург,2002.0,2002:057_9b18a354f1_02c_Sverdlovskaja_oblast.xls:Sheet1:24,Шувакиш,посёлок,753.0,direct_published_census_value,/workspace/settlements-raw/data/raw/2002/057_9b18a354f1_02c_Sverdlovskaja_oblast.xls,dea4fe001913b253b90e1a3e5be611c6a6f6810f5d9a4ded7c9ea45500232864,Sheet1!row_1based=24.0,True,True,False,True,True,False,atomic_NP_in_complete_published_scope,applied_complete_published_city_territorial_scope,published_complete_city_territory_scope,city_with_published_subordinates,UNKNOWN,False,False,False,False,True,False,published_closed_city_scope_Екатеринбург,2002,753.0,direct_published_census_value,/workspace/settlements-raw/data/raw/2002/057_9b18a354f1_02c_Sverdlovskaja_oblast.xls,dea4fe001913b253b90e1a3e5be611c6a6f6810f5d9a4ded7c9ea45500232864,False,,,,,,,,,,,,,,,,,,,,,,,,,,,True
published_closed_city_scope_Екатеринбург,2002.0,2002:057_9b18a354f1_02c_Sverdlovskaja_oblast.xls:Sheet1:26,Гора Хрустальная,посёлок,15.0,direct_published_census_value,/workspace/settlements-raw/data/raw/2002/057_9b18a354f1_02c_Sverdlovskaja_oblast.xls,dea4fe001913b253b90e1a3e5be611c6a6f6810f5d9a4ded7c9ea45500232864,Sheet1!row_1based=26.0,True,True,False,False,True,False,atomic_NP_in_complete_published_scope,applied_complete_published_city_territorial_scope,published_complete_city_territory_scope,city_with_published_subordinates,UNKNOWN,False,False,False,False,True,False,published_closed_city_scope_Екатеринбург,2002,15.0,direct_published_census_value,/workspace/settlements-raw/data/raw/2002/057_9b18a354f1_02c_Sverdlovskaja_oblast.xls,dea4fe001913b253b90e1a3e5be611c6a6f6810f5d9a4ded7c9ea45500232864,False,,,,,,,,,,,,,,,,,,,,,,,,,,,False
published_closed_city_scope_Екатеринбург,2002.0,2002:057_9b18a354f1_02c_Sverdlovskaja_oblast.xls:Sheet1:27,Палкинский Торфяник,посёлок,65.0,direct_published_census_value,/workspace/settlements-raw/data/raw/2002/057_9b18a354f1_02c_Sverdlovskaja_oblast.xls,dea4fe001913b253b90e1a3e5be611c6a6f6810f5d9a4ded7c9ea45500232864,Sheet1!row_1based=27.0,True,True,False,True,True,False,atomic_NP_in_complete_published_scope,applied_complete_published_city_territorial_scope,published_complete_city_territory_scope,city_with_published_subordinates,UNKNOWN,False,False,False,False,True,False,published_closed_city_scope_Екатеринбург,2002,65.0,direct_published_census_value,/workspace/settlements-raw/data/raw/2002/057_9b18a354f1_02c_Sverdlovskaja_oblast.xls,dea4fe001913b253b90e1a3e5be611c6a6f6810f5d9a4ded7c9ea45500232864,False,,,,,,,,,,,,,,,,,,,,,,,,,,,True
published_closed_city_scope_Екатеринбург,2002.0,2002:057_9b18a354f1_02c_Sverdlovskaja_oblast.xls:Sheet1:28,Перегон,посёлок,0.0,direct_published_census_value,/workspace/settlements-raw/data/raw/2002/057_9b18a354f1_02c_Sverdlovskaja_oblast.xls,dea4fe001913b253b90e1a3e5be611c6a6f6810f5d9a4ded7c9ea45500232864,Sheet1!row_1based=28.0,True,True,False,False,True,False,atomic_NP_in_complete_published_scope,applied_complete_published_city_territorial_scope,published_complete_city_territory_scope,city_with_published_subordinates,UNKNOWN,False,False,False,False,True,False,published_closed_city_scope_Екатеринбург,2002,0.0,direct_published_census_value,/workspace/settlements-raw/data/raw/2002/057_9b18a354f1_02c_Sverdlovskaja_oblast.xls,dea4fe001913b253b90e1a3e5be611c6a6f6810f5d9a4ded7c9ea45500232864,False,,,,,,,,,,,,,,,,,,,,,,,,,,,False
published_closed_city_scope_Екатеринбург,2002.0,2002:057_9b18a354f1_02c_Sverdlovskaja_oblast.xls:Sheet1:29,Светлая Речка,посёлок,0.0,direct_published_census_value,/workspace/settlements-raw/data/raw/2002/057_9b18a354f1_02c_Sverdlovskaja_oblast.xls,dea4fe001913b253b90e1a3e5be611c6a6f6810f5d9a4ded7c9ea45500232864,Sheet1!row_1based=29.0,True,True,False,False,True,False,atomic_NP_in_complete_published_scope,applied_complete_published_city_territorial_scope,published_complete_city_territory_scope,city_with_published_subordinates,UNKNOWN,False,False,False,False,True,False,published_closed_city_scope_Екатеринбург,2002,0.0,direct_published_census_value,/workspace/settlements-raw/data/raw/2002/057_9b18a354f1_02c_Sverdlovskaja_oblast.xls,dea4fe001913b253b90e1a3e5be611c6a6f6810f5d9a4ded7c9ea45500232864,False,,,,,,,,,,,,,,,,,,,,,,,,,,,False
published_closed_city_scope_Екатеринбург,2002.0,2002:057_9b18a354f1_02c_Sverdlovskaja_oblast.xls:Sheet1:31,Лиственный,посёлок,384.0,direct_published_census_value,/workspace/settlements-raw/data/raw/2002/057_9b18a354f1_02c_Sverdlovskaja_oblast.xls,dea4fe001913b253b90e1a3e5be611c6a6f6810f5d9a4ded7c9ea45500232864,Sheet1!row_1based=31.0,True,True,False,False,True,False,atomic_NP_in_complete_published_scope,applied_complete_published_city_territorial_scope,published_complete_city_territory_scope,city_with_published_subordinates,UNKNOWN,False,False,False,False,True,False,published_closed_city_scope_Екатеринбург,2002,384.0,direct_published_census_value,/workspace/settlements-raw/data/raw/2002/057_9b18a354f1_02c_Sverdlovskaja_oblast.xls,dea4fe001913b253b90e1a3e5be611c6a6f6810f5d9a4ded7c9ea45500232864,False,,,,,,,,,,,,,,,,,,,,,,,,,,,False
published_closed_city_scope_Екатеринбург,2002.0,2002:057_9b18a354f1_02c_Sverdlovskaja_oblast.xls:Sheet1:32,Московский,посёлок,1480.0,direct_published_census_value,/workspace/settlements-raw/data/raw/2002/057_9b18a354f1_02c_Sverdlovskaja_oblast.xls,dea4fe001913b253b90e1a3e5be611c6a6f6810f5d9a4ded7c9ea45500232864,Sheet1!row_1based=32.0,True,True,False,True,True,False,atomic_NP_in_complete_published_scope,applied_complete_published_city_territorial_scope,published_complete_city_territory_scope,city_with_published_subordinates,UNKNOWN,False,False,False,False,True,False,published_closed_city_scope_Екатеринбург,2002,1480.0,direct_published_census_value,/workspace/settlements-raw/data/raw/2002/057_9b18a354f1_02c_Sverdlovskaja_oblast.xls,dea4fe001913b253b90e1a3e5be611c6a6f6810f5d9a4ded7c9ea45500232864,False,,,,,,,,,,,,,,,,,,,,,,,,,,,True
published_closed_city_scope_Екатеринбург,2002.0,2002:057_9b18a354f1_02c_Sverdlovskaja_oblast.xls:Sheet1:33,Мичуринский,посёлок,247.0,direct_published_census_value,/workspace/settlements-raw/data/raw/2002/057_9b18a354f1_02c_Sverdlovskaja_oblast.xls,dea4fe001913b253b90e1a3e5be611c6a6f6810f5d9a4ded7c9ea45500232864,Sheet1!row_1based=33.0,True,True,False,True,True,False,atomic_NP_in_complete_published_scope,applied_complete_published_city_territorial_scope,published_complete_city_territory_scope,city_with_published_subordinates,UNKNOWN,False,False,False,False,True,False,published_closed_city_scope_Екатеринбург,2002,247.0,direct_published_census_value,/workspace/settlements-raw/data/raw/2002/057_9b18a354f1_02c_Sverdlovskaja_oblast.xls,dea4fe001913b253b90e1a3e5be611c6a6f6810f5d9a4ded7c9ea45500232864,False,,,,,,,,,,,,,,,,,,,,,,,,,,,True
published_closed_city_scope_Екатеринбург,2002.0,2002:057_9b18a354f1_02c_Sverdlovskaja_oblast.xls:Sheet1:34,Медный,посёлок,475.0,direct_published_census_value,/workspace/settlements-raw/data/raw/2002/057_9b18a354f1_02c_Sverdlovskaja_oblast.xls,dea4fe001913b253b90e1a3e5be611c6a6f6810f5d9a4ded7c9ea45500232864,Sheet1!row_1based=34.0,True,True,False,True,True,False,atomic_NP_in_complete_published_scope,applied_complete_published_city_territorial_scope,published_complete_city_territory_scope,city_with_published_subordinates,UNKNOWN,False,False,False,False,True,False,published_closed_city_scope_Екатеринбург,2002,475.0,direct_published_census_value,/workspace/settlements-raw/data/raw/2002/057_9b18a354f1_02c_Sverdlovskaja_oblast.xls,dea4fe001913b253b90e1a3e5be611c6a6f6810f5d9a4ded7c9ea45500232864,False,,,,,,,,,,,,,,,,,,,,,,,,,,,True
published_closed_city_scope_Екатеринбург,2002.0,2002:057_9b18a354f1_02c_Sverdlovskaja_oblast.xls:Sheet1:36,Глубокое,посёлок,14.0,direct_published_census_value,/workspace/settlements-raw/data/raw/2002/057_9b18a354f1_02c_Sverdlovskaja_oblast.xls,dea4fe001913b253b90e1a3e5be611c6a6f6810f5d9a4ded7c9ea45500232864,Sheet1!row_1based=36.0,True,True,False,False,False,False,atomic_NP_in_complete_published_scope,applied_complete_published_city_territorial_scope,published_complete_city_territory_scope,city_with_published_subordinates,UNKNOWN,False,False,False,False,True,False,published_closed_city_scope_Екатеринбург,2002,14.0,direct_published_census_value,/workspace/settlements-raw/data/raw/2002/057_9b18a354f1_02c_Sverdlovskaja_oblast.xls,dea4fe001913b253b90e1a3e5be611c6a6f6810f5d9a4ded7c9ea45500232864,False,,,,,,,,,,,,,,,,,,,,,,,,,,,False
published_closed_city_scope_Екатеринбург,2002.0,2002:057_9b18a354f1_02c_Sverdlovskaja_oblast.xls:Sheet1:37,Исток,посёлок,5765.0,direct_published_census_value,/workspace/settlements-raw/data/raw/2002/057_9b18a354f1_02c_Sverdlovskaja_oblast.xls,dea4fe001913b253b90e1a3e5be611c6a6f6810f5d9a4ded7c9ea45500232864,Sheet1!row_1based=37.0,True,True,False,True,True,False,atomic_NP_in_complete_published_scope,applied_complete_published_city_territorial_scope,published_complete_city_territory_scope,city_with_published_subordinates,UNKNOWN,False,False,False,False,True,False,published_closed_city_scope_Екатеринбург,2002,5765.0,direct_published_census_value,/workspace/settlements-raw/data/raw/2002/057_9b18a354f1_02c_Sverdlovskaja_oblast.xls,dea4fe001913b253b90e1a3e5be611c6a6f6810f5d9a4ded7c9ea45500232864,False,,,,,,,,,,,,,,,,,,,,,,,,,,,True
published_closed_city_scope_Екатеринбург,2002.0,2002:057_9b18a354f1_02c_Sverdlovskaja_oblast.xls:Sheet1:38,Мостовка,посёлок,3.0,direct_published_census_value,/workspace/settlements-raw/data/raw/2002/057_9b18a354f1_02c_Sverdlovskaja_oblast.xls,dea4fe001913b253b90e1a3e5be611c6a6f6810f5d9a4ded7c9ea45500232864,Sheet1!row_1based=38.0,True,True,False,False,True,False,atomic_NP_in_complete_published_scope,applied_complete_published_city_territorial_scope,published_complete_city_territory_scope,city_with_published_subordinates,UNKNOWN,False,False,False,False,True,False,published_closed_city_scope_Екатеринбург,2002,3.0,direct_published_census_value,/workspace/settlements-raw/data/raw/2002/057_9b18a354f1_02c_Sverdlovskaja_oblast.xls,dea4fe001913b253b90e1a3e5be611c6a6f6810f5d9a4ded7c9ea45500232864,False,,,,,,,,,,,,,,,,,,,,,,,,,,,False
published_closed_city_scope_Екатеринбург,2002.0,2002:057_9b18a354f1_02c_Sverdlovskaja_oblast.xls:Sheet1:39,Семь Ключей,посёлок,37.0,direct_published_census_value,/workspace/settlements-raw/data/raw/2002/057_9b18a354f1_02c_Sverdlovskaja_oblast.xls,dea4fe001913b253b90e1a3e5be611c6a6f6810f5d9a4ded7c9ea45500232864,Sheet1!row_1based=39.0,True,True,False,False,True,False,atomic_NP_in_complete_published_scope,applied_complete_published_city_territorial_scope,published_complete_city_territory_scope,city_with_published_subordinates,UNKNOWN,False,False,False,False,True,False,published_closed_city_scope_Екатеринбург,2002,37.0,direct_published_census_value,/workspace/settlements-raw/data/raw/2002/057_9b18a354f1_02c_Sverdlovskaja_oblast.xls,dea4fe001913b253b90e1a3e5be611c6a6f6810f5d9a4ded7c9ea45500232864,False,,,,,,,,,,,,,,,,,,,,,,,,,,,False
published_closed_city_scope_Екатеринбург,2002.0,2002:057_9b18a354f1_02c_Sverdlovskaja_oblast.xls:Sheet1:41,Приисковый,посёлок,10.0,direct_published_census_value,/workspace/settlements-raw/data/raw/2002/057_9b18a354f1_02c_Sverdlovskaja_oblast.xls,dea4fe001913b253b90e1a3e5be611c6a6f6810f5d9a4ded7c9ea45500232864,Sheet1!row_1based=41.0,True,True,False,False,True,False,atomic_NP_in_complete_published_scope,applied_complete_published_city_territorial_scope,published_complete_city_territory_scope,city_with_published_subordinates,UNKNOWN,False,False,False,False,True,False,published_closed_city_scope_Екатеринбург,2002,10.0,direct_published_census_value,/workspace/settlements-raw/data/raw/2002/057_9b18a354f1_02c_Sverdlovskaja_oblast.xls,dea4fe001913b253b90e1a3e5be611c6a6f6810f5d9a4ded7c9ea45500232864,False,,,,,,,,,,,,,,,,,,,,,,,,,,,False
published_closed_city_scope_Екатеринбург,2002.0,2002:057_9b18a354f1_02c_Sverdlovskaja_oblast.xls:Sheet1:43,Сысерть,посёлок,736.0,direct_published_census_value,/workspace/settlements-raw/data/raw/2002/057_9b18a354f1_02c_Sverdlovskaja_oblast.xls,dea4fe001913b253b90e1a3e5be611c6a6f6810f5d9a4ded7c9ea45500232864,Sheet1!row_1based=43.0,True,True,False,True,True,False,atomic_NP_in_complete_published_scope,applied_complete_published_city_territorial_scope,published_complete_city_territory_scope,city_with_published_subordinates,UNKNOWN,False,False,False,False,True,False,published_closed_city_scope_Екатеринбург,2002,736.0,direct_published_census_value,/workspace/settlements-raw/data/raw/2002/057_9b18a354f1_02c_Sverdlovskaja_oblast.xls,dea4fe001913b253b90e1a3e5be611c6a6f6810f5d9a4ded7c9ea45500232864,False,,,,,,,,,,,,,,,,,,,,,,,,,,,True
published_closed_city_scope_Екатеринбург,2002.0,2002:057_9b18a354f1_02c_Sverdlovskaja_oblast.xls:Sheet1:5,Садовый,посёлок,3017.0,direct_published_census_value,/workspace/settlements-raw/data/raw/2002/057_9b18a354f1_02c_Sverdlovskaja_oblast.xls,dea4fe001913b253b90e1a3e5be611c6a6f6810f5d9a4ded7c9ea45500232864,Sheet1!row_1based=5.0,True,True,False,True,True,False,atomic_NP_in_complete_published_scope,applied_complete_published_city_territorial_scope,published_complete_city_territory_scope,city_with_published_subordinates,UNKNOWN,False,False,False,False,True,False,published_closed_city_scope_Екатеринбург,2002,3017.0,direct_published_census_value,/workspace/settlements-raw/data/raw/2002/057_9b18a354f1_02c_Sverdlovskaja_oblast.xls,dea4fe001913b253b90e1a3e5be611c6a6f6810f5d9a4ded7c9ea45500232864,False,,,,,,,,,,,,,,,,,,,,,,,,,,,True
published_closed_city_scope_Екатеринбург,2002.0,2002:057_9b18a354f1_02c_Sverdlovskaja_oblast.xls:Sheet1:6,Березит,посёлок,95.0,direct_published_census_value,/workspace/settlements-raw/data/raw/2002/057_9b18a354f1_02c_Sverdlovskaja_oblast.xls,dea4fe001913b253b90e1a3e5be611c6a6f6810f5d9a4ded7c9ea45500232864,Sheet1!row_1based=6.0,True,True,False,True,True,False,atomic_NP_in_complete_published_scope,applied_complete_published_city_territorial_scope,published_complete_city_territory_scope,city_with_published_subordinates,UNKNOWN,False,False,False,False,True,False,published_closed_city_scope_Екатеринбург,2002,95.0,direct_published_census_value,/workspace/settlements-raw/data/raw/2002/057_9b18a354f1_02c_Sverdlovskaja_oblast.xls,dea4fe001913b253b90e1a3e5be611c6a6f6810f5d9a4ded7c9ea45500232864,False,,,,,,,,,,,,,,,,,,,,,,,,,,,True
published_closed_city_scope_Екатеринбург,2002.0,2002:057_9b18a354f1_02c_Sverdlovskaja_oblast.xls:Sheet1:7,Козловский,посёлок,7.0,direct_published_census_value,/workspace/settlements-raw/data/raw/2002/057_9b18a354f1_02c_Sverdlovskaja_oblast.xls,dea4fe001913b253b90e1a3e5be611c6a6f6810f5d9a4ded7c9ea45500232864,Sheet1!row_1based=7.0,True,True,False,False,False,False,atomic_NP_in_complete_published_scope,applied_complete_published_city_territorial_scope,published_complete_city_territory_scope,city_with_published_subordinates,UNKNOWN,False,False,False,False,True,False,published_closed_city_scope_Екатеринбург,2002,7.0,direct_published_census_value,/workspace/settlements-raw/data/raw/2002/057_9b18a354f1_02c_Sverdlovskaja_oblast.xls,dea4fe001913b253b90e1a3e5be611c6a6f6810f5d9a4ded7c9ea45500232864,False,,,,,,,,,,,,,,,,,,,,,,,,,,,False
published_closed_city_scope_Екатеринбург,2002.0,2002:057_9b18a354f1_02c_Sverdlovskaja_oblast.xls:Sheet1:8,Ягодный,посёлок,26.0,direct_published_census_value,/workspace/settlements-raw/data/raw/2002/057_9b18a354f1_02c_Sverdlovskaja_oblast.xls,dea4fe001913b253b90e1a3e5be611c6a6f6810f5d9a4ded7c9ea45500232864,Sheet1!row_1based=8.0,True,True,False,False,False,False,atomic_NP_in_complete_published_scope,applied_complete_published_city_territorial_scope,published_complete_city_territory_scope,city_with_published_subordinates,UNKNOWN,False,False,False,False,True,False,published_closed_city_scope_Екатеринбург,2002,26.0,direct_published_census_value,/workspace/settlements-raw/data/raw/2002/057_9b18a354f1_02c_Sverdlovskaja_oblast.xls,dea4fe001913b253b90e1a3e5be611c6a6f6810f5d9a4ded7c9ea45500232864,False,,,,,,,,,,,,,,,,,,,,,,,,,,,False
published_closed_city_scope_Екатеринбург,2010.0,2010:pub-11-1-4.pdf:pdf_page_5:51,Екатеринбург,город,1349772.0,direct_official_city_value,/workspace/settlements-raw/data/raw/2010_official_tom11/pub-11-1-4.pdf,db2528e6db3c6089351bd09d253c9dfa607e2f2dff6cc45d1174fb21fa96d500,pdf_page_5!row_1based=51.0,True,True,False,True,True,False,atomic_NP_in_complete_published_scope,applied_complete_published_city_territorial_scope,published_complete_city_territory_scope,city_with_published_subordinates,UNKNOWN,False,False,False,False,True,False,published_closed_city_scope_Екатеринбург,2010,1349772.0,direct_official_city_value,/workspace/settlements-raw/data/raw/2010_official_tom11/pub-11-1-4.pdf,db2528e6db3c6089351bd09d253c9dfa607e2f2dff6cc45d1174fb21fa96d500,False,,,,,,,,,,,,,,,,,,,,,,,,,,,True
published_closed_city_scope_Екатеринбург,2010.0,2010:003_eb441570b1_11._20Урал_ФО_2010.xls:Урал:4405,Гора Хрустальная,посёлок,0.0,secondary_confidentiality_protected_value_exact_scope_unverified,/workspace/settlements-raw/data/raw/2010/003_eb441570b1_11._20Урал_ФО_2010.xls,042e8e141831b431d8b7addd9674959625ddbdf6fa79986e81e968d941ab1156,Урал!row_1based=4405.0,True,True,False,False,True,False,atomic_NP_in_complete_published_scope,applied_complete_published_city_territorial_scope,published_complete_city_territory_scope,city_with_published_subordinates,UNKNOWN,False,False,False,False,True,False,published_closed_city_scope_Екатеринбург,2010,0.0,secondary_confidentiality_protected_value_exact_scope_unverified,/workspace/settlements-raw/data/raw/2010/003_eb441570b1_11._20Урал_ФО_2010.xls,042e8e141831b431d8b7addd9674959625ddbdf6fa79986e81e968d941ab1156,False,,,,,,,,,,,,,,,,,,,,,,,,,,,False
published_closed_city_scope_Екатеринбург,2010.0,2010:003_eb441570b1_11._20Урал_ФО_2010.xls:Урал:4406,Палкинский Торфяник,посёлок,101.0,secondary_confidentiality_protected_value_exact_scope_unverified,/workspace/settlements-raw/data/raw/2010/003_eb441570b1_11._20Урал_ФО_2010.xls,042e8e141831b431d8b7addd9674959625ddbdf6fa79986e81e968d941ab1156,Урал!row_1based=4406.0,True,True,False,True,True,False,atomic_NP_in_complete_published_scope,applied_complete_published_city_territorial_scope,published_complete_city_territory_scope,city_with_published_subordinates,UNKNOWN,False,False,False,False,True,False,published_closed_city_scope_Екатеринбург,2010,101.0,secondary_confidentiality_protected_value_exact_scope_unverified,/workspace/settlements-raw/data/raw/2010/003_eb441570b1_11._20Урал_ФО_2010.xls,042e8e141831b431d8b7addd9674959625ddbdf6fa79986e81e968d941ab1156,False,,,,,,,,,,,,,,,,,,,,,,,,,,,True
published_closed_city_scope_Екатеринбург,2010.0,2010:003_eb441570b1_11._20Урал_ФО_2010.xls:Урал:4407,Перегон,посёлок,0.0,secondary_confidentiality_protected_value_exact_scope_unverified,/workspace/settlements-raw/data/raw/2010/003_eb441570b1_11._20Урал_ФО_2010.xls,042e8e141831b431d8b7addd9674959625ddbdf6fa79986e81e968d941ab1156,Урал!row_1based=4407.0,True,True,False,False,True,False,atomic_NP_in_complete_published_scope,applied_complete_published_city_territorial_scope,published_complete_city_territory_scope,city_with_published_subordinates,UNKNOWN,False,False,False,False,True,False,published_closed_city_scope_Екатеринбург,2010,0.0,secondary_confidentiality_protected_value_exact_scope_unverified,/workspace/settlements-raw/data/raw/2010/003_eb441570b1_11._20Урал_ФО_2010.xls,042e8e141831b431d8b7addd9674959625ddbdf6fa79986e81e968d941ab1156,False,,,,,,,,,,,,,,,,,,,,,,,,,,,False
published_closed_city_scope_Екатеринбург,2010.0,2010:003_eb441570b1_11._20Урал_ФО_2010.xls:Урал:4408,Светлая Речка,посёлок,0.0,secondary_confidentiality_protected_value_exact_scope_unverified,/workspace/settlements-raw/data/raw/2010/003_eb441570b1_11._20Урал_ФО_2010.xls,042e8e141831b431d8b7addd9674959625ddbdf6fa79986e81e968d941ab1156,Урал!row_1based=4408.0,True,True,False,False,True,False,atomic_NP_in_complete_published_scope,applied_complete_published_city_territorial_scope,published_complete_city_territory_scope,city_with_published_subordinates,UNKNOWN,False,False,False,False,True,False,published_closed_city_scope_Екатеринбург,2010,0.0,secondary_confidentiality_protected_value_exact_scope_unverified,/workspace/settlements-raw/data/raw/2010/003_eb441570b1_11._20Урал_ФО_2010.xls,042e8e141831b431d8b7addd9674959625ddbdf6fa79986e81e968d941ab1156,False,,,,,,,,,,,,,,,,,,,,,,,,,,,False
published_closed_city_scope_Екатеринбург,2010.0,2010:003_eb441570b1_11._20Урал_ФО_2010.xls:Урал:4409,Лиственный,посёлок,0.0,secondary_confidentiality_protected_value_exact_scope_unverified,/workspace/settlements-raw/data/raw/2010/003_eb441570b1_11._20Урал_ФО_2010.xls,042e8e141831b431d8b7addd9674959625ddbdf6fa79986e81e968d941ab1156,Урал!row_1based=4409.0,True,True,False,False,True,False,atomic_NP_in_complete_published_scope,applied_complete_published_city_territorial_scope,published_complete_city_territory_scope,city_with_published_subordinates,UNKNOWN,False,False,False,False,True,False,published_closed_city_scope_Екатеринбург,2010,0.0,secondary_confidentiality_protected_value_exact_scope_unverified,/workspace/settlements-raw/data/raw/2010/003_eb441570b1_11._20Урал_ФО_2010.xls,042e8e141831b431d8b7addd9674959625ddbdf6fa79986e81e968d941ab1156,False,,,,,,,,,,,,,,,,,,,,,,,,,,,False
published_closed_city_scope_Екатеринбург,2010.0,2010:003_eb441570b1_11._20Урал_ФО_2010.xls:Урал:4410,Московский,посёлок,713.0,secondary_confidentiality_protected_value_exact_scope_unverified,/workspace/settlements-raw/data/raw/2010/003_eb441570b1_11._20Урал_ФО_2010.xls,042e8e141831b431d8b7addd9674959625ddbdf6fa79986e81e968d941ab1156,Урал!row_1based=4410.0,True,True,False,True,True,False,atomic_NP_in_complete_published_scope,applied_complete_published_city_territorial_scope,published_complete_city_territory_scope,city_with_published_subordinates,UNKNOWN,False,False,False,False,True,False,published_closed_city_scope_Екатеринбург,2010,713.0,secondary_confidentiality_protected_value_exact_scope_unverified,/workspace/settlements-raw/data/raw/2010/003_eb441570b1_11._20Урал_ФО_2010.xls,042e8e141831b431d8b7addd9674959625ddbdf6fa79986e81e968d941ab1156,False,,,,,,,,,,,,,,,,,,,,,,,,,,,True
published_closed_city_scope_Екатеринбург,2010.0,2010:003_eb441570b1_11._20Урал_ФО_2010.xls:Урал:4411,Мичуринский,посёлок,166.0,secondary_confidentiality_protected_value_exact_scope_unverified,/workspace/settlements-raw/data/raw/2010/003_eb441570b1_11._20Урал_ФО_2010.xls,042e8e141831b431d8b7addd9674959625ddbdf6fa79986e81e968d941ab1156,Урал!row_1based=4411.0,True,True,False,True,True,False,atomic_NP_in_complete_published_scope,applied_complete_published_city_territorial_scope,published_complete_city_territory_scope,city_with_published_subordinates,UNKNOWN,False,False,False,False,True,False,published_closed_city_scope_Екатеринбург,2010,166.0,secondary_confidentiality_protected_value_exact_scope_unverified,/workspace/settlements-raw/data/raw/2010/003_eb441570b1_11._20Урал_ФО_2010.xls,042e8e141831b431d8b7addd9674959625ddbdf6fa79986e81e968d941ab1156,False,,,,,,,,,,,,,,,,,,,,,,,,,,,True
published_closed_city_scope_Екатеринбург,2010.0,2010:003_eb441570b1_11._20Урал_ФО_2010.xls:Урал:4412,Медный,посёлок,348.0,secondary_confidentiality_protected_value_exact_scope_unverified,/workspace/settlements-raw/data/raw/2010/003_eb441570b1_11._20Урал_ФО_2010.xls,042e8e141831b431d8b7addd9674959625ddbdf6fa79986e81e968d941ab1156,Урал!row_1based=4412.0,True,True,False,True,True,False,atomic_NP_in_complete_published_scope,applied_complete_published_city_territorial_scope,published_complete_city_territory_scope,city_with_published_subordinates,UNKNOWN,False,False,False,False,True,False,published_closed_city_scope_Екатеринбург,2010,348.0,secondary_confidentiality_protected_value_exact_scope_unverified,/workspace/settlements-raw/data/raw/2010/003_eb441570b1_11._20Урал_ФО_2010.xls,042e8e141831b431d8b7addd9674959625ddbdf6fa79986e81e968d941ab1156,False,,,,,,,,,,,,,,,,,,,,,,,,,,,True
published_closed_city_scope_Екатеринбург,2010.0,2010:003_eb441570b1_11._20Урал_ФО_2010.xls:Урал:4413,Северка,посёлок,3507.0,secondary_confidentiality_protected_value_exact_scope_unverified,/workspace/settlements-raw/data/raw/2010/003_eb441570b1_11._20Урал_ФО_2010.xls,042e8e141831b431d8b7addd9674959625ddbdf6fa79986e81e968d941ab1156,Урал!row_1based=4413.0,True,True,False,False,False,False,atomic_NP_in_complete_published_scope,applied_complete_published_city_territorial_scope,published_complete_city_territory_scope,city_with_published_subordinates,UNKNOWN,False,False,False,False,True,False,published_closed_city_scope_Екатеринбург,2010,3507.0,secondary_confidentiality_protected_value_exact_scope_unverified,/workspace/settlements-raw/data/raw/2010/003_eb441570b1_11._20Урал_ФО_2010.xls,042e8e141831b431d8b7addd9674959625ddbdf6fa79986e81e968d941ab1156,False,,,,,,,,,,,,,,,,,,,,,,,,,,,True
published_closed_city_scope_Екатеринбург,2010.0,2010:003_eb441570b1_11._20Урал_ФО_2010.xls:Урал:4414,Глубокое,посёлок,41.0,secondary_confidentiality_protected_value_exact_scope_unverified,/workspace/settlements-raw/data/raw/2010/003_eb441570b1_11._20Урал_ФО_2010.xls,042e8e141831b431d8b7addd9674959625ddbdf6fa79986e81e968d941ab1156,Урал!row_1based=4414.0,True,True,False,False,False,False,atomic_NP_in_complete_published_scope,applied_complete_published_city_territorial_scope,published_complete_city_territory_scope,city_with_published_subordinates,UNKNOWN,False,False,False,False,True,False,published_closed_city_scope_Екатеринбург,2010,41.0,secondary_confidentiality_protected_value_exact_scope_unverified,/workspace/settlements-raw/data/raw/2010/003_eb441570b1_11._20Урал_ФО_2010.xls,042e8e141831b431d8b7addd9674959625ddbdf6fa79986e81e968d941ab1156,False,,,,,,,,,,,,,,,,,,,,,,,,,,,False
published_closed_city_scope_Екатеринбург,2010.0,2010:003_eb441570b1_11._20Урал_ФО_2010.xls:Урал:4415,Исток,посёлок,5960.0,secondary_confidentiality_protected_value_exact_scope_unverified,/workspace/settlements-raw/data/raw/2010/003_eb441570b1_11._20Урал_ФО_2010.xls,042e8e141831b431d8b7addd9674959625ddbdf6fa79986e81e968d941ab1156,Урал!row_1based=4415.0,True,True,False,True,True,False,atomic_NP_in_complete_published_scope,applied_complete_published_city_territorial_scope,published_complete_city_territory_scope,city_with_published_subordinates,UNKNOWN,False,False,False,False,True,False,published_closed_city_scope_Екатеринбург,2010,5960.0,secondary_confidentiality_protected_value_exact_scope_unverified,/workspace/settlements-raw/data/raw/2010/003_eb441570b1_11._20Урал_ФО_2010.xls,042e8e141831b431d8b7addd9674959625ddbdf6fa79986e81e968d941ab1156,False,,,,,,,,,,,,,,,,,,,,,,,,,,,True
published_closed_city_scope_Екатеринбург,2010.0,2010:003_eb441570b1_11._20Урал_ФО_2010.xls:Урал:4416,Мостовка,посёлок,29.0,secondary_confidentiality_protected_value_exact_scope_unverified,/workspace/settlements-raw/data/raw/2010/003_eb441570b1_11._20Урал_ФО_2010.xls,042e8e141831b431d8b7addd9674959625ddbdf6fa79986e81e968d941ab1156,Урал!row_1based=4416.0,True,True,False,False,True,False,atomic_NP_in_complete_published_scope,applied_complete_published_city_territorial_scope,published_complete_city_territory_scope,city_with_published_subordinates,UNKNOWN,False,False,False,False,True,False,published_closed_city_scope_Екатеринбург,2010,29.0,secondary_confidentiality_protected_value_exact_scope_unverified,/workspace/settlements-raw/data/raw/2010/003_eb441570b1_11._20Урал_ФО_2010.xls,042e8e141831b431d8b7addd9674959625ddbdf6fa79986e81e968d941ab1156,False,,,,,,,,,,,,,,,,,,,,,,,,,,,False
published_closed_city_scope_Екатеринбург,2010.0,2010:003_eb441570b1_11._20Урал_ФО_2010.xls:Урал:4417,Семь Ключей,посёлок,155.0,secondary_confidentiality_protected_value_exact_scope_unverified,/workspace/settlements-raw/data/raw/2010/003_eb441570b1_11._20Урал_ФО_2010.xls,042e8e141831b431d8b7addd9674959625ddbdf6fa79986e81e968d941ab1156,Урал!row_1based=4417.0,True,True,False,False,True,False,atomic_NP_in_complete_published_scope,applied_complete_published_city_territorial_scope,published_complete_city_territory_scope,city_with_published_subordinates,UNKNOWN,False,False,False,False,True,False,published_closed_city_scope_Екатеринбург,2010,155.0,secondary_confidentiality_protected_value_exact_scope_unverified,/workspace/settlements-raw/data/raw/2010/003_eb441570b1_11._20Урал_ФО_2010.xls,042e8e141831b431d8b7addd9674959625ddbdf6fa79986e81e968d941ab1156,False,,,,,,,,,,,,,,,,,,,,,,,,,,,False
published_closed_city_scope_Екатеринбург,2010.0,2010:003_eb441570b1_11._20Урал_ФО_2010.xls:Урал:4418,Приисковый,посёлок,36.0,secondary_confidentiality_protected_value_exact_scope_unverified,/workspace/settlements-raw/data/raw/2010/003_eb441570b1_11._20Урал_ФО_2010.xls,042e8e141831b431d8b7addd9674959625ddbdf6fa79986e81e968d941ab1156,Урал!row_1based=4418.0,True,True,False,False,True,False,atomic_NP_in_complete_published_scope,applied_complete_published_city_territorial_scope,published_complete_city_territory_scope,city_with_published_subordinates,UNKNOWN,False,False,False,False,True,False,published_closed_city_scope_Екатеринбург,2010,36.0,secondary_confidentiality_protected_value_exact_scope_unverified,/workspace/settlements-raw/data/raw/2010/003_eb441570b1_11._20Урал_ФО_2010.xls,042e8e141831b431d8b7addd9674959625ddbdf6fa79986e81e968d941ab1156,False,,,,,,,,,,,,,,,,,,,,,,,,,,,False
published_closed_city_scope_Екатеринбург,2010.0,2010:003_eb441570b1_11._20Урал_ФО_2010.xls:Урал:4419,Сысерть,посёлок,822.0,secondary_confidentiality_protected_value_exact_scope_unverified,/workspace/settlements-raw/data/raw/2010/003_eb441570b1_11._20Урал_ФО_2010.xls,042e8e141831b431d8b7addd9674959625ddbdf6fa79986e81e968d941ab1156,Урал!row_1based=4419.0,True,True,False,True,True,False,atomic_NP_in_complete_published_scope,applied_complete_published_city_territorial_scope,published_complete_city_territory_scope,city_with_published_subordinates,UNKNOWN,False,False,False,False,True,False,published_closed_city_scope_Екатеринбург,2010,822.0,secondary_confidentiality_protected_value_exact_scope_unverified,/workspace/settlements-raw/data/raw/2010/003_eb441570b1_11._20Урал_ФО_2010.xls,042e8e141831b431d8b7addd9674959625ddbdf6fa79986e81e968d941ab1156,False,,,,,,,,,,,,,,,,,,,,,,,,,,,True
published_closed_city_scope_Екатеринбург,2010.0,2010:003_eb441570b1_11._20Урал_ФО_2010.xls:Урал:4420,Шабровский,посёлок,4524.0,secondary_confidentiality_protected_value_exact_scope_unverified,/workspace/settlements-raw/data/raw/2010/003_eb441570b1_11._20Урал_ФО_2010.xls,042e8e141831b431d8b7addd9674959625ddbdf6fa79986e81e968d941ab1156,Урал!row_1based=4420.0,True,True,False,True,True,False,atomic_NP_in_complete_published_scope,applied_complete_published_city_territorial_scope,published_complete_city_territory_scope,city_with_published_subordinates,UNKNOWN,False,False,False,False,True,False,published_closed_city_scope_Екатеринбург,2010,4524.0,secondary_confidentiality_protected_value_exact_scope_unverified,/workspace/settlements-raw/data/raw/2010/003_eb441570b1_11._20Урал_ФО_2010.xls,042e8e141831b431d8b7addd9674959625ddbdf6fa79986e81e968d941ab1156,False,,,,,,,,,,,,,,,,,,,,,,,,,,,True
published_closed_city_scope_Екатеринбург,2010.0,2010:003_eb441570b1_11._20Урал_ФО_2010.xls:Урал:4421,Садовый,посёлок,3242.0,secondary_confidentiality_protected_value_exact_scope_unverified,/workspace/settlements-raw/data/raw/2010/003_eb441570b1_11._20Урал_ФО_2010.xls,042e8e141831b431d8b7addd9674959625ddbdf6fa79986e81e968d941ab1156,Урал!row_1based=4421.0,True,True,False,True,True,False,atomic_NP_in_complete_published_scope,applied_complete_published_city_territorial_scope,published_complete_city_territory_scope,city_with_published_subordinates,UNKNOWN,False,False,False,False,True,False,published_closed_city_scope_Екатеринбург,2010,3242.0,secondary_confidentiality_protected_value_exact_scope_unverified,/workspace/settlements-raw/data/raw/2010/003_eb441570b1_11._20Урал_ФО_2010.xls,042e8e141831b431d8b7addd9674959625ddbdf6fa79986e81e968d941ab1156,False,,,,,,,,,,,,,,,,,,,,,,,,,,,True
published_closed_city_scope_Екатеринбург,2010.0,2010:003_eb441570b1_11._20Урал_ФО_2010.xls:Урал:4422,Березит,посёлок,114.0,secondary_confidentiality_protected_value_exact_scope_unverified,/workspace/settlements-raw/data/raw/2010/003_eb441570b1_11._20Урал_ФО_2010.xls,042e8e141831b431d8b7addd9674959625ddbdf6fa79986e81e968d941ab1156,Урал!row_1based=4422.0,True,True,False,True,True,False,atomic_NP_in_complete_published_scope,applied_complete_published_city_territorial_scope,published_complete_city_territory_scope,city_with_published_subordinates,UNKNOWN,False,False,False,False,True,False,published_closed_city_scope_Екатеринбург,2010,114.0,secondary_confidentiality_protected_value_exact_scope_unverified,/workspace/settlements-raw/data/raw/2010/003_eb441570b1_11._20Урал_ФО_2010.xls,042e8e141831b431d8b7addd9674959625ddbdf6fa79986e81e968d941ab1156,False,,,,,,,,,,,,,,,,,,,,,,,,,,,True
published_closed_city_scope_Екатеринбург,2010.0,2010:003_eb441570b1_11._20Урал_ФО_2010.xls:Урал:4423,Козловский,посёлок,13.0,secondary_confidentiality_protected_value_exact_scope_unverified,/workspace/settlements-raw/data/raw/2010/003_eb441570b1_11._20Урал_ФО_2010.xls,042e8e141831b431d8b7addd9674959625ddbdf6fa79986e81e968d941ab1156,Урал!row_1based=4423.0,True,True,False,False,False,False,atomic_NP_in_complete_published_scope,applied_complete_published_city_territorial_scope,published_complete_city_territory_scope,city_with_published_subordinates,UNKNOWN,False,False,False,False,True,False,published_closed_city_scope_Екатеринбург,2010,13.0,secondary_confidentiality_protected_value_exact_scope_unverified,/workspace/settlements-raw/data/raw/2010/003_eb441570b1_11._20Урал_ФО_2010.xls,042e8e141831b431d8b7addd9674959625ddbdf6fa79986e81e968d941ab1156,False,,,,,,,,,,,,,,,,,,,,,,,,,,,False
published_closed_city_scope_Екатеринбург,2010.0,2010:003_eb441570b1_11._20Урал_ФО_2010.xls:Урал:4424,Ягодный,посёлок,87.0,secondary_confidentiality_protected_value_exact_scope_unverified,/workspace/settlements-raw/data/raw/2010/003_eb441570b1_11._20Урал_ФО_2010.xls,042e8e141831b431d8b7addd9674959625ddbdf6fa79986e81e968d941ab1156,Урал!row_1based=4424.0,True,True,False,False,False,False,atomic_NP_in_complete_published_scope,applied_complete_published_city_territorial_scope,published_complete_city_territory_scope,city_with_published_subordinates,UNKNOWN,False,False,False,False,True,False,published_closed_city_scope_Екатеринбург,2010,87.0,secondary_confidentiality_protected_value_exact_scope_unverified,/workspace/settlements-raw/data/raw/2010/003_eb441570b1_11._20Урал_ФО_2010.xls,042e8e141831b431d8b7addd9674959625ddbdf6fa79986e81e968d941ab1156,False,,,,,,,,,,,,,,,,,,,,,,,,,,,False
published_closed_city_scope_Екатеринбург,2010.0,2010:003_eb441570b1_11._20Урал_ФО_2010.xls:Урал:4425,Горный Щит,село,6299.0,secondary_confidentiality_protected_value_exact_scope_unverified,/workspace/settlements-raw/data/raw/2010/003_eb441570b1_11._20Урал_ФО_2010.xls,042e8e141831b431d8b7addd9674959625ddbdf6fa79986e81e968d941ab1156,Урал!row_1based=4425.0,True,True,False,True,True,False,atomic_NP_in_complete_published_scope,applied_complete_published_city_territorial_scope,published_complete_city_territory_scope,city_with_published_subordinates,UNKNOWN,False,False,False,False,True,False,published_closed_city_scope_Екатеринбург,2010,6299.0,secondary_confidentiality_protected_value_exact_scope_unverified,/workspace/settlements-raw/data/raw/2010/003_eb441570b1_11._20Урал_ФО_2010.xls,042e8e141831b431d8b7addd9674959625ddbdf6fa79986e81e968d941ab1156,False,,,,,,,,,,,,,,,,,,,,,,,,,,,True
published_closed_city_scope_Екатеринбург,2010.0,2010:003_eb441570b1_11._20Урал_ФО_2010.xls:Урал:4426,Верхнемакарово,село,141.0,secondary_confidentiality_protected_value_exact_scope_unverified,/workspace/settlements-raw/data/raw/2010/003_eb441570b1_11._20Урал_ФО_2010.xls,042e8e141831b431d8b7addd9674959625ddbdf6fa79986e81e968d941ab1156,Урал!row_1based=4426.0,True,True,False,True,True,False,atomic_NP_in_complete_published_scope,applied_complete_published_city_territorial_scope,published_complete_city_territory_scope,city_with_published_subordinates,UNKNOWN,False,False,False,False,True,False,published_closed_city_scope_Екатеринбург,2010,141.0,secondary_confidentiality_protected_value_exact_scope_unverified,/workspace/settlements-raw/data/raw/2010/003_eb441570b1_11._20Урал_ФО_2010.xls,042e8e141831b431d8b7addd9674959625ddbdf6fa79986e81e968d941ab1156,False,,,,,,,,,,,,,,,,,,,,,,,,,,,True
published_closed_city_scope_Екатеринбург,2010.0,2010:003_eb441570b1_11._20Урал_ФО_2010.xls:Урал:4427,Зеленый Бор,посёлок,167.0,secondary_confidentiality_protected_value_exact_scope_unverified,/workspace/settlements-raw/data/raw/2010/003_eb441570b1_11._20Урал_ФО_2010.xls,042e8e141831b431d8b7addd9674959625ddbdf6fa79986e81e968d941ab1156,Урал!row_1based=4427.0,True,True,False,True,True,False,atomic_NP_in_complete_published_scope,applied_complete_published_city_territorial_scope,published_complete_city_territory_scope,city_with_published_subordinates,UNKNOWN,False,False,False,False,True,False,published_closed_city_scope_Екатеринбург,2010,167.0,secondary_confidentiality_protected_value_exact_scope_unverified,/workspace/settlements-raw/data/raw/2010/003_eb441570b1_11._20Урал_ФО_2010.xls,042e8e141831b431d8b7addd9674959625ddbdf6fa79986e81e968d941ab1156,False,,,,,,,,,,,,,,,,,,,,,,,,,,,True
published_closed_city_scope_Екатеринбург,2010.0,2010:003_eb441570b1_11._20Урал_ФО_2010.xls:Урал:4428,Полеводство,посёлок,919.0,secondary_confidentiality_protected_value_exact_scope_unverified,/workspace/settlements-raw/data/raw/2010/003_eb441570b1_11._20Урал_ФО_2010.xls,042e8e141831b431d8b7addd9674959625ddbdf6fa79986e81e968d941ab1156,Урал!row_1based=4428.0,True,True,False,True,True,False,atomic_NP_in_complete_published_scope,applied_complete_published_city_territorial_scope,published_complete_city_territory_scope,city_with_published_subordinates,UNKNOWN,False,False,False,False,True,False,published_closed_city_scope_Екатеринбург,2010,919.0,secondary_confidentiality_protected_value_exact_scope_unverified,/workspace/settlements-raw/data/raw/2010/003_eb441570b1_11._20Урал_ФО_2010.xls,042e8e141831b431d8b7addd9674959625ddbdf6fa79986e81e968d941ab1156,False,,,,,,,,,,,,,,,,,,,,,,,,,,,True
published_closed_city_scope_Екатеринбург,2010.0,2010:003_eb441570b1_11._20Урал_ФО_2010.xls:Урал:4429,Широкая Речка,посёлок,331.0,secondary_confidentiality_protected_value_exact_scope_unverified,/workspace/settlements-raw/data/raw/2010/003_eb441570b1_11._20Урал_ФО_2010.xls,042e8e141831b431d8b7addd9674959625ddbdf6fa79986e81e968d941ab1156,Урал!row_1based=4429.0,True,True,False,True,True,False,atomic_NP_in_complete_published_scope,applied_complete_published_city_territorial_scope,published_complete_city_territory_scope,city_with_published_subordinates,UNKNOWN,False,False,False,False,True,False,published_closed_city_scope_Екатеринбург,2010,331.0,secondary_confidentiality_protected_value_exact_scope_unverified,/workspace/settlements-raw/data/raw/2010/003_eb441570b1_11._20Урал_ФО_2010.xls,042e8e141831b431d8b7addd9674959625ddbdf6fa79986e81e968d941ab1156,False,,,,,,,,,,,,,,,,,,,,,,,,,,,True
published_closed_city_scope_Екатеринбург,2010.0,2010:003_eb441570b1_11._20Урал_ФО_2010.xls:Урал:4430,Совхозный,посёлок,3941.0,secondary_confidentiality_protected_value_exact_scope_unverified,/workspace/settlements-raw/data/raw/2010/003_eb441570b1_11._20Урал_ФО_2010.xls,042e8e141831b431d8b7addd9674959625ddbdf6fa79986e81e968d941ab1156,Урал!row_1based=4430.0,True,True,False,True,True,False,atomic_NP_in_complete_published_scope,applied_complete_published_city_territorial_scope,published_complete_city_territory_scope,city_with_published_subordinates,UNKNOWN,False,False,False,False,True,False,published_closed_city_scope_Екатеринбург,2010,3941.0,secondary_confidentiality_protected_value_exact_scope_unverified,/workspace/settlements-raw/data/raw/2010/003_eb441570b1_11._20Урал_ФО_2010.xls,042e8e141831b431d8b7addd9674959625ddbdf6fa79986e81e968d941ab1156,False,,,,,,,,,,,,,,,,,,,,,,,,,,,True
published_closed_city_scope_Екатеринбург,2010.0,2010:003_eb441570b1_11._20Урал_ФО_2010.xls:Урал:4431,Хутор,посёлок,0.0,secondary_confidentiality_protected_value_exact_scope_unverified,/workspace/settlements-raw/data/raw/2010/003_eb441570b1_11._20Урал_ФО_2010.xls,042e8e141831b431d8b7addd9674959625ddbdf6fa79986e81e968d941ab1156,Урал!row_1based=4431.0,True,True,False,False,True,False,atomic_NP_in_complete_published_scope,applied_complete_published_city_territorial_scope,published_complete_city_territory_scope,city_with_published_subordinates,UNKNOWN,False,False,False,False,True,False,published_closed_city_scope_Екатеринбург,2010,0.0,secondary_confidentiality_protected_value_exact_scope_unverified,/workspace/settlements-raw/data/raw/2010/003_eb441570b1_11._20Урал_ФО_2010.xls,042e8e141831b431d8b7addd9674959625ddbdf6fa79986e81e968d941ab1156,False,,,,,,,,,,,,,,,,,,,,,,,,,,,False
published_closed_city_scope_Екатеринбург,2010.0,2010:003_eb441570b1_11._20Урал_ФО_2010.xls:Урал:4432,Чусовское Озеро,посёлок,678.0,secondary_confidentiality_protected_value_exact_scope_unverified,/workspace/settlements-raw/data/raw/2010/003_eb441570b1_11._20Урал_ФО_2010.xls,042e8e141831b431d8b7addd9674959625ddbdf6fa79986e81e968d941ab1156,Урал!row_1based=4432.0,True,True,False,True,True,False,atomic_NP_in_complete_published_scope,applied_complete_published_city_territorial_scope,published_complete_city_territory_scope,city_with_published_subordinates,UNKNOWN,False,False,False,False,True,False,published_closed_city_scope_Екатеринбург,2010,678.0,secondary_confidentiality_protected_value_exact_scope_unverified,/workspace/settlements-raw/data/raw/2010/003_eb441570b1_11._20Урал_ФО_2010.xls,042e8e141831b431d8b7addd9674959625ddbdf6fa79986e81e968d941ab1156,False,,,,,,,,,,,,,,,,,,,,,,,,,,,True
published_closed_city_scope_Екатеринбург,2010.0,2010:003_eb441570b1_11._20Урал_ФО_2010.xls:Урал:4433,Шувакиш,посёлок,1068.0,secondary_confidentiality_protected_value_exact_scope_unverified,/workspace/settlements-raw/data/raw/2010/003_eb441570b1_11._20Урал_ФО_2010.xls,042e8e141831b431d8b7addd9674959625ddbdf6fa79986e81e968d941ab1156,Урал!row_1based=4433.0,True,True,False,True,True,False,atomic_NP_in_complete_published_scope,applied_complete_published_city_territorial_scope,published_complete_city_territory_scope,city_with_published_subordinates,UNKNOWN,False,False,False,False,True,False,published_closed_city_scope_Екатеринбург,2010,1068.0,secondary_confidentiality_protected_value_exact_scope_unverified,/workspace/settlements-raw/data/raw/2010/003_eb441570b1_11._20Урал_ФО_2010.xls,042e8e141831b431d8b7addd9674959625ddbdf6fa79986e81e968d941ab1156,False,,,,,,,,,,,,,,,,,,,,,,,,,,,True
published_closed_city_scope_Екатеринбург,2021.0,2021:data_allsettlements_anon_156_v20251217.parquet:parquet:119517,Екатеринбург,город,1544376.0,direct_published_census_value,/workspace/settlements-raw/data/interim/2021_tochno/data_allsettlements_anon_156_v20251217.parquet,86c197cd522e0b63669e9c6e7f43fd3d82b3704c6a126c800a9968ecd16cae14,parquet!row_1based=119517.0,True,True,False,True,True,False,atomic_NP_in_complete_published_scope,applied_complete_published_city_territorial_scope,published_complete_city_territory_scope,city_with_published_subordinates,UNKNOWN,False,False,False,False,True,False,published_closed_city_scope_Екатеринбург,2021,1544376.0,direct_published_census_value,/workspace/settlements-raw/data/interim/2021_tochno/data_allsettlements_anon_156_v20251217.parquet,86c197cd522e0b63669e9c6e7f43fd3d82b3704c6a126c800a9968ecd16cae14,False,,,,,,,,,,,,,,,,,,,,,,,,,,,True
published_closed_city_scope_Екатеринбург,2021.0,2021:data_allsettlements_anon_156_v20251217.parquet:parquet:119518,Шабровский,посёлок,4251.0,direct_published_census_value,/workspace/settlements-raw/data/interim/2021_tochno/data_allsettlements_anon_156_v20251217.parquet,86c197cd522e0b63669e9c6e7f43fd3d82b3704c6a126c800a9968ecd16cae14,parquet!row_1based=119518.0,True,True,False,True,True,False,atomic_NP_in_complete_published_scope,applied_complete_published_city_territorial_scope,published_complete_city_territory_scope,city_with_published_subordinates,UNKNOWN,False,False,False,False,True,False,published_closed_city_scope_Екатеринбург,2021,4251.0,direct_published_census_value,/workspace/settlements-raw/data/interim/2021_tochno/data_allsettlements_anon_156_v20251217.parquet,86c197cd522e0b63669e9c6e7f43fd3d82b3704c6a126c800a9968ecd16cae14,False,,,,,,,,,,,,,,,,,,,,,,,,,,,True
published_closed_city_scope_Екатеринбург,2021.0,2021:data_allsettlements_anon_156_v20251217.parquet:parquet:119519,Березит,посёлок,154.0,direct_published_census_value,/workspace/settlements-raw/data/interim/2021_tochno/data_allsettlements_anon_156_v20251217.parquet,86c197cd522e0b63669e9c6e7f43fd3d82b3704c6a126c800a9968ecd16cae14,parquet!row_1based=119519.0,True,True,False,True,True,False,atomic_NP_in_complete_published_scope,applied_complete_published_city_territorial_scope,published_complete_city_territory_scope,city_with_published_subordinates,UNKNOWN,False,False,False,False,True,False,published_closed_city_scope_Екатеринбург,2021,154.0,direct_published_census_value,/workspace/settlements-raw/data/interim/2021_tochno/data_allsettlements_anon_156_v20251217.parquet,86c197cd522e0b63669e9c6e7f43fd3d82b3704c6a126c800a9968ecd16cae14,False,,,,,,,,,,,,,,,,,,,,,,,,,,,True
published_closed_city_scope_Екатеринбург,2021.0,2021:data_allsettlements_anon_156_v20251217.parquet:parquet:119520,Зеленый Бор,посёлок,157.0,direct_published_census_value,/workspace/settlements-raw/data/interim/2021_tochno/data_allsettlements_anon_156_v20251217.parquet,86c197cd522e0b63669e9c6e7f43fd3d82b3704c6a126c800a9968ecd16cae14,parquet!row_1based=119520.0,True,True,False,True,True,False,atomic_NP_in_complete_published_scope,applied_complete_published_city_territorial_scope,published_complete_city_territory_scope,city_with_published_subordinates,UNKNOWN,False,False,False,False,True,False,published_closed_city_scope_Екатеринбург,2021,157.0,direct_published_census_value,/workspace/settlements-raw/data/interim/2021_tochno/data_allsettlements_anon_156_v20251217.parquet,86c197cd522e0b63669e9c6e7f43fd3d82b3704c6a126c800a9968ecd16cae14,False,,,,,,,,,,,,,,,,,,,,,,,,,,,True
published_closed_city_scope_Екатеринбург,2021.0,2021:data_allsettlements_anon_156_v20251217.parquet:parquet:119521,Исток,посёлок,6358.0,direct_published_census_value,/workspace/settlements-raw/data/interim/2021_tochno/data_allsettlements_anon_156_v20251217.parquet,86c197cd522e0b63669e9c6e7f43fd3d82b3704c6a126c800a9968ecd16cae14,parquet!row_1based=119521.0,True,True,False,True,True,False,atomic_NP_in_complete_published_scope,applied_complete_published_city_territorial_scope,published_complete_city_territory_scope,city_with_published_subordinates,UNKNOWN,False,False,False,False,True,False,published_closed_city_scope_Екатеринбург,2021,6358.0,direct_published_census_value,/workspace/settlements-raw/data/interim/2021_tochno/data_allsettlements_anon_156_v20251217.parquet,86c197cd522e0b63669e9c6e7f43fd3d82b3704c6a126c800a9968ecd16cae14,False,,,,,,,,,,,,,,,,,,,,,,,,,,,True
published_closed_city_scope_Екатеринбург,2021.0,2021:data_allsettlements_anon_156_v20251217.parquet:parquet:119522,Медный,посёлок,719.0,direct_published_census_value,/workspace/settlements-raw/data/interim/2021_tochno/data_allsettlements_anon_156_v20251217.parquet,86c197cd522e0b63669e9c6e7f43fd3d82b3704c6a126c800a9968ecd16cae14,parquet!row_1based=119522.0,True,True,False,True,True,False,atomic_NP_in_complete_published_scope,applied_complete_published_city_territorial_scope,published_complete_city_territory_scope,city_with_published_subordinates,UNKNOWN,False,False,False,False,True,False,published_closed_city_scope_Екатеринбург,2021,719.0,direct_published_census_value,/workspace/settlements-raw/data/interim/2021_tochno/data_allsettlements_anon_156_v20251217.parquet,86c197cd522e0b63669e9c6e7f43fd3d82b3704c6a126c800a9968ecd16cae14,False,,,,,,,,,,,,,,,,,,,,,,,,,,,True
published_closed_city_scope_Екатеринбург,2021.0,2021:data_allsettlements_anon_156_v20251217.parquet:parquet:119523,Мичуринский,посёлок,8394.0,direct_published_census_value,/workspace/settlements-raw/data/interim/2021_tochno/data_allsettlements_anon_156_v20251217.parquet,86c197cd522e0b63669e9c6e7f43fd3d82b3704c6a126c800a9968ecd16cae14,parquet!row_1based=119523.0,True,True,False,True,True,False,atomic_NP_in_complete_published_scope,applied_complete_published_city_territorial_scope,published_complete_city_territory_scope,city_with_published_subordinates,UNKNOWN,False,False,False,False,True,False,published_closed_city_scope_Екатеринбург,2021,8394.0,direct_published_census_value,/workspace/settlements-raw/data/interim/2021_tochno/data_allsettlements_anon_156_v20251217.parquet,86c197cd522e0b63669e9c6e7f43fd3d82b3704c6a126c800a9968ecd16cae14,False,,,,,,,,,,,,,,,,,,,,,,,,,,,True
published_closed_city_scope_Екатеринбург,2021.0,2021:data_allsettlements_anon_156_v20251217.parquet:parquet:119524,Московский,посёлок,289.0,direct_published_census_value,/workspace/settlements-raw/data/interim/2021_tochno/data_allsettlements_anon_156_v20251217.parquet,86c197cd522e0b63669e9c6e7f43fd3d82b3704c6a126c800a9968ecd16cae14,parquet!row_1based=119524.0,True,True,False,True,True,False,atomic_NP_in_complete_published_scope,applied_complete_published_city_territorial_scope,published_complete_city_territory_scope,city_with_published_subordinates,UNKNOWN,False,False,False,False,True,False,published_closed_city_scope_Екатеринбург,2021,289.0,direct_published_census_value,/workspace/settlements-raw/data/interim/2021_tochno/data_allsettlements_anon_156_v20251217.parquet,86c197cd522e0b63669e9c6e7f43fd3d82b3704c6a126c800a9968ecd16cae14,False,,,,,,,,,,,,,,,,,,,,,,,,,,,True
published_closed_city_scope_Екатеринбург,2021.0,2021:data_allsettlements_anon_156_v20251217.parquet:parquet:119525,Палкинский Торфяник,посёлок,385.0,direct_published_census_value,/workspace/settlements-raw/data/interim/2021_tochno/data_allsettlements_anon_156_v20251217.parquet,86c197cd522e0b63669e9c6e7f43fd3d82b3704c6a126c800a9968ecd16cae14,parquet!row_1based=119525.0,True,True,False,True,True,False,atomic_NP_in_complete_published_scope,applied_complete_published_city_territorial_scope,published_complete_city_territory_scope,city_with_published_subordinates,UNKNOWN,False,False,False,False,True,False,published_closed_city_scope_Екатеринбург,2021,385.0,direct_published_census_value,/workspace/settlements-raw/data/interim/2021_tochno/data_allsettlements_anon_156_v20251217.parquet,86c197cd522e0b63669e9c6e7f43fd3d82b3704c6a126c800a9968ecd16cae14,False,,,,,,,,,,,,,,,,,,,,,,,,,,,True
published_closed_city_scope_Екатеринбург,2021.0,2021:data_allsettlements_anon_156_v20251217.parquet:parquet:119526,Полеводство,посёлок,1230.0,direct_published_census_value,/workspace/settlements-raw/data/interim/2021_tochno/data_allsettlements_anon_156_v20251217.parquet,86c197cd522e0b63669e9c6e7f43fd3d82b3704c6a126c800a9968ecd16cae14,parquet!row_1based=119526.0,True,True,False,True,True,False,atomic_NP_in_complete_published_scope,applied_complete_published_city_territorial_scope,published_complete_city_territory_scope,city_with_published_subordinates,UNKNOWN,False,False,False,False,True,False,published_closed_city_scope_Екатеринбург,2021,1230.0,direct_published_census_value,/workspace/settlements-raw/data/interim/2021_tochno/data_allsettlements_anon_156_v20251217.parquet,86c197cd522e0b63669e9c6e7f43fd3d82b3704c6a126c800a9968ecd16cae14,False,,,,,,,,,,,,,,,,,,,,,,,,,,,True
published_closed_city_scope_Екатеринбург,2021.0,2021:data_allsettlements_anon_156_v20251217.parquet:parquet:119527,Садовый,посёлок,3361.0,direct_published_census_value,/workspace/settlements-raw/data/interim/2021_tochno/data_allsettlements_anon_156_v20251217.parquet,86c197cd522e0b63669e9c6e7f43fd3d82b3704c6a126c800a9968ecd16cae14,parquet!row_1based=119527.0,True,True,False,True,True,False,atomic_NP_in_complete_published_scope,applied_complete_published_city_territorial_scope,published_complete_city_territory_scope,city_with_published_subordinates,UNKNOWN,False,False,False,False,True,False,published_closed_city_scope_Екатеринбург,2021,3361.0,direct_published_census_value,/workspace/settlements-raw/data/interim/2021_tochno/data_allsettlements_anon_156_v20251217.parquet,86c197cd522e0b63669e9c6e7f43fd3d82b3704c6a126c800a9968ecd16cae14,False,,,,,,,,,,,,,,,,,,,,,,,,,,,True
published_closed_city_scope_Екатеринбург,2021.0,2021:data_allsettlements_anon_156_v20251217.parquet:parquet:119528,Северка,посёлок,2917.0,direct_published_census_value,/workspace/settlements-raw/data/interim/2021_tochno/data_allsettlements_anon_156_v20251217.parquet,86c197cd522e0b63669e9c6e7f43fd3d82b3704c6a126c800a9968ecd16cae14,parquet!row_1based=119528.0,True,True,False,True,True,False,atomic_NP_in_complete_published_scope,applied_complete_published_city_territorial_scope,published_complete_city_territory_scope,city_with_published_subordinates,UNKNOWN,False,False,False,False,True,False,published_closed_city_scope_Екатеринбург,2021,2917.0,direct_published_census_value,/workspace/settlements-raw/data/interim/2021_tochno/data_allsettlements_anon_156_v20251217.parquet,86c197cd522e0b63669e9c6e7f43fd3d82b3704c6a126c800a9968ecd16cae14,False,,,,,,,,,,,,,,,,,,,,,,,,,,,True
published_closed_city_scope_Екатеринбург,2021.0,2021:data_allsettlements_anon_156_v20251217.parquet:parquet:119529,Совхозный,посёлок,7101.0,direct_published_census_value,/workspace/settlements-raw/data/interim/2021_tochno/data_allsettlements_anon_156_v20251217.parquet,86c197cd522e0b63669e9c6e7f43fd3d82b3704c6a126c800a9968ecd16cae14,parquet!row_1based=119529.0,True,True,False,True,True,False,atomic_NP_in_complete_published_scope,applied_complete_published_city_territorial_scope,published_complete_city_territory_scope,city_with_published_subordinates,UNKNOWN,False,False,False,False,True,False,published_closed_city_scope_Екатеринбург,2021,7101.0,direct_published_census_value,/workspace/settlements-raw/data/interim/2021_tochno/data_allsettlements_anon_156_v20251217.parquet,86c197cd522e0b63669e9c6e7f43fd3d82b3704c6a126c800a9968ecd16cae14,False,,,,,,,,,,,,,,,,,,,,,,,,,,,True
published_closed_city_scope_Екатеринбург,2021.0,2021:data_allsettlements_anon_156_v20251217.parquet:parquet:119530,Сысерть,посёлок,725.0,direct_published_census_value,/workspace/settlements-raw/data/interim/2021_tochno/data_allsettlements_anon_156_v20251217.parquet,86c197cd522e0b63669e9c6e7f43fd3d82b3704c6a126c800a9968ecd16cae14,parquet!row_1based=119530.0,True,True,False,True,True,False,atomic_NP_in_complete_published_scope,applied_complete_published_city_territorial_scope,published_complete_city_territory_scope,city_with_published_subordinates,UNKNOWN,False,False,False,False,True,False,published_closed_city_scope_Екатеринбург,2021,725.0,direct_published_census_value,/workspace/settlements-raw/data/interim/2021_tochno/data_allsettlements_anon_156_v20251217.parquet,86c197cd522e0b63669e9c6e7f43fd3d82b3704c6a126c800a9968ecd16cae14,False,,,,,,,,,,,,,,,,,,,,,,,,,,,True
published_closed_city_scope_Екатеринбург,2021.0,2021:data_allsettlements_anon_156_v20251217.parquet:parquet:119531,Чусовское Озеро,посёлок,616.0,direct_published_census_value,/workspace/settlements-raw/data/interim/2021_tochno/data_allsettlements_anon_156_v20251217.parquet,86c197cd522e0b63669e9c6e7f43fd3d82b3704c6a126c800a9968ecd16cae14,parquet!row_1based=119531.0,True,True,False,True,True,False,atomic_NP_in_complete_published_scope,applied_complete_published_city_territorial_scope,published_complete_city_territory_scope,city_with_published_subordinates,UNKNOWN,False,False,False,False,True,False,published_closed_city_scope_Екатеринбург,2021,616.0,direct_published_census_value,/workspace/settlements-raw/data/interim/2021_tochno/data_allsettlements_anon_156_v20251217.parquet,86c197cd522e0b63669e9c6e7f43fd3d82b3704c6a126c800a9968ecd16cae14,False,,,,,,,,,,,,,,,,,,,,,,,,,,,True
published_closed_city_scope_Екатеринбург,2021.0,2021:data_allsettlements_anon_156_v20251217.parquet:parquet:119532,Широкая Речка,посёлок,360.0,direct_published_census_value,/workspace/settlements-raw/data/interim/2021_tochno/data_allsettlements_anon_156_v20251217.parquet,86c197cd522e0b63669e9c6e7f43fd3d82b3704c6a126c800a9968ecd16cae14,parquet!row_1based=119532.0,True,True,False,True,True,False,atomic_NP_in_complete_published_scope,applied_complete_published_city_territorial_scope,published_complete_city_territory_scope,city_with_published_subordinates,UNKNOWN,False,False,False,False,True,False,published_closed_city_scope_Екатеринбург,2021,360.0,direct_published_census_value,/workspace/settlements-raw/data/interim/2021_tochno/data_allsettlements_anon_156_v20251217.parquet,86c197cd522e0b63669e9c6e7f43fd3d82b3704c6a126c800a9968ecd16cae14,False,,,,,,,,,,,,,,,,,,,,,,,,,,,True
published_closed_city_scope_Екатеринбург,2021.0,2021:data_allsettlements_anon_156_v20251217.parquet:parquet:119533,Шувакиш,посёлок,1083.0,direct_published_census_value,/workspace/settlements-raw/data/interim/2021_tochno/data_allsettlements_anon_156_v20251217.parquet,86c197cd522e0b63669e9c6e7f43fd3d82b3704c6a126c800a9968ecd16cae14,parquet!row_1based=119533.0,True,True,False,True,True,False,atomic_NP_in_complete_published_scope,applied_complete_published_city_territorial_scope,published_complete_city_territory_scope,city_with_published_subordinates,UNKNOWN,False,False,False,False,True,False,published_closed_city_scope_Екатеринбург,2021,1083.0,direct_published_census_value,/workspace/settlements-raw/data/interim/2021_tochno/data_allsettlements_anon_156_v20251217.parquet,86c197cd522e0b63669e9c6e7f43fd3d82b3704c6a126c800a9968ecd16cae14,False,,,,,,,,,,,,,,,,,,,,,,,,,,,True
published_closed_city_scope_Екатеринбург,2021.0,2021:data_allsettlements_anon_156_v20251217.parquet:parquet:119534,Верхнемакарово,село,463.0,direct_published_census_value,/workspace/settlements-raw/data/interim/2021_tochno/data_allsettlements_anon_156_v20251217.parquet,86c197cd522e0b63669e9c6e7f43fd3d82b3704c6a126c800a9968ecd16cae14,parquet!row_1based=119534.0,True,True,False,True,True,False,atomic_NP_in_complete_published_scope,applied_complete_published_city_territorial_scope,published_complete_city_territory_scope,city_with_published_subordinates,UNKNOWN,False,False,False,False,True,False,published_closed_city_scope_Екатеринбург,2021,463.0,direct_published_census_value,/workspace/settlements-raw/data/interim/2021_tochno/data_allsettlements_anon_156_v20251217.parquet,86c197cd522e0b63669e9c6e7f43fd3d82b3704c6a126c800a9968ecd16cae14,False,,,,,,,,,,,,,,,,,,,,,,,,,,,True
published_closed_city_scope_Екатеринбург,2021.0,2021:data_allsettlements_anon_156_v20251217.parquet:parquet:119535,Горный Щит,село,5726.0,direct_published_census_value,/workspace/settlements-raw/data/interim/2021_tochno/data_allsettlements_anon_156_v20251217.parquet,86c197cd522e0b63669e9c6e7f43fd3d82b3704c6a126c800a9968ecd16cae14,parquet!row_1based=119535.0,True,True,False,True,True,False,atomic_NP_in_complete_published_scope,applied_complete_published_city_territorial_scope,published_complete_city_territory_scope,city_with_published_subordinates,UNKNOWN,False,False,False,False,True,False,published_closed_city_scope_Екатеринбург,2021,5726.0,direct_published_census_value,/workspace/settlements-raw/data/interim/2021_tochno/data_allsettlements_anon_156_v20251217.parquet,86c197cd522e0b63669e9c6e7f43fd3d82b3704c6a126c800a9968ecd16cae14,False,,,,,,,,,,,,,,,,,,,,,,,,,,,True
published_closed_city_scope_Киров,2002.0,2002:1_TOM_01_04.xls:0:5930,Киров,город,457578.0,direct_published_census_value,/workspace/settlements-raw/data/raw/2002_official_tom1/1_TOM_01_04.xls,745a24599719c877a8ddf015aadf22d3cb859444819a32f8197ae525d91483f3,0!row_1based=5930.0,True,True,False,True,True,False,atomic_NP_in_complete_published_scope,applied_complete_published_city_territorial_scope,published_complete_city_territory_scope,city_with_published_subordinates,UNKNOWN,False,False,False,False,True,False,published_closed_city_scope_Киров,2002,457578.0,direct_published_census_value,/workspace/settlements-raw/data/raw/2002_official_tom1/1_TOM_01_04.xls,745a24599719c877a8ddf015aadf22d3cb859444819a32f8197ae525d91483f3,False,,,,,,,,,,,,,,,,,,,,,,,,,,,True
published_closed_city_scope_Киров,2002.0,2002:1_TOM_01_04.xls:0:5936,Лянгасово,пгт,13021.0,direct_published_census_value,/workspace/settlements-raw/data/raw/2002_official_tom1/1_TOM_01_04.xls,745a24599719c877a8ddf015aadf22d3cb859444819a32f8197ae525d91483f3,0!row_1based=5936.0,True,True,False,False,False,False,atomic_NP_in_complete_published_scope,applied_complete_published_city_territorial_scope,published_complete_city_territory_scope,city_with_published_subordinates,UNKNOWN,False,False,False,False,True,False,published_closed_city_scope_Киров,2002,13021.0,direct_published_census_value,/workspace/settlements-raw/data/raw/2002_official_tom1/1_TOM_01_04.xls,745a24599719c877a8ddf015aadf22d3cb859444819a32f8197ae525d91483f3,False,,,,,,,,,,,,,,,,,,,,,,,,,,,False
published_closed_city_scope_Киров,2002.0,2002:1_TOM_01_04.xls:0:5937,Радужный,пгт,9812.0,direct_published_census_value,/workspace/settlements-raw/data/raw/2002_official_tom1/1_TOM_01_04.xls,745a24599719c877a8ddf015aadf22d3cb859444819a32f8197ae525d91483f3,0!row_1based=5937.0,True,True,False,False,False,False,atomic_NP_in_complete_published_scope,applied_complete_published_city_territorial_scope,published_complete_city_territory_scope,city_with_published_subordinates,UNKNOWN,False,False,False,False,True,False,published_closed_city_scope_Киров,2002,9812.0,direct_published_census_value,/workspace/settlements-raw/data/raw/2002_official_tom1/1_TOM_01_04.xls,745a24599719c877a8ddf015aadf22d3cb859444819a32f8197ae525d91483f3,False,,,,,,,,,,,,,,,,,,,,,,,,,,,False
published_closed_city_scope_Киров,2002.0,2002:047_9960082a3e_02c_Kirovskaja_new.xls:Sheet1:10,Ваньшины,деревня,7.0,direct_published_census_value,/workspace/settlements-raw/data/raw/2002/047_9960082a3e_02c_Kirovskaja_new.xls,dc256b090569a40a10eb82ed809f99a6ac5891da0103394f361d5a6299202d4e,Sheet1!row_1based=10.0,True,True,False,True,True,False,atomic_NP_in_complete_published_scope,applied_complete_published_city_territorial_scope,published_complete_city_territory_scope,city_with_published_subordinates,UNKNOWN,False,False,False,False,True,False,published_closed_city_scope_Киров,2002,7.0,direct_published_census_value,/workspace/settlements-raw/data/raw/2002/047_9960082a3e_02c_Kirovskaja_new.xls,dc256b090569a40a10eb82ed809f99a6ac5891da0103394f361d5a6299202d4e,False,,,,,,,,,,,,,,,,,,,,,,,,,,,True
published_closed_city_scope_Киров,2002.0,2002:047_9960082a3e_02c_Kirovskaja_new.xls:Sheet1:100,Садаковский,посёлок,1963.0,direct_published_census_value,/workspace/settlements-raw/data/raw/2002/047_9960082a3e_02c_Kirovskaja_new.xls,dc256b090569a40a10eb82ed809f99a6ac5891da0103394f361d5a6299202d4e,Sheet1!row_1based=100.0,True,True,False,True,True,False,atomic_NP_in_complete_published_scope,applied_complete_published_city_territorial_scope,published_complete_city_territory_scope,city_with_published_subordinates,UNKNOWN,False,False,False,False,True,False,published_closed_city_scope_Киров,2002,1963.0,direct_published_census_value,/workspace/settlements-raw/data/raw/2002/047_9960082a3e_02c_Kirovskaja_new.xls,dc256b090569a40a10eb82ed809f99a6ac5891da0103394f361d5a6299202d4e,False,,,,,,,,,,,,,,,,,,,,,,,,,,,True
published_closed_city_scope_Киров,2002.0,2002:047_9960082a3e_02c_Kirovskaja_new.xls:Sheet1:101,Садаковы,деревня,1.0,direct_published_census_value,/workspace/settlements-raw/data/raw/2002/047_9960082a3e_02c_Kirovskaja_new.xls,dc256b090569a40a10eb82ed809f99a6ac5891da0103394f361d5a6299202d4e,Sheet1!row_1based=101.0,True,True,False,False,False,False,atomic_NP_in_complete_published_scope,applied_complete_published_city_territorial_scope,published_complete_city_territory_scope,city_with_published_subordinates,UNKNOWN,False,False,False,False,True,False,published_closed_city_scope_Киров,2002,1.0,direct_published_census_value,/workspace/settlements-raw/data/raw/2002/047_9960082a3e_02c_Kirovskaja_new.xls,dc256b090569a40a10eb82ed809f99a6ac5891da0103394f361d5a6299202d4e,False,,,,,,,,,,,,,,,,,,,,,,,,,,,False
published_closed_city_scope_Киров,2002.0,2002:047_9960082a3e_02c_Kirovskaja_new.xls:Sheet1:102,Шоломовская,деревня,29.0,direct_published_census_value,/workspace/settlements-raw/data/raw/2002/047_9960082a3e_02c_Kirovskaja_new.xls,dc256b090569a40a10eb82ed809f99a6ac5891da0103394f361d5a6299202d4e,Sheet1!row_1based=102.0,True,True,False,False,False,False,atomic_NP_in_complete_published_scope,applied_complete_published_city_territorial_scope,published_complete_city_territory_scope,city_with_published_subordinates,UNKNOWN,False,False,False,False,True,False,published_closed_city_scope_Киров,2002,29.0,direct_published_census_value,/workspace/settlements-raw/data/raw/2002/047_9960082a3e_02c_Kirovskaja_new.xls,dc256b090569a40a10eb82ed809f99a6ac5891da0103394f361d5a6299202d4e,False,,,,,,,,,,,,,,,,,,,,,,,,,,,False
published_closed_city_scope_Киров,2002.0,2002:047_9960082a3e_02c_Kirovskaja_new.xls:Sheet1:103,Головановы,деревня,5.0,direct_published_census_value,/workspace/settlements-raw/data/raw/2002/047_9960082a3e_02c_Kirovskaja_new.xls,dc256b090569a40a10eb82ed809f99a6ac5891da0103394f361d5a6299202d4e,Sheet1!row_1based=103.0,True,True,False,True,True,False,atomic_NP_in_complete_published_scope,applied_complete_published_city_territorial_scope,published_complete_city_territory_scope,city_with_published_subordinates,UNKNOWN,False,False,False,False,True,False,published_closed_city_scope_Киров,2002,5.0,direct_published_census_value,/workspace/settlements-raw/data/raw/2002/047_9960082a3e_02c_Kirovskaja_new.xls,dc256b090569a40a10eb82ed809f99a6ac5891da0103394f361d5a6299202d4e,False,,,,,,,,,,,,,,,,,,,,,,,,,,,True
published_closed_city_scope_Киров,2002.0,2002:047_9960082a3e_02c_Kirovskaja_new.xls:Sheet1:104,Тростинка,железнодорожный объект,0.0,direct_published_census_value,/workspace/settlements-raw/data/raw/2002/047_9960082a3e_02c_Kirovskaja_new.xls,dc256b090569a40a10eb82ed809f99a6ac5891da0103394f361d5a6299202d4e,Sheet1!row_1based=104.0,True,True,False,False,False,False,atomic_NP_in_complete_published_scope,applied_complete_published_city_territorial_scope,published_complete_city_territory_scope,city_with_published_subordinates,UNKNOWN,False,False,False,False,True,False,published_closed_city_scope_Киров,2002,0.0,direct_published_census_value,/workspace/settlements-raw/data/raw/2002/047_9960082a3e_02c_Kirovskaja_new.xls,dc256b090569a40a10eb82ed809f99a6ac5891da0103394f361d5a6299202d4e,False,,,,,,,,,,,,,,,,,,,,,,,,,,,False
published_closed_city_scope_Киров,2002.0,2002:047_9960082a3e_02c_Kirovskaja_new.xls:Sheet1:106,Русское,село,1358.0,direct_published_census_value,/workspace/settlements-raw/data/raw/2002/047_9960082a3e_02c_Kirovskaja_new.xls,dc256b090569a40a10eb82ed809f99a6ac5891da0103394f361d5a6299202d4e,Sheet1!row_1based=106.0,True,True,False,True,True,False,atomic_NP_in_complete_published_scope,applied_complete_published_city_territorial_scope,published_complete_city_territory_scope,city_with_published_subordinates,UNKNOWN,False,False,False,False,True,False,published_closed_city_scope_Киров,2002,1358.0,direct_published_census_value,/workspace/settlements-raw/data/raw/2002/047_9960082a3e_02c_Kirovskaja_new.xls,dc256b090569a40a10eb82ed809f99a6ac5891da0103394f361d5a6299202d4e,False,,,,,,,,,,,,,,,,,,,,,,,,,,,True
published_closed_city_scope_Киров,2002.0,2002:047_9960082a3e_02c_Kirovskaja_new.xls:Sheet1:107,Башарово,деревня,65.0,direct_published_census_value,/workspace/settlements-raw/data/raw/2002/047_9960082a3e_02c_Kirovskaja_new.xls,dc256b090569a40a10eb82ed809f99a6ac5891da0103394f361d5a6299202d4e,Sheet1!row_1based=107.0,True,True,False,False,False,False,atomic_NP_in_complete_published_scope,applied_complete_published_city_territorial_scope,published_complete_city_territory_scope,city_with_published_subordinates,UNKNOWN,False,False,False,False,True,False,published_closed_city_scope_Киров,2002,65.0,direct_published_census_value,/workspace/settlements-raw/data/raw/2002/047_9960082a3e_02c_Kirovskaja_new.xls,dc256b090569a40a10eb82ed809f99a6ac5891da0103394f361d5a6299202d4e,False,,,,,,,,,,,,,,,,,,,,,,,,,,,False
published_closed_city_scope_Киров,2002.0,2002:047_9960082a3e_02c_Kirovskaja_new.xls:Sheet1:108,Булдаки,деревня,1.0,direct_published_census_value,/workspace/settlements-raw/data/raw/2002/047_9960082a3e_02c_Kirovskaja_new.xls,dc256b090569a40a10eb82ed809f99a6ac5891da0103394f361d5a6299202d4e,Sheet1!row_1based=108.0,True,True,False,False,False,False,atomic_NP_in_complete_published_scope,applied_complete_published_city_territorial_scope,published_complete_city_territory_scope,city_with_published_subordinates,UNKNOWN,False,False,False,False,True,False,published_closed_city_scope_Киров,2002,1.0,direct_published_census_value,/workspace/settlements-raw/data/raw/2002/047_9960082a3e_02c_Kirovskaja_new.xls,dc256b090569a40a10eb82ed809f99a6ac5891da0103394f361d5a6299202d4e,False,,,,,,,,,,,,,,,,,,,,,,,,,,,False
published_closed_city_scope_Киров,2002.0,2002:047_9960082a3e_02c_Kirovskaja_new.xls:Sheet1:109,Вересниковщина,деревня,20.0,direct_published_census_value,/workspace/settlements-raw/data/raw/2002/047_9960082a3e_02c_Kirovskaja_new.xls,dc256b090569a40a10eb82ed809f99a6ac5891da0103394f361d5a6299202d4e,Sheet1!row_1based=109.0,True,True,False,True,True,False,atomic_NP_in_complete_published_scope,applied_complete_published_city_territorial_scope,published_complete_city_territory_scope,city_with_published_subordinates,UNKNOWN,False,False,False,False,True,False,published_closed_city_scope_Киров,2002,20.0,direct_published_census_value,/workspace/settlements-raw/data/raw/2002/047_9960082a3e_02c_Kirovskaja_new.xls,dc256b090569a40a10eb82ed809f99a6ac5891da0103394f361d5a6299202d4e,False,,,,,,,,,,,,,,,,,,,,,,,,,,,True
published_closed_city_scope_Киров,2002.0,2002:047_9960082a3e_02c_Kirovskaja_new.xls:Sheet1:11,Верхнее Скопино,деревня,1.0,direct_published_census_value,/workspace/settlements-raw/data/raw/2002/047_9960082a3e_02c_Kirovskaja_new.xls,dc256b090569a40a10eb82ed809f99a6ac5891da0103394f361d5a6299202d4e,Sheet1!row_1based=11.0,True,True,False,True,True,False,atomic_NP_in_complete_published_scope,applied_complete_published_city_territorial_scope,published_complete_city_territory_scope,city_with_published_subordinates,UNKNOWN,False,False,False,False,True,False,published_closed_city_scope_Киров,2002,1.0,direct_published_census_value,/workspace/settlements-raw/data/raw/2002/047_9960082a3e_02c_Kirovskaja_new.xls,dc256b090569a40a10eb82ed809f99a6ac5891da0103394f361d5a6299202d4e,False,,,,,,,,,,,,,,,,,,,,,,,,,,,True
published_closed_city_scope_Киров,2002.0,2002:047_9960082a3e_02c_Kirovskaja_new.xls:Sheet1:110,Гари,деревня,0.0,direct_published_census_value,/workspace/settlements-raw/data/raw/2002/047_9960082a3e_02c_Kirovskaja_new.xls,dc256b090569a40a10eb82ed809f99a6ac5891da0103394f361d5a6299202d4e,Sheet1!row_1based=110.0,True,True,False,False,False,False,atomic_NP_in_complete_published_scope,applied_complete_published_city_territorial_scope,published_complete_city_territory_scope,city_with_published_subordinates,UNKNOWN,False,False,False,False,True,False,published_closed_city_scope_Киров,2002,0.0,direct_published_census_value,/workspace/settlements-raw/data/raw/2002/047_9960082a3e_02c_Kirovskaja_new.xls,dc256b090569a40a10eb82ed809f99a6ac5891da0103394f361d5a6299202d4e,False,,,,,,,,,,,,,,,,,,,,,,,,,,,False
published_closed_city_scope_Киров,2002.0,2002:047_9960082a3e_02c_Kirovskaja_new.xls:Sheet1:111,Кривели,деревня,1.0,direct_published_census_value,/workspace/settlements-raw/data/raw/2002/047_9960082a3e_02c_Kirovskaja_new.xls,dc256b090569a40a10eb82ed809f99a6ac5891da0103394f361d5a6299202d4e,Sheet1!row_1based=111.0,True,True,False,True,True,False,atomic_NP_in_complete_published_scope,applied_complete_published_city_territorial_scope,published_complete_city_territory_scope,city_with_published_subordinates,UNKNOWN,False,False,False,False,True,False,published_closed_city_scope_Киров,2002,1.0,direct_published_census_value,/workspace/settlements-raw/data/raw/2002/047_9960082a3e_02c_Kirovskaja_new.xls,dc256b090569a40a10eb82ed809f99a6ac5891da0103394f361d5a6299202d4e,False,,,,,,,,,,,,,,,,,,,,,,,,,,,True
published_closed_city_scope_Киров,2002.0,2002:047_9960082a3e_02c_Kirovskaja_new.xls:Sheet1:112,Леденцовы,деревня,0.0,direct_published_census_value,/workspace/settlements-raw/data/raw/2002/047_9960082a3e_02c_Kirovskaja_new.xls,dc256b090569a40a10eb82ed809f99a6ac5891da0103394f361d5a6299202d4e,Sheet1!row_1based=112.0,True,True,False,True,True,False,atomic_NP_in_complete_published_scope,applied_complete_published_city_territorial_scope,published_complete_city_territory_scope,city_with_published_subordinates,UNKNOWN,False,False,False,False,True,False,published_closed_city_scope_Киров,2002,0.0,direct_published_census_value,/workspace/settlements-raw/data/raw/2002/047_9960082a3e_02c_Kirovskaja_new.xls,dc256b090569a40a10eb82ed809f99a6ac5891da0103394f361d5a6299202d4e,False,,,,,,,,,,,,,,,,,,,,,,,,,,,True
published_closed_city_scope_Киров,2002.0,2002:047_9960082a3e_02c_Kirovskaja_new.xls:Sheet1:113,Лисицины,деревня,4.0,direct_published_census_value,/workspace/settlements-raw/data/raw/2002/047_9960082a3e_02c_Kirovskaja_new.xls,dc256b090569a40a10eb82ed809f99a6ac5891da0103394f361d5a6299202d4e,Sheet1!row_1based=113.0,True,True,False,True,True,False,atomic_NP_in_complete_published_scope,applied_complete_published_city_territorial_scope,published_complete_city_territory_scope,city_with_published_subordinates,UNKNOWN,False,False,False,False,True,False,published_closed_city_scope_Киров,2002,4.0,direct_published_census_value,/workspace/settlements-raw/data/raw/2002/047_9960082a3e_02c_Kirovskaja_new.xls,dc256b090569a40a10eb82ed809f99a6ac5891da0103394f361d5a6299202d4e,False,,,,,,,,,,,,,,,,,,,,,,,,,,,True
published_closed_city_scope_Киров,2002.0,2002:047_9960082a3e_02c_Kirovskaja_new.xls:Sheet1:114,Лом,деревня,0.0,direct_published_census_value,/workspace/settlements-raw/data/raw/2002/047_9960082a3e_02c_Kirovskaja_new.xls,dc256b090569a40a10eb82ed809f99a6ac5891da0103394f361d5a6299202d4e,Sheet1!row_1based=114.0,True,True,False,True,True,False,atomic_NP_in_complete_published_scope,applied_complete_published_city_territorial_scope,published_complete_city_territory_scope,city_with_published_subordinates,UNKNOWN,False,False,False,False,True,False,published_closed_city_scope_Киров,2002,0.0,direct_published_census_value,/workspace/settlements-raw/data/raw/2002/047_9960082a3e_02c_Kirovskaja_new.xls,dc256b090569a40a10eb82ed809f99a6ac5891da0103394f361d5a6299202d4e,False,,,,,,,,,,,,,,,,,,,,,,,,,,,True
published_closed_city_scope_Киров,2002.0,2002:047_9960082a3e_02c_Kirovskaja_new.xls:Sheet1:115,Луговики,деревня,0.0,direct_published_census_value,/workspace/settlements-raw/data/raw/2002/047_9960082a3e_02c_Kirovskaja_new.xls,dc256b090569a40a10eb82ed809f99a6ac5891da0103394f361d5a6299202d4e,Sheet1!row_1based=115.0,True,True,False,True,True,False,atomic_NP_in_complete_published_scope,applied_complete_published_city_territorial_scope,published_complete_city_territory_scope,city_with_published_subordinates,UNKNOWN,False,False,False,False,True,False,published_closed_city_scope_Киров,2002,0.0,direct_published_census_value,/workspace/settlements-raw/data/raw/2002/047_9960082a3e_02c_Kirovskaja_new.xls,dc256b090569a40a10eb82ed809f99a6ac5891da0103394f361d5a6299202d4e,False,,,,,,,,,,,,,,,,,,,,,,,,,,,True
published_closed_city_scope_Киров,2002.0,2002:047_9960082a3e_02c_Kirovskaja_new.xls:Sheet1:116,Марьино,деревня,0.0,direct_published_census_value,/workspace/settlements-raw/data/raw/2002/047_9960082a3e_02c_Kirovskaja_new.xls,dc256b090569a40a10eb82ed809f99a6ac5891da0103394f361d5a6299202d4e,Sheet1!row_1based=116.0,True,True,False,True,True,False,atomic_NP_in_complete_published_scope,applied_complete_published_city_territorial_scope,published_complete_city_territory_scope,city_with_published_subordinates,UNKNOWN,False,False,False,False,True,False,published_closed_city_scope_Киров,2002,0.0,direct_published_census_value,/workspace/settlements-raw/data/raw/2002/047_9960082a3e_02c_Kirovskaja_new.xls,dc256b090569a40a10eb82ed809f99a6ac5891da0103394f361d5a6299202d4e,False,,,,,,,,,,,,,,,,,,,,,,,,,,,True
published_closed_city_scope_Киров,2002.0,2002:047_9960082a3e_02c_Kirovskaja_new.xls:Sheet1:117,Масленики,деревня,4.0,direct_published_census_value,/workspace/settlements-raw/data/raw/2002/047_9960082a3e_02c_Kirovskaja_new.xls,dc256b090569a40a10eb82ed809f99a6ac5891da0103394f361d5a6299202d4e,Sheet1!row_1based=117.0,True,True,False,True,True,False,atomic_NP_in_complete_published_scope,applied_complete_published_city_territorial_scope,published_complete_city_territory_scope,city_with_published_subordinates,UNKNOWN,False,False,False,False,True,False,published_closed_city_scope_Киров,2002,4.0,direct_published_census_value,/workspace/settlements-raw/data/raw/2002/047_9960082a3e_02c_Kirovskaja_new.xls,dc256b090569a40a10eb82ed809f99a6ac5891da0103394f361d5a6299202d4e,False,,,,,,,,,,,,,,,,,,,,,,,,,,,True
published_closed_city_scope_Киров,2002.0,2002:047_9960082a3e_02c_Kirovskaja_new.xls:Sheet1:118,Нагорье,деревня,0.0,direct_published_census_value,/workspace/settlements-raw/data/raw/2002/047_9960082a3e_02c_Kirovskaja_new.xls,dc256b090569a40a10eb82ed809f99a6ac5891da0103394f361d5a6299202d4e,Sheet1!row_1based=118.0,True,True,False,True,True,False,atomic_NP_in_complete_published_scope,applied_complete_published_city_territorial_scope,published_complete_city_territory_scope,city_with_published_subordinates,UNKNOWN,False,False,False,False,True,False,published_closed_city_scope_Киров,2002,0.0,direct_published_census_value,/workspace/settlements-raw/data/raw/2002/047_9960082a3e_02c_Kirovskaja_new.xls,dc256b090569a40a10eb82ed809f99a6ac5891da0103394f361d5a6299202d4e,False,,,,,,,,,,,,,,,,,,,,,,,,,,,True
published_closed_city_scope_Киров,2002.0,2002:047_9960082a3e_02c_Kirovskaja_new.xls:Sheet1:119,Подборные,деревня,13.0,direct_published_census_value,/workspace/settlements-raw/data/raw/2002/047_9960082a3e_02c_Kirovskaja_new.xls,dc256b090569a40a10eb82ed809f99a6ac5891da0103394f361d5a6299202d4e,Sheet1!row_1based=119.0,True,True,False,True,True,False,atomic_NP_in_complete_published_scope,applied_complete_published_city_territorial_scope,published_complete_city_territory_scope,city_with_published_subordinates,UNKNOWN,False,False,False,False,True,False,published_closed_city_scope_Киров,2002,13.0,direct_published_census_value,/workspace/settlements-raw/data/raw/2002/047_9960082a3e_02c_Kirovskaja_new.xls,dc256b090569a40a10eb82ed809f99a6ac5891da0103394f361d5a6299202d4e,False,,,,,,,,,,,,,,,,,,,,,,,,,,,True
published_closed_city_scope_Киров,2002.0,2002:047_9960082a3e_02c_Kirovskaja_new.xls:Sheet1:12,Истоминцы,деревня,2.0,direct_published_census_value,/workspace/settlements-raw/data/raw/2002/047_9960082a3e_02c_Kirovskaja_new.xls,dc256b090569a40a10eb82ed809f99a6ac5891da0103394f361d5a6299202d4e,Sheet1!row_1based=12.0,True,True,False,True,True,False,atomic_NP_in_complete_published_scope,applied_complete_published_city_territorial_scope,published_complete_city_territory_scope,city_with_published_subordinates,UNKNOWN,False,False,False,False,True,False,published_closed_city_scope_Киров,2002,2.0,direct_published_census_value,/workspace/settlements-raw/data/raw/2002/047_9960082a3e_02c_Kirovskaja_new.xls,dc256b090569a40a10eb82ed809f99a6ac5891da0103394f361d5a6299202d4e,False,,,,,,,,,,,,,,,,,,,,,,,,,,,True
published_closed_city_scope_Киров,2002.0,2002:047_9960082a3e_02c_Kirovskaja_new.xls:Sheet1:120,Студенец,деревня,83.0,direct_published_census_value,/workspace/settlements-raw/data/raw/2002/047_9960082a3e_02c_Kirovskaja_new.xls,dc256b090569a40a10eb82ed809f99a6ac5891da0103394f361d5a6299202d4e,Sheet1!row_1based=120.0,True,True,False,True,True,False,atomic_NP_in_complete_published_scope,applied_complete_published_city_territorial_scope,published_complete_city_territory_scope,city_with_published_subordinates,UNKNOWN,False,False,False,False,True,False,published_closed_city_scope_Киров,2002,83.0,direct_published_census_value,/workspace/settlements-raw/data/raw/2002/047_9960082a3e_02c_Kirovskaja_new.xls,dc256b090569a40a10eb82ed809f99a6ac5891da0103394f361d5a6299202d4e,False,,,,,,,,,,,,,,,,,,,,,,,,,,,True
published_closed_city_scope_Киров,2002.0,2002:047_9960082a3e_02c_Kirovskaja_new.xls:Sheet1:121,Удаловщина,деревня,5.0,direct_published_census_value,/workspace/settlements-raw/data/raw/2002/047_9960082a3e_02c_Kirovskaja_new.xls,dc256b090569a40a10eb82ed809f99a6ac5891da0103394f361d5a6299202d4e,Sheet1!row_1based=121.0,True,True,False,True,True,False,atomic_NP_in_complete_published_scope,applied_complete_published_city_territorial_scope,published_complete_city_territory_scope,city_with_published_subordinates,UNKNOWN,False,False,False,False,True,False,published_closed_city_scope_Киров,2002,5.0,direct_published_census_value,/workspace/settlements-raw/data/raw/2002/047_9960082a3e_02c_Kirovskaja_new.xls,dc256b090569a40a10eb82ed809f99a6ac5891da0103394f361d5a6299202d4e,False,,,,,,,,,,,,,,,,,,,,,,,,,,,True
published_closed_city_scope_Киров,2002.0,2002:047_9960082a3e_02c_Kirovskaja_new.xls:Sheet1:123,Ганино,посёлок,1946.0,direct_published_census_value,/workspace/settlements-raw/data/raw/2002/047_9960082a3e_02c_Kirovskaja_new.xls,dc256b090569a40a10eb82ed809f99a6ac5891da0103394f361d5a6299202d4e,Sheet1!row_1based=123.0,True,True,False,True,True,False,atomic_NP_in_complete_published_scope,applied_complete_published_city_territorial_scope,published_complete_city_territory_scope,city_with_published_subordinates,UNKNOWN,False,False,False,False,True,False,published_closed_city_scope_Киров,2002,1946.0,direct_published_census_value,/workspace/settlements-raw/data/raw/2002/047_9960082a3e_02c_Kirovskaja_new.xls,dc256b090569a40a10eb82ed809f99a6ac5891da0103394f361d5a6299202d4e,False,,,,,,,,,,,,,,,,,,,,,,,,,,,True
published_closed_city_scope_Киров,2002.0,2002:047_9960082a3e_02c_Kirovskaja_new.xls:Sheet1:124,Большая Гора,деревня,435.0,direct_published_census_value,/workspace/settlements-raw/data/raw/2002/047_9960082a3e_02c_Kirovskaja_new.xls,dc256b090569a40a10eb82ed809f99a6ac5891da0103394f361d5a6299202d4e,Sheet1!row_1based=124.0,True,True,False,True,True,False,atomic_NP_in_complete_published_scope,applied_complete_published_city_territorial_scope,published_complete_city_territory_scope,city_with_published_subordinates,UNKNOWN,False,False,False,False,True,False,published_closed_city_scope_Киров,2002,435.0,direct_published_census_value,/workspace/settlements-raw/data/raw/2002/047_9960082a3e_02c_Kirovskaja_new.xls,dc256b090569a40a10eb82ed809f99a6ac5891da0103394f361d5a6299202d4e,False,,,,,,,,,,,,,,,,,,,,,,,,,,,True
published_closed_city_scope_Киров,2002.0,2002:047_9960082a3e_02c_Kirovskaja_new.xls:Sheet1:125,Боровые,деревня,8.0,direct_published_census_value,/workspace/settlements-raw/data/raw/2002/047_9960082a3e_02c_Kirovskaja_new.xls,dc256b090569a40a10eb82ed809f99a6ac5891da0103394f361d5a6299202d4e,Sheet1!row_1based=125.0,True,True,False,False,False,False,atomic_NP_in_complete_published_scope,applied_complete_published_city_territorial_scope,published_complete_city_territory_scope,city_with_published_subordinates,UNKNOWN,False,False,False,False,True,False,published_closed_city_scope_Киров,2002,8.0,direct_published_census_value,/workspace/settlements-raw/data/raw/2002/047_9960082a3e_02c_Kirovskaja_new.xls,dc256b090569a40a10eb82ed809f99a6ac5891da0103394f361d5a6299202d4e,False,,,,,,,,,,,,,,,,,,,,,,,,,,,False
published_closed_city_scope_Киров,2002.0,2002:047_9960082a3e_02c_Kirovskaja_new.xls:Sheet1:126,14 км,железнодорожный объект,0.0,direct_published_census_value,/workspace/settlements-raw/data/raw/2002/047_9960082a3e_02c_Kirovskaja_new.xls,dc256b090569a40a10eb82ed809f99a6ac5891da0103394f361d5a6299202d4e,Sheet1!row_1based=126.0,True,True,False,False,False,False,atomic_NP_in_complete_published_scope,applied_complete_published_city_territorial_scope,published_complete_city_territory_scope,city_with_published_subordinates,UNKNOWN,False,False,False,False,True,False,published_closed_city_scope_Киров,2002,0.0,direct_published_census_value,/workspace/settlements-raw/data/raw/2002/047_9960082a3e_02c_Kirovskaja_new.xls,dc256b090569a40a10eb82ed809f99a6ac5891da0103394f361d5a6299202d4e,False,,,,,,,,,,,,,,,,,,,,,,,,,,,False
published_closed_city_scope_Киров,2002.0,2002:047_9960082a3e_02c_Kirovskaja_new.xls:Sheet1:127,Верещагино,деревня,39.0,direct_published_census_value,/workspace/settlements-raw/data/raw/2002/047_9960082a3e_02c_Kirovskaja_new.xls,dc256b090569a40a10eb82ed809f99a6ac5891da0103394f361d5a6299202d4e,Sheet1!row_1based=127.0,True,True,False,False,False,False,atomic_NP_in_complete_published_scope,applied_complete_published_city_territorial_scope,published_complete_city_territory_scope,city_with_published_subordinates,UNKNOWN,False,False,False,False,True,False,published_closed_city_scope_Киров,2002,39.0,direct_published_census_value,/workspace/settlements-raw/data/raw/2002/047_9960082a3e_02c_Kirovskaja_new.xls,dc256b090569a40a10eb82ed809f99a6ac5891da0103394f361d5a6299202d4e,False,,,,,,,,,,,,,,,,,,,,,,,,,,,False
published_closed_city_scope_Киров,2002.0,2002:047_9960082a3e_02c_Kirovskaja_new.xls:Sheet1:128,Елпаши,деревня,0.0,direct_published_census_value,/workspace/settlements-raw/data/raw/2002/047_9960082a3e_02c_Kirovskaja_new.xls,dc256b090569a40a10eb82ed809f99a6ac5891da0103394f361d5a6299202d4e,Sheet1!row_1based=128.0,True,True,False,True,True,False,atomic_NP_in_complete_published_scope,applied_complete_published_city_territorial_scope,published_complete_city_territory_scope,city_with_published_subordinates,UNKNOWN,False,False,False,False,True,False,published_closed_city_scope_Киров,2002,0.0,direct_published_census_value,/workspace/settlements-raw/data/raw/2002/047_9960082a3e_02c_Kirovskaja_new.xls,dc256b090569a40a10eb82ed809f99a6ac5891da0103394f361d5a6299202d4e,False,,,,,,,,,,,,,,,,,,,,,,,,,,,True
published_closed_city_scope_Киров,2002.0,2002:047_9960082a3e_02c_Kirovskaja_new.xls:Sheet1:129,17 км,железнодорожный объект,4.0,direct_published_census_value,/workspace/settlements-raw/data/raw/2002/047_9960082a3e_02c_Kirovskaja_new.xls,dc256b090569a40a10eb82ed809f99a6ac5891da0103394f361d5a6299202d4e,Sheet1!row_1based=129.0,True,True,False,False,False,False,atomic_NP_in_complete_published_scope,applied_complete_published_city_territorial_scope,published_complete_city_territory_scope,city_with_published_subordinates,UNKNOWN,False,False,False,False,True,False,published_closed_city_scope_Киров,2002,4.0,direct_published_census_value,/workspace/settlements-raw/data/raw/2002/047_9960082a3e_02c_Kirovskaja_new.xls,dc256b090569a40a10eb82ed809f99a6ac5891da0103394f361d5a6299202d4e,False,,,,,,,,,,,,,,,,,,,,,,,,,,,False
published_closed_city_scope_Киров,2002.0,2002:047_9960082a3e_02c_Kirovskaja_new.xls:Sheet1:13,Кочергинцы,деревня,3.0,direct_published_census_value,/workspace/settlements-raw/data/raw/2002/047_9960082a3e_02c_Kirovskaja_new.xls,dc256b090569a40a10eb82ed809f99a6ac5891da0103394f361d5a6299202d4e,Sheet1!row_1based=13.0,True,True,False,True,True,False,atomic_NP_in_complete_published_scope,applied_complete_published_city_territorial_scope,published_complete_city_territory_scope,city_with_published_subordinates,UNKNOWN,False,False,False,False,True,False,published_closed_city_scope_Киров,2002,3.0,direct_published_census_value,/workspace/settlements-raw/data/raw/2002/047_9960082a3e_02c_Kirovskaja_new.xls,dc256b090569a40a10eb82ed809f99a6ac5891da0103394f361d5a6299202d4e,False,,,,,,,,,,,,,,,,,,,,,,,,,,,True
published_closed_city_scope_Киров,2002.0,2002:047_9960082a3e_02c_Kirovskaja_new.xls:Sheet1:130,Колпаки,деревня,5.0,direct_published_census_value,/workspace/settlements-raw/data/raw/2002/047_9960082a3e_02c_Kirovskaja_new.xls,dc256b090569a40a10eb82ed809f99a6ac5891da0103394f361d5a6299202d4e,Sheet1!row_1based=130.0,True,True,False,False,False,False,atomic_NP_in_complete_published_scope,applied_complete_published_city_territorial_scope,published_complete_city_territory_scope,city_with_published_subordinates,UNKNOWN,False,False,False,False,True,False,published_closed_city_scope_Киров,2002,5.0,direct_published_census_value,/workspace/settlements-raw/data/raw/2002/047_9960082a3e_02c_Kirovskaja_new.xls,dc256b090569a40a10eb82ed809f99a6ac5891da0103394f361d5a6299202d4e,False,,,,,,,,,,,,,,,,,,,,,,,,,,,False
published_closed_city_scope_Киров,2002.0,2002:047_9960082a3e_02c_Kirovskaja_new.xls:Sheet1:131,Малая Гора,деревня,123.0,direct_published_census_value,/workspace/settlements-raw/data/raw/2002/047_9960082a3e_02c_Kirovskaja_new.xls,dc256b090569a40a10eb82ed809f99a6ac5891da0103394f361d5a6299202d4e,Sheet1!row_1based=131.0,True,True,False,True,True,False,atomic_NP_in_complete_published_scope,applied_complete_published_city_territorial_scope,published_complete_city_territory_scope,city_with_published_subordinates,UNKNOWN,False,False,False,False,True,False,published_closed_city_scope_Киров,2002,123.0,direct_published_census_value,/workspace/settlements-raw/data/raw/2002/047_9960082a3e_02c_Kirovskaja_new.xls,dc256b090569a40a10eb82ed809f99a6ac5891da0103394f361d5a6299202d4e,False,,,,,,,,,,,,,,,,,,,,,,,,,,,True
published_closed_city_scope_Киров,2002.0,2002:047_9960082a3e_02c_Kirovskaja_new.xls:Sheet1:132,Матанцы,деревня,9.0,direct_published_census_value,/workspace/settlements-raw/data/raw/2002/047_9960082a3e_02c_Kirovskaja_new.xls,dc256b090569a40a10eb82ed809f99a6ac5891da0103394f361d5a6299202d4e,Sheet1!row_1based=132.0,True,True,False,True,True,False,atomic_NP_in_complete_published_scope,applied_complete_published_city_territorial_scope,published_complete_city_territory_scope,city_with_published_subordinates,UNKNOWN,False,False,False,False,True,False,published_closed_city_scope_Киров,2002,9.0,direct_published_census_value,/workspace/settlements-raw/data/raw/2002/047_9960082a3e_02c_Kirovskaja_new.xls,dc256b090569a40a10eb82ed809f99a6ac5891da0103394f361d5a6299202d4e,False,,,,,,,,,,,,,,,,,,,,,,,,,,,True
published_closed_city_scope_Киров,2002.0,2002:047_9960082a3e_02c_Kirovskaja_new.xls:Sheet1:133,Матанцы,железнодорожный объект,44.0,direct_published_census_value,/workspace/settlements-raw/data/raw/2002/047_9960082a3e_02c_Kirovskaja_new.xls,dc256b090569a40a10eb82ed809f99a6ac5891da0103394f361d5a6299202d4e,Sheet1!row_1based=133.0,True,True,False,False,False,False,atomic_NP_in_complete_published_scope,applied_complete_published_city_territorial_scope,published_complete_city_territory_scope,city_with_published_subordinates,UNKNOWN,False,False,False,False,True,False,published_closed_city_scope_Киров,2002,44.0,direct_published_census_value,/workspace/settlements-raw/data/raw/2002/047_9960082a3e_02c_Kirovskaja_new.xls,dc256b090569a40a10eb82ed809f99a6ac5891da0103394f361d5a6299202d4e,False,,,,,,,,,,,,,,,,,,,,,,,,,,,False
published_closed_city_scope_Киров,2002.0,2002:047_9960082a3e_02c_Kirovskaja_new.xls:Sheet1:134,Подозерье,деревня,44.0,direct_published_census_value,/workspace/settlements-raw/data/raw/2002/047_9960082a3e_02c_Kirovskaja_new.xls,dc256b090569a40a10eb82ed809f99a6ac5891da0103394f361d5a6299202d4e,Sheet1!row_1based=134.0,True,True,False,True,True,False,atomic_NP_in_complete_published_scope,applied_complete_published_city_territorial_scope,published_complete_city_territory_scope,city_with_published_subordinates,UNKNOWN,False,False,False,False,True,False,published_closed_city_scope_Киров,2002,44.0,direct_published_census_value,/workspace/settlements-raw/data/raw/2002/047_9960082a3e_02c_Kirovskaja_new.xls,dc256b090569a40a10eb82ed809f99a6ac5891da0103394f361d5a6299202d4e,False,,,,,,,,,,,,,,,,,,,,,,,,,,,True
published_closed_city_scope_Киров,2002.0,2002:047_9960082a3e_02c_Kirovskaja_new.xls:Sheet1:135,Родинцы,деревня,25.0,direct_published_census_value,/workspace/settlements-raw/data/raw/2002/047_9960082a3e_02c_Kirovskaja_new.xls,dc256b090569a40a10eb82ed809f99a6ac5891da0103394f361d5a6299202d4e,Sheet1!row_1based=135.0,True,True,False,True,True,False,atomic_NP_in_complete_published_scope,applied_complete_published_city_territorial_scope,published_complete_city_territory_scope,city_with_published_subordinates,UNKNOWN,False,False,False,False,True,False,published_closed_city_scope_Киров,2002,25.0,direct_published_census_value,/workspace/settlements-raw/data/raw/2002/047_9960082a3e_02c_Kirovskaja_new.xls,dc256b090569a40a10eb82ed809f99a6ac5891da0103394f361d5a6299202d4e,False,,,,,,,,,,,,,,,,,,,,,,,,,,,True
published_closed_city_scope_Киров,2002.0,2002:047_9960082a3e_02c_Kirovskaja_new.xls:Sheet1:136,Севастьяновы,деревня,13.0,direct_published_census_value,/workspace/settlements-raw/data/raw/2002/047_9960082a3e_02c_Kirovskaja_new.xls,dc256b090569a40a10eb82ed809f99a6ac5891da0103394f361d5a6299202d4e,Sheet1!row_1based=136.0,True,True,False,True,True,False,atomic_NP_in_complete_published_scope,applied_complete_published_city_territorial_scope,published_complete_city_territory_scope,city_with_published_subordinates,UNKNOWN,False,False,False,False,True,False,published_closed_city_scope_Киров,2002,13.0,direct_published_census_value,/workspace/settlements-raw/data/raw/2002/047_9960082a3e_02c_Kirovskaja_new.xls,dc256b090569a40a10eb82ed809f99a6ac5891da0103394f361d5a6299202d4e,False,,,,,,,,,,,,,,,,,,,,,,,,,,,True
published_closed_city_scope_Киров,2002.0,2002:047_9960082a3e_02c_Kirovskaja_new.xls:Sheet1:137,Сергеево,деревня,56.0,direct_published_census_value,/workspace/settlements-raw/data/raw/2002/047_9960082a3e_02c_Kirovskaja_new.xls,dc256b090569a40a10eb82ed809f99a6ac5891da0103394f361d5a6299202d4e,Sheet1!row_1based=137.0,True,True,False,True,True,False,atomic_NP_in_complete_published_scope,applied_complete_published_city_territorial_scope,published_complete_city_territory_scope,city_with_published_subordinates,UNKNOWN,False,False,False,False,True,False,published_closed_city_scope_Киров,2002,56.0,direct_published_census_value,/workspace/settlements-raw/data/raw/2002/047_9960082a3e_02c_Kirovskaja_new.xls,dc256b090569a40a10eb82ed809f99a6ac5891da0103394f361d5a6299202d4e,False,,,,,,,,,,,,,,,,,,,,,,,,,,,True
published_closed_city_scope_Киров,2002.0,2002:047_9960082a3e_02c_Kirovskaja_new.xls:Sheet1:138,Сумароки,деревня,8.0,direct_published_census_value,/workspace/settlements-raw/data/raw/2002/047_9960082a3e_02c_Kirovskaja_new.xls,dc256b090569a40a10eb82ed809f99a6ac5891da0103394f361d5a6299202d4e,Sheet1!row_1based=138.0,True,True,False,True,True,False,atomic_NP_in_complete_published_scope,applied_complete_published_city_territorial_scope,published_complete_city_territory_scope,city_with_published_subordinates,UNKNOWN,False,False,False,False,True,False,published_closed_city_scope_Киров,2002,8.0,direct_published_census_value,/workspace/settlements-raw/data/raw/2002/047_9960082a3e_02c_Kirovskaja_new.xls,dc256b090569a40a10eb82ed809f99a6ac5891da0103394f361d5a6299202d4e,False,,,,,,,,,,,,,,,,,,,,,,,,,,,True
published_closed_city_scope_Киров,2002.0,2002:047_9960082a3e_02c_Kirovskaja_new.xls:Sheet1:139,Хабаровы,деревня,45.0,direct_published_census_value,/workspace/settlements-raw/data/raw/2002/047_9960082a3e_02c_Kirovskaja_new.xls,dc256b090569a40a10eb82ed809f99a6ac5891da0103394f361d5a6299202d4e,Sheet1!row_1based=139.0,True,True,False,True,True,False,atomic_NP_in_complete_published_scope,applied_complete_published_city_territorial_scope,published_complete_city_territory_scope,city_with_published_subordinates,UNKNOWN,False,False,False,False,True,False,published_closed_city_scope_Киров,2002,45.0,direct_published_census_value,/workspace/settlements-raw/data/raw/2002/047_9960082a3e_02c_Kirovskaja_new.xls,dc256b090569a40a10eb82ed809f99a6ac5891da0103394f361d5a6299202d4e,False,,,,,,,,,,,,,,,,,,,,,,,,,,,True
published_closed_city_scope_Киров,2002.0,2002:047_9960082a3e_02c_Kirovskaja_new.xls:Sheet1:14,Лихачи,деревня,1.0,direct_published_census_value,/workspace/settlements-raw/data/raw/2002/047_9960082a3e_02c_Kirovskaja_new.xls,dc256b090569a40a10eb82ed809f99a6ac5891da0103394f361d5a6299202d4e,Sheet1!row_1based=14.0,True,True,False,True,True,False,atomic_NP_in_complete_published_scope,applied_complete_published_city_territorial_scope,published_complete_city_territory_scope,city_with_published_subordinates,UNKNOWN,False,False,False,False,True,False,published_closed_city_scope_Киров,2002,1.0,direct_published_census_value,/workspace/settlements-raw/data/raw/2002/047_9960082a3e_02c_Kirovskaja_new.xls,dc256b090569a40a10eb82ed809f99a6ac5891da0103394f361d5a6299202d4e,False,,,,,,,,,,,,,,,,,,,,,,,,,,,True
published_closed_city_scope_Киров,2002.0,2002:047_9960082a3e_02c_Kirovskaja_new.xls:Sheet1:140,Шубино,деревня,106.0,direct_published_census_value,/workspace/settlements-raw/data/raw/2002/047_9960082a3e_02c_Kirovskaja_new.xls,dc256b090569a40a10eb82ed809f99a6ac5891da0103394f361d5a6299202d4e,Sheet1!row_1based=140.0,True,True,False,False,False,False,atomic_NP_in_complete_published_scope,applied_complete_published_city_territorial_scope,published_complete_city_territory_scope,city_with_published_subordinates,UNKNOWN,False,False,False,False,True,False,published_closed_city_scope_Киров,2002,106.0,direct_published_census_value,/workspace/settlements-raw/data/raw/2002/047_9960082a3e_02c_Kirovskaja_new.xls,dc256b090569a40a10eb82ed809f99a6ac5891da0103394f361d5a6299202d4e,False,,,,,,,,,,,,,,,,,,,,,,,,,,,False
published_closed_city_scope_Киров,2002.0,2002:047_9960082a3e_02c_Kirovskaja_new.xls:Sheet1:143,Порошино,село,1140.0,direct_published_census_value,/workspace/settlements-raw/data/raw/2002/047_9960082a3e_02c_Kirovskaja_new.xls,dc256b090569a40a10eb82ed809f99a6ac5891da0103394f361d5a6299202d4e,Sheet1!row_1based=143.0,True,True,False,True,True,False,atomic_NP_in_complete_published_scope,applied_complete_published_city_territorial_scope,published_complete_city_territory_scope,city_with_published_subordinates,UNKNOWN,False,False,False,False,True,False,published_closed_city_scope_Киров,2002,1140.0,direct_published_census_value,/workspace/settlements-raw/data/raw/2002/047_9960082a3e_02c_Kirovskaja_new.xls,dc256b090569a40a10eb82ed809f99a6ac5891da0103394f361d5a6299202d4e,False,,,,,,,,,,,,,,,,,,,,,,,,,,,True
published_closed_city_scope_Киров,2002.0,2002:047_9960082a3e_02c_Kirovskaja_new.xls:Sheet1:144,Богородская,деревня,660.0,direct_published_census_value,/workspace/settlements-raw/data/raw/2002/047_9960082a3e_02c_Kirovskaja_new.xls,dc256b090569a40a10eb82ed809f99a6ac5891da0103394f361d5a6299202d4e,Sheet1!row_1based=144.0,True,True,False,True,True,False,atomic_NP_in_complete_published_scope,applied_complete_published_city_territorial_scope,published_complete_city_territory_scope,city_with_published_subordinates,UNKNOWN,False,False,False,False,True,False,published_closed_city_scope_Киров,2002,660.0,direct_published_census_value,/workspace/settlements-raw/data/raw/2002/047_9960082a3e_02c_Kirovskaja_new.xls,dc256b090569a40a10eb82ed809f99a6ac5891da0103394f361d5a6299202d4e,False,,,,,,,,,,,,,,,,,,,,,,,,,,,True
published_closed_city_scope_Киров,2002.0,2002:047_9960082a3e_02c_Kirovskaja_new.xls:Sheet1:145,Большая Субботиха,деревня,672.0,direct_published_census_value,/workspace/settlements-raw/data/raw/2002/047_9960082a3e_02c_Kirovskaja_new.xls,dc256b090569a40a10eb82ed809f99a6ac5891da0103394f361d5a6299202d4e,Sheet1!row_1based=145.0,True,True,False,True,True,False,atomic_NP_in_complete_published_scope,applied_complete_published_city_territorial_scope,published_complete_city_territory_scope,city_with_published_subordinates,UNKNOWN,False,False,False,False,True,False,published_closed_city_scope_Киров,2002,672.0,direct_published_census_value,/workspace/settlements-raw/data/raw/2002/047_9960082a3e_02c_Kirovskaja_new.xls,dc256b090569a40a10eb82ed809f99a6ac5891da0103394f361d5a6299202d4e,False,,,,,,,,,,,,,,,,,,,,,,,,,,,True
published_closed_city_scope_Киров,2002.0,2002:047_9960082a3e_02c_Kirovskaja_new.xls:Sheet1:146,Малая Субботиха,деревня,763.0,direct_published_census_value,/workspace/settlements-raw/data/raw/2002/047_9960082a3e_02c_Kirovskaja_new.xls,dc256b090569a40a10eb82ed809f99a6ac5891da0103394f361d5a6299202d4e,Sheet1!row_1based=146.0,True,True,False,True,True,False,atomic_NP_in_complete_published_scope,applied_complete_published_city_territorial_scope,published_complete_city_territory_scope,city_with_published_subordinates,UNKNOWN,False,False,False,False,True,False,published_closed_city_scope_Киров,2002,763.0,direct_published_census_value,/workspace/settlements-raw/data/raw/2002/047_9960082a3e_02c_Kirovskaja_new.xls,dc256b090569a40a10eb82ed809f99a6ac5891da0103394f361d5a6299202d4e,False,,,,,,,,,,,,,,,,,,,,,,,,,,,True
published_closed_city_scope_Киров,2002.0,2002:047_9960082a3e_02c_Kirovskaja_new.xls:Sheet1:147,Сидоровка,посёлок,900.0,direct_published_census_value,/workspace/settlements-raw/data/raw/2002/047_9960082a3e_02c_Kirovskaja_new.xls,dc256b090569a40a10eb82ed809f99a6ac5891da0103394f361d5a6299202d4e,Sheet1!row_1based=147.0,True,True,False,True,True,False,atomic_NP_in_complete_published_scope,applied_complete_published_city_territorial_scope,published_complete_city_territory_scope,city_with_published_subordinates,UNKNOWN,False,False,False,False,True,False,published_closed_city_scope_Киров,2002,900.0,direct_published_census_value,/workspace/settlements-raw/data/raw/2002/047_9960082a3e_02c_Kirovskaja_new.xls,dc256b090569a40a10eb82ed809f99a6ac5891da0103394f361d5a6299202d4e,False,,,,,,,,,,,,,,,,,,,,,,,,,,,True
published_closed_city_scope_Киров,2002.0,2002:047_9960082a3e_02c_Kirovskaja_new.xls:Sheet1:149,Победилово,посёлок,490.0,direct_published_census_value,/workspace/settlements-raw/data/raw/2002/047_9960082a3e_02c_Kirovskaja_new.xls,dc256b090569a40a10eb82ed809f99a6ac5891da0103394f361d5a6299202d4e,Sheet1!row_1based=149.0,True,True,False,False,False,False,atomic_NP_in_complete_published_scope,applied_complete_published_city_territorial_scope,published_complete_city_territory_scope,city_with_published_subordinates,UNKNOWN,False,False,False,False,True,False,published_closed_city_scope_Киров,2002,490.0,direct_published_census_value,/workspace/settlements-raw/data/raw/2002/047_9960082a3e_02c_Kirovskaja_new.xls,dc256b090569a40a10eb82ed809f99a6ac5891da0103394f361d5a6299202d4e,False,,,,,,,,,,,,,,,,,,,,,,,,,,,False
published_closed_city_scope_Киров,2002.0,2002:047_9960082a3e_02c_Kirovskaja_new.xls:Sheet1:15,Лянгасы,деревня,2.0,direct_published_census_value,/workspace/settlements-raw/data/raw/2002/047_9960082a3e_02c_Kirovskaja_new.xls,dc256b090569a40a10eb82ed809f99a6ac5891da0103394f361d5a6299202d4e,Sheet1!row_1based=15.0,True,True,False,True,True,False,atomic_NP_in_complete_published_scope,applied_complete_published_city_territorial_scope,published_complete_city_territory_scope,city_with_published_subordinates,UNKNOWN,False,False,False,False,True,False,published_closed_city_scope_Киров,2002,2.0,direct_published_census_value,/workspace/settlements-raw/data/raw/2002/047_9960082a3e_02c_Kirovskaja_new.xls,dc256b090569a40a10eb82ed809f99a6ac5891da0103394f361d5a6299202d4e,False,,,,,,,,,,,,,,,,,,,,,,,,,,,True
published_closed_city_scope_Киров,2002.0,2002:047_9960082a3e_02c_Kirovskaja_new.xls:Sheet1:151,Иунинцы,деревня,201.0,direct_published_census_value,/workspace/settlements-raw/data/raw/2002/047_9960082a3e_02c_Kirovskaja_new.xls,dc256b090569a40a10eb82ed809f99a6ac5891da0103394f361d5a6299202d4e,Sheet1!row_1based=151.0,True,True,False,True,True,False,atomic_NP_in_complete_published_scope,applied_complete_published_city_territorial_scope,published_complete_city_territory_scope,city_with_published_subordinates,UNKNOWN,False,False,False,False,True,False,published_closed_city_scope_Киров,2002,201.0,direct_published_census_value,/workspace/settlements-raw/data/raw/2002/047_9960082a3e_02c_Kirovskaja_new.xls,dc256b090569a40a10eb82ed809f99a6ac5891da0103394f361d5a6299202d4e,False,,,,,,,,,,,,,,,,,,,,,,,,,,,True
published_closed_city_scope_Киров,2002.0,2002:047_9960082a3e_02c_Kirovskaja_new.xls:Sheet1:16,Машкины,деревня,6.0,direct_published_census_value,/workspace/settlements-raw/data/raw/2002/047_9960082a3e_02c_Kirovskaja_new.xls,dc256b090569a40a10eb82ed809f99a6ac5891da0103394f361d5a6299202d4e,Sheet1!row_1based=16.0,True,True,False,False,False,False,atomic_NP_in_complete_published_scope,applied_complete_published_city_territorial_scope,published_complete_city_territory_scope,city_with_published_subordinates,UNKNOWN,False,False,False,False,True,False,published_closed_city_scope_Киров,2002,6.0,direct_published_census_value,/workspace/settlements-raw/data/raw/2002/047_9960082a3e_02c_Kirovskaja_new.xls,dc256b090569a40a10eb82ed809f99a6ac5891da0103394f361d5a6299202d4e,False,,,,,,,,,,,,,,,,,,,,,,,,,,,False
published_closed_city_scope_Киров,2002.0,2002:047_9960082a3e_02c_Kirovskaja_new.xls:Sheet1:17,Новалихинский,починок,21.0,direct_published_census_value,/workspace/settlements-raw/data/raw/2002/047_9960082a3e_02c_Kirovskaja_new.xls,dc256b090569a40a10eb82ed809f99a6ac5891da0103394f361d5a6299202d4e,Sheet1!row_1based=17.0,True,True,False,True,True,False,atomic_NP_in_complete_published_scope,applied_complete_published_city_territorial_scope,published_complete_city_territory_scope,city_with_published_subordinates,UNKNOWN,False,False,False,False,True,False,published_closed_city_scope_Киров,2002,21.0,direct_published_census_value,/workspace/settlements-raw/data/raw/2002/047_9960082a3e_02c_Kirovskaja_new.xls,dc256b090569a40a10eb82ed809f99a6ac5891da0103394f361d5a6299202d4e,False,,,,,,,,,,,,,,,,,,,,,,,,,,,True
published_closed_city_scope_Киров,2002.0,2002:047_9960082a3e_02c_Kirovskaja_new.xls:Sheet1:18,Нижнее Скопино,деревня,5.0,direct_published_census_value,/workspace/settlements-raw/data/raw/2002/047_9960082a3e_02c_Kirovskaja_new.xls,dc256b090569a40a10eb82ed809f99a6ac5891da0103394f361d5a6299202d4e,Sheet1!row_1based=18.0,True,True,False,True,True,False,atomic_NP_in_complete_published_scope,applied_complete_published_city_territorial_scope,published_complete_city_territory_scope,city_with_published_subordinates,UNKNOWN,False,False,False,False,True,False,published_closed_city_scope_Киров,2002,5.0,direct_published_census_value,/workspace/settlements-raw/data/raw/2002/047_9960082a3e_02c_Kirovskaja_new.xls,dc256b090569a40a10eb82ed809f99a6ac5891da0103394f361d5a6299202d4e,False,,,,,,,,,,,,,,,,,,,,,,,,,,,True
published_closed_city_scope_Киров,2002.0,2002:047_9960082a3e_02c_Kirovskaja_new.xls:Sheet1:19,Прохоровцы,деревня,2.0,direct_published_census_value,/workspace/settlements-raw/data/raw/2002/047_9960082a3e_02c_Kirovskaja_new.xls,dc256b090569a40a10eb82ed809f99a6ac5891da0103394f361d5a6299202d4e,Sheet1!row_1based=19.0,True,True,False,True,True,False,atomic_NP_in_complete_published_scope,applied_complete_published_city_territorial_scope,published_complete_city_territory_scope,city_with_published_subordinates,UNKNOWN,False,False,False,False,True,False,published_closed_city_scope_Киров,2002,2.0,direct_published_census_value,/workspace/settlements-raw/data/raw/2002/047_9960082a3e_02c_Kirovskaja_new.xls,dc256b090569a40a10eb82ed809f99a6ac5891da0103394f361d5a6299202d4e,False,,,,,,,,,,,,,,,,,,,,,,,,,,,True
published_closed_city_scope_Киров,2002.0,2002:047_9960082a3e_02c_Kirovskaja_new.xls:Sheet1:20,Рубцы,деревня,7.0,direct_published_census_value,/workspace/settlements-raw/data/raw/2002/047_9960082a3e_02c_Kirovskaja_new.xls,dc256b090569a40a10eb82ed809f99a6ac5891da0103394f361d5a6299202d4e,Sheet1!row_1based=20.0,True,True,False,True,True,False,atomic_NP_in_complete_published_scope,applied_complete_published_city_territorial_scope,published_complete_city_territory_scope,city_with_published_subordinates,UNKNOWN,False,False,False,False,True,False,published_closed_city_scope_Киров,2002,7.0,direct_published_census_value,/workspace/settlements-raw/data/raw/2002/047_9960082a3e_02c_Kirovskaja_new.xls,dc256b090569a40a10eb82ed809f99a6ac5891da0103394f361d5a6299202d4e,False,,,,,,,,,,,,,,,,,,,,,,,,,,,True
published_closed_city_scope_Киров,2002.0,2002:047_9960082a3e_02c_Kirovskaja_new.xls:Sheet1:21,Соски,деревня,0.0,direct_published_census_value,/workspace/settlements-raw/data/raw/2002/047_9960082a3e_02c_Kirovskaja_new.xls,dc256b090569a40a10eb82ed809f99a6ac5891da0103394f361d5a6299202d4e,Sheet1!row_1based=21.0,True,True,False,True,True,False,atomic_NP_in_complete_published_scope,applied_complete_published_city_territorial_scope,published_complete_city_territory_scope,city_with_published_subordinates,UNKNOWN,False,False,False,False,True,False,published_closed_city_scope_Киров,2002,0.0,direct_published_census_value,/workspace/settlements-raw/data/raw/2002/047_9960082a3e_02c_Kirovskaja_new.xls,dc256b090569a40a10eb82ed809f99a6ac5891da0103394f361d5a6299202d4e,False,,,,,,,,,,,,,,,,,,,,,,,,,,,True
published_closed_city_scope_Киров,2002.0,2002:047_9960082a3e_02c_Kirovskaja_new.xls:Sheet1:22,Счастливцевы,деревня,0.0,direct_published_census_value,/workspace/settlements-raw/data/raw/2002/047_9960082a3e_02c_Kirovskaja_new.xls,dc256b090569a40a10eb82ed809f99a6ac5891da0103394f361d5a6299202d4e,Sheet1!row_1based=22.0,True,True,False,True,True,False,atomic_NP_in_complete_published_scope,applied_complete_published_city_territorial_scope,published_complete_city_territory_scope,city_with_published_subordinates,UNKNOWN,False,False,False,False,True,False,published_closed_city_scope_Киров,2002,0.0,direct_published_census_value,/workspace/settlements-raw/data/raw/2002/047_9960082a3e_02c_Kirovskaja_new.xls,dc256b090569a40a10eb82ed809f99a6ac5891da0103394f361d5a6299202d4e,False,,,,,,,,,,,,,,,,,,,,,,,,,,,True
published_closed_city_scope_Киров,2002.0,2002:047_9960082a3e_02c_Kirovskaja_new.xls:Sheet1:23,Томиловы,деревня,3.0,direct_published_census_value,/workspace/settlements-raw/data/raw/2002/047_9960082a3e_02c_Kirovskaja_new.xls,dc256b090569a40a10eb82ed809f99a6ac5891da0103394f361d5a6299202d4e,Sheet1!row_1based=23.0,True,True,False,True,True,False,atomic_NP_in_complete_published_scope,applied_complete_published_city_territorial_scope,published_complete_city_territory_scope,city_with_published_subordinates,UNKNOWN,False,False,False,False,True,False,published_closed_city_scope_Киров,2002,3.0,direct_published_census_value,/workspace/settlements-raw/data/raw/2002/047_9960082a3e_02c_Kirovskaja_new.xls,dc256b090569a40a10eb82ed809f99a6ac5891da0103394f361d5a6299202d4e,False,,,,,,,,,,,,,,,,,,,,,,,,,,,True
published_closed_city_scope_Киров,2002.0,2002:047_9960082a3e_02c_Kirovskaja_new.xls:Sheet1:24,Чернядьевы,деревня,5.0,direct_published_census_value,/workspace/settlements-raw/data/raw/2002/047_9960082a3e_02c_Kirovskaja_new.xls,dc256b090569a40a10eb82ed809f99a6ac5891da0103394f361d5a6299202d4e,Sheet1!row_1based=24.0,True,True,False,True,True,False,atomic_NP_in_complete_published_scope,applied_complete_published_city_territorial_scope,published_complete_city_territory_scope,city_with_published_subordinates,UNKNOWN,False,False,False,False,True,False,published_closed_city_scope_Киров,2002,5.0,direct_published_census_value,/workspace/settlements-raw/data/raw/2002/047_9960082a3e_02c_Kirovskaja_new.xls,dc256b090569a40a10eb82ed809f99a6ac5891da0103394f361d5a6299202d4e,False,,,,,,,,,,,,,,,,,,,,,,,,,,,True
published_closed_city_scope_Киров,2002.0,2002:047_9960082a3e_02c_Kirovskaja_new.xls:Sheet1:25,Чухломинский,железнодорожный объект,28.0,direct_published_census_value,/workspace/settlements-raw/data/raw/2002/047_9960082a3e_02c_Kirovskaja_new.xls,dc256b090569a40a10eb82ed809f99a6ac5891da0103394f361d5a6299202d4e,Sheet1!row_1based=25.0,True,True,False,True,True,False,atomic_NP_in_complete_published_scope,applied_complete_published_city_territorial_scope,published_complete_city_territory_scope,city_with_published_subordinates,UNKNOWN,False,False,False,False,True,False,published_closed_city_scope_Киров,2002,28.0,direct_published_census_value,/workspace/settlements-raw/data/raw/2002/047_9960082a3e_02c_Kirovskaja_new.xls,dc256b090569a40a10eb82ed809f99a6ac5891da0103394f361d5a6299202d4e,False,,,,,,,,,,,,,,,,,,,,,,,,,,,True
published_closed_city_scope_Киров,2002.0,2002:047_9960082a3e_02c_Kirovskaja_new.xls:Sheet1:26,Шипеловы,деревня,0.0,direct_published_census_value,/workspace/settlements-raw/data/raw/2002/047_9960082a3e_02c_Kirovskaja_new.xls,dc256b090569a40a10eb82ed809f99a6ac5891da0103394f361d5a6299202d4e,Sheet1!row_1based=26.0,True,True,False,True,True,False,atomic_NP_in_complete_published_scope,applied_complete_published_city_territorial_scope,published_complete_city_territory_scope,city_with_published_subordinates,UNKNOWN,False,False,False,False,True,False,published_closed_city_scope_Киров,2002,0.0,direct_published_census_value,/workspace/settlements-raw/data/raw/2002/047_9960082a3e_02c_Kirovskaja_new.xls,dc256b090569a40a10eb82ed809f99a6ac5891da0103394f361d5a6299202d4e,False,,,,,,,,,,,,,,,,,,,,,,,,,,,True
published_closed_city_scope_Киров,2002.0,2002:047_9960082a3e_02c_Kirovskaja_new.xls:Sheet1:27,Чучи,деревня,11.0,direct_published_census_value,/workspace/settlements-raw/data/raw/2002/047_9960082a3e_02c_Kirovskaja_new.xls,dc256b090569a40a10eb82ed809f99a6ac5891da0103394f361d5a6299202d4e,Sheet1!row_1based=27.0,True,True,False,True,True,False,atomic_NP_in_complete_published_scope,applied_complete_published_city_territorial_scope,published_complete_city_territory_scope,city_with_published_subordinates,UNKNOWN,False,False,False,False,True,False,published_closed_city_scope_Киров,2002,11.0,direct_published_census_value,/workspace/settlements-raw/data/raw/2002/047_9960082a3e_02c_Kirovskaja_new.xls,dc256b090569a40a10eb82ed809f99a6ac5891da0103394f361d5a6299202d4e,False,,,,,,,,,,,,,,,,,,,,,,,,,,,True
published_closed_city_scope_Киров,2002.0,2002:047_9960082a3e_02c_Kirovskaja_new.xls:Sheet1:28,Кирины,деревня,0.0,direct_published_census_value,/workspace/settlements-raw/data/raw/2002/047_9960082a3e_02c_Kirovskaja_new.xls,dc256b090569a40a10eb82ed809f99a6ac5891da0103394f361d5a6299202d4e,Sheet1!row_1based=28.0,True,True,False,True,True,False,atomic_NP_in_complete_published_scope,applied_complete_published_city_territorial_scope,published_complete_city_territory_scope,city_with_published_subordinates,UNKNOWN,False,False,False,False,True,False,published_closed_city_scope_Киров,2002,0.0,direct_published_census_value,/workspace/settlements-raw/data/raw/2002/047_9960082a3e_02c_Kirovskaja_new.xls,dc256b090569a40a10eb82ed809f99a6ac5891da0103394f361d5a6299202d4e,False,,,,,,,,,,,,,,,,,,,,,,,,,,,True
published_closed_city_scope_Киров,2002.0,2002:047_9960082a3e_02c_Kirovskaja_new.xls:Sheet1:29,Меркуши,деревня,2.0,direct_published_census_value,/workspace/settlements-raw/data/raw/2002/047_9960082a3e_02c_Kirovskaja_new.xls,dc256b090569a40a10eb82ed809f99a6ac5891da0103394f361d5a6299202d4e,Sheet1!row_1based=29.0,True,True,False,False,False,False,atomic_NP_in_complete_published_scope,applied_complete_published_city_territorial_scope,published_complete_city_territory_scope,city_with_published_subordinates,UNKNOWN,False,False,False,False,True,False,published_closed_city_scope_Киров,2002,2.0,direct_published_census_value,/workspace/settlements-raw/data/raw/2002/047_9960082a3e_02c_Kirovskaja_new.xls,dc256b090569a40a10eb82ed809f99a6ac5891da0103394f361d5a6299202d4e,False,,,,,,,,,,,,,,,,,,,,,,,,,,,False
published_closed_city_scope_Киров,2002.0,2002:047_9960082a3e_02c_Kirovskaja_new.xls:Sheet1:30,Катковы,деревня,66.0,direct_published_census_value,/workspace/settlements-raw/data/raw/2002/047_9960082a3e_02c_Kirovskaja_new.xls,dc256b090569a40a10eb82ed809f99a6ac5891da0103394f361d5a6299202d4e,Sheet1!row_1based=30.0,True,True,False,True,True,False,atomic_NP_in_complete_published_scope,applied_complete_published_city_territorial_scope,published_complete_city_territory_scope,city_with_published_subordinates,UNKNOWN,False,False,False,False,True,False,published_closed_city_scope_Киров,2002,66.0,direct_published_census_value,/workspace/settlements-raw/data/raw/2002/047_9960082a3e_02c_Kirovskaja_new.xls,dc256b090569a40a10eb82ed809f99a6ac5891da0103394f361d5a6299202d4e,False,,,,,,,,,,,,,,,,,,,,,,,,,,,True
published_closed_city_scope_Киров,2002.0,2002:047_9960082a3e_02c_Kirovskaja_new.xls:Sheet1:31,Сиухино,деревня,7.0,direct_published_census_value,/workspace/settlements-raw/data/raw/2002/047_9960082a3e_02c_Kirovskaja_new.xls,dc256b090569a40a10eb82ed809f99a6ac5891da0103394f361d5a6299202d4e,Sheet1!row_1based=31.0,True,True,False,True,True,False,atomic_NP_in_complete_published_scope,applied_complete_published_city_territorial_scope,published_complete_city_territory_scope,city_with_published_subordinates,UNKNOWN,False,False,False,False,True,False,published_closed_city_scope_Киров,2002,7.0,direct_published_census_value,/workspace/settlements-raw/data/raw/2002/047_9960082a3e_02c_Kirovskaja_new.xls,dc256b090569a40a10eb82ed809f99a6ac5891da0103394f361d5a6299202d4e,False,,,,,,,,,,,,,,,,,,,,,,,,,,,True
published_closed_city_scope_Киров,2002.0,2002:047_9960082a3e_02c_Kirovskaja_new.xls:Sheet1:32,Чуркино,деревня,37.0,direct_published_census_value,/workspace/settlements-raw/data/raw/2002/047_9960082a3e_02c_Kirovskaja_new.xls,dc256b090569a40a10eb82ed809f99a6ac5891da0103394f361d5a6299202d4e,Sheet1!row_1based=32.0,True,True,False,True,True,False,atomic_NP_in_complete_published_scope,applied_complete_published_city_territorial_scope,published_complete_city_territory_scope,city_with_published_subordinates,UNKNOWN,False,False,False,False,True,False,published_closed_city_scope_Киров,2002,37.0,direct_published_census_value,/workspace/settlements-raw/data/raw/2002/047_9960082a3e_02c_Kirovskaja_new.xls,dc256b090569a40a10eb82ed809f99a6ac5891da0103394f361d5a6299202d4e,False,,,,,,,,,,,,,,,,,,,,,,,,,,,True
published_closed_city_scope_Киров,2002.0,2002:047_9960082a3e_02c_Kirovskaja_new.xls:Sheet1:34,Захарищевы,посёлок,930.0,direct_published_census_value,/workspace/settlements-raw/data/raw/2002/047_9960082a3e_02c_Kirovskaja_new.xls,dc256b090569a40a10eb82ed809f99a6ac5891da0103394f361d5a6299202d4e,Sheet1!row_1based=34.0,True,True,False,True,True,False,atomic_NP_in_complete_published_scope,applied_complete_published_city_territorial_scope,published_complete_city_territory_scope,city_with_published_subordinates,UNKNOWN,False,False,False,False,True,False,published_closed_city_scope_Киров,2002,930.0,direct_published_census_value,/workspace/settlements-raw/data/raw/2002/047_9960082a3e_02c_Kirovskaja_new.xls,dc256b090569a40a10eb82ed809f99a6ac5891da0103394f361d5a6299202d4e,False,,,,,,,,,,,,,,,,,,,,,,,,,,,True
published_closed_city_scope_Киров,2002.0,2002:047_9960082a3e_02c_Kirovskaja_new.xls:Sheet1:35,Воронье,деревня,28.0,direct_published_census_value,/workspace/settlements-raw/data/raw/2002/047_9960082a3e_02c_Kirovskaja_new.xls,dc256b090569a40a10eb82ed809f99a6ac5891da0103394f361d5a6299202d4e,Sheet1!row_1based=35.0,True,True,False,False,False,False,atomic_NP_in_complete_published_scope,applied_complete_published_city_territorial_scope,published_complete_city_territory_scope,city_with_published_subordinates,UNKNOWN,False,False,False,False,True,False,published_closed_city_scope_Киров,2002,28.0,direct_published_census_value,/workspace/settlements-raw/data/raw/2002/047_9960082a3e_02c_Kirovskaja_new.xls,dc256b090569a40a10eb82ed809f99a6ac5891da0103394f361d5a6299202d4e,False,,,,,,,,,,,,,,,,,,,,,,,,,,,False
published_closed_city_scope_Киров,2002.0,2002:047_9960082a3e_02c_Kirovskaja_new.xls:Sheet1:36,932 км,железнодорожный объект,2.0,direct_published_census_value,/workspace/settlements-raw/data/raw/2002/047_9960082a3e_02c_Kirovskaja_new.xls,dc256b090569a40a10eb82ed809f99a6ac5891da0103394f361d5a6299202d4e,Sheet1!row_1based=36.0,True,True,False,False,False,False,atomic_NP_in_complete_published_scope,applied_complete_published_city_territorial_scope,published_complete_city_territory_scope,city_with_published_subordinates,UNKNOWN,False,False,False,False,True,False,published_closed_city_scope_Киров,2002,2.0,direct_published_census_value,/workspace/settlements-raw/data/raw/2002/047_9960082a3e_02c_Kirovskaja_new.xls,dc256b090569a40a10eb82ed809f99a6ac5891da0103394f361d5a6299202d4e,False,,,,,,,,,,,,,,,,,,,,,,,,,,,False
published_closed_city_scope_Киров,2002.0,2002:047_9960082a3e_02c_Kirovskaja_new.xls:Sheet1:37,Кисели,деревня,1.0,direct_published_census_value,/workspace/settlements-raw/data/raw/2002/047_9960082a3e_02c_Kirovskaja_new.xls,dc256b090569a40a10eb82ed809f99a6ac5891da0103394f361d5a6299202d4e,Sheet1!row_1based=37.0,True,True,False,False,False,False,atomic_NP_in_complete_published_scope,applied_complete_published_city_territorial_scope,published_complete_city_territory_scope,city_with_published_subordinates,UNKNOWN,False,False,False,False,True,False,published_closed_city_scope_Киров,2002,1.0,direct_published_census_value,/workspace/settlements-raw/data/raw/2002/047_9960082a3e_02c_Kirovskaja_new.xls,dc256b090569a40a10eb82ed809f99a6ac5891da0103394f361d5a6299202d4e,False,,,,,,,,,,,,,,,,,,,,,,,,,,,False
published_closed_city_scope_Киров,2002.0,2002:047_9960082a3e_02c_Kirovskaja_new.xls:Sheet1:38,Сарбаи,деревня,0.0,direct_published_census_value,/workspace/settlements-raw/data/raw/2002/047_9960082a3e_02c_Kirovskaja_new.xls,dc256b090569a40a10eb82ed809f99a6ac5891da0103394f361d5a6299202d4e,Sheet1!row_1based=38.0,True,True,False,True,True,False,atomic_NP_in_complete_published_scope,applied_complete_published_city_territorial_scope,published_complete_city_territory_scope,city_with_published_subordinates,UNKNOWN,False,False,False,False,True,False,published_closed_city_scope_Киров,2002,0.0,direct_published_census_value,/workspace/settlements-raw/data/raw/2002/047_9960082a3e_02c_Kirovskaja_new.xls,dc256b090569a40a10eb82ed809f99a6ac5891da0103394f361d5a6299202d4e,False,,,,,,,,,,,,,,,,,,,,,,,,,,,True
published_closed_city_scope_Киров,2002.0,2002:047_9960082a3e_02c_Kirovskaja_new.xls:Sheet1:39,Цепели,деревня,24.0,direct_published_census_value,/workspace/settlements-raw/data/raw/2002/047_9960082a3e_02c_Kirovskaja_new.xls,dc256b090569a40a10eb82ed809f99a6ac5891da0103394f361d5a6299202d4e,Sheet1!row_1based=39.0,True,True,False,False,False,False,atomic_NP_in_complete_published_scope,applied_complete_published_city_territorial_scope,published_complete_city_territory_scope,city_with_published_subordinates,UNKNOWN,False,False,False,False,True,False,published_closed_city_scope_Киров,2002,24.0,direct_published_census_value,/workspace/settlements-raw/data/raw/2002/047_9960082a3e_02c_Kirovskaja_new.xls,dc256b090569a40a10eb82ed809f99a6ac5891da0103394f361d5a6299202d4e,False,,,,,,,,,,,,,,,,,,,,,,,,,,,False
published_closed_city_scope_Киров,2002.0,2002:047_9960082a3e_02c_Kirovskaja_new.xls:Sheet1:40,Югрино,деревня,63.0,direct_published_census_value,/workspace/settlements-raw/data/raw/2002/047_9960082a3e_02c_Kirovskaja_new.xls,dc256b090569a40a10eb82ed809f99a6ac5891da0103394f361d5a6299202d4e,Sheet1!row_1based=40.0,True,True,False,True,True,False,atomic_NP_in_complete_published_scope,applied_complete_published_city_territorial_scope,published_complete_city_territory_scope,city_with_published_subordinates,UNKNOWN,False,False,False,False,True,False,published_closed_city_scope_Киров,2002,63.0,direct_published_census_value,/workspace/settlements-raw/data/raw/2002/047_9960082a3e_02c_Kirovskaja_new.xls,dc256b090569a40a10eb82ed809f99a6ac5891da0103394f361d5a6299202d4e,False,,,,,,,,,,,,,,,,,,,,,,,,,,,True
published_closed_city_scope_Киров,2002.0,2002:047_9960082a3e_02c_Kirovskaja_new.xls:Sheet1:42,Чистые Пруды,посёлок,1190.0,direct_published_census_value,/workspace/settlements-raw/data/raw/2002/047_9960082a3e_02c_Kirovskaja_new.xls,dc256b090569a40a10eb82ed809f99a6ac5891da0103394f361d5a6299202d4e,Sheet1!row_1based=42.0,True,True,False,True,True,False,atomic_NP_in_complete_published_scope,applied_complete_published_city_territorial_scope,published_complete_city_territory_scope,city_with_published_subordinates,UNKNOWN,False,False,False,False,True,False,published_closed_city_scope_Киров,2002,1190.0,direct_published_census_value,/workspace/settlements-raw/data/raw/2002/047_9960082a3e_02c_Kirovskaja_new.xls,dc256b090569a40a10eb82ed809f99a6ac5891da0103394f361d5a6299202d4e,False,,,,,,,,,,,,,,,,,,,,,,,,,,,True
published_closed_city_scope_Киров,2002.0,2002:047_9960082a3e_02c_Kirovskaja_new.xls:Sheet1:43,Вахренки,деревня,11.0,direct_published_census_value,/workspace/settlements-raw/data/raw/2002/047_9960082a3e_02c_Kirovskaja_new.xls,dc256b090569a40a10eb82ed809f99a6ac5891da0103394f361d5a6299202d4e,Sheet1!row_1based=43.0,True,True,False,True,True,False,atomic_NP_in_complete_published_scope,applied_complete_published_city_territorial_scope,published_complete_city_territory_scope,city_with_published_subordinates,UNKNOWN,False,False,False,False,True,False,published_closed_city_scope_Киров,2002,11.0,direct_published_census_value,/workspace/settlements-raw/data/raw/2002/047_9960082a3e_02c_Kirovskaja_new.xls,dc256b090569a40a10eb82ed809f99a6ac5891da0103394f361d5a6299202d4e,False,,,,,,,,,,,,,,,,,,,,,,,,,,,True
published_closed_city_scope_Киров,2002.0,2002:047_9960082a3e_02c_Kirovskaja_new.xls:Sheet1:44,Дуркино,деревня,3.0,direct_published_census_value,/workspace/settlements-raw/data/raw/2002/047_9960082a3e_02c_Kirovskaja_new.xls,dc256b090569a40a10eb82ed809f99a6ac5891da0103394f361d5a6299202d4e,Sheet1!row_1based=44.0,True,True,False,True,True,False,atomic_NP_in_complete_published_scope,applied_complete_published_city_territorial_scope,published_complete_city_territory_scope,city_with_published_subordinates,UNKNOWN,False,False,False,False,True,False,published_closed_city_scope_Киров,2002,3.0,direct_published_census_value,/workspace/settlements-raw/data/raw/2002/047_9960082a3e_02c_Kirovskaja_new.xls,dc256b090569a40a10eb82ed809f99a6ac5891da0103394f361d5a6299202d4e,False,,,,,,,,,,,,,,,,,,,,,,,,,,,True
published_closed_city_scope_Киров,2002.0,2002:047_9960082a3e_02c_Kirovskaja_new.xls:Sheet1:45,Камешник,деревня,5.0,direct_published_census_value,/workspace/settlements-raw/data/raw/2002/047_9960082a3e_02c_Kirovskaja_new.xls,dc256b090569a40a10eb82ed809f99a6ac5891da0103394f361d5a6299202d4e,Sheet1!row_1based=45.0,True,True,False,True,True,False,atomic_NP_in_complete_published_scope,applied_complete_published_city_territorial_scope,published_complete_city_territory_scope,city_with_published_subordinates,UNKNOWN,False,False,False,False,True,False,published_closed_city_scope_Киров,2002,5.0,direct_published_census_value,/workspace/settlements-raw/data/raw/2002/047_9960082a3e_02c_Kirovskaja_new.xls,dc256b090569a40a10eb82ed809f99a6ac5891da0103394f361d5a6299202d4e,False,,,,,,,,,,,,,,,,,,,,,,,,,,,True
published_closed_city_scope_Киров,2002.0,2002:047_9960082a3e_02c_Kirovskaja_new.xls:Sheet1:46,Кропачи,деревня,1.0,direct_published_census_value,/workspace/settlements-raw/data/raw/2002/047_9960082a3e_02c_Kirovskaja_new.xls,dc256b090569a40a10eb82ed809f99a6ac5891da0103394f361d5a6299202d4e,Sheet1!row_1based=46.0,True,True,False,False,False,False,atomic_NP_in_complete_published_scope,applied_complete_published_city_territorial_scope,published_complete_city_territory_scope,city_with_published_subordinates,UNKNOWN,False,False,False,False,True,False,published_closed_city_scope_Киров,2002,1.0,direct_published_census_value,/workspace/settlements-raw/data/raw/2002/047_9960082a3e_02c_Kirovskaja_new.xls,dc256b090569a40a10eb82ed809f99a6ac5891da0103394f361d5a6299202d4e,False,,,,,,,,,,,,,,,,,,,,,,,,,,,False
published_closed_city_scope_Киров,2002.0,2002:047_9960082a3e_02c_Kirovskaja_new.xls:Sheet1:47,Кудино,деревня,4.0,direct_published_census_value,/workspace/settlements-raw/data/raw/2002/047_9960082a3e_02c_Kirovskaja_new.xls,dc256b090569a40a10eb82ed809f99a6ac5891da0103394f361d5a6299202d4e,Sheet1!row_1based=47.0,True,True,False,True,True,False,atomic_NP_in_complete_published_scope,applied_complete_published_city_territorial_scope,published_complete_city_territory_scope,city_with_published_subordinates,UNKNOWN,False,False,False,False,True,False,published_closed_city_scope_Киров,2002,4.0,direct_published_census_value,/workspace/settlements-raw/data/raw/2002/047_9960082a3e_02c_Kirovskaja_new.xls,dc256b090569a40a10eb82ed809f99a6ac5891da0103394f361d5a6299202d4e,False,,,,,,,,,,,,,,,,,,,,,,,,,,,True
published_closed_city_scope_Киров,2002.0,2002:047_9960082a3e_02c_Kirovskaja_new.xls:Sheet1:48,Ломовская,деревня,120.0,direct_published_census_value,/workspace/settlements-raw/data/raw/2002/047_9960082a3e_02c_Kirovskaja_new.xls,dc256b090569a40a10eb82ed809f99a6ac5891da0103394f361d5a6299202d4e,Sheet1!row_1based=48.0,True,True,False,True,True,False,atomic_NP_in_complete_published_scope,applied_complete_published_city_territorial_scope,published_complete_city_territory_scope,city_with_published_subordinates,UNKNOWN,False,False,False,False,True,False,published_closed_city_scope_Киров,2002,120.0,direct_published_census_value,/workspace/settlements-raw/data/raw/2002/047_9960082a3e_02c_Kirovskaja_new.xls,dc256b090569a40a10eb82ed809f99a6ac5891da0103394f361d5a6299202d4e,False,,,,,,,,,,,,,,,,,,,,,,,,,,,True
published_closed_city_scope_Киров,2002.0,2002:047_9960082a3e_02c_Kirovskaja_new.xls:Sheet1:49,Никуленки,деревня,4.0,direct_published_census_value,/workspace/settlements-raw/data/raw/2002/047_9960082a3e_02c_Kirovskaja_new.xls,dc256b090569a40a10eb82ed809f99a6ac5891da0103394f361d5a6299202d4e,Sheet1!row_1based=49.0,True,True,False,True,True,False,atomic_NP_in_complete_published_scope,applied_complete_published_city_territorial_scope,published_complete_city_territory_scope,city_with_published_subordinates,UNKNOWN,False,False,False,False,True,False,published_closed_city_scope_Киров,2002,4.0,direct_published_census_value,/workspace/settlements-raw/data/raw/2002/047_9960082a3e_02c_Kirovskaja_new.xls,dc256b090569a40a10eb82ed809f99a6ac5891da0103394f361d5a6299202d4e,False,,,,,,,,,,,,,,,,,,,,,,,,,,,True
published_closed_city_scope_Киров,2002.0,2002:047_9960082a3e_02c_Kirovskaja_new.xls:Sheet1:5,Дороничи,посёлок,2048.0,direct_published_census_value,/workspace/settlements-raw/data/raw/2002/047_9960082a3e_02c_Kirovskaja_new.xls,dc256b090569a40a10eb82ed809f99a6ac5891da0103394f361d5a6299202d4e,Sheet1!row_1based=5.0,True,True,False,True,True,False,atomic_NP_in_complete_published_scope,applied_complete_published_city_territorial_scope,published_complete_city_territory_scope,city_with_published_subordinates,UNKNOWN,False,False,False,False,True,False,published_closed_city_scope_Киров,2002,2048.0,direct_published_census_value,/workspace/settlements-raw/data/raw/2002/047_9960082a3e_02c_Kirovskaja_new.xls,dc256b090569a40a10eb82ed809f99a6ac5891da0103394f361d5a6299202d4e,False,,,,,,,,,,,,,,,,,,,,,,,,,,,True
published_closed_city_scope_Киров,2002.0,2002:047_9960082a3e_02c_Kirovskaja_new.xls:Sheet1:50,Полевщина,деревня,9.0,direct_published_census_value,/workspace/settlements-raw/data/raw/2002/047_9960082a3e_02c_Kirovskaja_new.xls,dc256b090569a40a10eb82ed809f99a6ac5891da0103394f361d5a6299202d4e,Sheet1!row_1based=50.0,True,True,False,True,True,False,atomic_NP_in_complete_published_scope,applied_complete_published_city_territorial_scope,published_complete_city_territory_scope,city_with_published_subordinates,UNKNOWN,False,False,False,False,True,False,published_closed_city_scope_Киров,2002,9.0,direct_published_census_value,/workspace/settlements-raw/data/raw/2002/047_9960082a3e_02c_Kirovskaja_new.xls,dc256b090569a40a10eb82ed809f99a6ac5891da0103394f361d5a6299202d4e,False,,,,,,,,,,,,,,,,,,,,,,,,,,,True
published_closed_city_scope_Киров,2002.0,2002:047_9960082a3e_02c_Kirovskaja_new.xls:Sheet1:51,Пеньково,деревня,32.0,direct_published_census_value,/workspace/settlements-raw/data/raw/2002/047_9960082a3e_02c_Kirovskaja_new.xls,dc256b090569a40a10eb82ed809f99a6ac5891da0103394f361d5a6299202d4e,Sheet1!row_1based=51.0,True,True,False,True,True,False,atomic_NP_in_complete_published_scope,applied_complete_published_city_territorial_scope,published_complete_city_territory_scope,city_with_published_subordinates,UNKNOWN,False,False,False,False,True,False,published_closed_city_scope_Киров,2002,32.0,direct_published_census_value,/workspace/settlements-raw/data/raw/2002/047_9960082a3e_02c_Kirovskaja_new.xls,dc256b090569a40a10eb82ed809f99a6ac5891da0103394f361d5a6299202d4e,False,,,,,,,,,,,,,,,,,,,,,,,,,,,True
published_closed_city_scope_Киров,2002.0,2002:047_9960082a3e_02c_Kirovskaja_new.xls:Sheet1:52,Русское,деревня,0.0,direct_published_census_value,/workspace/settlements-raw/data/raw/2002/047_9960082a3e_02c_Kirovskaja_new.xls,dc256b090569a40a10eb82ed809f99a6ac5891da0103394f361d5a6299202d4e,Sheet1!row_1based=52.0,True,True,False,False,True,False,atomic_NP_in_complete_published_scope,applied_complete_published_city_territorial_scope,published_complete_city_territory_scope,city_with_published_subordinates,UNKNOWN,False,False,False,False,True,False,published_closed_city_scope_Киров,2002,0.0,direct_published_census_value,/workspace/settlements-raw/data/raw/2002/047_9960082a3e_02c_Kirovskaja_new.xls,dc256b090569a40a10eb82ed809f99a6ac5891da0103394f361d5a6299202d4e,False,,,,,,,,,,,,,,,,,,,,,,,,,,,False
published_closed_city_scope_Киров,2002.0,2002:047_9960082a3e_02c_Kirovskaja_new.xls:Sheet1:53,Сватково,деревня,7.0,direct_published_census_value,/workspace/settlements-raw/data/raw/2002/047_9960082a3e_02c_Kirovskaja_new.xls,dc256b090569a40a10eb82ed809f99a6ac5891da0103394f361d5a6299202d4e,Sheet1!row_1based=53.0,True,True,False,True,True,False,atomic_NP_in_complete_published_scope,applied_complete_published_city_territorial_scope,published_complete_city_territory_scope,city_with_published_subordinates,UNKNOWN,False,False,False,False,True,False,published_closed_city_scope_Киров,2002,7.0,direct_published_census_value,/workspace/settlements-raw/data/raw/2002/047_9960082a3e_02c_Kirovskaja_new.xls,dc256b090569a40a10eb82ed809f99a6ac5891da0103394f361d5a6299202d4e,False,,,,,,,,,,,,,,,,,,,,,,,,,,,True
published_closed_city_scope_Киров,2002.0,2002:047_9960082a3e_02c_Kirovskaja_new.xls:Sheet1:54,Шустовы,деревня,7.0,direct_published_census_value,/workspace/settlements-raw/data/raw/2002/047_9960082a3e_02c_Kirovskaja_new.xls,dc256b090569a40a10eb82ed809f99a6ac5891da0103394f361d5a6299202d4e,Sheet1!row_1based=54.0,True,True,False,False,False,False,atomic_NP_in_complete_published_scope,applied_complete_published_city_territorial_scope,published_complete_city_territory_scope,city_with_published_subordinates,UNKNOWN,False,False,False,False,True,False,published_closed_city_scope_Киров,2002,7.0,direct_published_census_value,/workspace/settlements-raw/data/raw/2002/047_9960082a3e_02c_Kirovskaja_new.xls,dc256b090569a40a10eb82ed809f99a6ac5891da0103394f361d5a6299202d4e,False,,,,,,,,,,,,,,,,,,,,,,,,,,,False
published_closed_city_scope_Киров,2002.0,2002:047_9960082a3e_02c_Kirovskaja_new.xls:Sheet1:55,Шкляевская,деревня,75.0,direct_published_census_value,/workspace/settlements-raw/data/raw/2002/047_9960082a3e_02c_Kirovskaja_new.xls,dc256b090569a40a10eb82ed809f99a6ac5891da0103394f361d5a6299202d4e,Sheet1!row_1based=55.0,True,True,False,True,True,False,atomic_NP_in_complete_published_scope,applied_complete_published_city_territorial_scope,published_complete_city_territory_scope,city_with_published_subordinates,UNKNOWN,False,False,False,False,True,False,published_closed_city_scope_Киров,2002,75.0,direct_published_census_value,/workspace/settlements-raw/data/raw/2002/047_9960082a3e_02c_Kirovskaja_new.xls,dc256b090569a40a10eb82ed809f99a6ac5891da0103394f361d5a6299202d4e,False,,,,,,,,,,,,,,,,,,,,,,,,,,,True
published_closed_city_scope_Киров,2002.0,2002:047_9960082a3e_02c_Kirovskaja_new.xls:Sheet1:56,Олинцы,деревня,1.0,direct_published_census_value,/workspace/settlements-raw/data/raw/2002/047_9960082a3e_02c_Kirovskaja_new.xls,dc256b090569a40a10eb82ed809f99a6ac5891da0103394f361d5a6299202d4e,Sheet1!row_1based=56.0,True,True,False,True,True,False,atomic_NP_in_complete_published_scope,applied_complete_published_city_territorial_scope,published_complete_city_territory_scope,city_with_published_subordinates,UNKNOWN,False,False,False,False,True,False,published_closed_city_scope_Киров,2002,1.0,direct_published_census_value,/workspace/settlements-raw/data/raw/2002/047_9960082a3e_02c_Kirovskaja_new.xls,dc256b090569a40a10eb82ed809f99a6ac5891da0103394f361d5a6299202d4e,False,,,,,,,,,,,,,,,,,,,,,,,,,,,True
published_closed_city_scope_Киров,2002.0,2002:047_9960082a3e_02c_Kirovskaja_new.xls:Sheet1:57,Козулинцы,деревня,2.0,direct_published_census_value,/workspace/settlements-raw/data/raw/2002/047_9960082a3e_02c_Kirovskaja_new.xls,dc256b090569a40a10eb82ed809f99a6ac5891da0103394f361d5a6299202d4e,Sheet1!row_1based=57.0,True,True,False,True,True,False,atomic_NP_in_complete_published_scope,applied_complete_published_city_territorial_scope,published_complete_city_territory_scope,city_with_published_subordinates,UNKNOWN,False,False,False,False,True,False,published_closed_city_scope_Киров,2002,2.0,direct_published_census_value,/workspace/settlements-raw/data/raw/2002/047_9960082a3e_02c_Kirovskaja_new.xls,dc256b090569a40a10eb82ed809f99a6ac5891da0103394f361d5a6299202d4e,False,,,,,,,,,,,,,,,,,,,,,,,,,,,True
published_closed_city_scope_Киров,2002.0,2002:047_9960082a3e_02c_Kirovskaja_new.xls:Sheet1:58,Дряхловщина,деревня,13.0,direct_published_census_value,/workspace/settlements-raw/data/raw/2002/047_9960082a3e_02c_Kirovskaja_new.xls,dc256b090569a40a10eb82ed809f99a6ac5891da0103394f361d5a6299202d4e,Sheet1!row_1based=58.0,True,True,False,True,True,False,atomic_NP_in_complete_published_scope,applied_complete_published_city_territorial_scope,published_complete_city_territory_scope,city_with_published_subordinates,UNKNOWN,False,False,False,False,True,False,published_closed_city_scope_Киров,2002,13.0,direct_published_census_value,/workspace/settlements-raw/data/raw/2002/047_9960082a3e_02c_Kirovskaja_new.xls,dc256b090569a40a10eb82ed809f99a6ac5891da0103394f361d5a6299202d4e,False,,,,,,,,,,,,,,,,,,,,,,,,,,,True
published_closed_city_scope_Киров,2002.0,2002:047_9960082a3e_02c_Kirovskaja_new.xls:Sheet1:59,Кобели,деревня,3.0,direct_published_census_value,/workspace/settlements-raw/data/raw/2002/047_9960082a3e_02c_Kirovskaja_new.xls,dc256b090569a40a10eb82ed809f99a6ac5891da0103394f361d5a6299202d4e,Sheet1!row_1based=59.0,True,True,False,False,False,False,atomic_NP_in_complete_published_scope,applied_complete_published_city_territorial_scope,published_complete_city_territory_scope,city_with_published_subordinates,UNKNOWN,False,False,False,False,True,False,published_closed_city_scope_Киров,2002,3.0,direct_published_census_value,/workspace/settlements-raw/data/raw/2002/047_9960082a3e_02c_Kirovskaja_new.xls,dc256b090569a40a10eb82ed809f99a6ac5891da0103394f361d5a6299202d4e,False,,,,,,,,,,,,,,,,,,,,,,,,,,,False
published_closed_city_scope_Киров,2002.0,2002:047_9960082a3e_02c_Kirovskaja_new.xls:Sheet1:6,Бобыли,деревня,2.0,direct_published_census_value,/workspace/settlements-raw/data/raw/2002/047_9960082a3e_02c_Kirovskaja_new.xls,dc256b090569a40a10eb82ed809f99a6ac5891da0103394f361d5a6299202d4e,Sheet1!row_1based=6.0,True,True,False,False,False,False,atomic_NP_in_complete_published_scope,applied_complete_published_city_territorial_scope,published_complete_city_territory_scope,city_with_published_subordinates,UNKNOWN,False,False,False,False,True,False,published_closed_city_scope_Киров,2002,2.0,direct_published_census_value,/workspace/settlements-raw/data/raw/2002/047_9960082a3e_02c_Kirovskaja_new.xls,dc256b090569a40a10eb82ed809f99a6ac5891da0103394f361d5a6299202d4e,False,,,,,,,,,,,,,,,,,,,,,,,,,,,False
published_closed_city_scope_Киров,2002.0,2002:047_9960082a3e_02c_Kirovskaja_new.xls:Sheet1:60,Седуновщина,деревня,10.0,direct_published_census_value,/workspace/settlements-raw/data/raw/2002/047_9960082a3e_02c_Kirovskaja_new.xls,dc256b090569a40a10eb82ed809f99a6ac5891da0103394f361d5a6299202d4e,Sheet1!row_1based=60.0,True,True,False,True,True,False,atomic_NP_in_complete_published_scope,applied_complete_published_city_territorial_scope,published_complete_city_territory_scope,city_with_published_subordinates,UNKNOWN,False,False,False,False,True,False,published_closed_city_scope_Киров,2002,10.0,direct_published_census_value,/workspace/settlements-raw/data/raw/2002/047_9960082a3e_02c_Kirovskaja_new.xls,dc256b090569a40a10eb82ed809f99a6ac5891da0103394f361d5a6299202d4e,False,,,,,,,,,,,,,,,,,,,,,,,,,,,True
published_closed_city_scope_Киров,2002.0,2002:047_9960082a3e_02c_Kirovskaja_new.xls:Sheet1:61,Чирки,деревня,9.0,direct_published_census_value,/workspace/settlements-raw/data/raw/2002/047_9960082a3e_02c_Kirovskaja_new.xls,dc256b090569a40a10eb82ed809f99a6ac5891da0103394f361d5a6299202d4e,Sheet1!row_1based=61.0,True,True,False,False,False,False,atomic_NP_in_complete_published_scope,applied_complete_published_city_territorial_scope,published_complete_city_territory_scope,city_with_published_subordinates,UNKNOWN,False,False,False,False,True,False,published_closed_city_scope_Киров,2002,9.0,direct_published_census_value,/workspace/settlements-raw/data/raw/2002/047_9960082a3e_02c_Kirovskaja_new.xls,dc256b090569a40a10eb82ed809f99a6ac5891da0103394f361d5a6299202d4e,False,,,,,,,,,,,,,,,,,,,,,,,,,,,False
published_closed_city_scope_Киров,2002.0,2002:047_9960082a3e_02c_Kirovskaja_new.xls:Sheet1:64,Бахта,село,1997.0,direct_published_census_value,/workspace/settlements-raw/data/raw/2002/047_9960082a3e_02c_Kirovskaja_new.xls,dc256b090569a40a10eb82ed809f99a6ac5891da0103394f361d5a6299202d4e,Sheet1!row_1based=64.0,True,True,False,True,True,False,atomic_NP_in_complete_published_scope,applied_complete_published_city_territorial_scope,published_complete_city_territory_scope,city_with_published_subordinates,UNKNOWN,False,False,False,False,True,False,published_closed_city_scope_Киров,2002,1997.0,direct_published_census_value,/workspace/settlements-raw/data/raw/2002/047_9960082a3e_02c_Kirovskaja_new.xls,dc256b090569a40a10eb82ed809f99a6ac5891da0103394f361d5a6299202d4e,False,,,,,,,,,,,,,,,,,,,,,,,,,,,True
published_closed_city_scope_Киров,2002.0,2002:047_9960082a3e_02c_Kirovskaja_new.xls:Sheet1:65,Балезинщина,деревня,69.0,direct_published_census_value,/workspace/settlements-raw/data/raw/2002/047_9960082a3e_02c_Kirovskaja_new.xls,dc256b090569a40a10eb82ed809f99a6ac5891da0103394f361d5a6299202d4e,Sheet1!row_1based=65.0,True,True,False,True,True,False,atomic_NP_in_complete_published_scope,applied_complete_published_city_territorial_scope,published_complete_city_territory_scope,city_with_published_subordinates,UNKNOWN,False,False,False,False,True,False,published_closed_city_scope_Киров,2002,69.0,direct_published_census_value,/workspace/settlements-raw/data/raw/2002/047_9960082a3e_02c_Kirovskaja_new.xls,dc256b090569a40a10eb82ed809f99a6ac5891da0103394f361d5a6299202d4e,False,,,,,,,,,,,,,,,,,,,,,,,,,,,True
published_closed_city_scope_Киров,2002.0,2002:047_9960082a3e_02c_Kirovskaja_new.xls:Sheet1:66,Барановская,деревня,0.0,direct_published_census_value,/workspace/settlements-raw/data/raw/2002/047_9960082a3e_02c_Kirovskaja_new.xls,dc256b090569a40a10eb82ed809f99a6ac5891da0103394f361d5a6299202d4e,Sheet1!row_1based=66.0,True,True,False,True,True,False,atomic_NP_in_complete_published_scope,applied_complete_published_city_territorial_scope,published_complete_city_territory_scope,city_with_published_subordinates,UNKNOWN,False,False,False,False,True,False,published_closed_city_scope_Киров,2002,0.0,direct_published_census_value,/workspace/settlements-raw/data/raw/2002/047_9960082a3e_02c_Kirovskaja_new.xls,dc256b090569a40a10eb82ed809f99a6ac5891da0103394f361d5a6299202d4e,False,,,,,,,,,,,,,,,,,,,,,,,,,,,True
published_closed_city_scope_Киров,2002.0,2002:047_9960082a3e_02c_Kirovskaja_new.xls:Sheet1:67,Быково,деревня,2.0,direct_published_census_value,/workspace/settlements-raw/data/raw/2002/047_9960082a3e_02c_Kirovskaja_new.xls,dc256b090569a40a10eb82ed809f99a6ac5891da0103394f361d5a6299202d4e,Sheet1!row_1based=67.0,True,True,False,False,False,False,atomic_NP_in_complete_published_scope,applied_complete_published_city_territorial_scope,published_complete_city_territory_scope,city_with_published_subordinates,UNKNOWN,False,False,False,False,True,False,published_closed_city_scope_Киров,2002,2.0,direct_published_census_value,/workspace/settlements-raw/data/raw/2002/047_9960082a3e_02c_Kirovskaja_new.xls,dc256b090569a40a10eb82ed809f99a6ac5891da0103394f361d5a6299202d4e,False,,,,,,,,,,,,,,,,,,,,,,,,,,,False
published_closed_city_scope_Киров,2002.0,2002:047_9960082a3e_02c_Kirovskaja_new.xls:Sheet1:68,Загоски,деревня,20.0,direct_published_census_value,/workspace/settlements-raw/data/raw/2002/047_9960082a3e_02c_Kirovskaja_new.xls,dc256b090569a40a10eb82ed809f99a6ac5891da0103394f361d5a6299202d4e,Sheet1!row_1based=68.0,True,True,False,True,True,False,atomic_NP_in_complete_published_scope,applied_complete_published_city_territorial_scope,published_complete_city_territory_scope,city_with_published_subordinates,UNKNOWN,False,False,False,False,True,False,published_closed_city_scope_Киров,2002,20.0,direct_published_census_value,/workspace/settlements-raw/data/raw/2002/047_9960082a3e_02c_Kirovskaja_new.xls,dc256b090569a40a10eb82ed809f99a6ac5891da0103394f361d5a6299202d4e,False,,,,,,,,,,,,,,,,,,,,,,,,,,,True
published_closed_city_scope_Киров,2002.0,2002:047_9960082a3e_02c_Kirovskaja_new.xls:Sheet1:69,Зубковы,деревня,0.0,direct_published_census_value,/workspace/settlements-raw/data/raw/2002/047_9960082a3e_02c_Kirovskaja_new.xls,dc256b090569a40a10eb82ed809f99a6ac5891da0103394f361d5a6299202d4e,Sheet1!row_1based=69.0,True,True,False,True,True,False,atomic_NP_in_complete_published_scope,applied_complete_published_city_territorial_scope,published_complete_city_territory_scope,city_with_published_subordinates,UNKNOWN,False,False,False,False,True,False,published_closed_city_scope_Киров,2002,0.0,direct_published_census_value,/workspace/settlements-raw/data/raw/2002/047_9960082a3e_02c_Kirovskaja_new.xls,dc256b090569a40a10eb82ed809f99a6ac5891da0103394f361d5a6299202d4e,False,,,,,,,,,,,,,,,,,,,,,,,,,,,True
published_closed_city_scope_Киров,2002.0,2002:047_9960082a3e_02c_Kirovskaja_new.xls:Sheet1:7,Бздюли,деревня,0.0,direct_published_census_value,/workspace/settlements-raw/data/raw/2002/047_9960082a3e_02c_Kirovskaja_new.xls,dc256b090569a40a10eb82ed809f99a6ac5891da0103394f361d5a6299202d4e,Sheet1!row_1based=7.0,True,True,False,True,True,False,atomic_NP_in_complete_published_scope,applied_complete_published_city_territorial_scope,published_complete_city_territory_scope,city_with_published_subordinates,UNKNOWN,False,False,False,False,True,False,published_closed_city_scope_Киров,2002,0.0,direct_published_census_value,/workspace/settlements-raw/data/raw/2002/047_9960082a3e_02c_Kirovskaja_new.xls,dc256b090569a40a10eb82ed809f99a6ac5891da0103394f361d5a6299202d4e,False,,,,,,,,,,,,,,,,,,,,,,,,,,,True
published_closed_city_scope_Киров,2002.0,2002:047_9960082a3e_02c_Kirovskaja_new.xls:Sheet1:70,Колобовщина,деревня,74.0,direct_published_census_value,/workspace/settlements-raw/data/raw/2002/047_9960082a3e_02c_Kirovskaja_new.xls,dc256b090569a40a10eb82ed809f99a6ac5891da0103394f361d5a6299202d4e,Sheet1!row_1based=70.0,True,True,False,True,True,False,atomic_NP_in_complete_published_scope,applied_complete_published_city_territorial_scope,published_complete_city_territory_scope,city_with_published_subordinates,UNKNOWN,False,False,False,False,True,False,published_closed_city_scope_Киров,2002,74.0,direct_published_census_value,/workspace/settlements-raw/data/raw/2002/047_9960082a3e_02c_Kirovskaja_new.xls,dc256b090569a40a10eb82ed809f99a6ac5891da0103394f361d5a6299202d4e,False,,,,,,,,,,,,,,,,,,,,,,,,,,,True
published_closed_city_scope_Киров,2002.0,2002:047_9960082a3e_02c_Kirovskaja_new.xls:Sheet1:71,Коробовская,деревня,2.0,direct_published_census_value,/workspace/settlements-raw/data/raw/2002/047_9960082a3e_02c_Kirovskaja_new.xls,dc256b090569a40a10eb82ed809f99a6ac5891da0103394f361d5a6299202d4e,Sheet1!row_1based=71.0,True,True,False,True,True,False,atomic_NP_in_complete_published_scope,applied_complete_published_city_territorial_scope,published_complete_city_territory_scope,city_with_published_subordinates,UNKNOWN,False,False,False,False,True,False,published_closed_city_scope_Киров,2002,2.0,direct_published_census_value,/workspace/settlements-raw/data/raw/2002/047_9960082a3e_02c_Kirovskaja_new.xls,dc256b090569a40a10eb82ed809f99a6ac5891da0103394f361d5a6299202d4e,False,,,,,,,,,,,,,,,,,,,,,,,,,,,True
published_closed_city_scope_Киров,2002.0,2002:047_9960082a3e_02c_Kirovskaja_new.xls:Sheet1:72,Репки,деревня,2.0,direct_published_census_value,/workspace/settlements-raw/data/raw/2002/047_9960082a3e_02c_Kirovskaja_new.xls,dc256b090569a40a10eb82ed809f99a6ac5891da0103394f361d5a6299202d4e,Sheet1!row_1based=72.0,True,True,False,True,True,False,atomic_NP_in_complete_published_scope,applied_complete_published_city_territorial_scope,published_complete_city_territory_scope,city_with_published_subordinates,UNKNOWN,False,False,False,False,True,False,published_closed_city_scope_Киров,2002,2.0,direct_published_census_value,/workspace/settlements-raw/data/raw/2002/047_9960082a3e_02c_Kirovskaja_new.xls,dc256b090569a40a10eb82ed809f99a6ac5891da0103394f361d5a6299202d4e,False,,,,,,,,,,,,,,,,,,,,,,,,,,,True
published_closed_city_scope_Киров,2002.0,2002:047_9960082a3e_02c_Kirovskaja_new.xls:Sheet1:73,Сосновый,посёлок,423.0,direct_published_census_value,/workspace/settlements-raw/data/raw/2002/047_9960082a3e_02c_Kirovskaja_new.xls,dc256b090569a40a10eb82ed809f99a6ac5891da0103394f361d5a6299202d4e,Sheet1!row_1based=73.0,True,True,False,True,True,False,atomic_NP_in_complete_published_scope,applied_complete_published_city_territorial_scope,published_complete_city_territory_scope,city_with_published_subordinates,UNKNOWN,False,False,False,False,True,False,published_closed_city_scope_Киров,2002,423.0,direct_published_census_value,/workspace/settlements-raw/data/raw/2002/047_9960082a3e_02c_Kirovskaja_new.xls,dc256b090569a40a10eb82ed809f99a6ac5891da0103394f361d5a6299202d4e,False,,,,,,,,,,,,,,,,,,,,,,,,,,,True
published_closed_city_scope_Киров,2002.0,2002:047_9960082a3e_02c_Kirovskaja_new.xls:Sheet1:74,Чарушины,деревня,9.0,direct_published_census_value,/workspace/settlements-raw/data/raw/2002/047_9960082a3e_02c_Kirovskaja_new.xls,dc256b090569a40a10eb82ed809f99a6ac5891da0103394f361d5a6299202d4e,Sheet1!row_1based=74.0,True,True,False,True,True,False,atomic_NP_in_complete_published_scope,applied_complete_published_city_territorial_scope,published_complete_city_territory_scope,city_with_published_subordinates,UNKNOWN,False,False,False,False,True,False,published_closed_city_scope_Киров,2002,9.0,direct_published_census_value,/workspace/settlements-raw/data/raw/2002/047_9960082a3e_02c_Kirovskaja_new.xls,dc256b090569a40a10eb82ed809f99a6ac5891da0103394f361d5a6299202d4e,False,,,,,,,,,,,,,,,,,,,,,,,,,,,True
published_closed_city_scope_Киров,2002.0,2002:047_9960082a3e_02c_Kirovskaja_new.xls:Sheet1:75,Эсауловы,деревня,20.0,direct_published_census_value,/workspace/settlements-raw/data/raw/2002/047_9960082a3e_02c_Kirovskaja_new.xls,dc256b090569a40a10eb82ed809f99a6ac5891da0103394f361d5a6299202d4e,Sheet1!row_1based=75.0,True,True,False,True,True,False,atomic_NP_in_complete_published_scope,applied_complete_published_city_territorial_scope,published_complete_city_territory_scope,city_with_published_subordinates,UNKNOWN,False,False,False,False,True,False,published_closed_city_scope_Киров,2002,20.0,direct_published_census_value,/workspace/settlements-raw/data/raw/2002/047_9960082a3e_02c_Kirovskaja_new.xls,dc256b090569a40a10eb82ed809f99a6ac5891da0103394f361d5a6299202d4e,False,,,,,,,,,,,,,,,,,,,,,,,,,,,True
published_closed_city_scope_Киров,2002.0,2002:047_9960082a3e_02c_Kirovskaja_new.xls:Sheet1:76,Ямново,деревня,6.0,direct_published_census_value,/workspace/settlements-raw/data/raw/2002/047_9960082a3e_02c_Kirovskaja_new.xls,dc256b090569a40a10eb82ed809f99a6ac5891da0103394f361d5a6299202d4e,Sheet1!row_1based=76.0,True,True,False,True,True,False,atomic_NP_in_complete_published_scope,applied_complete_published_city_territorial_scope,published_complete_city_territory_scope,city_with_published_subordinates,UNKNOWN,False,False,False,False,True,False,published_closed_city_scope_Киров,2002,6.0,direct_published_census_value,/workspace/settlements-raw/data/raw/2002/047_9960082a3e_02c_Kirovskaja_new.xls,dc256b090569a40a10eb82ed809f99a6ac5891da0103394f361d5a6299202d4e,False,,,,,,,,,,,,,,,,,,,,,,,,,,,True
published_closed_city_scope_Киров,2002.0,2002:047_9960082a3e_02c_Kirovskaja_new.xls:Sheet1:78,Костино,посёлок,3575.0,direct_published_census_value,/workspace/settlements-raw/data/raw/2002/047_9960082a3e_02c_Kirovskaja_new.xls,dc256b090569a40a10eb82ed809f99a6ac5891da0103394f361d5a6299202d4e,Sheet1!row_1based=78.0,True,True,False,True,True,False,atomic_NP_in_complete_published_scope,applied_complete_published_city_territorial_scope,published_complete_city_territory_scope,city_with_published_subordinates,UNKNOWN,False,False,False,False,True,False,published_closed_city_scope_Киров,2002,3575.0,direct_published_census_value,/workspace/settlements-raw/data/raw/2002/047_9960082a3e_02c_Kirovskaja_new.xls,dc256b090569a40a10eb82ed809f99a6ac5891da0103394f361d5a6299202d4e,False,,,,,,,,,,,,,,,,,,,,,,,,,,,True
published_closed_city_scope_Киров,2002.0,2002:047_9960082a3e_02c_Kirovskaja_new.xls:Sheet1:79,Кисели,деревня,24.0,direct_published_census_value,/workspace/settlements-raw/data/raw/2002/047_9960082a3e_02c_Kirovskaja_new.xls,dc256b090569a40a10eb82ed809f99a6ac5891da0103394f361d5a6299202d4e,Sheet1!row_1based=79.0,True,True,False,False,False,False,atomic_NP_in_complete_published_scope,applied_complete_published_city_territorial_scope,published_complete_city_territory_scope,city_with_published_subordinates,UNKNOWN,False,False,False,False,True,False,published_closed_city_scope_Киров,2002,24.0,direct_published_census_value,/workspace/settlements-raw/data/raw/2002/047_9960082a3e_02c_Kirovskaja_new.xls,dc256b090569a40a10eb82ed809f99a6ac5891da0103394f361d5a6299202d4e,False,,,,,,,,,,,,,,,,,,,,,,,,,,,False
published_closed_city_scope_Киров,2002.0,2002:047_9960082a3e_02c_Kirovskaja_new.xls:Sheet1:8,Бони,деревня,5.0,direct_published_census_value,/workspace/settlements-raw/data/raw/2002/047_9960082a3e_02c_Kirovskaja_new.xls,dc256b090569a40a10eb82ed809f99a6ac5891da0103394f361d5a6299202d4e,Sheet1!row_1based=8.0,True,True,False,True,True,False,atomic_NP_in_complete_published_scope,applied_complete_published_city_territorial_scope,published_complete_city_territory_scope,city_with_published_subordinates,UNKNOWN,False,False,False,False,True,False,published_closed_city_scope_Киров,2002,5.0,direct_published_census_value,/workspace/settlements-raw/data/raw/2002/047_9960082a3e_02c_Kirovskaja_new.xls,dc256b090569a40a10eb82ed809f99a6ac5891da0103394f361d5a6299202d4e,False,,,,,,,,,,,,,,,,,,,,,,,,,,,True
published_closed_city_scope_Киров,2002.0,2002:047_9960082a3e_02c_Kirovskaja_new.xls:Sheet1:80,Большие Кушовы,деревня,21.0,direct_published_census_value,/workspace/settlements-raw/data/raw/2002/047_9960082a3e_02c_Kirovskaja_new.xls,dc256b090569a40a10eb82ed809f99a6ac5891da0103394f361d5a6299202d4e,Sheet1!row_1based=80.0,True,True,False,True,True,False,atomic_NP_in_complete_published_scope,applied_complete_published_city_territorial_scope,published_complete_city_territory_scope,city_with_published_subordinates,UNKNOWN,False,False,False,False,True,False,published_closed_city_scope_Киров,2002,21.0,direct_published_census_value,/workspace/settlements-raw/data/raw/2002/047_9960082a3e_02c_Kirovskaja_new.xls,dc256b090569a40a10eb82ed809f99a6ac5891da0103394f361d5a6299202d4e,False,,,,,,,,,,,,,,,,,,,,,,,,,,,True
published_closed_city_scope_Киров,2002.0,2002:047_9960082a3e_02c_Kirovskaja_new.xls:Sheet1:81,Гуси,деревня,19.0,direct_published_census_value,/workspace/settlements-raw/data/raw/2002/047_9960082a3e_02c_Kirovskaja_new.xls,dc256b090569a40a10eb82ed809f99a6ac5891da0103394f361d5a6299202d4e,Sheet1!row_1based=81.0,True,True,False,True,True,False,atomic_NP_in_complete_published_scope,applied_complete_published_city_territorial_scope,published_complete_city_territory_scope,city_with_published_subordinates,UNKNOWN,False,False,False,False,True,False,published_closed_city_scope_Киров,2002,19.0,direct_published_census_value,/workspace/settlements-raw/data/raw/2002/047_9960082a3e_02c_Kirovskaja_new.xls,dc256b090569a40a10eb82ed809f99a6ac5891da0103394f361d5a6299202d4e,False,,,,,,,,,,,,,,,,,,,,,,,,,,,True
published_closed_city_scope_Киров,2002.0,2002:047_9960082a3e_02c_Kirovskaja_new.xls:Sheet1:82,Зубари,деревня,5.0,direct_published_census_value,/workspace/settlements-raw/data/raw/2002/047_9960082a3e_02c_Kirovskaja_new.xls,dc256b090569a40a10eb82ed809f99a6ac5891da0103394f361d5a6299202d4e,Sheet1!row_1based=82.0,True,True,False,False,False,False,atomic_NP_in_complete_published_scope,applied_complete_published_city_territorial_scope,published_complete_city_territory_scope,city_with_published_subordinates,UNKNOWN,False,False,False,False,True,False,published_closed_city_scope_Киров,2002,5.0,direct_published_census_value,/workspace/settlements-raw/data/raw/2002/047_9960082a3e_02c_Kirovskaja_new.xls,dc256b090569a40a10eb82ed809f99a6ac5891da0103394f361d5a6299202d4e,False,,,,,,,,,,,,,,,,,,,,,,,,,,,False
published_closed_city_scope_Киров,2002.0,2002:047_9960082a3e_02c_Kirovskaja_new.xls:Sheet1:83,Зуевская,деревня,32.0,direct_published_census_value,/workspace/settlements-raw/data/raw/2002/047_9960082a3e_02c_Kirovskaja_new.xls,dc256b090569a40a10eb82ed809f99a6ac5891da0103394f361d5a6299202d4e,Sheet1!row_1based=83.0,True,True,False,True,True,False,atomic_NP_in_complete_published_scope,applied_complete_published_city_territorial_scope,published_complete_city_territory_scope,city_with_published_subordinates,UNKNOWN,False,False,False,False,True,False,published_closed_city_scope_Киров,2002,32.0,direct_published_census_value,/workspace/settlements-raw/data/raw/2002/047_9960082a3e_02c_Kirovskaja_new.xls,dc256b090569a40a10eb82ed809f99a6ac5891da0103394f361d5a6299202d4e,False,,,,,,,,,,,,,,,,,,,,,,,,,,,True
published_closed_city_scope_Киров,2002.0,2002:047_9960082a3e_02c_Kirovskaja_new.xls:Sheet1:84,Канахины,деревня,0.0,direct_published_census_value,/workspace/settlements-raw/data/raw/2002/047_9960082a3e_02c_Kirovskaja_new.xls,dc256b090569a40a10eb82ed809f99a6ac5891da0103394f361d5a6299202d4e,Sheet1!row_1based=84.0,True,True,False,True,True,False,atomic_NP_in_complete_published_scope,applied_complete_published_city_territorial_scope,published_complete_city_territory_scope,city_with_published_subordinates,UNKNOWN,False,False,False,False,True,False,published_closed_city_scope_Киров,2002,0.0,direct_published_census_value,/workspace/settlements-raw/data/raw/2002/047_9960082a3e_02c_Kirovskaja_new.xls,dc256b090569a40a10eb82ed809f99a6ac5891da0103394f361d5a6299202d4e,False,,,,,,,,,,,,,,,,,,,,,,,,,,,True
published_closed_city_scope_Киров,2002.0,2002:047_9960082a3e_02c_Kirovskaja_new.xls:Sheet1:85,Караваевы,деревня,8.0,direct_published_census_value,/workspace/settlements-raw/data/raw/2002/047_9960082a3e_02c_Kirovskaja_new.xls,dc256b090569a40a10eb82ed809f99a6ac5891da0103394f361d5a6299202d4e,Sheet1!row_1based=85.0,True,True,False,True,True,False,atomic_NP_in_complete_published_scope,applied_complete_published_city_territorial_scope,published_complete_city_territory_scope,city_with_published_subordinates,UNKNOWN,False,False,False,False,True,False,published_closed_city_scope_Киров,2002,8.0,direct_published_census_value,/workspace/settlements-raw/data/raw/2002/047_9960082a3e_02c_Kirovskaja_new.xls,dc256b090569a40a10eb82ed809f99a6ac5891da0103394f361d5a6299202d4e,False,,,,,,,,,,,,,,,,,,,,,,,,,,,True
published_closed_city_scope_Киров,2002.0,2002:047_9960082a3e_02c_Kirovskaja_new.xls:Sheet1:86,Куликовская,деревня,11.0,direct_published_census_value,/workspace/settlements-raw/data/raw/2002/047_9960082a3e_02c_Kirovskaja_new.xls,dc256b090569a40a10eb82ed809f99a6ac5891da0103394f361d5a6299202d4e,Sheet1!row_1based=86.0,True,True,False,True,True,False,atomic_NP_in_complete_published_scope,applied_complete_published_city_territorial_scope,published_complete_city_territory_scope,city_with_published_subordinates,UNKNOWN,False,False,False,False,True,False,published_closed_city_scope_Киров,2002,11.0,direct_published_census_value,/workspace/settlements-raw/data/raw/2002/047_9960082a3e_02c_Kirovskaja_new.xls,dc256b090569a40a10eb82ed809f99a6ac5891da0103394f361d5a6299202d4e,False,,,,,,,,,,,,,,,,,,,,,,,,,,,True
published_closed_city_scope_Киров,2002.0,2002:047_9960082a3e_02c_Kirovskaja_new.xls:Sheet1:87,Малые Кушовы,деревня,2.0,direct_published_census_value,/workspace/settlements-raw/data/raw/2002/047_9960082a3e_02c_Kirovskaja_new.xls,dc256b090569a40a10eb82ed809f99a6ac5891da0103394f361d5a6299202d4e,Sheet1!row_1based=87.0,True,True,False,True,True,False,atomic_NP_in_complete_published_scope,applied_complete_published_city_territorial_scope,published_complete_city_territory_scope,city_with_published_subordinates,UNKNOWN,False,False,False,False,True,False,published_closed_city_scope_Киров,2002,2.0,direct_published_census_value,/workspace/settlements-raw/data/raw/2002/047_9960082a3e_02c_Kirovskaja_new.xls,dc256b090569a40a10eb82ed809f99a6ac5891da0103394f361d5a6299202d4e,False,,,,,,,,,,,,,,,,,,,,,,,,,,,True
published_closed_city_scope_Киров,2002.0,2002:047_9960082a3e_02c_Kirovskaja_new.xls:Sheet1:88,Мараки,деревня,12.0,direct_published_census_value,/workspace/settlements-raw/data/raw/2002/047_9960082a3e_02c_Kirovskaja_new.xls,dc256b090569a40a10eb82ed809f99a6ac5891da0103394f361d5a6299202d4e,Sheet1!row_1based=88.0,True,True,False,True,True,False,atomic_NP_in_complete_published_scope,applied_complete_published_city_territorial_scope,published_complete_city_territory_scope,city_with_published_subordinates,UNKNOWN,False,False,False,False,True,False,published_closed_city_scope_Киров,2002,12.0,direct_published_census_value,/workspace/settlements-raw/data/raw/2002/047_9960082a3e_02c_Kirovskaja_new.xls,dc256b090569a40a10eb82ed809f99a6ac5891da0103394f361d5a6299202d4e,False,,,,,,,,,,,,,,,,,,,,,,,,,,,True
published_closed_city_scope_Киров,2002.0,2002:047_9960082a3e_02c_Kirovskaja_new.xls:Sheet1:89,Монастырская,деревня,15.0,direct_published_census_value,/workspace/settlements-raw/data/raw/2002/047_9960082a3e_02c_Kirovskaja_new.xls,dc256b090569a40a10eb82ed809f99a6ac5891da0103394f361d5a6299202d4e,Sheet1!row_1based=89.0,True,True,False,True,True,False,atomic_NP_in_complete_published_scope,applied_complete_published_city_territorial_scope,published_complete_city_territory_scope,city_with_published_subordinates,UNKNOWN,False,False,False,False,True,False,published_closed_city_scope_Киров,2002,15.0,direct_published_census_value,/workspace/settlements-raw/data/raw/2002/047_9960082a3e_02c_Kirovskaja_new.xls,dc256b090569a40a10eb82ed809f99a6ac5891da0103394f361d5a6299202d4e,False,,,,,,,,,,,,,,,,,,,,,,,,,,,True
published_closed_city_scope_Киров,2002.0,2002:047_9960082a3e_02c_Kirovskaja_new.xls:Sheet1:9,Блохи,деревня,0.0,direct_published_census_value,/workspace/settlements-raw/data/raw/2002/047_9960082a3e_02c_Kirovskaja_new.xls,dc256b090569a40a10eb82ed809f99a6ac5891da0103394f361d5a6299202d4e,Sheet1!row_1based=9.0,True,True,False,True,True,False,atomic_NP_in_complete_published_scope,applied_complete_published_city_territorial_scope,published_complete_city_territory_scope,city_with_published_subordinates,UNKNOWN,False,False,False,False,True,False,published_closed_city_scope_Киров,2002,0.0,direct_published_census_value,/workspace/settlements-raw/data/raw/2002/047_9960082a3e_02c_Kirovskaja_new.xls,dc256b090569a40a10eb82ed809f99a6ac5891da0103394f361d5a6299202d4e,False,,,,,,,,,,,,,,,,,,,,,,,,,,,True
published_closed_city_scope_Киров,2002.0,2002:047_9960082a3e_02c_Kirovskaja_new.xls:Sheet1:90,Нагоряна,деревня,15.0,direct_published_census_value,/workspace/settlements-raw/data/raw/2002/047_9960082a3e_02c_Kirovskaja_new.xls,dc256b090569a40a10eb82ed809f99a6ac5891da0103394f361d5a6299202d4e,Sheet1!row_1based=90.0,True,True,False,False,False,False,atomic_NP_in_complete_published_scope,applied_complete_published_city_territorial_scope,published_complete_city_territory_scope,city_with_published_subordinates,UNKNOWN,False,False,False,False,True,False,published_closed_city_scope_Киров,2002,15.0,direct_published_census_value,/workspace/settlements-raw/data/raw/2002/047_9960082a3e_02c_Kirovskaja_new.xls,dc256b090569a40a10eb82ed809f99a6ac5891da0103394f361d5a6299202d4e,False,,,,,,,,,,,,,,,,,,,,,,,,,,,False
published_closed_city_scope_Киров,2002.0,2002:047_9960082a3e_02c_Kirovskaja_new.xls:Sheet1:91,Оверинцы,деревня,32.0,direct_published_census_value,/workspace/settlements-raw/data/raw/2002/047_9960082a3e_02c_Kirovskaja_new.xls,dc256b090569a40a10eb82ed809f99a6ac5891da0103394f361d5a6299202d4e,Sheet1!row_1based=91.0,True,True,False,True,True,False,atomic_NP_in_complete_published_scope,applied_complete_published_city_territorial_scope,published_complete_city_territory_scope,city_with_published_subordinates,UNKNOWN,False,False,False,False,True,False,published_closed_city_scope_Киров,2002,32.0,direct_published_census_value,/workspace/settlements-raw/data/raw/2002/047_9960082a3e_02c_Kirovskaja_new.xls,dc256b090569a40a10eb82ed809f99a6ac5891da0103394f361d5a6299202d4e,False,,,,,,,,,,,,,,,,,,,,,,,,,,,True
published_closed_city_scope_Киров,2002.0,2002:047_9960082a3e_02c_Kirovskaja_new.xls:Sheet1:92,Опушни,деревня,22.0,direct_published_census_value,/workspace/settlements-raw/data/raw/2002/047_9960082a3e_02c_Kirovskaja_new.xls,dc256b090569a40a10eb82ed809f99a6ac5891da0103394f361d5a6299202d4e,Sheet1!row_1based=92.0,True,True,False,True,True,False,atomic_NP_in_complete_published_scope,applied_complete_published_city_territorial_scope,published_complete_city_territory_scope,city_with_published_subordinates,UNKNOWN,False,False,False,False,True,False,published_closed_city_scope_Киров,2002,22.0,direct_published_census_value,/workspace/settlements-raw/data/raw/2002/047_9960082a3e_02c_Kirovskaja_new.xls,dc256b090569a40a10eb82ed809f99a6ac5891da0103394f361d5a6299202d4e,False,,,,,,,,,,,,,,,,,,,,,,,,,,,True
published_closed_city_scope_Киров,2002.0,2002:047_9960082a3e_02c_Kirovskaja_new.xls:Sheet1:93,Першино,деревня,28.0,direct_published_census_value,/workspace/settlements-raw/data/raw/2002/047_9960082a3e_02c_Kirovskaja_new.xls,dc256b090569a40a10eb82ed809f99a6ac5891da0103394f361d5a6299202d4e,Sheet1!row_1based=93.0,True,True,False,False,False,False,atomic_NP_in_complete_published_scope,applied_complete_published_city_territorial_scope,published_complete_city_territory_scope,city_with_published_subordinates,UNKNOWN,False,False,False,False,True,False,published_closed_city_scope_Киров,2002,28.0,direct_published_census_value,/workspace/settlements-raw/data/raw/2002/047_9960082a3e_02c_Kirovskaja_new.xls,dc256b090569a40a10eb82ed809f99a6ac5891da0103394f361d5a6299202d4e,False,,,,,,,,,,,,,,,,,,,,,,,,,,,False
published_closed_city_scope_Киров,2002.0,2002:047_9960082a3e_02c_Kirovskaja_new.xls:Sheet1:94,Пестовы,деревня,38.0,direct_published_census_value,/workspace/settlements-raw/data/raw/2002/047_9960082a3e_02c_Kirovskaja_new.xls,dc256b090569a40a10eb82ed809f99a6ac5891da0103394f361d5a6299202d4e,Sheet1!row_1based=94.0,True,True,False,False,False,False,atomic_NP_in_complete_published_scope,applied_complete_published_city_territorial_scope,published_complete_city_territory_scope,city_with_published_subordinates,UNKNOWN,False,False,False,False,True,False,published_closed_city_scope_Киров,2002,38.0,direct_published_census_value,/workspace/settlements-raw/data/raw/2002/047_9960082a3e_02c_Kirovskaja_new.xls,dc256b090569a40a10eb82ed809f99a6ac5891da0103394f361d5a6299202d4e,False,,,,,,,,,,,,,,,,,,,,,,,,,,,False
published_closed_city_scope_Киров,2002.0,2002:047_9960082a3e_02c_Kirovskaja_new.xls:Sheet1:96,Петуховы,деревня,11.0,direct_published_census_value,/workspace/settlements-raw/data/raw/2002/047_9960082a3e_02c_Kirovskaja_new.xls,dc256b090569a40a10eb82ed809f99a6ac5891da0103394f361d5a6299202d4e,Sheet1!row_1based=96.0,True,True,False,False,False,False,atomic_NP_in_complete_published_scope,applied_complete_published_city_territorial_scope,published_complete_city_territory_scope,city_with_published_subordinates,UNKNOWN,False,False,False,False,True,False,published_closed_city_scope_Киров,2002,11.0,direct_published_census_value,/workspace/settlements-raw/data/raw/2002/047_9960082a3e_02c_Kirovskaja_new.xls,dc256b090569a40a10eb82ed809f99a6ac5891da0103394f361d5a6299202d4e,False,,,,,,,,,,,,,,,,,,,,,,,,,,,False
published_closed_city_scope_Киров,2002.0,2002:047_9960082a3e_02c_Kirovskaja_new.xls:Sheet1:97,Пересторонцы,деревня,11.0,direct_published_census_value,/workspace/settlements-raw/data/raw/2002/047_9960082a3e_02c_Kirovskaja_new.xls,dc256b090569a40a10eb82ed809f99a6ac5891da0103394f361d5a6299202d4e,Sheet1!row_1based=97.0,True,True,False,True,True,False,atomic_NP_in_complete_published_scope,applied_complete_published_city_territorial_scope,published_complete_city_territory_scope,city_with_published_subordinates,UNKNOWN,False,False,False,False,True,False,published_closed_city_scope_Киров,2002,11.0,direct_published_census_value,/workspace/settlements-raw/data/raw/2002/047_9960082a3e_02c_Kirovskaja_new.xls,dc256b090569a40a10eb82ed809f99a6ac5891da0103394f361d5a6299202d4e,False,,,,,,,,,,,,,,,,,,,,,,,,,,,True
published_closed_city_scope_Киров,2002.0,2002:047_9960082a3e_02c_Kirovskaja_new.xls:Sheet1:98,Пушкари,деревня,0.0,direct_published_census_value,/workspace/settlements-raw/data/raw/2002/047_9960082a3e_02c_Kirovskaja_new.xls,dc256b090569a40a10eb82ed809f99a6ac5891da0103394f361d5a6299202d4e,Sheet1!row_1based=98.0,True,True,False,False,False,False,atomic_NP_in_complete_published_scope,applied_complete_published_city_territorial_scope,published_complete_city_territory_scope,city_with_published_subordinates,UNKNOWN,False,False,False,False,True,False,published_closed_city_scope_Киров,2002,0.0,direct_published_census_value,/workspace/settlements-raw/data/raw/2002/047_9960082a3e_02c_Kirovskaja_new.xls,dc256b090569a40a10eb82ed809f99a6ac5891da0103394f361d5a6299202d4e,False,,,,,,,,,,,,,,,,,,,,,,,,,,,False
published_closed_city_scope_Киров,2002.0,2002:047_9960082a3e_02c_Kirovskaja_new.xls:Sheet1:99,Рожни,деревня,14.0,direct_published_census_value,/workspace/settlements-raw/data/raw/2002/047_9960082a3e_02c_Kirovskaja_new.xls,dc256b090569a40a10eb82ed809f99a6ac5891da0103394f361d5a6299202d4e,Sheet1!row_1based=99.0,True,True,False,True,True,False,atomic_NP_in_complete_published_scope,applied_complete_published_city_territorial_scope,published_complete_city_territory_scope,city_with_published_subordinates,UNKNOWN,False,False,False,False,True,False,published_closed_city_scope_Киров,2002,14.0,direct_published_census_value,/workspace/settlements-raw/data/raw/2002/047_9960082a3e_02c_Kirovskaja_new.xls,dc256b090569a40a10eb82ed809f99a6ac5891da0103394f361d5a6299202d4e,False,,,,,,,,,,,,,,,,,,,,,,,,,,,True
published_closed_city_scope_Киров,2010.0,2010:pub-11-1-4.pdf:pdf_page_8:16,Киров,город,473695.0,direct_official_city_value,/workspace/settlements-raw/data/raw/2010_official_tom11/pub-11-1-4.pdf,db2528e6db3c6089351bd09d253c9dfa607e2f2dff6cc45d1174fb21fa96d500,pdf_page_8!row_1based=16.0,True,True,False,True,True,False,atomic_NP_in_complete_published_scope,applied_complete_published_city_territorial_scope,published_complete_city_territory_scope,city_with_published_subordinates,UNKNOWN,False,False,False,False,True,False,published_closed_city_scope_Киров,2010,473695.0,direct_official_city_value,/workspace/settlements-raw/data/raw/2010_official_tom11/pub-11-1-4.pdf,db2528e6db3c6089351bd09d253c9dfa607e2f2dff6cc45d1174fb21fa96d500,False,,,,,,,,,,,,,,,,,,,,,,,,,,,True
published_closed_city_scope_Киров,2010.0,2010:014_5ca759eea0_5._20Nizheg_Kirov_202010.xls:Data Sheet:9102,Дороничи,посёлок,2420.0,secondary_confidentiality_protected_value_exact_scope_unverified,/workspace/settlements-raw/data/raw/2010/014_5ca759eea0_5._20Nizheg_Kirov_202010.xls,c286aa10e8ebd8a4594b5623affa0ca1aacb6b69ac09a4a9288eeb754aa81c27,Data Sheet!row_1based=9102.0,True,True,False,True,True,False,atomic_NP_in_complete_published_scope,applied_complete_published_city_territorial_scope,published_complete_city_territory_scope,city_with_published_subordinates,UNKNOWN,False,False,False,False,True,False,published_closed_city_scope_Киров,2010,2420.0,secondary_confidentiality_protected_value_exact_scope_unverified,/workspace/settlements-raw/data/raw/2010/014_5ca759eea0_5._20Nizheg_Kirov_202010.xls,c286aa10e8ebd8a4594b5623affa0ca1aacb6b69ac09a4a9288eeb754aa81c27,False,,,,,,,,,,,,,,,,,,,,,,,,,,,True
published_closed_city_scope_Киров,2010.0,2010:014_5ca759eea0_5._20Nizheg_Kirov_202010.xls:Data Sheet:9103,Бобыли,деревня,11.0,secondary_confidentiality_protected_value_exact_scope_unverified,/workspace/settlements-raw/data/raw/2010/014_5ca759eea0_5._20Nizheg_Kirov_202010.xls,c286aa10e8ebd8a4594b5623affa0ca1aacb6b69ac09a4a9288eeb754aa81c27,Data Sheet!row_1based=9103.0,True,True,False,False,False,False,atomic_NP_in_complete_published_scope,applied_complete_published_city_territorial_scope,published_complete_city_territory_scope,city_with_published_subordinates,UNKNOWN,False,False,False,False,True,False,published_closed_city_scope_Киров,2010,11.0,secondary_confidentiality_protected_value_exact_scope_unverified,/workspace/settlements-raw/data/raw/2010/014_5ca759eea0_5._20Nizheg_Kirov_202010.xls,c286aa10e8ebd8a4594b5623affa0ca1aacb6b69ac09a4a9288eeb754aa81c27,False,,,,,,,,,,,,,,,,,,,,,,,,,,,False
published_closed_city_scope_Киров,2010.0,2010:014_5ca759eea0_5._20Nizheg_Kirov_202010.xls:Data Sheet:9104,Бздюли,деревня,0.0,secondary_confidentiality_protected_value_exact_scope_unverified,/workspace/settlements-raw/data/raw/2010/014_5ca759eea0_5._20Nizheg_Kirov_202010.xls,c286aa10e8ebd8a4594b5623affa0ca1aacb6b69ac09a4a9288eeb754aa81c27,Data Sheet!row_1based=9104.0,True,True,False,True,True,False,atomic_NP_in_complete_published_scope,applied_complete_published_city_territorial_scope,published_complete_city_territory_scope,city_with_published_subordinates,UNKNOWN,False,False,False,False,True,False,published_closed_city_scope_Киров,2010,0.0,secondary_confidentiality_protected_value_exact_scope_unverified,/workspace/settlements-raw/data/raw/2010/014_5ca759eea0_5._20Nizheg_Kirov_202010.xls,c286aa10e8ebd8a4594b5623affa0ca1aacb6b69ac09a4a9288eeb754aa81c27,False,,,,,,,,,,,,,,,,,,,,,,,,,,,True
published_closed_city_scope_Киров,2010.0,2010:014_5ca759eea0_5._20Nizheg_Kirov_202010.xls:Data Sheet:9105,Бони,деревня,17.0,secondary_confidentiality_protected_value_exact_scope_unverified,/workspace/settlements-raw/data/raw/2010/014_5ca759eea0_5._20Nizheg_Kirov_202010.xls,c286aa10e8ebd8a4594b5623affa0ca1aacb6b69ac09a4a9288eeb754aa81c27,Data Sheet!row_1based=9105.0,True,True,False,True,True,False,atomic_NP_in_complete_published_scope,applied_complete_published_city_territorial_scope,published_complete_city_territory_scope,city_with_published_subordinates,UNKNOWN,False,False,False,False,True,False,published_closed_city_scope_Киров,2010,17.0,secondary_confidentiality_protected_value_exact_scope_unverified,/workspace/settlements-raw/data/raw/2010/014_5ca759eea0_5._20Nizheg_Kirov_202010.xls,c286aa10e8ebd8a4594b5623affa0ca1aacb6b69ac09a4a9288eeb754aa81c27,False,,,,,,,,,,,,,,,,,,,,,,,,,,,True
published_closed_city_scope_Киров,2010.0,2010:014_5ca759eea0_5._20Nizheg_Kirov_202010.xls:Data Sheet:9106,Блохи,деревня,5.0,secondary_confidentiality_protected_value_exact_scope_unverified,/workspace/settlements-raw/data/raw/2010/014_5ca759eea0_5._20Nizheg_Kirov_202010.xls,c286aa10e8ebd8a4594b5623affa0ca1aacb6b69ac09a4a9288eeb754aa81c27,Data Sheet!row_1based=9106.0,True,True,False,True,True,False,atomic_NP_in_complete_published_scope,applied_complete_published_city_territorial_scope,published_complete_city_territory_scope,city_with_published_subordinates,UNKNOWN,False,False,False,False,True,False,published_closed_city_scope_Киров,2010,5.0,secondary_confidentiality_protected_value_exact_scope_unverified,/workspace/settlements-raw/data/raw/2010/014_5ca759eea0_5._20Nizheg_Kirov_202010.xls,c286aa10e8ebd8a4594b5623affa0ca1aacb6b69ac09a4a9288eeb754aa81c27,False,,,,,,,,,,,,,,,,,,,,,,,,,,,True
published_closed_city_scope_Киров,2010.0,2010:014_5ca759eea0_5._20Nizheg_Kirov_202010.xls:Data Sheet:9107,Ваньшины,деревня,15.0,secondary_confidentiality_protected_value_exact_scope_unverified,/workspace/settlements-raw/data/raw/2010/014_5ca759eea0_5._20Nizheg_Kirov_202010.xls,c286aa10e8ebd8a4594b5623affa0ca1aacb6b69ac09a4a9288eeb754aa81c27,Data Sheet!row_1based=9107.0,True,True,False,True,True,False,atomic_NP_in_complete_published_scope,applied_complete_published_city_territorial_scope,published_complete_city_territory_scope,city_with_published_subordinates,UNKNOWN,False,False,False,False,True,False,published_closed_city_scope_Киров,2010,15.0,secondary_confidentiality_protected_value_exact_scope_unverified,/workspace/settlements-raw/data/raw/2010/014_5ca759eea0_5._20Nizheg_Kirov_202010.xls,c286aa10e8ebd8a4594b5623affa0ca1aacb6b69ac09a4a9288eeb754aa81c27,False,,,,,,,,,,,,,,,,,,,,,,,,,,,True
published_closed_city_scope_Киров,2010.0,2010:014_5ca759eea0_5._20Nizheg_Kirov_202010.xls:Data Sheet:9108,Верхнее Скопино,деревня,0.0,secondary_confidentiality_protected_value_exact_scope_unverified,/workspace/settlements-raw/data/raw/2010/014_5ca759eea0_5._20Nizheg_Kirov_202010.xls,c286aa10e8ebd8a4594b5623affa0ca1aacb6b69ac09a4a9288eeb754aa81c27,Data Sheet!row_1based=9108.0,True,True,False,True,True,False,atomic_NP_in_complete_published_scope,applied_complete_published_city_territorial_scope,published_complete_city_territory_scope,city_with_published_subordinates,UNKNOWN,False,False,False,False,True,False,published_closed_city_scope_Киров,2010,0.0,secondary_confidentiality_protected_value_exact_scope_unverified,/workspace/settlements-raw/data/raw/2010/014_5ca759eea0_5._20Nizheg_Kirov_202010.xls,c286aa10e8ebd8a4594b5623affa0ca1aacb6b69ac09a4a9288eeb754aa81c27,False,,,,,,,,,,,,,,,,,,,,,,,,,,,True
published_closed_city_scope_Киров,2010.0,2010:014_5ca759eea0_5._20Nizheg_Kirov_202010.xls:Data Sheet:9109,Истоминцы,деревня,5.0,secondary_confidentiality_protected_value_exact_scope_unverified,/workspace/settlements-raw/data/raw/2010/014_5ca759eea0_5._20Nizheg_Kirov_202010.xls,c286aa10e8ebd8a4594b5623affa0ca1aacb6b69ac09a4a9288eeb754aa81c27,Data Sheet!row_1based=9109.0,True,True,False,True,True,False,atomic_NP_in_complete_published_scope,applied_complete_published_city_territorial_scope,published_complete_city_territory_scope,city_with_published_subordinates,UNKNOWN,False,False,False,False,True,False,published_closed_city_scope_Киров,2010,5.0,secondary_confidentiality_protected_value_exact_scope_unverified,/workspace/settlements-raw/data/raw/2010/014_5ca759eea0_5._20Nizheg_Kirov_202010.xls,c286aa10e8ebd8a4594b5623affa0ca1aacb6b69ac09a4a9288eeb754aa81c27,False,,,,,,,,,,,,,,,,,,,,,,,,,,,True
published_closed_city_scope_Киров,2010.0,2010:014_5ca759eea0_5._20Nizheg_Kirov_202010.xls:Data Sheet:9110,Кочергинцы,деревня,8.0,secondary_confidentiality_protected_value_exact_scope_unverified,/workspace/settlements-raw/data/raw/2010/014_5ca759eea0_5._20Nizheg_Kirov_202010.xls,c286aa10e8ebd8a4594b5623affa0ca1aacb6b69ac09a4a9288eeb754aa81c27,Data Sheet!row_1based=9110.0,True,True,False,True,True,False,atomic_NP_in_complete_published_scope,applied_complete_published_city_territorial_scope,published_complete_city_territory_scope,city_with_published_subordinates,UNKNOWN,False,False,False,False,True,False,published_closed_city_scope_Киров,2010,8.0,secondary_confidentiality_protected_value_exact_scope_unverified,/workspace/settlements-raw/data/raw/2010/014_5ca759eea0_5._20Nizheg_Kirov_202010.xls,c286aa10e8ebd8a4594b5623affa0ca1aacb6b69ac09a4a9288eeb754aa81c27,False,,,,,,,,,,,,,,,,,,,,,,,,,,,True
published_closed_city_scope_Киров,2010.0,2010:014_5ca759eea0_5._20Nizheg_Kirov_202010.xls:Data Sheet:9111,Лихачи,деревня,9.0,secondary_confidentiality_protected_value_exact_scope_unverified,/workspace/settlements-raw/data/raw/2010/014_5ca759eea0_5._20Nizheg_Kirov_202010.xls,c286aa10e8ebd8a4594b5623affa0ca1aacb6b69ac09a4a9288eeb754aa81c27,Data Sheet!row_1based=9111.0,True,True,False,True,True,False,atomic_NP_in_complete_published_scope,applied_complete_published_city_territorial_scope,published_complete_city_territory_scope,city_with_published_subordinates,UNKNOWN,False,False,False,False,True,False,published_closed_city_scope_Киров,2010,9.0,secondary_confidentiality_protected_value_exact_scope_unverified,/workspace/settlements-raw/data/raw/2010/014_5ca759eea0_5._20Nizheg_Kirov_202010.xls,c286aa10e8ebd8a4594b5623affa0ca1aacb6b69ac09a4a9288eeb754aa81c27,False,,,,,,,,,,,,,,,,,,,,,,,,,,,True
published_closed_city_scope_Киров,2010.0,2010:014_5ca759eea0_5._20Nizheg_Kirov_202010.xls:Data Sheet:9112,Лянгасы,деревня,0.0,secondary_confidentiality_protected_value_exact_scope_unverified,/workspace/settlements-raw/data/raw/2010/014_5ca759eea0_5._20Nizheg_Kirov_202010.xls,c286aa10e8ebd8a4594b5623affa0ca1aacb6b69ac09a4a9288eeb754aa81c27,Data Sheet!row_1based=9112.0,True,True,False,True,True,False,atomic_NP_in_complete_published_scope,applied_complete_published_city_territorial_scope,published_complete_city_territory_scope,city_with_published_subordinates,UNKNOWN,False,False,False,False,True,False,published_closed_city_scope_Киров,2010,0.0,secondary_confidentiality_protected_value_exact_scope_unverified,/workspace/settlements-raw/data/raw/2010/014_5ca759eea0_5._20Nizheg_Kirov_202010.xls,c286aa10e8ebd8a4594b5623affa0ca1aacb6b69ac09a4a9288eeb754aa81c27,False,,,,,,,,,,,,,,,,,,,,,,,,,,,True
published_closed_city_scope_Киров,2010.0,2010:014_5ca759eea0_5._20Nizheg_Kirov_202010.xls:Data Sheet:9113,Машкины,деревня,6.0,secondary_confidentiality_protected_value_exact_scope_unverified,/workspace/settlements-raw/data/raw/2010/014_5ca759eea0_5._20Nizheg_Kirov_202010.xls,c286aa10e8ebd8a4594b5623affa0ca1aacb6b69ac09a4a9288eeb754aa81c27,Data Sheet!row_1based=9113.0,True,True,False,False,False,False,atomic_NP_in_complete_published_scope,applied_complete_published_city_territorial_scope,published_complete_city_territory_scope,city_with_published_subordinates,UNKNOWN,False,False,False,False,True,False,published_closed_city_scope_Киров,2010,6.0,secondary_confidentiality_protected_value_exact_scope_unverified,/workspace/settlements-raw/data/raw/2010/014_5ca759eea0_5._20Nizheg_Kirov_202010.xls,c286aa10e8ebd8a4594b5623affa0ca1aacb6b69ac09a4a9288eeb754aa81c27,False,,,,,,,,,,,,,,,,,,,,,,,,,,,False
published_closed_city_scope_Киров,2010.0,2010:014_5ca759eea0_5._20Nizheg_Kirov_202010.xls:Data Sheet:9114,Новалихинский,починок,18.0,secondary_confidentiality_protected_value_exact_scope_unverified,/workspace/settlements-raw/data/raw/2010/014_5ca759eea0_5._20Nizheg_Kirov_202010.xls,c286aa10e8ebd8a4594b5623affa0ca1aacb6b69ac09a4a9288eeb754aa81c27,Data Sheet!row_1based=9114.0,True,True,False,True,True,False,atomic_NP_in_complete_published_scope,applied_complete_published_city_territorial_scope,published_complete_city_territory_scope,city_with_published_subordinates,UNKNOWN,False,False,False,False,True,False,published_closed_city_scope_Киров,2010,18.0,secondary_confidentiality_protected_value_exact_scope_unverified,/workspace/settlements-raw/data/raw/2010/014_5ca759eea0_5._20Nizheg_Kirov_202010.xls,c286aa10e8ebd8a4594b5623affa0ca1aacb6b69ac09a4a9288eeb754aa81c27,False,,,,,,,,,,,,,,,,,,,,,,,,,,,True
published_closed_city_scope_Киров,2010.0,2010:014_5ca759eea0_5._20Nizheg_Kirov_202010.xls:Data Sheet:9115,Нижнее Скопино,деревня,12.0,secondary_confidentiality_protected_value_exact_scope_unverified,/workspace/settlements-raw/data/raw/2010/014_5ca759eea0_5._20Nizheg_Kirov_202010.xls,c286aa10e8ebd8a4594b5623affa0ca1aacb6b69ac09a4a9288eeb754aa81c27,Data Sheet!row_1based=9115.0,True,True,False,True,True,False,atomic_NP_in_complete_published_scope,applied_complete_published_city_territorial_scope,published_complete_city_territory_scope,city_with_published_subordinates,UNKNOWN,False,False,False,False,True,False,published_closed_city_scope_Киров,2010,12.0,secondary_confidentiality_protected_value_exact_scope_unverified,/workspace/settlements-raw/data/raw/2010/014_5ca759eea0_5._20Nizheg_Kirov_202010.xls,c286aa10e8ebd8a4594b5623affa0ca1aacb6b69ac09a4a9288eeb754aa81c27,False,,,,,,,,,,,,,,,,,,,,,,,,,,,True
published_closed_city_scope_Киров,2010.0,2010:014_5ca759eea0_5._20Nizheg_Kirov_202010.xls:Data Sheet:9116,Прохоровцы,деревня,0.0,secondary_confidentiality_protected_value_exact_scope_unverified,/workspace/settlements-raw/data/raw/2010/014_5ca759eea0_5._20Nizheg_Kirov_202010.xls,c286aa10e8ebd8a4594b5623affa0ca1aacb6b69ac09a4a9288eeb754aa81c27,Data Sheet!row_1based=9116.0,True,True,False,True,True,False,atomic_NP_in_complete_published_scope,applied_complete_published_city_territorial_scope,published_complete_city_territory_scope,city_with_published_subordinates,UNKNOWN,False,False,False,False,True,False,published_closed_city_scope_Киров,2010,0.0,secondary_confidentiality_protected_value_exact_scope_unverified,/workspace/settlements-raw/data/raw/2010/014_5ca759eea0_5._20Nizheg_Kirov_202010.xls,c286aa10e8ebd8a4594b5623affa0ca1aacb6b69ac09a4a9288eeb754aa81c27,False,,,,,,,,,,,,,,,,,,,,,,,,,,,True
published_closed_city_scope_Киров,2010.0,2010:014_5ca759eea0_5._20Nizheg_Kirov_202010.xls:Data Sheet:9117,Рубцы,деревня,10.0,secondary_confidentiality_protected_value_exact_scope_unverified,/workspace/settlements-raw/data/raw/2010/014_5ca759eea0_5._20Nizheg_Kirov_202010.xls,c286aa10e8ebd8a4594b5623affa0ca1aacb6b69ac09a4a9288eeb754aa81c27,Data Sheet!row_1based=9117.0,True,True,False,True,True,False,atomic_NP_in_complete_published_scope,applied_complete_published_city_territorial_scope,published_complete_city_territory_scope,city_with_published_subordinates,UNKNOWN,False,False,False,False,True,False,published_closed_city_scope_Киров,2010,10.0,secondary_confidentiality_protected_value_exact_scope_unverified,/workspace/settlements-raw/data/raw/2010/014_5ca759eea0_5._20Nizheg_Kirov_202010.xls,c286aa10e8ebd8a4594b5623affa0ca1aacb6b69ac09a4a9288eeb754aa81c27,False,,,,,,,,,,,,,,,,,,,,,,,,,,,True
published_closed_city_scope_Киров,2010.0,2010:014_5ca759eea0_5._20Nizheg_Kirov_202010.xls:Data Sheet:9118,Соски,деревня,3.0,secondary_confidentiality_protected_value_exact_scope_unverified,/workspace/settlements-raw/data/raw/2010/014_5ca759eea0_5._20Nizheg_Kirov_202010.xls,c286aa10e8ebd8a4594b5623affa0ca1aacb6b69ac09a4a9288eeb754aa81c27,Data Sheet!row_1based=9118.0,True,True,False,True,True,False,atomic_NP_in_complete_published_scope,applied_complete_published_city_territorial_scope,published_complete_city_territory_scope,city_with_published_subordinates,UNKNOWN,False,False,False,False,True,False,published_closed_city_scope_Киров,2010,3.0,secondary_confidentiality_protected_value_exact_scope_unverified,/workspace/settlements-raw/data/raw/2010/014_5ca759eea0_5._20Nizheg_Kirov_202010.xls,c286aa10e8ebd8a4594b5623affa0ca1aacb6b69ac09a4a9288eeb754aa81c27,False,,,,,,,,,,,,,,,,,,,,,,,,,,,True
published_closed_city_scope_Киров,2010.0,2010:014_5ca759eea0_5._20Nizheg_Kirov_202010.xls:Data Sheet:9119,Счастливцевы,деревня,7.0,secondary_confidentiality_protected_value_exact_scope_unverified,/workspace/settlements-raw/data/raw/2010/014_5ca759eea0_5._20Nizheg_Kirov_202010.xls,c286aa10e8ebd8a4594b5623affa0ca1aacb6b69ac09a4a9288eeb754aa81c27,Data Sheet!row_1based=9119.0,True,True,False,True,True,False,atomic_NP_in_complete_published_scope,applied_complete_published_city_territorial_scope,published_complete_city_territory_scope,city_with_published_subordinates,UNKNOWN,False,False,False,False,True,False,published_closed_city_scope_Киров,2010,7.0,secondary_confidentiality_protected_value_exact_scope_unverified,/workspace/settlements-raw/data/raw/2010/014_5ca759eea0_5._20Nizheg_Kirov_202010.xls,c286aa10e8ebd8a4594b5623affa0ca1aacb6b69ac09a4a9288eeb754aa81c27,False,,,,,,,,,,,,,,,,,,,,,,,,,,,True
published_closed_city_scope_Киров,2010.0,2010:014_5ca759eea0_5._20Nizheg_Kirov_202010.xls:Data Sheet:9120,Томиловы,деревня,3.0,secondary_confidentiality_protected_value_exact_scope_unverified,/workspace/settlements-raw/data/raw/2010/014_5ca759eea0_5._20Nizheg_Kirov_202010.xls,c286aa10e8ebd8a4594b5623affa0ca1aacb6b69ac09a4a9288eeb754aa81c27,Data Sheet!row_1based=9120.0,True,True,False,True,True,False,atomic_NP_in_complete_published_scope,applied_complete_published_city_territorial_scope,published_complete_city_territory_scope,city_with_published_subordinates,UNKNOWN,False,False,False,False,True,False,published_closed_city_scope_Киров,2010,3.0,secondary_confidentiality_protected_value_exact_scope_unverified,/workspace/settlements-raw/data/raw/2010/014_5ca759eea0_5._20Nizheg_Kirov_202010.xls,c286aa10e8ebd8a4594b5623affa0ca1aacb6b69ac09a4a9288eeb754aa81c27,False,,,,,,,,,,,,,,,,,,,,,,,,,,,True
published_closed_city_scope_Киров,2010.0,2010:014_5ca759eea0_5._20Nizheg_Kirov_202010.xls:Data Sheet:9121,Чернядьевы,деревня,9.0,secondary_confidentiality_protected_value_exact_scope_unverified,/workspace/settlements-raw/data/raw/2010/014_5ca759eea0_5._20Nizheg_Kirov_202010.xls,c286aa10e8ebd8a4594b5623affa0ca1aacb6b69ac09a4a9288eeb754aa81c27,Data Sheet!row_1based=9121.0,True,True,False,True,True,False,atomic_NP_in_complete_published_scope,applied_complete_published_city_territorial_scope,published_complete_city_territory_scope,city_with_published_subordinates,UNKNOWN,False,False,False,False,True,False,published_closed_city_scope_Киров,2010,9.0,secondary_confidentiality_protected_value_exact_scope_unverified,/workspace/settlements-raw/data/raw/2010/014_5ca759eea0_5._20Nizheg_Kirov_202010.xls,c286aa10e8ebd8a4594b5623affa0ca1aacb6b69ac09a4a9288eeb754aa81c27,False,,,,,,,,,,,,,,,,,,,,,,,,,,,True
published_closed_city_scope_Киров,2010.0,2010:014_5ca759eea0_5._20Nizheg_Kirov_202010.xls:Data Sheet:9122,Чухломинский,железнодорожный объект,16.0,secondary_confidentiality_protected_value_exact_scope_unverified,/workspace/settlements-raw/data/raw/2010/014_5ca759eea0_5._20Nizheg_Kirov_202010.xls,c286aa10e8ebd8a4594b5623affa0ca1aacb6b69ac09a4a9288eeb754aa81c27,Data Sheet!row_1based=9122.0,True,True,False,True,True,False,atomic_NP_in_complete_published_scope,applied_complete_published_city_territorial_scope,published_complete_city_territory_scope,city_with_published_subordinates,UNKNOWN,False,False,False,False,True,False,published_closed_city_scope_Киров,2010,16.0,secondary_confidentiality_protected_value_exact_scope_unverified,/workspace/settlements-raw/data/raw/2010/014_5ca759eea0_5._20Nizheg_Kirov_202010.xls,c286aa10e8ebd8a4594b5623affa0ca1aacb6b69ac09a4a9288eeb754aa81c27,False,,,,,,,,,,,,,,,,,,,,,,,,,,,True
published_closed_city_scope_Киров,2010.0,2010:014_5ca759eea0_5._20Nizheg_Kirov_202010.xls:Data Sheet:9123,Шипеловы,деревня,8.0,secondary_confidentiality_protected_value_exact_scope_unverified,/workspace/settlements-raw/data/raw/2010/014_5ca759eea0_5._20Nizheg_Kirov_202010.xls,c286aa10e8ebd8a4594b5623affa0ca1aacb6b69ac09a4a9288eeb754aa81c27,Data Sheet!row_1based=9123.0,True,True,False,True,True,False,atomic_NP_in_complete_published_scope,applied_complete_published_city_territorial_scope,published_complete_city_territory_scope,city_with_published_subordinates,UNKNOWN,False,False,False,False,True,False,published_closed_city_scope_Киров,2010,8.0,secondary_confidentiality_protected_value_exact_scope_unverified,/workspace/settlements-raw/data/raw/2010/014_5ca759eea0_5._20Nizheg_Kirov_202010.xls,c286aa10e8ebd8a4594b5623affa0ca1aacb6b69ac09a4a9288eeb754aa81c27,False,,,,,,,,,,,,,,,,,,,,,,,,,,,True
published_closed_city_scope_Киров,2010.0,2010:014_5ca759eea0_5._20Nizheg_Kirov_202010.xls:Data Sheet:9124,Чучи,деревня,11.0,secondary_confidentiality_protected_value_exact_scope_unverified,/workspace/settlements-raw/data/raw/2010/014_5ca759eea0_5._20Nizheg_Kirov_202010.xls,c286aa10e8ebd8a4594b5623affa0ca1aacb6b69ac09a4a9288eeb754aa81c27,Data Sheet!row_1based=9124.0,True,True,False,True,True,False,atomic_NP_in_complete_published_scope,applied_complete_published_city_territorial_scope,published_complete_city_territory_scope,city_with_published_subordinates,UNKNOWN,False,False,False,False,True,False,published_closed_city_scope_Киров,2010,11.0,secondary_confidentiality_protected_value_exact_scope_unverified,/workspace/settlements-raw/data/raw/2010/014_5ca759eea0_5._20Nizheg_Kirov_202010.xls,c286aa10e8ebd8a4594b5623affa0ca1aacb6b69ac09a4a9288eeb754aa81c27,False,,,,,,,,,,,,,,,,,,,,,,,,,,,True
published_closed_city_scope_Киров,2010.0,2010:014_5ca759eea0_5._20Nizheg_Kirov_202010.xls:Data Sheet:9125,Кирины,деревня,3.0,secondary_confidentiality_protected_value_exact_scope_unverified,/workspace/settlements-raw/data/raw/2010/014_5ca759eea0_5._20Nizheg_Kirov_202010.xls,c286aa10e8ebd8a4594b5623affa0ca1aacb6b69ac09a4a9288eeb754aa81c27,Data Sheet!row_1based=9125.0,True,True,False,True,True,False,atomic_NP_in_complete_published_scope,applied_complete_published_city_territorial_scope,published_complete_city_territory_scope,city_with_published_subordinates,UNKNOWN,False,False,False,False,True,False,published_closed_city_scope_Киров,2010,3.0,secondary_confidentiality_protected_value_exact_scope_unverified,/workspace/settlements-raw/data/raw/2010/014_5ca759eea0_5._20Nizheg_Kirov_202010.xls,c286aa10e8ebd8a4594b5623affa0ca1aacb6b69ac09a4a9288eeb754aa81c27,False,,,,,,,,,,,,,,,,,,,,,,,,,,,True
published_closed_city_scope_Киров,2010.0,2010:014_5ca759eea0_5._20Nizheg_Kirov_202010.xls:Data Sheet:9126,Меркуши,деревня,13.0,secondary_confidentiality_protected_value_exact_scope_unverified,/workspace/settlements-raw/data/raw/2010/014_5ca759eea0_5._20Nizheg_Kirov_202010.xls,c286aa10e8ebd8a4594b5623affa0ca1aacb6b69ac09a4a9288eeb754aa81c27,Data Sheet!row_1based=9126.0,True,True,False,False,False,False,atomic_NP_in_complete_published_scope,applied_complete_published_city_territorial_scope,published_complete_city_territory_scope,city_with_published_subordinates,UNKNOWN,False,False,False,False,True,False,published_closed_city_scope_Киров,2010,13.0,secondary_confidentiality_protected_value_exact_scope_unverified,/workspace/settlements-raw/data/raw/2010/014_5ca759eea0_5._20Nizheg_Kirov_202010.xls,c286aa10e8ebd8a4594b5623affa0ca1aacb6b69ac09a4a9288eeb754aa81c27,False,,,,,,,,,,,,,,,,,,,,,,,,,,,False
published_closed_city_scope_Киров,2010.0,2010:014_5ca759eea0_5._20Nizheg_Kirov_202010.xls:Data Sheet:9127,Катковы,деревня,110.0,secondary_confidentiality_protected_value_exact_scope_unverified,/workspace/settlements-raw/data/raw/2010/014_5ca759eea0_5._20Nizheg_Kirov_202010.xls,c286aa10e8ebd8a4594b5623affa0ca1aacb6b69ac09a4a9288eeb754aa81c27,Data Sheet!row_1based=9127.0,True,True,False,True,True,False,atomic_NP_in_complete_published_scope,applied_complete_published_city_territorial_scope,published_complete_city_territory_scope,city_with_published_subordinates,UNKNOWN,False,False,False,False,True,False,published_closed_city_scope_Киров,2010,110.0,secondary_confidentiality_protected_value_exact_scope_unverified,/workspace/settlements-raw/data/raw/2010/014_5ca759eea0_5._20Nizheg_Kirov_202010.xls,c286aa10e8ebd8a4594b5623affa0ca1aacb6b69ac09a4a9288eeb754aa81c27,False,,,,,,,,,,,,,,,,,,,,,,,,,,,True
published_closed_city_scope_Киров,2010.0,2010:014_5ca759eea0_5._20Nizheg_Kirov_202010.xls:Data Sheet:9128,Сиухино,деревня,32.0,secondary_confidentiality_protected_value_exact_scope_unverified,/workspace/settlements-raw/data/raw/2010/014_5ca759eea0_5._20Nizheg_Kirov_202010.xls,c286aa10e8ebd8a4594b5623affa0ca1aacb6b69ac09a4a9288eeb754aa81c27,Data Sheet!row_1based=9128.0,True,True,False,True,True,False,atomic_NP_in_complete_published_scope,applied_complete_published_city_territorial_scope,published_complete_city_territory_scope,city_with_published_subordinates,UNKNOWN,False,False,False,False,True,False,published_closed_city_scope_Киров,2010,32.0,secondary_confidentiality_protected_value_exact_scope_unverified,/workspace/settlements-raw/data/raw/2010/014_5ca759eea0_5._20Nizheg_Kirov_202010.xls,c286aa10e8ebd8a4594b5623affa0ca1aacb6b69ac09a4a9288eeb754aa81c27,False,,,,,,,,,,,,,,,,,,,,,,,,,,,True
published_closed_city_scope_Киров,2010.0,2010:014_5ca759eea0_5._20Nizheg_Kirov_202010.xls:Data Sheet:9129,Чуркино,деревня,30.0,secondary_confidentiality_protected_value_exact_scope_unverified,/workspace/settlements-raw/data/raw/2010/014_5ca759eea0_5._20Nizheg_Kirov_202010.xls,c286aa10e8ebd8a4594b5623affa0ca1aacb6b69ac09a4a9288eeb754aa81c27,Data Sheet!row_1based=9129.0,True,True,False,True,True,False,atomic_NP_in_complete_published_scope,applied_complete_published_city_territorial_scope,published_complete_city_territory_scope,city_with_published_subordinates,UNKNOWN,False,False,False,False,True,False,published_closed_city_scope_Киров,2010,30.0,secondary_confidentiality_protected_value_exact_scope_unverified,/workspace/settlements-raw/data/raw/2010/014_5ca759eea0_5._20Nizheg_Kirov_202010.xls,c286aa10e8ebd8a4594b5623affa0ca1aacb6b69ac09a4a9288eeb754aa81c27,False,,,,,,,,,,,,,,,,,,,,,,,,,,,True
published_closed_city_scope_Киров,2010.0,2010:014_5ca759eea0_5._20Nizheg_Kirov_202010.xls:Data Sheet:9130,Захарищевы,посёлок,898.0,secondary_confidentiality_protected_value_exact_scope_unverified,/workspace/settlements-raw/data/raw/2010/014_5ca759eea0_5._20Nizheg_Kirov_202010.xls,c286aa10e8ebd8a4594b5623affa0ca1aacb6b69ac09a4a9288eeb754aa81c27,Data Sheet!row_1based=9130.0,True,True,False,True,True,False,atomic_NP_in_complete_published_scope,applied_complete_published_city_territorial_scope,published_complete_city_territory_scope,city_with_published_subordinates,UNKNOWN,False,False,False,False,True,False,published_closed_city_scope_Киров,2010,898.0,secondary_confidentiality_protected_value_exact_scope_unverified,/workspace/settlements-raw/data/raw/2010/014_5ca759eea0_5._20Nizheg_Kirov_202010.xls,c286aa10e8ebd8a4594b5623affa0ca1aacb6b69ac09a4a9288eeb754aa81c27,False,,,,,,,,,,,,,,,,,,,,,,,,,,,True
published_closed_city_scope_Киров,2010.0,2010:014_5ca759eea0_5._20Nizheg_Kirov_202010.xls:Data Sheet:9131,Воронье,деревня,47.0,secondary_confidentiality_protected_value_exact_scope_unverified,/workspace/settlements-raw/data/raw/2010/014_5ca759eea0_5._20Nizheg_Kirov_202010.xls,c286aa10e8ebd8a4594b5623affa0ca1aacb6b69ac09a4a9288eeb754aa81c27,Data Sheet!row_1based=9131.0,True,True,False,False,False,False,atomic_NP_in_complete_published_scope,applied_complete_published_city_territorial_scope,published_complete_city_territory_scope,city_with_published_subordinates,UNKNOWN,False,False,False,False,True,False,published_closed_city_scope_Киров,2010,47.0,secondary_confidentiality_protected_value_exact_scope_unverified,/workspace/settlements-raw/data/raw/2010/014_5ca759eea0_5._20Nizheg_Kirov_202010.xls,c286aa10e8ebd8a4594b5623affa0ca1aacb6b69ac09a4a9288eeb754aa81c27,False,,,,,,,,,,,,,,,,,,,,,,,,,,,False
published_closed_city_scope_Киров,2010.0,2010:014_5ca759eea0_5._20Nizheg_Kirov_202010.xls:Data Sheet:9132,932 км,железнодорожный объект,0.0,secondary_confidentiality_protected_value_exact_scope_unverified,/workspace/settlements-raw/data/raw/2010/014_5ca759eea0_5._20Nizheg_Kirov_202010.xls,c286aa10e8ebd8a4594b5623affa0ca1aacb6b69ac09a4a9288eeb754aa81c27,Data Sheet!row_1based=9132.0,True,True,False,False,False,False,atomic_NP_in_complete_published_scope,applied_complete_published_city_territorial_scope,published_complete_city_territory_scope,city_with_published_subordinates,UNKNOWN,False,False,False,False,True,False,published_closed_city_scope_Киров,2010,0.0,secondary_confidentiality_protected_value_exact_scope_unverified,/workspace/settlements-raw/data/raw/2010/014_5ca759eea0_5._20Nizheg_Kirov_202010.xls,c286aa10e8ebd8a4594b5623affa0ca1aacb6b69ac09a4a9288eeb754aa81c27,False,,,,,,,,,,,,,,,,,,,,,,,,,,,False
published_closed_city_scope_Киров,2010.0,2010:014_5ca759eea0_5._20Nizheg_Kirov_202010.xls:Data Sheet:9133,Кисели,деревня,0.0,secondary_confidentiality_protected_value_exact_scope_unverified,/workspace/settlements-raw/data/raw/2010/014_5ca759eea0_5._20Nizheg_Kirov_202010.xls,c286aa10e8ebd8a4594b5623affa0ca1aacb6b69ac09a4a9288eeb754aa81c27,Data Sheet!row_1based=9133.0,True,True,False,False,False,False,atomic_NP_in_complete_published_scope,applied_complete_published_city_territorial_scope,published_complete_city_territory_scope,city_with_published_subordinates,UNKNOWN,False,False,False,False,True,False,published_closed_city_scope_Киров,2010,0.0,secondary_confidentiality_protected_value_exact_scope_unverified,/workspace/settlements-raw/data/raw/2010/014_5ca759eea0_5._20Nizheg_Kirov_202010.xls,c286aa10e8ebd8a4594b5623affa0ca1aacb6b69ac09a4a9288eeb754aa81c27,False,,,,,,,,,,,,,,,,,,,,,,,,,,,False
published_closed_city_scope_Киров,2010.0,2010:014_5ca759eea0_5._20Nizheg_Kirov_202010.xls:Data Sheet:9134,Сарбаи,деревня,3.0,secondary_confidentiality_protected_value_exact_scope_unverified,/workspace/settlements-raw/data/raw/2010/014_5ca759eea0_5._20Nizheg_Kirov_202010.xls,c286aa10e8ebd8a4594b5623affa0ca1aacb6b69ac09a4a9288eeb754aa81c27,Data Sheet!row_1based=9134.0,True,True,False,True,True,False,atomic_NP_in_complete_published_scope,applied_complete_published_city_territorial_scope,published_complete_city_territory_scope,city_with_published_subordinates,UNKNOWN,False,False,False,False,True,False,published_closed_city_scope_Киров,2010,3.0,secondary_confidentiality_protected_value_exact_scope_unverified,/workspace/settlements-raw/data/raw/2010/014_5ca759eea0_5._20Nizheg_Kirov_202010.xls,c286aa10e8ebd8a4594b5623affa0ca1aacb6b69ac09a4a9288eeb754aa81c27,False,,,,,,,,,,,,,,,,,,,,,,,,,,,True
published_closed_city_scope_Киров,2010.0,2010:014_5ca759eea0_5._20Nizheg_Kirov_202010.xls:Data Sheet:9135,Цепели,деревня,12.0,secondary_confidentiality_protected_value_exact_scope_unverified,/workspace/settlements-raw/data/raw/2010/014_5ca759eea0_5._20Nizheg_Kirov_202010.xls,c286aa10e8ebd8a4594b5623affa0ca1aacb6b69ac09a4a9288eeb754aa81c27,Data Sheet!row_1based=9135.0,True,True,False,False,False,False,atomic_NP_in_complete_published_scope,applied_complete_published_city_territorial_scope,published_complete_city_territory_scope,city_with_published_subordinates,UNKNOWN,False,False,False,False,True,False,published_closed_city_scope_Киров,2010,12.0,secondary_confidentiality_protected_value_exact_scope_unverified,/workspace/settlements-raw/data/raw/2010/014_5ca759eea0_5._20Nizheg_Kirov_202010.xls,c286aa10e8ebd8a4594b5623affa0ca1aacb6b69ac09a4a9288eeb754aa81c27,False,,,,,,,,,,,,,,,,,,,,,,,,,,,False
published_closed_city_scope_Киров,2010.0,2010:014_5ca759eea0_5._20Nizheg_Kirov_202010.xls:Data Sheet:9136,Югрино,деревня,66.0,secondary_confidentiality_protected_value_exact_scope_unverified,/workspace/settlements-raw/data/raw/2010/014_5ca759eea0_5._20Nizheg_Kirov_202010.xls,c286aa10e8ebd8a4594b5623affa0ca1aacb6b69ac09a4a9288eeb754aa81c27,Data Sheet!row_1based=9136.0,True,True,False,True,True,False,atomic_NP_in_complete_published_scope,applied_complete_published_city_territorial_scope,published_complete_city_territory_scope,city_with_published_subordinates,UNKNOWN,False,False,False,False,True,False,published_closed_city_scope_Киров,2010,66.0,secondary_confidentiality_protected_value_exact_scope_unverified,/workspace/settlements-raw/data/raw/2010/014_5ca759eea0_5._20Nizheg_Kirov_202010.xls,c286aa10e8ebd8a4594b5623affa0ca1aacb6b69ac09a4a9288eeb754aa81c27,False,,,,,,,,,,,,,,,,,,,,,,,,,,,True
published_closed_city_scope_Киров,2010.0,2010:014_5ca759eea0_5._20Nizheg_Kirov_202010.xls:Data Sheet:9137,Иунинцы,деревня,72.0,secondary_confidentiality_protected_value_exact_scope_unverified,/workspace/settlements-raw/data/raw/2010/014_5ca759eea0_5._20Nizheg_Kirov_202010.xls,c286aa10e8ebd8a4594b5623affa0ca1aacb6b69ac09a4a9288eeb754aa81c27,Data Sheet!row_1based=9137.0,True,True,False,True,True,False,atomic_NP_in_complete_published_scope,applied_complete_published_city_territorial_scope,published_complete_city_territory_scope,city_with_published_subordinates,UNKNOWN,False,False,False,False,True,False,published_closed_city_scope_Киров,2010,72.0,secondary_confidentiality_protected_value_exact_scope_unverified,/workspace/settlements-raw/data/raw/2010/014_5ca759eea0_5._20Nizheg_Kirov_202010.xls,c286aa10e8ebd8a4594b5623affa0ca1aacb6b69ac09a4a9288eeb754aa81c27,False,,,,,,,,,,,,,,,,,,,,,,,,,,,True
published_closed_city_scope_Киров,2010.0,2010:014_5ca759eea0_5._20Nizheg_Kirov_202010.xls:Data Sheet:9138,Чистые Пруды,посёлок,1233.0,secondary_confidentiality_protected_value_exact_scope_unverified,/workspace/settlements-raw/data/raw/2010/014_5ca759eea0_5._20Nizheg_Kirov_202010.xls,c286aa10e8ebd8a4594b5623affa0ca1aacb6b69ac09a4a9288eeb754aa81c27,Data Sheet!row_1based=9138.0,True,True,False,True,True,False,atomic_NP_in_complete_published_scope,applied_complete_published_city_territorial_scope,published_complete_city_territory_scope,city_with_published_subordinates,UNKNOWN,False,False,False,False,True,False,published_closed_city_scope_Киров,2010,1233.0,secondary_confidentiality_protected_value_exact_scope_unverified,/workspace/settlements-raw/data/raw/2010/014_5ca759eea0_5._20Nizheg_Kirov_202010.xls,c286aa10e8ebd8a4594b5623affa0ca1aacb6b69ac09a4a9288eeb754aa81c27,False,,,,,,,,,,,,,,,,,,,,,,,,,,,True
published_closed_city_scope_Киров,2010.0,2010:014_5ca759eea0_5._20Nizheg_Kirov_202010.xls:Data Sheet:9139,Вахренки,деревня,12.0,secondary_confidentiality_protected_value_exact_scope_unverified,/workspace/settlements-raw/data/raw/2010/014_5ca759eea0_5._20Nizheg_Kirov_202010.xls,c286aa10e8ebd8a4594b5623affa0ca1aacb6b69ac09a4a9288eeb754aa81c27,Data Sheet!row_1based=9139.0,True,True,False,True,True,False,atomic_NP_in_complete_published_scope,applied_complete_published_city_territorial_scope,published_complete_city_territory_scope,city_with_published_subordinates,UNKNOWN,False,False,False,False,True,False,published_closed_city_scope_Киров,2010,12.0,secondary_confidentiality_protected_value_exact_scope_unverified,/workspace/settlements-raw/data/raw/2010/014_5ca759eea0_5._20Nizheg_Kirov_202010.xls,c286aa10e8ebd8a4594b5623affa0ca1aacb6b69ac09a4a9288eeb754aa81c27,False,,,,,,,,,,,,,,,,,,,,,,,,,,,True
published_closed_city_scope_Киров,2010.0,2010:014_5ca759eea0_5._20Nizheg_Kirov_202010.xls:Data Sheet:9140,Дуркино,деревня,6.0,secondary_confidentiality_protected_value_exact_scope_unverified,/workspace/settlements-raw/data/raw/2010/014_5ca759eea0_5._20Nizheg_Kirov_202010.xls,c286aa10e8ebd8a4594b5623affa0ca1aacb6b69ac09a4a9288eeb754aa81c27,Data Sheet!row_1based=9140.0,True,True,False,True,True,False,atomic_NP_in_complete_published_scope,applied_complete_published_city_territorial_scope,published_complete_city_territory_scope,city_with_published_subordinates,UNKNOWN,False,False,False,False,True,False,published_closed_city_scope_Киров,2010,6.0,secondary_confidentiality_protected_value_exact_scope_unverified,/workspace/settlements-raw/data/raw/2010/014_5ca759eea0_5._20Nizheg_Kirov_202010.xls,c286aa10e8ebd8a4594b5623affa0ca1aacb6b69ac09a4a9288eeb754aa81c27,False,,,,,,,,,,,,,,,,,,,,,,,,,,,True
published_closed_city_scope_Киров,2010.0,2010:014_5ca759eea0_5._20Nizheg_Kirov_202010.xls:Data Sheet:9141,Камешник,деревня,16.0,secondary_confidentiality_protected_value_exact_scope_unverified,/workspace/settlements-raw/data/raw/2010/014_5ca759eea0_5._20Nizheg_Kirov_202010.xls,c286aa10e8ebd8a4594b5623affa0ca1aacb6b69ac09a4a9288eeb754aa81c27,Data Sheet!row_1based=9141.0,True,True,False,True,True,False,atomic_NP_in_complete_published_scope,applied_complete_published_city_territorial_scope,published_complete_city_territory_scope,city_with_published_subordinates,UNKNOWN,False,False,False,False,True,False,published_closed_city_scope_Киров,2010,16.0,secondary_confidentiality_protected_value_exact_scope_unverified,/workspace/settlements-raw/data/raw/2010/014_5ca759eea0_5._20Nizheg_Kirov_202010.xls,c286aa10e8ebd8a4594b5623affa0ca1aacb6b69ac09a4a9288eeb754aa81c27,False,,,,,,,,,,,,,,,,,,,,,,,,,,,True
published_closed_city_scope_Киров,2010.0,2010:014_5ca759eea0_5._20Nizheg_Kirov_202010.xls:Data Sheet:9142,Кропачи,деревня,5.0,secondary_confidentiality_protected_value_exact_scope_unverified,/workspace/settlements-raw/data/raw/2010/014_5ca759eea0_5._20Nizheg_Kirov_202010.xls,c286aa10e8ebd8a4594b5623affa0ca1aacb6b69ac09a4a9288eeb754aa81c27,Data Sheet!row_1based=9142.0,True,True,False,False,False,False,atomic_NP_in_complete_published_scope,applied_complete_published_city_territorial_scope,published_complete_city_territory_scope,city_with_published_subordinates,UNKNOWN,False,False,False,False,True,False,published_closed_city_scope_Киров,2010,5.0,secondary_confidentiality_protected_value_exact_scope_unverified,/workspace/settlements-raw/data/raw/2010/014_5ca759eea0_5._20Nizheg_Kirov_202010.xls,c286aa10e8ebd8a4594b5623affa0ca1aacb6b69ac09a4a9288eeb754aa81c27,False,,,,,,,,,,,,,,,,,,,,,,,,,,,False
published_closed_city_scope_Киров,2010.0,2010:014_5ca759eea0_5._20Nizheg_Kirov_202010.xls:Data Sheet:9143,Кудино,деревня,8.0,secondary_confidentiality_protected_value_exact_scope_unverified,/workspace/settlements-raw/data/raw/2010/014_5ca759eea0_5._20Nizheg_Kirov_202010.xls,c286aa10e8ebd8a4594b5623affa0ca1aacb6b69ac09a4a9288eeb754aa81c27,Data Sheet!row_1based=9143.0,True,True,False,True,True,False,atomic_NP_in_complete_published_scope,applied_complete_published_city_territorial_scope,published_complete_city_territory_scope,city_with_published_subordinates,UNKNOWN,False,False,False,False,True,False,published_closed_city_scope_Киров,2010,8.0,secondary_confidentiality_protected_value_exact_scope_unverified,/workspace/settlements-raw/data/raw/2010/014_5ca759eea0_5._20Nizheg_Kirov_202010.xls,c286aa10e8ebd8a4594b5623affa0ca1aacb6b69ac09a4a9288eeb754aa81c27,False,,,,,,,,,,,,,,,,,,,,,,,,,,,True
published_closed_city_scope_Киров,2010.0,2010:014_5ca759eea0_5._20Nizheg_Kirov_202010.xls:Data Sheet:9144,Ломовская,деревня,138.0,secondary_confidentiality_protected_value_exact_scope_unverified,/workspace/settlements-raw/data/raw/2010/014_5ca759eea0_5._20Nizheg_Kirov_202010.xls,c286aa10e8ebd8a4594b5623affa0ca1aacb6b69ac09a4a9288eeb754aa81c27,Data Sheet!row_1based=9144.0,True,True,False,True,True,False,atomic_NP_in_complete_published_scope,applied_complete_published_city_territorial_scope,published_complete_city_territory_scope,city_with_published_subordinates,UNKNOWN,False,False,False,False,True,False,published_closed_city_scope_Киров,2010,138.0,secondary_confidentiality_protected_value_exact_scope_unverified,/workspace/settlements-raw/data/raw/2010/014_5ca759eea0_5._20Nizheg_Kirov_202010.xls,c286aa10e8ebd8a4594b5623affa0ca1aacb6b69ac09a4a9288eeb754aa81c27,False,,,,,,,,,,,,,,,,,,,,,,,,,,,True
published_closed_city_scope_Киров,2010.0,2010:014_5ca759eea0_5._20Nizheg_Kirov_202010.xls:Data Sheet:9145,Никуленки,деревня,15.0,secondary_confidentiality_protected_value_exact_scope_unverified,/workspace/settlements-raw/data/raw/2010/014_5ca759eea0_5._20Nizheg_Kirov_202010.xls,c286aa10e8ebd8a4594b5623affa0ca1aacb6b69ac09a4a9288eeb754aa81c27,Data Sheet!row_1based=9145.0,True,True,False,True,True,False,atomic_NP_in_complete_published_scope,applied_complete_published_city_territorial_scope,published_complete_city_territory_scope,city_with_published_subordinates,UNKNOWN,False,False,False,False,True,False,published_closed_city_scope_Киров,2010,15.0,secondary_confidentiality_protected_value_exact_scope_unverified,/workspace/settlements-raw/data/raw/2010/014_5ca759eea0_5._20Nizheg_Kirov_202010.xls,c286aa10e8ebd8a4594b5623affa0ca1aacb6b69ac09a4a9288eeb754aa81c27,False,,,,,,,,,,,,,,,,,,,,,,,,,,,True
published_closed_city_scope_Киров,2010.0,2010:014_5ca759eea0_5._20Nizheg_Kirov_202010.xls:Data Sheet:9146,Полевщина,деревня,3.0,secondary_confidentiality_protected_value_exact_scope_unverified,/workspace/settlements-raw/data/raw/2010/014_5ca759eea0_5._20Nizheg_Kirov_202010.xls,c286aa10e8ebd8a4594b5623affa0ca1aacb6b69ac09a4a9288eeb754aa81c27,Data Sheet!row_1based=9146.0,True,True,False,True,True,False,atomic_NP_in_complete_published_scope,applied_complete_published_city_territorial_scope,published_complete_city_territory_scope,city_with_published_subordinates,UNKNOWN,False,False,False,False,True,False,published_closed_city_scope_Киров,2010,3.0,secondary_confidentiality_protected_value_exact_scope_unverified,/workspace/settlements-raw/data/raw/2010/014_5ca759eea0_5._20Nizheg_Kirov_202010.xls,c286aa10e8ebd8a4594b5623affa0ca1aacb6b69ac09a4a9288eeb754aa81c27,False,,,,,,,,,,,,,,,,,,,,,,,,,,,True
published_closed_city_scope_Киров,2010.0,2010:014_5ca759eea0_5._20Nizheg_Kirov_202010.xls:Data Sheet:9147,Пеньково,деревня,21.0,secondary_confidentiality_protected_value_exact_scope_unverified,/workspace/settlements-raw/data/raw/2010/014_5ca759eea0_5._20Nizheg_Kirov_202010.xls,c286aa10e8ebd8a4594b5623affa0ca1aacb6b69ac09a4a9288eeb754aa81c27,Data Sheet!row_1based=9147.0,True,True,False,True,True,False,atomic_NP_in_complete_published_scope,applied_complete_published_city_territorial_scope,published_complete_city_territory_scope,city_with_published_subordinates,UNKNOWN,False,False,False,False,True,False,published_closed_city_scope_Киров,2010,21.0,secondary_confidentiality_protected_value_exact_scope_unverified,/workspace/settlements-raw/data/raw/2010/014_5ca759eea0_5._20Nizheg_Kirov_202010.xls,c286aa10e8ebd8a4594b5623affa0ca1aacb6b69ac09a4a9288eeb754aa81c27,False,,,,,,,,,,,,,,,,,,,,,,,,,,,True
published_closed_city_scope_Киров,2010.0,2010:014_5ca759eea0_5._20Nizheg_Kirov_202010.xls:Data Sheet:9148,Русское,деревня,3.0,secondary_confidentiality_protected_value_exact_scope_unverified,/workspace/settlements-raw/data/raw/2010/014_5ca759eea0_5._20Nizheg_Kirov_202010.xls,c286aa10e8ebd8a4594b5623affa0ca1aacb6b69ac09a4a9288eeb754aa81c27,Data Sheet!row_1based=9148.0,True,True,False,False,False,False,atomic_NP_in_complete_published_scope,applied_complete_published_city_territorial_scope,published_complete_city_territory_scope,city_with_published_subordinates,UNKNOWN,False,False,False,False,True,False,published_closed_city_scope_Киров,2010,3.0,secondary_confidentiality_protected_value_exact_scope_unverified,/workspace/settlements-raw/data/raw/2010/014_5ca759eea0_5._20Nizheg_Kirov_202010.xls,c286aa10e8ebd8a4594b5623affa0ca1aacb6b69ac09a4a9288eeb754aa81c27,False,,,,,,,,,,,,,,,,,,,,,,,,,,,False
published_closed_city_scope_Киров,2010.0,2010:014_5ca759eea0_5._20Nizheg_Kirov_202010.xls:Data Sheet:9149,Сватково,деревня,31.0,secondary_confidentiality_protected_value_exact_scope_unverified,/workspace/settlements-raw/data/raw/2010/014_5ca759eea0_5._20Nizheg_Kirov_202010.xls,c286aa10e8ebd8a4594b5623affa0ca1aacb6b69ac09a4a9288eeb754aa81c27,Data Sheet!row_1based=9149.0,True,True,False,True,True,False,atomic_NP_in_complete_published_scope,applied_complete_published_city_territorial_scope,published_complete_city_territory_scope,city_with_published_subordinates,UNKNOWN,False,False,False,False,True,False,published_closed_city_scope_Киров,2010,31.0,secondary_confidentiality_protected_value_exact_scope_unverified,/workspace/settlements-raw/data/raw/2010/014_5ca759eea0_5._20Nizheg_Kirov_202010.xls,c286aa10e8ebd8a4594b5623affa0ca1aacb6b69ac09a4a9288eeb754aa81c27,False,,,,,,,,,,,,,,,,,,,,,,,,,,,True
published_closed_city_scope_Киров,2010.0,2010:014_5ca759eea0_5._20Nizheg_Kirov_202010.xls:Data Sheet:9150,Шустовы,деревня,7.0,secondary_confidentiality_protected_value_exact_scope_unverified,/workspace/settlements-raw/data/raw/2010/014_5ca759eea0_5._20Nizheg_Kirov_202010.xls,c286aa10e8ebd8a4594b5623affa0ca1aacb6b69ac09a4a9288eeb754aa81c27,Data Sheet!row_1based=9150.0,True,True,False,False,False,False,atomic_NP_in_complete_published_scope,applied_complete_published_city_territorial_scope,published_complete_city_territory_scope,city_with_published_subordinates,UNKNOWN,False,False,False,False,True,False,published_closed_city_scope_Киров,2010,7.0,secondary_confidentiality_protected_value_exact_scope_unverified,/workspace/settlements-raw/data/raw/2010/014_5ca759eea0_5._20Nizheg_Kirov_202010.xls,c286aa10e8ebd8a4594b5623affa0ca1aacb6b69ac09a4a9288eeb754aa81c27,False,,,,,,,,,,,,,,,,,,,,,,,,,,,False
published_closed_city_scope_Киров,2010.0,2010:014_5ca759eea0_5._20Nizheg_Kirov_202010.xls:Data Sheet:9151,Шкляевская,деревня,68.0,secondary_confidentiality_protected_value_exact_scope_unverified,/workspace/settlements-raw/data/raw/2010/014_5ca759eea0_5._20Nizheg_Kirov_202010.xls,c286aa10e8ebd8a4594b5623affa0ca1aacb6b69ac09a4a9288eeb754aa81c27,Data Sheet!row_1based=9151.0,True,True,False,True,True,False,atomic_NP_in_complete_published_scope,applied_complete_published_city_territorial_scope,published_complete_city_territory_scope,city_with_published_subordinates,UNKNOWN,False,False,False,False,True,False,published_closed_city_scope_Киров,2010,68.0,secondary_confidentiality_protected_value_exact_scope_unverified,/workspace/settlements-raw/data/raw/2010/014_5ca759eea0_5._20Nizheg_Kirov_202010.xls,c286aa10e8ebd8a4594b5623affa0ca1aacb6b69ac09a4a9288eeb754aa81c27,False,,,,,,,,,,,,,,,,,,,,,,,,,,,True
published_closed_city_scope_Киров,2010.0,2010:014_5ca759eea0_5._20Nizheg_Kirov_202010.xls:Data Sheet:9152,Олинцы,деревня,0.0,secondary_confidentiality_protected_value_exact_scope_unverified,/workspace/settlements-raw/data/raw/2010/014_5ca759eea0_5._20Nizheg_Kirov_202010.xls,c286aa10e8ebd8a4594b5623affa0ca1aacb6b69ac09a4a9288eeb754aa81c27,Data Sheet!row_1based=9152.0,True,True,False,True,True,False,atomic_NP_in_complete_published_scope,applied_complete_published_city_territorial_scope,published_complete_city_territory_scope,city_with_published_subordinates,UNKNOWN,False,False,False,False,True,False,published_closed_city_scope_Киров,2010,0.0,secondary_confidentiality_protected_value_exact_scope_unverified,/workspace/settlements-raw/data/raw/2010/014_5ca759eea0_5._20Nizheg_Kirov_202010.xls,c286aa10e8ebd8a4594b5623affa0ca1aacb6b69ac09a4a9288eeb754aa81c27,False,,,,,,,,,,,,,,,,,,,,,,,,,,,True
published_closed_city_scope_Киров,2010.0,2010:014_5ca759eea0_5._20Nizheg_Kirov_202010.xls:Data Sheet:9153,Козулинцы,деревня,4.0,secondary_confidentiality_protected_value_exact_scope_unverified,/workspace/settlements-raw/data/raw/2010/014_5ca759eea0_5._20Nizheg_Kirov_202010.xls,c286aa10e8ebd8a4594b5623affa0ca1aacb6b69ac09a4a9288eeb754aa81c27,Data Sheet!row_1based=9153.0,True,True,False,True,True,False,atomic_NP_in_complete_published_scope,applied_complete_published_city_territorial_scope,published_complete_city_territory_scope,city_with_published_subordinates,UNKNOWN,False,False,False,False,True,False,published_closed_city_scope_Киров,2010,4.0,secondary_confidentiality_protected_value_exact_scope_unverified,/workspace/settlements-raw/data/raw/2010/014_5ca759eea0_5._20Nizheg_Kirov_202010.xls,c286aa10e8ebd8a4594b5623affa0ca1aacb6b69ac09a4a9288eeb754aa81c27,False,,,,,,,,,,,,,,,,,,,,,,,,,,,True
published_closed_city_scope_Киров,2010.0,2010:014_5ca759eea0_5._20Nizheg_Kirov_202010.xls:Data Sheet:9154,Дряхловщина,деревня,18.0,secondary_confidentiality_protected_value_exact_scope_unverified,/workspace/settlements-raw/data/raw/2010/014_5ca759eea0_5._20Nizheg_Kirov_202010.xls,c286aa10e8ebd8a4594b5623affa0ca1aacb6b69ac09a4a9288eeb754aa81c27,Data Sheet!row_1based=9154.0,True,True,False,True,True,False,atomic_NP_in_complete_published_scope,applied_complete_published_city_territorial_scope,published_complete_city_territory_scope,city_with_published_subordinates,UNKNOWN,False,False,False,False,True,False,published_closed_city_scope_Киров,2010,18.0,secondary_confidentiality_protected_value_exact_scope_unverified,/workspace/settlements-raw/data/raw/2010/014_5ca759eea0_5._20Nizheg_Kirov_202010.xls,c286aa10e8ebd8a4594b5623affa0ca1aacb6b69ac09a4a9288eeb754aa81c27,False,,,,,,,,,,,,,,,,,,,,,,,,,,,True
published_closed_city_scope_Киров,2010.0,2010:014_5ca759eea0_5._20Nizheg_Kirov_202010.xls:Data Sheet:9155,Кобели,деревня,0.0,secondary_confidentiality_protected_value_exact_scope_unverified,/workspace/settlements-raw/data/raw/2010/014_5ca759eea0_5._20Nizheg_Kirov_202010.xls,c286aa10e8ebd8a4594b5623affa0ca1aacb6b69ac09a4a9288eeb754aa81c27,Data Sheet!row_1based=9155.0,True,True,False,False,False,False,atomic_NP_in_complete_published_scope,applied_complete_published_city_territorial_scope,published_complete_city_territory_scope,city_with_published_subordinates,UNKNOWN,False,False,False,False,True,False,published_closed_city_scope_Киров,2010,0.0,secondary_confidentiality_protected_value_exact_scope_unverified,/workspace/settlements-raw/data/raw/2010/014_5ca759eea0_5._20Nizheg_Kirov_202010.xls,c286aa10e8ebd8a4594b5623affa0ca1aacb6b69ac09a4a9288eeb754aa81c27,False,,,,,,,,,,,,,,,,,,,,,,,,,,,False
published_closed_city_scope_Киров,2010.0,2010:014_5ca759eea0_5._20Nizheg_Kirov_202010.xls:Data Sheet:9156,Седуновщина,деревня,17.0,secondary_confidentiality_protected_value_exact_scope_unverified,/workspace/settlements-raw/data/raw/2010/014_5ca759eea0_5._20Nizheg_Kirov_202010.xls,c286aa10e8ebd8a4594b5623affa0ca1aacb6b69ac09a4a9288eeb754aa81c27,Data Sheet!row_1based=9156.0,True,True,False,True,True,False,atomic_NP_in_complete_published_scope,applied_complete_published_city_territorial_scope,published_complete_city_territory_scope,city_with_published_subordinates,UNKNOWN,False,False,False,False,True,False,published_closed_city_scope_Киров,2010,17.0,secondary_confidentiality_protected_value_exact_scope_unverified,/workspace/settlements-raw/data/raw/2010/014_5ca759eea0_5._20Nizheg_Kirov_202010.xls,c286aa10e8ebd8a4594b5623affa0ca1aacb6b69ac09a4a9288eeb754aa81c27,False,,,,,,,,,,,,,,,,,,,,,,,,,,,True
published_closed_city_scope_Киров,2010.0,2010:014_5ca759eea0_5._20Nizheg_Kirov_202010.xls:Data Sheet:9157,Чирки,деревня,14.0,secondary_confidentiality_protected_value_exact_scope_unverified,/workspace/settlements-raw/data/raw/2010/014_5ca759eea0_5._20Nizheg_Kirov_202010.xls,c286aa10e8ebd8a4594b5623affa0ca1aacb6b69ac09a4a9288eeb754aa81c27,Data Sheet!row_1based=9157.0,True,True,False,False,False,False,atomic_NP_in_complete_published_scope,applied_complete_published_city_territorial_scope,published_complete_city_territory_scope,city_with_published_subordinates,UNKNOWN,False,False,False,False,True,False,published_closed_city_scope_Киров,2010,14.0,secondary_confidentiality_protected_value_exact_scope_unverified,/workspace/settlements-raw/data/raw/2010/014_5ca759eea0_5._20Nizheg_Kirov_202010.xls,c286aa10e8ebd8a4594b5623affa0ca1aacb6b69ac09a4a9288eeb754aa81c27,False,,,,,,,,,,,,,,,,,,,,,,,,,,,False
published_closed_city_scope_Киров,2010.0,2010:014_5ca759eea0_5._20Nizheg_Kirov_202010.xls:Data Sheet:9158,Бахта,село,2100.0,secondary_confidentiality_protected_value_exact_scope_unverified,/workspace/settlements-raw/data/raw/2010/014_5ca759eea0_5._20Nizheg_Kirov_202010.xls,c286aa10e8ebd8a4594b5623affa0ca1aacb6b69ac09a4a9288eeb754aa81c27,Data Sheet!row_1based=9158.0,True,True,False,True,True,False,atomic_NP_in_complete_published_scope,applied_complete_published_city_territorial_scope,published_complete_city_territory_scope,city_with_published_subordinates,UNKNOWN,False,False,False,False,True,False,published_closed_city_scope_Киров,2010,2100.0,secondary_confidentiality_protected_value_exact_scope_unverified,/workspace/settlements-raw/data/raw/2010/014_5ca759eea0_5._20Nizheg_Kirov_202010.xls,c286aa10e8ebd8a4594b5623affa0ca1aacb6b69ac09a4a9288eeb754aa81c27,False,,,,,,,,,,,,,,,,,,,,,,,,,,,True
published_closed_city_scope_Киров,2010.0,2010:014_5ca759eea0_5._20Nizheg_Kirov_202010.xls:Data Sheet:9159,Балезинщина,деревня,82.0,secondary_confidentiality_protected_value_exact_scope_unverified,/workspace/settlements-raw/data/raw/2010/014_5ca759eea0_5._20Nizheg_Kirov_202010.xls,c286aa10e8ebd8a4594b5623affa0ca1aacb6b69ac09a4a9288eeb754aa81c27,Data Sheet!row_1based=9159.0,True,True,False,True,True,False,atomic_NP_in_complete_published_scope,applied_complete_published_city_territorial_scope,published_complete_city_territory_scope,city_with_published_subordinates,UNKNOWN,False,False,False,False,True,False,published_closed_city_scope_Киров,2010,82.0,secondary_confidentiality_protected_value_exact_scope_unverified,/workspace/settlements-raw/data/raw/2010/014_5ca759eea0_5._20Nizheg_Kirov_202010.xls,c286aa10e8ebd8a4594b5623affa0ca1aacb6b69ac09a4a9288eeb754aa81c27,False,,,,,,,,,,,,,,,,,,,,,,,,,,,True
published_closed_city_scope_Киров,2010.0,2010:014_5ca759eea0_5._20Nizheg_Kirov_202010.xls:Data Sheet:9160,Барановская,деревня,3.0,secondary_confidentiality_protected_value_exact_scope_unverified,/workspace/settlements-raw/data/raw/2010/014_5ca759eea0_5._20Nizheg_Kirov_202010.xls,c286aa10e8ebd8a4594b5623affa0ca1aacb6b69ac09a4a9288eeb754aa81c27,Data Sheet!row_1based=9160.0,True,True,False,True,True,False,atomic_NP_in_complete_published_scope,applied_complete_published_city_territorial_scope,published_complete_city_territory_scope,city_with_published_subordinates,UNKNOWN,False,False,False,False,True,False,published_closed_city_scope_Киров,2010,3.0,secondary_confidentiality_protected_value_exact_scope_unverified,/workspace/settlements-raw/data/raw/2010/014_5ca759eea0_5._20Nizheg_Kirov_202010.xls,c286aa10e8ebd8a4594b5623affa0ca1aacb6b69ac09a4a9288eeb754aa81c27,False,,,,,,,,,,,,,,,,,,,,,,,,,,,True
published_closed_city_scope_Киров,2010.0,2010:014_5ca759eea0_5._20Nizheg_Kirov_202010.xls:Data Sheet:9161,Быково,деревня,0.0,secondary_confidentiality_protected_value_exact_scope_unverified,/workspace/settlements-raw/data/raw/2010/014_5ca759eea0_5._20Nizheg_Kirov_202010.xls,c286aa10e8ebd8a4594b5623affa0ca1aacb6b69ac09a4a9288eeb754aa81c27,Data Sheet!row_1based=9161.0,True,True,False,False,False,False,atomic_NP_in_complete_published_scope,applied_complete_published_city_territorial_scope,published_complete_city_territory_scope,city_with_published_subordinates,UNKNOWN,False,False,False,False,True,False,published_closed_city_scope_Киров,2010,0.0,secondary_confidentiality_protected_value_exact_scope_unverified,/workspace/settlements-raw/data/raw/2010/014_5ca759eea0_5._20Nizheg_Kirov_202010.xls,c286aa10e8ebd8a4594b5623affa0ca1aacb6b69ac09a4a9288eeb754aa81c27,False,,,,,,,,,,,,,,,,,,,,,,,,,,,False
published_closed_city_scope_Киров,2010.0,2010:014_5ca759eea0_5._20Nizheg_Kirov_202010.xls:Data Sheet:9162,Загоски,деревня,34.0,secondary_confidentiality_protected_value_exact_scope_unverified,/workspace/settlements-raw/data/raw/2010/014_5ca759eea0_5._20Nizheg_Kirov_202010.xls,c286aa10e8ebd8a4594b5623affa0ca1aacb6b69ac09a4a9288eeb754aa81c27,Data Sheet!row_1based=9162.0,True,True,False,True,True,False,atomic_NP_in_complete_published_scope,applied_complete_published_city_territorial_scope,published_complete_city_territory_scope,city_with_published_subordinates,UNKNOWN,False,False,False,False,True,False,published_closed_city_scope_Киров,2010,34.0,secondary_confidentiality_protected_value_exact_scope_unverified,/workspace/settlements-raw/data/raw/2010/014_5ca759eea0_5._20Nizheg_Kirov_202010.xls,c286aa10e8ebd8a4594b5623affa0ca1aacb6b69ac09a4a9288eeb754aa81c27,False,,,,,,,,,,,,,,,,,,,,,,,,,,,True
published_closed_city_scope_Киров,2010.0,2010:014_5ca759eea0_5._20Nizheg_Kirov_202010.xls:Data Sheet:9163,Зубковы,деревня,0.0,secondary_confidentiality_protected_value_exact_scope_unverified,/workspace/settlements-raw/data/raw/2010/014_5ca759eea0_5._20Nizheg_Kirov_202010.xls,c286aa10e8ebd8a4594b5623affa0ca1aacb6b69ac09a4a9288eeb754aa81c27,Data Sheet!row_1based=9163.0,True,True,False,True,True,False,atomic_NP_in_complete_published_scope,applied_complete_published_city_territorial_scope,published_complete_city_territory_scope,city_with_published_subordinates,UNKNOWN,False,False,False,False,True,False,published_closed_city_scope_Киров,2010,0.0,secondary_confidentiality_protected_value_exact_scope_unverified,/workspace/settlements-raw/data/raw/2010/014_5ca759eea0_5._20Nizheg_Kirov_202010.xls,c286aa10e8ebd8a4594b5623affa0ca1aacb6b69ac09a4a9288eeb754aa81c27,False,,,,,,,,,,,,,,,,,,,,,,,,,,,True
published_closed_city_scope_Киров,2010.0,2010:014_5ca759eea0_5._20Nizheg_Kirov_202010.xls:Data Sheet:9164,Колобовщина,деревня,70.0,secondary_confidentiality_protected_value_exact_scope_unverified,/workspace/settlements-raw/data/raw/2010/014_5ca759eea0_5._20Nizheg_Kirov_202010.xls,c286aa10e8ebd8a4594b5623affa0ca1aacb6b69ac09a4a9288eeb754aa81c27,Data Sheet!row_1based=9164.0,True,True,False,True,True,False,atomic_NP_in_complete_published_scope,applied_complete_published_city_territorial_scope,published_complete_city_territory_scope,city_with_published_subordinates,UNKNOWN,False,False,False,False,True,False,published_closed_city_scope_Киров,2010,70.0,secondary_confidentiality_protected_value_exact_scope_unverified,/workspace/settlements-raw/data/raw/2010/014_5ca759eea0_5._20Nizheg_Kirov_202010.xls,c286aa10e8ebd8a4594b5623affa0ca1aacb6b69ac09a4a9288eeb754aa81c27,False,,,,,,,,,,,,,,,,,,,,,,,,,,,True
published_closed_city_scope_Киров,2010.0,2010:014_5ca759eea0_5._20Nizheg_Kirov_202010.xls:Data Sheet:9165,Коробовская,деревня,0.0,secondary_confidentiality_protected_value_exact_scope_unverified,/workspace/settlements-raw/data/raw/2010/014_5ca759eea0_5._20Nizheg_Kirov_202010.xls,c286aa10e8ebd8a4594b5623affa0ca1aacb6b69ac09a4a9288eeb754aa81c27,Data Sheet!row_1based=9165.0,True,True,False,True,True,False,atomic_NP_in_complete_published_scope,applied_complete_published_city_territorial_scope,published_complete_city_territory_scope,city_with_published_subordinates,UNKNOWN,False,False,False,False,True,False,published_closed_city_scope_Киров,2010,0.0,secondary_confidentiality_protected_value_exact_scope_unverified,/workspace/settlements-raw/data/raw/2010/014_5ca759eea0_5._20Nizheg_Kirov_202010.xls,c286aa10e8ebd8a4594b5623affa0ca1aacb6b69ac09a4a9288eeb754aa81c27,False,,,,,,,,,,,,,,,,,,,,,,,,,,,True
published_closed_city_scope_Киров,2010.0,2010:014_5ca759eea0_5._20Nizheg_Kirov_202010.xls:Data Sheet:9166,Репки,деревня,9.0,secondary_confidentiality_protected_value_exact_scope_unverified,/workspace/settlements-raw/data/raw/2010/014_5ca759eea0_5._20Nizheg_Kirov_202010.xls,c286aa10e8ebd8a4594b5623affa0ca1aacb6b69ac09a4a9288eeb754aa81c27,Data Sheet!row_1based=9166.0,True,True,False,True,True,False,atomic_NP_in_complete_published_scope,applied_complete_published_city_territorial_scope,published_complete_city_territory_scope,city_with_published_subordinates,UNKNOWN,False,False,False,False,True,False,published_closed_city_scope_Киров,2010,9.0,secondary_confidentiality_protected_value_exact_scope_unverified,/workspace/settlements-raw/data/raw/2010/014_5ca759eea0_5._20Nizheg_Kirov_202010.xls,c286aa10e8ebd8a4594b5623affa0ca1aacb6b69ac09a4a9288eeb754aa81c27,False,,,,,,,,,,,,,,,,,,,,,,,,,,,True
published_closed_city_scope_Киров,2010.0,2010:014_5ca759eea0_5._20Nizheg_Kirov_202010.xls:Data Sheet:9167,Сосновый,посёлок,382.0,secondary_confidentiality_protected_value_exact_scope_unverified,/workspace/settlements-raw/data/raw/2010/014_5ca759eea0_5._20Nizheg_Kirov_202010.xls,c286aa10e8ebd8a4594b5623affa0ca1aacb6b69ac09a4a9288eeb754aa81c27,Data Sheet!row_1based=9167.0,True,True,False,True,True,False,atomic_NP_in_complete_published_scope,applied_complete_published_city_territorial_scope,published_complete_city_territory_scope,city_with_published_subordinates,UNKNOWN,False,False,False,False,True,False,published_closed_city_scope_Киров,2010,382.0,secondary_confidentiality_protected_value_exact_scope_unverified,/workspace/settlements-raw/data/raw/2010/014_5ca759eea0_5._20Nizheg_Kirov_202010.xls,c286aa10e8ebd8a4594b5623affa0ca1aacb6b69ac09a4a9288eeb754aa81c27,False,,,,,,,,,,,,,,,,,,,,,,,,,,,True
published_closed_city_scope_Киров,2010.0,2010:014_5ca759eea0_5._20Nizheg_Kirov_202010.xls:Data Sheet:9168,Чарушины,деревня,25.0,secondary_confidentiality_protected_value_exact_scope_unverified,/workspace/settlements-raw/data/raw/2010/014_5ca759eea0_5._20Nizheg_Kirov_202010.xls,c286aa10e8ebd8a4594b5623affa0ca1aacb6b69ac09a4a9288eeb754aa81c27,Data Sheet!row_1based=9168.0,True,True,False,True,True,False,atomic_NP_in_complete_published_scope,applied_complete_published_city_territorial_scope,published_complete_city_territory_scope,city_with_published_subordinates,UNKNOWN,False,False,False,False,True,False,published_closed_city_scope_Киров,2010,25.0,secondary_confidentiality_protected_value_exact_scope_unverified,/workspace/settlements-raw/data/raw/2010/014_5ca759eea0_5._20Nizheg_Kirov_202010.xls,c286aa10e8ebd8a4594b5623affa0ca1aacb6b69ac09a4a9288eeb754aa81c27,False,,,,,,,,,,,,,,,,,,,,,,,,,,,True
published_closed_city_scope_Киров,2010.0,2010:014_5ca759eea0_5._20Nizheg_Kirov_202010.xls:Data Sheet:9169,Эсауловы,деревня,20.0,secondary_confidentiality_protected_value_exact_scope_unverified,/workspace/settlements-raw/data/raw/2010/014_5ca759eea0_5._20Nizheg_Kirov_202010.xls,c286aa10e8ebd8a4594b5623affa0ca1aacb6b69ac09a4a9288eeb754aa81c27,Data Sheet!row_1based=9169.0,True,True,False,True,True,False,atomic_NP_in_complete_published_scope,applied_complete_published_city_territorial_scope,published_complete_city_territory_scope,city_with_published_subordinates,UNKNOWN,False,False,False,False,True,False,published_closed_city_scope_Киров,2010,20.0,secondary_confidentiality_protected_value_exact_scope_unverified,/workspace/settlements-raw/data/raw/2010/014_5ca759eea0_5._20Nizheg_Kirov_202010.xls,c286aa10e8ebd8a4594b5623affa0ca1aacb6b69ac09a4a9288eeb754aa81c27,False,,,,,,,,,,,,,,,,,,,,,,,,,,,True
published_closed_city_scope_Киров,2010.0,2010:014_5ca759eea0_5._20Nizheg_Kirov_202010.xls:Data Sheet:9170,Ямново,деревня,15.0,secondary_confidentiality_protected_value_exact_scope_unverified,/workspace/settlements-raw/data/raw/2010/014_5ca759eea0_5._20Nizheg_Kirov_202010.xls,c286aa10e8ebd8a4594b5623affa0ca1aacb6b69ac09a4a9288eeb754aa81c27,Data Sheet!row_1based=9170.0,True,True,False,True,True,False,atomic_NP_in_complete_published_scope,applied_complete_published_city_territorial_scope,published_complete_city_territory_scope,city_with_published_subordinates,UNKNOWN,False,False,False,False,True,False,published_closed_city_scope_Киров,2010,15.0,secondary_confidentiality_protected_value_exact_scope_unverified,/workspace/settlements-raw/data/raw/2010/014_5ca759eea0_5._20Nizheg_Kirov_202010.xls,c286aa10e8ebd8a4594b5623affa0ca1aacb6b69ac09a4a9288eeb754aa81c27,False,,,,,,,,,,,,,,,,,,,,,,,,,,,True
published_closed_city_scope_Киров,2010.0,2010:014_5ca759eea0_5._20Nizheg_Kirov_202010.xls:Data Sheet:9171,Ганино,посёлок,2254.0,secondary_confidentiality_protected_value_exact_scope_unverified,/workspace/settlements-raw/data/raw/2010/014_5ca759eea0_5._20Nizheg_Kirov_202010.xls,c286aa10e8ebd8a4594b5623affa0ca1aacb6b69ac09a4a9288eeb754aa81c27,Data Sheet!row_1based=9171.0,True,True,False,True,True,False,atomic_NP_in_complete_published_scope,applied_complete_published_city_territorial_scope,published_complete_city_territory_scope,city_with_published_subordinates,UNKNOWN,False,False,False,False,True,False,published_closed_city_scope_Киров,2010,2254.0,secondary_confidentiality_protected_value_exact_scope_unverified,/workspace/settlements-raw/data/raw/2010/014_5ca759eea0_5._20Nizheg_Kirov_202010.xls,c286aa10e8ebd8a4594b5623affa0ca1aacb6b69ac09a4a9288eeb754aa81c27,False,,,,,,,,,,,,,,,,,,,,,,,,,,,True
published_closed_city_scope_Киров,2010.0,2010:014_5ca759eea0_5._20Nizheg_Kirov_202010.xls:Data Sheet:9172,Большая Гора,деревня,404.0,secondary_confidentiality_protected_value_exact_scope_unverified,/workspace/settlements-raw/data/raw/2010/014_5ca759eea0_5._20Nizheg_Kirov_202010.xls,c286aa10e8ebd8a4594b5623affa0ca1aacb6b69ac09a4a9288eeb754aa81c27,Data Sheet!row_1based=9172.0,True,True,False,True,True,False,atomic_NP_in_complete_published_scope,applied_complete_published_city_territorial_scope,published_complete_city_territory_scope,city_with_published_subordinates,UNKNOWN,False,False,False,False,True,False,published_closed_city_scope_Киров,2010,404.0,secondary_confidentiality_protected_value_exact_scope_unverified,/workspace/settlements-raw/data/raw/2010/014_5ca759eea0_5._20Nizheg_Kirov_202010.xls,c286aa10e8ebd8a4594b5623affa0ca1aacb6b69ac09a4a9288eeb754aa81c27,False,,,,,,,,,,,,,,,,,,,,,,,,,,,True
published_closed_city_scope_Киров,2010.0,2010:014_5ca759eea0_5._20Nizheg_Kirov_202010.xls:Data Sheet:9173,Боровые,деревня,3.0,secondary_confidentiality_protected_value_exact_scope_unverified,/workspace/settlements-raw/data/raw/2010/014_5ca759eea0_5._20Nizheg_Kirov_202010.xls,c286aa10e8ebd8a4594b5623affa0ca1aacb6b69ac09a4a9288eeb754aa81c27,Data Sheet!row_1based=9173.0,True,True,False,False,False,False,atomic_NP_in_complete_published_scope,applied_complete_published_city_territorial_scope,published_complete_city_territory_scope,city_with_published_subordinates,UNKNOWN,False,False,False,False,True,False,published_closed_city_scope_Киров,2010,3.0,secondary_confidentiality_protected_value_exact_scope_unverified,/workspace/settlements-raw/data/raw/2010/014_5ca759eea0_5._20Nizheg_Kirov_202010.xls,c286aa10e8ebd8a4594b5623affa0ca1aacb6b69ac09a4a9288eeb754aa81c27,False,,,,,,,,,,,,,,,,,,,,,,,,,,,False
published_closed_city_scope_Киров,2010.0,2010:014_5ca759eea0_5._20Nizheg_Kirov_202010.xls:Data Sheet:9174,14 км,железнодорожный объект,0.0,secondary_confidentiality_protected_value_exact_scope_unverified,/workspace/settlements-raw/data/raw/2010/014_5ca759eea0_5._20Nizheg_Kirov_202010.xls,c286aa10e8ebd8a4594b5623affa0ca1aacb6b69ac09a4a9288eeb754aa81c27,Data Sheet!row_1based=9174.0,True,True,False,False,False,False,atomic_NP_in_complete_published_scope,applied_complete_published_city_territorial_scope,published_complete_city_territory_scope,city_with_published_subordinates,UNKNOWN,False,False,False,False,True,False,published_closed_city_scope_Киров,2010,0.0,secondary_confidentiality_protected_value_exact_scope_unverified,/workspace/settlements-raw/data/raw/2010/014_5ca759eea0_5._20Nizheg_Kirov_202010.xls,c286aa10e8ebd8a4594b5623affa0ca1aacb6b69ac09a4a9288eeb754aa81c27,False,,,,,,,,,,,,,,,,,,,,,,,,,,,False
published_closed_city_scope_Киров,2010.0,2010:014_5ca759eea0_5._20Nizheg_Kirov_202010.xls:Data Sheet:9175,Верещагино,деревня,47.0,secondary_confidentiality_protected_value_exact_scope_unverified,/workspace/settlements-raw/data/raw/2010/014_5ca759eea0_5._20Nizheg_Kirov_202010.xls,c286aa10e8ebd8a4594b5623affa0ca1aacb6b69ac09a4a9288eeb754aa81c27,Data Sheet!row_1based=9175.0,True,True,False,False,True,False,atomic_NP_in_complete_published_scope,applied_complete_published_city_territorial_scope,published_complete_city_territory_scope,city_with_published_subordinates,UNKNOWN,False,False,False,False,True,False,published_closed_city_scope_Киров,2010,47.0,secondary_confidentiality_protected_value_exact_scope_unverified,/workspace/settlements-raw/data/raw/2010/014_5ca759eea0_5._20Nizheg_Kirov_202010.xls,c286aa10e8ebd8a4594b5623affa0ca1aacb6b69ac09a4a9288eeb754aa81c27,False,,,,,,,,,,,,,,,,,,,,,,,,,,,False
published_closed_city_scope_Киров,2010.0,2010:014_5ca759eea0_5._20Nizheg_Kirov_202010.xls:Data Sheet:9176,Елпаши,деревня,0.0,secondary_confidentiality_protected_value_exact_scope_unverified,/workspace/settlements-raw/data/raw/2010/014_5ca759eea0_5._20Nizheg_Kirov_202010.xls,c286aa10e8ebd8a4594b5623affa0ca1aacb6b69ac09a4a9288eeb754aa81c27,Data Sheet!row_1based=9176.0,True,True,False,True,True,False,atomic_NP_in_complete_published_scope,applied_complete_published_city_territorial_scope,published_complete_city_territory_scope,city_with_published_subordinates,UNKNOWN,False,False,False,False,True,False,published_closed_city_scope_Киров,2010,0.0,secondary_confidentiality_protected_value_exact_scope_unverified,/workspace/settlements-raw/data/raw/2010/014_5ca759eea0_5._20Nizheg_Kirov_202010.xls,c286aa10e8ebd8a4594b5623affa0ca1aacb6b69ac09a4a9288eeb754aa81c27,False,,,,,,,,,,,,,,,,,,,,,,,,,,,True
published_closed_city_scope_Киров,2010.0,2010:014_5ca759eea0_5._20Nizheg_Kirov_202010.xls:Data Sheet:9177,17 км,железнодорожный объект,0.0,secondary_confidentiality_protected_value_exact_scope_unverified,/workspace/settlements-raw/data/raw/2010/014_5ca759eea0_5._20Nizheg_Kirov_202010.xls,c286aa10e8ebd8a4594b5623affa0ca1aacb6b69ac09a4a9288eeb754aa81c27,Data Sheet!row_1based=9177.0,True,True,False,False,False,False,atomic_NP_in_complete_published_scope,applied_complete_published_city_territorial_scope,published_complete_city_territory_scope,city_with_published_subordinates,UNKNOWN,False,False,False,False,True,False,published_closed_city_scope_Киров,2010,0.0,secondary_confidentiality_protected_value_exact_scope_unverified,/workspace/settlements-raw/data/raw/2010/014_5ca759eea0_5._20Nizheg_Kirov_202010.xls,c286aa10e8ebd8a4594b5623affa0ca1aacb6b69ac09a4a9288eeb754aa81c27,False,,,,,,,,,,,,,,,,,,,,,,,,,,,False
published_closed_city_scope_Киров,2010.0,2010:014_5ca759eea0_5._20Nizheg_Kirov_202010.xls:Data Sheet:9178,Колпаки,деревня,0.0,secondary_confidentiality_protected_value_exact_scope_unverified,/workspace/settlements-raw/data/raw/2010/014_5ca759eea0_5._20Nizheg_Kirov_202010.xls,c286aa10e8ebd8a4594b5623affa0ca1aacb6b69ac09a4a9288eeb754aa81c27,Data Sheet!row_1based=9178.0,True,True,False,False,False,False,atomic_NP_in_complete_published_scope,applied_complete_published_city_territorial_scope,published_complete_city_territory_scope,city_with_published_subordinates,UNKNOWN,False,False,False,False,True,False,published_closed_city_scope_Киров,2010,0.0,secondary_confidentiality_protected_value_exact_scope_unverified,/workspace/settlements-raw/data/raw/2010/014_5ca759eea0_5._20Nizheg_Kirov_202010.xls,c286aa10e8ebd8a4594b5623affa0ca1aacb6b69ac09a4a9288eeb754aa81c27,False,,,,,,,,,,,,,,,,,,,,,,,,,,,False
published_closed_city_scope_Киров,2010.0,2010:014_5ca759eea0_5._20Nizheg_Kirov_202010.xls:Data Sheet:9179,Малая Гора,деревня,135.0,secondary_confidentiality_protected_value_exact_scope_unverified,/workspace/settlements-raw/data/raw/2010/014_5ca759eea0_5._20Nizheg_Kirov_202010.xls,c286aa10e8ebd8a4594b5623affa0ca1aacb6b69ac09a4a9288eeb754aa81c27,Data Sheet!row_1based=9179.0,True,True,False,True,True,False,atomic_NP_in_complete_published_scope,applied_complete_published_city_territorial_scope,published_complete_city_territory_scope,city_with_published_subordinates,UNKNOWN,False,False,False,False,True,False,published_closed_city_scope_Киров,2010,135.0,secondary_confidentiality_protected_value_exact_scope_unverified,/workspace/settlements-raw/data/raw/2010/014_5ca759eea0_5._20Nizheg_Kirov_202010.xls,c286aa10e8ebd8a4594b5623affa0ca1aacb6b69ac09a4a9288eeb754aa81c27,False,,,,,,,,,,,,,,,,,,,,,,,,,,,True
published_closed_city_scope_Киров,2010.0,2010:014_5ca759eea0_5._20Nizheg_Kirov_202010.xls:Data Sheet:9180,Матанцы,деревня,12.0,secondary_confidentiality_protected_value_exact_scope_unverified,/workspace/settlements-raw/data/raw/2010/014_5ca759eea0_5._20Nizheg_Kirov_202010.xls,c286aa10e8ebd8a4594b5623affa0ca1aacb6b69ac09a4a9288eeb754aa81c27,Data Sheet!row_1based=9180.0,True,True,False,True,True,False,atomic_NP_in_complete_published_scope,applied_complete_published_city_territorial_scope,published_complete_city_territory_scope,city_with_published_subordinates,UNKNOWN,False,False,False,False,True,False,published_closed_city_scope_Киров,2010,12.0,secondary_confidentiality_protected_value_exact_scope_unverified,/workspace/settlements-raw/data/raw/2010/014_5ca759eea0_5._20Nizheg_Kirov_202010.xls,c286aa10e8ebd8a4594b5623affa0ca1aacb6b69ac09a4a9288eeb754aa81c27,False,,,,,,,,,,,,,,,,,,,,,,,,,,,True
published_closed_city_scope_Киров,2010.0,2010:014_5ca759eea0_5._20Nizheg_Kirov_202010.xls:Data Sheet:9181,Матанцы,железнодорожный объект,43.0,secondary_confidentiality_protected_value_exact_scope_unverified,/workspace/settlements-raw/data/raw/2010/014_5ca759eea0_5._20Nizheg_Kirov_202010.xls,c286aa10e8ebd8a4594b5623affa0ca1aacb6b69ac09a4a9288eeb754aa81c27,Data Sheet!row_1based=9181.0,True,True,False,False,False,False,atomic_NP_in_complete_published_scope,applied_complete_published_city_territorial_scope,published_complete_city_territory_scope,city_with_published_subordinates,UNKNOWN,False,False,False,False,True,False,published_closed_city_scope_Киров,2010,43.0,secondary_confidentiality_protected_value_exact_scope_unverified,/workspace/settlements-raw/data/raw/2010/014_5ca759eea0_5._20Nizheg_Kirov_202010.xls,c286aa10e8ebd8a4594b5623affa0ca1aacb6b69ac09a4a9288eeb754aa81c27,False,,,,,,,,,,,,,,,,,,,,,,,,,,,False
published_closed_city_scope_Киров,2010.0,2010:014_5ca759eea0_5._20Nizheg_Kirov_202010.xls:Data Sheet:9182,Подозерье,деревня,25.0,secondary_confidentiality_protected_value_exact_scope_unverified,/workspace/settlements-raw/data/raw/2010/014_5ca759eea0_5._20Nizheg_Kirov_202010.xls,c286aa10e8ebd8a4594b5623affa0ca1aacb6b69ac09a4a9288eeb754aa81c27,Data Sheet!row_1based=9182.0,True,True,False,True,True,False,atomic_NP_in_complete_published_scope,applied_complete_published_city_territorial_scope,published_complete_city_territory_scope,city_with_published_subordinates,UNKNOWN,False,False,False,False,True,False,published_closed_city_scope_Киров,2010,25.0,secondary_confidentiality_protected_value_exact_scope_unverified,/workspace/settlements-raw/data/raw/2010/014_5ca759eea0_5._20Nizheg_Kirov_202010.xls,c286aa10e8ebd8a4594b5623affa0ca1aacb6b69ac09a4a9288eeb754aa81c27,False,,,,,,,,,,,,,,,,,,,,,,,,,,,True
published_closed_city_scope_Киров,2010.0,2010:014_5ca759eea0_5._20Nizheg_Kirov_202010.xls:Data Sheet:9183,Родинцы,деревня,16.0,secondary_confidentiality_protected_value_exact_scope_unverified,/workspace/settlements-raw/data/raw/2010/014_5ca759eea0_5._20Nizheg_Kirov_202010.xls,c286aa10e8ebd8a4594b5623affa0ca1aacb6b69ac09a4a9288eeb754aa81c27,Data Sheet!row_1based=9183.0,True,True,False,True,True,False,atomic_NP_in_complete_published_scope,applied_complete_published_city_territorial_scope,published_complete_city_territory_scope,city_with_published_subordinates,UNKNOWN,False,False,False,False,True,False,published_closed_city_scope_Киров,2010,16.0,secondary_confidentiality_protected_value_exact_scope_unverified,/workspace/settlements-raw/data/raw/2010/014_5ca759eea0_5._20Nizheg_Kirov_202010.xls,c286aa10e8ebd8a4594b5623affa0ca1aacb6b69ac09a4a9288eeb754aa81c27,False,,,,,,,,,,,,,,,,,,,,,,,,,,,True
published_closed_city_scope_Киров,2010.0,2010:014_5ca759eea0_5._20Nizheg_Kirov_202010.xls:Data Sheet:9184,Севастьяновы,деревня,13.0,secondary_confidentiality_protected_value_exact_scope_unverified,/workspace/settlements-raw/data/raw/2010/014_5ca759eea0_5._20Nizheg_Kirov_202010.xls,c286aa10e8ebd8a4594b5623affa0ca1aacb6b69ac09a4a9288eeb754aa81c27,Data Sheet!row_1based=9184.0,True,True,False,True,True,False,atomic_NP_in_complete_published_scope,applied_complete_published_city_territorial_scope,published_complete_city_territory_scope,city_with_published_subordinates,UNKNOWN,False,False,False,False,True,False,published_closed_city_scope_Киров,2010,13.0,secondary_confidentiality_protected_value_exact_scope_unverified,/workspace/settlements-raw/data/raw/2010/014_5ca759eea0_5._20Nizheg_Kirov_202010.xls,c286aa10e8ebd8a4594b5623affa0ca1aacb6b69ac09a4a9288eeb754aa81c27,False,,,,,,,,,,,,,,,,,,,,,,,,,,,True
published_closed_city_scope_Киров,2010.0,2010:014_5ca759eea0_5._20Nizheg_Kirov_202010.xls:Data Sheet:9185,Сергеево,деревня,130.0,secondary_confidentiality_protected_value_exact_scope_unverified,/workspace/settlements-raw/data/raw/2010/014_5ca759eea0_5._20Nizheg_Kirov_202010.xls,c286aa10e8ebd8a4594b5623affa0ca1aacb6b69ac09a4a9288eeb754aa81c27,Data Sheet!row_1based=9185.0,True,True,False,True,True,False,atomic_NP_in_complete_published_scope,applied_complete_published_city_territorial_scope,published_complete_city_territory_scope,city_with_published_subordinates,UNKNOWN,False,False,False,False,True,False,published_closed_city_scope_Киров,2010,130.0,secondary_confidentiality_protected_value_exact_scope_unverified,/workspace/settlements-raw/data/raw/2010/014_5ca759eea0_5._20Nizheg_Kirov_202010.xls,c286aa10e8ebd8a4594b5623affa0ca1aacb6b69ac09a4a9288eeb754aa81c27,False,,,,,,,,,,,,,,,,,,,,,,,,,,,True
published_closed_city_scope_Киров,2010.0,2010:014_5ca759eea0_5._20Nizheg_Kirov_202010.xls:Data Sheet:9186,Сумароки,деревня,0.0,secondary_confidentiality_protected_value_exact_scope_unverified,/workspace/settlements-raw/data/raw/2010/014_5ca759eea0_5._20Nizheg_Kirov_202010.xls,c286aa10e8ebd8a4594b5623affa0ca1aacb6b69ac09a4a9288eeb754aa81c27,Data Sheet!row_1based=9186.0,True,True,False,True,True,False,atomic_NP_in_complete_published_scope,applied_complete_published_city_territorial_scope,published_complete_city_territory_scope,city_with_published_subordinates,UNKNOWN,False,False,False,False,True,False,published_closed_city_scope_Киров,2010,0.0,secondary_confidentiality_protected_value_exact_scope_unverified,/workspace/settlements-raw/data/raw/2010/014_5ca759eea0_5._20Nizheg_Kirov_202010.xls,c286aa10e8ebd8a4594b5623affa0ca1aacb6b69ac09a4a9288eeb754aa81c27,False,,,,,,,,,,,,,,,,,,,,,,,,,,,True
published_closed_city_scope_Киров,2010.0,2010:014_5ca759eea0_5._20Nizheg_Kirov_202010.xls:Data Sheet:9187,Хабаровы,деревня,72.0,secondary_confidentiality_protected_value_exact_scope_unverified,/workspace/settlements-raw/data/raw/2010/014_5ca759eea0_5._20Nizheg_Kirov_202010.xls,c286aa10e8ebd8a4594b5623affa0ca1aacb6b69ac09a4a9288eeb754aa81c27,Data Sheet!row_1based=9187.0,True,True,False,True,True,False,atomic_NP_in_complete_published_scope,applied_complete_published_city_territorial_scope,published_complete_city_territory_scope,city_with_published_subordinates,UNKNOWN,False,False,False,False,True,False,published_closed_city_scope_Киров,2010,72.0,secondary_confidentiality_protected_value_exact_scope_unverified,/workspace/settlements-raw/data/raw/2010/014_5ca759eea0_5._20Nizheg_Kirov_202010.xls,c286aa10e8ebd8a4594b5623affa0ca1aacb6b69ac09a4a9288eeb754aa81c27,False,,,,,,,,,,,,,,,,,,,,,,,,,,,True
published_closed_city_scope_Киров,2010.0,2010:014_5ca759eea0_5._20Nizheg_Kirov_202010.xls:Data Sheet:9188,Шубино,деревня,243.0,secondary_confidentiality_protected_value_exact_scope_unverified,/workspace/settlements-raw/data/raw/2010/014_5ca759eea0_5._20Nizheg_Kirov_202010.xls,c286aa10e8ebd8a4594b5623affa0ca1aacb6b69ac09a4a9288eeb754aa81c27,Data Sheet!row_1based=9188.0,True,True,False,False,False,False,atomic_NP_in_complete_published_scope,applied_complete_published_city_territorial_scope,published_complete_city_territory_scope,city_with_published_subordinates,UNKNOWN,False,False,False,False,True,False,published_closed_city_scope_Киров,2010,243.0,secondary_confidentiality_protected_value_exact_scope_unverified,/workspace/settlements-raw/data/raw/2010/014_5ca759eea0_5._20Nizheg_Kirov_202010.xls,c286aa10e8ebd8a4594b5623affa0ca1aacb6b69ac09a4a9288eeb754aa81c27,False,,,,,,,,,,,,,,,,,,,,,,,,,,,False
published_closed_city_scope_Киров,2010.0,2010:014_5ca759eea0_5._20Nizheg_Kirov_202010.xls:Data Sheet:9189,Костино,посёлок,3830.0,secondary_confidentiality_protected_value_exact_scope_unverified,/workspace/settlements-raw/data/raw/2010/014_5ca759eea0_5._20Nizheg_Kirov_202010.xls,c286aa10e8ebd8a4594b5623affa0ca1aacb6b69ac09a4a9288eeb754aa81c27,Data Sheet!row_1based=9189.0,True,True,False,True,True,False,atomic_NP_in_complete_published_scope,applied_complete_published_city_territorial_scope,published_complete_city_territory_scope,city_with_published_subordinates,UNKNOWN,False,False,False,False,True,False,published_closed_city_scope_Киров,2010,3830.0,secondary_confidentiality_protected_value_exact_scope_unverified,/workspace/settlements-raw/data/raw/2010/014_5ca759eea0_5._20Nizheg_Kirov_202010.xls,c286aa10e8ebd8a4594b5623affa0ca1aacb6b69ac09a4a9288eeb754aa81c27,False,,,,,,,,,,,,,,,,,,,,,,,,,,,True
published_closed_city_scope_Киров,2010.0,2010:014_5ca759eea0_5._20Nizheg_Kirov_202010.xls:Data Sheet:9190,Кисели,деревня,48.0,secondary_confidentiality_protected_value_exact_scope_unverified,/workspace/settlements-raw/data/raw/2010/014_5ca759eea0_5._20Nizheg_Kirov_202010.xls,c286aa10e8ebd8a4594b5623affa0ca1aacb6b69ac09a4a9288eeb754aa81c27,Data Sheet!row_1based=9190.0,True,True,False,False,False,False,atomic_NP_in_complete_published_scope,applied_complete_published_city_territorial_scope,published_complete_city_territory_scope,city_with_published_subordinates,UNKNOWN,False,False,False,False,True,False,published_closed_city_scope_Киров,2010,48.0,secondary_confidentiality_protected_value_exact_scope_unverified,/workspace/settlements-raw/data/raw/2010/014_5ca759eea0_5._20Nizheg_Kirov_202010.xls,c286aa10e8ebd8a4594b5623affa0ca1aacb6b69ac09a4a9288eeb754aa81c27,False,,,,,,,,,,,,,,,,,,,,,,,,,,,False
published_closed_city_scope_Киров,2010.0,2010:014_5ca759eea0_5._20Nizheg_Kirov_202010.xls:Data Sheet:9191,Большие Кушовы,деревня,15.0,secondary_confidentiality_protected_value_exact_scope_unverified,/workspace/settlements-raw/data/raw/2010/014_5ca759eea0_5._20Nizheg_Kirov_202010.xls,c286aa10e8ebd8a4594b5623affa0ca1aacb6b69ac09a4a9288eeb754aa81c27,Data Sheet!row_1based=9191.0,True,True,False,True,True,False,atomic_NP_in_complete_published_scope,applied_complete_published_city_territorial_scope,published_complete_city_territory_scope,city_with_published_subordinates,UNKNOWN,False,False,False,False,True,False,published_closed_city_scope_Киров,2010,15.0,secondary_confidentiality_protected_value_exact_scope_unverified,/workspace/settlements-raw/data/raw/2010/014_5ca759eea0_5._20Nizheg_Kirov_202010.xls,c286aa10e8ebd8a4594b5623affa0ca1aacb6b69ac09a4a9288eeb754aa81c27,False,,,,,,,,,,,,,,,,,,,,,,,,,,,True
published_closed_city_scope_Киров,2010.0,2010:014_5ca759eea0_5._20Nizheg_Kirov_202010.xls:Data Sheet:9192,Гуси,деревня,28.0,secondary_confidentiality_protected_value_exact_scope_unverified,/workspace/settlements-raw/data/raw/2010/014_5ca759eea0_5._20Nizheg_Kirov_202010.xls,c286aa10e8ebd8a4594b5623affa0ca1aacb6b69ac09a4a9288eeb754aa81c27,Data Sheet!row_1based=9192.0,True,True,False,True,True,False,atomic_NP_in_complete_published_scope,applied_complete_published_city_territorial_scope,published_complete_city_territory_scope,city_with_published_subordinates,UNKNOWN,False,False,False,False,True,False,published_closed_city_scope_Киров,2010,28.0,secondary_confidentiality_protected_value_exact_scope_unverified,/workspace/settlements-raw/data/raw/2010/014_5ca759eea0_5._20Nizheg_Kirov_202010.xls,c286aa10e8ebd8a4594b5623affa0ca1aacb6b69ac09a4a9288eeb754aa81c27,False,,,,,,,,,,,,,,,,,,,,,,,,,,,True
published_closed_city_scope_Киров,2010.0,2010:014_5ca759eea0_5._20Nizheg_Kirov_202010.xls:Data Sheet:9193,Зубари,деревня,5.0,secondary_confidentiality_protected_value_exact_scope_unverified,/workspace/settlements-raw/data/raw/2010/014_5ca759eea0_5._20Nizheg_Kirov_202010.xls,c286aa10e8ebd8a4594b5623affa0ca1aacb6b69ac09a4a9288eeb754aa81c27,Data Sheet!row_1based=9193.0,True,True,False,False,False,False,atomic_NP_in_complete_published_scope,applied_complete_published_city_territorial_scope,published_complete_city_territory_scope,city_with_published_subordinates,UNKNOWN,False,False,False,False,True,False,published_closed_city_scope_Киров,2010,5.0,secondary_confidentiality_protected_value_exact_scope_unverified,/workspace/settlements-raw/data/raw/2010/014_5ca759eea0_5._20Nizheg_Kirov_202010.xls,c286aa10e8ebd8a4594b5623affa0ca1aacb6b69ac09a4a9288eeb754aa81c27,False,,,,,,,,,,,,,,,,,,,,,,,,,,,False
published_closed_city_scope_Киров,2010.0,2010:014_5ca759eea0_5._20Nizheg_Kirov_202010.xls:Data Sheet:9194,Зуевская,деревня,33.0,secondary_confidentiality_protected_value_exact_scope_unverified,/workspace/settlements-raw/data/raw/2010/014_5ca759eea0_5._20Nizheg_Kirov_202010.xls,c286aa10e8ebd8a4594b5623affa0ca1aacb6b69ac09a4a9288eeb754aa81c27,Data Sheet!row_1based=9194.0,True,True,False,True,True,False,atomic_NP_in_complete_published_scope,applied_complete_published_city_territorial_scope,published_complete_city_territory_scope,city_with_published_subordinates,UNKNOWN,False,False,False,False,True,False,published_closed_city_scope_Киров,2010,33.0,secondary_confidentiality_protected_value_exact_scope_unverified,/workspace/settlements-raw/data/raw/2010/014_5ca759eea0_5._20Nizheg_Kirov_202010.xls,c286aa10e8ebd8a4594b5623affa0ca1aacb6b69ac09a4a9288eeb754aa81c27,False,,,,,,,,,,,,,,,,,,,,,,,,,,,True
published_closed_city_scope_Киров,2010.0,2010:014_5ca759eea0_5._20Nizheg_Kirov_202010.xls:Data Sheet:9195,Канахины,деревня,4.0,secondary_confidentiality_protected_value_exact_scope_unverified,/workspace/settlements-raw/data/raw/2010/014_5ca759eea0_5._20Nizheg_Kirov_202010.xls,c286aa10e8ebd8a4594b5623affa0ca1aacb6b69ac09a4a9288eeb754aa81c27,Data Sheet!row_1based=9195.0,True,True,False,True,True,False,atomic_NP_in_complete_published_scope,applied_complete_published_city_territorial_scope,published_complete_city_territory_scope,city_with_published_subordinates,UNKNOWN,False,False,False,False,True,False,published_closed_city_scope_Киров,2010,4.0,secondary_confidentiality_protected_value_exact_scope_unverified,/workspace/settlements-raw/data/raw/2010/014_5ca759eea0_5._20Nizheg_Kirov_202010.xls,c286aa10e8ebd8a4594b5623affa0ca1aacb6b69ac09a4a9288eeb754aa81c27,False,,,,,,,,,,,,,,,,,,,,,,,,,,,True
published_closed_city_scope_Киров,2010.0,2010:014_5ca759eea0_5._20Nizheg_Kirov_202010.xls:Data Sheet:9196,Караваевы,деревня,0.0,secondary_confidentiality_protected_value_exact_scope_unverified,/workspace/settlements-raw/data/raw/2010/014_5ca759eea0_5._20Nizheg_Kirov_202010.xls,c286aa10e8ebd8a4594b5623affa0ca1aacb6b69ac09a4a9288eeb754aa81c27,Data Sheet!row_1based=9196.0,True,True,False,True,True,False,atomic_NP_in_complete_published_scope,applied_complete_published_city_territorial_scope,published_complete_city_territory_scope,city_with_published_subordinates,UNKNOWN,False,False,False,False,True,False,published_closed_city_scope_Киров,2010,0.0,secondary_confidentiality_protected_value_exact_scope_unverified,/workspace/settlements-raw/data/raw/2010/014_5ca759eea0_5._20Nizheg_Kirov_202010.xls,c286aa10e8ebd8a4594b5623affa0ca1aacb6b69ac09a4a9288eeb754aa81c27,False,,,,,,,,,,,,,,,,,,,,,,,,,,,True
published_closed_city_scope_Киров,2010.0,2010:014_5ca759eea0_5._20Nizheg_Kirov_202010.xls:Data Sheet:9197,Куликовская,деревня,6.0,secondary_confidentiality_protected_value_exact_scope_unverified,/workspace/settlements-raw/data/raw/2010/014_5ca759eea0_5._20Nizheg_Kirov_202010.xls,c286aa10e8ebd8a4594b5623affa0ca1aacb6b69ac09a4a9288eeb754aa81c27,Data Sheet!row_1based=9197.0,True,True,False,True,True,False,atomic_NP_in_complete_published_scope,applied_complete_published_city_territorial_scope,published_complete_city_territory_scope,city_with_published_subordinates,UNKNOWN,False,False,False,False,True,False,published_closed_city_scope_Киров,2010,6.0,secondary_confidentiality_protected_value_exact_scope_unverified,/workspace/settlements-raw/data/raw/2010/014_5ca759eea0_5._20Nizheg_Kirov_202010.xls,c286aa10e8ebd8a4594b5623affa0ca1aacb6b69ac09a4a9288eeb754aa81c27,False,,,,,,,,,,,,,,,,,,,,,,,,,,,True
published_closed_city_scope_Киров,2010.0,2010:014_5ca759eea0_5._20Nizheg_Kirov_202010.xls:Data Sheet:9198,Малые Кушовы,деревня,7.0,secondary_confidentiality_protected_value_exact_scope_unverified,/workspace/settlements-raw/data/raw/2010/014_5ca759eea0_5._20Nizheg_Kirov_202010.xls,c286aa10e8ebd8a4594b5623affa0ca1aacb6b69ac09a4a9288eeb754aa81c27,Data Sheet!row_1based=9198.0,True,True,False,True,True,False,atomic_NP_in_complete_published_scope,applied_complete_published_city_territorial_scope,published_complete_city_territory_scope,city_with_published_subordinates,UNKNOWN,False,False,False,False,True,False,published_closed_city_scope_Киров,2010,7.0,secondary_confidentiality_protected_value_exact_scope_unverified,/workspace/settlements-raw/data/raw/2010/014_5ca759eea0_5._20Nizheg_Kirov_202010.xls,c286aa10e8ebd8a4594b5623affa0ca1aacb6b69ac09a4a9288eeb754aa81c27,False,,,,,,,,,,,,,,,,,,,,,,,,,,,True
published_closed_city_scope_Киров,2010.0,2010:014_5ca759eea0_5._20Nizheg_Kirov_202010.xls:Data Sheet:9199,Мараки,деревня,9.0,secondary_confidentiality_protected_value_exact_scope_unverified,/workspace/settlements-raw/data/raw/2010/014_5ca759eea0_5._20Nizheg_Kirov_202010.xls,c286aa10e8ebd8a4594b5623affa0ca1aacb6b69ac09a4a9288eeb754aa81c27,Data Sheet!row_1based=9199.0,True,True,False,True,True,False,atomic_NP_in_complete_published_scope,applied_complete_published_city_territorial_scope,published_complete_city_territory_scope,city_with_published_subordinates,UNKNOWN,False,False,False,False,True,False,published_closed_city_scope_Киров,2010,9.0,secondary_confidentiality_protected_value_exact_scope_unverified,/workspace/settlements-raw/data/raw/2010/014_5ca759eea0_5._20Nizheg_Kirov_202010.xls,c286aa10e8ebd8a4594b5623affa0ca1aacb6b69ac09a4a9288eeb754aa81c27,False,,,,,,,,,,,,,,,,,,,,,,,,,,,True
published_closed_city_scope_Киров,2010.0,2010:014_5ca759eea0_5._20Nizheg_Kirov_202010.xls:Data Sheet:9200,Монастырская,деревня,24.0,secondary_confidentiality_protected_value_exact_scope_unverified,/workspace/settlements-raw/data/raw/2010/014_5ca759eea0_5._20Nizheg_Kirov_202010.xls,c286aa10e8ebd8a4594b5623affa0ca1aacb6b69ac09a4a9288eeb754aa81c27,Data Sheet!row_1based=9200.0,True,True,False,True,True,False,atomic_NP_in_complete_published_scope,applied_complete_published_city_territorial_scope,published_complete_city_territory_scope,city_with_published_subordinates,UNKNOWN,False,False,False,False,True,False,published_closed_city_scope_Киров,2010,24.0,secondary_confidentiality_protected_value_exact_scope_unverified,/workspace/settlements-raw/data/raw/2010/014_5ca759eea0_5._20Nizheg_Kirov_202010.xls,c286aa10e8ebd8a4594b5623affa0ca1aacb6b69ac09a4a9288eeb754aa81c27,False,,,,,,,,,,,,,,,,,,,,,,,,,,,True
published_closed_city_scope_Киров,2010.0,2010:014_5ca759eea0_5._20Nizheg_Kirov_202010.xls:Data Sheet:9201,Нагоряна,деревня,4.0,secondary_confidentiality_protected_value_exact_scope_unverified,/workspace/settlements-raw/data/raw/2010/014_5ca759eea0_5._20Nizheg_Kirov_202010.xls,c286aa10e8ebd8a4594b5623affa0ca1aacb6b69ac09a4a9288eeb754aa81c27,Data Sheet!row_1based=9201.0,True,True,False,False,False,False,atomic_NP_in_complete_published_scope,applied_complete_published_city_territorial_scope,published_complete_city_territory_scope,city_with_published_subordinates,UNKNOWN,False,False,False,False,True,False,published_closed_city_scope_Киров,2010,4.0,secondary_confidentiality_protected_value_exact_scope_unverified,/workspace/settlements-raw/data/raw/2010/014_5ca759eea0_5._20Nizheg_Kirov_202010.xls,c286aa10e8ebd8a4594b5623affa0ca1aacb6b69ac09a4a9288eeb754aa81c27,False,,,,,,,,,,,,,,,,,,,,,,,,,,,False
published_closed_city_scope_Киров,2010.0,2010:014_5ca759eea0_5._20Nizheg_Kirov_202010.xls:Data Sheet:9202,Оверинцы,деревня,54.0,secondary_confidentiality_protected_value_exact_scope_unverified,/workspace/settlements-raw/data/raw/2010/014_5ca759eea0_5._20Nizheg_Kirov_202010.xls,c286aa10e8ebd8a4594b5623affa0ca1aacb6b69ac09a4a9288eeb754aa81c27,Data Sheet!row_1based=9202.0,True,True,False,True,True,False,atomic_NP_in_complete_published_scope,applied_complete_published_city_territorial_scope,published_complete_city_territory_scope,city_with_published_subordinates,UNKNOWN,False,False,False,False,True,False,published_closed_city_scope_Киров,2010,54.0,secondary_confidentiality_protected_value_exact_scope_unverified,/workspace/settlements-raw/data/raw/2010/014_5ca759eea0_5._20Nizheg_Kirov_202010.xls,c286aa10e8ebd8a4594b5623affa0ca1aacb6b69ac09a4a9288eeb754aa81c27,False,,,,,,,,,,,,,,,,,,,,,,,,,,,True
published_closed_city_scope_Киров,2010.0,2010:014_5ca759eea0_5._20Nizheg_Kirov_202010.xls:Data Sheet:9203,Опушни,деревня,12.0,secondary_confidentiality_protected_value_exact_scope_unverified,/workspace/settlements-raw/data/raw/2010/014_5ca759eea0_5._20Nizheg_Kirov_202010.xls,c286aa10e8ebd8a4594b5623affa0ca1aacb6b69ac09a4a9288eeb754aa81c27,Data Sheet!row_1based=9203.0,True,True,False,True,True,False,atomic_NP_in_complete_published_scope,applied_complete_published_city_territorial_scope,published_complete_city_territory_scope,city_with_published_subordinates,UNKNOWN,False,False,False,False,True,False,published_closed_city_scope_Киров,2010,12.0,secondary_confidentiality_protected_value_exact_scope_unverified,/workspace/settlements-raw/data/raw/2010/014_5ca759eea0_5._20Nizheg_Kirov_202010.xls,c286aa10e8ebd8a4594b5623affa0ca1aacb6b69ac09a4a9288eeb754aa81c27,False,,,,,,,,,,,,,,,,,,,,,,,,,,,True
published_closed_city_scope_Киров,2010.0,2010:014_5ca759eea0_5._20Nizheg_Kirov_202010.xls:Data Sheet:9204,Першино,деревня,24.0,secondary_confidentiality_protected_value_exact_scope_unverified,/workspace/settlements-raw/data/raw/2010/014_5ca759eea0_5._20Nizheg_Kirov_202010.xls,c286aa10e8ebd8a4594b5623affa0ca1aacb6b69ac09a4a9288eeb754aa81c27,Data Sheet!row_1based=9204.0,True,True,False,False,False,False,atomic_NP_in_complete_published_scope,applied_complete_published_city_territorial_scope,published_complete_city_territory_scope,city_with_published_subordinates,UNKNOWN,False,False,False,False,True,False,published_closed_city_scope_Киров,2010,24.0,secondary_confidentiality_protected_value_exact_scope_unverified,/workspace/settlements-raw/data/raw/2010/014_5ca759eea0_5._20Nizheg_Kirov_202010.xls,c286aa10e8ebd8a4594b5623affa0ca1aacb6b69ac09a4a9288eeb754aa81c27,False,,,,,,,,,,,,,,,,,,,,,,,,,,,False
published_closed_city_scope_Киров,2010.0,2010:014_5ca759eea0_5._20Nizheg_Kirov_202010.xls:Data Sheet:9205,Пестовы,деревня,57.0,secondary_confidentiality_protected_value_exact_scope_unverified,/workspace/settlements-raw/data/raw/2010/014_5ca759eea0_5._20Nizheg_Kirov_202010.xls,c286aa10e8ebd8a4594b5623affa0ca1aacb6b69ac09a4a9288eeb754aa81c27,Data Sheet!row_1based=9205.0,True,True,False,False,False,False,atomic_NP_in_complete_published_scope,applied_complete_published_city_territorial_scope,published_complete_city_territory_scope,city_with_published_subordinates,UNKNOWN,False,False,False,False,True,False,published_closed_city_scope_Киров,2010,57.0,secondary_confidentiality_protected_value_exact_scope_unverified,/workspace/settlements-raw/data/raw/2010/014_5ca759eea0_5._20Nizheg_Kirov_202010.xls,c286aa10e8ebd8a4594b5623affa0ca1aacb6b69ac09a4a9288eeb754aa81c27,False,,,,,,,,,,,,,,,,,,,,,,,,,,,False
published_closed_city_scope_Киров,2010.0,2010:014_5ca759eea0_5._20Nizheg_Kirov_202010.xls:Data Sheet:9206,Петуховы,деревня,18.0,secondary_confidentiality_protected_value_exact_scope_unverified,/workspace/settlements-raw/data/raw/2010/014_5ca759eea0_5._20Nizheg_Kirov_202010.xls,c286aa10e8ebd8a4594b5623affa0ca1aacb6b69ac09a4a9288eeb754aa81c27,Data Sheet!row_1based=9206.0,True,True,False,False,False,False,atomic_NP_in_complete_published_scope,applied_complete_published_city_territorial_scope,published_complete_city_territory_scope,city_with_published_subordinates,UNKNOWN,False,False,False,False,True,False,published_closed_city_scope_Киров,2010,18.0,secondary_confidentiality_protected_value_exact_scope_unverified,/workspace/settlements-raw/data/raw/2010/014_5ca759eea0_5._20Nizheg_Kirov_202010.xls,c286aa10e8ebd8a4594b5623affa0ca1aacb6b69ac09a4a9288eeb754aa81c27,False,,,,,,,,,,,,,,,,,,,,,,,,,,,False
published_closed_city_scope_Киров,2010.0,2010:014_5ca759eea0_5._20Nizheg_Kirov_202010.xls:Data Sheet:9207,Пересторонцы,деревня,28.0,secondary_confidentiality_protected_value_exact_scope_unverified,/workspace/settlements-raw/data/raw/2010/014_5ca759eea0_5._20Nizheg_Kirov_202010.xls,c286aa10e8ebd8a4594b5623affa0ca1aacb6b69ac09a4a9288eeb754aa81c27,Data Sheet!row_1based=9207.0,True,True,False,True,True,False,atomic_NP_in_complete_published_scope,applied_complete_published_city_territorial_scope,published_complete_city_territory_scope,city_with_published_subordinates,UNKNOWN,False,False,False,False,True,False,published_closed_city_scope_Киров,2010,28.0,secondary_confidentiality_protected_value_exact_scope_unverified,/workspace/settlements-raw/data/raw/2010/014_5ca759eea0_5._20Nizheg_Kirov_202010.xls,c286aa10e8ebd8a4594b5623affa0ca1aacb6b69ac09a4a9288eeb754aa81c27,False,,,,,,,,,,,,,,,,,,,,,,,,,,,True
published_closed_city_scope_Киров,2010.0,2010:014_5ca759eea0_5._20Nizheg_Kirov_202010.xls:Data Sheet:9208,Пушкари,деревня,6.0,secondary_confidentiality_protected_value_exact_scope_unverified,/workspace/settlements-raw/data/raw/2010/014_5ca759eea0_5._20Nizheg_Kirov_202010.xls,c286aa10e8ebd8a4594b5623affa0ca1aacb6b69ac09a4a9288eeb754aa81c27,Data Sheet!row_1based=9208.0,True,True,False,False,False,False,atomic_NP_in_complete_published_scope,applied_complete_published_city_territorial_scope,published_complete_city_territory_scope,city_with_published_subordinates,UNKNOWN,False,False,False,False,True,False,published_closed_city_scope_Киров,2010,6.0,secondary_confidentiality_protected_value_exact_scope_unverified,/workspace/settlements-raw/data/raw/2010/014_5ca759eea0_5._20Nizheg_Kirov_202010.xls,c286aa10e8ebd8a4594b5623affa0ca1aacb6b69ac09a4a9288eeb754aa81c27,False,,,,,,,,,,,,,,,,,,,,,,,,,,,False
published_closed_city_scope_Киров,2010.0,2010:014_5ca759eea0_5._20Nizheg_Kirov_202010.xls:Data Sheet:9209,Рожни,деревня,14.0,secondary_confidentiality_protected_value_exact_scope_unverified,/workspace/settlements-raw/data/raw/2010/014_5ca759eea0_5._20Nizheg_Kirov_202010.xls,c286aa10e8ebd8a4594b5623affa0ca1aacb6b69ac09a4a9288eeb754aa81c27,Data Sheet!row_1based=9209.0,True,True,False,True,True,False,atomic_NP_in_complete_published_scope,applied_complete_published_city_territorial_scope,published_complete_city_territory_scope,city_with_published_subordinates,UNKNOWN,False,False,False,False,True,False,published_closed_city_scope_Киров,2010,14.0,secondary_confidentiality_protected_value_exact_scope_unverified,/workspace/settlements-raw/data/raw/2010/014_5ca759eea0_5._20Nizheg_Kirov_202010.xls,c286aa10e8ebd8a4594b5623affa0ca1aacb6b69ac09a4a9288eeb754aa81c27,False,,,,,,,,,,,,,,,,,,,,,,,,,,,True
published_closed_city_scope_Киров,2010.0,2010:014_5ca759eea0_5._20Nizheg_Kirov_202010.xls:Data Sheet:9210,Садаковский,посёлок,2071.0,secondary_confidentiality_protected_value_exact_scope_unverified,/workspace/settlements-raw/data/raw/2010/014_5ca759eea0_5._20Nizheg_Kirov_202010.xls,c286aa10e8ebd8a4594b5623affa0ca1aacb6b69ac09a4a9288eeb754aa81c27,Data Sheet!row_1based=9210.0,True,True,False,True,True,False,atomic_NP_in_complete_published_scope,applied_complete_published_city_territorial_scope,published_complete_city_territory_scope,city_with_published_subordinates,UNKNOWN,False,False,False,False,True,False,published_closed_city_scope_Киров,2010,2071.0,secondary_confidentiality_protected_value_exact_scope_unverified,/workspace/settlements-raw/data/raw/2010/014_5ca759eea0_5._20Nizheg_Kirov_202010.xls,c286aa10e8ebd8a4594b5623affa0ca1aacb6b69ac09a4a9288eeb754aa81c27,False,,,,,,,,,,,,,,,,,,,,,,,,,,,True
published_closed_city_scope_Киров,2010.0,2010:014_5ca759eea0_5._20Nizheg_Kirov_202010.xls:Data Sheet:9211,Садаковы,деревня,0.0,secondary_confidentiality_protected_value_exact_scope_unverified,/workspace/settlements-raw/data/raw/2010/014_5ca759eea0_5._20Nizheg_Kirov_202010.xls,c286aa10e8ebd8a4594b5623affa0ca1aacb6b69ac09a4a9288eeb754aa81c27,Data Sheet!row_1based=9211.0,True,True,False,False,False,False,atomic_NP_in_complete_published_scope,applied_complete_published_city_territorial_scope,published_complete_city_territory_scope,city_with_published_subordinates,UNKNOWN,False,False,False,False,True,False,published_closed_city_scope_Киров,2010,0.0,secondary_confidentiality_protected_value_exact_scope_unverified,/workspace/settlements-raw/data/raw/2010/014_5ca759eea0_5._20Nizheg_Kirov_202010.xls,c286aa10e8ebd8a4594b5623affa0ca1aacb6b69ac09a4a9288eeb754aa81c27,False,,,,,,,,,,,,,,,,,,,,,,,,,,,False
published_closed_city_scope_Киров,2010.0,2010:014_5ca759eea0_5._20Nizheg_Kirov_202010.xls:Data Sheet:9212,Головановы,деревня,5.0,secondary_confidentiality_protected_value_exact_scope_unverified,/workspace/settlements-raw/data/raw/2010/014_5ca759eea0_5._20Nizheg_Kirov_202010.xls,c286aa10e8ebd8a4594b5623affa0ca1aacb6b69ac09a4a9288eeb754aa81c27,Data Sheet!row_1based=9212.0,True,True,False,True,True,False,atomic_NP_in_complete_published_scope,applied_complete_published_city_territorial_scope,published_complete_city_territory_scope,city_with_published_subordinates,UNKNOWN,False,False,False,False,True,False,published_closed_city_scope_Киров,2010,5.0,secondary_confidentiality_protected_value_exact_scope_unverified,/workspace/settlements-raw/data/raw/2010/014_5ca759eea0_5._20Nizheg_Kirov_202010.xls,c286aa10e8ebd8a4594b5623affa0ca1aacb6b69ac09a4a9288eeb754aa81c27,False,,,,,,,,,,,,,,,,,,,,,,,,,,,True
published_closed_city_scope_Киров,2010.0,2010:014_5ca759eea0_5._20Nizheg_Kirov_202010.xls:Data Sheet:9213,Тростинка,железнодорожный объект,0.0,secondary_confidentiality_protected_value_exact_scope_unverified,/workspace/settlements-raw/data/raw/2010/014_5ca759eea0_5._20Nizheg_Kirov_202010.xls,c286aa10e8ebd8a4594b5623affa0ca1aacb6b69ac09a4a9288eeb754aa81c27,Data Sheet!row_1based=9213.0,True,True,False,False,False,False,atomic_NP_in_complete_published_scope,applied_complete_published_city_territorial_scope,published_complete_city_territory_scope,city_with_published_subordinates,UNKNOWN,False,False,False,False,True,False,published_closed_city_scope_Киров,2010,0.0,secondary_confidentiality_protected_value_exact_scope_unverified,/workspace/settlements-raw/data/raw/2010/014_5ca759eea0_5._20Nizheg_Kirov_202010.xls,c286aa10e8ebd8a4594b5623affa0ca1aacb6b69ac09a4a9288eeb754aa81c27,False,,,,,,,,,,,,,,,,,,,,,,,,,,,False
published_closed_city_scope_Киров,2010.0,2010:014_5ca759eea0_5._20Nizheg_Kirov_202010.xls:Data Sheet:9214,Русское,село,1302.0,secondary_confidentiality_protected_value_exact_scope_unverified,/workspace/settlements-raw/data/raw/2010/014_5ca759eea0_5._20Nizheg_Kirov_202010.xls,c286aa10e8ebd8a4594b5623affa0ca1aacb6b69ac09a4a9288eeb754aa81c27,Data Sheet!row_1based=9214.0,True,True,False,True,True,False,atomic_NP_in_complete_published_scope,applied_complete_published_city_territorial_scope,published_complete_city_territory_scope,city_with_published_subordinates,UNKNOWN,False,False,False,False,True,False,published_closed_city_scope_Киров,2010,1302.0,secondary_confidentiality_protected_value_exact_scope_unverified,/workspace/settlements-raw/data/raw/2010/014_5ca759eea0_5._20Nizheg_Kirov_202010.xls,c286aa10e8ebd8a4594b5623affa0ca1aacb6b69ac09a4a9288eeb754aa81c27,False,,,,,,,,,,,,,,,,,,,,,,,,,,,True
published_closed_city_scope_Киров,2010.0,2010:014_5ca759eea0_5._20Nizheg_Kirov_202010.xls:Data Sheet:9215,Башарово,деревня,42.0,secondary_confidentiality_protected_value_exact_scope_unverified,/workspace/settlements-raw/data/raw/2010/014_5ca759eea0_5._20Nizheg_Kirov_202010.xls,c286aa10e8ebd8a4594b5623affa0ca1aacb6b69ac09a4a9288eeb754aa81c27,Data Sheet!row_1based=9215.0,True,True,False,False,False,False,atomic_NP_in_complete_published_scope,applied_complete_published_city_territorial_scope,published_complete_city_territory_scope,city_with_published_subordinates,UNKNOWN,False,False,False,False,True,False,published_closed_city_scope_Киров,2010,42.0,secondary_confidentiality_protected_value_exact_scope_unverified,/workspace/settlements-raw/data/raw/2010/014_5ca759eea0_5._20Nizheg_Kirov_202010.xls,c286aa10e8ebd8a4594b5623affa0ca1aacb6b69ac09a4a9288eeb754aa81c27,False,,,,,,,,,,,,,,,,,,,,,,,,,,,False
published_closed_city_scope_Киров,2010.0,2010:014_5ca759eea0_5._20Nizheg_Kirov_202010.xls:Data Sheet:9216,Булдаки,деревня,4.0,secondary_confidentiality_protected_value_exact_scope_unverified,/workspace/settlements-raw/data/raw/2010/014_5ca759eea0_5._20Nizheg_Kirov_202010.xls,c286aa10e8ebd8a4594b5623affa0ca1aacb6b69ac09a4a9288eeb754aa81c27,Data Sheet!row_1based=9216.0,True,True,False,False,False,False,atomic_NP_in_complete_published_scope,applied_complete_published_city_territorial_scope,published_complete_city_territory_scope,city_with_published_subordinates,UNKNOWN,False,False,False,False,True,False,published_closed_city_scope_Киров,2010,4.0,secondary_confidentiality_protected_value_exact_scope_unverified,/workspace/settlements-raw/data/raw/2010/014_5ca759eea0_5._20Nizheg_Kirov_202010.xls,c286aa10e8ebd8a4594b5623affa0ca1aacb6b69ac09a4a9288eeb754aa81c27,False,,,,,,,,,,,,,,,,,,,,,,,,,,,False
published_closed_city_scope_Киров,2010.0,2010:014_5ca759eea0_5._20Nizheg_Kirov_202010.xls:Data Sheet:9217,Вересниковщина,деревня,25.0,secondary_confidentiality_protected_value_exact_scope_unverified,/workspace/settlements-raw/data/raw/2010/014_5ca759eea0_5._20Nizheg_Kirov_202010.xls,c286aa10e8ebd8a4594b5623affa0ca1aacb6b69ac09a4a9288eeb754aa81c27,Data Sheet!row_1based=9217.0,True,True,False,True,True,False,atomic_NP_in_complete_published_scope,applied_complete_published_city_territorial_scope,published_complete_city_territory_scope,city_with_published_subordinates,UNKNOWN,False,False,False,False,True,False,published_closed_city_scope_Киров,2010,25.0,secondary_confidentiality_protected_value_exact_scope_unverified,/workspace/settlements-raw/data/raw/2010/014_5ca759eea0_5._20Nizheg_Kirov_202010.xls,c286aa10e8ebd8a4594b5623affa0ca1aacb6b69ac09a4a9288eeb754aa81c27,False,,,,,,,,,,,,,,,,,,,,,,,,,,,True
published_closed_city_scope_Киров,2010.0,2010:014_5ca759eea0_5._20Nizheg_Kirov_202010.xls:Data Sheet:9218,Гари,деревня,0.0,secondary_confidentiality_protected_value_exact_scope_unverified,/workspace/settlements-raw/data/raw/2010/014_5ca759eea0_5._20Nizheg_Kirov_202010.xls,c286aa10e8ebd8a4594b5623affa0ca1aacb6b69ac09a4a9288eeb754aa81c27,Data Sheet!row_1based=9218.0,True,True,False,False,False,False,atomic_NP_in_complete_published_scope,applied_complete_published_city_territorial_scope,published_complete_city_territory_scope,city_with_published_subordinates,UNKNOWN,False,False,False,False,True,False,published_closed_city_scope_Киров,2010,0.0,secondary_confidentiality_protected_value_exact_scope_unverified,/workspace/settlements-raw/data/raw/2010/014_5ca759eea0_5._20Nizheg_Kirov_202010.xls,c286aa10e8ebd8a4594b5623affa0ca1aacb6b69ac09a4a9288eeb754aa81c27,False,,,,,,,,,,,,,,,,,,,,,,,,,,,False
published_closed_city_scope_Киров,2010.0,2010:014_5ca759eea0_5._20Nizheg_Kirov_202010.xls:Data Sheet:9219,Кривели,деревня,3.0,secondary_confidentiality_protected_value_exact_scope_unverified,/workspace/settlements-raw/data/raw/2010/014_5ca759eea0_5._20Nizheg_Kirov_202010.xls,c286aa10e8ebd8a4594b5623affa0ca1aacb6b69ac09a4a9288eeb754aa81c27,Data Sheet!row_1based=9219.0,True,True,False,True,True,False,atomic_NP_in_complete_published_scope,applied_complete_published_city_territorial_scope,published_complete_city_territory_scope,city_with_published_subordinates,UNKNOWN,False,False,False,False,True,False,published_closed_city_scope_Киров,2010,3.0,secondary_confidentiality_protected_value_exact_scope_unverified,/workspace/settlements-raw/data/raw/2010/014_5ca759eea0_5._20Nizheg_Kirov_202010.xls,c286aa10e8ebd8a4594b5623affa0ca1aacb6b69ac09a4a9288eeb754aa81c27,False,,,,,,,,,,,,,,,,,,,,,,,,,,,True
published_closed_city_scope_Киров,2010.0,2010:014_5ca759eea0_5._20Nizheg_Kirov_202010.xls:Data Sheet:9220,Леденцовы,деревня,0.0,secondary_confidentiality_protected_value_exact_scope_unverified,/workspace/settlements-raw/data/raw/2010/014_5ca759eea0_5._20Nizheg_Kirov_202010.xls,c286aa10e8ebd8a4594b5623affa0ca1aacb6b69ac09a4a9288eeb754aa81c27,Data Sheet!row_1based=9220.0,True,True,False,True,True,False,atomic_NP_in_complete_published_scope,applied_complete_published_city_territorial_scope,published_complete_city_territory_scope,city_with_published_subordinates,UNKNOWN,False,False,False,False,True,False,published_closed_city_scope_Киров,2010,0.0,secondary_confidentiality_protected_value_exact_scope_unverified,/workspace/settlements-raw/data/raw/2010/014_5ca759eea0_5._20Nizheg_Kirov_202010.xls,c286aa10e8ebd8a4594b5623affa0ca1aacb6b69ac09a4a9288eeb754aa81c27,False,,,,,,,,,,,,,,,,,,,,,,,,,,,True
published_closed_city_scope_Киров,2010.0,2010:014_5ca759eea0_5._20Nizheg_Kirov_202010.xls:Data Sheet:9221,Лисицины,деревня,0.0,secondary_confidentiality_protected_value_exact_scope_unverified,/workspace/settlements-raw/data/raw/2010/014_5ca759eea0_5._20Nizheg_Kirov_202010.xls,c286aa10e8ebd8a4594b5623affa0ca1aacb6b69ac09a4a9288eeb754aa81c27,Data Sheet!row_1based=9221.0,True,True,False,True,True,False,atomic_NP_in_complete_published_scope,applied_complete_published_city_territorial_scope,published_complete_city_territory_scope,city_with_published_subordinates,UNKNOWN,False,False,False,False,True,False,published_closed_city_scope_Киров,2010,0.0,secondary_confidentiality_protected_value_exact_scope_unverified,/workspace/settlements-raw/data/raw/2010/014_5ca759eea0_5._20Nizheg_Kirov_202010.xls,c286aa10e8ebd8a4594b5623affa0ca1aacb6b69ac09a4a9288eeb754aa81c27,False,,,,,,,,,,,,,,,,,,,,,,,,,,,True
published_closed_city_scope_Киров,2010.0,2010:014_5ca759eea0_5._20Nizheg_Kirov_202010.xls:Data Sheet:9222,Лом,деревня,0.0,secondary_confidentiality_protected_value_exact_scope_unverified,/workspace/settlements-raw/data/raw/2010/014_5ca759eea0_5._20Nizheg_Kirov_202010.xls,c286aa10e8ebd8a4594b5623affa0ca1aacb6b69ac09a4a9288eeb754aa81c27,Data Sheet!row_1based=9222.0,True,True,False,True,True,False,atomic_NP_in_complete_published_scope,applied_complete_published_city_territorial_scope,published_complete_city_territory_scope,city_with_published_subordinates,UNKNOWN,False,False,False,False,True,False,published_closed_city_scope_Киров,2010,0.0,secondary_confidentiality_protected_value_exact_scope_unverified,/workspace/settlements-raw/data/raw/2010/014_5ca759eea0_5._20Nizheg_Kirov_202010.xls,c286aa10e8ebd8a4594b5623affa0ca1aacb6b69ac09a4a9288eeb754aa81c27,False,,,,,,,,,,,,,,,,,,,,,,,,,,,True
published_closed_city_scope_Киров,2010.0,2010:014_5ca759eea0_5._20Nizheg_Kirov_202010.xls:Data Sheet:9223,Луговики,деревня,0.0,secondary_confidentiality_protected_value_exact_scope_unverified,/workspace/settlements-raw/data/raw/2010/014_5ca759eea0_5._20Nizheg_Kirov_202010.xls,c286aa10e8ebd8a4594b5623affa0ca1aacb6b69ac09a4a9288eeb754aa81c27,Data Sheet!row_1based=9223.0,True,True,False,True,True,False,atomic_NP_in_complete_published_scope,applied_complete_published_city_territorial_scope,published_complete_city_territory_scope,city_with_published_subordinates,UNKNOWN,False,False,False,False,True,False,published_closed_city_scope_Киров,2010,0.0,secondary_confidentiality_protected_value_exact_scope_unverified,/workspace/settlements-raw/data/raw/2010/014_5ca759eea0_5._20Nizheg_Kirov_202010.xls,c286aa10e8ebd8a4594b5623affa0ca1aacb6b69ac09a4a9288eeb754aa81c27,False,,,,,,,,,,,,,,,,,,,,,,,,,,,True
published_closed_city_scope_Киров,2010.0,2010:014_5ca759eea0_5._20Nizheg_Kirov_202010.xls:Data Sheet:9224,Марьино,деревня,0.0,secondary_confidentiality_protected_value_exact_scope_unverified,/workspace/settlements-raw/data/raw/2010/014_5ca759eea0_5._20Nizheg_Kirov_202010.xls,c286aa10e8ebd8a4594b5623affa0ca1aacb6b69ac09a4a9288eeb754aa81c27,Data Sheet!row_1based=9224.0,True,True,False,True,True,False,atomic_NP_in_complete_published_scope,applied_complete_published_city_territorial_scope,published_complete_city_territory_scope,city_with_published_subordinates,UNKNOWN,False,False,False,False,True,False,published_closed_city_scope_Киров,2010,0.0,secondary_confidentiality_protected_value_exact_scope_unverified,/workspace/settlements-raw/data/raw/2010/014_5ca759eea0_5._20Nizheg_Kirov_202010.xls,c286aa10e8ebd8a4594b5623affa0ca1aacb6b69ac09a4a9288eeb754aa81c27,False,,,,,,,,,,,,,,,,,,,,,,,,,,,True
published_closed_city_scope_Киров,2010.0,2010:014_5ca759eea0_5._20Nizheg_Kirov_202010.xls:Data Sheet:9225,Масленики,деревня,14.0,secondary_confidentiality_protected_value_exact_scope_unverified,/workspace/settlements-raw/data/raw/2010/014_5ca759eea0_5._20Nizheg_Kirov_202010.xls,c286aa10e8ebd8a4594b5623affa0ca1aacb6b69ac09a4a9288eeb754aa81c27,Data Sheet!row_1based=9225.0,True,True,False,True,True,False,atomic_NP_in_complete_published_scope,applied_complete_published_city_territorial_scope,published_complete_city_territory_scope,city_with_published_subordinates,UNKNOWN,False,False,False,False,True,False,published_closed_city_scope_Киров,2010,14.0,secondary_confidentiality_protected_value_exact_scope_unverified,/workspace/settlements-raw/data/raw/2010/014_5ca759eea0_5._20Nizheg_Kirov_202010.xls,c286aa10e8ebd8a4594b5623affa0ca1aacb6b69ac09a4a9288eeb754aa81c27,False,,,,,,,,,,,,,,,,,,,,,,,,,,,True
published_closed_city_scope_Киров,2010.0,2010:014_5ca759eea0_5._20Nizheg_Kirov_202010.xls:Data Sheet:9226,Нагорье,деревня,0.0,secondary_confidentiality_protected_value_exact_scope_unverified,/workspace/settlements-raw/data/raw/2010/014_5ca759eea0_5._20Nizheg_Kirov_202010.xls,c286aa10e8ebd8a4594b5623affa0ca1aacb6b69ac09a4a9288eeb754aa81c27,Data Sheet!row_1based=9226.0,True,True,False,True,True,False,atomic_NP_in_complete_published_scope,applied_complete_published_city_territorial_scope,published_complete_city_territory_scope,city_with_published_subordinates,UNKNOWN,False,False,False,False,True,False,published_closed_city_scope_Киров,2010,0.0,secondary_confidentiality_protected_value_exact_scope_unverified,/workspace/settlements-raw/data/raw/2010/014_5ca759eea0_5._20Nizheg_Kirov_202010.xls,c286aa10e8ebd8a4594b5623affa0ca1aacb6b69ac09a4a9288eeb754aa81c27,False,,,,,,,,,,,,,,,,,,,,,,,,,,,True
published_closed_city_scope_Киров,2010.0,2010:014_5ca759eea0_5._20Nizheg_Kirov_202010.xls:Data Sheet:9227,Подборные,деревня,15.0,secondary_confidentiality_protected_value_exact_scope_unverified,/workspace/settlements-raw/data/raw/2010/014_5ca759eea0_5._20Nizheg_Kirov_202010.xls,c286aa10e8ebd8a4594b5623affa0ca1aacb6b69ac09a4a9288eeb754aa81c27,Data Sheet!row_1based=9227.0,True,True,False,True,True,False,atomic_NP_in_complete_published_scope,applied_complete_published_city_territorial_scope,published_complete_city_territory_scope,city_with_published_subordinates,UNKNOWN,False,False,False,False,True,False,published_closed_city_scope_Киров,2010,15.0,secondary_confidentiality_protected_value_exact_scope_unverified,/workspace/settlements-raw/data/raw/2010/014_5ca759eea0_5._20Nizheg_Kirov_202010.xls,c286aa10e8ebd8a4594b5623affa0ca1aacb6b69ac09a4a9288eeb754aa81c27,False,,,,,,,,,,,,,,,,,,,,,,,,,,,True
published_closed_city_scope_Киров,2010.0,2010:014_5ca759eea0_5._20Nizheg_Kirov_202010.xls:Data Sheet:9228,Студенец,деревня,7.0,secondary_confidentiality_protected_value_exact_scope_unverified,/workspace/settlements-raw/data/raw/2010/014_5ca759eea0_5._20Nizheg_Kirov_202010.xls,c286aa10e8ebd8a4594b5623affa0ca1aacb6b69ac09a4a9288eeb754aa81c27,Data Sheet!row_1based=9228.0,True,True,False,True,True,False,atomic_NP_in_complete_published_scope,applied_complete_published_city_territorial_scope,published_complete_city_territory_scope,city_with_published_subordinates,UNKNOWN,False,False,False,False,True,False,published_closed_city_scope_Киров,2010,7.0,secondary_confidentiality_protected_value_exact_scope_unverified,/workspace/settlements-raw/data/raw/2010/014_5ca759eea0_5._20Nizheg_Kirov_202010.xls,c286aa10e8ebd8a4594b5623affa0ca1aacb6b69ac09a4a9288eeb754aa81c27,False,,,,,,,,,,,,,,,,,,,,,,,,,,,True
published_closed_city_scope_Киров,2010.0,2010:014_5ca759eea0_5._20Nizheg_Kirov_202010.xls:Data Sheet:9229,Удаловщина,деревня,0.0,secondary_confidentiality_protected_value_exact_scope_unverified,/workspace/settlements-raw/data/raw/2010/014_5ca759eea0_5._20Nizheg_Kirov_202010.xls,c286aa10e8ebd8a4594b5623affa0ca1aacb6b69ac09a4a9288eeb754aa81c27,Data Sheet!row_1based=9229.0,True,True,False,True,True,False,atomic_NP_in_complete_published_scope,applied_complete_published_city_territorial_scope,published_complete_city_territory_scope,city_with_published_subordinates,UNKNOWN,False,False,False,False,True,False,published_closed_city_scope_Киров,2010,0.0,secondary_confidentiality_protected_value_exact_scope_unverified,/workspace/settlements-raw/data/raw/2010/014_5ca759eea0_5._20Nizheg_Kirov_202010.xls,c286aa10e8ebd8a4594b5623affa0ca1aacb6b69ac09a4a9288eeb754aa81c27,False,,,,,,,,,,,,,,,,,,,,,,,,,,,True
published_closed_city_scope_Киров,2010.0,2010:014_5ca759eea0_5._20Nizheg_Kirov_202010.xls:Data Sheet:9230,Порошино,село,1166.0,secondary_confidentiality_protected_value_exact_scope_unverified,/workspace/settlements-raw/data/raw/2010/014_5ca759eea0_5._20Nizheg_Kirov_202010.xls,c286aa10e8ebd8a4594b5623affa0ca1aacb6b69ac09a4a9288eeb754aa81c27,Data Sheet!row_1based=9230.0,True,True,False,True,True,False,atomic_NP_in_complete_published_scope,applied_complete_published_city_territorial_scope,published_complete_city_territory_scope,city_with_published_subordinates,UNKNOWN,False,False,False,False,True,False,published_closed_city_scope_Киров,2010,1166.0,secondary_confidentiality_protected_value_exact_scope_unverified,/workspace/settlements-raw/data/raw/2010/014_5ca759eea0_5._20Nizheg_Kirov_202010.xls,c286aa10e8ebd8a4594b5623affa0ca1aacb6b69ac09a4a9288eeb754aa81c27,False,,,,,,,,,,,,,,,,,,,,,,,,,,,True
published_closed_city_scope_Киров,2010.0,2010:014_5ca759eea0_5._20Nizheg_Kirov_202010.xls:Data Sheet:9231,Богородская,деревня,676.0,secondary_confidentiality_protected_value_exact_scope_unverified,/workspace/settlements-raw/data/raw/2010/014_5ca759eea0_5._20Nizheg_Kirov_202010.xls,c286aa10e8ebd8a4594b5623affa0ca1aacb6b69ac09a4a9288eeb754aa81c27,Data Sheet!row_1based=9231.0,True,True,False,True,True,False,atomic_NP_in_complete_published_scope,applied_complete_published_city_territorial_scope,published_complete_city_territory_scope,city_with_published_subordinates,UNKNOWN,False,False,False,False,True,False,published_closed_city_scope_Киров,2010,676.0,secondary_confidentiality_protected_value_exact_scope_unverified,/workspace/settlements-raw/data/raw/2010/014_5ca759eea0_5._20Nizheg_Kirov_202010.xls,c286aa10e8ebd8a4594b5623affa0ca1aacb6b69ac09a4a9288eeb754aa81c27,False,,,,,,,,,,,,,,,,,,,,,,,,,,,True
published_closed_city_scope_Киров,2010.0,2010:014_5ca759eea0_5._20Nizheg_Kirov_202010.xls:Data Sheet:9232,Большая Субботиха,деревня,676.0,secondary_confidentiality_protected_value_exact_scope_unverified,/workspace/settlements-raw/data/raw/2010/014_5ca759eea0_5._20Nizheg_Kirov_202010.xls,c286aa10e8ebd8a4594b5623affa0ca1aacb6b69ac09a4a9288eeb754aa81c27,Data Sheet!row_1based=9232.0,True,True,False,True,True,False,atomic_NP_in_complete_published_scope,applied_complete_published_city_territorial_scope,published_complete_city_territory_scope,city_with_published_subordinates,UNKNOWN,False,False,False,False,True,False,published_closed_city_scope_Киров,2010,676.0,secondary_confidentiality_protected_value_exact_scope_unverified,/workspace/settlements-raw/data/raw/2010/014_5ca759eea0_5._20Nizheg_Kirov_202010.xls,c286aa10e8ebd8a4594b5623affa0ca1aacb6b69ac09a4a9288eeb754aa81c27,False,,,,,,,,,,,,,,,,,,,,,,,,,,,True
published_closed_city_scope_Киров,2010.0,2010:014_5ca759eea0_5._20Nizheg_Kirov_202010.xls:Data Sheet:9233,Малая Субботиха,деревня,798.0,secondary_confidentiality_protected_value_exact_scope_unverified,/workspace/settlements-raw/data/raw/2010/014_5ca759eea0_5._20Nizheg_Kirov_202010.xls,c286aa10e8ebd8a4594b5623affa0ca1aacb6b69ac09a4a9288eeb754aa81c27,Data Sheet!row_1based=9233.0,True,True,False,True,True,False,atomic_NP_in_complete_published_scope,applied_complete_published_city_territorial_scope,published_complete_city_territory_scope,city_with_published_subordinates,UNKNOWN,False,False,False,False,True,False,published_closed_city_scope_Киров,2010,798.0,secondary_confidentiality_protected_value_exact_scope_unverified,/workspace/settlements-raw/data/raw/2010/014_5ca759eea0_5._20Nizheg_Kirov_202010.xls,c286aa10e8ebd8a4594b5623affa0ca1aacb6b69ac09a4a9288eeb754aa81c27,False,,,,,,,,,,,,,,,,,,,,,,,,,,,True
published_closed_city_scope_Киров,2010.0,2010:014_5ca759eea0_5._20Nizheg_Kirov_202010.xls:Data Sheet:9234,Сидоровка,посёлок,902.0,secondary_confidentiality_protected_value_exact_scope_unverified,/workspace/settlements-raw/data/raw/2010/014_5ca759eea0_5._20Nizheg_Kirov_202010.xls,c286aa10e8ebd8a4594b5623affa0ca1aacb6b69ac09a4a9288eeb754aa81c27,Data Sheet!row_1based=9234.0,True,True,False,True,True,False,atomic_NP_in_complete_published_scope,applied_complete_published_city_territorial_scope,published_complete_city_territory_scope,city_with_published_subordinates,UNKNOWN,False,False,False,False,True,False,published_closed_city_scope_Киров,2010,902.0,secondary_confidentiality_protected_value_exact_scope_unverified,/workspace/settlements-raw/data/raw/2010/014_5ca759eea0_5._20Nizheg_Kirov_202010.xls,c286aa10e8ebd8a4594b5623affa0ca1aacb6b69ac09a4a9288eeb754aa81c27,False,,,,,,,,,,,,,,,,,,,,,,,,,,,True
published_closed_city_scope_Киров,2010.0,2010:014_5ca759eea0_5._20Nizheg_Kirov_202010.xls:Data Sheet:9235,Гнусино,деревня,584.0,secondary_confidentiality_protected_value_exact_scope_unverified,/workspace/settlements-raw/data/raw/2010/014_5ca759eea0_5._20Nizheg_Kirov_202010.xls,c286aa10e8ebd8a4594b5623affa0ca1aacb6b69ac09a4a9288eeb754aa81c27,Data Sheet!row_1based=9235.0,True,True,False,True,True,False,atomic_NP_in_complete_published_scope,applied_complete_published_city_territorial_scope,published_complete_city_territory_scope,city_with_published_subordinates,UNKNOWN,False,False,False,False,True,False,published_closed_city_scope_Киров,2010,584.0,secondary_confidentiality_protected_value_exact_scope_unverified,/workspace/settlements-raw/data/raw/2010/014_5ca759eea0_5._20Nizheg_Kirov_202010.xls,c286aa10e8ebd8a4594b5623affa0ca1aacb6b69ac09a4a9288eeb754aa81c27,False,,,,,,,,,,,,,,,,,,,,,,,,,,,True
published_closed_city_scope_Киров,2021.0,2021:data_allsettlements_anon_156_v20251217.parquet:parquet:37765,Киров,город,468212.0,direct_published_census_value,/workspace/settlements-raw/data/interim/2021_tochno/data_allsettlements_anon_156_v20251217.parquet,86c197cd522e0b63669e9c6e7f43fd3d82b3704c6a126c800a9968ecd16cae14,parquet!row_1based=37765.0,True,True,False,True,True,False,atomic_NP_in_complete_published_scope,applied_complete_published_city_territorial_scope,published_complete_city_territory_scope,city_with_published_subordinates,UNKNOWN,False,False,False,False,True,False,published_closed_city_scope_Киров,2021,468212.0,direct_published_census_value,/workspace/settlements-raw/data/interim/2021_tochno/data_allsettlements_anon_156_v20251217.parquet,86c197cd522e0b63669e9c6e7f43fd3d82b3704c6a126c800a9968ecd16cae14,False,,,,,,,,,,,,,,,,,,,,,,,,,,,True
published_closed_city_scope_Киров,2021.0,2021:data_allsettlements_anon_156_v20251217.parquet:parquet:37767,Бздюли,деревня,4.0,direct_published_census_value,/workspace/settlements-raw/data/interim/2021_tochno/data_allsettlements_anon_156_v20251217.parquet,86c197cd522e0b63669e9c6e7f43fd3d82b3704c6a126c800a9968ecd16cae14,parquet!row_1based=37767.0,True,True,False,True,True,False,atomic_NP_in_complete_published_scope,applied_complete_published_city_territorial_scope,published_complete_city_territory_scope,city_with_published_subordinates,UNKNOWN,False,False,False,False,True,False,published_closed_city_scope_Киров,2021,4.0,direct_published_census_value,/workspace/settlements-raw/data/interim/2021_tochno/data_allsettlements_anon_156_v20251217.parquet,86c197cd522e0b63669e9c6e7f43fd3d82b3704c6a126c800a9968ecd16cae14,False,,,,,,,,,,,,,,,,,,,,,,,,,,,True
published_closed_city_scope_Киров,2021.0,2021:data_allsettlements_anon_156_v20251217.parquet:parquet:37768,Блохи,деревня,3.0,direct_published_census_value,/workspace/settlements-raw/data/interim/2021_tochno/data_allsettlements_anon_156_v20251217.parquet,86c197cd522e0b63669e9c6e7f43fd3d82b3704c6a126c800a9968ecd16cae14,parquet!row_1based=37768.0,True,True,False,True,True,False,atomic_NP_in_complete_published_scope,applied_complete_published_city_territorial_scope,published_complete_city_territory_scope,city_with_published_subordinates,UNKNOWN,False,False,False,False,True,False,published_closed_city_scope_Киров,2021,3.0,direct_published_census_value,/workspace/settlements-raw/data/interim/2021_tochno/data_allsettlements_anon_156_v20251217.parquet,86c197cd522e0b63669e9c6e7f43fd3d82b3704c6a126c800a9968ecd16cae14,False,,,,,,,,,,,,,,,,,,,,,,,,,,,True
published_closed_city_scope_Киров,2021.0,2021:data_allsettlements_anon_156_v20251217.parquet:parquet:37769,Бобыли,деревня,16.0,direct_published_census_value,/workspace/settlements-raw/data/interim/2021_tochno/data_allsettlements_anon_156_v20251217.parquet,86c197cd522e0b63669e9c6e7f43fd3d82b3704c6a126c800a9968ecd16cae14,parquet!row_1based=37769.0,True,True,False,False,True,False,atomic_NP_in_complete_published_scope,applied_complete_published_city_territorial_scope,published_complete_city_territory_scope,city_with_published_subordinates,UNKNOWN,False,False,False,False,True,False,published_closed_city_scope_Киров,2021,16.0,direct_published_census_value,/workspace/settlements-raw/data/interim/2021_tochno/data_allsettlements_anon_156_v20251217.parquet,86c197cd522e0b63669e9c6e7f43fd3d82b3704c6a126c800a9968ecd16cae14,False,,,,,,,,,,,,,,,,,,,,,,,,,,,False
published_closed_city_scope_Киров,2021.0,2021:data_allsettlements_anon_156_v20251217.parquet:parquet:37770,Бони,деревня,30.0,direct_published_census_value,/workspace/settlements-raw/data/interim/2021_tochno/data_allsettlements_anon_156_v20251217.parquet,86c197cd522e0b63669e9c6e7f43fd3d82b3704c6a126c800a9968ecd16cae14,parquet!row_1based=37770.0,True,True,False,True,True,False,atomic_NP_in_complete_published_scope,applied_complete_published_city_territorial_scope,published_complete_city_territory_scope,city_with_published_subordinates,UNKNOWN,False,False,False,False,True,False,published_closed_city_scope_Киров,2021,30.0,direct_published_census_value,/workspace/settlements-raw/data/interim/2021_tochno/data_allsettlements_anon_156_v20251217.parquet,86c197cd522e0b63669e9c6e7f43fd3d82b3704c6a126c800a9968ecd16cae14,False,,,,,,,,,,,,,,,,,,,,,,,,,,,True
published_closed_city_scope_Киров,2021.0,2021:data_allsettlements_anon_156_v20251217.parquet:parquet:37771,Ваньшины,деревня,32.0,direct_published_census_value,/workspace/settlements-raw/data/interim/2021_tochno/data_allsettlements_anon_156_v20251217.parquet,86c197cd522e0b63669e9c6e7f43fd3d82b3704c6a126c800a9968ecd16cae14,parquet!row_1based=37771.0,True,True,False,True,True,False,atomic_NP_in_complete_published_scope,applied_complete_published_city_territorial_scope,published_complete_city_territory_scope,city_with_published_subordinates,UNKNOWN,False,False,False,False,True,False,published_closed_city_scope_Киров,2021,32.0,direct_published_census_value,/workspace/settlements-raw/data/interim/2021_tochno/data_allsettlements_anon_156_v20251217.parquet,86c197cd522e0b63669e9c6e7f43fd3d82b3704c6a126c800a9968ecd16cae14,False,,,,,,,,,,,,,,,,,,,,,,,,,,,True
published_closed_city_scope_Киров,2021.0,2021:data_allsettlements_anon_156_v20251217.parquet:parquet:37772,Вахренки,деревня,24.0,direct_published_census_value,/workspace/settlements-raw/data/interim/2021_tochno/data_allsettlements_anon_156_v20251217.parquet,86c197cd522e0b63669e9c6e7f43fd3d82b3704c6a126c800a9968ecd16cae14,parquet!row_1based=37772.0,True,True,False,True,True,False,atomic_NP_in_complete_published_scope,applied_complete_published_city_territorial_scope,published_complete_city_territory_scope,city_with_published_subordinates,UNKNOWN,False,False,False,False,True,False,published_closed_city_scope_Киров,2021,24.0,direct_published_census_value,/workspace/settlements-raw/data/interim/2021_tochno/data_allsettlements_anon_156_v20251217.parquet,86c197cd522e0b63669e9c6e7f43fd3d82b3704c6a126c800a9968ecd16cae14,False,,,,,,,,,,,,,,,,,,,,,,,,,,,True
published_closed_city_scope_Киров,2021.0,2021:data_allsettlements_anon_156_v20251217.parquet:parquet:37773,Верхнее Скопино,деревня,4.0,direct_published_census_value,/workspace/settlements-raw/data/interim/2021_tochno/data_allsettlements_anon_156_v20251217.parquet,86c197cd522e0b63669e9c6e7f43fd3d82b3704c6a126c800a9968ecd16cae14,parquet!row_1based=37773.0,True,True,False,True,True,False,atomic_NP_in_complete_published_scope,applied_complete_published_city_territorial_scope,published_complete_city_territory_scope,city_with_published_subordinates,UNKNOWN,False,False,False,False,True,False,published_closed_city_scope_Киров,2021,4.0,direct_published_census_value,/workspace/settlements-raw/data/interim/2021_tochno/data_allsettlements_anon_156_v20251217.parquet,86c197cd522e0b63669e9c6e7f43fd3d82b3704c6a126c800a9968ecd16cae14,False,,,,,,,,,,,,,,,,,,,,,,,,,,,True
published_closed_city_scope_Киров,2021.0,2021:data_allsettlements_anon_156_v20251217.parquet:parquet:37774,Воронье,деревня,36.0,direct_published_census_value,/workspace/settlements-raw/data/interim/2021_tochno/data_allsettlements_anon_156_v20251217.parquet,86c197cd522e0b63669e9c6e7f43fd3d82b3704c6a126c800a9968ecd16cae14,parquet!row_1based=37774.0,True,True,False,False,True,False,atomic_NP_in_complete_published_scope,applied_complete_published_city_territorial_scope,published_complete_city_territory_scope,city_with_published_subordinates,UNKNOWN,False,False,False,False,True,False,published_closed_city_scope_Киров,2021,36.0,direct_published_census_value,/workspace/settlements-raw/data/interim/2021_tochno/data_allsettlements_anon_156_v20251217.parquet,86c197cd522e0b63669e9c6e7f43fd3d82b3704c6a126c800a9968ecd16cae14,False,,,,,,,,,,,,,,,,,,,,,,,,,,,False
published_closed_city_scope_Киров,2021.0,2021:data_allsettlements_anon_156_v20251217.parquet:parquet:37775,Дороничи,посёлок,3042.0,direct_published_census_value,/workspace/settlements-raw/data/interim/2021_tochno/data_allsettlements_anon_156_v20251217.parquet,86c197cd522e0b63669e9c6e7f43fd3d82b3704c6a126c800a9968ecd16cae14,parquet!row_1based=37775.0,True,True,False,True,True,False,atomic_NP_in_complete_published_scope,applied_complete_published_city_territorial_scope,published_complete_city_territory_scope,city_with_published_subordinates,UNKNOWN,False,False,False,False,True,False,published_closed_city_scope_Киров,2021,3042.0,direct_published_census_value,/workspace/settlements-raw/data/interim/2021_tochno/data_allsettlements_anon_156_v20251217.parquet,86c197cd522e0b63669e9c6e7f43fd3d82b3704c6a126c800a9968ecd16cae14,False,,,,,,,,,,,,,,,,,,,,,,,,,,,True
published_closed_city_scope_Киров,2021.0,2021:data_allsettlements_anon_156_v20251217.parquet:parquet:37776,Дряхловщина,деревня,22.0,direct_published_census_value,/workspace/settlements-raw/data/interim/2021_tochno/data_allsettlements_anon_156_v20251217.parquet,86c197cd522e0b63669e9c6e7f43fd3d82b3704c6a126c800a9968ecd16cae14,parquet!row_1based=37776.0,True,True,False,True,True,False,atomic_NP_in_complete_published_scope,applied_complete_published_city_territorial_scope,published_complete_city_territory_scope,city_with_published_subordinates,UNKNOWN,False,False,False,False,True,False,published_closed_city_scope_Киров,2021,22.0,direct_published_census_value,/workspace/settlements-raw/data/interim/2021_tochno/data_allsettlements_anon_156_v20251217.parquet,86c197cd522e0b63669e9c6e7f43fd3d82b3704c6a126c800a9968ecd16cae14,False,,,,,,,,,,,,,,,,,,,,,,,,,,,True
published_closed_city_scope_Киров,2021.0,2021:data_allsettlements_anon_156_v20251217.parquet:parquet:37777,Дуркино,деревня,30.0,direct_published_census_value,/workspace/settlements-raw/data/interim/2021_tochno/data_allsettlements_anon_156_v20251217.parquet,86c197cd522e0b63669e9c6e7f43fd3d82b3704c6a126c800a9968ecd16cae14,parquet!row_1based=37777.0,True,True,False,True,True,False,atomic_NP_in_complete_published_scope,applied_complete_published_city_territorial_scope,published_complete_city_territory_scope,city_with_published_subordinates,UNKNOWN,False,False,False,False,True,False,published_closed_city_scope_Киров,2021,30.0,direct_published_census_value,/workspace/settlements-raw/data/interim/2021_tochno/data_allsettlements_anon_156_v20251217.parquet,86c197cd522e0b63669e9c6e7f43fd3d82b3704c6a126c800a9968ecd16cae14,False,,,,,,,,,,,,,,,,,,,,,,,,,,,True
published_closed_city_scope_Киров,2021.0,2021:data_allsettlements_anon_156_v20251217.parquet:parquet:37778,Захарищевы,посёлок,707.0,direct_published_census_value,/workspace/settlements-raw/data/interim/2021_tochno/data_allsettlements_anon_156_v20251217.parquet,86c197cd522e0b63669e9c6e7f43fd3d82b3704c6a126c800a9968ecd16cae14,parquet!row_1based=37778.0,True,True,False,True,True,False,atomic_NP_in_complete_published_scope,applied_complete_published_city_territorial_scope,published_complete_city_territory_scope,city_with_published_subordinates,UNKNOWN,False,False,False,False,True,False,published_closed_city_scope_Киров,2021,707.0,direct_published_census_value,/workspace/settlements-raw/data/interim/2021_tochno/data_allsettlements_anon_156_v20251217.parquet,86c197cd522e0b63669e9c6e7f43fd3d82b3704c6a126c800a9968ecd16cae14,False,,,,,,,,,,,,,,,,,,,,,,,,,,,True
published_closed_city_scope_Киров,2021.0,2021:data_allsettlements_anon_156_v20251217.parquet:parquet:37779,Истоминцы,деревня,3.0,direct_published_census_value,/workspace/settlements-raw/data/interim/2021_tochno/data_allsettlements_anon_156_v20251217.parquet,86c197cd522e0b63669e9c6e7f43fd3d82b3704c6a126c800a9968ecd16cae14,parquet!row_1based=37779.0,True,True,False,True,True,False,atomic_NP_in_complete_published_scope,applied_complete_published_city_territorial_scope,published_complete_city_territory_scope,city_with_published_subordinates,UNKNOWN,False,False,False,False,True,False,published_closed_city_scope_Киров,2021,3.0,direct_published_census_value,/workspace/settlements-raw/data/interim/2021_tochno/data_allsettlements_anon_156_v20251217.parquet,86c197cd522e0b63669e9c6e7f43fd3d82b3704c6a126c800a9968ecd16cae14,False,,,,,,,,,,,,,,,,,,,,,,,,,,,True
published_closed_city_scope_Киров,2021.0,2021:data_allsettlements_anon_156_v20251217.parquet:parquet:37780,Иунинцы,деревня,64.0,direct_published_census_value,/workspace/settlements-raw/data/interim/2021_tochno/data_allsettlements_anon_156_v20251217.parquet,86c197cd522e0b63669e9c6e7f43fd3d82b3704c6a126c800a9968ecd16cae14,parquet!row_1based=37780.0,True,True,False,True,True,False,atomic_NP_in_complete_published_scope,applied_complete_published_city_territorial_scope,published_complete_city_territory_scope,city_with_published_subordinates,UNKNOWN,False,False,False,False,True,False,published_closed_city_scope_Киров,2021,64.0,direct_published_census_value,/workspace/settlements-raw/data/interim/2021_tochno/data_allsettlements_anon_156_v20251217.parquet,86c197cd522e0b63669e9c6e7f43fd3d82b3704c6a126c800a9968ecd16cae14,False,,,,,,,,,,,,,,,,,,,,,,,,,,,True
published_closed_city_scope_Киров,2021.0,2021:data_allsettlements_anon_156_v20251217.parquet:parquet:37781,Камешник,деревня,7.0,direct_published_census_value,/workspace/settlements-raw/data/interim/2021_tochno/data_allsettlements_anon_156_v20251217.parquet,86c197cd522e0b63669e9c6e7f43fd3d82b3704c6a126c800a9968ecd16cae14,parquet!row_1based=37781.0,True,True,False,True,True,False,atomic_NP_in_complete_published_scope,applied_complete_published_city_territorial_scope,published_complete_city_territory_scope,city_with_published_subordinates,UNKNOWN,False,False,False,False,True,False,published_closed_city_scope_Киров,2021,7.0,direct_published_census_value,/workspace/settlements-raw/data/interim/2021_tochno/data_allsettlements_anon_156_v20251217.parquet,86c197cd522e0b63669e9c6e7f43fd3d82b3704c6a126c800a9968ecd16cae14,False,,,,,,,,,,,,,,,,,,,,,,,,,,,True
published_closed_city_scope_Киров,2021.0,2021:data_allsettlements_anon_156_v20251217.parquet:parquet:37782,Катковы,деревня,229.0,direct_published_census_value,/workspace/settlements-raw/data/interim/2021_tochno/data_allsettlements_anon_156_v20251217.parquet,86c197cd522e0b63669e9c6e7f43fd3d82b3704c6a126c800a9968ecd16cae14,parquet!row_1based=37782.0,True,True,False,True,True,False,atomic_NP_in_complete_published_scope,applied_complete_published_city_territorial_scope,published_complete_city_territory_scope,city_with_published_subordinates,UNKNOWN,False,False,False,False,True,False,published_closed_city_scope_Киров,2021,229.0,direct_published_census_value,/workspace/settlements-raw/data/interim/2021_tochno/data_allsettlements_anon_156_v20251217.parquet,86c197cd522e0b63669e9c6e7f43fd3d82b3704c6a126c800a9968ecd16cae14,False,,,,,,,,,,,,,,,,,,,,,,,,,,,True
published_closed_city_scope_Киров,2021.0,2021:data_allsettlements_anon_156_v20251217.parquet:parquet:37783,Кирины,деревня,3.0,direct_published_census_value,/workspace/settlements-raw/data/interim/2021_tochno/data_allsettlements_anon_156_v20251217.parquet,86c197cd522e0b63669e9c6e7f43fd3d82b3704c6a126c800a9968ecd16cae14,parquet!row_1based=37783.0,True,True,False,True,True,False,atomic_NP_in_complete_published_scope,applied_complete_published_city_territorial_scope,published_complete_city_territory_scope,city_with_published_subordinates,UNKNOWN,False,False,False,False,True,False,published_closed_city_scope_Киров,2021,3.0,direct_published_census_value,/workspace/settlements-raw/data/interim/2021_tochno/data_allsettlements_anon_156_v20251217.parquet,86c197cd522e0b63669e9c6e7f43fd3d82b3704c6a126c800a9968ecd16cae14,False,,,,,,,,,,,,,,,,,,,,,,,,,,,True
published_closed_city_scope_Киров,2021.0,2021:data_allsettlements_anon_156_v20251217.parquet:parquet:37784,Кобели,деревня,45.0,direct_published_census_value,/workspace/settlements-raw/data/interim/2021_tochno/data_allsettlements_anon_156_v20251217.parquet,86c197cd522e0b63669e9c6e7f43fd3d82b3704c6a126c800a9968ecd16cae14,parquet!row_1based=37784.0,True,True,False,False,True,False,atomic_NP_in_complete_published_scope,applied_complete_published_city_territorial_scope,published_complete_city_territory_scope,city_with_published_subordinates,UNKNOWN,False,False,False,False,True,False,published_closed_city_scope_Киров,2021,45.0,direct_published_census_value,/workspace/settlements-raw/data/interim/2021_tochno/data_allsettlements_anon_156_v20251217.parquet,86c197cd522e0b63669e9c6e7f43fd3d82b3704c6a126c800a9968ecd16cae14,False,,,,,,,,,,,,,,,,,,,,,,,,,,,False
published_closed_city_scope_Киров,2021.0,2021:data_allsettlements_anon_156_v20251217.parquet:parquet:37785,Козулинцы,деревня,17.0,direct_published_census_value,/workspace/settlements-raw/data/interim/2021_tochno/data_allsettlements_anon_156_v20251217.parquet,86c197cd522e0b63669e9c6e7f43fd3d82b3704c6a126c800a9968ecd16cae14,parquet!row_1based=37785.0,True,True,False,True,True,False,atomic_NP_in_complete_published_scope,applied_complete_published_city_territorial_scope,published_complete_city_territory_scope,city_with_published_subordinates,UNKNOWN,False,False,False,False,True,False,published_closed_city_scope_Киров,2021,17.0,direct_published_census_value,/workspace/settlements-raw/data/interim/2021_tochno/data_allsettlements_anon_156_v20251217.parquet,86c197cd522e0b63669e9c6e7f43fd3d82b3704c6a126c800a9968ecd16cae14,False,,,,,,,,,,,,,,,,,,,,,,,,,,,True
published_closed_city_scope_Киров,2021.0,2021:data_allsettlements_anon_156_v20251217.parquet:parquet:37786,Кочергинцы,деревня,17.0,direct_published_census_value,/workspace/settlements-raw/data/interim/2021_tochno/data_allsettlements_anon_156_v20251217.parquet,86c197cd522e0b63669e9c6e7f43fd3d82b3704c6a126c800a9968ecd16cae14,parquet!row_1based=37786.0,True,True,False,True,True,False,atomic_NP_in_complete_published_scope,applied_complete_published_city_territorial_scope,published_complete_city_territory_scope,city_with_published_subordinates,UNKNOWN,False,False,False,False,True,False,published_closed_city_scope_Киров,2021,17.0,direct_published_census_value,/workspace/settlements-raw/data/interim/2021_tochno/data_allsettlements_anon_156_v20251217.parquet,86c197cd522e0b63669e9c6e7f43fd3d82b3704c6a126c800a9968ecd16cae14,False,,,,,,,,,,,,,,,,,,,,,,,,,,,True
published_closed_city_scope_Киров,2021.0,2021:data_allsettlements_anon_156_v20251217.parquet:parquet:37787,Кропачи,деревня,18.0,direct_published_census_value,/workspace/settlements-raw/data/interim/2021_tochno/data_allsettlements_anon_156_v20251217.parquet,86c197cd522e0b63669e9c6e7f43fd3d82b3704c6a126c800a9968ecd16cae14,parquet!row_1based=37787.0,True,True,False,False,True,False,atomic_NP_in_complete_published_scope,applied_complete_published_city_territorial_scope,published_complete_city_territory_scope,city_with_published_subordinates,UNKNOWN,False,False,False,False,True,False,published_closed_city_scope_Киров,2021,18.0,direct_published_census_value,/workspace/settlements-raw/data/interim/2021_tochno/data_allsettlements_anon_156_v20251217.parquet,86c197cd522e0b63669e9c6e7f43fd3d82b3704c6a126c800a9968ecd16cae14,False,,,,,,,,,,,,,,,,,,,,,,,,,,,False
published_closed_city_scope_Киров,2021.0,2021:data_allsettlements_anon_156_v20251217.parquet:parquet:37788,Кудино,деревня,4.0,direct_published_census_value,/workspace/settlements-raw/data/interim/2021_tochno/data_allsettlements_anon_156_v20251217.parquet,86c197cd522e0b63669e9c6e7f43fd3d82b3704c6a126c800a9968ecd16cae14,parquet!row_1based=37788.0,True,True,False,True,True,False,atomic_NP_in_complete_published_scope,applied_complete_published_city_territorial_scope,published_complete_city_territory_scope,city_with_published_subordinates,UNKNOWN,False,False,False,False,True,False,published_closed_city_scope_Киров,2021,4.0,direct_published_census_value,/workspace/settlements-raw/data/interim/2021_tochno/data_allsettlements_anon_156_v20251217.parquet,86c197cd522e0b63669e9c6e7f43fd3d82b3704c6a126c800a9968ecd16cae14,False,,,,,,,,,,,,,,,,,,,,,,,,,,,True
published_closed_city_scope_Киров,2021.0,2021:data_allsettlements_anon_156_v20251217.parquet:parquet:37789,Лихачи,деревня,9.0,direct_published_census_value,/workspace/settlements-raw/data/interim/2021_tochno/data_allsettlements_anon_156_v20251217.parquet,86c197cd522e0b63669e9c6e7f43fd3d82b3704c6a126c800a9968ecd16cae14,parquet!row_1based=37789.0,True,True,False,True,True,False,atomic_NP_in_complete_published_scope,applied_complete_published_city_territorial_scope,published_complete_city_territory_scope,city_with_published_subordinates,UNKNOWN,False,False,False,False,True,False,published_closed_city_scope_Киров,2021,9.0,direct_published_census_value,/workspace/settlements-raw/data/interim/2021_tochno/data_allsettlements_anon_156_v20251217.parquet,86c197cd522e0b63669e9c6e7f43fd3d82b3704c6a126c800a9968ecd16cae14,False,,,,,,,,,,,,,,,,,,,,,,,,,,,True
published_closed_city_scope_Киров,2021.0,2021:data_allsettlements_anon_156_v20251217.parquet:parquet:37790,Ломовская,деревня,118.0,direct_published_census_value,/workspace/settlements-raw/data/interim/2021_tochno/data_allsettlements_anon_156_v20251217.parquet,86c197cd522e0b63669e9c6e7f43fd3d82b3704c6a126c800a9968ecd16cae14,parquet!row_1based=37790.0,True,True,False,True,True,False,atomic_NP_in_complete_published_scope,applied_complete_published_city_territorial_scope,published_complete_city_territory_scope,city_with_published_subordinates,UNKNOWN,False,False,False,False,True,False,published_closed_city_scope_Киров,2021,118.0,direct_published_census_value,/workspace/settlements-raw/data/interim/2021_tochno/data_allsettlements_anon_156_v20251217.parquet,86c197cd522e0b63669e9c6e7f43fd3d82b3704c6a126c800a9968ecd16cae14,False,,,,,,,,,,,,,,,,,,,,,,,,,,,True
published_closed_city_scope_Киров,2021.0,2021:data_allsettlements_anon_156_v20251217.parquet:parquet:37791,Лянгасы,деревня,11.0,direct_published_census_value,/workspace/settlements-raw/data/interim/2021_tochno/data_allsettlements_anon_156_v20251217.parquet,86c197cd522e0b63669e9c6e7f43fd3d82b3704c6a126c800a9968ecd16cae14,parquet!row_1based=37791.0,True,True,False,True,True,False,atomic_NP_in_complete_published_scope,applied_complete_published_city_territorial_scope,published_complete_city_territory_scope,city_with_published_subordinates,UNKNOWN,False,False,False,False,True,False,published_closed_city_scope_Киров,2021,11.0,direct_published_census_value,/workspace/settlements-raw/data/interim/2021_tochno/data_allsettlements_anon_156_v20251217.parquet,86c197cd522e0b63669e9c6e7f43fd3d82b3704c6a126c800a9968ecd16cae14,False,,,,,,,,,,,,,,,,,,,,,,,,,,,True
published_closed_city_scope_Киров,2021.0,2021:data_allsettlements_anon_156_v20251217.parquet:parquet:37792,Машкины,деревня,18.0,direct_published_census_value,/workspace/settlements-raw/data/interim/2021_tochno/data_allsettlements_anon_156_v20251217.parquet,86c197cd522e0b63669e9c6e7f43fd3d82b3704c6a126c800a9968ecd16cae14,parquet!row_1based=37792.0,True,True,False,False,True,False,atomic_NP_in_complete_published_scope,applied_complete_published_city_territorial_scope,published_complete_city_territory_scope,city_with_published_subordinates,UNKNOWN,False,False,False,False,True,False,published_closed_city_scope_Киров,2021,18.0,direct_published_census_value,/workspace/settlements-raw/data/interim/2021_tochno/data_allsettlements_anon_156_v20251217.parquet,86c197cd522e0b63669e9c6e7f43fd3d82b3704c6a126c800a9968ecd16cae14,False,,,,,,,,,,,,,,,,,,,,,,,,,,,False
published_closed_city_scope_Киров,2021.0,2021:data_allsettlements_anon_156_v20251217.parquet:parquet:37793,Меркуши,деревня,13.0,direct_published_census_value,/workspace/settlements-raw/data/interim/2021_tochno/data_allsettlements_anon_156_v20251217.parquet,86c197cd522e0b63669e9c6e7f43fd3d82b3704c6a126c800a9968ecd16cae14,parquet!row_1based=37793.0,True,True,False,False,True,False,atomic_NP_in_complete_published_scope,applied_complete_published_city_territorial_scope,published_complete_city_territory_scope,city_with_published_subordinates,UNKNOWN,False,False,False,False,True,False,published_closed_city_scope_Киров,2021,13.0,direct_published_census_value,/workspace/settlements-raw/data/interim/2021_tochno/data_allsettlements_anon_156_v20251217.parquet,86c197cd522e0b63669e9c6e7f43fd3d82b3704c6a126c800a9968ecd16cae14,False,,,,,,,,,,,,,,,,,,,,,,,,,,,False
published_closed_city_scope_Киров,2021.0,2021:data_allsettlements_anon_156_v20251217.parquet:parquet:37794,Нижнее Скопино,деревня,18.0,direct_published_census_value,/workspace/settlements-raw/data/interim/2021_tochno/data_allsettlements_anon_156_v20251217.parquet,86c197cd522e0b63669e9c6e7f43fd3d82b3704c6a126c800a9968ecd16cae14,parquet!row_1based=37794.0,True,True,False,True,True,False,atomic_NP_in_complete_published_scope,applied_complete_published_city_territorial_scope,published_complete_city_territory_scope,city_with_published_subordinates,UNKNOWN,False,False,False,False,True,False,published_closed_city_scope_Киров,2021,18.0,direct_published_census_value,/workspace/settlements-raw/data/interim/2021_tochno/data_allsettlements_anon_156_v20251217.parquet,86c197cd522e0b63669e9c6e7f43fd3d82b3704c6a126c800a9968ecd16cae14,False,,,,,,,,,,,,,,,,,,,,,,,,,,,True
published_closed_city_scope_Киров,2021.0,2021:data_allsettlements_anon_156_v20251217.parquet:parquet:37795,Никуленки,деревня,42.0,direct_published_census_value,/workspace/settlements-raw/data/interim/2021_tochno/data_allsettlements_anon_156_v20251217.parquet,86c197cd522e0b63669e9c6e7f43fd3d82b3704c6a126c800a9968ecd16cae14,parquet!row_1based=37795.0,True,True,False,True,True,False,atomic_NP_in_complete_published_scope,applied_complete_published_city_territorial_scope,published_complete_city_territory_scope,city_with_published_subordinates,UNKNOWN,False,False,False,False,True,False,published_closed_city_scope_Киров,2021,42.0,direct_published_census_value,/workspace/settlements-raw/data/interim/2021_tochno/data_allsettlements_anon_156_v20251217.parquet,86c197cd522e0b63669e9c6e7f43fd3d82b3704c6a126c800a9968ecd16cae14,False,,,,,,,,,,,,,,,,,,,,,,,,,,,True
published_closed_city_scope_Киров,2021.0,2021:data_allsettlements_anon_156_v20251217.parquet:parquet:37796,Новалихинский,починок,7.0,direct_published_census_value,/workspace/settlements-raw/data/interim/2021_tochno/data_allsettlements_anon_156_v20251217.parquet,86c197cd522e0b63669e9c6e7f43fd3d82b3704c6a126c800a9968ecd16cae14,parquet!row_1based=37796.0,True,True,False,True,True,False,atomic_NP_in_complete_published_scope,applied_complete_published_city_territorial_scope,published_complete_city_territory_scope,city_with_published_subordinates,UNKNOWN,False,False,False,False,True,False,published_closed_city_scope_Киров,2021,7.0,direct_published_census_value,/workspace/settlements-raw/data/interim/2021_tochno/data_allsettlements_anon_156_v20251217.parquet,86c197cd522e0b63669e9c6e7f43fd3d82b3704c6a126c800a9968ecd16cae14,False,,,,,,,,,,,,,,,,,,,,,,,,,,,True
published_closed_city_scope_Киров,2021.0,2021:data_allsettlements_anon_156_v20251217.parquet:parquet:37797,Олинцы,деревня,2.0,direct_published_census_value,/workspace/settlements-raw/data/interim/2021_tochno/data_allsettlements_anon_156_v20251217.parquet,86c197cd522e0b63669e9c6e7f43fd3d82b3704c6a126c800a9968ecd16cae14,parquet!row_1based=37797.0,True,True,False,True,True,False,atomic_NP_in_complete_published_scope,applied_complete_published_city_territorial_scope,published_complete_city_territory_scope,city_with_published_subordinates,UNKNOWN,False,False,False,False,True,False,published_closed_city_scope_Киров,2021,2.0,direct_published_census_value,/workspace/settlements-raw/data/interim/2021_tochno/data_allsettlements_anon_156_v20251217.parquet,86c197cd522e0b63669e9c6e7f43fd3d82b3704c6a126c800a9968ecd16cae14,False,,,,,,,,,,,,,,,,,,,,,,,,,,,True
published_closed_city_scope_Киров,2021.0,2021:data_allsettlements_anon_156_v20251217.parquet:parquet:37798,Пеньково,деревня,34.0,direct_published_census_value,/workspace/settlements-raw/data/interim/2021_tochno/data_allsettlements_anon_156_v20251217.parquet,86c197cd522e0b63669e9c6e7f43fd3d82b3704c6a126c800a9968ecd16cae14,parquet!row_1based=37798.0,True,True,False,True,True,False,atomic_NP_in_complete_published_scope,applied_complete_published_city_territorial_scope,published_complete_city_territory_scope,city_with_published_subordinates,UNKNOWN,False,False,False,False,True,False,published_closed_city_scope_Киров,2021,34.0,direct_published_census_value,/workspace/settlements-raw/data/interim/2021_tochno/data_allsettlements_anon_156_v20251217.parquet,86c197cd522e0b63669e9c6e7f43fd3d82b3704c6a126c800a9968ecd16cae14,False,,,,,,,,,,,,,,,,,,,,,,,,,,,True
published_closed_city_scope_Киров,2021.0,2021:data_allsettlements_anon_156_v20251217.parquet:parquet:37799,Полевщина,деревня,11.0,direct_published_census_value,/workspace/settlements-raw/data/interim/2021_tochno/data_allsettlements_anon_156_v20251217.parquet,86c197cd522e0b63669e9c6e7f43fd3d82b3704c6a126c800a9968ecd16cae14,parquet!row_1based=37799.0,True,True,False,True,True,False,atomic_NP_in_complete_published_scope,applied_complete_published_city_territorial_scope,published_complete_city_territory_scope,city_with_published_subordinates,UNKNOWN,False,False,False,False,True,False,published_closed_city_scope_Киров,2021,11.0,direct_published_census_value,/workspace/settlements-raw/data/interim/2021_tochno/data_allsettlements_anon_156_v20251217.parquet,86c197cd522e0b63669e9c6e7f43fd3d82b3704c6a126c800a9968ecd16cae14,False,,,,,,,,,,,,,,,,,,,,,,,,,,,True
published_closed_city_scope_Киров,2021.0,2021:data_allsettlements_anon_156_v20251217.parquet:parquet:37800,Прохоровцы,деревня,5.0,direct_published_census_value,/workspace/settlements-raw/data/interim/2021_tochno/data_allsettlements_anon_156_v20251217.parquet,86c197cd522e0b63669e9c6e7f43fd3d82b3704c6a126c800a9968ecd16cae14,parquet!row_1based=37800.0,True,True,False,True,True,False,atomic_NP_in_complete_published_scope,applied_complete_published_city_territorial_scope,published_complete_city_territory_scope,city_with_published_subordinates,UNKNOWN,False,False,False,False,True,False,published_closed_city_scope_Киров,2021,5.0,direct_published_census_value,/workspace/settlements-raw/data/interim/2021_tochno/data_allsettlements_anon_156_v20251217.parquet,86c197cd522e0b63669e9c6e7f43fd3d82b3704c6a126c800a9968ecd16cae14,False,,,,,,,,,,,,,,,,,,,,,,,,,,,True
published_closed_city_scope_Киров,2021.0,2021:data_allsettlements_anon_156_v20251217.parquet:parquet:37801,Рубцы,деревня,13.0,direct_published_census_value,/workspace/settlements-raw/data/interim/2021_tochno/data_allsettlements_anon_156_v20251217.parquet,86c197cd522e0b63669e9c6e7f43fd3d82b3704c6a126c800a9968ecd16cae14,parquet!row_1based=37801.0,True,True,False,True,True,False,atomic_NP_in_complete_published_scope,applied_complete_published_city_territorial_scope,published_complete_city_territory_scope,city_with_published_subordinates,UNKNOWN,False,False,False,False,True,False,published_closed_city_scope_Киров,2021,13.0,direct_published_census_value,/workspace/settlements-raw/data/interim/2021_tochno/data_allsettlements_anon_156_v20251217.parquet,86c197cd522e0b63669e9c6e7f43fd3d82b3704c6a126c800a9968ecd16cae14,False,,,,,,,,,,,,,,,,,,,,,,,,,,,True
published_closed_city_scope_Киров,2021.0,2021:data_allsettlements_anon_156_v20251217.parquet:parquet:37802,Русское,деревня,8.0,direct_published_census_value,/workspace/settlements-raw/data/interim/2021_tochno/data_allsettlements_anon_156_v20251217.parquet,86c197cd522e0b63669e9c6e7f43fd3d82b3704c6a126c800a9968ecd16cae14,parquet!row_1based=37802.0,True,True,False,False,True,False,atomic_NP_in_complete_published_scope,applied_complete_published_city_territorial_scope,published_complete_city_territory_scope,city_with_published_subordinates,UNKNOWN,False,False,False,False,True,False,published_closed_city_scope_Киров,2021,8.0,direct_published_census_value,/workspace/settlements-raw/data/interim/2021_tochno/data_allsettlements_anon_156_v20251217.parquet,86c197cd522e0b63669e9c6e7f43fd3d82b3704c6a126c800a9968ecd16cae14,False,,,,,,,,,,,,,,,,,,,,,,,,,,,False
published_closed_city_scope_Киров,2021.0,2021:data_allsettlements_anon_156_v20251217.parquet:parquet:37803,Сарбаи,деревня,4.0,direct_published_census_value,/workspace/settlements-raw/data/interim/2021_tochno/data_allsettlements_anon_156_v20251217.parquet,86c197cd522e0b63669e9c6e7f43fd3d82b3704c6a126c800a9968ecd16cae14,parquet!row_1based=37803.0,True,True,False,True,True,False,atomic_NP_in_complete_published_scope,applied_complete_published_city_territorial_scope,published_complete_city_territory_scope,city_with_published_subordinates,UNKNOWN,False,False,False,False,True,False,published_closed_city_scope_Киров,2021,4.0,direct_published_census_value,/workspace/settlements-raw/data/interim/2021_tochno/data_allsettlements_anon_156_v20251217.parquet,86c197cd522e0b63669e9c6e7f43fd3d82b3704c6a126c800a9968ecd16cae14,False,,,,,,,,,,,,,,,,,,,,,,,,,,,True
published_closed_city_scope_Киров,2021.0,2021:data_allsettlements_anon_156_v20251217.parquet:parquet:37804,Сватково,деревня,27.0,direct_published_census_value,/workspace/settlements-raw/data/interim/2021_tochno/data_allsettlements_anon_156_v20251217.parquet,86c197cd522e0b63669e9c6e7f43fd3d82b3704c6a126c800a9968ecd16cae14,parquet!row_1based=37804.0,True,True,False,True,True,False,atomic_NP_in_complete_published_scope,applied_complete_published_city_territorial_scope,published_complete_city_territory_scope,city_with_published_subordinates,UNKNOWN,False,False,False,False,True,False,published_closed_city_scope_Киров,2021,27.0,direct_published_census_value,/workspace/settlements-raw/data/interim/2021_tochno/data_allsettlements_anon_156_v20251217.parquet,86c197cd522e0b63669e9c6e7f43fd3d82b3704c6a126c800a9968ecd16cae14,False,,,,,,,,,,,,,,,,,,,,,,,,,,,True
published_closed_city_scope_Киров,2021.0,2021:data_allsettlements_anon_156_v20251217.parquet:parquet:37805,Седуновщина,деревня,15.0,direct_published_census_value,/workspace/settlements-raw/data/interim/2021_tochno/data_allsettlements_anon_156_v20251217.parquet,86c197cd522e0b63669e9c6e7f43fd3d82b3704c6a126c800a9968ecd16cae14,parquet!row_1based=37805.0,True,True,False,True,True,False,atomic_NP_in_complete_published_scope,applied_complete_published_city_territorial_scope,published_complete_city_territory_scope,city_with_published_subordinates,UNKNOWN,False,False,False,False,True,False,published_closed_city_scope_Киров,2021,15.0,direct_published_census_value,/workspace/settlements-raw/data/interim/2021_tochno/data_allsettlements_anon_156_v20251217.parquet,86c197cd522e0b63669e9c6e7f43fd3d82b3704c6a126c800a9968ecd16cae14,False,,,,,,,,,,,,,,,,,,,,,,,,,,,True
published_closed_city_scope_Киров,2021.0,2021:data_allsettlements_anon_156_v20251217.parquet:parquet:37806,Сиухино,деревня,54.0,direct_published_census_value,/workspace/settlements-raw/data/interim/2021_tochno/data_allsettlements_anon_156_v20251217.parquet,86c197cd522e0b63669e9c6e7f43fd3d82b3704c6a126c800a9968ecd16cae14,parquet!row_1based=37806.0,True,True,False,True,True,False,atomic_NP_in_complete_published_scope,applied_complete_published_city_territorial_scope,published_complete_city_territory_scope,city_with_published_subordinates,UNKNOWN,False,False,False,False,True,False,published_closed_city_scope_Киров,2021,54.0,direct_published_census_value,/workspace/settlements-raw/data/interim/2021_tochno/data_allsettlements_anon_156_v20251217.parquet,86c197cd522e0b63669e9c6e7f43fd3d82b3704c6a126c800a9968ecd16cae14,False,,,,,,,,,,,,,,,,,,,,,,,,,,,True
published_closed_city_scope_Киров,2021.0,2021:data_allsettlements_anon_156_v20251217.parquet:parquet:37807,Соски,деревня,12.0,direct_published_census_value,/workspace/settlements-raw/data/interim/2021_tochno/data_allsettlements_anon_156_v20251217.parquet,86c197cd522e0b63669e9c6e7f43fd3d82b3704c6a126c800a9968ecd16cae14,parquet!row_1based=37807.0,True,True,False,True,True,False,atomic_NP_in_complete_published_scope,applied_complete_published_city_territorial_scope,published_complete_city_territory_scope,city_with_published_subordinates,UNKNOWN,False,False,False,False,True,False,published_closed_city_scope_Киров,2021,12.0,direct_published_census_value,/workspace/settlements-raw/data/interim/2021_tochno/data_allsettlements_anon_156_v20251217.parquet,86c197cd522e0b63669e9c6e7f43fd3d82b3704c6a126c800a9968ecd16cae14,False,,,,,,,,,,,,,,,,,,,,,,,,,,,True
published_closed_city_scope_Киров,2021.0,2021:data_allsettlements_anon_156_v20251217.parquet:parquet:37808,Старые Кисели,деревня,1.0,direct_published_census_value,/workspace/settlements-raw/data/interim/2021_tochno/data_allsettlements_anon_156_v20251217.parquet,86c197cd522e0b63669e9c6e7f43fd3d82b3704c6a126c800a9968ecd16cae14,parquet!row_1based=37808.0,True,True,False,False,True,False,atomic_NP_in_complete_published_scope,applied_complete_published_city_territorial_scope,published_complete_city_territory_scope,city_with_published_subordinates,UNKNOWN,False,False,False,False,True,False,published_closed_city_scope_Киров,2021,1.0,direct_published_census_value,/workspace/settlements-raw/data/interim/2021_tochno/data_allsettlements_anon_156_v20251217.parquet,86c197cd522e0b63669e9c6e7f43fd3d82b3704c6a126c800a9968ecd16cae14,False,,,,,,,,,,,,,,,,,,,,,,,,,,,False
published_closed_city_scope_Киров,2021.0,2021:data_allsettlements_anon_156_v20251217.parquet:parquet:37809,Счастливцевы,деревня,12.0,direct_published_census_value,/workspace/settlements-raw/data/interim/2021_tochno/data_allsettlements_anon_156_v20251217.parquet,86c197cd522e0b63669e9c6e7f43fd3d82b3704c6a126c800a9968ecd16cae14,parquet!row_1based=37809.0,True,True,False,True,True,False,atomic_NP_in_complete_published_scope,applied_complete_published_city_territorial_scope,published_complete_city_territory_scope,city_with_published_subordinates,UNKNOWN,False,False,False,False,True,False,published_closed_city_scope_Киров,2021,12.0,direct_published_census_value,/workspace/settlements-raw/data/interim/2021_tochno/data_allsettlements_anon_156_v20251217.parquet,86c197cd522e0b63669e9c6e7f43fd3d82b3704c6a126c800a9968ecd16cae14,False,,,,,,,,,,,,,,,,,,,,,,,,,,,True
published_closed_city_scope_Киров,2021.0,2021:data_allsettlements_anon_156_v20251217.parquet:parquet:37810,Томиловы,деревня,16.0,direct_published_census_value,/workspace/settlements-raw/data/interim/2021_tochno/data_allsettlements_anon_156_v20251217.parquet,86c197cd522e0b63669e9c6e7f43fd3d82b3704c6a126c800a9968ecd16cae14,parquet!row_1based=37810.0,True,True,False,True,True,False,atomic_NP_in_complete_published_scope,applied_complete_published_city_territorial_scope,published_complete_city_territory_scope,city_with_published_subordinates,UNKNOWN,False,False,False,False,True,False,published_closed_city_scope_Киров,2021,16.0,direct_published_census_value,/workspace/settlements-raw/data/interim/2021_tochno/data_allsettlements_anon_156_v20251217.parquet,86c197cd522e0b63669e9c6e7f43fd3d82b3704c6a126c800a9968ecd16cae14,False,,,,,,,,,,,,,,,,,,,,,,,,,,,True
published_closed_city_scope_Киров,2021.0,2021:data_allsettlements_anon_156_v20251217.parquet:parquet:37811,Цепели,деревня,24.0,direct_published_census_value,/workspace/settlements-raw/data/interim/2021_tochno/data_allsettlements_anon_156_v20251217.parquet,86c197cd522e0b63669e9c6e7f43fd3d82b3704c6a126c800a9968ecd16cae14,parquet!row_1based=37811.0,True,True,False,False,True,False,atomic_NP_in_complete_published_scope,applied_complete_published_city_territorial_scope,published_complete_city_territory_scope,city_with_published_subordinates,UNKNOWN,False,False,False,False,True,False,published_closed_city_scope_Киров,2021,24.0,direct_published_census_value,/workspace/settlements-raw/data/interim/2021_tochno/data_allsettlements_anon_156_v20251217.parquet,86c197cd522e0b63669e9c6e7f43fd3d82b3704c6a126c800a9968ecd16cae14,False,,,,,,,,,,,,,,,,,,,,,,,,,,,False
published_closed_city_scope_Киров,2021.0,2021:data_allsettlements_anon_156_v20251217.parquet:parquet:37812,Чернядьевы,деревня,14.0,direct_published_census_value,/workspace/settlements-raw/data/interim/2021_tochno/data_allsettlements_anon_156_v20251217.parquet,86c197cd522e0b63669e9c6e7f43fd3d82b3704c6a126c800a9968ecd16cae14,parquet!row_1based=37812.0,True,True,False,True,True,False,atomic_NP_in_complete_published_scope,applied_complete_published_city_territorial_scope,published_complete_city_territory_scope,city_with_published_subordinates,UNKNOWN,False,False,False,False,True,False,published_closed_city_scope_Киров,2021,14.0,direct_published_census_value,/workspace/settlements-raw/data/interim/2021_tochno/data_allsettlements_anon_156_v20251217.parquet,86c197cd522e0b63669e9c6e7f43fd3d82b3704c6a126c800a9968ecd16cae14,False,,,,,,,,,,,,,,,,,,,,,,,,,,,True
published_closed_city_scope_Киров,2021.0,2021:data_allsettlements_anon_156_v20251217.parquet:parquet:37813,Чирки,деревня,22.0,direct_published_census_value,/workspace/settlements-raw/data/interim/2021_tochno/data_allsettlements_anon_156_v20251217.parquet,86c197cd522e0b63669e9c6e7f43fd3d82b3704c6a126c800a9968ecd16cae14,parquet!row_1based=37813.0,True,True,False,False,True,False,atomic_NP_in_complete_published_scope,applied_complete_published_city_territorial_scope,published_complete_city_territory_scope,city_with_published_subordinates,UNKNOWN,False,False,False,False,True,False,published_closed_city_scope_Киров,2021,22.0,direct_published_census_value,/workspace/settlements-raw/data/interim/2021_tochno/data_allsettlements_anon_156_v20251217.parquet,86c197cd522e0b63669e9c6e7f43fd3d82b3704c6a126c800a9968ecd16cae14,False,,,,,,,,,,,,,,,,,,,,,,,,,,,False
published_closed_city_scope_Киров,2021.0,2021:data_allsettlements_anon_156_v20251217.parquet:parquet:37814,Чистые Пруды,посёлок,788.0,direct_published_census_value,/workspace/settlements-raw/data/interim/2021_tochno/data_allsettlements_anon_156_v20251217.parquet,86c197cd522e0b63669e9c6e7f43fd3d82b3704c6a126c800a9968ecd16cae14,parquet!row_1based=37814.0,True,True,False,True,True,False,atomic_NP_in_complete_published_scope,applied_complete_published_city_territorial_scope,published_complete_city_territory_scope,city_with_published_subordinates,UNKNOWN,False,False,False,False,True,False,published_closed_city_scope_Киров,2021,788.0,direct_published_census_value,/workspace/settlements-raw/data/interim/2021_tochno/data_allsettlements_anon_156_v20251217.parquet,86c197cd522e0b63669e9c6e7f43fd3d82b3704c6a126c800a9968ecd16cae14,False,,,,,,,,,,,,,,,,,,,,,,,,,,,True
published_closed_city_scope_Киров,2021.0,2021:data_allsettlements_anon_156_v20251217.parquet:parquet:37815,Чуркино,деревня,65.0,direct_published_census_value,/workspace/settlements-raw/data/interim/2021_tochno/data_allsettlements_anon_156_v20251217.parquet,86c197cd522e0b63669e9c6e7f43fd3d82b3704c6a126c800a9968ecd16cae14,parquet!row_1based=37815.0,True,True,False,True,True,False,atomic_NP_in_complete_published_scope,applied_complete_published_city_territorial_scope,published_complete_city_territory_scope,city_with_published_subordinates,UNKNOWN,False,False,False,False,True,False,published_closed_city_scope_Киров,2021,65.0,direct_published_census_value,/workspace/settlements-raw/data/interim/2021_tochno/data_allsettlements_anon_156_v20251217.parquet,86c197cd522e0b63669e9c6e7f43fd3d82b3704c6a126c800a9968ecd16cae14,False,,,,,,,,,,,,,,,,,,,,,,,,,,,True
published_closed_city_scope_Киров,2021.0,2021:data_allsettlements_anon_156_v20251217.parquet:parquet:37816,Чухломинский,железнодорожный объект,19.0,direct_published_census_value,/workspace/settlements-raw/data/interim/2021_tochno/data_allsettlements_anon_156_v20251217.parquet,86c197cd522e0b63669e9c6e7f43fd3d82b3704c6a126c800a9968ecd16cae14,parquet!row_1based=37816.0,True,True,False,True,True,False,atomic_NP_in_complete_published_scope,applied_complete_published_city_territorial_scope,published_complete_city_territory_scope,city_with_published_subordinates,UNKNOWN,False,False,False,False,True,False,published_closed_city_scope_Киров,2021,19.0,direct_published_census_value,/workspace/settlements-raw/data/interim/2021_tochno/data_allsettlements_anon_156_v20251217.parquet,86c197cd522e0b63669e9c6e7f43fd3d82b3704c6a126c800a9968ecd16cae14,False,,,,,,,,,,,,,,,,,,,,,,,,,,,True
published_closed_city_scope_Киров,2021.0,2021:data_allsettlements_anon_156_v20251217.parquet:parquet:37817,Чучи,деревня,12.0,direct_published_census_value,/workspace/settlements-raw/data/interim/2021_tochno/data_allsettlements_anon_156_v20251217.parquet,86c197cd522e0b63669e9c6e7f43fd3d82b3704c6a126c800a9968ecd16cae14,parquet!row_1based=37817.0,True,True,False,True,True,False,atomic_NP_in_complete_published_scope,applied_complete_published_city_territorial_scope,published_complete_city_territory_scope,city_with_published_subordinates,UNKNOWN,False,False,False,False,True,False,published_closed_city_scope_Киров,2021,12.0,direct_published_census_value,/workspace/settlements-raw/data/interim/2021_tochno/data_allsettlements_anon_156_v20251217.parquet,86c197cd522e0b63669e9c6e7f43fd3d82b3704c6a126c800a9968ecd16cae14,False,,,,,,,,,,,,,,,,,,,,,,,,,,,True
published_closed_city_scope_Киров,2021.0,2021:data_allsettlements_anon_156_v20251217.parquet:parquet:37818,Шипеловы,деревня,4.0,direct_published_census_value,/workspace/settlements-raw/data/interim/2021_tochno/data_allsettlements_anon_156_v20251217.parquet,86c197cd522e0b63669e9c6e7f43fd3d82b3704c6a126c800a9968ecd16cae14,parquet!row_1based=37818.0,True,True,False,True,True,False,atomic_NP_in_complete_published_scope,applied_complete_published_city_territorial_scope,published_complete_city_territory_scope,city_with_published_subordinates,UNKNOWN,False,False,False,False,True,False,published_closed_city_scope_Киров,2021,4.0,direct_published_census_value,/workspace/settlements-raw/data/interim/2021_tochno/data_allsettlements_anon_156_v20251217.parquet,86c197cd522e0b63669e9c6e7f43fd3d82b3704c6a126c800a9968ecd16cae14,False,,,,,,,,,,,,,,,,,,,,,,,,,,,True
published_closed_city_scope_Киров,2021.0,2021:data_allsettlements_anon_156_v20251217.parquet:parquet:37819,Шкляевская,деревня,63.0,direct_published_census_value,/workspace/settlements-raw/data/interim/2021_tochno/data_allsettlements_anon_156_v20251217.parquet,86c197cd522e0b63669e9c6e7f43fd3d82b3704c6a126c800a9968ecd16cae14,parquet!row_1based=37819.0,True,True,False,True,True,False,atomic_NP_in_complete_published_scope,applied_complete_published_city_territorial_scope,published_complete_city_territory_scope,city_with_published_subordinates,UNKNOWN,False,False,False,False,True,False,published_closed_city_scope_Киров,2021,63.0,direct_published_census_value,/workspace/settlements-raw/data/interim/2021_tochno/data_allsettlements_anon_156_v20251217.parquet,86c197cd522e0b63669e9c6e7f43fd3d82b3704c6a126c800a9968ecd16cae14,False,,,,,,,,,,,,,,,,,,,,,,,,,,,True
published_closed_city_scope_Киров,2021.0,2021:data_allsettlements_anon_156_v20251217.parquet:parquet:37820,Шустовы,деревня,4.0,direct_published_census_value,/workspace/settlements-raw/data/interim/2021_tochno/data_allsettlements_anon_156_v20251217.parquet,86c197cd522e0b63669e9c6e7f43fd3d82b3704c6a126c800a9968ecd16cae14,parquet!row_1based=37820.0,True,True,False,False,True,False,atomic_NP_in_complete_published_scope,applied_complete_published_city_territorial_scope,published_complete_city_territory_scope,city_with_published_subordinates,UNKNOWN,False,False,False,False,True,False,published_closed_city_scope_Киров,2021,4.0,direct_published_census_value,/workspace/settlements-raw/data/interim/2021_tochno/data_allsettlements_anon_156_v20251217.parquet,86c197cd522e0b63669e9c6e7f43fd3d82b3704c6a126c800a9968ecd16cae14,False,,,,,,,,,,,,,,,,,,,,,,,,,,,False
published_closed_city_scope_Киров,2021.0,2021:data_allsettlements_anon_156_v20251217.parquet:parquet:37821,Югрино,деревня,52.0,direct_published_census_value,/workspace/settlements-raw/data/interim/2021_tochno/data_allsettlements_anon_156_v20251217.parquet,86c197cd522e0b63669e9c6e7f43fd3d82b3704c6a126c800a9968ecd16cae14,parquet!row_1based=37821.0,True,True,False,True,True,False,atomic_NP_in_complete_published_scope,applied_complete_published_city_territorial_scope,published_complete_city_territory_scope,city_with_published_subordinates,UNKNOWN,False,False,False,False,True,False,published_closed_city_scope_Киров,2021,52.0,direct_published_census_value,/workspace/settlements-raw/data/interim/2021_tochno/data_allsettlements_anon_156_v20251217.parquet,86c197cd522e0b63669e9c6e7f43fd3d82b3704c6a126c800a9968ecd16cae14,False,,,,,,,,,,,,,,,,,,,,,,,,,,,True
published_closed_city_scope_Киров,2021.0,2021:data_allsettlements_anon_156_v20251217.parquet:parquet:37822,932 км,железнодорожный объект,0.0,direct_published_census_value,/workspace/settlements-raw/data/interim/2021_tochno/data_allsettlements_anon_156_v20251217.parquet,86c197cd522e0b63669e9c6e7f43fd3d82b3704c6a126c800a9968ecd16cae14,parquet!row_1based=37822.0,True,True,False,False,False,False,atomic_NP_in_complete_published_scope,applied_complete_published_city_territorial_scope,published_complete_city_territory_scope,city_with_published_subordinates,UNKNOWN,False,False,False,False,True,False,published_closed_city_scope_Киров,2021,0.0,direct_published_census_value,/workspace/settlements-raw/data/interim/2021_tochno/data_allsettlements_anon_156_v20251217.parquet,86c197cd522e0b63669e9c6e7f43fd3d82b3704c6a126c800a9968ecd16cae14,False,,,,,,,,,,,,,,,,,,,,,,,,,,,False
published_closed_city_scope_Киров,2021.0,2021:data_allsettlements_anon_156_v20251217.parquet:parquet:37825,Балезинщина,деревня,85.0,direct_published_census_value,/workspace/settlements-raw/data/interim/2021_tochno/data_allsettlements_anon_156_v20251217.parquet,86c197cd522e0b63669e9c6e7f43fd3d82b3704c6a126c800a9968ecd16cae14,parquet!row_1based=37825.0,True,True,False,True,True,False,atomic_NP_in_complete_published_scope,applied_complete_published_city_territorial_scope,published_complete_city_territory_scope,city_with_published_subordinates,UNKNOWN,False,False,False,False,True,False,published_closed_city_scope_Киров,2021,85.0,direct_published_census_value,/workspace/settlements-raw/data/interim/2021_tochno/data_allsettlements_anon_156_v20251217.parquet,86c197cd522e0b63669e9c6e7f43fd3d82b3704c6a126c800a9968ecd16cae14,False,,,,,,,,,,,,,,,,,,,,,,,,,,,True
published_closed_city_scope_Киров,2021.0,2021:data_allsettlements_anon_156_v20251217.parquet:parquet:37826,Барановская,деревня,7.0,direct_published_census_value,/workspace/settlements-raw/data/interim/2021_tochno/data_allsettlements_anon_156_v20251217.parquet,86c197cd522e0b63669e9c6e7f43fd3d82b3704c6a126c800a9968ecd16cae14,parquet!row_1based=37826.0,True,True,False,True,True,False,atomic_NP_in_complete_published_scope,applied_complete_published_city_territorial_scope,published_complete_city_territory_scope,city_with_published_subordinates,UNKNOWN,False,False,False,False,True,False,published_closed_city_scope_Киров,2021,7.0,direct_published_census_value,/workspace/settlements-raw/data/interim/2021_tochno/data_allsettlements_anon_156_v20251217.parquet,86c197cd522e0b63669e9c6e7f43fd3d82b3704c6a126c800a9968ecd16cae14,False,,,,,,,,,,,,,,,,,,,,,,,,,,,True
published_closed_city_scope_Киров,2021.0,2021:data_allsettlements_anon_156_v20251217.parquet:parquet:37827,Бахта,село,1873.0,direct_published_census_value,/workspace/settlements-raw/data/interim/2021_tochno/data_allsettlements_anon_156_v20251217.parquet,86c197cd522e0b63669e9c6e7f43fd3d82b3704c6a126c800a9968ecd16cae14,parquet!row_1based=37827.0,True,True,False,True,True,False,atomic_NP_in_complete_published_scope,applied_complete_published_city_territorial_scope,published_complete_city_territory_scope,city_with_published_subordinates,UNKNOWN,False,False,False,False,True,False,published_closed_city_scope_Киров,2021,1873.0,direct_published_census_value,/workspace/settlements-raw/data/interim/2021_tochno/data_allsettlements_anon_156_v20251217.parquet,86c197cd522e0b63669e9c6e7f43fd3d82b3704c6a126c800a9968ecd16cae14,False,,,,,,,,,,,,,,,,,,,,,,,,,,,True
published_closed_city_scope_Киров,2021.0,2021:data_allsettlements_anon_156_v20251217.parquet:parquet:37828,Башарово,деревня,61.0,direct_published_census_value,/workspace/settlements-raw/data/interim/2021_tochno/data_allsettlements_anon_156_v20251217.parquet,86c197cd522e0b63669e9c6e7f43fd3d82b3704c6a126c800a9968ecd16cae14,parquet!row_1based=37828.0,True,True,False,False,True,False,atomic_NP_in_complete_published_scope,applied_complete_published_city_territorial_scope,published_complete_city_territory_scope,city_with_published_subordinates,UNKNOWN,False,False,False,False,True,False,published_closed_city_scope_Киров,2021,61.0,direct_published_census_value,/workspace/settlements-raw/data/interim/2021_tochno/data_allsettlements_anon_156_v20251217.parquet,86c197cd522e0b63669e9c6e7f43fd3d82b3704c6a126c800a9968ecd16cae14,False,,,,,,,,,,,,,,,,,,,,,,,,,,,False
published_closed_city_scope_Киров,2021.0,2021:data_allsettlements_anon_156_v20251217.parquet:parquet:37829,Большая Гора,деревня,238.0,direct_published_census_value,/workspace/settlements-raw/data/interim/2021_tochno/data_allsettlements_anon_156_v20251217.parquet,86c197cd522e0b63669e9c6e7f43fd3d82b3704c6a126c800a9968ecd16cae14,parquet!row_1based=37829.0,True,True,False,True,True,False,atomic_NP_in_complete_published_scope,applied_complete_published_city_territorial_scope,published_complete_city_territory_scope,city_with_published_subordinates,UNKNOWN,False,False,False,False,True,False,published_closed_city_scope_Киров,2021,238.0,direct_published_census_value,/workspace/settlements-raw/data/interim/2021_tochno/data_allsettlements_anon_156_v20251217.parquet,86c197cd522e0b63669e9c6e7f43fd3d82b3704c6a126c800a9968ecd16cae14,False,,,,,,,,,,,,,,,,,,,,,,,,,,,True
published_closed_city_scope_Киров,2021.0,2021:data_allsettlements_anon_156_v20251217.parquet:parquet:37830,Большие Кушовы,деревня,25.0,direct_published_census_value,/workspace/settlements-raw/data/interim/2021_tochno/data_allsettlements_anon_156_v20251217.parquet,86c197cd522e0b63669e9c6e7f43fd3d82b3704c6a126c800a9968ecd16cae14,parquet!row_1based=37830.0,True,True,False,True,True,False,atomic_NP_in_complete_published_scope,applied_complete_published_city_territorial_scope,published_complete_city_territory_scope,city_with_published_subordinates,UNKNOWN,False,False,False,False,True,False,published_closed_city_scope_Киров,2021,25.0,direct_published_census_value,/workspace/settlements-raw/data/interim/2021_tochno/data_allsettlements_anon_156_v20251217.parquet,86c197cd522e0b63669e9c6e7f43fd3d82b3704c6a126c800a9968ecd16cae14,False,,,,,,,,,,,,,,,,,,,,,,,,,,,True
published_closed_city_scope_Киров,2021.0,2021:data_allsettlements_anon_156_v20251217.parquet:parquet:37831,Боровые,деревня,48.0,direct_published_census_value,/workspace/settlements-raw/data/interim/2021_tochno/data_allsettlements_anon_156_v20251217.parquet,86c197cd522e0b63669e9c6e7f43fd3d82b3704c6a126c800a9968ecd16cae14,parquet!row_1based=37831.0,True,True,False,False,True,False,atomic_NP_in_complete_published_scope,applied_complete_published_city_territorial_scope,published_complete_city_territory_scope,city_with_published_subordinates,UNKNOWN,False,False,False,False,True,False,published_closed_city_scope_Киров,2021,48.0,direct_published_census_value,/workspace/settlements-raw/data/interim/2021_tochno/data_allsettlements_anon_156_v20251217.parquet,86c197cd522e0b63669e9c6e7f43fd3d82b3704c6a126c800a9968ecd16cae14,False,,,,,,,,,,,,,,,,,,,,,,,,,,,False
published_closed_city_scope_Киров,2021.0,2021:data_allsettlements_anon_156_v20251217.parquet:parquet:37832,Булдаки,деревня,4.0,direct_published_census_value,/workspace/settlements-raw/data/interim/2021_tochno/data_allsettlements_anon_156_v20251217.parquet,86c197cd522e0b63669e9c6e7f43fd3d82b3704c6a126c800a9968ecd16cae14,parquet!row_1based=37832.0,True,True,False,False,True,False,atomic_NP_in_complete_published_scope,applied_complete_published_city_territorial_scope,published_complete_city_territory_scope,city_with_published_subordinates,UNKNOWN,False,False,False,False,True,False,published_closed_city_scope_Киров,2021,4.0,direct_published_census_value,/workspace/settlements-raw/data/interim/2021_tochno/data_allsettlements_anon_156_v20251217.parquet,86c197cd522e0b63669e9c6e7f43fd3d82b3704c6a126c800a9968ecd16cae14,False,,,,,,,,,,,,,,,,,,,,,,,,,,,False
published_closed_city_scope_Киров,2021.0,2021:data_allsettlements_anon_156_v20251217.parquet:parquet:37833,Быково,деревня,0.0,direct_published_census_value,/workspace/settlements-raw/data/interim/2021_tochno/data_allsettlements_anon_156_v20251217.parquet,86c197cd522e0b63669e9c6e7f43fd3d82b3704c6a126c800a9968ecd16cae14,parquet!row_1based=37833.0,True,True,False,False,True,False,atomic_NP_in_complete_published_scope,applied_complete_published_city_territorial_scope,published_complete_city_territory_scope,city_with_published_subordinates,UNKNOWN,False,False,False,False,True,False,published_closed_city_scope_Киров,2021,0.0,direct_published_census_value,/workspace/settlements-raw/data/interim/2021_tochno/data_allsettlements_anon_156_v20251217.parquet,86c197cd522e0b63669e9c6e7f43fd3d82b3704c6a126c800a9968ecd16cae14,False,,,,,,,,,,,,,,,,,,,,,,,,,,,False
published_closed_city_scope_Киров,2021.0,2021:data_allsettlements_anon_156_v20251217.parquet:parquet:37834,Вересниковщина,деревня,24.0,direct_published_census_value,/workspace/settlements-raw/data/interim/2021_tochno/data_allsettlements_anon_156_v20251217.parquet,86c197cd522e0b63669e9c6e7f43fd3d82b3704c6a126c800a9968ecd16cae14,parquet!row_1based=37834.0,True,True,False,True,True,False,atomic_NP_in_complete_published_scope,applied_complete_published_city_territorial_scope,published_complete_city_territory_scope,city_with_published_subordinates,UNKNOWN,False,False,False,False,True,False,published_closed_city_scope_Киров,2021,24.0,direct_published_census_value,/workspace/settlements-raw/data/interim/2021_tochno/data_allsettlements_anon_156_v20251217.parquet,86c197cd522e0b63669e9c6e7f43fd3d82b3704c6a126c800a9968ecd16cae14,False,,,,,,,,,,,,,,,,,,,,,,,,,,,True
published_closed_city_scope_Киров,2021.0,2021:data_allsettlements_anon_156_v20251217.parquet:parquet:37835,Верещагино,деревня,24.0,direct_published_census_value,/workspace/settlements-raw/data/interim/2021_tochno/data_allsettlements_anon_156_v20251217.parquet,86c197cd522e0b63669e9c6e7f43fd3d82b3704c6a126c800a9968ecd16cae14,parquet!row_1based=37835.0,True,True,False,False,True,False,atomic_NP_in_complete_published_scope,applied_complete_published_city_territorial_scope,published_complete_city_territory_scope,city_with_published_subordinates,UNKNOWN,False,False,False,False,True,False,published_closed_city_scope_Киров,2021,24.0,direct_published_census_value,/workspace/settlements-raw/data/interim/2021_tochno/data_allsettlements_anon_156_v20251217.parquet,86c197cd522e0b63669e9c6e7f43fd3d82b3704c6a126c800a9968ecd16cae14,False,,,,,,,,,,,,,,,,,,,,,,,,,,,False
published_closed_city_scope_Киров,2021.0,2021:data_allsettlements_anon_156_v20251217.parquet:parquet:37836,Ганино,посёлок,2900.0,direct_published_census_value,/workspace/settlements-raw/data/interim/2021_tochno/data_allsettlements_anon_156_v20251217.parquet,86c197cd522e0b63669e9c6e7f43fd3d82b3704c6a126c800a9968ecd16cae14,parquet!row_1based=37836.0,True,True,False,True,True,False,atomic_NP_in_complete_published_scope,applied_complete_published_city_territorial_scope,published_complete_city_territory_scope,city_with_published_subordinates,UNKNOWN,False,False,False,False,True,False,published_closed_city_scope_Киров,2021,2900.0,direct_published_census_value,/workspace/settlements-raw/data/interim/2021_tochno/data_allsettlements_anon_156_v20251217.parquet,86c197cd522e0b63669e9c6e7f43fd3d82b3704c6a126c800a9968ecd16cae14,False,,,,,,,,,,,,,,,,,,,,,,,,,,,True
published_closed_city_scope_Киров,2021.0,2021:data_allsettlements_anon_156_v20251217.parquet:parquet:37837,Гари,деревня,0.0,direct_published_census_value,/workspace/settlements-raw/data/interim/2021_tochno/data_allsettlements_anon_156_v20251217.parquet,86c197cd522e0b63669e9c6e7f43fd3d82b3704c6a126c800a9968ecd16cae14,parquet!row_1based=37837.0,True,True,False,False,True,False,atomic_NP_in_complete_published_scope,applied_complete_published_city_territorial_scope,published_complete_city_territory_scope,city_with_published_subordinates,UNKNOWN,False,False,False,False,True,False,published_closed_city_scope_Киров,2021,0.0,direct_published_census_value,/workspace/settlements-raw/data/interim/2021_tochno/data_allsettlements_anon_156_v20251217.parquet,86c197cd522e0b63669e9c6e7f43fd3d82b3704c6a126c800a9968ecd16cae14,False,,,,,,,,,,,,,,,,,,,,,,,,,,,False
published_closed_city_scope_Киров,2021.0,2021:data_allsettlements_anon_156_v20251217.parquet:parquet:37838,Головановы,деревня,5.0,direct_published_census_value,/workspace/settlements-raw/data/interim/2021_tochno/data_allsettlements_anon_156_v20251217.parquet,86c197cd522e0b63669e9c6e7f43fd3d82b3704c6a126c800a9968ecd16cae14,parquet!row_1based=37838.0,True,True,False,True,True,False,atomic_NP_in_complete_published_scope,applied_complete_published_city_territorial_scope,published_complete_city_territory_scope,city_with_published_subordinates,UNKNOWN,False,False,False,False,True,False,published_closed_city_scope_Киров,2021,5.0,direct_published_census_value,/workspace/settlements-raw/data/interim/2021_tochno/data_allsettlements_anon_156_v20251217.parquet,86c197cd522e0b63669e9c6e7f43fd3d82b3704c6a126c800a9968ecd16cae14,False,,,,,,,,,,,,,,,,,,,,,,,,,,,True
published_closed_city_scope_Киров,2021.0,2021:data_allsettlements_anon_156_v20251217.parquet:parquet:37839,Гуси,деревня,43.0,direct_published_census_value,/workspace/settlements-raw/data/interim/2021_tochno/data_allsettlements_anon_156_v20251217.parquet,86c197cd522e0b63669e9c6e7f43fd3d82b3704c6a126c800a9968ecd16cae14,parquet!row_1based=37839.0,True,True,False,True,True,False,atomic_NP_in_complete_published_scope,applied_complete_published_city_territorial_scope,published_complete_city_territory_scope,city_with_published_subordinates,UNKNOWN,False,False,False,False,True,False,published_closed_city_scope_Киров,2021,43.0,direct_published_census_value,/workspace/settlements-raw/data/interim/2021_tochno/data_allsettlements_anon_156_v20251217.parquet,86c197cd522e0b63669e9c6e7f43fd3d82b3704c6a126c800a9968ecd16cae14,False,,,,,,,,,,,,,,,,,,,,,,,,,,,True
published_closed_city_scope_Киров,2021.0,2021:data_allsettlements_anon_156_v20251217.parquet:parquet:37840,Елпаши,деревня,20.0,direct_published_census_value,/workspace/settlements-raw/data/interim/2021_tochno/data_allsettlements_anon_156_v20251217.parquet,86c197cd522e0b63669e9c6e7f43fd3d82b3704c6a126c800a9968ecd16cae14,parquet!row_1based=37840.0,True,True,False,True,True,False,atomic_NP_in_complete_published_scope,applied_complete_published_city_territorial_scope,published_complete_city_territory_scope,city_with_published_subordinates,UNKNOWN,False,False,False,False,True,False,published_closed_city_scope_Киров,2021,20.0,direct_published_census_value,/workspace/settlements-raw/data/interim/2021_tochno/data_allsettlements_anon_156_v20251217.parquet,86c197cd522e0b63669e9c6e7f43fd3d82b3704c6a126c800a9968ecd16cae14,False,,,,,,,,,,,,,,,,,,,,,,,,,,,True
published_closed_city_scope_Киров,2021.0,2021:data_allsettlements_anon_156_v20251217.parquet:parquet:37841,Загоски,деревня,23.0,direct_published_census_value,/workspace/settlements-raw/data/interim/2021_tochno/data_allsettlements_anon_156_v20251217.parquet,86c197cd522e0b63669e9c6e7f43fd3d82b3704c6a126c800a9968ecd16cae14,parquet!row_1based=37841.0,True,True,False,True,True,False,atomic_NP_in_complete_published_scope,applied_complete_published_city_territorial_scope,published_complete_city_territory_scope,city_with_published_subordinates,UNKNOWN,False,False,False,False,True,False,published_closed_city_scope_Киров,2021,23.0,direct_published_census_value,/workspace/settlements-raw/data/interim/2021_tochno/data_allsettlements_anon_156_v20251217.parquet,86c197cd522e0b63669e9c6e7f43fd3d82b3704c6a126c800a9968ecd16cae14,False,,,,,,,,,,,,,,,,,,,,,,,,,,,True
published_closed_city_scope_Киров,2021.0,2021:data_allsettlements_anon_156_v20251217.parquet:parquet:37842,Зубари,деревня,6.0,direct_published_census_value,/workspace/settlements-raw/data/interim/2021_tochno/data_allsettlements_anon_156_v20251217.parquet,86c197cd522e0b63669e9c6e7f43fd3d82b3704c6a126c800a9968ecd16cae14,parquet!row_1based=37842.0,True,True,False,False,True,False,atomic_NP_in_complete_published_scope,applied_complete_published_city_territorial_scope,published_complete_city_territory_scope,city_with_published_subordinates,UNKNOWN,False,False,False,False,True,False,published_closed_city_scope_Киров,2021,6.0,direct_published_census_value,/workspace/settlements-raw/data/interim/2021_tochno/data_allsettlements_anon_156_v20251217.parquet,86c197cd522e0b63669e9c6e7f43fd3d82b3704c6a126c800a9968ecd16cae14,False,,,,,,,,,,,,,,,,,,,,,,,,,,,False
published_closed_city_scope_Киров,2021.0,2021:data_allsettlements_anon_156_v20251217.parquet:parquet:37843,Зубковы,деревня,7.0,direct_published_census_value,/workspace/settlements-raw/data/interim/2021_tochno/data_allsettlements_anon_156_v20251217.parquet,86c197cd522e0b63669e9c6e7f43fd3d82b3704c6a126c800a9968ecd16cae14,parquet!row_1based=37843.0,True,True,False,True,True,False,atomic_NP_in_complete_published_scope,applied_complete_published_city_territorial_scope,published_complete_city_territory_scope,city_with_published_subordinates,UNKNOWN,False,False,False,False,True,False,published_closed_city_scope_Киров,2021,7.0,direct_published_census_value,/workspace/settlements-raw/data/interim/2021_tochno/data_allsettlements_anon_156_v20251217.parquet,86c197cd522e0b63669e9c6e7f43fd3d82b3704c6a126c800a9968ecd16cae14,False,,,,,,,,,,,,,,,,,,,,,,,,,,,True
published_closed_city_scope_Киров,2021.0,2021:data_allsettlements_anon_156_v20251217.parquet:parquet:37844,Зуевская,деревня,40.0,direct_published_census_value,/workspace/settlements-raw/data/interim/2021_tochno/data_allsettlements_anon_156_v20251217.parquet,86c197cd522e0b63669e9c6e7f43fd3d82b3704c6a126c800a9968ecd16cae14,parquet!row_1based=37844.0,True,True,False,True,True,False,atomic_NP_in_complete_published_scope,applied_complete_published_city_territorial_scope,published_complete_city_territory_scope,city_with_published_subordinates,UNKNOWN,False,False,False,False,True,False,published_closed_city_scope_Киров,2021,40.0,direct_published_census_value,/workspace/settlements-raw/data/interim/2021_tochno/data_allsettlements_anon_156_v20251217.parquet,86c197cd522e0b63669e9c6e7f43fd3d82b3704c6a126c800a9968ecd16cae14,False,,,,,,,,,,,,,,,,,,,,,,,,,,,True
published_closed_city_scope_Киров,2021.0,2021:data_allsettlements_anon_156_v20251217.parquet:parquet:37845,Канахины,деревня,48.0,direct_published_census_value,/workspace/settlements-raw/data/interim/2021_tochno/data_allsettlements_anon_156_v20251217.parquet,86c197cd522e0b63669e9c6e7f43fd3d82b3704c6a126c800a9968ecd16cae14,parquet!row_1based=37845.0,True,True,False,True,True,False,atomic_NP_in_complete_published_scope,applied_complete_published_city_territorial_scope,published_complete_city_territory_scope,city_with_published_subordinates,UNKNOWN,False,False,False,False,True,False,published_closed_city_scope_Киров,2021,48.0,direct_published_census_value,/workspace/settlements-raw/data/interim/2021_tochno/data_allsettlements_anon_156_v20251217.parquet,86c197cd522e0b63669e9c6e7f43fd3d82b3704c6a126c800a9968ecd16cae14,False,,,,,,,,,,,,,,,,,,,,,,,,,,,True
published_closed_city_scope_Киров,2021.0,2021:data_allsettlements_anon_156_v20251217.parquet:parquet:37846,Караваевы,деревня,4.0,direct_published_census_value,/workspace/settlements-raw/data/interim/2021_tochno/data_allsettlements_anon_156_v20251217.parquet,86c197cd522e0b63669e9c6e7f43fd3d82b3704c6a126c800a9968ecd16cae14,parquet!row_1based=37846.0,True,True,False,True,True,False,atomic_NP_in_complete_published_scope,applied_complete_published_city_territorial_scope,published_complete_city_territory_scope,city_with_published_subordinates,UNKNOWN,False,False,False,False,True,False,published_closed_city_scope_Киров,2021,4.0,direct_published_census_value,/workspace/settlements-raw/data/interim/2021_tochno/data_allsettlements_anon_156_v20251217.parquet,86c197cd522e0b63669e9c6e7f43fd3d82b3704c6a126c800a9968ecd16cae14,False,,,,,,,,,,,,,,,,,,,,,,,,,,,True
published_closed_city_scope_Киров,2021.0,2021:data_allsettlements_anon_156_v20251217.parquet:parquet:37847,Кисели,деревня,46.0,direct_published_census_value,/workspace/settlements-raw/data/interim/2021_tochno/data_allsettlements_anon_156_v20251217.parquet,86c197cd522e0b63669e9c6e7f43fd3d82b3704c6a126c800a9968ecd16cae14,parquet!row_1based=37847.0,True,True,False,False,True,False,atomic_NP_in_complete_published_scope,applied_complete_published_city_territorial_scope,published_complete_city_territory_scope,city_with_published_subordinates,UNKNOWN,False,False,False,False,True,False,published_closed_city_scope_Киров,2021,46.0,direct_published_census_value,/workspace/settlements-raw/data/interim/2021_tochno/data_allsettlements_anon_156_v20251217.parquet,86c197cd522e0b63669e9c6e7f43fd3d82b3704c6a126c800a9968ecd16cae14,False,,,,,,,,,,,,,,,,,,,,,,,,,,,False
published_closed_city_scope_Киров,2021.0,2021:data_allsettlements_anon_156_v20251217.parquet:parquet:37848,Колобовщина,деревня,26.0,direct_published_census_value,/workspace/settlements-raw/data/interim/2021_tochno/data_allsettlements_anon_156_v20251217.parquet,86c197cd522e0b63669e9c6e7f43fd3d82b3704c6a126c800a9968ecd16cae14,parquet!row_1based=37848.0,True,True,False,True,True,False,atomic_NP_in_complete_published_scope,applied_complete_published_city_territorial_scope,published_complete_city_territory_scope,city_with_published_subordinates,UNKNOWN,False,False,False,False,True,False,published_closed_city_scope_Киров,2021,26.0,direct_published_census_value,/workspace/settlements-raw/data/interim/2021_tochno/data_allsettlements_anon_156_v20251217.parquet,86c197cd522e0b63669e9c6e7f43fd3d82b3704c6a126c800a9968ecd16cae14,False,,,,,,,,,,,,,,,,,,,,,,,,,,,True
published_closed_city_scope_Киров,2021.0,2021:data_allsettlements_anon_156_v20251217.parquet:parquet:37849,Колпаки,деревня,18.0,direct_published_census_value,/workspace/settlements-raw/data/interim/2021_tochno/data_allsettlements_anon_156_v20251217.parquet,86c197cd522e0b63669e9c6e7f43fd3d82b3704c6a126c800a9968ecd16cae14,parquet!row_1based=37849.0,True,True,False,False,True,False,atomic_NP_in_complete_published_scope,applied_complete_published_city_territorial_scope,published_complete_city_territory_scope,city_with_published_subordinates,UNKNOWN,False,False,False,False,True,False,published_closed_city_scope_Киров,2021,18.0,direct_published_census_value,/workspace/settlements-raw/data/interim/2021_tochno/data_allsettlements_anon_156_v20251217.parquet,86c197cd522e0b63669e9c6e7f43fd3d82b3704c6a126c800a9968ecd16cae14,False,,,,,,,,,,,,,,,,,,,,,,,,,,,False
published_closed_city_scope_Киров,2021.0,2021:data_allsettlements_anon_156_v20251217.parquet:parquet:37850,Коробовская,деревня,6.0,direct_published_census_value,/workspace/settlements-raw/data/interim/2021_tochno/data_allsettlements_anon_156_v20251217.parquet,86c197cd522e0b63669e9c6e7f43fd3d82b3704c6a126c800a9968ecd16cae14,parquet!row_1based=37850.0,True,True,False,True,True,False,atomic_NP_in_complete_published_scope,applied_complete_published_city_territorial_scope,published_complete_city_territory_scope,city_with_published_subordinates,UNKNOWN,False,False,False,False,True,False,published_closed_city_scope_Киров,2021,6.0,direct_published_census_value,/workspace/settlements-raw/data/interim/2021_tochno/data_allsettlements_anon_156_v20251217.parquet,86c197cd522e0b63669e9c6e7f43fd3d82b3704c6a126c800a9968ecd16cae14,False,,,,,,,,,,,,,,,,,,,,,,,,,,,True
published_closed_city_scope_Киров,2021.0,2021:data_allsettlements_anon_156_v20251217.parquet:parquet:37851,Костино,посёлок,3362.0,direct_published_census_value,/workspace/settlements-raw/data/interim/2021_tochno/data_allsettlements_anon_156_v20251217.parquet,86c197cd522e0b63669e9c6e7f43fd3d82b3704c6a126c800a9968ecd16cae14,parquet!row_1based=37851.0,True,True,False,True,True,False,atomic_NP_in_complete_published_scope,applied_complete_published_city_territorial_scope,published_complete_city_territory_scope,city_with_published_subordinates,UNKNOWN,False,False,False,False,True,False,published_closed_city_scope_Киров,2021,3362.0,direct_published_census_value,/workspace/settlements-raw/data/interim/2021_tochno/data_allsettlements_anon_156_v20251217.parquet,86c197cd522e0b63669e9c6e7f43fd3d82b3704c6a126c800a9968ecd16cae14,False,,,,,,,,,,,,,,,,,,,,,,,,,,,True
published_closed_city_scope_Киров,2021.0,2021:data_allsettlements_anon_156_v20251217.parquet:parquet:37852,Кривели,деревня,1.0,direct_published_census_value,/workspace/settlements-raw/data/interim/2021_tochno/data_allsettlements_anon_156_v20251217.parquet,86c197cd522e0b63669e9c6e7f43fd3d82b3704c6a126c800a9968ecd16cae14,parquet!row_1based=37852.0,True,True,False,True,True,False,atomic_NP_in_complete_published_scope,applied_complete_published_city_territorial_scope,published_complete_city_territory_scope,city_with_published_subordinates,UNKNOWN,False,False,False,False,True,False,published_closed_city_scope_Киров,2021,1.0,direct_published_census_value,/workspace/settlements-raw/data/interim/2021_tochno/data_allsettlements_anon_156_v20251217.parquet,86c197cd522e0b63669e9c6e7f43fd3d82b3704c6a126c800a9968ecd16cae14,False,,,,,,,,,,,,,,,,,,,,,,,,,,,True
published_closed_city_scope_Киров,2021.0,2021:data_allsettlements_anon_156_v20251217.parquet:parquet:37853,Куликовская,деревня,47.0,direct_published_census_value,/workspace/settlements-raw/data/interim/2021_tochno/data_allsettlements_anon_156_v20251217.parquet,86c197cd522e0b63669e9c6e7f43fd3d82b3704c6a126c800a9968ecd16cae14,parquet!row_1based=37853.0,True,True,False,True,True,False,atomic_NP_in_complete_published_scope,applied_complete_published_city_territorial_scope,published_complete_city_territory_scope,city_with_published_subordinates,UNKNOWN,False,False,False,False,True,False,published_closed_city_scope_Киров,2021,47.0,direct_published_census_value,/workspace/settlements-raw/data/interim/2021_tochno/data_allsettlements_anon_156_v20251217.parquet,86c197cd522e0b63669e9c6e7f43fd3d82b3704c6a126c800a9968ecd16cae14,False,,,,,,,,,,,,,,,,,,,,,,,,,,,True
published_closed_city_scope_Киров,2021.0,2021:data_allsettlements_anon_156_v20251217.parquet:parquet:37854,Леденцовы,деревня,0.0,direct_published_census_value,/workspace/settlements-raw/data/interim/2021_tochno/data_allsettlements_anon_156_v20251217.parquet,86c197cd522e0b63669e9c6e7f43fd3d82b3704c6a126c800a9968ecd16cae14,parquet!row_1based=37854.0,True,True,False,True,True,False,atomic_NP_in_complete_published_scope,applied_complete_published_city_territorial_scope,published_complete_city_territory_scope,city_with_published_subordinates,UNKNOWN,False,False,False,False,True,False,published_closed_city_scope_Киров,2021,0.0,direct_published_census_value,/workspace/settlements-raw/data/interim/2021_tochno/data_allsettlements_anon_156_v20251217.parquet,86c197cd522e0b63669e9c6e7f43fd3d82b3704c6a126c800a9968ecd16cae14,False,,,,,,,,,,,,,,,,,,,,,,,,,,,True
published_closed_city_scope_Киров,2021.0,2021:data_allsettlements_anon_156_v20251217.parquet:parquet:37855,Лисицины,деревня,5.0,direct_published_census_value,/workspace/settlements-raw/data/interim/2021_tochno/data_allsettlements_anon_156_v20251217.parquet,86c197cd522e0b63669e9c6e7f43fd3d82b3704c6a126c800a9968ecd16cae14,parquet!row_1based=37855.0,True,True,False,True,True,False,atomic_NP_in_complete_published_scope,applied_complete_published_city_territorial_scope,published_complete_city_territory_scope,city_with_published_subordinates,UNKNOWN,False,False,False,False,True,False,published_closed_city_scope_Киров,2021,5.0,direct_published_census_value,/workspace/settlements-raw/data/interim/2021_tochno/data_allsettlements_anon_156_v20251217.parquet,86c197cd522e0b63669e9c6e7f43fd3d82b3704c6a126c800a9968ecd16cae14,False,,,,,,,,,,,,,,,,,,,,,,,,,,,True
published_closed_city_scope_Киров,2021.0,2021:data_allsettlements_anon_156_v20251217.parquet:parquet:37856,Лом,деревня,0.0,direct_published_census_value,/workspace/settlements-raw/data/interim/2021_tochno/data_allsettlements_anon_156_v20251217.parquet,86c197cd522e0b63669e9c6e7f43fd3d82b3704c6a126c800a9968ecd16cae14,parquet!row_1based=37856.0,True,True,False,True,True,False,atomic_NP_in_complete_published_scope,applied_complete_published_city_territorial_scope,published_complete_city_territory_scope,city_with_published_subordinates,UNKNOWN,False,False,False,False,True,False,published_closed_city_scope_Киров,2021,0.0,direct_published_census_value,/workspace/settlements-raw/data/interim/2021_tochno/data_allsettlements_anon_156_v20251217.parquet,86c197cd522e0b63669e9c6e7f43fd3d82b3704c6a126c800a9968ecd16cae14,False,,,,,,,,,,,,,,,,,,,,,,,,,,,True
published_closed_city_scope_Киров,2021.0,2021:data_allsettlements_anon_156_v20251217.parquet:parquet:37857,Луговики,деревня,1.0,direct_published_census_value,/workspace/settlements-raw/data/interim/2021_tochno/data_allsettlements_anon_156_v20251217.parquet,86c197cd522e0b63669e9c6e7f43fd3d82b3704c6a126c800a9968ecd16cae14,parquet!row_1based=37857.0,True,True,False,True,True,False,atomic_NP_in_complete_published_scope,applied_complete_published_city_territorial_scope,published_complete_city_territory_scope,city_with_published_subordinates,UNKNOWN,False,False,False,False,True,False,published_closed_city_scope_Киров,2021,1.0,direct_published_census_value,/workspace/settlements-raw/data/interim/2021_tochno/data_allsettlements_anon_156_v20251217.parquet,86c197cd522e0b63669e9c6e7f43fd3d82b3704c6a126c800a9968ecd16cae14,False,,,,,,,,,,,,,,,,,,,,,,,,,,,True
published_closed_city_scope_Киров,2021.0,2021:data_allsettlements_anon_156_v20251217.parquet:parquet:37858,Малая Гора,деревня,50.0,direct_published_census_value,/workspace/settlements-raw/data/interim/2021_tochno/data_allsettlements_anon_156_v20251217.parquet,86c197cd522e0b63669e9c6e7f43fd3d82b3704c6a126c800a9968ecd16cae14,parquet!row_1based=37858.0,True,True,False,True,True,False,atomic_NP_in_complete_published_scope,applied_complete_published_city_territorial_scope,published_complete_city_territory_scope,city_with_published_subordinates,UNKNOWN,False,False,False,False,True,False,published_closed_city_scope_Киров,2021,50.0,direct_published_census_value,/workspace/settlements-raw/data/interim/2021_tochno/data_allsettlements_anon_156_v20251217.parquet,86c197cd522e0b63669e9c6e7f43fd3d82b3704c6a126c800a9968ecd16cae14,False,,,,,,,,,,,,,,,,,,,,,,,,,,,True
published_closed_city_scope_Киров,2021.0,2021:data_allsettlements_anon_156_v20251217.parquet:parquet:37859,Малые Кушовы,деревня,18.0,direct_published_census_value,/workspace/settlements-raw/data/interim/2021_tochno/data_allsettlements_anon_156_v20251217.parquet,86c197cd522e0b63669e9c6e7f43fd3d82b3704c6a126c800a9968ecd16cae14,parquet!row_1based=37859.0,True,True,False,True,True,False,atomic_NP_in_complete_published_scope,applied_complete_published_city_territorial_scope,published_complete_city_territory_scope,city_with_published_subordinates,UNKNOWN,False,False,False,False,True,False,published_closed_city_scope_Киров,2021,18.0,direct_published_census_value,/workspace/settlements-raw/data/interim/2021_tochno/data_allsettlements_anon_156_v20251217.parquet,86c197cd522e0b63669e9c6e7f43fd3d82b3704c6a126c800a9968ecd16cae14,False,,,,,,,,,,,,,,,,,,,,,,,,,,,True
published_closed_city_scope_Киров,2021.0,2021:data_allsettlements_anon_156_v20251217.parquet:parquet:37860,Мараки,деревня,32.0,direct_published_census_value,/workspace/settlements-raw/data/interim/2021_tochno/data_allsettlements_anon_156_v20251217.parquet,86c197cd522e0b63669e9c6e7f43fd3d82b3704c6a126c800a9968ecd16cae14,parquet!row_1based=37860.0,True,True,False,True,True,False,atomic_NP_in_complete_published_scope,applied_complete_published_city_territorial_scope,published_complete_city_territory_scope,city_with_published_subordinates,UNKNOWN,False,False,False,False,True,False,published_closed_city_scope_Киров,2021,32.0,direct_published_census_value,/workspace/settlements-raw/data/interim/2021_tochno/data_allsettlements_anon_156_v20251217.parquet,86c197cd522e0b63669e9c6e7f43fd3d82b3704c6a126c800a9968ecd16cae14,False,,,,,,,,,,,,,,,,,,,,,,,,,,,True
published_closed_city_scope_Киров,2021.0,2021:data_allsettlements_anon_156_v20251217.parquet:parquet:37861,Марьино,деревня,0.0,direct_published_census_value,/workspace/settlements-raw/data/interim/2021_tochno/data_allsettlements_anon_156_v20251217.parquet,86c197cd522e0b63669e9c6e7f43fd3d82b3704c6a126c800a9968ecd16cae14,parquet!row_1based=37861.0,True,True,False,True,True,False,atomic_NP_in_complete_published_scope,applied_complete_published_city_territorial_scope,published_complete_city_territory_scope,city_with_published_subordinates,UNKNOWN,False,False,False,False,True,False,published_closed_city_scope_Киров,2021,0.0,direct_published_census_value,/workspace/settlements-raw/data/interim/2021_tochno/data_allsettlements_anon_156_v20251217.parquet,86c197cd522e0b63669e9c6e7f43fd3d82b3704c6a126c800a9968ecd16cae14,False,,,,,,,,,,,,,,,,,,,,,,,,,,,True
published_closed_city_scope_Киров,2021.0,2021:data_allsettlements_anon_156_v20251217.parquet:parquet:37862,Масленики,деревня,8.0,direct_published_census_value,/workspace/settlements-raw/data/interim/2021_tochno/data_allsettlements_anon_156_v20251217.parquet,86c197cd522e0b63669e9c6e7f43fd3d82b3704c6a126c800a9968ecd16cae14,parquet!row_1based=37862.0,True,True,False,True,True,False,atomic_NP_in_complete_published_scope,applied_complete_published_city_territorial_scope,published_complete_city_territory_scope,city_with_published_subordinates,UNKNOWN,False,False,False,False,True,False,published_closed_city_scope_Киров,2021,8.0,direct_published_census_value,/workspace/settlements-raw/data/interim/2021_tochno/data_allsettlements_anon_156_v20251217.parquet,86c197cd522e0b63669e9c6e7f43fd3d82b3704c6a126c800a9968ecd16cae14,False,,,,,,,,,,,,,,,,,,,,,,,,,,,True
published_closed_city_scope_Киров,2021.0,2021:data_allsettlements_anon_156_v20251217.parquet:parquet:37863,Матанцы,деревня,17.0,direct_published_census_value,/workspace/settlements-raw/data/interim/2021_tochno/data_allsettlements_anon_156_v20251217.parquet,86c197cd522e0b63669e9c6e7f43fd3d82b3704c6a126c800a9968ecd16cae14,parquet!row_1based=37863.0,True,True,False,True,True,False,atomic_NP_in_complete_published_scope,applied_complete_published_city_territorial_scope,published_complete_city_territory_scope,city_with_published_subordinates,UNKNOWN,False,False,False,False,True,False,published_closed_city_scope_Киров,2021,17.0,direct_published_census_value,/workspace/settlements-raw/data/interim/2021_tochno/data_allsettlements_anon_156_v20251217.parquet,86c197cd522e0b63669e9c6e7f43fd3d82b3704c6a126c800a9968ecd16cae14,False,,,,,,,,,,,,,,,,,,,,,,,,,,,True
published_closed_city_scope_Киров,2021.0,2021:data_allsettlements_anon_156_v20251217.parquet:parquet:37864,Матанцы,железнодорожный объект,39.0,direct_published_census_value,/workspace/settlements-raw/data/interim/2021_tochno/data_allsettlements_anon_156_v20251217.parquet,86c197cd522e0b63669e9c6e7f43fd3d82b3704c6a126c800a9968ecd16cae14,parquet!row_1based=37864.0,True,True,False,False,False,False,atomic_NP_in_complete_published_scope,applied_complete_published_city_territorial_scope,published_complete_city_territory_scope,city_with_published_subordinates,UNKNOWN,False,False,False,False,True,False,published_closed_city_scope_Киров,2021,39.0,direct_published_census_value,/workspace/settlements-raw/data/interim/2021_tochno/data_allsettlements_anon_156_v20251217.parquet,86c197cd522e0b63669e9c6e7f43fd3d82b3704c6a126c800a9968ecd16cae14,False,,,,,,,,,,,,,,,,,,,,,,,,,,,False
published_closed_city_scope_Киров,2021.0,2021:data_allsettlements_anon_156_v20251217.parquet:parquet:37865,Монастырская,деревня,59.0,direct_published_census_value,/workspace/settlements-raw/data/interim/2021_tochno/data_allsettlements_anon_156_v20251217.parquet,86c197cd522e0b63669e9c6e7f43fd3d82b3704c6a126c800a9968ecd16cae14,parquet!row_1based=37865.0,True,True,False,True,True,False,atomic_NP_in_complete_published_scope,applied_complete_published_city_territorial_scope,published_complete_city_territory_scope,city_with_published_subordinates,UNKNOWN,False,False,False,False,True,False,published_closed_city_scope_Киров,2021,59.0,direct_published_census_value,/workspace/settlements-raw/data/interim/2021_tochno/data_allsettlements_anon_156_v20251217.parquet,86c197cd522e0b63669e9c6e7f43fd3d82b3704c6a126c800a9968ecd16cae14,False,,,,,,,,,,,,,,,,,,,,,,,,,,,True
published_closed_city_scope_Киров,2021.0,2021:data_allsettlements_anon_156_v20251217.parquet:parquet:37866,Нагорье,деревня,1.0,direct_published_census_value,/workspace/settlements-raw/data/interim/2021_tochno/data_allsettlements_anon_156_v20251217.parquet,86c197cd522e0b63669e9c6e7f43fd3d82b3704c6a126c800a9968ecd16cae14,parquet!row_1based=37866.0,True,True,False,True,True,False,atomic_NP_in_complete_published_scope,applied_complete_published_city_territorial_scope,published_complete_city_territory_scope,city_with_published_subordinates,UNKNOWN,False,False,False,False,True,False,published_closed_city_scope_Киров,2021,1.0,direct_published_census_value,/workspace/settlements-raw/data/interim/2021_tochno/data_allsettlements_anon_156_v20251217.parquet,86c197cd522e0b63669e9c6e7f43fd3d82b3704c6a126c800a9968ecd16cae14,False,,,,,,,,,,,,,,,,,,,,,,,,,,,True
published_closed_city_scope_Киров,2021.0,2021:data_allsettlements_anon_156_v20251217.parquet:parquet:37867,Нагоряна,деревня,25.0,direct_published_census_value,/workspace/settlements-raw/data/interim/2021_tochno/data_allsettlements_anon_156_v20251217.parquet,86c197cd522e0b63669e9c6e7f43fd3d82b3704c6a126c800a9968ecd16cae14,parquet!row_1based=37867.0,True,True,False,False,True,False,atomic_NP_in_complete_published_scope,applied_complete_published_city_territorial_scope,published_complete_city_territory_scope,city_with_published_subordinates,UNKNOWN,False,False,False,False,True,False,published_closed_city_scope_Киров,2021,25.0,direct_published_census_value,/workspace/settlements-raw/data/interim/2021_tochno/data_allsettlements_anon_156_v20251217.parquet,86c197cd522e0b63669e9c6e7f43fd3d82b3704c6a126c800a9968ecd16cae14,False,,,,,,,,,,,,,,,,,,,,,,,,,,,False
published_closed_city_scope_Киров,2021.0,2021:data_allsettlements_anon_156_v20251217.parquet:parquet:37868,Оверинцы,деревня,27.0,direct_published_census_value,/workspace/settlements-raw/data/interim/2021_tochno/data_allsettlements_anon_156_v20251217.parquet,86c197cd522e0b63669e9c6e7f43fd3d82b3704c6a126c800a9968ecd16cae14,parquet!row_1based=37868.0,True,True,False,True,True,False,atomic_NP_in_complete_published_scope,applied_complete_published_city_territorial_scope,published_complete_city_territory_scope,city_with_published_subordinates,UNKNOWN,False,False,False,False,True,False,published_closed_city_scope_Киров,2021,27.0,direct_published_census_value,/workspace/settlements-raw/data/interim/2021_tochno/data_allsettlements_anon_156_v20251217.parquet,86c197cd522e0b63669e9c6e7f43fd3d82b3704c6a126c800a9968ecd16cae14,False,,,,,,,,,,,,,,,,,,,,,,,,,,,True
published_closed_city_scope_Киров,2021.0,2021:data_allsettlements_anon_156_v20251217.parquet:parquet:37869,Опушни,деревня,32.0,direct_published_census_value,/workspace/settlements-raw/data/interim/2021_tochno/data_allsettlements_anon_156_v20251217.parquet,86c197cd522e0b63669e9c6e7f43fd3d82b3704c6a126c800a9968ecd16cae14,parquet!row_1based=37869.0,True,True,False,True,True,False,atomic_NP_in_complete_published_scope,applied_complete_published_city_territorial_scope,published_complete_city_territory_scope,city_with_published_subordinates,UNKNOWN,False,False,False,False,True,False,published_closed_city_scope_Киров,2021,32.0,direct_published_census_value,/workspace/settlements-raw/data/interim/2021_tochno/data_allsettlements_anon_156_v20251217.parquet,86c197cd522e0b63669e9c6e7f43fd3d82b3704c6a126c800a9968ecd16cae14,False,,,,,,,,,,,,,,,,,,,,,,,,,,,True
published_closed_city_scope_Киров,2021.0,2021:data_allsettlements_anon_156_v20251217.parquet:parquet:37870,Пересторонцы,деревня,63.0,direct_published_census_value,/workspace/settlements-raw/data/interim/2021_tochno/data_allsettlements_anon_156_v20251217.parquet,86c197cd522e0b63669e9c6e7f43fd3d82b3704c6a126c800a9968ecd16cae14,parquet!row_1based=37870.0,True,True,False,True,True,False,atomic_NP_in_complete_published_scope,applied_complete_published_city_territorial_scope,published_complete_city_territory_scope,city_with_published_subordinates,UNKNOWN,False,False,False,False,True,False,published_closed_city_scope_Киров,2021,63.0,direct_published_census_value,/workspace/settlements-raw/data/interim/2021_tochno/data_allsettlements_anon_156_v20251217.parquet,86c197cd522e0b63669e9c6e7f43fd3d82b3704c6a126c800a9968ecd16cae14,False,,,,,,,,,,,,,,,,,,,,,,,,,,,True
published_closed_city_scope_Киров,2021.0,2021:data_allsettlements_anon_156_v20251217.parquet:parquet:37871,Першино,деревня,50.0,direct_published_census_value,/workspace/settlements-raw/data/interim/2021_tochno/data_allsettlements_anon_156_v20251217.parquet,86c197cd522e0b63669e9c6e7f43fd3d82b3704c6a126c800a9968ecd16cae14,parquet!row_1based=37871.0,True,True,False,False,True,False,atomic_NP_in_complete_published_scope,applied_complete_published_city_territorial_scope,published_complete_city_territory_scope,city_with_published_subordinates,UNKNOWN,False,False,False,False,True,False,published_closed_city_scope_Киров,2021,50.0,direct_published_census_value,/workspace/settlements-raw/data/interim/2021_tochno/data_allsettlements_anon_156_v20251217.parquet,86c197cd522e0b63669e9c6e7f43fd3d82b3704c6a126c800a9968ecd16cae14,False,,,,,,,,,,,,,,,,,,,,,,,,,,,False
published_closed_city_scope_Киров,2021.0,2021:data_allsettlements_anon_156_v20251217.parquet:parquet:37872,Пестовы,деревня,53.0,direct_published_census_value,/workspace/settlements-raw/data/interim/2021_tochno/data_allsettlements_anon_156_v20251217.parquet,86c197cd522e0b63669e9c6e7f43fd3d82b3704c6a126c800a9968ecd16cae14,parquet!row_1based=37872.0,True,True,False,False,True,False,atomic_NP_in_complete_published_scope,applied_complete_published_city_territorial_scope,published_complete_city_territory_scope,city_with_published_subordinates,UNKNOWN,False,False,False,False,True,False,published_closed_city_scope_Киров,2021,53.0,direct_published_census_value,/workspace/settlements-raw/data/interim/2021_tochno/data_allsettlements_anon_156_v20251217.parquet,86c197cd522e0b63669e9c6e7f43fd3d82b3704c6a126c800a9968ecd16cae14,False,,,,,,,,,,,,,,,,,,,,,,,,,,,False
published_closed_city_scope_Киров,2021.0,2021:data_allsettlements_anon_156_v20251217.parquet:parquet:37873,Петуховы,деревня,26.0,direct_published_census_value,/workspace/settlements-raw/data/interim/2021_tochno/data_allsettlements_anon_156_v20251217.parquet,86c197cd522e0b63669e9c6e7f43fd3d82b3704c6a126c800a9968ecd16cae14,parquet!row_1based=37873.0,True,True,False,False,True,False,atomic_NP_in_complete_published_scope,applied_complete_published_city_territorial_scope,published_complete_city_territory_scope,city_with_published_subordinates,UNKNOWN,False,False,False,False,True,False,published_closed_city_scope_Киров,2021,26.0,direct_published_census_value,/workspace/settlements-raw/data/interim/2021_tochno/data_allsettlements_anon_156_v20251217.parquet,86c197cd522e0b63669e9c6e7f43fd3d82b3704c6a126c800a9968ecd16cae14,False,,,,,,,,,,,,,,,,,,,,,,,,,,,False
published_closed_city_scope_Киров,2021.0,2021:data_allsettlements_anon_156_v20251217.parquet:parquet:37874,Подборные,деревня,4.0,direct_published_census_value,/workspace/settlements-raw/data/interim/2021_tochno/data_allsettlements_anon_156_v20251217.parquet,86c197cd522e0b63669e9c6e7f43fd3d82b3704c6a126c800a9968ecd16cae14,parquet!row_1based=37874.0,True,True,False,True,True,False,atomic_NP_in_complete_published_scope,applied_complete_published_city_territorial_scope,published_complete_city_territory_scope,city_with_published_subordinates,UNKNOWN,False,False,False,False,True,False,published_closed_city_scope_Киров,2021,4.0,direct_published_census_value,/workspace/settlements-raw/data/interim/2021_tochno/data_allsettlements_anon_156_v20251217.parquet,86c197cd522e0b63669e9c6e7f43fd3d82b3704c6a126c800a9968ecd16cae14,False,,,,,,,,,,,,,,,,,,,,,,,,,,,True
published_closed_city_scope_Киров,2021.0,2021:data_allsettlements_anon_156_v20251217.parquet:parquet:37875,Подозерье,деревня,44.0,direct_published_census_value,/workspace/settlements-raw/data/interim/2021_tochno/data_allsettlements_anon_156_v20251217.parquet,86c197cd522e0b63669e9c6e7f43fd3d82b3704c6a126c800a9968ecd16cae14,parquet!row_1based=37875.0,True,True,False,True,True,False,atomic_NP_in_complete_published_scope,applied_complete_published_city_territorial_scope,published_complete_city_territory_scope,city_with_published_subordinates,UNKNOWN,False,False,False,False,True,False,published_closed_city_scope_Киров,2021,44.0,direct_published_census_value,/workspace/settlements-raw/data/interim/2021_tochno/data_allsettlements_anon_156_v20251217.parquet,86c197cd522e0b63669e9c6e7f43fd3d82b3704c6a126c800a9968ecd16cae14,False,,,,,,,,,,,,,,,,,,,,,,,,,,,True
published_closed_city_scope_Киров,2021.0,2021:data_allsettlements_anon_156_v20251217.parquet:parquet:37876,Пушкари,деревня,7.0,direct_published_census_value,/workspace/settlements-raw/data/interim/2021_tochno/data_allsettlements_anon_156_v20251217.parquet,86c197cd522e0b63669e9c6e7f43fd3d82b3704c6a126c800a9968ecd16cae14,parquet!row_1based=37876.0,True,True,False,False,True,False,atomic_NP_in_complete_published_scope,applied_complete_published_city_territorial_scope,published_complete_city_territory_scope,city_with_published_subordinates,UNKNOWN,False,False,False,False,True,False,published_closed_city_scope_Киров,2021,7.0,direct_published_census_value,/workspace/settlements-raw/data/interim/2021_tochno/data_allsettlements_anon_156_v20251217.parquet,86c197cd522e0b63669e9c6e7f43fd3d82b3704c6a126c800a9968ecd16cae14,False,,,,,,,,,,,,,,,,,,,,,,,,,,,False
published_closed_city_scope_Киров,2021.0,2021:data_allsettlements_anon_156_v20251217.parquet:parquet:37877,Репки,деревня,56.0,direct_published_census_value,/workspace/settlements-raw/data/interim/2021_tochno/data_allsettlements_anon_156_v20251217.parquet,86c197cd522e0b63669e9c6e7f43fd3d82b3704c6a126c800a9968ecd16cae14,parquet!row_1based=37877.0,True,True,False,True,True,False,atomic_NP_in_complete_published_scope,applied_complete_published_city_territorial_scope,published_complete_city_territory_scope,city_with_published_subordinates,UNKNOWN,False,False,False,False,True,False,published_closed_city_scope_Киров,2021,56.0,direct_published_census_value,/workspace/settlements-raw/data/interim/2021_tochno/data_allsettlements_anon_156_v20251217.parquet,86c197cd522e0b63669e9c6e7f43fd3d82b3704c6a126c800a9968ecd16cae14,False,,,,,,,,,,,,,,,,,,,,,,,,,,,True
published_closed_city_scope_Киров,2021.0,2021:data_allsettlements_anon_156_v20251217.parquet:parquet:37878,Родинцы,деревня,33.0,direct_published_census_value,/workspace/settlements-raw/data/interim/2021_tochno/data_allsettlements_anon_156_v20251217.parquet,86c197cd522e0b63669e9c6e7f43fd3d82b3704c6a126c800a9968ecd16cae14,parquet!row_1based=37878.0,True,True,False,True,True,False,atomic_NP_in_complete_published_scope,applied_complete_published_city_territorial_scope,published_complete_city_territory_scope,city_with_published_subordinates,UNKNOWN,False,False,False,False,True,False,published_closed_city_scope_Киров,2021,33.0,direct_published_census_value,/workspace/settlements-raw/data/interim/2021_tochno/data_allsettlements_anon_156_v20251217.parquet,86c197cd522e0b63669e9c6e7f43fd3d82b3704c6a126c800a9968ecd16cae14,False,,,,,,,,,,,,,,,,,,,,,,,,,,,True
published_closed_city_scope_Киров,2021.0,2021:data_allsettlements_anon_156_v20251217.parquet:parquet:37879,Рожни,деревня,13.0,direct_published_census_value,/workspace/settlements-raw/data/interim/2021_tochno/data_allsettlements_anon_156_v20251217.parquet,86c197cd522e0b63669e9c6e7f43fd3d82b3704c6a126c800a9968ecd16cae14,parquet!row_1based=37879.0,True,True,False,True,True,False,atomic_NP_in_complete_published_scope,applied_complete_published_city_territorial_scope,published_complete_city_territory_scope,city_with_published_subordinates,UNKNOWN,False,False,False,False,True,False,published_closed_city_scope_Киров,2021,13.0,direct_published_census_value,/workspace/settlements-raw/data/interim/2021_tochno/data_allsettlements_anon_156_v20251217.parquet,86c197cd522e0b63669e9c6e7f43fd3d82b3704c6a126c800a9968ecd16cae14,False,,,,,,,,,,,,,,,,,,,,,,,,,,,True
published_closed_city_scope_Киров,2021.0,2021:data_allsettlements_anon_156_v20251217.parquet:parquet:37880,Русское,село,1105.0,direct_published_census_value,/workspace/settlements-raw/data/interim/2021_tochno/data_allsettlements_anon_156_v20251217.parquet,86c197cd522e0b63669e9c6e7f43fd3d82b3704c6a126c800a9968ecd16cae14,parquet!row_1based=37880.0,True,True,False,True,True,False,atomic_NP_in_complete_published_scope,applied_complete_published_city_territorial_scope,published_complete_city_territory_scope,city_with_published_subordinates,UNKNOWN,False,False,False,False,True,False,published_closed_city_scope_Киров,2021,1105.0,direct_published_census_value,/workspace/settlements-raw/data/interim/2021_tochno/data_allsettlements_anon_156_v20251217.parquet,86c197cd522e0b63669e9c6e7f43fd3d82b3704c6a126c800a9968ecd16cae14,False,,,,,,,,,,,,,,,,,,,,,,,,,,,True
published_closed_city_scope_Киров,2021.0,2021:data_allsettlements_anon_156_v20251217.parquet:parquet:37881,Садаковский,посёлок,2987.0,direct_published_census_value,/workspace/settlements-raw/data/interim/2021_tochno/data_allsettlements_anon_156_v20251217.parquet,86c197cd522e0b63669e9c6e7f43fd3d82b3704c6a126c800a9968ecd16cae14,parquet!row_1based=37881.0,True,True,False,True,True,False,atomic_NP_in_complete_published_scope,applied_complete_published_city_territorial_scope,published_complete_city_territory_scope,city_with_published_subordinates,UNKNOWN,False,False,False,False,True,False,published_closed_city_scope_Киров,2021,2987.0,direct_published_census_value,/workspace/settlements-raw/data/interim/2021_tochno/data_allsettlements_anon_156_v20251217.parquet,86c197cd522e0b63669e9c6e7f43fd3d82b3704c6a126c800a9968ecd16cae14,False,,,,,,,,,,,,,,,,,,,,,,,,,,,True
published_closed_city_scope_Киров,2021.0,2021:data_allsettlements_anon_156_v20251217.parquet:parquet:37882,Садаковы,деревня,0.0,direct_published_census_value,/workspace/settlements-raw/data/interim/2021_tochno/data_allsettlements_anon_156_v20251217.parquet,86c197cd522e0b63669e9c6e7f43fd3d82b3704c6a126c800a9968ecd16cae14,parquet!row_1based=37882.0,True,True,False,False,True,False,atomic_NP_in_complete_published_scope,applied_complete_published_city_territorial_scope,published_complete_city_territory_scope,city_with_published_subordinates,UNKNOWN,False,False,False,False,True,False,published_closed_city_scope_Киров,2021,0.0,direct_published_census_value,/workspace/settlements-raw/data/interim/2021_tochno/data_allsettlements_anon_156_v20251217.parquet,86c197cd522e0b63669e9c6e7f43fd3d82b3704c6a126c800a9968ecd16cae14,False,,,,,,,,,,,,,,,,,,,,,,,,,,,False
published_closed_city_scope_Киров,2021.0,2021:data_allsettlements_anon_156_v20251217.parquet:parquet:37883,Севастьяновы,деревня,23.0,direct_published_census_value,/workspace/settlements-raw/data/interim/2021_tochno/data_allsettlements_anon_156_v20251217.parquet,86c197cd522e0b63669e9c6e7f43fd3d82b3704c6a126c800a9968ecd16cae14,parquet!row_1based=37883.0,True,True,False,True,True,False,atomic_NP_in_complete_published_scope,applied_complete_published_city_territorial_scope,published_complete_city_territory_scope,city_with_published_subordinates,UNKNOWN,False,False,False,False,True,False,published_closed_city_scope_Киров,2021,23.0,direct_published_census_value,/workspace/settlements-raw/data/interim/2021_tochno/data_allsettlements_anon_156_v20251217.parquet,86c197cd522e0b63669e9c6e7f43fd3d82b3704c6a126c800a9968ecd16cae14,False,,,,,,,,,,,,,,,,,,,,,,,,,,,True
published_closed_city_scope_Киров,2021.0,2021:data_allsettlements_anon_156_v20251217.parquet:parquet:37884,Сергеево,деревня,311.0,direct_published_census_value,/workspace/settlements-raw/data/interim/2021_tochno/data_allsettlements_anon_156_v20251217.parquet,86c197cd522e0b63669e9c6e7f43fd3d82b3704c6a126c800a9968ecd16cae14,parquet!row_1based=37884.0,True,True,False,True,True,False,atomic_NP_in_complete_published_scope,applied_complete_published_city_territorial_scope,published_complete_city_territory_scope,city_with_published_subordinates,UNKNOWN,False,False,False,False,True,False,published_closed_city_scope_Киров,2021,311.0,direct_published_census_value,/workspace/settlements-raw/data/interim/2021_tochno/data_allsettlements_anon_156_v20251217.parquet,86c197cd522e0b63669e9c6e7f43fd3d82b3704c6a126c800a9968ecd16cae14,False,,,,,,,,,,,,,,,,,,,,,,,,,,,True
published_closed_city_scope_Киров,2021.0,2021:data_allsettlements_anon_156_v20251217.parquet:parquet:37885,Сосновый,посёлок,329.0,direct_published_census_value,/workspace/settlements-raw/data/interim/2021_tochno/data_allsettlements_anon_156_v20251217.parquet,86c197cd522e0b63669e9c6e7f43fd3d82b3704c6a126c800a9968ecd16cae14,parquet!row_1based=37885.0,True,True,False,True,True,False,atomic_NP_in_complete_published_scope,applied_complete_published_city_territorial_scope,published_complete_city_territory_scope,city_with_published_subordinates,UNKNOWN,False,False,False,False,True,False,published_closed_city_scope_Киров,2021,329.0,direct_published_census_value,/workspace/settlements-raw/data/interim/2021_tochno/data_allsettlements_anon_156_v20251217.parquet,86c197cd522e0b63669e9c6e7f43fd3d82b3704c6a126c800a9968ecd16cae14,False,,,,,,,,,,,,,,,,,,,,,,,,,,,True
published_closed_city_scope_Киров,2021.0,2021:data_allsettlements_anon_156_v20251217.parquet:parquet:37886,Студенец,деревня,14.0,direct_published_census_value,/workspace/settlements-raw/data/interim/2021_tochno/data_allsettlements_anon_156_v20251217.parquet,86c197cd522e0b63669e9c6e7f43fd3d82b3704c6a126c800a9968ecd16cae14,parquet!row_1based=37886.0,True,True,False,True,True,False,atomic_NP_in_complete_published_scope,applied_complete_published_city_territorial_scope,published_complete_city_territory_scope,city_with_published_subordinates,UNKNOWN,False,False,False,False,True,False,published_closed_city_scope_Киров,2021,14.0,direct_published_census_value,/workspace/settlements-raw/data/interim/2021_tochno/data_allsettlements_anon_156_v20251217.parquet,86c197cd522e0b63669e9c6e7f43fd3d82b3704c6a126c800a9968ecd16cae14,False,,,,,,,,,,,,,,,,,,,,,,,,,,,True
published_closed_city_scope_Киров,2021.0,2021:data_allsettlements_anon_156_v20251217.parquet:parquet:37887,Сумароки,деревня,17.0,direct_published_census_value,/workspace/settlements-raw/data/interim/2021_tochno/data_allsettlements_anon_156_v20251217.parquet,86c197cd522e0b63669e9c6e7f43fd3d82b3704c6a126c800a9968ecd16cae14,parquet!row_1based=37887.0,True,True,False,True,True,False,atomic_NP_in_complete_published_scope,applied_complete_published_city_territorial_scope,published_complete_city_territory_scope,city_with_published_subordinates,UNKNOWN,False,False,False,False,True,False,published_closed_city_scope_Киров,2021,17.0,direct_published_census_value,/workspace/settlements-raw/data/interim/2021_tochno/data_allsettlements_anon_156_v20251217.parquet,86c197cd522e0b63669e9c6e7f43fd3d82b3704c6a126c800a9968ecd16cae14,False,,,,,,,,,,,,,,,,,,,,,,,,,,,True
published_closed_city_scope_Киров,2021.0,2021:data_allsettlements_anon_156_v20251217.parquet:parquet:37888,Тростинка,железнодорожный объект,0.0,direct_published_census_value,/workspace/settlements-raw/data/interim/2021_tochno/data_allsettlements_anon_156_v20251217.parquet,86c197cd522e0b63669e9c6e7f43fd3d82b3704c6a126c800a9968ecd16cae14,parquet!row_1based=37888.0,True,True,False,False,False,False,atomic_NP_in_complete_published_scope,applied_complete_published_city_territorial_scope,published_complete_city_territory_scope,city_with_published_subordinates,UNKNOWN,False,False,False,False,True,False,published_closed_city_scope_Киров,2021,0.0,direct_published_census_value,/workspace/settlements-raw/data/interim/2021_tochno/data_allsettlements_anon_156_v20251217.parquet,86c197cd522e0b63669e9c6e7f43fd3d82b3704c6a126c800a9968ecd16cae14,False,,,,,,,,,,,,,,,,,,,,,,,,,,,False
published_closed_city_scope_Киров,2021.0,2021:data_allsettlements_anon_156_v20251217.parquet:parquet:37889,Удаловщина,деревня,0.0,direct_published_census_value,/workspace/settlements-raw/data/interim/2021_tochno/data_allsettlements_anon_156_v20251217.parquet,86c197cd522e0b63669e9c6e7f43fd3d82b3704c6a126c800a9968ecd16cae14,parquet!row_1based=37889.0,True,True,False,True,True,False,atomic_NP_in_complete_published_scope,applied_complete_published_city_territorial_scope,published_complete_city_territory_scope,city_with_published_subordinates,UNKNOWN,False,False,False,False,True,False,published_closed_city_scope_Киров,2021,0.0,direct_published_census_value,/workspace/settlements-raw/data/interim/2021_tochno/data_allsettlements_anon_156_v20251217.parquet,86c197cd522e0b63669e9c6e7f43fd3d82b3704c6a126c800a9968ecd16cae14,False,,,,,,,,,,,,,,,,,,,,,,,,,,,True
published_closed_city_scope_Киров,2021.0,2021:data_allsettlements_anon_156_v20251217.parquet:parquet:37890,Хабаровы,деревня,82.0,direct_published_census_value,/workspace/settlements-raw/data/interim/2021_tochno/data_allsettlements_anon_156_v20251217.parquet,86c197cd522e0b63669e9c6e7f43fd3d82b3704c6a126c800a9968ecd16cae14,parquet!row_1based=37890.0,True,True,False,True,True,False,atomic_NP_in_complete_published_scope,applied_complete_published_city_territorial_scope,published_complete_city_territory_scope,city_with_published_subordinates,UNKNOWN,False,False,False,False,True,False,published_closed_city_scope_Киров,2021,82.0,direct_published_census_value,/workspace/settlements-raw/data/interim/2021_tochno/data_allsettlements_anon_156_v20251217.parquet,86c197cd522e0b63669e9c6e7f43fd3d82b3704c6a126c800a9968ecd16cae14,False,,,,,,,,,,,,,,,,,,,,,,,,,,,True
published_closed_city_scope_Киров,2021.0,2021:data_allsettlements_anon_156_v20251217.parquet:parquet:37891,Чарушины,деревня,52.0,direct_published_census_value,/workspace/settlements-raw/data/interim/2021_tochno/data_allsettlements_anon_156_v20251217.parquet,86c197cd522e0b63669e9c6e7f43fd3d82b3704c6a126c800a9968ecd16cae14,parquet!row_1based=37891.0,True,True,False,True,True,False,atomic_NP_in_complete_published_scope,applied_complete_published_city_territorial_scope,published_complete_city_territory_scope,city_with_published_subordinates,UNKNOWN,False,False,False,False,True,False,published_closed_city_scope_Киров,2021,52.0,direct_published_census_value,/workspace/settlements-raw/data/interim/2021_tochno/data_allsettlements_anon_156_v20251217.parquet,86c197cd522e0b63669e9c6e7f43fd3d82b3704c6a126c800a9968ecd16cae14,False,,,,,,,,,,,,,,,,,,,,,,,,,,,True
published_closed_city_scope_Киров,2021.0,2021:data_allsettlements_anon_156_v20251217.parquet:parquet:37892,Шубино,деревня,261.0,direct_published_census_value,/workspace/settlements-raw/data/interim/2021_tochno/data_allsettlements_anon_156_v20251217.parquet,86c197cd522e0b63669e9c6e7f43fd3d82b3704c6a126c800a9968ecd16cae14,parquet!row_1based=37892.0,True,True,False,False,True,False,atomic_NP_in_complete_published_scope,applied_complete_published_city_territorial_scope,published_complete_city_territory_scope,city_with_published_subordinates,UNKNOWN,False,False,False,False,True,False,published_closed_city_scope_Киров,2021,261.0,direct_published_census_value,/workspace/settlements-raw/data/interim/2021_tochno/data_allsettlements_anon_156_v20251217.parquet,86c197cd522e0b63669e9c6e7f43fd3d82b3704c6a126c800a9968ecd16cae14,False,,,,,,,,,,,,,,,,,,,,,,,,,,,False
published_closed_city_scope_Киров,2021.0,2021:data_allsettlements_anon_156_v20251217.parquet:parquet:37893,Эсауловы,деревня,7.0,direct_published_census_value,/workspace/settlements-raw/data/interim/2021_tochno/data_allsettlements_anon_156_v20251217.parquet,86c197cd522e0b63669e9c6e7f43fd3d82b3704c6a126c800a9968ecd16cae14,parquet!row_1based=37893.0,True,True,False,True,True,False,atomic_NP_in_complete_published_scope,applied_complete_published_city_territorial_scope,published_complete_city_territory_scope,city_with_published_subordinates,UNKNOWN,False,False,False,False,True,False,published_closed_city_scope_Киров,2021,7.0,direct_published_census_value,/workspace/settlements-raw/data/interim/2021_tochno/data_allsettlements_anon_156_v20251217.parquet,86c197cd522e0b63669e9c6e7f43fd3d82b3704c6a126c800a9968ecd16cae14,False,,,,,,,,,,,,,,,,,,,,,,,,,,,True
published_closed_city_scope_Киров,2021.0,2021:data_allsettlements_anon_156_v20251217.parquet:parquet:37894,Ямново,деревня,6.0,direct_published_census_value,/workspace/settlements-raw/data/interim/2021_tochno/data_allsettlements_anon_156_v20251217.parquet,86c197cd522e0b63669e9c6e7f43fd3d82b3704c6a126c800a9968ecd16cae14,parquet!row_1based=37894.0,True,True,False,True,True,False,atomic_NP_in_complete_published_scope,applied_complete_published_city_territorial_scope,published_complete_city_territory_scope,city_with_published_subordinates,UNKNOWN,False,False,False,False,True,False,published_closed_city_scope_Киров,2021,6.0,direct_published_census_value,/workspace/settlements-raw/data/interim/2021_tochno/data_allsettlements_anon_156_v20251217.parquet,86c197cd522e0b63669e9c6e7f43fd3d82b3704c6a126c800a9968ecd16cae14,False,,,,,,,,,,,,,,,,,,,,,,,,,,,True
published_closed_city_scope_Киров,2021.0,2021:data_allsettlements_anon_156_v20251217.parquet:parquet:37895,14 км,железнодорожный объект,0.0,direct_published_census_value,/workspace/settlements-raw/data/interim/2021_tochno/data_allsettlements_anon_156_v20251217.parquet,86c197cd522e0b63669e9c6e7f43fd3d82b3704c6a126c800a9968ecd16cae14,parquet!row_1based=37895.0,True,True,False,False,False,False,atomic_NP_in_complete_published_scope,applied_complete_published_city_territorial_scope,published_complete_city_territory_scope,city_with_published_subordinates,UNKNOWN,False,False,False,False,True,False,published_closed_city_scope_Киров,2021,0.0,direct_published_census_value,/workspace/settlements-raw/data/interim/2021_tochno/data_allsettlements_anon_156_v20251217.parquet,86c197cd522e0b63669e9c6e7f43fd3d82b3704c6a126c800a9968ecd16cae14,False,,,,,,,,,,,,,,,,,,,,,,,,,,,False
published_closed_city_scope_Киров,2021.0,2021:data_allsettlements_anon_156_v20251217.parquet:parquet:37896,17 км,железнодорожный объект,3.0,direct_published_census_value,/workspace/settlements-raw/data/interim/2021_tochno/data_allsettlements_anon_156_v20251217.parquet,86c197cd522e0b63669e9c6e7f43fd3d82b3704c6a126c800a9968ecd16cae14,parquet!row_1based=37896.0,True,True,False,False,False,False,atomic_NP_in_complete_published_scope,applied_complete_published_city_territorial_scope,published_complete_city_territory_scope,city_with_published_subordinates,UNKNOWN,False,False,False,False,True,False,published_closed_city_scope_Киров,2021,3.0,direct_published_census_value,/workspace/settlements-raw/data/interim/2021_tochno/data_allsettlements_anon_156_v20251217.parquet,86c197cd522e0b63669e9c6e7f43fd3d82b3704c6a126c800a9968ecd16cae14,False,,,,,,,,,,,,,,,,,,,,,,,,,,,False
published_closed_city_scope_Киров,2021.0,2021:data_allsettlements_anon_156_v20251217.parquet:parquet:37898,Богородская,деревня,714.0,direct_published_census_value,/workspace/settlements-raw/data/interim/2021_tochno/data_allsettlements_anon_156_v20251217.parquet,86c197cd522e0b63669e9c6e7f43fd3d82b3704c6a126c800a9968ecd16cae14,parquet!row_1based=37898.0,True,True,False,True,True,False,atomic_NP_in_complete_published_scope,applied_complete_published_city_territorial_scope,published_complete_city_territory_scope,city_with_published_subordinates,UNKNOWN,False,False,False,False,True,False,published_closed_city_scope_Киров,2021,714.0,direct_published_census_value,/workspace/settlements-raw/data/interim/2021_tochno/data_allsettlements_anon_156_v20251217.parquet,86c197cd522e0b63669e9c6e7f43fd3d82b3704c6a126c800a9968ecd16cae14,False,,,,,,,,,,,,,,,,,,,,,,,,,,,True
published_closed_city_scope_Киров,2021.0,2021:data_allsettlements_anon_156_v20251217.parquet:parquet:37899,Большая Субботиха,деревня,613.0,direct_published_census_value,/workspace/settlements-raw/data/interim/2021_tochno/data_allsettlements_anon_156_v20251217.parquet,86c197cd522e0b63669e9c6e7f43fd3d82b3704c6a126c800a9968ecd16cae14,parquet!row_1based=37899.0,True,True,False,True,True,False,atomic_NP_in_complete_published_scope,applied_complete_published_city_territorial_scope,published_complete_city_territory_scope,city_with_published_subordinates,UNKNOWN,False,False,False,False,True,False,published_closed_city_scope_Киров,2021,613.0,direct_published_census_value,/workspace/settlements-raw/data/interim/2021_tochno/data_allsettlements_anon_156_v20251217.parquet,86c197cd522e0b63669e9c6e7f43fd3d82b3704c6a126c800a9968ecd16cae14,False,,,,,,,,,,,,,,,,,,,,,,,,,,,True
published_closed_city_scope_Киров,2021.0,2021:data_allsettlements_anon_156_v20251217.parquet:parquet:37900,Гнусино,деревня,727.0,direct_published_census_value,/workspace/settlements-raw/data/interim/2021_tochno/data_allsettlements_anon_156_v20251217.parquet,86c197cd522e0b63669e9c6e7f43fd3d82b3704c6a126c800a9968ecd16cae14,parquet!row_1based=37900.0,True,True,False,True,True,False,atomic_NP_in_complete_published_scope,applied_complete_published_city_territorial_scope,published_complete_city_territory_scope,city_with_published_subordinates,UNKNOWN,False,False,False,False,True,False,published_closed_city_scope_Киров,2021,727.0,direct_published_census_value,/workspace/settlements-raw/data/interim/2021_tochno/data_allsettlements_anon_156_v20251217.parquet,86c197cd522e0b63669e9c6e7f43fd3d82b3704c6a126c800a9968ecd16cae14,False,,,,,,,,,,,,,,,,,,,,,,,,,,,True
published_closed_city_scope_Киров,2021.0,2021:data_allsettlements_anon_156_v20251217.parquet:parquet:37901,Малая Субботиха,деревня,873.0,direct_published_census_value,/workspace/settlements-raw/data/interim/2021_tochno/data_allsettlements_anon_156_v20251217.parquet,86c197cd522e0b63669e9c6e7f43fd3d82b3704c6a126c800a9968ecd16cae14,parquet!row_1based=37901.0,True,True,False,True,True,False,atomic_NP_in_complete_published_scope,applied_complete_published_city_territorial_scope,published_complete_city_territory_scope,city_with_published_subordinates,UNKNOWN,False,False,False,False,True,False,published_closed_city_scope_Киров,2021,873.0,direct_published_census_value,/workspace/settlements-raw/data/interim/2021_tochno/data_allsettlements_anon_156_v20251217.parquet,86c197cd522e0b63669e9c6e7f43fd3d82b3704c6a126c800a9968ecd16cae14,False,,,,,,,,,,,,,,,,,,,,,,,,,,,True
published_closed_city_scope_Киров,2021.0,2021:data_allsettlements_anon_156_v20251217.parquet:parquet:37902,Порошино,село,1102.0,direct_published_census_value,/workspace/settlements-raw/data/interim/2021_tochno/data_allsettlements_anon_156_v20251217.parquet,86c197cd522e0b63669e9c6e7f43fd3d82b3704c6a126c800a9968ecd16cae14,parquet!row_1based=37902.0,True,True,False,True,True,False,atomic_NP_in_complete_published_scope,applied_complete_published_city_territorial_scope,published_complete_city_territory_scope,city_with_published_subordinates,UNKNOWN,False,False,False,False,True,False,published_closed_city_scope_Киров,2021,1102.0,direct_published_census_value,/workspace/settlements-raw/data/interim/2021_tochno/data_allsettlements_anon_156_v20251217.parquet,86c197cd522e0b63669e9c6e7f43fd3d82b3704c6a126c800a9968ecd16cae14,False,,,,,,,,,,,,,,,,,,,,,,,,,,,True
published_closed_city_scope_Киров,2021.0,2021:data_allsettlements_anon_156_v20251217.parquet:parquet:37903,Сидоровка,посёлок,725.0,direct_published_census_value,/workspace/settlements-raw/data/interim/2021_tochno/data_allsettlements_anon_156_v20251217.parquet,86c197cd522e0b63669e9c6e7f43fd3d82b3704c6a126c800a9968ecd16cae14,parquet!row_1based=37903.0,True,True,False,True,True,False,atomic_NP_in_complete_published_scope,applied_complete_published_city_territorial_scope,published_complete_city_territory_scope,city_with_published_subordinates,UNKNOWN,False,False,False,False,True,False,published_closed_city_scope_Киров,2021,725.0,direct_published_census_value,/workspace/settlements-raw/data/interim/2021_tochno/data_allsettlements_anon_156_v20251217.parquet,86c197cd522e0b63669e9c6e7f43fd3d82b3704c6a126c800a9968ecd16cae14,False,,,,,,,,,,,,,,,,,,,,,,,,,,,True
published_closed_city_scope_Якутск,2002.0,2002:1_TOM_01_04.xls:0:9749,Якутск,город,210642.0,direct_published_census_value,/workspace/settlements-raw/data/raw/2002_official_tom1/1_TOM_01_04.xls,745a24599719c877a8ddf015aadf22d3cb859444819a32f8197ae525d91483f3,0!row_1based=9749.0,True,True,False,True,True,False,atomic_NP_in_complete_published_scope,applied_complete_published_city_territorial_scope,published_complete_city_territory_scope,city_with_published_subordinates,UNKNOWN,False,False,False,False,True,False,published_closed_city_scope_Якутск,2002,210642.0,direct_published_census_value,/workspace/settlements-raw/data/raw/2002_official_tom1/1_TOM_01_04.xls,745a24599719c877a8ddf015aadf22d3cb859444819a32f8197ae525d91483f3,False,,,,,,,,,,,,,,,,,,,,,,,,,,,True
published_closed_city_scope_Якутск,2002.0,2002:1_TOM_01_04.xls:0:9750,Жатай,пгт,8405.0,direct_published_census_value,/workspace/settlements-raw/data/raw/2002_official_tom1/1_TOM_01_04.xls,745a24599719c877a8ddf015aadf22d3cb859444819a32f8197ae525d91483f3,0!row_1based=9750.0,True,True,False,True,True,False,atomic_NP_in_complete_published_scope,applied_complete_published_city_territorial_scope,published_complete_city_territory_scope,city_with_published_subordinates,UNKNOWN,False,False,False,False,True,False,published_closed_city_scope_Якутск,2002,8405.0,direct_published_census_value,/workspace/settlements-raw/data/raw/2002_official_tom1/1_TOM_01_04.xls,745a24599719c877a8ddf015aadf22d3cb859444819a32f8197ae525d91483f3,False,,,,,,,,,,,,,,,,,,,,,,,,,,,True
published_closed_city_scope_Якутск,2002.0,2002:1_TOM_01_04.xls:0:9751,Кангалассы,пгт,1779.0,direct_published_census_value,/workspace/settlements-raw/data/raw/2002_official_tom1/1_TOM_01_04.xls,745a24599719c877a8ddf015aadf22d3cb859444819a32f8197ae525d91483f3,0!row_1based=9751.0,True,True,False,False,False,False,atomic_NP_in_complete_published_scope,applied_complete_published_city_territorial_scope,published_complete_city_territory_scope,city_with_published_subordinates,UNKNOWN,False,False,False,False,True,False,published_closed_city_scope_Якутск,2002,1779.0,direct_published_census_value,/workspace/settlements-raw/data/raw/2002_official_tom1/1_TOM_01_04.xls,745a24599719c877a8ddf015aadf22d3cb859444819a32f8197ae525d91483f3,False,,,,,,,,,,,,,,,,,,,,,,,,,,,False
published_closed_city_scope_Якутск,2002.0,2002:1_TOM_01_04.xls:0:9752,Маган,пгт,1743.0,direct_published_census_value,/workspace/settlements-raw/data/raw/2002_official_tom1/1_TOM_01_04.xls,745a24599719c877a8ddf015aadf22d3cb859444819a32f8197ae525d91483f3,0!row_1based=9752.0,True,True,False,True,True,False,atomic_NP_in_complete_published_scope,applied_complete_published_city_territorial_scope,published_complete_city_territory_scope,city_with_published_subordinates,UNKNOWN,False,False,False,False,True,False,published_closed_city_scope_Якутск,2002,1743.0,direct_published_census_value,/workspace/settlements-raw/data/raw/2002_official_tom1/1_TOM_01_04.xls,745a24599719c877a8ddf015aadf22d3cb859444819a32f8197ae525d91483f3,False,,,,,,,,,,,,,,,,,,,,,,,,,,,True
published_closed_city_scope_Якутск,2002.0,2002:1_TOM_01_04.xls:0:9753,Марха,пгт,12041.0,direct_published_census_value,/workspace/settlements-raw/data/raw/2002_official_tom1/1_TOM_01_04.xls,745a24599719c877a8ddf015aadf22d3cb859444819a32f8197ae525d91483f3,0!row_1based=9753.0,True,True,False,False,False,False,atomic_NP_in_complete_published_scope,applied_complete_published_city_territorial_scope,published_complete_city_territory_scope,city_with_published_subordinates,UNKNOWN,False,False,False,False,True,False,published_closed_city_scope_Якутск,2002,12041.0,direct_published_census_value,/workspace/settlements-raw/data/raw/2002_official_tom1/1_TOM_01_04.xls,745a24599719c877a8ddf015aadf22d3cb859444819a32f8197ae525d91483f3,False,,,,,,,,,,,,,,,,,,,,,,,,,,,False
published_closed_city_scope_Якутск,2002.0,2002:1_TOM_01_04.xls:0:9754,Табага,пгт,3746.0,direct_published_census_value,/workspace/settlements-raw/data/raw/2002_official_tom1/1_TOM_01_04.xls,745a24599719c877a8ddf015aadf22d3cb859444819a32f8197ae525d91483f3,0!row_1based=9754.0,True,True,False,False,False,False,atomic_NP_in_complete_published_scope,applied_complete_published_city_territorial_scope,published_complete_city_territory_scope,city_with_published_subordinates,UNKNOWN,False,False,False,False,True,False,published_closed_city_scope_Якутск,2002,3746.0,direct_published_census_value,/workspace/settlements-raw/data/raw/2002_official_tom1/1_TOM_01_04.xls,745a24599719c877a8ddf015aadf22d3cb859444819a32f8197ae525d91483f3,False,,,,,,,,,,,,,,,,,,,,,,,,,,,False
published_closed_city_scope_Якутск,2002.0,2002:078_8405ea8fce_Yakutia.xls:Sheet1:11,Хатассы,село,3800.0,direct_published_census_value,/workspace/settlements-raw/data/raw/2002/078_8405ea8fce_Yakutia.xls,6e51ccd10b7f10c625e6ed138a892859bee3f08423ddedc19e991b59ef299271,Sheet1!row_1based=11.0,True,True,False,True,True,False,atomic_NP_in_complete_published_scope,applied_complete_published_city_territorial_scope,published_complete_city_territory_scope,city_with_published_subordinates,UNKNOWN,False,False,False,False,True,False,published_closed_city_scope_Якутск,2002,3800.0,direct_published_census_value,/workspace/settlements-raw/data/raw/2002/078_8405ea8fce_Yakutia.xls,6e51ccd10b7f10c625e6ed138a892859bee3f08423ddedc19e991b59ef299271,False,,,,,,,,,,,,,,,,,,,,,,,,,,,True
published_closed_city_scope_Якутск,2002.0,2002:078_8405ea8fce_Yakutia.xls:Sheet1:13,Владимировка,село,204.0,direct_published_census_value,/workspace/settlements-raw/data/raw/2002/078_8405ea8fce_Yakutia.xls,6e51ccd10b7f10c625e6ed138a892859bee3f08423ddedc19e991b59ef299271,Sheet1!row_1based=13.0,True,True,False,True,True,False,atomic_NP_in_complete_published_scope,applied_complete_published_city_territorial_scope,published_complete_city_territory_scope,city_with_published_subordinates,UNKNOWN,False,False,False,False,True,False,published_closed_city_scope_Якутск,2002,204.0,direct_published_census_value,/workspace/settlements-raw/data/raw/2002/078_8405ea8fce_Yakutia.xls,6e51ccd10b7f10c625e6ed138a892859bee3f08423ddedc19e991b59ef299271,False,,,,,,,,,,,,,,,,,,,,,,,,,,,True
published_closed_city_scope_Якутск,2002.0,2002:078_8405ea8fce_Yakutia.xls:Sheet1:14,Пригородный,село,779.0,direct_published_census_value,/workspace/settlements-raw/data/raw/2002/078_8405ea8fce_Yakutia.xls,6e51ccd10b7f10c625e6ed138a892859bee3f08423ddedc19e991b59ef299271,Sheet1!row_1based=14.0,True,True,False,True,True,False,atomic_NP_in_complete_published_scope,applied_complete_published_city_territorial_scope,published_complete_city_territory_scope,city_with_published_subordinates,UNKNOWN,False,False,False,False,True,False,published_closed_city_scope_Якутск,2002,779.0,direct_published_census_value,/workspace/settlements-raw/data/raw/2002/078_8405ea8fce_Yakutia.xls,6e51ccd10b7f10c625e6ed138a892859bee3f08423ddedc19e991b59ef299271,False,,,,,,,,,,,,,,,,,,,,,,,,,,,True
published_closed_city_scope_Якутск,2002.0,2002:078_8405ea8fce_Yakutia.xls:Sheet1:16,Намцыр,село,0.0,direct_published_census_value,/workspace/settlements-raw/data/raw/2002/078_8405ea8fce_Yakutia.xls,6e51ccd10b7f10c625e6ed138a892859bee3f08423ddedc19e991b59ef299271,Sheet1!row_1based=16.0,True,True,False,False,False,False,atomic_NP_in_complete_published_scope,applied_complete_published_city_territorial_scope,published_complete_city_territory_scope,city_with_published_subordinates,UNKNOWN,False,False,False,False,True,False,published_closed_city_scope_Якутск,2002,0.0,direct_published_census_value,/workspace/settlements-raw/data/raw/2002/078_8405ea8fce_Yakutia.xls,6e51ccd10b7f10c625e6ed138a892859bee3f08423ddedc19e991b59ef299271,False,,,,,,,,,,,,,,,,,,,,,,,,,,,False
published_closed_city_scope_Якутск,2002.0,2002:078_8405ea8fce_Yakutia.xls:Sheet1:5,Тулагино,село,1231.0,direct_published_census_value,/workspace/settlements-raw/data/raw/2002/078_8405ea8fce_Yakutia.xls,6e51ccd10b7f10c625e6ed138a892859bee3f08423ddedc19e991b59ef299271,Sheet1!row_1based=5.0,True,True,False,True,True,False,atomic_NP_in_complete_published_scope,applied_complete_published_city_territorial_scope,published_complete_city_territory_scope,city_with_published_subordinates,UNKNOWN,False,False,False,False,True,False,published_closed_city_scope_Якутск,2002,1231.0,direct_published_census_value,/workspace/settlements-raw/data/raw/2002/078_8405ea8fce_Yakutia.xls,6e51ccd10b7f10c625e6ed138a892859bee3f08423ddedc19e991b59ef299271,False,,,,,,,,,,,,,,,,,,,,,,,,,,,True
published_closed_city_scope_Якутск,2002.0,2002:078_8405ea8fce_Yakutia.xls:Sheet1:6,Сырдах,село,639.0,direct_published_census_value,/workspace/settlements-raw/data/raw/2002/078_8405ea8fce_Yakutia.xls,6e51ccd10b7f10c625e6ed138a892859bee3f08423ddedc19e991b59ef299271,Sheet1!row_1based=6.0,True,True,False,False,False,False,atomic_NP_in_complete_published_scope,applied_complete_published_city_territorial_scope,published_complete_city_territory_scope,city_with_published_subordinates,UNKNOWN,False,False,False,False,True,False,published_closed_city_scope_Якутск,2002,639.0,direct_published_census_value,/workspace/settlements-raw/data/raw/2002/078_8405ea8fce_Yakutia.xls,6e51ccd10b7f10c625e6ed138a892859bee3f08423ddedc19e991b59ef299271,False,,,,,,,,,,,,,,,,,,,,,,,,,,,False
published_closed_city_scope_Якутск,2002.0,2002:078_8405ea8fce_Yakutia.xls:Sheet1:7,Капитоновка,село,945.0,direct_published_census_value,/workspace/settlements-raw/data/raw/2002/078_8405ea8fce_Yakutia.xls,6e51ccd10b7f10c625e6ed138a892859bee3f08423ddedc19e991b59ef299271,Sheet1!row_1based=7.0,True,True,False,True,True,False,atomic_NP_in_complete_published_scope,applied_complete_published_city_territorial_scope,published_complete_city_territory_scope,city_with_published_subordinates,UNKNOWN,False,False,False,False,True,False,published_closed_city_scope_Якутск,2002,945.0,direct_published_census_value,/workspace/settlements-raw/data/raw/2002/078_8405ea8fce_Yakutia.xls,6e51ccd10b7f10c625e6ed138a892859bee3f08423ddedc19e991b59ef299271,False,,,,,,,,,,,,,,,,,,,,,,,,,,,True
published_closed_city_scope_Якутск,2002.0,2002:078_8405ea8fce_Yakutia.xls:Sheet1:8,Кильдемцы,село,325.0,direct_published_census_value,/workspace/settlements-raw/data/raw/2002/078_8405ea8fce_Yakutia.xls,6e51ccd10b7f10c625e6ed138a892859bee3f08423ddedc19e991b59ef299271,Sheet1!row_1based=8.0,True,True,False,True,True,False,atomic_NP_in_complete_published_scope,applied_complete_published_city_territorial_scope,published_complete_city_territory_scope,city_with_published_subordinates,UNKNOWN,False,False,False,False,True,False,published_closed_city_scope_Якутск,2002,325.0,direct_published_census_value,/workspace/settlements-raw/data/raw/2002/078_8405ea8fce_Yakutia.xls,6e51ccd10b7f10c625e6ed138a892859bee3f08423ddedc19e991b59ef299271,False,,,,,,,,,,,,,,,,,,,,,,,,,,,True
published_closed_city_scope_Якутск,2010.0,2010:pub-11-1-4.pdf:pdf_page_20:35,Якутск,город,269601.0,direct_official_city_value,/workspace/settlements-raw/data/raw/2010_official_tom11/pub-11-1-4.pdf,db2528e6db3c6089351bd09d253c9dfa607e2f2dff6cc45d1174fb21fa96d500,pdf_page_20!row_1based=35.0,True,True,False,True,True,False,atomic_NP_in_complete_published_scope,applied_complete_published_city_territorial_scope,published_complete_city_territory_scope,city_with_published_subordinates,UNKNOWN,False,False,False,False,True,False,published_closed_city_scope_Якутск,2010,269601.0,direct_official_city_value,/workspace/settlements-raw/data/raw/2010_official_tom11/pub-11-1-4.pdf,db2528e6db3c6089351bd09d253c9dfa607e2f2dff6cc45d1174fb21fa96d500,False,,,,,,,,,,,,,,,,,,,,,,,,,,,True
published_closed_city_scope_Якутск,2010.0,2010:009_81f8a0e73c_17._20ДВ_ФО_2010.xls:ДВ:2848,Жатай,пгт,9496.0,secondary_confidentiality_protected_value_exact_scope_unverified,/workspace/settlements-raw/data/raw/2010/009_81f8a0e73c_17._20ДВ_ФО_2010.xls,a8fd7aa55513e73a205ebff1da2ce35fd8ca0f61c286e54491cf49c6132470c4,ДВ!row_1based=2848.0,True,True,False,True,True,False,atomic_NP_in_complete_published_scope,applied_complete_published_city_territorial_scope,published_complete_city_territory_scope,city_with_published_subordinates,UNKNOWN,False,False,False,False,True,False,published_closed_city_scope_Якутск,2010,9496.0,secondary_confidentiality_protected_value_exact_scope_unverified,/workspace/settlements-raw/data/raw/2010/009_81f8a0e73c_17._20ДВ_ФО_2010.xls,a8fd7aa55513e73a205ebff1da2ce35fd8ca0f61c286e54491cf49c6132470c4,False,,,,,,,,,,,,,,,,,,,,,,,,,,,True
published_closed_city_scope_Якутск,2010.0,2010:009_81f8a0e73c_17._20ДВ_ФО_2010.xls:ДВ:2849,Маган,село,1862.0,secondary_confidentiality_protected_value_exact_scope_unverified,/workspace/settlements-raw/data/raw/2010/009_81f8a0e73c_17._20ДВ_ФО_2010.xls,a8fd7aa55513e73a205ebff1da2ce35fd8ca0f61c286e54491cf49c6132470c4,ДВ!row_1based=2849.0,True,True,False,True,True,False,atomic_NP_in_complete_published_scope,applied_complete_published_city_territorial_scope,published_complete_city_territory_scope,city_with_published_subordinates,UNKNOWN,False,False,False,False,True,False,published_closed_city_scope_Якутск,2010,1862.0,secondary_confidentiality_protected_value_exact_scope_unverified,/workspace/settlements-raw/data/raw/2010/009_81f8a0e73c_17._20ДВ_ФО_2010.xls,a8fd7aa55513e73a205ebff1da2ce35fd8ca0f61c286e54491cf49c6132470c4,False,,,,,,,,,,,,,,,,,,,,,,,,,,,True
published_closed_city_scope_Якутск,2010.0,2010:009_81f8a0e73c_17._20ДВ_ФО_2010.xls:ДВ:2850,Старая Табага,село,693.0,secondary_confidentiality_protected_value_exact_scope_unverified,/workspace/settlements-raw/data/raw/2010/009_81f8a0e73c_17._20ДВ_ФО_2010.xls,a8fd7aa55513e73a205ebff1da2ce35fd8ca0f61c286e54491cf49c6132470c4,ДВ!row_1based=2850.0,True,True,False,True,True,False,atomic_NP_in_complete_published_scope,applied_complete_published_city_territorial_scope,published_complete_city_territory_scope,city_with_published_subordinates,UNKNOWN,False,False,False,False,True,False,published_closed_city_scope_Якутск,2010,693.0,secondary_confidentiality_protected_value_exact_scope_unverified,/workspace/settlements-raw/data/raw/2010/009_81f8a0e73c_17._20ДВ_ФО_2010.xls,a8fd7aa55513e73a205ebff1da2ce35fd8ca0f61c286e54491cf49c6132470c4,False,,,,,,,,,,,,,,,,,,,,,,,,,,,True
published_closed_city_scope_Якутск,2010.0,2010:009_81f8a0e73c_17._20ДВ_ФО_2010.xls:ДВ:2851,Табага,село,2179.0,secondary_confidentiality_protected_value_exact_scope_unverified,/workspace/settlements-raw/data/raw/2010/009_81f8a0e73c_17._20ДВ_ФО_2010.xls,a8fd7aa55513e73a205ebff1da2ce35fd8ca0f61c286e54491cf49c6132470c4,ДВ!row_1based=2851.0,True,True,False,False,False,False,atomic_NP_in_complete_published_scope,applied_complete_published_city_territorial_scope,published_complete_city_territory_scope,city_with_published_subordinates,UNKNOWN,False,False,False,False,True,False,published_closed_city_scope_Якутск,2010,2179.0,secondary_confidentiality_protected_value_exact_scope_unverified,/workspace/settlements-raw/data/raw/2010/009_81f8a0e73c_17._20ДВ_ФО_2010.xls,a8fd7aa55513e73a205ebff1da2ce35fd8ca0f61c286e54491cf49c6132470c4,False,,,,,,,,,,,,,,,,,,,,,,,,,,,False
published_closed_city_scope_Якутск,2010.0,2010:009_81f8a0e73c_17._20ДВ_ФО_2010.xls:ДВ:2852,Намцыр,село,5.0,secondary_confidentiality_protected_value_exact_scope_unverified,/workspace/settlements-raw/data/raw/2010/009_81f8a0e73c_17._20ДВ_ФО_2010.xls,a8fd7aa55513e73a205ebff1da2ce35fd8ca0f61c286e54491cf49c6132470c4,ДВ!row_1based=2852.0,True,True,False,False,False,False,atomic_NP_in_complete_published_scope,applied_complete_published_city_territorial_scope,published_complete_city_territory_scope,city_with_published_subordinates,UNKNOWN,False,False,False,False,True,False,published_closed_city_scope_Якутск,2010,5.0,secondary_confidentiality_protected_value_exact_scope_unverified,/workspace/settlements-raw/data/raw/2010/009_81f8a0e73c_17._20ДВ_ФО_2010.xls,a8fd7aa55513e73a205ebff1da2ce35fd8ca0f61c286e54491cf49c6132470c4,False,,,,,,,,,,,,,,,,,,,,,,,,,,,False
published_closed_city_scope_Якутск,2010.0,2010:009_81f8a0e73c_17._20ДВ_ФО_2010.xls:ДВ:2853,Тулагино,село,1596.0,secondary_confidentiality_protected_value_exact_scope_unverified,/workspace/settlements-raw/data/raw/2010/009_81f8a0e73c_17._20ДВ_ФО_2010.xls,a8fd7aa55513e73a205ebff1da2ce35fd8ca0f61c286e54491cf49c6132470c4,ДВ!row_1based=2853.0,True,True,False,True,True,False,atomic_NP_in_complete_published_scope,applied_complete_published_city_territorial_scope,published_complete_city_territory_scope,city_with_published_subordinates,UNKNOWN,False,False,False,False,True,False,published_closed_city_scope_Якутск,2010,1596.0,secondary_confidentiality_protected_value_exact_scope_unverified,/workspace/settlements-raw/data/raw/2010/009_81f8a0e73c_17._20ДВ_ФО_2010.xls,a8fd7aa55513e73a205ebff1da2ce35fd8ca0f61c286e54491cf49c6132470c4,False,,,,,,,,,,,,,,,,,,,,,,,,,,,True
published_closed_city_scope_Якутск,2010.0,2010:009_81f8a0e73c_17._20ДВ_ФО_2010.xls:ДВ:2854,Сырдах,село,768.0,secondary_confidentiality_protected_value_exact_scope_unverified,/workspace/settlements-raw/data/raw/2010/009_81f8a0e73c_17._20ДВ_ФО_2010.xls,a8fd7aa55513e73a205ebff1da2ce35fd8ca0f61c286e54491cf49c6132470c4,ДВ!row_1based=2854.0,True,True,False,False,False,False,atomic_NP_in_complete_published_scope,applied_complete_published_city_territorial_scope,published_complete_city_territory_scope,city_with_published_subordinates,UNKNOWN,False,False,False,False,True,False,published_closed_city_scope_Якутск,2010,768.0,secondary_confidentiality_protected_value_exact_scope_unverified,/workspace/settlements-raw/data/raw/2010/009_81f8a0e73c_17._20ДВ_ФО_2010.xls,a8fd7aa55513e73a205ebff1da2ce35fd8ca0f61c286e54491cf49c6132470c4,False,,,,,,,,,,,,,,,,,,,,,,,,,,,False
published_closed_city_scope_Якутск,2010.0,2010:009_81f8a0e73c_17._20ДВ_ФО_2010.xls:ДВ:2855,Капитоновка,село,725.0,secondary_confidentiality_protected_value_exact_scope_unverified,/workspace/settlements-raw/data/raw/2010/009_81f8a0e73c_17._20ДВ_ФО_2010.xls,a8fd7aa55513e73a205ebff1da2ce35fd8ca0f61c286e54491cf49c6132470c4,ДВ!row_1based=2855.0,True,True,False,True,True,False,atomic_NP_in_complete_published_scope,applied_complete_published_city_territorial_scope,published_complete_city_territory_scope,city_with_published_subordinates,UNKNOWN,False,False,False,False,True,False,published_closed_city_scope_Якутск,2010,725.0,secondary_confidentiality_protected_value_exact_scope_unverified,/workspace/settlements-raw/data/raw/2010/009_81f8a0e73c_17._20ДВ_ФО_2010.xls,a8fd7aa55513e73a205ebff1da2ce35fd8ca0f61c286e54491cf49c6132470c4,False,,,,,,,,,,,,,,,,,,,,,,,,,,,True
published_closed_city_scope_Якутск,2010.0,2010:009_81f8a0e73c_17._20ДВ_ФО_2010.xls:ДВ:2856,Кильдемцы,село,670.0,secondary_confidentiality_protected_value_exact_scope_unverified,/workspace/settlements-raw/data/raw/2010/009_81f8a0e73c_17._20ДВ_ФО_2010.xls,a8fd7aa55513e73a205ebff1da2ce35fd8ca0f61c286e54491cf49c6132470c4,ДВ!row_1based=2856.0,True,True,False,True,True,False,atomic_NP_in_complete_published_scope,applied_complete_published_city_territorial_scope,published_complete_city_territory_scope,city_with_published_subordinates,UNKNOWN,False,False,False,False,True,False,published_closed_city_scope_Якутск,2010,670.0,secondary_confidentiality_protected_value_exact_scope_unverified,/workspace/settlements-raw/data/raw/2010/009_81f8a0e73c_17._20ДВ_ФО_2010.xls,a8fd7aa55513e73a205ebff1da2ce35fd8ca0f61c286e54491cf49c6132470c4,False,,,,,,,,,,,,,,,,,,,,,,,,,,,True
published_closed_city_scope_Якутск,2010.0,2010:009_81f8a0e73c_17._20ДВ_ФО_2010.xls:ДВ:2857,Хатассы,село,4869.0,secondary_confidentiality_protected_value_exact_scope_unverified,/workspace/settlements-raw/data/raw/2010/009_81f8a0e73c_17._20ДВ_ФО_2010.xls,a8fd7aa55513e73a205ebff1da2ce35fd8ca0f61c286e54491cf49c6132470c4,ДВ!row_1based=2857.0,True,True,False,True,True,False,atomic_NP_in_complete_published_scope,applied_complete_published_city_territorial_scope,published_complete_city_territory_scope,city_with_published_subordinates,UNKNOWN,False,False,False,False,True,False,published_closed_city_scope_Якутск,2010,4869.0,secondary_confidentiality_protected_value_exact_scope_unverified,/workspace/settlements-raw/data/raw/2010/009_81f8a0e73c_17._20ДВ_ФО_2010.xls,a8fd7aa55513e73a205ebff1da2ce35fd8ca0f61c286e54491cf49c6132470c4,False,,,,,,,,,,,,,,,,,,,,,,,,,,,True
published_closed_city_scope_Якутск,2010.0,2010:009_81f8a0e73c_17._20ДВ_ФО_2010.xls:ДВ:2858,Владимировка,село,128.0,secondary_confidentiality_protected_value_exact_scope_unverified,/workspace/settlements-raw/data/raw/2010/009_81f8a0e73c_17._20ДВ_ФО_2010.xls,a8fd7aa55513e73a205ebff1da2ce35fd8ca0f61c286e54491cf49c6132470c4,ДВ!row_1based=2858.0,True,True,False,True,True,False,atomic_NP_in_complete_published_scope,applied_complete_published_city_territorial_scope,published_complete_city_territory_scope,city_with_published_subordinates,UNKNOWN,False,False,False,False,True,False,published_closed_city_scope_Якутск,2010,128.0,secondary_confidentiality_protected_value_exact_scope_unverified,/workspace/settlements-raw/data/raw/2010/009_81f8a0e73c_17._20ДВ_ФО_2010.xls,a8fd7aa55513e73a205ebff1da2ce35fd8ca0f61c286e54491cf49c6132470c4,False,,,,,,,,,,,,,,,,,,,,,,,,,,,True
published_closed_city_scope_Якутск,2010.0,2010:009_81f8a0e73c_17._20ДВ_ФО_2010.xls:ДВ:2859,Пригородный,село,1503.0,secondary_confidentiality_protected_value_exact_scope_unverified,/workspace/settlements-raw/data/raw/2010/009_81f8a0e73c_17._20ДВ_ФО_2010.xls,a8fd7aa55513e73a205ebff1da2ce35fd8ca0f61c286e54491cf49c6132470c4,ДВ!row_1based=2859.0,True,True,False,True,True,False,atomic_NP_in_complete_published_scope,applied_complete_published_city_territorial_scope,published_complete_city_territory_scope,city_with_published_subordinates,UNKNOWN,False,False,False,False,True,False,published_closed_city_scope_Якутск,2010,1503.0,secondary_confidentiality_protected_value_exact_scope_unverified,/workspace/settlements-raw/data/raw/2010/009_81f8a0e73c_17._20ДВ_ФО_2010.xls,a8fd7aa55513e73a205ebff1da2ce35fd8ca0f61c286e54491cf49c6132470c4,False,,,,,,,,,,,,,,,,,,,,,,,,,,,True
published_closed_city_scope_Якутск,2021.0,2021:data_allsettlements_anon_156_v20251217.parquet:parquet:167105,Якутск,город,355443.0,direct_published_census_value,/workspace/settlements-raw/data/interim/2021_tochno/data_allsettlements_anon_156_v20251217.parquet,86c197cd522e0b63669e9c6e7f43fd3d82b3704c6a126c800a9968ecd16cae14,parquet!row_1based=167105.0,True,True,False,True,True,False,atomic_NP_in_complete_published_scope,applied_complete_published_city_territorial_scope,published_complete_city_territory_scope,city_with_published_subordinates,UNKNOWN,False,False,False,False,True,False,published_closed_city_scope_Якутск,2021,355443.0,direct_published_census_value,/workspace/settlements-raw/data/interim/2021_tochno/data_allsettlements_anon_156_v20251217.parquet,86c197cd522e0b63669e9c6e7f43fd3d82b3704c6a126c800a9968ecd16cae14,False,,,,,,,,,,,,,,,,,,,,,,,,,,,True
published_closed_city_scope_Якутск,2021.0,2021:data_allsettlements_anon_156_v20251217.parquet:parquet:167106,Маган,село,2129.0,direct_published_census_value,/workspace/settlements-raw/data/interim/2021_tochno/data_allsettlements_anon_156_v20251217.parquet,86c197cd522e0b63669e9c6e7f43fd3d82b3704c6a126c800a9968ecd16cae14,parquet!row_1based=167106.0,True,True,False,True,True,False,atomic_NP_in_complete_published_scope,applied_complete_published_city_territorial_scope,published_complete_city_territory_scope,city_with_published_subordinates,UNKNOWN,False,False,False,False,True,False,published_closed_city_scope_Якутск,2021,2129.0,direct_published_census_value,/workspace/settlements-raw/data/interim/2021_tochno/data_allsettlements_anon_156_v20251217.parquet,86c197cd522e0b63669e9c6e7f43fd3d82b3704c6a126c800a9968ecd16cae14,False,,,,,,,,,,,,,,,,,,,,,,,,,,,True
published_closed_city_scope_Якутск,2021.0,2021:data_allsettlements_anon_156_v20251217.parquet:parquet:167107,Старая Табага,село,616.0,direct_published_census_value,/workspace/settlements-raw/data/interim/2021_tochno/data_allsettlements_anon_156_v20251217.parquet,86c197cd522e0b63669e9c6e7f43fd3d82b3704c6a126c800a9968ecd16cae14,parquet!row_1based=167107.0,True,True,False,True,True,False,atomic_NP_in_complete_published_scope,applied_complete_published_city_territorial_scope,published_complete_city_territory_scope,city_with_published_subordinates,UNKNOWN,False,False,False,False,True,False,published_closed_city_scope_Якутск,2021,616.0,direct_published_census_value,/workspace/settlements-raw/data/interim/2021_tochno/data_allsettlements_anon_156_v20251217.parquet,86c197cd522e0b63669e9c6e7f43fd3d82b3704c6a126c800a9968ecd16cae14,False,,,,,,,,,,,,,,,,,,,,,,,,,,,True
published_closed_city_scope_Якутск,2021.0,2021:data_allsettlements_anon_156_v20251217.parquet:parquet:167108,Табага,село,2006.0,direct_published_census_value,/workspace/settlements-raw/data/interim/2021_tochno/data_allsettlements_anon_156_v20251217.parquet,86c197cd522e0b63669e9c6e7f43fd3d82b3704c6a126c800a9968ecd16cae14,parquet!row_1based=167108.0,True,True,False,True,True,False,atomic_NP_in_complete_published_scope,applied_complete_published_city_territorial_scope,published_complete_city_territory_scope,city_with_published_subordinates,UNKNOWN,False,False,False,False,True,False,published_closed_city_scope_Якутск,2021,2006.0,direct_published_census_value,/workspace/settlements-raw/data/interim/2021_tochno/data_allsettlements_anon_156_v20251217.parquet,86c197cd522e0b63669e9c6e7f43fd3d82b3704c6a126c800a9968ecd16cae14,False,,,,,,,,,,,,,,,,,,,,,,,,,,,True
published_closed_city_scope_Якутск,2021.0,2021:data_allsettlements_anon_156_v20251217.parquet:parquet:167109,Тулагино,село,2205.0,direct_published_census_value,/workspace/settlements-raw/data/interim/2021_tochno/data_allsettlements_anon_156_v20251217.parquet,86c197cd522e0b63669e9c6e7f43fd3d82b3704c6a126c800a9968ecd16cae14,parquet!row_1based=167109.0,True,True,False,True,True,False,atomic_NP_in_complete_published_scope,applied_complete_published_city_territorial_scope,published_complete_city_territory_scope,city_with_published_subordinates,UNKNOWN,False,False,False,False,True,False,published_closed_city_scope_Якутск,2021,2205.0,direct_published_census_value,/workspace/settlements-raw/data/interim/2021_tochno/data_allsettlements_anon_156_v20251217.parquet,86c197cd522e0b63669e9c6e7f43fd3d82b3704c6a126c800a9968ecd16cae14,False,,,,,,,,,,,,,,,,,,,,,,,,,,,True
published_closed_city_scope_Якутск,2021.0,2021:data_allsettlements_anon_156_v20251217.parquet:parquet:167110,Капитоновка,село,418.0,direct_published_census_value,/workspace/settlements-raw/data/interim/2021_tochno/data_allsettlements_anon_156_v20251217.parquet,86c197cd522e0b63669e9c6e7f43fd3d82b3704c6a126c800a9968ecd16cae14,parquet!row_1based=167110.0,True,True,False,True,True,False,atomic_NP_in_complete_published_scope,applied_complete_published_city_territorial_scope,published_complete_city_territory_scope,city_with_published_subordinates,UNKNOWN,False,False,False,False,True,False,published_closed_city_scope_Якутск,2021,418.0,direct_published_census_value,/workspace/settlements-raw/data/interim/2021_tochno/data_allsettlements_anon_156_v20251217.parquet,86c197cd522e0b63669e9c6e7f43fd3d82b3704c6a126c800a9968ecd16cae14,False,,,,,,,,,,,,,,,,,,,,,,,,,,,True
published_closed_city_scope_Якутск,2021.0,2021:data_allsettlements_anon_156_v20251217.parquet:parquet:167111,Кильдемцы,село,291.0,direct_published_census_value,/workspace/settlements-raw/data/interim/2021_tochno/data_allsettlements_anon_156_v20251217.parquet,86c197cd522e0b63669e9c6e7f43fd3d82b3704c6a126c800a9968ecd16cae14,parquet!row_1based=167111.0,True,True,False,True,True,False,atomic_NP_in_complete_published_scope,applied_complete_published_city_territorial_scope,published_complete_city_territory_scope,city_with_published_subordinates,UNKNOWN,False,False,False,False,True,False,published_closed_city_scope_Якутск,2021,291.0,direct_published_census_value,/workspace/settlements-raw/data/interim/2021_tochno/data_allsettlements_anon_156_v20251217.parquet,86c197cd522e0b63669e9c6e7f43fd3d82b3704c6a126c800a9968ecd16cae14,False,,,,,,,,,,,,,,,,,,,,,,,,,,,True
published_closed_city_scope_Якутск,2021.0,2021:data_allsettlements_anon_156_v20251217.parquet:parquet:167112,Сырдах,село,984.0,direct_published_census_value,/workspace/settlements-raw/data/interim/2021_tochno/data_allsettlements_anon_156_v20251217.parquet,86c197cd522e0b63669e9c6e7f43fd3d82b3704c6a126c800a9968ecd16cae14,parquet!row_1based=167112.0,True,True,False,False,True,False,atomic_NP_in_complete_published_scope,applied_complete_published_city_territorial_scope,published_complete_city_territory_scope,city_with_published_subordinates,UNKNOWN,False,False,False,False,True,False,published_closed_city_scope_Якутск,2021,984.0,direct_published_census_value,/workspace/settlements-raw/data/interim/2021_tochno/data_allsettlements_anon_156_v20251217.parquet,86c197cd522e0b63669e9c6e7f43fd3d82b3704c6a126c800a9968ecd16cae14,False,,,,,,,,,,,,,,,,,,,,,,,,,,,False
published_closed_city_scope_Якутск,2021.0,2021:data_allsettlements_anon_156_v20251217.parquet:parquet:167113,Хатассы,село,5470.0,direct_published_census_value,/workspace/settlements-raw/data/interim/2021_tochno/data_allsettlements_anon_156_v20251217.parquet,86c197cd522e0b63669e9c6e7f43fd3d82b3704c6a126c800a9968ecd16cae14,parquet!row_1based=167113.0,True,True,False,True,True,False,atomic_NP_in_complete_published_scope,applied_complete_published_city_territorial_scope,published_complete_city_territory_scope,city_with_published_subordinates,UNKNOWN,False,False,False,False,True,False,published_closed_city_scope_Якутск,2021,5470.0,direct_published_census_value,/workspace/settlements-raw/data/interim/2021_tochno/data_allsettlements_anon_156_v20251217.parquet,86c197cd522e0b63669e9c6e7f43fd3d82b3704c6a126c800a9968ecd16cae14,False,,,,,,,,,,,,,,,,,,,,,,,,,,,True
published_closed_city_scope_Якутск,2021.0,2021:data_allsettlements_anon_156_v20251217.parquet:parquet:167114,Владимировка,село,158.0,direct_published_census_value,/workspace/settlements-raw/data/interim/2021_tochno/data_allsettlements_anon_156_v20251217.parquet,86c197cd522e0b63669e9c6e7f43fd3d82b3704c6a126c800a9968ecd16cae14,parquet!row_1based=167114.0,True,True,False,True,True,False,atomic_NP_in_complete_published_scope,applied_complete_published_city_territorial_scope,published_complete_city_territory_scope,city_with_published_subordinates,UNKNOWN,False,False,False,False,True,False,published_closed_city_scope_Якутск,2021,158.0,direct_published_census_value,/workspace/settlements-raw/data/interim/2021_tochno/data_allsettlements_anon_156_v20251217.parquet,86c197cd522e0b63669e9c6e7f43fd3d82b3704c6a126c800a9968ecd16cae14,False,,,,,,,,,,,,,,,,,,,,,,,,,,,True
published_closed_city_scope_Якутск,2021.0,2021:data_allsettlements_anon_156_v20251217.parquet:parquet:167115,Пригородный,село,3208.0,direct_published_census_value,/workspace/settlements-raw/data/interim/2021_tochno/data_allsettlements_anon_156_v20251217.parquet,86c197cd522e0b63669e9c6e7f43fd3d82b3704c6a126c800a9968ecd16cae14,parquet!row_1based=167115.0,True,True,False,True,True,False,atomic_NP_in_complete_published_scope,applied_complete_published_city_territorial_scope,published_complete_city_territory_scope,city_with_published_subordinates,UNKNOWN,False,False,False,False,True,False,published_closed_city_scope_Якутск,2021,3208.0,direct_published_census_value,/workspace/settlements-raw/data/interim/2021_tochno/data_allsettlements_anon_156_v20251217.parquet,86c197cd522e0b63669e9c6e7f43fd3d82b3704c6a126c800a9968ecd16cae14,False,,,,,,,,,,,,,,,,,,,,,,,,,,,True
published_closed_city_scope_Владимир,2002.0,2002:1_TOM_01_04.xls:0:243,Владимир,город,315954.0,direct_published_census_value,/workspace/settlements-raw/data/raw/2002_official_tom1/1_TOM_01_04.xls,745a24599719c877a8ddf015aadf22d3cb859444819a32f8197ae525d91483f3,0!row_1based=243.0,True,True,False,True,True,False,atomic_NP_in_complete_published_scope,applied_complete_published_city_territorial_scope,published_complete_city_territory_scope,city_with_published_subordinates,UNKNOWN,False,False,False,False,True,False,published_closed_city_scope_Владимир,2002,315954.0,direct_published_census_value,/workspace/settlements-raw/data/raw/2002_official_tom1/1_TOM_01_04.xls,745a24599719c877a8ddf015aadf22d3cb859444819a32f8197ae525d91483f3,False,,,,,,,,,,,,,,,,,,,,,,,,,,,True
published_closed_city_scope_Владимир,2002.0,2002:1_TOM_01_04.xls:0:248,Энергетик,пгт,6029.0,direct_published_census_value,/workspace/settlements-raw/data/raw/2002_official_tom1/1_TOM_01_04.xls,745a24599719c877a8ddf015aadf22d3cb859444819a32f8197ae525d91483f3,0!row_1based=248.0,True,True,False,False,False,False,atomic_NP_in_complete_published_scope,applied_complete_published_city_territorial_scope,published_complete_city_territory_scope,city_with_published_subordinates,UNKNOWN,False,False,False,False,True,False,published_closed_city_scope_Владимир,2002,6029.0,direct_published_census_value,/workspace/settlements-raw/data/raw/2002_official_tom1/1_TOM_01_04.xls,745a24599719c877a8ddf015aadf22d3cb859444819a32f8197ae525d91483f3,False,,,,,,,,,,,,,,,,,,,,,,,,,,,False
published_closed_city_scope_Владимир,2002.0,2002:1_TOM_01_04.xls:0:249,Юрьевец,пгт,11618.0,direct_published_census_value,/workspace/settlements-raw/data/raw/2002_official_tom1/1_TOM_01_04.xls,745a24599719c877a8ddf015aadf22d3cb859444819a32f8197ae525d91483f3,0!row_1based=249.0,True,True,False,False,False,False,atomic_NP_in_complete_published_scope,applied_complete_published_city_territorial_scope,published_complete_city_territory_scope,city_with_published_subordinates,UNKNOWN,False,False,False,False,True,False,published_closed_city_scope_Владимир,2002,11618.0,direct_published_census_value,/workspace/settlements-raw/data/raw/2002_official_tom1/1_TOM_01_04.xls,745a24599719c877a8ddf015aadf22d3cb859444819a32f8197ae525d91483f3,False,,,,,,,,,,,,,,,,,,,,,,,,,,,False
published_closed_city_scope_Владимир,2002.0,2002:003_308406b0ed_02c_Vladimirskaja.xls:Sheet1:5,Лесной,посёлок,3280.0,direct_published_census_value,/workspace/settlements-raw/data/raw/2002/003_308406b0ed_02c_Vladimirskaja.xls,7a2ed9fb0b156c9bdac0417fa495e21cb1868a69b993f0ac6abe6608e115cc50,Sheet1!row_1based=5.0,True,True,False,False,False,False,atomic_NP_in_complete_published_scope,applied_complete_published_city_territorial_scope,published_complete_city_territory_scope,city_with_published_subordinates,UNKNOWN,False,False,False,False,True,False,published_closed_city_scope_Владимир,2002,3280.0,direct_published_census_value,/workspace/settlements-raw/data/raw/2002/003_308406b0ed_02c_Vladimirskaja.xls,7a2ed9fb0b156c9bdac0417fa495e21cb1868a69b993f0ac6abe6608e115cc50,False,,,,,,,,,,,,,,,,,,,,,,,,,,,False
published_closed_city_scope_Владимир,2010.0,2010:pub-11-1-4.pdf:pdf_page_3:58,Владимир,город,345373.0,direct_official_city_value,/workspace/settlements-raw/data/raw/2010_official_tom11/pub-11-1-4.pdf,db2528e6db3c6089351bd09d253c9dfa607e2f2dff6cc45d1174fb21fa96d500,pdf_page_3!row_1based=58.0,True,True,False,True,True,False,atomic_NP_in_complete_published_scope,applied_complete_published_city_territorial_scope,published_complete_city_territory_scope,city_with_published_subordinates,UNKNOWN,False,False,False,False,True,False,published_closed_city_scope_Владимир,2010,345373.0,direct_official_city_value,/workspace/settlements-raw/data/raw/2010_official_tom11/pub-11-1-4.pdf,db2528e6db3c6089351bd09d253c9dfa607e2f2dff6cc45d1174fb21fa96d500,False,,,,,,,,,,,,,,,,,,,,,,,,,,,True
published_closed_city_scope_Владимир,2010.0,2010:013_f60b2d2bcf_5._20Belg_Bryan_Vlad_Voron_Ivanov_Kalug_20L1_ethn_2010.xls:Data Sheet:6792,Аббакумово,деревня,25.0,secondary_confidentiality_protected_value_exact_scope_unverified,/workspace/settlements-raw/data/raw/2010/013_f60b2d2bcf_5._20Belg_Bryan_Vlad_Voron_Ivanov_Kalug_20L1_ethn_2010.xls,52a7cd38f32d03b79c20b256dfd4019e49a0f7a4bab9d96abc57cbf16e2b90ac,Data Sheet!row_1based=6792.0,True,True,False,False,False,False,atomic_NP_in_complete_published_scope,applied_complete_published_city_territorial_scope,published_complete_city_territory_scope,city_with_published_subordinates,UNKNOWN,False,False,False,False,True,False,published_closed_city_scope_Владимир,2010,25.0,secondary_confidentiality_protected_value_exact_scope_unverified,/workspace/settlements-raw/data/raw/2010/013_f60b2d2bcf_5._20Belg_Bryan_Vlad_Voron_Ivanov_Kalug_20L1_ethn_2010.xls,52a7cd38f32d03b79c20b256dfd4019e49a0f7a4bab9d96abc57cbf16e2b90ac,False,,,,,,,,,,,,,,,,,,,,,,,,,,,False
published_closed_city_scope_Владимир,2010.0,2010:013_f60b2d2bcf_5._20Belg_Bryan_Vlad_Voron_Ivanov_Kalug_20L1_ethn_2010.xls:Data Sheet:6793,Бухолово,деревня,0.0,secondary_confidentiality_protected_value_exact_scope_unverified,/workspace/settlements-raw/data/raw/2010/013_f60b2d2bcf_5._20Belg_Bryan_Vlad_Voron_Ivanov_Kalug_20L1_ethn_2010.xls,52a7cd38f32d03b79c20b256dfd4019e49a0f7a4bab9d96abc57cbf16e2b90ac,Data Sheet!row_1based=6793.0,True,True,False,False,False,False,atomic_NP_in_complete_published_scope,applied_complete_published_city_territorial_scope,published_complete_city_territory_scope,city_with_published_subordinates,UNKNOWN,False,False,False,False,True,False,published_closed_city_scope_Владимир,2010,0.0,secondary_confidentiality_protected_value_exact_scope_unverified,/workspace/settlements-raw/data/raw/2010/013_f60b2d2bcf_5._20Belg_Bryan_Vlad_Voron_Ivanov_Kalug_20L1_ethn_2010.xls,52a7cd38f32d03b79c20b256dfd4019e49a0f7a4bab9d96abc57cbf16e2b90ac,False,,,,,,,,,,,,,,,,,,,,,,,,,,,False
published_closed_city_scope_Владимир,2010.0,2010:013_f60b2d2bcf_5._20Belg_Bryan_Vlad_Voron_Ivanov_Kalug_20L1_ethn_2010.xls:Data Sheet:6794,Вилки,деревня,14.0,secondary_confidentiality_protected_value_exact_scope_unverified,/workspace/settlements-raw/data/raw/2010/013_f60b2d2bcf_5._20Belg_Bryan_Vlad_Voron_Ivanov_Kalug_20L1_ethn_2010.xls,52a7cd38f32d03b79c20b256dfd4019e49a0f7a4bab9d96abc57cbf16e2b90ac,Data Sheet!row_1based=6794.0,True,True,False,True,True,False,atomic_NP_in_complete_published_scope,applied_complete_published_city_territorial_scope,published_complete_city_territory_scope,city_with_published_subordinates,UNKNOWN,False,False,False,False,True,False,published_closed_city_scope_Владимир,2010,14.0,secondary_confidentiality_protected_value_exact_scope_unverified,/workspace/settlements-raw/data/raw/2010/013_f60b2d2bcf_5._20Belg_Bryan_Vlad_Voron_Ivanov_Kalug_20L1_ethn_2010.xls,52a7cd38f32d03b79c20b256dfd4019e49a0f7a4bab9d96abc57cbf16e2b90ac,False,,,,,,,,,,,,,,,,,,,,,,,,,,,True
published_closed_city_scope_Владимир,2010.0,2010:013_f60b2d2bcf_5._20Belg_Bryan_Vlad_Voron_Ivanov_Kalug_20L1_ethn_2010.xls:Data Sheet:6795,Долгая Лужа,посёлок,15.0,secondary_confidentiality_protected_value_exact_scope_unverified,/workspace/settlements-raw/data/raw/2010/013_f60b2d2bcf_5._20Belg_Bryan_Vlad_Voron_Ivanov_Kalug_20L1_ethn_2010.xls,52a7cd38f32d03b79c20b256dfd4019e49a0f7a4bab9d96abc57cbf16e2b90ac,Data Sheet!row_1based=6795.0,True,True,False,True,True,False,atomic_NP_in_complete_published_scope,applied_complete_published_city_territorial_scope,published_complete_city_territory_scope,city_with_published_subordinates,UNKNOWN,False,False,False,False,True,False,published_closed_city_scope_Владимир,2010,15.0,secondary_confidentiality_protected_value_exact_scope_unverified,/workspace/settlements-raw/data/raw/2010/013_f60b2d2bcf_5._20Belg_Bryan_Vlad_Voron_Ivanov_Kalug_20L1_ethn_2010.xls,52a7cd38f32d03b79c20b256dfd4019e49a0f7a4bab9d96abc57cbf16e2b90ac,False,,,,,,,,,,,,,,,,,,,,,,,,,,,True
published_closed_city_scope_Владимир,2010.0,2010:013_f60b2d2bcf_5._20Belg_Bryan_Vlad_Voron_Ivanov_Kalug_20L1_ethn_2010.xls:Data Sheet:6796,Заклязьменский,посёлок,1374.0,secondary_confidentiality_protected_value_exact_scope_unverified,/workspace/settlements-raw/data/raw/2010/013_f60b2d2bcf_5._20Belg_Bryan_Vlad_Voron_Ivanov_Kalug_20L1_ethn_2010.xls,52a7cd38f32d03b79c20b256dfd4019e49a0f7a4bab9d96abc57cbf16e2b90ac,Data Sheet!row_1based=6796.0,True,True,False,True,True,False,atomic_NP_in_complete_published_scope,applied_complete_published_city_territorial_scope,published_complete_city_territory_scope,city_with_published_subordinates,UNKNOWN,False,False,False,False,True,False,published_closed_city_scope_Владимир,2010,1374.0,secondary_confidentiality_protected_value_exact_scope_unverified,/workspace/settlements-raw/data/raw/2010/013_f60b2d2bcf_5._20Belg_Bryan_Vlad_Voron_Ivanov_Kalug_20L1_ethn_2010.xls,52a7cd38f32d03b79c20b256dfd4019e49a0f7a4bab9d96abc57cbf16e2b90ac,False,,,,,,,,,,,,,,,,,,,,,,,,,,,True
published_closed_city_scope_Владимир,2010.0,2010:013_f60b2d2bcf_5._20Belg_Bryan_Vlad_Voron_Ivanov_Kalug_20L1_ethn_2010.xls:Data Sheet:6797,Злобино,деревня,10.0,secondary_confidentiality_protected_value_exact_scope_unverified,/workspace/settlements-raw/data/raw/2010/013_f60b2d2bcf_5._20Belg_Bryan_Vlad_Voron_Ivanov_Kalug_20L1_ethn_2010.xls,52a7cd38f32d03b79c20b256dfd4019e49a0f7a4bab9d96abc57cbf16e2b90ac,Data Sheet!row_1based=6797.0,True,True,False,True,True,False,atomic_NP_in_complete_published_scope,applied_complete_published_city_territorial_scope,published_complete_city_territory_scope,city_with_published_subordinates,UNKNOWN,False,False,False,False,True,False,published_closed_city_scope_Владимир,2010,10.0,secondary_confidentiality_protected_value_exact_scope_unverified,/workspace/settlements-raw/data/raw/2010/013_f60b2d2bcf_5._20Belg_Bryan_Vlad_Voron_Ivanov_Kalug_20L1_ethn_2010.xls,52a7cd38f32d03b79c20b256dfd4019e49a0f7a4bab9d96abc57cbf16e2b90ac,False,,,,,,,,,,,,,,,,,,,,,,,,,,,True
published_closed_city_scope_Владимир,2010.0,2010:013_f60b2d2bcf_5._20Belg_Bryan_Vlad_Voron_Ivanov_Kalug_20L1_ethn_2010.xls:Data Sheet:6798,Кусуново,село,66.0,secondary_confidentiality_protected_value_exact_scope_unverified,/workspace/settlements-raw/data/raw/2010/013_f60b2d2bcf_5._20Belg_Bryan_Vlad_Voron_Ivanov_Kalug_20L1_ethn_2010.xls,52a7cd38f32d03b79c20b256dfd4019e49a0f7a4bab9d96abc57cbf16e2b90ac,Data Sheet!row_1based=6798.0,True,True,False,True,True,False,atomic_NP_in_complete_published_scope,applied_complete_published_city_territorial_scope,published_complete_city_territory_scope,city_with_published_subordinates,UNKNOWN,False,False,False,False,True,False,published_closed_city_scope_Владимир,2010,66.0,secondary_confidentiality_protected_value_exact_scope_unverified,/workspace/settlements-raw/data/raw/2010/013_f60b2d2bcf_5._20Belg_Bryan_Vlad_Voron_Ivanov_Kalug_20L1_ethn_2010.xls,52a7cd38f32d03b79c20b256dfd4019e49a0f7a4bab9d96abc57cbf16e2b90ac,False,,,,,,,,,,,,,,,,,,,,,,,,,,,True
published_closed_city_scope_Владимир,2010.0,2010:013_f60b2d2bcf_5._20Belg_Bryan_Vlad_Voron_Ivanov_Kalug_20L1_ethn_2010.xls:Data Sheet:6800,Мосино,село,20.0,secondary_confidentiality_protected_value_exact_scope_unverified,/workspace/settlements-raw/data/raw/2010/013_f60b2d2bcf_5._20Belg_Bryan_Vlad_Voron_Ivanov_Kalug_20L1_ethn_2010.xls,52a7cd38f32d03b79c20b256dfd4019e49a0f7a4bab9d96abc57cbf16e2b90ac,Data Sheet!row_1based=6800.0,True,True,False,True,True,False,atomic_NP_in_complete_published_scope,applied_complete_published_city_territorial_scope,published_complete_city_territory_scope,city_with_published_subordinates,UNKNOWN,False,False,False,False,True,False,published_closed_city_scope_Владимир,2010,20.0,secondary_confidentiality_protected_value_exact_scope_unverified,/workspace/settlements-raw/data/raw/2010/013_f60b2d2bcf_5._20Belg_Bryan_Vlad_Voron_Ivanov_Kalug_20L1_ethn_2010.xls,52a7cd38f32d03b79c20b256dfd4019e49a0f7a4bab9d96abc57cbf16e2b90ac,False,,,,,,,,,,,,,,,,,,,,,,,,,,,True
published_closed_city_scope_Владимир,2010.0,2010:013_f60b2d2bcf_5._20Belg_Bryan_Vlad_Voron_Ivanov_Kalug_20L1_ethn_2010.xls:Data Sheet:6801,Немцово,деревня,5.0,secondary_confidentiality_protected_value_exact_scope_unverified,/workspace/settlements-raw/data/raw/2010/013_f60b2d2bcf_5._20Belg_Bryan_Vlad_Voron_Ivanov_Kalug_20L1_ethn_2010.xls,52a7cd38f32d03b79c20b256dfd4019e49a0f7a4bab9d96abc57cbf16e2b90ac,Data Sheet!row_1based=6801.0,True,True,False,True,True,False,atomic_NP_in_complete_published_scope,applied_complete_published_city_territorial_scope,published_complete_city_territory_scope,city_with_published_subordinates,UNKNOWN,False,False,False,False,True,False,published_closed_city_scope_Владимир,2010,5.0,secondary_confidentiality_protected_value_exact_scope_unverified,/workspace/settlements-raw/data/raw/2010/013_f60b2d2bcf_5._20Belg_Bryan_Vlad_Voron_Ivanov_Kalug_20L1_ethn_2010.xls,52a7cd38f32d03b79c20b256dfd4019e49a0f7a4bab9d96abc57cbf16e2b90ac,False,,,,,,,,,,,,,,,,,,,,,,,,,,,True
published_closed_city_scope_Владимир,2010.0,2010:013_f60b2d2bcf_5._20Belg_Bryan_Vlad_Voron_Ivanov_Kalug_20L1_ethn_2010.xls:Data Sheet:6802,Никулино,деревня,135.0,secondary_confidentiality_protected_value_exact_scope_unverified,/workspace/settlements-raw/data/raw/2010/013_f60b2d2bcf_5._20Belg_Bryan_Vlad_Voron_Ivanov_Kalug_20L1_ethn_2010.xls,52a7cd38f32d03b79c20b256dfd4019e49a0f7a4bab9d96abc57cbf16e2b90ac,Data Sheet!row_1based=6802.0,True,True,False,False,False,False,atomic_NP_in_complete_published_scope,applied_complete_published_city_territorial_scope,published_complete_city_territory_scope,city_with_published_subordinates,UNKNOWN,False,False,False,False,True,False,published_closed_city_scope_Владимир,2010,135.0,secondary_confidentiality_protected_value_exact_scope_unverified,/workspace/settlements-raw/data/raw/2010/013_f60b2d2bcf_5._20Belg_Bryan_Vlad_Voron_Ivanov_Kalug_20L1_ethn_2010.xls,52a7cd38f32d03b79c20b256dfd4019e49a0f7a4bab9d96abc57cbf16e2b90ac,False,,,,,,,,,,,,,,,,,,,,,,,,,,,False
published_closed_city_scope_Владимир,2010.0,2010:013_f60b2d2bcf_5._20Belg_Bryan_Vlad_Voron_Ivanov_Kalug_20L1_ethn_2010.xls:Data Sheet:6803,Оборино,деревня,46.0,secondary_confidentiality_protected_value_exact_scope_unverified,/workspace/settlements-raw/data/raw/2010/013_f60b2d2bcf_5._20Belg_Bryan_Vlad_Voron_Ivanov_Kalug_20L1_ethn_2010.xls,52a7cd38f32d03b79c20b256dfd4019e49a0f7a4bab9d96abc57cbf16e2b90ac,Data Sheet!row_1based=6803.0,True,True,False,True,True,False,atomic_NP_in_complete_published_scope,applied_complete_published_city_territorial_scope,published_complete_city_territory_scope,city_with_published_subordinates,UNKNOWN,False,False,False,False,True,False,published_closed_city_scope_Владимир,2010,46.0,secondary_confidentiality_protected_value_exact_scope_unverified,/workspace/settlements-raw/data/raw/2010/013_f60b2d2bcf_5._20Belg_Bryan_Vlad_Voron_Ivanov_Kalug_20L1_ethn_2010.xls,52a7cd38f32d03b79c20b256dfd4019e49a0f7a4bab9d96abc57cbf16e2b90ac,False,,,,,,,,,,,,,,,,,,,,,,,,,,,True
published_closed_city_scope_Владимир,2010.0,2010:013_f60b2d2bcf_5._20Belg_Bryan_Vlad_Voron_Ivanov_Kalug_20L1_ethn_2010.xls:Data Sheet:6804,Рахманов Перевоз,посёлок,50.0,secondary_confidentiality_protected_value_exact_scope_unverified,/workspace/settlements-raw/data/raw/2010/013_f60b2d2bcf_5._20Belg_Bryan_Vlad_Voron_Ivanov_Kalug_20L1_ethn_2010.xls,52a7cd38f32d03b79c20b256dfd4019e49a0f7a4bab9d96abc57cbf16e2b90ac,Data Sheet!row_1based=6804.0,True,True,False,True,True,False,atomic_NP_in_complete_published_scope,applied_complete_published_city_territorial_scope,published_complete_city_territory_scope,city_with_published_subordinates,UNKNOWN,False,False,False,False,True,False,published_closed_city_scope_Владимир,2010,50.0,secondary_confidentiality_protected_value_exact_scope_unverified,/workspace/settlements-raw/data/raw/2010/013_f60b2d2bcf_5._20Belg_Bryan_Vlad_Voron_Ivanov_Kalug_20L1_ethn_2010.xls,52a7cd38f32d03b79c20b256dfd4019e49a0f7a4bab9d96abc57cbf16e2b90ac,False,,,,,,,,,,,,,,,,,,,,,,,,,,,True
published_closed_city_scope_Владимир,2010.0,2010:013_f60b2d2bcf_5._20Belg_Bryan_Vlad_Voron_Ivanov_Kalug_20L1_ethn_2010.xls:Data Sheet:6805,Спасское,село,444.0,secondary_confidentiality_protected_value_exact_scope_unverified,/workspace/settlements-raw/data/raw/2010/013_f60b2d2bcf_5._20Belg_Bryan_Vlad_Voron_Ivanov_Kalug_20L1_ethn_2010.xls,52a7cd38f32d03b79c20b256dfd4019e49a0f7a4bab9d96abc57cbf16e2b90ac,Data Sheet!row_1based=6805.0,True,True,False,True,True,False,atomic_NP_in_complete_published_scope,applied_complete_published_city_territorial_scope,published_complete_city_territory_scope,city_with_published_subordinates,UNKNOWN,False,False,False,False,True,False,published_closed_city_scope_Владимир,2010,444.0,secondary_confidentiality_protected_value_exact_scope_unverified,/workspace/settlements-raw/data/raw/2010/013_f60b2d2bcf_5._20Belg_Bryan_Vlad_Voron_Ivanov_Kalug_20L1_ethn_2010.xls,52a7cd38f32d03b79c20b256dfd4019e49a0f7a4bab9d96abc57cbf16e2b90ac,False,,,,,,,,,,,,,,,,,,,,,,,,,,,True
published_closed_city_scope_Владимир,2010.0,2010:013_f60b2d2bcf_5._20Belg_Bryan_Vlad_Voron_Ivanov_Kalug_20L1_ethn_2010.xls:Data Sheet:6806,Уварово,деревня,93.0,secondary_confidentiality_protected_value_exact_scope_unverified,/workspace/settlements-raw/data/raw/2010/013_f60b2d2bcf_5._20Belg_Bryan_Vlad_Voron_Ivanov_Kalug_20L1_ethn_2010.xls,52a7cd38f32d03b79c20b256dfd4019e49a0f7a4bab9d96abc57cbf16e2b90ac,Data Sheet!row_1based=6806.0,True,True,False,False,False,False,atomic_NP_in_complete_published_scope,applied_complete_published_city_territorial_scope,published_complete_city_territory_scope,city_with_published_subordinates,UNKNOWN,False,False,False,False,True,False,published_closed_city_scope_Владимир,2010,93.0,secondary_confidentiality_protected_value_exact_scope_unverified,/workspace/settlements-raw/data/raw/2010/013_f60b2d2bcf_5._20Belg_Bryan_Vlad_Voron_Ivanov_Kalug_20L1_ethn_2010.xls,52a7cd38f32d03b79c20b256dfd4019e49a0f7a4bab9d96abc57cbf16e2b90ac,False,,,,,,,,,,,,,,,,,,,,,,,,,,,False
published_closed_city_scope_Владимир,2010.0,2010:013_f60b2d2bcf_5._20Belg_Bryan_Vlad_Voron_Ivanov_Kalug_20L1_ethn_2010.xls:Data Sheet:6807,Ущер,село,6.0,secondary_confidentiality_protected_value_exact_scope_unverified,/workspace/settlements-raw/data/raw/2010/013_f60b2d2bcf_5._20Belg_Bryan_Vlad_Voron_Ivanov_Kalug_20L1_ethn_2010.xls,52a7cd38f32d03b79c20b256dfd4019e49a0f7a4bab9d96abc57cbf16e2b90ac,Data Sheet!row_1based=6807.0,True,True,False,True,True,False,atomic_NP_in_complete_published_scope,applied_complete_published_city_territorial_scope,published_complete_city_territory_scope,city_with_published_subordinates,UNKNOWN,False,False,False,False,True,False,published_closed_city_scope_Владимир,2010,6.0,secondary_confidentiality_protected_value_exact_scope_unverified,/workspace/settlements-raw/data/raw/2010/013_f60b2d2bcf_5._20Belg_Bryan_Vlad_Voron_Ivanov_Kalug_20L1_ethn_2010.xls,52a7cd38f32d03b79c20b256dfd4019e49a0f7a4bab9d96abc57cbf16e2b90ac,False,,,,,,,,,,,,,,,,,,,,,,,,,,,True
published_closed_city_scope_Владимир,2010.0,2010:013_f60b2d2bcf_5._20Belg_Bryan_Vlad_Voron_Ivanov_Kalug_20L1_ethn_2010.xls:Data Sheet:6808,Шепелево,деревня,161.0,secondary_confidentiality_protected_value_exact_scope_unverified,/workspace/settlements-raw/data/raw/2010/013_f60b2d2bcf_5._20Belg_Bryan_Vlad_Voron_Ivanov_Kalug_20L1_ethn_2010.xls,52a7cd38f32d03b79c20b256dfd4019e49a0f7a4bab9d96abc57cbf16e2b90ac,Data Sheet!row_1based=6808.0,True,True,False,True,True,False,atomic_NP_in_complete_published_scope,applied_complete_published_city_territorial_scope,published_complete_city_territory_scope,city_with_published_subordinates,UNKNOWN,False,False,False,False,True,False,published_closed_city_scope_Владимир,2010,161.0,secondary_confidentiality_protected_value_exact_scope_unverified,/workspace/settlements-raw/data/raw/2010/013_f60b2d2bcf_5._20Belg_Bryan_Vlad_Voron_Ivanov_Kalug_20L1_ethn_2010.xls,52a7cd38f32d03b79c20b256dfd4019e49a0f7a4bab9d96abc57cbf16e2b90ac,False,,,,,,,,,,,,,,,,,,,,,,,,,,,True
published_closed_city_scope_Владимир,2021.0,2021:data_allsettlements_anon_156_v20251217.parquet:parquet:3836,Владимир,город,349951.0,direct_published_census_value,/workspace/settlements-raw/data/interim/2021_tochno/data_allsettlements_anon_156_v20251217.parquet,86c197cd522e0b63669e9c6e7f43fd3d82b3704c6a126c800a9968ecd16cae14,parquet!row_1based=3836.0,True,True,False,True,True,False,atomic_NP_in_complete_published_scope,applied_complete_published_city_territorial_scope,published_complete_city_territory_scope,city_with_published_subordinates,UNKNOWN,False,False,False,False,True,False,published_closed_city_scope_Владимир,2021,349951.0,direct_published_census_value,/workspace/settlements-raw/data/interim/2021_tochno/data_allsettlements_anon_156_v20251217.parquet,86c197cd522e0b63669e9c6e7f43fd3d82b3704c6a126c800a9968ecd16cae14,False,,,,,,,,,,,,,,,,,,,,,,,,,,,True
published_closed_city_scope_Владимир,2021.0,2021:data_allsettlements_anon_156_v20251217.parquet:parquet:3837,Аббакумово,деревня,17.0,direct_published_census_value,/workspace/settlements-raw/data/interim/2021_tochno/data_allsettlements_anon_156_v20251217.parquet,86c197cd522e0b63669e9c6e7f43fd3d82b3704c6a126c800a9968ecd16cae14,parquet!row_1based=3837.0,True,True,False,False,True,False,atomic_NP_in_complete_published_scope,applied_complete_published_city_territorial_scope,published_complete_city_territory_scope,city_with_published_subordinates,UNKNOWN,False,False,False,False,True,False,published_closed_city_scope_Владимир,2021,17.0,direct_published_census_value,/workspace/settlements-raw/data/interim/2021_tochno/data_allsettlements_anon_156_v20251217.parquet,86c197cd522e0b63669e9c6e7f43fd3d82b3704c6a126c800a9968ecd16cae14,False,,,,,,,,,,,,,,,,,,,,,,,,,,,False
published_closed_city_scope_Владимир,2021.0,2021:data_allsettlements_anon_156_v20251217.parquet:parquet:3838,Бухолово,деревня,7.0,direct_published_census_value,/workspace/settlements-raw/data/interim/2021_tochno/data_allsettlements_anon_156_v20251217.parquet,86c197cd522e0b63669e9c6e7f43fd3d82b3704c6a126c800a9968ecd16cae14,parquet!row_1based=3838.0,True,True,False,False,True,False,atomic_NP_in_complete_published_scope,applied_complete_published_city_territorial_scope,published_complete_city_territory_scope,city_with_published_subordinates,UNKNOWN,False,False,False,False,True,False,published_closed_city_scope_Владимир,2021,7.0,direct_published_census_value,/workspace/settlements-raw/data/interim/2021_tochno/data_allsettlements_anon_156_v20251217.parquet,86c197cd522e0b63669e9c6e7f43fd3d82b3704c6a126c800a9968ecd16cae14,False,,,,,,,,,,,,,,,,,,,,,,,,,,,False
published_closed_city_scope_Владимир,2021.0,2021:data_allsettlements_anon_156_v20251217.parquet:parquet:3839,Вилки,деревня,13.0,direct_published_census_value,/workspace/settlements-raw/data/interim/2021_tochno/data_allsettlements_anon_156_v20251217.parquet,86c197cd522e0b63669e9c6e7f43fd3d82b3704c6a126c800a9968ecd16cae14,parquet!row_1based=3839.0,True,True,False,True,True,False,atomic_NP_in_complete_published_scope,applied_complete_published_city_territorial_scope,published_complete_city_territory_scope,city_with_published_subordinates,UNKNOWN,False,False,False,False,True,False,published_closed_city_scope_Владимир,2021,13.0,direct_published_census_value,/workspace/settlements-raw/data/interim/2021_tochno/data_allsettlements_anon_156_v20251217.parquet,86c197cd522e0b63669e9c6e7f43fd3d82b3704c6a126c800a9968ecd16cae14,False,,,,,,,,,,,,,,,,,,,,,,,,,,,True
published_closed_city_scope_Владимир,2021.0,2021:data_allsettlements_anon_156_v20251217.parquet:parquet:3840,Долгая Лужа,посёлок,18.0,direct_published_census_value,/workspace/settlements-raw/data/interim/2021_tochno/data_allsettlements_anon_156_v20251217.parquet,86c197cd522e0b63669e9c6e7f43fd3d82b3704c6a126c800a9968ecd16cae14,parquet!row_1based=3840.0,True,True,False,True,True,False,atomic_NP_in_complete_published_scope,applied_complete_published_city_territorial_scope,published_complete_city_territory_scope,city_with_published_subordinates,UNKNOWN,False,False,False,False,True,False,published_closed_city_scope_Владимир,2021,18.0,direct_published_census_value,/workspace/settlements-raw/data/interim/2021_tochno/data_allsettlements_anon_156_v20251217.parquet,86c197cd522e0b63669e9c6e7f43fd3d82b3704c6a126c800a9968ecd16cae14,False,,,,,,,,,,,,,,,,,,,,,,,,,,,True
published_closed_city_scope_Владимир,2021.0,2021:data_allsettlements_anon_156_v20251217.parquet:parquet:3841,Заклязьменский,посёлок,1131.0,direct_published_census_value,/workspace/settlements-raw/data/interim/2021_tochno/data_allsettlements_anon_156_v20251217.parquet,86c197cd522e0b63669e9c6e7f43fd3d82b3704c6a126c800a9968ecd16cae14,parquet!row_1based=3841.0,True,True,False,True,True,False,atomic_NP_in_complete_published_scope,applied_complete_published_city_territorial_scope,published_complete_city_territory_scope,city_with_published_subordinates,UNKNOWN,False,False,False,False,True,False,published_closed_city_scope_Владимир,2021,1131.0,direct_published_census_value,/workspace/settlements-raw/data/interim/2021_tochno/data_allsettlements_anon_156_v20251217.parquet,86c197cd522e0b63669e9c6e7f43fd3d82b3704c6a126c800a9968ecd16cae14,False,,,,,,,,,,,,,,,,,,,,,,,,,,,True
published_closed_city_scope_Владимир,2021.0,2021:data_allsettlements_anon_156_v20251217.parquet:parquet:3842,Злобино,деревня,20.0,direct_published_census_value,/workspace/settlements-raw/data/interim/2021_tochno/data_allsettlements_anon_156_v20251217.parquet,86c197cd522e0b63669e9c6e7f43fd3d82b3704c6a126c800a9968ecd16cae14,parquet!row_1based=3842.0,True,True,False,True,True,False,atomic_NP_in_complete_published_scope,applied_complete_published_city_territorial_scope,published_complete_city_territory_scope,city_with_published_subordinates,UNKNOWN,False,False,False,False,True,False,published_closed_city_scope_Владимир,2021,20.0,direct_published_census_value,/workspace/settlements-raw/data/interim/2021_tochno/data_allsettlements_anon_156_v20251217.parquet,86c197cd522e0b63669e9c6e7f43fd3d82b3704c6a126c800a9968ecd16cae14,False,,,,,,,,,,,,,,,,,,,,,,,,,,,True
published_closed_city_scope_Владимир,2021.0,2021:data_allsettlements_anon_156_v20251217.parquet:parquet:3843,Кусуново,село,92.0,direct_published_census_value,/workspace/settlements-raw/data/interim/2021_tochno/data_allsettlements_anon_156_v20251217.parquet,86c197cd522e0b63669e9c6e7f43fd3d82b3704c6a126c800a9968ecd16cae14,parquet!row_1based=3843.0,True,True,False,True,True,False,atomic_NP_in_complete_published_scope,applied_complete_published_city_territorial_scope,published_complete_city_territory_scope,city_with_published_subordinates,UNKNOWN,False,False,False,False,True,False,published_closed_city_scope_Владимир,2021,92.0,direct_published_census_value,/workspace/settlements-raw/data/interim/2021_tochno/data_allsettlements_anon_156_v20251217.parquet,86c197cd522e0b63669e9c6e7f43fd3d82b3704c6a126c800a9968ecd16cae14,False,,,,,,,,,,,,,,,,,,,,,,,,,,,True
published_closed_city_scope_Владимир,2021.0,2021:data_allsettlements_anon_156_v20251217.parquet:parquet:3844,"турбаза ""Ладога""",населенный пункт,335.0,direct_published_census_value,/workspace/settlements-raw/data/interim/2021_tochno/data_allsettlements_anon_156_v20251217.parquet,86c197cd522e0b63669e9c6e7f43fd3d82b3704c6a126c800a9968ecd16cae14,parquet!row_1based=3844.0,True,True,False,False,True,False,atomic_NP_in_complete_published_scope,applied_complete_published_city_territorial_scope,published_complete_city_territory_scope,city_with_published_subordinates,UNKNOWN,False,False,False,False,True,False,published_closed_city_scope_Владимир,2021,335.0,direct_published_census_value,/workspace/settlements-raw/data/interim/2021_tochno/data_allsettlements_anon_156_v20251217.parquet,86c197cd522e0b63669e9c6e7f43fd3d82b3704c6a126c800a9968ecd16cae14,False,,,,,,,,,,,,,,,,,,,,,,,,,,,False
published_closed_city_scope_Владимир,2021.0,2021:data_allsettlements_anon_156_v20251217.parquet:parquet:3845,Мосино,село,85.0,direct_published_census_value,/workspace/settlements-raw/data/interim/2021_tochno/data_allsettlements_anon_156_v20251217.parquet,86c197cd522e0b63669e9c6e7f43fd3d82b3704c6a126c800a9968ecd16cae14,parquet!row_1based=3845.0,True,True,False,True,True,False,atomic_NP_in_complete_published_scope,applied_complete_published_city_territorial_scope,published_complete_city_territory_scope,city_with_published_subordinates,UNKNOWN,False,False,False,False,True,False,published_closed_city_scope_Владимир,2021,85.0,direct_published_census_value,/workspace/settlements-raw/data/interim/2021_tochno/data_allsettlements_anon_156_v20251217.parquet,86c197cd522e0b63669e9c6e7f43fd3d82b3704c6a126c800a9968ecd16cae14,False,,,,,,,,,,,,,,,,,,,,,,,,,,,True
published_closed_city_scope_Владимир,2021.0,2021:data_allsettlements_anon_156_v20251217.parquet:parquet:3846,Немцово,деревня,51.0,direct_published_census_value,/workspace/settlements-raw/data/interim/2021_tochno/data_allsettlements_anon_156_v20251217.parquet,86c197cd522e0b63669e9c6e7f43fd3d82b3704c6a126c800a9968ecd16cae14,parquet!row_1based=3846.0,True,True,False,True,True,False,atomic_NP_in_complete_published_scope,applied_complete_published_city_territorial_scope,published_complete_city_territory_scope,city_with_published_subordinates,UNKNOWN,False,False,False,False,True,False,published_closed_city_scope_Владимир,2021,51.0,direct_published_census_value,/workspace/settlements-raw/data/interim/2021_tochno/data_allsettlements_anon_156_v20251217.parquet,86c197cd522e0b63669e9c6e7f43fd3d82b3704c6a126c800a9968ecd16cae14,False,,,,,,,,,,,,,,,,,,,,,,,,,,,True
published_closed_city_scope_Владимир,2021.0,2021:data_allsettlements_anon_156_v20251217.parquet:parquet:3847,Никулино,деревня,126.0,direct_published_census_value,/workspace/settlements-raw/data/interim/2021_tochno/data_allsettlements_anon_156_v20251217.parquet,86c197cd522e0b63669e9c6e7f43fd3d82b3704c6a126c800a9968ecd16cae14,parquet!row_1based=3847.0,True,True,False,True,True,False,atomic_NP_in_complete_published_scope,applied_complete_published_city_territorial_scope,published_complete_city_territory_scope,city_with_published_subordinates,UNKNOWN,False,False,False,False,True,False,published_closed_city_scope_Владимир,2021,126.0,direct_published_census_value,/workspace/settlements-raw/data/interim/2021_tochno/data_allsettlements_anon_156_v20251217.parquet,86c197cd522e0b63669e9c6e7f43fd3d82b3704c6a126c800a9968ecd16cae14,False,,,,,,,,,,,,,,,,,,,,,,,,,,,True
published_closed_city_scope_Владимир,2021.0,2021:data_allsettlements_anon_156_v20251217.parquet:parquet:3848,Оборино,деревня,69.0,direct_published_census_value,/workspace/settlements-raw/data/interim/2021_tochno/data_allsettlements_anon_156_v20251217.parquet,86c197cd522e0b63669e9c6e7f43fd3d82b3704c6a126c800a9968ecd16cae14,parquet!row_1based=3848.0,True,True,False,True,True,False,atomic_NP_in_complete_published_scope,applied_complete_published_city_territorial_scope,published_complete_city_territory_scope,city_with_published_subordinates,UNKNOWN,False,False,False,False,True,False,published_closed_city_scope_Владимир,2021,69.0,direct_published_census_value,/workspace/settlements-raw/data/interim/2021_tochno/data_allsettlements_anon_156_v20251217.parquet,86c197cd522e0b63669e9c6e7f43fd3d82b3704c6a126c800a9968ecd16cae14,False,,,,,,,,,,,,,,,,,,,,,,,,,,,True
published_closed_city_scope_Владимир,2021.0,2021:data_allsettlements_anon_156_v20251217.parquet:parquet:3849,Рахманов Перевоз,посёлок,36.0,direct_published_census_value,/workspace/settlements-raw/data/interim/2021_tochno/data_allsettlements_anon_156_v20251217.parquet,86c197cd522e0b63669e9c6e7f43fd3d82b3704c6a126c800a9968ecd16cae14,parquet!row_1based=3849.0,True,True,False,True,True,False,atomic_NP_in_complete_published_scope,applied_complete_published_city_territorial_scope,published_complete_city_territory_scope,city_with_published_subordinates,UNKNOWN,False,False,False,False,True,False,published_closed_city_scope_Владимир,2021,36.0,direct_published_census_value,/workspace/settlements-raw/data/interim/2021_tochno/data_allsettlements_anon_156_v20251217.parquet,86c197cd522e0b63669e9c6e7f43fd3d82b3704c6a126c800a9968ecd16cae14,False,,,,,,,,,,,,,,,,,,,,,,,,,,,True
published_closed_city_scope_Владимир,2021.0,2021:data_allsettlements_anon_156_v20251217.parquet:parquet:3850,Спасское,село,489.0,direct_published_census_value,/workspace/settlements-raw/data/interim/2021_tochno/data_allsettlements_anon_156_v20251217.parquet,86c197cd522e0b63669e9c6e7f43fd3d82b3704c6a126c800a9968ecd16cae14,parquet!row_1based=3850.0,True,True,False,True,True,False,atomic_NP_in_complete_published_scope,applied_complete_published_city_territorial_scope,published_complete_city_territory_scope,city_with_published_subordinates,UNKNOWN,False,False,False,False,True,False,published_closed_city_scope_Владимир,2021,489.0,direct_published_census_value,/workspace/settlements-raw/data/interim/2021_tochno/data_allsettlements_anon_156_v20251217.parquet,86c197cd522e0b63669e9c6e7f43fd3d82b3704c6a126c800a9968ecd16cae14,False,,,,,,,,,,,,,,,,,,,,,,,,,,,True
published_closed_city_scope_Владимир,2021.0,2021:data_allsettlements_anon_156_v20251217.parquet:parquet:3851,Уварово,деревня,94.0,direct_published_census_value,/workspace/settlements-raw/data/interim/2021_tochno/data_allsettlements_anon_156_v20251217.parquet,86c197cd522e0b63669e9c6e7f43fd3d82b3704c6a126c800a9968ecd16cae14,parquet!row_1based=3851.0,True,True,False,True,True,False,atomic_NP_in_complete_published_scope,applied_complete_published_city_territorial_scope,published_complete_city_territory_scope,city_with_published_subordinates,UNKNOWN,False,False,False,False,True,False,published_closed_city_scope_Владимир,2021,94.0,direct_published_census_value,/workspace/settlements-raw/data/interim/2021_tochno/data_allsettlements_anon_156_v20251217.parquet,86c197cd522e0b63669e9c6e7f43fd3d82b3704c6a126c800a9968ecd16cae14,False,,,,,,,,,,,,,,,,,,,,,,,,,,,True
published_closed_city_scope_Владимир,2021.0,2021:data_allsettlements_anon_156_v20251217.parquet:parquet:3852,Ущер,село,0.0,direct_published_census_value,/workspace/settlements-raw/data/interim/2021_tochno/data_allsettlements_anon_156_v20251217.parquet,86c197cd522e0b63669e9c6e7f43fd3d82b3704c6a126c800a9968ecd16cae14,parquet!row_1based=3852.0,True,True,False,True,True,False,atomic_NP_in_complete_published_scope,applied_complete_published_city_territorial_scope,published_complete_city_territory_scope,city_with_published_subordinates,UNKNOWN,False,False,False,False,True,False,published_closed_city_scope_Владимир,2021,0.0,direct_published_census_value,/workspace/settlements-raw/data/interim/2021_tochno/data_allsettlements_anon_156_v20251217.parquet,86c197cd522e0b63669e9c6e7f43fd3d82b3704c6a126c800a9968ecd16cae14,False,,,,,,,,,,,,,,,,,,,,,,,,,,,True
published_closed_city_scope_Владимир,2021.0,2021:data_allsettlements_anon_156_v20251217.parquet:parquet:3853,Шепелево,деревня,139.0,direct_published_census_value,/workspace/settlements-raw/data/interim/2021_tochno/data_allsettlements_anon_156_v20251217.parquet,86c197cd522e0b63669e9c6e7f43fd3d82b3704c6a126c800a9968ecd16cae14,parquet!row_1based=3853.0,True,True,False,True,True,False,atomic_NP_in_complete_published_scope,applied_complete_published_city_territorial_scope,published_complete_city_territory_scope,city_with_published_subordinates,UNKNOWN,False,False,False,False,True,False,published_closed_city_scope_Владимир,2021,139.0,direct_published_census_value,/workspace/settlements-raw/data/interim/2021_tochno/data_allsettlements_anon_156_v20251217.parquet,86c197cd522e0b63669e9c6e7f43fd3d82b3704c6a126c800a9968ecd16cae14,False,,,,,,,,,,,,,,,,,,,,,,,,,,,True
published_closed_city_scope_Барнаул,2002.0,2002:1_TOM_01_04.xls:0:8416,Барнаул,город,600749.0,direct_published_census_value,/workspace/settlements-raw/data/raw/2002_official_tom1/1_TOM_01_04.xls,745a24599719c877a8ddf015aadf22d3cb859444819a32f8197ae525d91483f3,0!row_1based=8416.0,True,True,False,True,True,False,atomic_NP_in_complete_published_scope,applied_complete_published_city_territorial_scope,published_complete_city_territory_scope,city_with_published_subordinates,UNKNOWN,False,False,False,False,True,False,published_closed_city_scope_Барнаул,2002,600749.0,direct_published_census_value,/workspace/settlements-raw/data/raw/2002_official_tom1/1_TOM_01_04.xls,745a24599719c877a8ddf015aadf22d3cb859444819a32f8197ae525d91483f3,False,,,,,,,,,,,,,,,,,,,,,,,,,,,True
published_closed_city_scope_Барнаул,2002.0,2002:1_TOM_01_04.xls:0:8423,Затон,пгт,3182.0,direct_published_census_value,/workspace/settlements-raw/data/raw/2002_official_tom1/1_TOM_01_04.xls,745a24599719c877a8ddf015aadf22d3cb859444819a32f8197ae525d91483f3,0!row_1based=8423.0,True,True,False,False,False,False,atomic_NP_in_complete_published_scope,applied_complete_published_city_territorial_scope,published_complete_city_territory_scope,city_with_published_subordinates,UNKNOWN,False,False,False,False,True,False,published_closed_city_scope_Барнаул,2002,3182.0,direct_published_census_value,/workspace/settlements-raw/data/raw/2002_official_tom1/1_TOM_01_04.xls,745a24599719c877a8ddf015aadf22d3cb859444819a32f8197ae525d91483f3,False,,,,,,,,,,,,,,,,,,,,,,,,,,,False
published_closed_city_scope_Барнаул,2002.0,2002:1_TOM_01_04.xls:0:8424,Научный Городок,пгт,2708.0,direct_published_census_value,/workspace/settlements-raw/data/raw/2002_official_tom1/1_TOM_01_04.xls,745a24599719c877a8ddf015aadf22d3cb859444819a32f8197ae525d91483f3,0!row_1based=8424.0,True,True,False,True,True,False,atomic_NP_in_complete_published_scope,applied_complete_published_city_territorial_scope,published_complete_city_territory_scope,city_with_published_subordinates,UNKNOWN,False,False,False,False,True,False,published_closed_city_scope_Барнаул,2002,2708.0,direct_published_census_value,/workspace/settlements-raw/data/raw/2002_official_tom1/1_TOM_01_04.xls,745a24599719c877a8ddf015aadf22d3cb859444819a32f8197ae525d91483f3,False,,,,,,,,,,,,,,,,,,,,,,,,,,,True
published_closed_city_scope_Барнаул,2002.0,2002:1_TOM_01_04.xls:0:8425,Новосиликатный,пгт,15361.0,direct_published_census_value,/workspace/settlements-raw/data/raw/2002_official_tom1/1_TOM_01_04.xls,745a24599719c877a8ddf015aadf22d3cb859444819a32f8197ae525d91483f3,0!row_1based=8425.0,True,True,False,False,False,False,atomic_NP_in_complete_published_scope,applied_complete_published_city_territorial_scope,published_complete_city_territory_scope,city_with_published_subordinates,UNKNOWN,False,False,False,False,True,False,published_closed_city_scope_Барнаул,2002,15361.0,direct_published_census_value,/workspace/settlements-raw/data/raw/2002_official_tom1/1_TOM_01_04.xls,745a24599719c877a8ddf015aadf22d3cb859444819a32f8197ae525d91483f3,False,,,,,,,,,,,,,,,,,,,,,,,,,,,False
published_closed_city_scope_Барнаул,2002.0,2002:1_TOM_01_04.xls:0:8426,Южный,пгт,19669.0,direct_published_census_value,/workspace/settlements-raw/data/raw/2002_official_tom1/1_TOM_01_04.xls,745a24599719c877a8ddf015aadf22d3cb859444819a32f8197ae525d91483f3,0!row_1based=8426.0,True,True,False,True,True,False,atomic_NP_in_complete_published_scope,applied_complete_published_city_territorial_scope,published_complete_city_territory_scope,city_with_published_subordinates,UNKNOWN,False,False,False,False,True,False,published_closed_city_scope_Барнаул,2002,19669.0,direct_published_census_value,/workspace/settlements-raw/data/raw/2002_official_tom1/1_TOM_01_04.xls,745a24599719c877a8ddf015aadf22d3cb859444819a32f8197ae525d91483f3,False,,,,,,,,,,,,,,,,,,,,,,,,,,,True
published_closed_city_scope_Барнаул,2002.0,2002:066_76aa869929_Altai_krai1.xls:Sheet1:12,Лебяжье,село,4595.0,direct_published_census_value,/workspace/settlements-raw/data/raw/2002/066_76aa869929_Altai_krai1.xls,125d9d9dd5f089c0e610f2cb4ec9b77c204aebda058730bb08292e3060e6097a,Sheet1!row_1based=12.0,True,True,False,True,True,False,atomic_NP_in_complete_published_scope,applied_complete_published_city_territorial_scope,published_complete_city_territory_scope,city_with_published_subordinates,UNKNOWN,False,False,False,False,True,False,published_closed_city_scope_Барнаул,2002,4595.0,direct_published_census_value,/workspace/settlements-raw/data/raw/2002/066_76aa869929_Altai_krai1.xls,125d9d9dd5f089c0e610f2cb4ec9b77c204aebda058730bb08292e3060e6097a,False,,,,,,,,,,,,,,,,,,,,,,,,,,,True
published_closed_city_scope_Барнаул,2002.0,2002:066_76aa869929_Altai_krai1.xls:Sheet1:13,242 Км,железнодорожный объект,106.0,direct_published_census_value,/workspace/settlements-raw/data/raw/2002/066_76aa869929_Altai_krai1.xls,125d9d9dd5f089c0e610f2cb4ec9b77c204aebda058730bb08292e3060e6097a,Sheet1!row_1based=13.0,True,True,False,False,False,False,atomic_NP_in_complete_published_scope,applied_complete_published_city_territorial_scope,published_complete_city_territory_scope,city_with_published_subordinates,UNKNOWN,False,False,False,False,True,False,published_closed_city_scope_Барнаул,2002,106.0,direct_published_census_value,/workspace/settlements-raw/data/raw/2002/066_76aa869929_Altai_krai1.xls,125d9d9dd5f089c0e610f2cb4ec9b77c204aebda058730bb08292e3060e6097a,False,,,,,,,,,,,,,,,,,,,,,,,,,,,False
published_closed_city_scope_Барнаул,2002.0,2002:066_76aa869929_Altai_krai1.xls:Sheet1:15,Центральный,посёлок,1838.0,direct_published_census_value,/workspace/settlements-raw/data/raw/2002/066_76aa869929_Altai_krai1.xls,125d9d9dd5f089c0e610f2cb4ec9b77c204aebda058730bb08292e3060e6097a,Sheet1!row_1based=15.0,True,True,False,True,True,False,atomic_NP_in_complete_published_scope,applied_complete_published_city_territorial_scope,published_complete_city_territory_scope,city_with_published_subordinates,UNKNOWN,False,False,False,False,True,False,published_closed_city_scope_Барнаул,2002,1838.0,direct_published_census_value,/workspace/settlements-raw/data/raw/2002/066_76aa869929_Altai_krai1.xls,125d9d9dd5f089c0e610f2cb4ec9b77c204aebda058730bb08292e3060e6097a,False,,,,,,,,,,,,,,,,,,,,,,,,,,,True
published_closed_city_scope_Барнаул,2002.0,2002:066_76aa869929_Altai_krai1.xls:Sheet1:16,Бельмесево,посёлок,843.0,direct_published_census_value,/workspace/settlements-raw/data/raw/2002/066_76aa869929_Altai_krai1.xls,125d9d9dd5f089c0e610f2cb4ec9b77c204aebda058730bb08292e3060e6097a,Sheet1!row_1based=16.0,True,True,False,True,True,False,atomic_NP_in_complete_published_scope,applied_complete_published_city_territorial_scope,published_complete_city_territory_scope,city_with_published_subordinates,UNKNOWN,False,False,False,False,True,False,published_closed_city_scope_Барнаул,2002,843.0,direct_published_census_value,/workspace/settlements-raw/data/raw/2002/066_76aa869929_Altai_krai1.xls,125d9d9dd5f089c0e610f2cb4ec9b77c204aebda058730bb08292e3060e6097a,False,,,,,,,,,,,,,,,,,,,,,,,,,,,True
published_closed_city_scope_Барнаул,2002.0,2002:066_76aa869929_Altai_krai1.xls:Sheet1:17,250 Км,железнодорожный объект,34.0,direct_published_census_value,/workspace/settlements-raw/data/raw/2002/066_76aa869929_Altai_krai1.xls,125d9d9dd5f089c0e610f2cb4ec9b77c204aebda058730bb08292e3060e6097a,Sheet1!row_1based=17.0,True,True,False,False,False,False,atomic_NP_in_complete_published_scope,applied_complete_published_city_territorial_scope,published_complete_city_territory_scope,city_with_published_subordinates,UNKNOWN,False,False,False,False,True,False,published_closed_city_scope_Барнаул,2002,34.0,direct_published_census_value,/workspace/settlements-raw/data/raw/2002/066_76aa869929_Altai_krai1.xls,125d9d9dd5f089c0e610f2cb4ec9b77c204aebda058730bb08292e3060e6097a,False,,,,,,,,,,,,,,,,,,,,,,,,,,,False
published_closed_city_scope_Барнаул,2002.0,2002:066_76aa869929_Altai_krai1.xls:Sheet1:18,253 Км,железнодорожный объект,8.0,direct_published_census_value,/workspace/settlements-raw/data/raw/2002/066_76aa869929_Altai_krai1.xls,125d9d9dd5f089c0e610f2cb4ec9b77c204aebda058730bb08292e3060e6097a,Sheet1!row_1based=18.0,True,True,False,False,False,False,atomic_NP_in_complete_published_scope,applied_complete_published_city_territorial_scope,published_complete_city_territory_scope,city_with_published_subordinates,UNKNOWN,False,False,False,False,True,False,published_closed_city_scope_Барнаул,2002,8.0,direct_published_census_value,/workspace/settlements-raw/data/raw/2002/066_76aa869929_Altai_krai1.xls,125d9d9dd5f089c0e610f2cb4ec9b77c204aebda058730bb08292e3060e6097a,False,,,,,,,,,,,,,,,,,,,,,,,,,,,False
published_closed_city_scope_Барнаул,2002.0,2002:066_76aa869929_Altai_krai1.xls:Sheet1:19,Конюхи,посёлок,16.0,direct_published_census_value,/workspace/settlements-raw/data/raw/2002/066_76aa869929_Altai_krai1.xls,125d9d9dd5f089c0e610f2cb4ec9b77c204aebda058730bb08292e3060e6097a,Sheet1!row_1based=19.0,True,True,False,True,True,False,atomic_NP_in_complete_published_scope,applied_complete_published_city_territorial_scope,published_complete_city_territory_scope,city_with_published_subordinates,UNKNOWN,False,False,False,False,True,False,published_closed_city_scope_Барнаул,2002,16.0,direct_published_census_value,/workspace/settlements-raw/data/raw/2002/066_76aa869929_Altai_krai1.xls,125d9d9dd5f089c0e610f2cb4ec9b77c204aebda058730bb08292e3060e6097a,False,,,,,,,,,,,,,,,,,,,,,,,,,,,True
published_closed_city_scope_Барнаул,2002.0,2002:066_76aa869929_Altai_krai1.xls:Sheet1:20,Мохнатушка,посёлок,195.0,direct_published_census_value,/workspace/settlements-raw/data/raw/2002/066_76aa869929_Altai_krai1.xls,125d9d9dd5f089c0e610f2cb4ec9b77c204aebda058730bb08292e3060e6097a,Sheet1!row_1based=20.0,True,True,False,True,True,False,atomic_NP_in_complete_published_scope,applied_complete_published_city_territorial_scope,published_complete_city_territory_scope,city_with_published_subordinates,UNKNOWN,False,False,False,False,True,False,published_closed_city_scope_Барнаул,2002,195.0,direct_published_census_value,/workspace/settlements-raw/data/raw/2002/066_76aa869929_Altai_krai1.xls,125d9d9dd5f089c0e610f2cb4ec9b77c204aebda058730bb08292e3060e6097a,False,,,,,,,,,,,,,,,,,,,,,,,,,,,True
published_closed_city_scope_Барнаул,2002.0,2002:066_76aa869929_Altai_krai1.xls:Sheet1:21,Черницк,посёлок,668.0,direct_published_census_value,/workspace/settlements-raw/data/raw/2002/066_76aa869929_Altai_krai1.xls,125d9d9dd5f089c0e610f2cb4ec9b77c204aebda058730bb08292e3060e6097a,Sheet1!row_1based=21.0,True,True,False,True,True,False,atomic_NP_in_complete_published_scope,applied_complete_published_city_territorial_scope,published_complete_city_territory_scope,city_with_published_subordinates,UNKNOWN,False,False,False,False,True,False,published_closed_city_scope_Барнаул,2002,668.0,direct_published_census_value,/workspace/settlements-raw/data/raw/2002/066_76aa869929_Altai_krai1.xls,125d9d9dd5f089c0e610f2cb4ec9b77c204aebda058730bb08292e3060e6097a,False,,,,,,,,,,,,,,,,,,,,,,,,,,,True
published_closed_city_scope_Барнаул,2002.0,2002:066_76aa869929_Altai_krai1.xls:Sheet1:22,Ягодное,посёлок,848.0,direct_published_census_value,/workspace/settlements-raw/data/raw/2002/066_76aa869929_Altai_krai1.xls,125d9d9dd5f089c0e610f2cb4ec9b77c204aebda058730bb08292e3060e6097a,Sheet1!row_1based=22.0,True,True,False,True,True,False,atomic_NP_in_complete_published_scope,applied_complete_published_city_territorial_scope,published_complete_city_territory_scope,city_with_published_subordinates,UNKNOWN,False,False,False,False,True,False,published_closed_city_scope_Барнаул,2002,848.0,direct_published_census_value,/workspace/settlements-raw/data/raw/2002/066_76aa869929_Altai_krai1.xls,125d9d9dd5f089c0e610f2cb4ec9b77c204aebda058730bb08292e3060e6097a,False,,,,,,,,,,,,,,,,,,,,,,,,,,,True
published_closed_city_scope_Барнаул,2002.0,2002:066_76aa869929_Altai_krai1.xls:Sheet1:24,Березовка,посёлок,452.0,direct_published_census_value,/workspace/settlements-raw/data/raw/2002/066_76aa869929_Altai_krai1.xls,125d9d9dd5f089c0e610f2cb4ec9b77c204aebda058730bb08292e3060e6097a,Sheet1!row_1based=24.0,True,True,False,False,False,False,atomic_NP_in_complete_published_scope,applied_complete_published_city_territorial_scope,published_complete_city_territory_scope,city_with_published_subordinates,UNKNOWN,False,False,False,False,True,False,published_closed_city_scope_Барнаул,2002,452.0,direct_published_census_value,/workspace/settlements-raw/data/raw/2002/066_76aa869929_Altai_krai1.xls,125d9d9dd5f089c0e610f2cb4ec9b77c204aebda058730bb08292e3060e6097a,False,,,,,,,,,,,,,,,,,,,,,,,,,,,False
published_closed_city_scope_Барнаул,2002.0,2002:066_76aa869929_Altai_krai1.xls:Sheet1:25,Гоньба,село,1726.0,direct_published_census_value,/workspace/settlements-raw/data/raw/2002/066_76aa869929_Altai_krai1.xls,125d9d9dd5f089c0e610f2cb4ec9b77c204aebda058730bb08292e3060e6097a,Sheet1!row_1based=25.0,True,True,False,True,True,False,atomic_NP_in_complete_published_scope,applied_complete_published_city_territorial_scope,published_complete_city_territory_scope,city_with_published_subordinates,UNKNOWN,False,False,False,False,True,False,published_closed_city_scope_Барнаул,2002,1726.0,direct_published_census_value,/workspace/settlements-raw/data/raw/2002/066_76aa869929_Altai_krai1.xls,125d9d9dd5f089c0e610f2cb4ec9b77c204aebda058730bb08292e3060e6097a,False,,,,,,,,,,,,,,,,,,,,,,,,,,,True
published_closed_city_scope_Барнаул,2002.0,2002:066_76aa869929_Altai_krai1.xls:Sheet1:26,Землянуха,посёлок,84.0,direct_published_census_value,/workspace/settlements-raw/data/raw/2002/066_76aa869929_Altai_krai1.xls,125d9d9dd5f089c0e610f2cb4ec9b77c204aebda058730bb08292e3060e6097a,Sheet1!row_1based=26.0,True,True,False,True,True,False,atomic_NP_in_complete_published_scope,applied_complete_published_city_territorial_scope,published_complete_city_territory_scope,city_with_published_subordinates,UNKNOWN,False,False,False,False,True,False,published_closed_city_scope_Барнаул,2002,84.0,direct_published_census_value,/workspace/settlements-raw/data/raw/2002/066_76aa869929_Altai_krai1.xls,125d9d9dd5f089c0e610f2cb4ec9b77c204aebda058730bb08292e3060e6097a,False,,,,,,,,,,,,,,,,,,,,,,,,,,,True
published_closed_city_scope_Барнаул,2002.0,2002:066_76aa869929_Altai_krai1.xls:Sheet1:27,Казенная Заимка,посёлок,1050.0,direct_published_census_value,/workspace/settlements-raw/data/raw/2002/066_76aa869929_Altai_krai1.xls,125d9d9dd5f089c0e610f2cb4ec9b77c204aebda058730bb08292e3060e6097a,Sheet1!row_1based=27.0,True,True,False,True,True,False,atomic_NP_in_complete_published_scope,applied_complete_published_city_territorial_scope,published_complete_city_territory_scope,city_with_published_subordinates,UNKNOWN,False,False,False,False,True,False,published_closed_city_scope_Барнаул,2002,1050.0,direct_published_census_value,/workspace/settlements-raw/data/raw/2002/066_76aa869929_Altai_krai1.xls,125d9d9dd5f089c0e610f2cb4ec9b77c204aebda058730bb08292e3060e6097a,False,,,,,,,,,,,,,,,,,,,,,,,,,,,True
published_closed_city_scope_Барнаул,2002.0,2002:066_76aa869929_Altai_krai1.xls:Sheet1:29,Борзовая Заимка,посёлок,1971.0,direct_published_census_value,/workspace/settlements-raw/data/raw/2002/066_76aa869929_Altai_krai1.xls,125d9d9dd5f089c0e610f2cb4ec9b77c204aebda058730bb08292e3060e6097a,Sheet1!row_1based=29.0,True,True,False,True,True,False,atomic_NP_in_complete_published_scope,applied_complete_published_city_territorial_scope,published_complete_city_territory_scope,city_with_published_subordinates,UNKNOWN,False,False,False,False,True,False,published_closed_city_scope_Барнаул,2002,1971.0,direct_published_census_value,/workspace/settlements-raw/data/raw/2002/066_76aa869929_Altai_krai1.xls,125d9d9dd5f089c0e610f2cb4ec9b77c204aebda058730bb08292e3060e6097a,False,,,,,,,,,,,,,,,,,,,,,,,,,,,True
published_closed_city_scope_Барнаул,2002.0,2002:066_76aa869929_Altai_krai1.xls:Sheet1:30,Плодопитомник,посёлок,499.0,direct_published_census_value,/workspace/settlements-raw/data/raw/2002/066_76aa869929_Altai_krai1.xls,125d9d9dd5f089c0e610f2cb4ec9b77c204aebda058730bb08292e3060e6097a,Sheet1!row_1based=30.0,True,True,False,True,True,False,atomic_NP_in_complete_published_scope,applied_complete_published_city_territorial_scope,published_complete_city_territory_scope,city_with_published_subordinates,UNKNOWN,False,False,False,False,True,False,published_closed_city_scope_Барнаул,2002,499.0,direct_published_census_value,/workspace/settlements-raw/data/raw/2002/066_76aa869929_Altai_krai1.xls,125d9d9dd5f089c0e610f2cb4ec9b77c204aebda058730bb08292e3060e6097a,False,,,,,,,,,,,,,,,,,,,,,,,,,,,True
published_closed_city_scope_Барнаул,2002.0,2002:066_76aa869929_Altai_krai1.xls:Sheet1:31,Ползунова,станция,248.0,direct_published_census_value,/workspace/settlements-raw/data/raw/2002/066_76aa869929_Altai_krai1.xls,125d9d9dd5f089c0e610f2cb4ec9b77c204aebda058730bb08292e3060e6097a,Sheet1!row_1based=31.0,True,True,False,False,False,False,atomic_NP_in_complete_published_scope,applied_complete_published_city_territorial_scope,published_complete_city_territory_scope,city_with_published_subordinates,UNKNOWN,False,False,False,False,True,False,published_closed_city_scope_Барнаул,2002,248.0,direct_published_census_value,/workspace/settlements-raw/data/raw/2002/066_76aa869929_Altai_krai1.xls,125d9d9dd5f089c0e610f2cb4ec9b77c204aebda058730bb08292e3060e6097a,False,,,,,,,,,,,,,,,,,,,,,,,,,,,False
published_closed_city_scope_Барнаул,2002.0,2002:066_76aa869929_Altai_krai1.xls:Sheet1:32,Садоводов,посёлок,1484.0,direct_published_census_value,/workspace/settlements-raw/data/raw/2002/066_76aa869929_Altai_krai1.xls,125d9d9dd5f089c0e610f2cb4ec9b77c204aebda058730bb08292e3060e6097a,Sheet1!row_1based=32.0,True,True,False,True,True,False,atomic_NP_in_complete_published_scope,applied_complete_published_city_territorial_scope,published_complete_city_territory_scope,city_with_published_subordinates,UNKNOWN,False,False,False,False,True,False,published_closed_city_scope_Барнаул,2002,1484.0,direct_published_census_value,/workspace/settlements-raw/data/raw/2002/066_76aa869929_Altai_krai1.xls,125d9d9dd5f089c0e610f2cb4ec9b77c204aebda058730bb08292e3060e6097a,False,,,,,,,,,,,,,,,,,,,,,,,,,,,True
published_closed_city_scope_Барнаул,2002.0,2002:066_76aa869929_Altai_krai1.xls:Sheet1:5,Власиха,село,4724.0,direct_published_census_value,/workspace/settlements-raw/data/raw/2002/066_76aa869929_Altai_krai1.xls,125d9d9dd5f089c0e610f2cb4ec9b77c204aebda058730bb08292e3060e6097a,Sheet1!row_1based=5.0,True,True,False,True,True,False,atomic_NP_in_complete_published_scope,applied_complete_published_city_territorial_scope,published_complete_city_territory_scope,city_with_published_subordinates,UNKNOWN,False,False,False,False,True,False,published_closed_city_scope_Барнаул,2002,4724.0,direct_published_census_value,/workspace/settlements-raw/data/raw/2002/066_76aa869929_Altai_krai1.xls,125d9d9dd5f089c0e610f2cb4ec9b77c204aebda058730bb08292e3060e6097a,False,,,,,,,,,,,,,,,,,,,,,,,,,,,True
published_closed_city_scope_Барнаул,2002.0,2002:066_76aa869929_Altai_krai1.xls:Sheet1:6,Власиха,станция,63.0,direct_published_census_value,/workspace/settlements-raw/data/raw/2002/066_76aa869929_Altai_krai1.xls,125d9d9dd5f089c0e610f2cb4ec9b77c204aebda058730bb08292e3060e6097a,Sheet1!row_1based=6.0,True,True,False,True,True,False,atomic_NP_in_complete_published_scope,applied_complete_published_city_territorial_scope,published_complete_city_territory_scope,city_with_published_subordinates,UNKNOWN,False,False,False,False,True,False,published_closed_city_scope_Барнаул,2002,63.0,direct_published_census_value,/workspace/settlements-raw/data/raw/2002/066_76aa869929_Altai_krai1.xls,125d9d9dd5f089c0e610f2cb4ec9b77c204aebda058730bb08292e3060e6097a,False,,,,,,,,,,,,,,,,,,,,,,,,,,,True
published_closed_city_scope_Барнаул,2002.0,2002:066_76aa869929_Altai_krai1.xls:Sheet1:7,Лесной,посёлок,1093.0,direct_published_census_value,/workspace/settlements-raw/data/raw/2002/066_76aa869929_Altai_krai1.xls,125d9d9dd5f089c0e610f2cb4ec9b77c204aebda058730bb08292e3060e6097a,Sheet1!row_1based=7.0,True,True,False,False,False,False,atomic_NP_in_complete_published_scope,applied_complete_published_city_territorial_scope,published_complete_city_territory_scope,city_with_published_subordinates,UNKNOWN,False,False,False,False,True,False,published_closed_city_scope_Барнаул,2002,1093.0,direct_published_census_value,/workspace/settlements-raw/data/raw/2002/066_76aa869929_Altai_krai1.xls,125d9d9dd5f089c0e610f2cb4ec9b77c204aebda058730bb08292e3060e6097a,False,,,,,,,,,,,,,,,,,,,,,,,,,,,False
published_closed_city_scope_Барнаул,2002.0,2002:066_76aa869929_Altai_krai1.xls:Sheet1:8,Новомихайловка,посёлок,808.0,direct_published_census_value,/workspace/settlements-raw/data/raw/2002/066_76aa869929_Altai_krai1.xls,125d9d9dd5f089c0e610f2cb4ec9b77c204aebda058730bb08292e3060e6097a,Sheet1!row_1based=8.0,True,True,False,True,True,False,atomic_NP_in_complete_published_scope,applied_complete_published_city_territorial_scope,published_complete_city_territory_scope,city_with_published_subordinates,UNKNOWN,False,False,False,False,True,False,published_closed_city_scope_Барнаул,2002,808.0,direct_published_census_value,/workspace/settlements-raw/data/raw/2002/066_76aa869929_Altai_krai1.xls,125d9d9dd5f089c0e610f2cb4ec9b77c204aebda058730bb08292e3060e6097a,False,,,,,,,,,,,,,,,,,,,,,,,,,,,True
published_closed_city_scope_Барнаул,2002.0,2002:066_76aa869929_Altai_krai1.xls:Sheet1:9,Пригородный,посёлок,2624.0,direct_published_census_value,/workspace/settlements-raw/data/raw/2002/066_76aa869929_Altai_krai1.xls,125d9d9dd5f089c0e610f2cb4ec9b77c204aebda058730bb08292e3060e6097a,Sheet1!row_1based=9.0,True,True,False,False,False,False,atomic_NP_in_complete_published_scope,applied_complete_published_city_territorial_scope,published_complete_city_territory_scope,city_with_published_subordinates,UNKNOWN,False,False,False,False,True,False,published_closed_city_scope_Барнаул,2002,2624.0,direct_published_census_value,/workspace/settlements-raw/data/raw/2002/066_76aa869929_Altai_krai1.xls,125d9d9dd5f089c0e610f2cb4ec9b77c204aebda058730bb08292e3060e6097a,False,,,,,,,,,,,,,,,,,,,,,,,,,,,False
published_closed_city_scope_Барнаул,2010.0,2010:pub-11-1-4.pdf:pdf_page_2:21,Барнаул,город,612401.0,direct_official_city_value,/workspace/settlements-raw/data/raw/2010_official_tom11/pub-11-1-4.pdf,db2528e6db3c6089351bd09d253c9dfa607e2f2dff6cc45d1174fb21fa96d500,pdf_page_2!row_1based=21.0,True,True,False,True,True,False,atomic_NP_in_complete_published_scope,applied_complete_published_city_territorial_scope,published_complete_city_territory_scope,city_with_published_subordinates,UNKNOWN,False,False,False,False,True,False,published_closed_city_scope_Барнаул,2010,612401.0,direct_official_city_value,/workspace/settlements-raw/data/raw/2010_official_tom11/pub-11-1-4.pdf,db2528e6db3c6089351bd09d253c9dfa607e2f2dff6cc45d1174fb21fa96d500,False,,,,,,,,,,,,,,,,,,,,,,,,,,,True
published_closed_city_scope_Барнаул,2010.0,ROSSTAT2010:T5:p169:l43,Южный,пгт,19233.0,reviewed_primary_reported_value,/workspace/settlements-raw/data/raw/2010_official_tom1/tom-1-chislennost-i-razmeshchenie-naseleniya.pdf,42cb939d8024042ffcf8a708676cef3f159a93e4dad697086c80465d445887c3,pdf_page_169!row_1based=43.0,True,True,False,True,True,False,atomic_NP_in_complete_published_scope,applied_complete_published_city_territorial_scope,published_complete_city_territory_scope,city_with_published_subordinates,UNKNOWN,False,False,False,False,True,False,published_closed_city_scope_Барнаул,2010,19233.0,reviewed_primary_reported_value,/workspace/settlements-raw/data/raw/2010_official_tom1/tom-1-chislennost-i-razmeshchenie-naseleniya.pdf,42cb939d8024042ffcf8a708676cef3f159a93e4dad697086c80465d445887c3,False,,,,,,,,,,,,,,,,,,,,,,,,,,,True
published_closed_city_scope_Барнаул,2010.0,2010:008_342f3c208b_16._20Сиб_ФО_2010.xls:Sib:1585,Борзовая Заимка,посёлок,2170.0,secondary_confidentiality_protected_value_exact_scope_unverified,/workspace/settlements-raw/data/raw/2010/008_342f3c208b_16._20Сиб_ФО_2010.xls,960feadeb50c27be2d8a2084112349fb0c22ae608929716bcafed5a140c84d0e,Sib!row_1based=1585.0,True,True,False,True,True,False,atomic_NP_in_complete_published_scope,applied_complete_published_city_territorial_scope,published_complete_city_territory_scope,city_with_published_subordinates,UNKNOWN,False,False,False,False,True,False,published_closed_city_scope_Барнаул,2010,2170.0,secondary_confidentiality_protected_value_exact_scope_unverified,/workspace/settlements-raw/data/raw/2010/008_342f3c208b_16._20Сиб_ФО_2010.xls,960feadeb50c27be2d8a2084112349fb0c22ae608929716bcafed5a140c84d0e,False,,,,,,,,,,,,,,,,,,,,,,,,,,,True
published_closed_city_scope_Барнаул,2010.0,2010:008_342f3c208b_16._20Сиб_ФО_2010.xls:Sib:1586,Плодопитомник,посёлок,652.0,secondary_confidentiality_protected_value_exact_scope_unverified,/workspace/settlements-raw/data/raw/2010/008_342f3c208b_16._20Сиб_ФО_2010.xls,960feadeb50c27be2d8a2084112349fb0c22ae608929716bcafed5a140c84d0e,Sib!row_1based=1586.0,True,True,False,True,True,False,atomic_NP_in_complete_published_scope,applied_complete_published_city_territorial_scope,published_complete_city_territory_scope,city_with_published_subordinates,UNKNOWN,False,False,False,False,True,False,published_closed_city_scope_Барнаул,2010,652.0,secondary_confidentiality_protected_value_exact_scope_unverified,/workspace/settlements-raw/data/raw/2010/008_342f3c208b_16._20Сиб_ФО_2010.xls,960feadeb50c27be2d8a2084112349fb0c22ae608929716bcafed5a140c84d0e,False,,,,,,,,,,,,,,,,,,,,,,,,,,,True
published_closed_city_scope_Барнаул,2010.0,2010:008_342f3c208b_16._20Сиб_ФО_2010.xls:Sib:1587,Ползуново,станция,320.0,secondary_confidentiality_protected_value_exact_scope_unverified,/workspace/settlements-raw/data/raw/2010/008_342f3c208b_16._20Сиб_ФО_2010.xls,960feadeb50c27be2d8a2084112349fb0c22ae608929716bcafed5a140c84d0e,Sib!row_1based=1587.0,True,True,False,False,True,False,atomic_NP_in_complete_published_scope,applied_complete_published_city_territorial_scope,published_complete_city_territory_scope,city_with_published_subordinates,UNKNOWN,False,False,False,False,True,False,published_closed_city_scope_Барнаул,2010,320.0,secondary_confidentiality_protected_value_exact_scope_unverified,/workspace/settlements-raw/data/raw/2010/008_342f3c208b_16._20Сиб_ФО_2010.xls,960feadeb50c27be2d8a2084112349fb0c22ae608929716bcafed5a140c84d0e,False,,,,,,,,,,,,,,,,,,,,,,,,,,,False
published_closed_city_scope_Барнаул,2010.0,2010:008_342f3c208b_16._20Сиб_ФО_2010.xls:Sib:1588,Садоводов,посёлок,1629.0,secondary_confidentiality_protected_value_exact_scope_unverified,/workspace/settlements-raw/data/raw/2010/008_342f3c208b_16._20Сиб_ФО_2010.xls,960feadeb50c27be2d8a2084112349fb0c22ae608929716bcafed5a140c84d0e,Sib!row_1based=1588.0,True,True,False,True,True,False,atomic_NP_in_complete_published_scope,applied_complete_published_city_territorial_scope,published_complete_city_territory_scope,city_with_published_subordinates,UNKNOWN,False,False,False,False,True,False,published_closed_city_scope_Барнаул,2010,1629.0,secondary_confidentiality_protected_value_exact_scope_unverified,/workspace/settlements-raw/data/raw/2010/008_342f3c208b_16._20Сиб_ФО_2010.xls,960feadeb50c27be2d8a2084112349fb0c22ae608929716bcafed5a140c84d0e,False,,,,,,,,,,,,,,,,,,,,,,,,,,,True
published_closed_city_scope_Барнаул,2010.0,2010:008_342f3c208b_16._20Сиб_ФО_2010.xls:Sib:1589,Власиха,село,9161.0,secondary_confidentiality_protected_value_exact_scope_unverified,/workspace/settlements-raw/data/raw/2010/008_342f3c208b_16._20Сиб_ФО_2010.xls,960feadeb50c27be2d8a2084112349fb0c22ae608929716bcafed5a140c84d0e,Sib!row_1based=1589.0,True,True,False,True,True,False,atomic_NP_in_complete_published_scope,applied_complete_published_city_territorial_scope,published_complete_city_territory_scope,city_with_published_subordinates,UNKNOWN,False,False,False,False,True,False,published_closed_city_scope_Барнаул,2010,9161.0,secondary_confidentiality_protected_value_exact_scope_unverified,/workspace/settlements-raw/data/raw/2010/008_342f3c208b_16._20Сиб_ФО_2010.xls,960feadeb50c27be2d8a2084112349fb0c22ae608929716bcafed5a140c84d0e,False,,,,,,,,,,,,,,,,,,,,,,,,,,,True
published_closed_city_scope_Барнаул,2010.0,2010:008_342f3c208b_16._20Сиб_ФО_2010.xls:Sib:1590,Власиха,станция,60.0,secondary_confidentiality_protected_value_exact_scope_unverified,/workspace/settlements-raw/data/raw/2010/008_342f3c208b_16._20Сиб_ФО_2010.xls,960feadeb50c27be2d8a2084112349fb0c22ae608929716bcafed5a140c84d0e,Sib!row_1based=1590.0,True,True,False,True,True,False,atomic_NP_in_complete_published_scope,applied_complete_published_city_territorial_scope,published_complete_city_territory_scope,city_with_published_subordinates,UNKNOWN,False,False,False,False,True,False,published_closed_city_scope_Барнаул,2010,60.0,secondary_confidentiality_protected_value_exact_scope_unverified,/workspace/settlements-raw/data/raw/2010/008_342f3c208b_16._20Сиб_ФО_2010.xls,960feadeb50c27be2d8a2084112349fb0c22ae608929716bcafed5a140c84d0e,False,,,,,,,,,,,,,,,,,,,,,,,,,,,True
published_closed_city_scope_Барнаул,2010.0,2010:008_342f3c208b_16._20Сиб_ФО_2010.xls:Sib:1591,Лесной,посёлок,1514.0,secondary_confidentiality_protected_value_exact_scope_unverified,/workspace/settlements-raw/data/raw/2010/008_342f3c208b_16._20Сиб_ФО_2010.xls,960feadeb50c27be2d8a2084112349fb0c22ae608929716bcafed5a140c84d0e,Sib!row_1based=1591.0,True,True,False,False,False,False,atomic_NP_in_complete_published_scope,applied_complete_published_city_territorial_scope,published_complete_city_territory_scope,city_with_published_subordinates,UNKNOWN,False,False,False,False,True,False,published_closed_city_scope_Барнаул,2010,1514.0,secondary_confidentiality_protected_value_exact_scope_unverified,/workspace/settlements-raw/data/raw/2010/008_342f3c208b_16._20Сиб_ФО_2010.xls,960feadeb50c27be2d8a2084112349fb0c22ae608929716bcafed5a140c84d0e,False,,,,,,,,,,,,,,,,,,,,,,,,,,,False
published_closed_city_scope_Барнаул,2010.0,2010:008_342f3c208b_16._20Сиб_ФО_2010.xls:Sib:1592,Новомихайловка,посёлок,1261.0,secondary_confidentiality_protected_value_exact_scope_unverified,/workspace/settlements-raw/data/raw/2010/008_342f3c208b_16._20Сиб_ФО_2010.xls,960feadeb50c27be2d8a2084112349fb0c22ae608929716bcafed5a140c84d0e,Sib!row_1based=1592.0,True,True,False,True,True,False,atomic_NP_in_complete_published_scope,applied_complete_published_city_territorial_scope,published_complete_city_territory_scope,city_with_published_subordinates,UNKNOWN,False,False,False,False,True,False,published_closed_city_scope_Барнаул,2010,1261.0,secondary_confidentiality_protected_value_exact_scope_unverified,/workspace/settlements-raw/data/raw/2010/008_342f3c208b_16._20Сиб_ФО_2010.xls,960feadeb50c27be2d8a2084112349fb0c22ae608929716bcafed5a140c84d0e,False,,,,,,,,,,,,,,,,,,,,,,,,,,,True
published_closed_city_scope_Барнаул,2010.0,2010:008_342f3c208b_16._20Сиб_ФО_2010.xls:Sib:1593,Пригородный,посёлок,2956.0,secondary_confidentiality_protected_value_exact_scope_unverified,/workspace/settlements-raw/data/raw/2010/008_342f3c208b_16._20Сиб_ФО_2010.xls,960feadeb50c27be2d8a2084112349fb0c22ae608929716bcafed5a140c84d0e,Sib!row_1based=1593.0,True,True,False,False,False,False,atomic_NP_in_complete_published_scope,applied_complete_published_city_territorial_scope,published_complete_city_territory_scope,city_with_published_subordinates,UNKNOWN,False,False,False,False,True,False,published_closed_city_scope_Барнаул,2010,2956.0,secondary_confidentiality_protected_value_exact_scope_unverified,/workspace/settlements-raw/data/raw/2010/008_342f3c208b_16._20Сиб_ФО_2010.xls,960feadeb50c27be2d8a2084112349fb0c22ae608929716bcafed5a140c84d0e,False,,,,,,,,,,,,,,,,,,,,,,,,,,,False
published_closed_city_scope_Барнаул,2010.0,2010:008_342f3c208b_16._20Сиб_ФО_2010.xls:Sib:1594,Лебяжье,село,5187.0,secondary_confidentiality_protected_value_exact_scope_unverified,/workspace/settlements-raw/data/raw/2010/008_342f3c208b_16._20Сиб_ФО_2010.xls,960feadeb50c27be2d8a2084112349fb0c22ae608929716bcafed5a140c84d0e,Sib!row_1based=1594.0,True,True,False,True,True,False,atomic_NP_in_complete_published_scope,applied_complete_published_city_territorial_scope,published_complete_city_territory_scope,city_with_published_subordinates,UNKNOWN,False,False,False,False,True,False,published_closed_city_scope_Барнаул,2010,5187.0,secondary_confidentiality_protected_value_exact_scope_unverified,/workspace/settlements-raw/data/raw/2010/008_342f3c208b_16._20Сиб_ФО_2010.xls,960feadeb50c27be2d8a2084112349fb0c22ae608929716bcafed5a140c84d0e,False,,,,,,,,,,,,,,,,,,,,,,,,,,,True
published_closed_city_scope_Барнаул,2010.0,2010:008_342f3c208b_16._20Сиб_ФО_2010.xls:Sib:1595,242 км,железнодорожный объект,114.0,secondary_confidentiality_protected_value_exact_scope_unverified,/workspace/settlements-raw/data/raw/2010/008_342f3c208b_16._20Сиб_ФО_2010.xls,960feadeb50c27be2d8a2084112349fb0c22ae608929716bcafed5a140c84d0e,Sib!row_1based=1595.0,True,True,False,False,False,False,atomic_NP_in_complete_published_scope,applied_complete_published_city_territorial_scope,published_complete_city_territory_scope,city_with_published_subordinates,UNKNOWN,False,False,False,False,True,False,published_closed_city_scope_Барнаул,2010,114.0,secondary_confidentiality_protected_value_exact_scope_unverified,/workspace/settlements-raw/data/raw/2010/008_342f3c208b_16._20Сиб_ФО_2010.xls,960feadeb50c27be2d8a2084112349fb0c22ae608929716bcafed5a140c84d0e,False,,,,,,,,,,,,,,,,,,,,,,,,,,,False
published_closed_city_scope_Барнаул,2010.0,2010:008_342f3c208b_16._20Сиб_ФО_2010.xls:Sib:1596,Центральный,посёлок,1955.0,secondary_confidentiality_protected_value_exact_scope_unverified,/workspace/settlements-raw/data/raw/2010/008_342f3c208b_16._20Сиб_ФО_2010.xls,960feadeb50c27be2d8a2084112349fb0c22ae608929716bcafed5a140c84d0e,Sib!row_1based=1596.0,True,True,False,True,True,False,atomic_NP_in_complete_published_scope,applied_complete_published_city_territorial_scope,published_complete_city_territory_scope,city_with_published_subordinates,UNKNOWN,False,False,False,False,True,False,published_closed_city_scope_Барнаул,2010,1955.0,secondary_confidentiality_protected_value_exact_scope_unverified,/workspace/settlements-raw/data/raw/2010/008_342f3c208b_16._20Сиб_ФО_2010.xls,960feadeb50c27be2d8a2084112349fb0c22ae608929716bcafed5a140c84d0e,False,,,,,,,,,,,,,,,,,,,,,,,,,,,True
published_closed_city_scope_Барнаул,2010.0,2010:008_342f3c208b_16._20Сиб_ФО_2010.xls:Sib:1597,Бельмесёво,посёлок,1459.0,secondary_confidentiality_protected_value_exact_scope_unverified,/workspace/settlements-raw/data/raw/2010/008_342f3c208b_16._20Сиб_ФО_2010.xls,960feadeb50c27be2d8a2084112349fb0c22ae608929716bcafed5a140c84d0e,Sib!row_1based=1597.0,True,True,False,True,True,False,atomic_NP_in_complete_published_scope,applied_complete_published_city_territorial_scope,published_complete_city_territory_scope,city_with_published_subordinates,UNKNOWN,False,False,False,False,True,False,published_closed_city_scope_Барнаул,2010,1459.0,secondary_confidentiality_protected_value_exact_scope_unverified,/workspace/settlements-raw/data/raw/2010/008_342f3c208b_16._20Сиб_ФО_2010.xls,960feadeb50c27be2d8a2084112349fb0c22ae608929716bcafed5a140c84d0e,False,,,,,,,,,,,,,,,,,,,,,,,,,,,True
published_closed_city_scope_Барнаул,2010.0,2010:008_342f3c208b_16._20Сиб_ФО_2010.xls:Sib:1598,250 км,железнодорожный объект,34.0,secondary_confidentiality_protected_value_exact_scope_unverified,/workspace/settlements-raw/data/raw/2010/008_342f3c208b_16._20Сиб_ФО_2010.xls,960feadeb50c27be2d8a2084112349fb0c22ae608929716bcafed5a140c84d0e,Sib!row_1based=1598.0,True,True,False,False,False,False,atomic_NP_in_complete_published_scope,applied_complete_published_city_territorial_scope,published_complete_city_territory_scope,city_with_published_subordinates,UNKNOWN,False,False,False,False,True,False,published_closed_city_scope_Барнаул,2010,34.0,secondary_confidentiality_protected_value_exact_scope_unverified,/workspace/settlements-raw/data/raw/2010/008_342f3c208b_16._20Сиб_ФО_2010.xls,960feadeb50c27be2d8a2084112349fb0c22ae608929716bcafed5a140c84d0e,False,,,,,,,,,,,,,,,,,,,,,,,,,,,False
published_closed_city_scope_Барнаул,2010.0,2010:008_342f3c208b_16._20Сиб_ФО_2010.xls:Sib:1599,253 км,железнодорожный объект,4.0,secondary_confidentiality_protected_value_exact_scope_unverified,/workspace/settlements-raw/data/raw/2010/008_342f3c208b_16._20Сиб_ФО_2010.xls,960feadeb50c27be2d8a2084112349fb0c22ae608929716bcafed5a140c84d0e,Sib!row_1based=1599.0,True,True,False,False,False,False,atomic_NP_in_complete_published_scope,applied_complete_published_city_territorial_scope,published_complete_city_territory_scope,city_with_published_subordinates,UNKNOWN,False,False,False,False,True,False,published_closed_city_scope_Барнаул,2010,4.0,secondary_confidentiality_protected_value_exact_scope_unverified,/workspace/settlements-raw/data/raw/2010/008_342f3c208b_16._20Сиб_ФО_2010.xls,960feadeb50c27be2d8a2084112349fb0c22ae608929716bcafed5a140c84d0e,False,,,,,,,,,,,,,,,,,,,,,,,,,,,False
published_closed_city_scope_Барнаул,2010.0,2010:008_342f3c208b_16._20Сиб_ФО_2010.xls:Sib:1600,Конюхи,посёлок,21.0,secondary_confidentiality_protected_value_exact_scope_unverified,/workspace/settlements-raw/data/raw/2010/008_342f3c208b_16._20Сиб_ФО_2010.xls,960feadeb50c27be2d8a2084112349fb0c22ae608929716bcafed5a140c84d0e,Sib!row_1based=1600.0,True,True,False,True,True,False,atomic_NP_in_complete_published_scope,applied_complete_published_city_territorial_scope,published_complete_city_territory_scope,city_with_published_subordinates,UNKNOWN,False,False,False,False,True,False,published_closed_city_scope_Барнаул,2010,21.0,secondary_confidentiality_protected_value_exact_scope_unverified,/workspace/settlements-raw/data/raw/2010/008_342f3c208b_16._20Сиб_ФО_2010.xls,960feadeb50c27be2d8a2084112349fb0c22ae608929716bcafed5a140c84d0e,False,,,,,,,,,,,,,,,,,,,,,,,,,,,True
published_closed_city_scope_Барнаул,2010.0,2010:008_342f3c208b_16._20Сиб_ФО_2010.xls:Sib:1601,Мохнатушка,посёлок,254.0,secondary_confidentiality_protected_value_exact_scope_unverified,/workspace/settlements-raw/data/raw/2010/008_342f3c208b_16._20Сиб_ФО_2010.xls,960feadeb50c27be2d8a2084112349fb0c22ae608929716bcafed5a140c84d0e,Sib!row_1based=1601.0,True,True,False,True,True,False,atomic_NP_in_complete_published_scope,applied_complete_published_city_territorial_scope,published_complete_city_territory_scope,city_with_published_subordinates,UNKNOWN,False,False,False,False,True,False,published_closed_city_scope_Барнаул,2010,254.0,secondary_confidentiality_protected_value_exact_scope_unverified,/workspace/settlements-raw/data/raw/2010/008_342f3c208b_16._20Сиб_ФО_2010.xls,960feadeb50c27be2d8a2084112349fb0c22ae608929716bcafed5a140c84d0e,False,,,,,,,,,,,,,,,,,,,,,,,,,,,True
published_closed_city_scope_Барнаул,2010.0,2010:008_342f3c208b_16._20Сиб_ФО_2010.xls:Sib:1602,Черницк,посёлок,759.0,secondary_confidentiality_protected_value_exact_scope_unverified,/workspace/settlements-raw/data/raw/2010/008_342f3c208b_16._20Сиб_ФО_2010.xls,960feadeb50c27be2d8a2084112349fb0c22ae608929716bcafed5a140c84d0e,Sib!row_1based=1602.0,True,True,False,True,True,False,atomic_NP_in_complete_published_scope,applied_complete_published_city_territorial_scope,published_complete_city_territory_scope,city_with_published_subordinates,UNKNOWN,False,False,False,False,True,False,published_closed_city_scope_Барнаул,2010,759.0,secondary_confidentiality_protected_value_exact_scope_unverified,/workspace/settlements-raw/data/raw/2010/008_342f3c208b_16._20Сиб_ФО_2010.xls,960feadeb50c27be2d8a2084112349fb0c22ae608929716bcafed5a140c84d0e,False,,,,,,,,,,,,,,,,,,,,,,,,,,,True
published_closed_city_scope_Барнаул,2010.0,2010:008_342f3c208b_16._20Сиб_ФО_2010.xls:Sib:1603,Ягодное,посёлок,1119.0,secondary_confidentiality_protected_value_exact_scope_unverified,/workspace/settlements-raw/data/raw/2010/008_342f3c208b_16._20Сиб_ФО_2010.xls,960feadeb50c27be2d8a2084112349fb0c22ae608929716bcafed5a140c84d0e,Sib!row_1based=1603.0,True,True,False,True,True,False,atomic_NP_in_complete_published_scope,applied_complete_published_city_territorial_scope,published_complete_city_territory_scope,city_with_published_subordinates,UNKNOWN,False,False,False,False,True,False,published_closed_city_scope_Барнаул,2010,1119.0,secondary_confidentiality_protected_value_exact_scope_unverified,/workspace/settlements-raw/data/raw/2010/008_342f3c208b_16._20Сиб_ФО_2010.xls,960feadeb50c27be2d8a2084112349fb0c22ae608929716bcafed5a140c84d0e,False,,,,,,,,,,,,,,,,,,,,,,,,,,,True
published_closed_city_scope_Барнаул,2010.0,2010:008_342f3c208b_16._20Сиб_ФО_2010.xls:Sib:1604,Научный Городок,посёлок,2933.0,secondary_confidentiality_protected_value_exact_scope_unverified,/workspace/settlements-raw/data/raw/2010/008_342f3c208b_16._20Сиб_ФО_2010.xls,960feadeb50c27be2d8a2084112349fb0c22ae608929716bcafed5a140c84d0e,Sib!row_1based=1604.0,True,True,False,True,True,False,atomic_NP_in_complete_published_scope,applied_complete_published_city_territorial_scope,published_complete_city_territory_scope,city_with_published_subordinates,UNKNOWN,False,False,False,False,True,False,published_closed_city_scope_Барнаул,2010,2933.0,secondary_confidentiality_protected_value_exact_scope_unverified,/workspace/settlements-raw/data/raw/2010/008_342f3c208b_16._20Сиб_ФО_2010.xls,960feadeb50c27be2d8a2084112349fb0c22ae608929716bcafed5a140c84d0e,False,,,,,,,,,,,,,,,,,,,,,,,,,,,True
published_closed_city_scope_Барнаул,2010.0,2010:008_342f3c208b_16._20Сиб_ФО_2010.xls:Sib:1605,Берёзовка,посёлок,314.0,secondary_confidentiality_protected_value_exact_scope_unverified,/workspace/settlements-raw/data/raw/2010/008_342f3c208b_16._20Сиб_ФО_2010.xls,960feadeb50c27be2d8a2084112349fb0c22ae608929716bcafed5a140c84d0e,Sib!row_1based=1605.0,True,True,False,False,False,False,atomic_NP_in_complete_published_scope,applied_complete_published_city_territorial_scope,published_complete_city_territory_scope,city_with_published_subordinates,UNKNOWN,False,False,False,False,True,False,published_closed_city_scope_Барнаул,2010,314.0,secondary_confidentiality_protected_value_exact_scope_unverified,/workspace/settlements-raw/data/raw/2010/008_342f3c208b_16._20Сиб_ФО_2010.xls,960feadeb50c27be2d8a2084112349fb0c22ae608929716bcafed5a140c84d0e,False,,,,,,,,,,,,,,,,,,,,,,,,,,,False
published_closed_city_scope_Барнаул,2010.0,2010:008_342f3c208b_16._20Сиб_ФО_2010.xls:Sib:1606,Гоньба,село,2189.0,secondary_confidentiality_protected_value_exact_scope_unverified,/workspace/settlements-raw/data/raw/2010/008_342f3c208b_16._20Сиб_ФО_2010.xls,960feadeb50c27be2d8a2084112349fb0c22ae608929716bcafed5a140c84d0e,Sib!row_1based=1606.0,True,True,False,True,True,False,atomic_NP_in_complete_published_scope,applied_complete_published_city_territorial_scope,published_complete_city_territory_scope,city_with_published_subordinates,UNKNOWN,False,False,False,False,True,False,published_closed_city_scope_Барнаул,2010,2189.0,secondary_confidentiality_protected_value_exact_scope_unverified,/workspace/settlements-raw/data/raw/2010/008_342f3c208b_16._20Сиб_ФО_2010.xls,960feadeb50c27be2d8a2084112349fb0c22ae608929716bcafed5a140c84d0e,False,,,,,,,,,,,,,,,,,,,,,,,,,,,True
published_closed_city_scope_Барнаул,2010.0,2010:008_342f3c208b_16._20Сиб_ФО_2010.xls:Sib:1607,Землянуха,посёлок,88.0,secondary_confidentiality_protected_value_exact_scope_unverified,/workspace/settlements-raw/data/raw/2010/008_342f3c208b_16._20Сиб_ФО_2010.xls,960feadeb50c27be2d8a2084112349fb0c22ae608929716bcafed5a140c84d0e,Sib!row_1based=1607.0,True,True,False,True,True,False,atomic_NP_in_complete_published_scope,applied_complete_published_city_territorial_scope,published_complete_city_territory_scope,city_with_published_subordinates,UNKNOWN,False,False,False,False,True,False,published_closed_city_scope_Барнаул,2010,88.0,secondary_confidentiality_protected_value_exact_scope_unverified,/workspace/settlements-raw/data/raw/2010/008_342f3c208b_16._20Сиб_ФО_2010.xls,960feadeb50c27be2d8a2084112349fb0c22ae608929716bcafed5a140c84d0e,False,,,,,,,,,,,,,,,,,,,,,,,,,,,True
published_closed_city_scope_Барнаул,2010.0,2010:008_342f3c208b_16._20Сиб_ФО_2010.xls:Sib:1608,Казённая Заимка,посёлок,2334.0,secondary_confidentiality_protected_value_exact_scope_unverified,/workspace/settlements-raw/data/raw/2010/008_342f3c208b_16._20Сиб_ФО_2010.xls,960feadeb50c27be2d8a2084112349fb0c22ae608929716bcafed5a140c84d0e,Sib!row_1based=1608.0,True,True,False,True,True,False,atomic_NP_in_complete_published_scope,applied_complete_published_city_territorial_scope,published_complete_city_territory_scope,city_with_published_subordinates,UNKNOWN,False,False,False,False,True,False,published_closed_city_scope_Барнаул,2010,2334.0,secondary_confidentiality_protected_value_exact_scope_unverified,/workspace/settlements-raw/data/raw/2010/008_342f3c208b_16._20Сиб_ФО_2010.xls,960feadeb50c27be2d8a2084112349fb0c22ae608929716bcafed5a140c84d0e,False,,,,,,,,,,,,,,,,,,,,,,,,,,,True
published_closed_city_scope_Барнаул,2021.0,2021:data_allsettlements_anon_156_v20251217.parquet:parquet:41099,Барнаул,город,630877.0,direct_published_census_value,/workspace/settlements-raw/data/interim/2021_tochno/data_allsettlements_anon_156_v20251217.parquet,86c197cd522e0b63669e9c6e7f43fd3d82b3704c6a126c800a9968ecd16cae14,parquet!row_1based=41099.0,True,True,False,True,True,False,atomic_NP_in_complete_published_scope,applied_complete_published_city_territorial_scope,published_complete_city_territory_scope,city_with_published_subordinates,UNKNOWN,False,False,False,False,True,False,published_closed_city_scope_Барнаул,2021,630877.0,direct_published_census_value,/workspace/settlements-raw/data/interim/2021_tochno/data_allsettlements_anon_156_v20251217.parquet,86c197cd522e0b63669e9c6e7f43fd3d82b3704c6a126c800a9968ecd16cae14,False,,,,,,,,,,,,,,,,,,,,,,,,,,,True
published_closed_city_scope_Барнаул,2021.0,2021:data_allsettlements_anon_156_v20251217.parquet:parquet:41100,Южный,пгт,18098.0,direct_published_census_value,/workspace/settlements-raw/data/interim/2021_tochno/data_allsettlements_anon_156_v20251217.parquet,86c197cd522e0b63669e9c6e7f43fd3d82b3704c6a126c800a9968ecd16cae14,parquet!row_1based=41100.0,True,True,False,True,True,False,atomic_NP_in_complete_published_scope,applied_complete_published_city_territorial_scope,published_complete_city_territory_scope,city_with_published_subordinates,UNKNOWN,False,False,False,False,True,False,published_closed_city_scope_Барнаул,2021,18098.0,direct_published_census_value,/workspace/settlements-raw/data/interim/2021_tochno/data_allsettlements_anon_156_v20251217.parquet,86c197cd522e0b63669e9c6e7f43fd3d82b3704c6a126c800a9968ecd16cae14,False,,,,,,,,,,,,,,,,,,,,,,,,,,,True
published_closed_city_scope_Барнаул,2021.0,2021:data_allsettlements_anon_156_v20251217.parquet:parquet:41101,Берёзовка,посёлок,414.0,direct_published_census_value,/workspace/settlements-raw/data/interim/2021_tochno/data_allsettlements_anon_156_v20251217.parquet,86c197cd522e0b63669e9c6e7f43fd3d82b3704c6a126c800a9968ecd16cae14,parquet!row_1based=41101.0,True,True,False,False,True,False,atomic_NP_in_complete_published_scope,applied_complete_published_city_territorial_scope,published_complete_city_territory_scope,city_with_published_subordinates,UNKNOWN,False,False,False,False,True,False,published_closed_city_scope_Барнаул,2021,414.0,direct_published_census_value,/workspace/settlements-raw/data/interim/2021_tochno/data_allsettlements_anon_156_v20251217.parquet,86c197cd522e0b63669e9c6e7f43fd3d82b3704c6a126c800a9968ecd16cae14,False,,,,,,,,,,,,,,,,,,,,,,,,,,,False
published_closed_city_scope_Барнаул,2021.0,2021:data_allsettlements_anon_156_v20251217.parquet:parquet:41102,Борзовая Заимка,посёлок,2088.0,direct_published_census_value,/workspace/settlements-raw/data/interim/2021_tochno/data_allsettlements_anon_156_v20251217.parquet,86c197cd522e0b63669e9c6e7f43fd3d82b3704c6a126c800a9968ecd16cae14,parquet!row_1based=41102.0,True,True,False,True,True,False,atomic_NP_in_complete_published_scope,applied_complete_published_city_territorial_scope,published_complete_city_territory_scope,city_with_published_subordinates,UNKNOWN,False,False,False,False,True,False,published_closed_city_scope_Барнаул,2021,2088.0,direct_published_census_value,/workspace/settlements-raw/data/interim/2021_tochno/data_allsettlements_anon_156_v20251217.parquet,86c197cd522e0b63669e9c6e7f43fd3d82b3704c6a126c800a9968ecd16cae14,False,,,,,,,,,,,,,,,,,,,,,,,,,,,True
published_closed_city_scope_Барнаул,2021.0,2021:data_allsettlements_anon_156_v20251217.parquet:parquet:41103,Бельмесёво,посёлок,4341.0,direct_published_census_value,/workspace/settlements-raw/data/interim/2021_tochno/data_allsettlements_anon_156_v20251217.parquet,86c197cd522e0b63669e9c6e7f43fd3d82b3704c6a126c800a9968ecd16cae14,parquet!row_1based=41103.0,True,True,False,True,True,False,atomic_NP_in_complete_published_scope,applied_complete_published_city_territorial_scope,published_complete_city_territory_scope,city_with_published_subordinates,UNKNOWN,False,False,False,False,True,False,published_closed_city_scope_Барнаул,2021,4341.0,direct_published_census_value,/workspace/settlements-raw/data/interim/2021_tochno/data_allsettlements_anon_156_v20251217.parquet,86c197cd522e0b63669e9c6e7f43fd3d82b3704c6a126c800a9968ecd16cae14,False,,,,,,,,,,,,,,,,,,,,,,,,,,,True
published_closed_city_scope_Барнаул,2021.0,2021:data_allsettlements_anon_156_v20251217.parquet:parquet:41104,Власиха,село,12973.0,direct_published_census_value,/workspace/settlements-raw/data/interim/2021_tochno/data_allsettlements_anon_156_v20251217.parquet,86c197cd522e0b63669e9c6e7f43fd3d82b3704c6a126c800a9968ecd16cae14,parquet!row_1based=41104.0,True,True,False,True,True,False,atomic_NP_in_complete_published_scope,applied_complete_published_city_territorial_scope,published_complete_city_territory_scope,city_with_published_subordinates,UNKNOWN,False,False,False,False,True,False,published_closed_city_scope_Барнаул,2021,12973.0,direct_published_census_value,/workspace/settlements-raw/data/interim/2021_tochno/data_allsettlements_anon_156_v20251217.parquet,86c197cd522e0b63669e9c6e7f43fd3d82b3704c6a126c800a9968ecd16cae14,False,,,,,,,,,,,,,,,,,,,,,,,,,,,True
published_closed_city_scope_Барнаул,2021.0,2021:data_allsettlements_anon_156_v20251217.parquet:parquet:41105,Власиха,станция,23.0,direct_published_census_value,/workspace/settlements-raw/data/interim/2021_tochno/data_allsettlements_anon_156_v20251217.parquet,86c197cd522e0b63669e9c6e7f43fd3d82b3704c6a126c800a9968ecd16cae14,parquet!row_1based=41105.0,True,True,False,True,True,False,atomic_NP_in_complete_published_scope,applied_complete_published_city_territorial_scope,published_complete_city_territory_scope,city_with_published_subordinates,UNKNOWN,False,False,False,False,True,False,published_closed_city_scope_Барнаул,2021,23.0,direct_published_census_value,/workspace/settlements-raw/data/interim/2021_tochno/data_allsettlements_anon_156_v20251217.parquet,86c197cd522e0b63669e9c6e7f43fd3d82b3704c6a126c800a9968ecd16cae14,False,,,,,,,,,,,,,,,,,,,,,,,,,,,True
published_closed_city_scope_Барнаул,2021.0,2021:data_allsettlements_anon_156_v20251217.parquet:parquet:41106,Гоньба,село,2640.0,direct_published_census_value,/workspace/settlements-raw/data/interim/2021_tochno/data_allsettlements_anon_156_v20251217.parquet,86c197cd522e0b63669e9c6e7f43fd3d82b3704c6a126c800a9968ecd16cae14,parquet!row_1based=41106.0,True,True,False,True,True,False,atomic_NP_in_complete_published_scope,applied_complete_published_city_territorial_scope,published_complete_city_territory_scope,city_with_published_subordinates,UNKNOWN,False,False,False,False,True,False,published_closed_city_scope_Барнаул,2021,2640.0,direct_published_census_value,/workspace/settlements-raw/data/interim/2021_tochno/data_allsettlements_anon_156_v20251217.parquet,86c197cd522e0b63669e9c6e7f43fd3d82b3704c6a126c800a9968ecd16cae14,False,,,,,,,,,,,,,,,,,,,,,,,,,,,True
published_closed_city_scope_Барнаул,2021.0,2021:data_allsettlements_anon_156_v20251217.parquet:parquet:41107,Землянуха,посёлок,72.0,direct_published_census_value,/workspace/settlements-raw/data/interim/2021_tochno/data_allsettlements_anon_156_v20251217.parquet,86c197cd522e0b63669e9c6e7f43fd3d82b3704c6a126c800a9968ecd16cae14,parquet!row_1based=41107.0,True,True,False,True,True,False,atomic_NP_in_complete_published_scope,applied_complete_published_city_territorial_scope,published_complete_city_territory_scope,city_with_published_subordinates,UNKNOWN,False,False,False,False,True,False,published_closed_city_scope_Барнаул,2021,72.0,direct_published_census_value,/workspace/settlements-raw/data/interim/2021_tochno/data_allsettlements_anon_156_v20251217.parquet,86c197cd522e0b63669e9c6e7f43fd3d82b3704c6a126c800a9968ecd16cae14,False,,,,,,,,,,,,,,,,,,,,,,,,,,,True
published_closed_city_scope_Барнаул,2021.0,2021:data_allsettlements_anon_156_v20251217.parquet:parquet:41108,Железнодорожная Казарма 242 км,станция,115.0,direct_published_census_value,/workspace/settlements-raw/data/interim/2021_tochno/data_allsettlements_anon_156_v20251217.parquet,86c197cd522e0b63669e9c6e7f43fd3d82b3704c6a126c800a9968ecd16cae14,parquet!row_1based=41108.0,True,True,False,False,True,False,atomic_NP_in_complete_published_scope,applied_complete_published_city_territorial_scope,published_complete_city_territory_scope,city_with_published_subordinates,UNKNOWN,False,False,False,False,True,False,published_closed_city_scope_Барнаул,2021,115.0,direct_published_census_value,/workspace/settlements-raw/data/interim/2021_tochno/data_allsettlements_anon_156_v20251217.parquet,86c197cd522e0b63669e9c6e7f43fd3d82b3704c6a126c800a9968ecd16cae14,False,,,,,,,,,,,,,,,,,,,,,,,,,,,False
published_closed_city_scope_Барнаул,2021.0,2021:data_allsettlements_anon_156_v20251217.parquet:parquet:41109,Железнодорожная Казарма 250 км,станция,23.0,direct_published_census_value,/workspace/settlements-raw/data/interim/2021_tochno/data_allsettlements_anon_156_v20251217.parquet,86c197cd522e0b63669e9c6e7f43fd3d82b3704c6a126c800a9968ecd16cae14,parquet!row_1based=41109.0,True,True,False,False,True,False,atomic_NP_in_complete_published_scope,applied_complete_published_city_territorial_scope,published_complete_city_territory_scope,city_with_published_subordinates,UNKNOWN,False,False,False,False,True,False,published_closed_city_scope_Барнаул,2021,23.0,direct_published_census_value,/workspace/settlements-raw/data/interim/2021_tochno/data_allsettlements_anon_156_v20251217.parquet,86c197cd522e0b63669e9c6e7f43fd3d82b3704c6a126c800a9968ecd16cae14,False,,,,,,,,,,,,,,,,,,,,,,,,,,,False
published_closed_city_scope_Барнаул,2021.0,2021:data_allsettlements_anon_156_v20251217.parquet:parquet:41110,Железнодорожная Казарма 253 км,станция,8.0,direct_published_census_value,/workspace/settlements-raw/data/interim/2021_tochno/data_allsettlements_anon_156_v20251217.parquet,86c197cd522e0b63669e9c6e7f43fd3d82b3704c6a126c800a9968ecd16cae14,parquet!row_1based=41110.0,True,True,False,False,True,False,atomic_NP_in_complete_published_scope,applied_complete_published_city_territorial_scope,published_complete_city_territory_scope,city_with_published_subordinates,UNKNOWN,False,False,False,False,True,False,published_closed_city_scope_Барнаул,2021,8.0,direct_published_census_value,/workspace/settlements-raw/data/interim/2021_tochno/data_allsettlements_anon_156_v20251217.parquet,86c197cd522e0b63669e9c6e7f43fd3d82b3704c6a126c800a9968ecd16cae14,False,,,,,,,,,,,,,,,,,,,,,,,,,,,False
published_closed_city_scope_Барнаул,2021.0,2021:data_allsettlements_anon_156_v20251217.parquet:parquet:41111,Казённая Заимка,посёлок,3100.0,direct_published_census_value,/workspace/settlements-raw/data/interim/2021_tochno/data_allsettlements_anon_156_v20251217.parquet,86c197cd522e0b63669e9c6e7f43fd3d82b3704c6a126c800a9968ecd16cae14,parquet!row_1based=41111.0,True,True,False,True,True,False,atomic_NP_in_complete_published_scope,applied_complete_published_city_territorial_scope,published_complete_city_territory_scope,city_with_published_subordinates,UNKNOWN,False,False,False,False,True,False,published_closed_city_scope_Барнаул,2021,3100.0,direct_published_census_value,/workspace/settlements-raw/data/interim/2021_tochno/data_allsettlements_anon_156_v20251217.parquet,86c197cd522e0b63669e9c6e7f43fd3d82b3704c6a126c800a9968ecd16cae14,False,,,,,,,,,,,,,,,,,,,,,,,,,,,True
published_closed_city_scope_Барнаул,2021.0,2021:data_allsettlements_anon_156_v20251217.parquet:parquet:41112,Конюхи,посёлок,6.0,direct_published_census_value,/workspace/settlements-raw/data/interim/2021_tochno/data_allsettlements_anon_156_v20251217.parquet,86c197cd522e0b63669e9c6e7f43fd3d82b3704c6a126c800a9968ecd16cae14,parquet!row_1based=41112.0,True,True,False,True,True,False,atomic_NP_in_complete_published_scope,applied_complete_published_city_territorial_scope,published_complete_city_territory_scope,city_with_published_subordinates,UNKNOWN,False,False,False,False,True,False,published_closed_city_scope_Барнаул,2021,6.0,direct_published_census_value,/workspace/settlements-raw/data/interim/2021_tochno/data_allsettlements_anon_156_v20251217.parquet,86c197cd522e0b63669e9c6e7f43fd3d82b3704c6a126c800a9968ecd16cae14,False,,,,,,,,,,,,,,,,,,,,,,,,,,,True
published_closed_city_scope_Барнаул,2021.0,2021:data_allsettlements_anon_156_v20251217.parquet:parquet:41113,Лебяжье,село,4568.0,direct_published_census_value,/workspace/settlements-raw/data/interim/2021_tochno/data_allsettlements_anon_156_v20251217.parquet,86c197cd522e0b63669e9c6e7f43fd3d82b3704c6a126c800a9968ecd16cae14,parquet!row_1based=41113.0,True,True,False,True,True,False,atomic_NP_in_complete_published_scope,applied_complete_published_city_territorial_scope,published_complete_city_territory_scope,city_with_published_subordinates,UNKNOWN,False,False,False,False,True,False,published_closed_city_scope_Барнаул,2021,4568.0,direct_published_census_value,/workspace/settlements-raw/data/interim/2021_tochno/data_allsettlements_anon_156_v20251217.parquet,86c197cd522e0b63669e9c6e7f43fd3d82b3704c6a126c800a9968ecd16cae14,False,,,,,,,,,,,,,,,,,,,,,,,,,,,True
published_closed_city_scope_Барнаул,2021.0,2021:data_allsettlements_anon_156_v20251217.parquet:parquet:41114,Лесной,посёлок,3278.0,direct_published_census_value,/workspace/settlements-raw/data/interim/2021_tochno/data_allsettlements_anon_156_v20251217.parquet,86c197cd522e0b63669e9c6e7f43fd3d82b3704c6a126c800a9968ecd16cae14,parquet!row_1based=41114.0,True,True,False,False,True,False,atomic_NP_in_complete_published_scope,applied_complete_published_city_territorial_scope,published_complete_city_territory_scope,city_with_published_subordinates,UNKNOWN,False,False,False,False,True,False,published_closed_city_scope_Барнаул,2021,3278.0,direct_published_census_value,/workspace/settlements-raw/data/interim/2021_tochno/data_allsettlements_anon_156_v20251217.parquet,86c197cd522e0b63669e9c6e7f43fd3d82b3704c6a126c800a9968ecd16cae14,False,,,,,,,,,,,,,,,,,,,,,,,,,,,False
published_closed_city_scope_Барнаул,2021.0,2021:data_allsettlements_anon_156_v20251217.parquet:parquet:41115,Мохнатушка,посёлок,763.0,direct_published_census_value,/workspace/settlements-raw/data/interim/2021_tochno/data_allsettlements_anon_156_v20251217.parquet,86c197cd522e0b63669e9c6e7f43fd3d82b3704c6a126c800a9968ecd16cae14,parquet!row_1based=41115.0,True,True,False,True,True,False,atomic_NP_in_complete_published_scope,applied_complete_published_city_territorial_scope,published_complete_city_territory_scope,city_with_published_subordinates,UNKNOWN,False,False,False,False,True,False,published_closed_city_scope_Барнаул,2021,763.0,direct_published_census_value,/workspace/settlements-raw/data/interim/2021_tochno/data_allsettlements_anon_156_v20251217.parquet,86c197cd522e0b63669e9c6e7f43fd3d82b3704c6a126c800a9968ecd16cae14,False,,,,,,,,,,,,,,,,,,,,,,,,,,,True
published_closed_city_scope_Барнаул,2021.0,2021:data_allsettlements_anon_156_v20251217.parquet:parquet:41116,Научный Городок,посёлок,2883.0,direct_published_census_value,/workspace/settlements-raw/data/interim/2021_tochno/data_allsettlements_anon_156_v20251217.parquet,86c197cd522e0b63669e9c6e7f43fd3d82b3704c6a126c800a9968ecd16cae14,parquet!row_1based=41116.0,True,True,False,True,True,False,atomic_NP_in_complete_published_scope,applied_complete_published_city_territorial_scope,published_complete_city_territory_scope,city_with_published_subordinates,UNKNOWN,False,False,False,False,True,False,published_closed_city_scope_Барнаул,2021,2883.0,direct_published_census_value,/workspace/settlements-raw/data/interim/2021_tochno/data_allsettlements_anon_156_v20251217.parquet,86c197cd522e0b63669e9c6e7f43fd3d82b3704c6a126c800a9968ecd16cae14,False,,,,,,,,,,,,,,,,,,,,,,,,,,,True
published_closed_city_scope_Барнаул,2021.0,2021:data_allsettlements_anon_156_v20251217.parquet:parquet:41117,Новомихайловка,посёлок,1378.0,direct_published_census_value,/workspace/settlements-raw/data/interim/2021_tochno/data_allsettlements_anon_156_v20251217.parquet,86c197cd522e0b63669e9c6e7f43fd3d82b3704c6a126c800a9968ecd16cae14,parquet!row_1based=41117.0,True,True,False,True,True,False,atomic_NP_in_complete_published_scope,applied_complete_published_city_territorial_scope,published_complete_city_territory_scope,city_with_published_subordinates,UNKNOWN,False,False,False,False,True,False,published_closed_city_scope_Барнаул,2021,1378.0,direct_published_census_value,/workspace/settlements-raw/data/interim/2021_tochno/data_allsettlements_anon_156_v20251217.parquet,86c197cd522e0b63669e9c6e7f43fd3d82b3704c6a126c800a9968ecd16cae14,False,,,,,,,,,,,,,,,,,,,,,,,,,,,True
published_closed_city_scope_Барнаул,2021.0,2021:data_allsettlements_anon_156_v20251217.parquet:parquet:41118,Плодопитомник,посёлок,585.0,direct_published_census_value,/workspace/settlements-raw/data/interim/2021_tochno/data_allsettlements_anon_156_v20251217.parquet,86c197cd522e0b63669e9c6e7f43fd3d82b3704c6a126c800a9968ecd16cae14,parquet!row_1based=41118.0,True,True,False,True,True,False,atomic_NP_in_complete_published_scope,applied_complete_published_city_territorial_scope,published_complete_city_territory_scope,city_with_published_subordinates,UNKNOWN,False,False,False,False,True,False,published_closed_city_scope_Барнаул,2021,585.0,direct_published_census_value,/workspace/settlements-raw/data/interim/2021_tochno/data_allsettlements_anon_156_v20251217.parquet,86c197cd522e0b63669e9c6e7f43fd3d82b3704c6a126c800a9968ecd16cae14,False,,,,,,,,,,,,,,,,,,,,,,,,,,,True
published_closed_city_scope_Барнаул,2021.0,2021:data_allsettlements_anon_156_v20251217.parquet:parquet:41119,Ползуново,станция,324.0,direct_published_census_value,/workspace/settlements-raw/data/interim/2021_tochno/data_allsettlements_anon_156_v20251217.parquet,86c197cd522e0b63669e9c6e7f43fd3d82b3704c6a126c800a9968ecd16cae14,parquet!row_1based=41119.0,True,True,False,False,True,False,atomic_NP_in_complete_published_scope,applied_complete_published_city_territorial_scope,published_complete_city_territory_scope,city_with_published_subordinates,UNKNOWN,False,False,False,False,True,False,published_closed_city_scope_Барнаул,2021,324.0,direct_published_census_value,/workspace/settlements-raw/data/interim/2021_tochno/data_allsettlements_anon_156_v20251217.parquet,86c197cd522e0b63669e9c6e7f43fd3d82b3704c6a126c800a9968ecd16cae14,False,,,,,,,,,,,,,,,,,,,,,,,,,,,False
published_closed_city_scope_Барнаул,2021.0,2021:data_allsettlements_anon_156_v20251217.parquet:parquet:41120,Пригородный,посёлок,2213.0,direct_published_census_value,/workspace/settlements-raw/data/interim/2021_tochno/data_allsettlements_anon_156_v20251217.parquet,86c197cd522e0b63669e9c6e7f43fd3d82b3704c6a126c800a9968ecd16cae14,parquet!row_1based=41120.0,True,True,False,False,True,False,atomic_NP_in_complete_published_scope,applied_complete_published_city_territorial_scope,published_complete_city_territory_scope,city_with_published_subordinates,UNKNOWN,False,False,False,False,True,False,published_closed_city_scope_Барнаул,2021,2213.0,direct_published_census_value,/workspace/settlements-raw/data/interim/2021_tochno/data_allsettlements_anon_156_v20251217.parquet,86c197cd522e0b63669e9c6e7f43fd3d82b3704c6a126c800a9968ecd16cae14,False,,,,,,,,,,,,,,,,,,,,,,,,,,,False
published_closed_city_scope_Барнаул,2021.0,2021:data_allsettlements_anon_156_v20251217.parquet:parquet:41121,Садоводов,посёлок,1430.0,direct_published_census_value,/workspace/settlements-raw/data/interim/2021_tochno/data_allsettlements_anon_156_v20251217.parquet,86c197cd522e0b63669e9c6e7f43fd3d82b3704c6a126c800a9968ecd16cae14,parquet!row_1based=41121.0,True,True,False,True,True,False,atomic_NP_in_complete_published_scope,applied_complete_published_city_territorial_scope,published_complete_city_territory_scope,city_with_published_subordinates,UNKNOWN,False,False,False,False,True,False,published_closed_city_scope_Барнаул,2021,1430.0,direct_published_census_value,/workspace/settlements-raw/data/interim/2021_tochno/data_allsettlements_anon_156_v20251217.parquet,86c197cd522e0b63669e9c6e7f43fd3d82b3704c6a126c800a9968ecd16cae14,False,,,,,,,,,,,,,,,,,,,,,,,,,,,True
published_closed_city_scope_Барнаул,2021.0,2021:data_allsettlements_anon_156_v20251217.parquet:parquet:41122,Центральный,посёлок,4478.0,direct_published_census_value,/workspace/settlements-raw/data/interim/2021_tochno/data_allsettlements_anon_156_v20251217.parquet,86c197cd522e0b63669e9c6e7f43fd3d82b3704c6a126c800a9968ecd16cae14,parquet!row_1based=41122.0,True,True,False,True,True,False,atomic_NP_in_complete_published_scope,applied_complete_published_city_territorial_scope,published_complete_city_territory_scope,city_with_published_subordinates,UNKNOWN,False,False,False,False,True,False,published_closed_city_scope_Барнаул,2021,4478.0,direct_published_census_value,/workspace/settlements-raw/data/interim/2021_tochno/data_allsettlements_anon_156_v20251217.parquet,86c197cd522e0b63669e9c6e7f43fd3d82b3704c6a126c800a9968ecd16cae14,False,,,,,,,,,,,,,,,,,,,,,,,,,,,True
published_closed_city_scope_Барнаул,2021.0,2021:data_allsettlements_anon_156_v20251217.parquet:parquet:41123,Черницк,посёлок,906.0,direct_published_census_value,/workspace/settlements-raw/data/interim/2021_tochno/data_allsettlements_anon_156_v20251217.parquet,86c197cd522e0b63669e9c6e7f43fd3d82b3704c6a126c800a9968ecd16cae14,parquet!row_1based=41123.0,True,True,False,True,True,False,atomic_NP_in_complete_published_scope,applied_complete_published_city_territorial_scope,published_complete_city_territory_scope,city_with_published_subordinates,UNKNOWN,False,False,False,False,True,False,published_closed_city_scope_Барнаул,2021,906.0,direct_published_census_value,/workspace/settlements-raw/data/interim/2021_tochno/data_allsettlements_anon_156_v20251217.parquet,86c197cd522e0b63669e9c6e7f43fd3d82b3704c6a126c800a9968ecd16cae14,False,,,,,,,,,,,,,,,,,,,,,,,,,,,True
published_closed_city_scope_Барнаул,2021.0,2021:data_allsettlements_anon_156_v20251217.parquet:parquet:41124,Ягодное,посёлок,1019.0,direct_published_census_value,/workspace/settlements-raw/data/interim/2021_tochno/data_allsettlements_anon_156_v20251217.parquet,86c197cd522e0b63669e9c6e7f43fd3d82b3704c6a126c800a9968ecd16cae14,parquet!row_1based=41124.0,True,True,False,True,True,False,atomic_NP_in_complete_published_scope,applied_complete_published_city_territorial_scope,published_complete_city_territory_scope,city_with_published_subordinates,UNKNOWN,False,False,False,False,True,False,published_closed_city_scope_Барнаул,2021,1019.0,direct_published_census_value,/workspace/settlements-raw/data/interim/2021_tochno/data_allsettlements_anon_156_v20251217.parquet,86c197cd522e0b63669e9c6e7f43fd3d82b3704c6a126c800a9968ecd16cae14,False,,,,,,,,,,,,,,,,,,,,,,,,,,,True
,,2002:010_3e630cc803_02c_Moskovskaya-oblast.xls:Sheet1:4685,,,,,,,,,,,,,,,qualified_accepted_secondary_complete_transferred_municipal_scope_constituent,,,,,,,,,,moscow2012_ryazanovskoye_complete19,2002,3069.0,direct_published_census_value,/workspace/settlements-raw/data/raw/2002/010_3e630cc803_02c_Moskovskaya-oblast.xls,f2d9f7fba8c898e5e201e8b57e872a9323a1b37c3819434ae7d78e2a8db76147,False,,,,closed_named_municipal_transfer_constituent_projection,Фабрики имени 1-го Мая,Фабрики им. 1 Мая,посёлок,Подольский район,Sheet1,4685.0,            посёлок Фабрики им. 1 Мая,C,Published source abbreviates Фабрики им. 1 Мая; same whole NP within complete printed Ryazanovsky source hierarchy,False,3069.0,complete_published_roster_native_value_proof_root_review_pending,False,False,stage24 regional residual snapshot; stage25 accepted deltas contain no MoscowOblastrows; no additional individual points admitted,True,False,,,,,,False
,,2002:010_3e630cc803_02c_Moskovskaya-oblast.xls:Sheet1:4686,,,,,,,,,,,,,,,qualified_accepted_secondary_complete_transferred_municipal_scope_constituent,,,,,,,,,,moscow2012_ryazanovskoye_complete19,2002,100.0,direct_published_census_value,/workspace/settlements-raw/data/raw/2002/010_3e630cc803_02c_Moskovskaya-oblast.xls,f2d9f7fba8c898e5e201e8b57e872a9323a1b37c3819434ae7d78e2a8db76147,False,,,,closed_named_municipal_transfer_constituent_projection,Рязаново,Рязаново,деревня,Подольский район,Sheet1,4686.0,            деревня Рязаново,C,Exact name/type and complete source hierarchy/ordered literal roster binding,False,100.0,complete_published_roster_native_value_proof_root_review_pending,False,False,stage24 regional residual snapshot; stage25 accepted deltas contain no MoscowOblastrows; no additional individual points admitted,True,False,,,,,,False
,,2002:010_3e630cc803_02c_Moskovskaya-oblast.xls:Sheet1:4687,,,,,,,,,,,,,,,qualified_accepted_secondary_complete_transferred_municipal_scope_constituent,,,,,,,,,,moscow2012_ryazanovskoye_complete19,2002,228.0,direct_published_census_value,/workspace/settlements-raw/data/raw/2002/010_3e630cc803_02c_Moskovskaya-oblast.xls,f2d9f7fba8c898e5e201e8b57e872a9323a1b37c3819434ae7d78e2a8db76147,False,,,,closed_named_municipal_transfer_constituent_projection,Остафьево,Остафьево,село,Подольский район,Sheet1,4687.0,            село Остафьево,C,Exact name/type and complete source hierarchy/ordered literal roster binding,False,228.0,complete_published_roster_native_value_proof_root_review_pending,False,False,stage24 regional residual snapshot; stage25 accepted deltas contain no MoscowOblastrows; no additional individual points admitted,True,False,,,,,,False
,,2002:010_3e630cc803_02c_Moskovskaya-oblast.xls:Sheet1:4688,,,,,,,,,,,,,,,qualified_accepted_secondary_complete_transferred_municipal_scope_constituent,,,,,,,,,,moscow2012_ryazanovskoye_complete19,2002,1209.0,direct_published_census_value,/workspace/settlements-raw/data/raw/2002/010_3e630cc803_02c_Moskovskaya-oblast.xls,f2d9f7fba8c898e5e201e8b57e872a9323a1b37c3819434ae7d78e2a8db76147,False,,,,closed_named_municipal_transfer_constituent_projection,Остафьево,Остафьево,посёлок,Подольский район,Sheet1,4688.0,            посёлок Остафьево,C,Exact name/type and complete source hierarchy/ordered literal roster binding,False,1209.0,complete_published_roster_native_value_proof_root_review_pending,False,False,stage24 regional residual snapshot; stage25 accepted deltas contain no MoscowOblastrows; no additional individual points admitted,True,False,,,,,,False
,,2002:010_3e630cc803_02c_Moskovskaya-oblast.xls:Sheet1:4689,,,,,,,,,,,,,,,qualified_accepted_secondary_complete_transferred_municipal_scope_constituent,,,,,,,,,,moscow2012_ryazanovskoye_complete19,2002,13.0,direct_published_census_value,/workspace/settlements-raw/data/raw/2002/010_3e630cc803_02c_Moskovskaya-oblast.xls,f2d9f7fba8c898e5e201e8b57e872a9323a1b37c3819434ae7d78e2a8db76147,False,,,,closed_named_municipal_transfer_constituent_projection,Никульское,Никульское,деревня,Подольский район,Sheet1,4689.0,            деревня Никульское,C,Exact name/type and complete source hierarchy/ordered literal roster binding,False,13.0,complete_published_roster_native_value_proof_root_review_pending,False,False,stage24 regional residual snapshot; stage25 accepted deltas contain no MoscowOblastrows; no additional individual points admitted,True,False,,,,,,False
,,2002:010_3e630cc803_02c_Moskovskaya-oblast.xls:Sheet1:4690,,,,,,,,,,,,,,,qualified_accepted_secondary_complete_transferred_municipal_scope_constituent,,,,,,,,,,moscow2012_ryazanovskoye_complete19,2002,26.0,direct_published_census_value,/workspace/settlements-raw/data/raw/2002/010_3e630cc803_02c_Moskovskaya-oblast.xls,f2d9f7fba8c898e5e201e8b57e872a9323a1b37c3819434ae7d78e2a8db76147,False,,,,closed_named_municipal_transfer_constituent_projection,Алхимово,Алхимово,деревня,Подольский район,Sheet1,4690.0,            деревня Алхимово,C,Exact name/type and complete source hierarchy/ordered literal roster binding,False,26.0,complete_published_roster_native_value_proof_root_review_pending,False,False,stage24 regional residual snapshot; stage25 accepted deltas contain no MoscowOblastrows; no additional individual points admitted,True,False,,,,,,False
,,2002:010_3e630cc803_02c_Moskovskaya-oblast.xls:Sheet1:4691,,,,,,,,,,,,,,,qualified_accepted_secondary_complete_transferred_municipal_scope_constituent,,,,,,,,,,moscow2012_ryazanovskoye_complete19,2002,217.0,direct_published_census_value,/workspace/settlements-raw/data/raw/2002/010_3e630cc803_02c_Moskovskaya-oblast.xls,f2d9f7fba8c898e5e201e8b57e872a9323a1b37c3819434ae7d78e2a8db76147,False,,,,closed_named_municipal_transfer_constituent_projection,Девятское,Девятское,деревня,Подольский район,Sheet1,4691.0,            деревня Девятское,C,Exact name/type and complete source hierarchy/ordered literal roster binding,False,217.0,complete_published_roster_native_value_proof_root_review_pending,False,False,stage24 regional residual snapshot; stage25 accepted deltas contain no MoscowOblastrows; no additional individual points admitted,True,False,,,,,,False
,,2002:010_3e630cc803_02c_Moskovskaya-oblast.xls:Sheet1:4692,,,,,,,,,,,,,,,qualified_accepted_secondary_complete_transferred_municipal_scope_constituent,,,,,,,,,,moscow2012_ryazanovskoye_complete19,2002,6472.0,direct_published_census_value,/workspace/settlements-raw/data/raw/2002/010_3e630cc803_02c_Moskovskaya-oblast.xls,f2d9f7fba8c898e5e201e8b57e872a9323a1b37c3819434ae7d78e2a8db76147,False,,,,closed_named_municipal_transfer_constituent_projection,Знамя Октября,Знамя Октября,посёлок,Подольский район,Sheet1,4692.0,            посёлок Знамя Октября,C,Exact name/type and complete source hierarchy/ordered literal roster binding,False,6472.0,complete_published_roster_native_value_proof_root_review_pending,False,False,stage24 regional residual snapshot; stage25 accepted deltas contain no MoscowOblastrows; no additional individual points admitted,True,False,,,,,,False
,,2002:010_3e630cc803_02c_Moskovskaya-oblast.xls:Sheet1:4693,,,,,,,,,,,,,,,qualified_accepted_secondary_complete_transferred_municipal_scope_constituent,,,,,,,,,,moscow2012_ryazanovskoye_complete19,2002,63.0,direct_published_census_value,/workspace/settlements-raw/data/raw/2002/010_3e630cc803_02c_Moskovskaya-oblast.xls,f2d9f7fba8c898e5e201e8b57e872a9323a1b37c3819434ae7d78e2a8db76147,False,,,,closed_named_municipal_transfer_constituent_projection,Молодцы,Молодцы,деревня,Подольский район,Sheet1,4693.0,            деревня Молодцы,C,Exact name/type and complete source hierarchy/ordered literal roster binding,False,63.0,complete_published_roster_native_value_proof_root_review_pending,False,False,stage24 regional residual snapshot; stage25 accepted deltas contain no MoscowOblastrows; no additional individual points admitted,True,False,,,,,,False
,,2002:010_3e630cc803_02c_Moskovskaya-oblast.xls:Sheet1:4694,,,,,,,,,,,,,,,qualified_accepted_secondary_complete_transferred_municipal_scope_constituent,,,,,,,,,,moscow2012_ryazanovskoye_complete19,2002,58.0,direct_published_census_value,/workspace/settlements-raw/data/raw/2002/010_3e630cc803_02c_Moskovskaya-oblast.xls,f2d9f7fba8c898e5e201e8b57e872a9323a1b37c3819434ae7d78e2a8db76147,False,,,,closed_named_municipal_transfer_constituent_projection,Старосырово,Старосырово,деревня,Подольский район,Sheet1,4694.0,            деревня Старосырово,C,Exact name/type and complete source hierarchy/ordered literal roster binding,False,58.0,complete_published_roster_native_value_proof_root_review_pending,False,False,stage24 regional residual snapshot; stage25 accepted deltas contain no MoscowOblastrows; no additional individual points admitted,True,False,,,,,,False
,,2002:010_3e630cc803_02c_Moskovskaya-oblast.xls:Sheet1:4695,,,,,,,,,,,,,,,qualified_accepted_secondary_complete_transferred_municipal_scope_constituent,,,,,,,,,,moscow2012_ryazanovskoye_complete19,2002,84.0,direct_published_census_value,/workspace/settlements-raw/data/raw/2002/010_3e630cc803_02c_Moskovskaya-oblast.xls,f2d9f7fba8c898e5e201e8b57e872a9323a1b37c3819434ae7d78e2a8db76147,False,,,,closed_named_municipal_transfer_constituent_projection,Мостовское,Мостовское,деревня,Подольский район,Sheet1,4695.0,            деревня Мостовское,C,Exact name/type and complete source hierarchy/ordered literal roster binding,False,84.0,complete_published_roster_native_value_proof_root_review_pending,False,False,stage24 regional residual snapshot; stage25 accepted deltas contain no MoscowOblastrows; no additional individual points admitted,True,False,,,,,,False
,,2002:010_3e630cc803_02c_Moskovskaya-oblast.xls:Sheet1:4696,,,,,,,,,,,,,,,qualified_accepted_secondary_complete_transferred_municipal_scope_constituent,,,,,,,,,,moscow2012_ryazanovskoye_complete19,2002,14.0,direct_published_census_value,/workspace/settlements-raw/data/raw/2002/010_3e630cc803_02c_Moskovskaya-oblast.xls,f2d9f7fba8c898e5e201e8b57e872a9323a1b37c3819434ae7d78e2a8db76147,False,,,,closed_named_municipal_transfer_constituent_projection,Андреевское,Андреевское,деревня,Подольский район,Sheet1,4696.0,            деревня Андреевское,C,Exact name/type and complete source hierarchy/ordered literal roster binding,False,14.0,complete_published_roster_native_value_proof_root_review_pending,False,False,stage24 regional residual snapshot; stage25 accepted deltas contain no MoscowOblastrows; no additional individual points admitted,True,False,,,,,,False
,,2002:010_3e630cc803_02c_Moskovskaya-oblast.xls:Sheet1:4697,,,,,,,,,,,,,,,qualified_accepted_secondary_complete_transferred_municipal_scope_constituent,,,,,,,,,,moscow2012_ryazanovskoye_complete19,2002,10.0,direct_published_census_value,/workspace/settlements-raw/data/raw/2002/010_3e630cc803_02c_Moskovskaya-oblast.xls,f2d9f7fba8c898e5e201e8b57e872a9323a1b37c3819434ae7d78e2a8db76147,False,,,,closed_named_municipal_transfer_constituent_projection,Тарасово,Тарасово,деревня,Подольский район,Sheet1,4697.0,            деревня Тарасово,C,Exact name/type and complete source hierarchy/ordered literal roster binding,False,10.0,complete_published_roster_native_value_proof_root_review_pending,False,False,stage24 regional residual snapshot; stage25 accepted deltas contain no MoscowOblastrows; no additional individual points admitted,True,False,,,,,,False
,,2002:010_3e630cc803_02c_Moskovskaya-oblast.xls:Sheet1:4698,,,,,,,,,,,,,,,qualified_accepted_secondary_complete_transferred_municipal_scope_constituent,,,,,,,,,,moscow2012_ryazanovskoye_complete19,2002,22.0,direct_published_census_value,/workspace/settlements-raw/data/raw/2002/010_3e630cc803_02c_Moskovskaya-oblast.xls,f2d9f7fba8c898e5e201e8b57e872a9323a1b37c3819434ae7d78e2a8db76147,False,,,,closed_named_municipal_transfer_constituent_projection,Студенцы,Студенцы,деревня,Подольский район,Sheet1,4698.0,            деревня Студенцы,C,Exact name/type and complete source hierarchy/ordered literal roster binding,False,22.0,complete_published_roster_native_value_proof_root_review_pending,False,False,stage24 regional residual snapshot; stage25 accepted deltas contain no MoscowOblastrows; no additional individual points admitted,True,False,,,,,,False
,,2002:010_3e630cc803_02c_Moskovskaya-oblast.xls:Sheet1:4699,,,,,,,,,,,,,,,qualified_accepted_secondary_complete_transferred_municipal_scope_constituent,,,,,,,,,,moscow2012_ryazanovskoye_complete19,2002,11.0,direct_published_census_value,/workspace/settlements-raw/data/raw/2002/010_3e630cc803_02c_Moskovskaya-oblast.xls,f2d9f7fba8c898e5e201e8b57e872a9323a1b37c3819434ae7d78e2a8db76147,False,,,,closed_named_municipal_transfer_constituent_projection,Армазово,Армазово,деревня,Подольский район,Sheet1,4699.0,            деревня Армазово,C,Exact name/type and complete source hierarchy/ordered literal roster binding,False,11.0,complete_published_roster_native_value_proof_root_review_pending,False,False,stage24 regional residual snapshot; stage25 accepted deltas contain no MoscowOblastrows; no additional individual points admitted,True,False,,,,,,False
,,2002:010_3e630cc803_02c_Moskovskaya-oblast.xls:Sheet1:4700,,,,,,,,,,,,,,,qualified_accepted_secondary_complete_transferred_municipal_scope_constituent,,,,,,,,,,moscow2012_ryazanovskoye_complete19,2002,8.0,direct_published_census_value,/workspace/settlements-raw/data/raw/2002/010_3e630cc803_02c_Moskovskaya-oblast.xls,f2d9f7fba8c898e5e201e8b57e872a9323a1b37c3819434ae7d78e2a8db76147,False,,,,closed_named_municipal_transfer_constituent_projection,Рыбино,Рыбино,деревня,Подольский район,Sheet1,4700.0,            деревня Рыбино,C,Exact name/type and complete source hierarchy/ordered literal roster binding,False,8.0,complete_published_roster_native_value_proof_root_review_pending,False,False,stage24 regional residual snapshot; stage25 accepted deltas contain no MoscowOblastrows; no additional individual points admitted,True,False,,,,,,False
,,2002:010_3e630cc803_02c_Moskovskaya-oblast.xls:Sheet1:4701,,,,,,,,,,,,,,,qualified_accepted_secondary_complete_transferred_municipal_scope_constituent,,,,,,,,,,moscow2012_ryazanovskoye_complete19,2002,207.0,direct_published_census_value,/workspace/settlements-raw/data/raw/2002/010_3e630cc803_02c_Moskovskaya-oblast.xls,f2d9f7fba8c898e5e201e8b57e872a9323a1b37c3819434ae7d78e2a8db76147,False,,,,closed_named_municipal_transfer_constituent_projection,Ерино,Ерино,деревня,Подольский район,Sheet1,4701.0,            деревня Ерино,C,Exact name/type and complete source hierarchy/ordered literal roster binding,False,207.0,complete_published_roster_native_value_proof_root_review_pending,False,False,stage24 regional residual snapshot; stage25 accepted deltas contain no MoscowOblastrows; no additional individual points admitted,True,False,,,,,,False
,,2002:010_3e630cc803_02c_Moskovskaya-oblast.xls:Sheet1:4702,,,,,,,,,,,,,,,qualified_accepted_secondary_complete_transferred_municipal_scope_constituent,,,,,,,,,,moscow2012_ryazanovskoye_complete19,2002,2429.0,direct_published_census_value,/workspace/settlements-raw/data/raw/2002/010_3e630cc803_02c_Moskovskaya-oblast.xls,f2d9f7fba8c898e5e201e8b57e872a9323a1b37c3819434ae7d78e2a8db76147,False,,,,closed_named_municipal_transfer_constituent_projection,Ерино,Ерино,посёлок,Подольский район,Sheet1,4702.0,            посёлок Ерино,C,Exact name/type and complete source hierarchy/ordered literal roster binding,False,2429.0,complete_published_roster_native_value_proof_root_review_pending,False,False,stage24 regional residual snapshot; stage25 accepted deltas contain no MoscowOblastrows; no additional individual points admitted,True,False,,,,,,False
,,2002:010_3e630cc803_02c_Moskovskaya-oblast.xls:Sheet1:4703,,,,,,,,,,,,,,,qualified_accepted_secondary_complete_transferred_municipal_scope_constituent,,,,,,,,,,moscow2012_ryazanovskoye_complete19,2002,105.0,direct_published_census_value,/workspace/settlements-raw/data/raw/2002/010_3e630cc803_02c_Moskovskaya-oblast.xls,f2d9f7fba8c898e5e201e8b57e872a9323a1b37c3819434ae7d78e2a8db76147,False,,,,closed_named_municipal_transfer_constituent_projection,Сальково,Сальково,деревня,Подольский район,Sheet1,4703.0,            деревня Сальково,C,Exact name/type and complete source hierarchy/ordered literal roster binding,False,105.0,complete_published_roster_native_value_proof_root_review_pending,False,False,stage24 regional residual snapshot; stage25 accepted deltas contain no MoscowOblastrows; no additional individual points admitted,True,False,,,,,,False
,,2010:010_711691e352_2._20Kostrom_Kur_Lip_Moscow_MoscObl_Orlov_2010.xls:Data Sheet:12256,,,,,,,,,,,,,,,qualified_accepted_secondary_complete_transferred_municipal_scope_constituent,,,,,,,,,,moscow2012_ryazanovskoye_complete19,2010,61.0,secondary_confidentiality_protected_value_exact_scope_unverified,/workspace/settlements-raw/data/raw/2010/010_711691e352_2._20Kostrom_Kur_Lip_Moscow_MoscObl_Orlov_2010.xls,cf5b5d57327bf0d32723a7f49bb58db503a201af83a6e2bda4b874986f864167,False,,,,closed_named_municipal_transfer_constituent_projection,Алхимово,Алхимово,деревня,Published 2010 contiguous roster with literal19 names and two-sided group limits,Data Sheet,12256.0,деревня Алхимово,E,Exact name/type and complete source hierarchy/ordered literal roster binding,False,61.0,complete_published_roster_native_value_proof_root_review_pending,False,False,stage24 regional residual snapshot; stage25 accepted deltas contain no MoscowOblastrows; no additional individual points admitted,True,False,,,,,,False
,,2010:010_711691e352_2._20Kostrom_Kur_Lip_Moscow_MoscObl_Orlov_2010.xls:Data Sheet:12257,,,,,,,,,,,,,,,qualified_accepted_secondary_complete_transferred_municipal_scope_constituent,,,,,,,,,,moscow2012_ryazanovskoye_complete19,2010,43.0,secondary_confidentiality_protected_value_exact_scope_unverified,/workspace/settlements-raw/data/raw/2010/010_711691e352_2._20Kostrom_Kur_Lip_Moscow_MoscObl_Orlov_2010.xls,cf5b5d57327bf0d32723a7f49bb58db503a201af83a6e2bda4b874986f864167,False,,,,closed_named_municipal_transfer_constituent_projection,Андреевское,Андреевское,деревня,Published 2010 contiguous roster with literal19 names and two-sided group limits,Data Sheet,12257.0,деревня Андреевское,E,Exact name/type and complete source hierarchy/ordered literal roster binding,False,43.0,complete_published_roster_native_value_proof_root_review_pending,False,False,stage24 regional residual snapshot; stage25 accepted deltas contain no MoscowOblastrows; no additional individual points admitted,True,False,,,,,,False
,,2010:010_711691e352_2._20Kostrom_Kur_Lip_Moscow_MoscObl_Orlov_2010.xls:Data Sheet:12258,,,,,,,,,,,,,,,qualified_accepted_secondary_complete_transferred_municipal_scope_constituent,,,,,,,,,,moscow2012_ryazanovskoye_complete19,2010,52.0,secondary_confidentiality_protected_value_exact_scope_unverified,/workspace/settlements-raw/data/raw/2010/010_711691e352_2._20Kostrom_Kur_Lip_Moscow_MoscObl_Orlov_2010.xls,cf5b5d57327bf0d32723a7f49bb58db503a201af83a6e2bda4b874986f864167,False,,,,closed_named_municipal_transfer_constituent_projection,Армазово,Армазово,деревня,Published 2010 contiguous roster with literal19 names and two-sided group limits,Data Sheet,12258.0,деревня Армазово,E,Exact name/type and complete source hierarchy/ordered literal roster binding,False,52.0,complete_published_roster_native_value_proof_root_review_pending,False,False,stage24 regional residual snapshot; stage25 accepted deltas contain no MoscowOblastrows; no additional individual points admitted,True,False,,,,,,False
,,2010:010_711691e352_2._20Kostrom_Kur_Lip_Moscow_MoscObl_Orlov_2010.xls:Data Sheet:12259,,,,,,,,,,,,,,,qualified_accepted_secondary_complete_transferred_municipal_scope_constituent,,,,,,,,,,moscow2012_ryazanovskoye_complete19,2010,300.0,secondary_confidentiality_protected_value_exact_scope_unverified,/workspace/settlements-raw/data/raw/2010/010_711691e352_2._20Kostrom_Kur_Lip_Moscow_MoscObl_Orlov_2010.xls,cf5b5d57327bf0d32723a7f49bb58db503a201af83a6e2bda4b874986f864167,False,,,,closed_named_municipal_transfer_constituent_projection,Девятское,Девятское,деревня,Published 2010 contiguous roster with literal19 names and two-sided group limits,Data Sheet,12259.0,деревня Девятское,E,Exact name/type and complete source hierarchy/ordered literal roster binding,False,300.0,complete_published_roster_native_value_proof_root_review_pending,False,False,stage24 regional residual snapshot; stage25 accepted deltas contain no MoscowOblastrows; no additional individual points admitted,True,False,,,,,,False
,,2010:010_711691e352_2._20Kostrom_Kur_Lip_Moscow_MoscObl_Orlov_2010.xls:Data Sheet:12260,,,,,,,,,,,,,,,qualified_accepted_secondary_complete_transferred_municipal_scope_constituent,,,,,,,,,,moscow2012_ryazanovskoye_complete19,2010,273.0,secondary_confidentiality_protected_value_exact_scope_unverified,/workspace/settlements-raw/data/raw/2010/010_711691e352_2._20Kostrom_Kur_Lip_Moscow_MoscObl_Orlov_2010.xls,cf5b5d57327bf0d32723a7f49bb58db503a201af83a6e2bda4b874986f864167,False,,,,closed_named_municipal_transfer_constituent_projection,Ерино,Ерино,деревня,Published 2010 contiguous roster with literal19 names and two-sided group limits,Data Sheet,12260.0,деревня Ерино,E,Exact name/type and complete source hierarchy/ordered literal roster binding,False,273.0,complete_published_roster_native_value_proof_root_review_pending,False,False,stage24 regional residual snapshot; stage25 accepted deltas contain no MoscowOblastrows; no additional individual points admitted,True,False,,,,,,False
,,2010:010_711691e352_2._20Kostrom_Kur_Lip_Moscow_MoscObl_Orlov_2010.xls:Data Sheet:12261,,,,,,,,,,,,,,,qualified_accepted_secondary_complete_transferred_municipal_scope_constituent,,,,,,,,,,moscow2012_ryazanovskoye_complete19,2010,2694.0,secondary_confidentiality_protected_value_exact_scope_unverified,/workspace/settlements-raw/data/raw/2010/010_711691e352_2._20Kostrom_Kur_Lip_Moscow_MoscObl_Orlov_2010.xls,cf5b5d57327bf0d32723a7f49bb58db503a201af83a6e2bda4b874986f864167,False,,,,closed_named_municipal_transfer_constituent_projection,Ерино,Ерино,посёлок,Published 2010 contiguous roster with literal19 names and two-sided group limits,Data Sheet,12261.0,посёлок Ерино,E,Exact name/type and complete source hierarchy/ordered literal roster binding,False,2694.0,complete_published_roster_native_value_proof_root_review_pending,False,False,stage24 regional residual snapshot; stage25 accepted deltas contain no MoscowOblastrows; no additional individual points admitted,True,False,,,,,,False
,,2010:010_711691e352_2._20Kostrom_Kur_Lip_Moscow_MoscObl_Orlov_2010.xls:Data Sheet:12262,,,,,,,,,,,,,,,qualified_accepted_secondary_complete_transferred_municipal_scope_constituent,,,,,,,,,,moscow2012_ryazanovskoye_complete19,2010,7392.0,secondary_confidentiality_protected_value_exact_scope_unverified,/workspace/settlements-raw/data/raw/2010/010_711691e352_2._20Kostrom_Kur_Lip_Moscow_MoscObl_Orlov_2010.xls,cf5b5d57327bf0d32723a7f49bb58db503a201af83a6e2bda4b874986f864167,False,,,,closed_named_municipal_transfer_constituent_projection,Знамя Октября,Знамя Октября,посёлок,Published 2010 contiguous roster with literal19 names and two-sided group limits,Data Sheet,12262.0,посёлок Знамя Октября,E,Exact name/type and complete source hierarchy/ordered literal roster binding,False,7392.0,complete_published_roster_native_value_proof_root_review_pending,False,False,stage24 regional residual snapshot; stage25 accepted deltas contain no MoscowOblastrows; no additional individual points admitted,True,False,,,,,,False
,,2010:010_711691e352_2._20Kostrom_Kur_Lip_Moscow_MoscObl_Orlov_2010.xls:Data Sheet:12263,,,,,,,,,,,,,,,qualified_accepted_secondary_complete_transferred_municipal_scope_constituent,,,,,,,,,,moscow2012_ryazanovskoye_complete19,2010,108.0,secondary_confidentiality_protected_value_exact_scope_unverified,/workspace/settlements-raw/data/raw/2010/010_711691e352_2._20Kostrom_Kur_Lip_Moscow_MoscObl_Orlov_2010.xls,cf5b5d57327bf0d32723a7f49bb58db503a201af83a6e2bda4b874986f864167,False,,,,closed_named_municipal_transfer_constituent_projection,Молодцы,Молодцы,деревня,Published 2010 contiguous roster with literal19 names and two-sided group limits,Data Sheet,12263.0,деревня Молодцы,E,Exact name/type and complete source hierarchy/ordered literal roster binding,False,108.0,complete_published_roster_native_value_proof_root_review_pending,False,False,stage24 regional residual snapshot; stage25 accepted deltas contain no MoscowOblastrows; no additional individual points admitted,True,False,,,,,,False
,,2010:010_711691e352_2._20Kostrom_Kur_Lip_Moscow_MoscObl_Orlov_2010.xls:Data Sheet:12264,,,,,,,,,,,,,,,qualified_accepted_secondary_complete_transferred_municipal_scope_constituent,,,,,,,,,,moscow2012_ryazanovskoye_complete19,2010,227.0,secondary_confidentiality_protected_value_exact_scope_unverified,/workspace/settlements-raw/data/raw/2010/010_711691e352_2._20Kostrom_Kur_Lip_Moscow_MoscObl_Orlov_2010.xls,cf5b5d57327bf0d32723a7f49bb58db503a201af83a6e2bda4b874986f864167,False,,,,closed_named_municipal_transfer_constituent_projection,Мостовское,Мостовское,деревня,Published 2010 contiguous roster with literal19 names and two-sided group limits,Data Sheet,12264.0,деревня Мостовское,E,Exact name/type and complete source hierarchy/ordered literal roster binding,False,227.0,complete_published_roster_native_value_proof_root_review_pending,False,False,stage24 regional residual snapshot; stage25 accepted deltas contain no MoscowOblastrows; no additional individual points admitted,True,False,,,,,,False
,,2010:010_711691e352_2._20Kostrom_Kur_Lip_Moscow_MoscObl_Orlov_2010.xls:Data Sheet:12265,,,,,,,,,,,,,,,qualified_accepted_secondary_complete_transferred_municipal_scope_constituent,,,,,,,,,,moscow2012_ryazanovskoye_complete19,2010,62.0,secondary_confidentiality_protected_value_exact_scope_unverified,/workspace/settlements-raw/data/raw/2010/010_711691e352_2._20Kostrom_Kur_Lip_Moscow_MoscObl_Orlov_2010.xls,cf5b5d57327bf0d32723a7f49bb58db503a201af83a6e2bda4b874986f864167,False,,,,closed_named_municipal_transfer_constituent_projection,Никульское,Никульское,деревня,Published 2010 contiguous roster with literal19 names and two-sided group limits,Data Sheet,12265.0,деревня Никульское,E,Exact name/type and complete source hierarchy/ordered literal roster binding,False,62.0,complete_published_roster_native_value_proof_root_review_pending,False,False,stage24 regional residual snapshot; stage25 accepted deltas contain no MoscowOblastrows; no additional individual points admitted,True,False,,,,,,False
,,2010:010_711691e352_2._20Kostrom_Kur_Lip_Moscow_MoscObl_Orlov_2010.xls:Data Sheet:12266,,,,,,,,,,,,,,,qualified_accepted_secondary_complete_transferred_municipal_scope_constituent,,,,,,,,,,moscow2012_ryazanovskoye_complete19,2010,369.0,secondary_confidentiality_protected_value_exact_scope_unverified,/workspace/settlements-raw/data/raw/2010/010_711691e352_2._20Kostrom_Kur_Lip_Moscow_MoscObl_Orlov_2010.xls,cf5b5d57327bf0d32723a7f49bb58db503a201af83a6e2bda4b874986f864167,False,,,,closed_named_municipal_transfer_constituent_projection,Остафьево,Остафьево,село,Published 2010 contiguous roster with literal19 names and two-sided group limits,Data Sheet,12266.0,село Остафьево,E,Exact name/type and complete source hierarchy/ordered literal roster binding,False,369.0,complete_published_roster_native_value_proof_root_review_pending,False,False,stage24 regional residual snapshot; stage25 accepted deltas contain no MoscowOblastrows; no additional individual points admitted,True,False,,,,,,False
,,2010:010_711691e352_2._20Kostrom_Kur_Lip_Moscow_MoscObl_Orlov_2010.xls:Data Sheet:12267,,,,,,,,,,,,,,,qualified_accepted_secondary_complete_transferred_municipal_scope_constituent,,,,,,,,,,moscow2012_ryazanovskoye_complete19,2010,1148.0,secondary_confidentiality_protected_value_exact_scope_unverified,/workspace/settlements-raw/data/raw/2010/010_711691e352_2._20Kostrom_Kur_Lip_Moscow_MoscObl_Orlov_2010.xls,cf5b5d57327bf0d32723a7f49bb58db503a201af83a6e2bda4b874986f864167,False,,,,closed_named_municipal_transfer_constituent_projection,Остафьево,Остафьево,посёлок,Published 2010 contiguous roster with literal19 names and two-sided group limits,Data Sheet,12267.0,посёлок Остафьево,E,Exact name/type and complete source hierarchy/ordered literal roster binding,False,1148.0,complete_published_roster_native_value_proof_root_review_pending,False,False,stage24 regional residual snapshot; stage25 accepted deltas contain no MoscowOblastrows; no additional individual points admitted,True,False,,,,,,False
,,2010:010_711691e352_2._20Kostrom_Kur_Lip_Moscow_MoscObl_Orlov_2010.xls:Data Sheet:12268,,,,,,,,,,,,,,,qualified_accepted_secondary_complete_transferred_municipal_scope_constituent,,,,,,,,,,moscow2012_ryazanovskoye_complete19,2010,52.0,secondary_confidentiality_protected_value_exact_scope_unverified,/workspace/settlements-raw/data/raw/2010/010_711691e352_2._20Kostrom_Kur_Lip_Moscow_MoscObl_Orlov_2010.xls,cf5b5d57327bf0d32723a7f49bb58db503a201af83a6e2bda4b874986f864167,False,,,,closed_named_municipal_transfer_constituent_projection,Рыбино,Рыбино,деревня,Published 2010 contiguous roster with literal19 names and two-sided group limits,Data Sheet,12268.0,деревня Рыбино,E,Exact name/type and complete source hierarchy/ordered literal roster binding,False,52.0,complete_published_roster_native_value_proof_root_review_pending,False,False,stage24 regional residual snapshot; stage25 accepted deltas contain no MoscowOblastrows; no additional individual points admitted,True,False,,,,,,False
,,2010:010_711691e352_2._20Kostrom_Kur_Lip_Moscow_MoscObl_Orlov_2010.xls:Data Sheet:12269,,,,,,,,,,,,,,,qualified_accepted_secondary_complete_transferred_municipal_scope_constituent,,,,,,,,,,moscow2012_ryazanovskoye_complete19,2010,128.0,secondary_confidentiality_protected_value_exact_scope_unverified,/workspace/settlements-raw/data/raw/2010/010_711691e352_2._20Kostrom_Kur_Lip_Moscow_MoscObl_Orlov_2010.xls,cf5b5d57327bf0d32723a7f49bb58db503a201af83a6e2bda4b874986f864167,False,,,,closed_named_municipal_transfer_constituent_projection,Рязаново,Рязаново,деревня,Published 2010 contiguous roster with literal19 names and two-sided group limits,Data Sheet,12269.0,деревня Рязаново,E,Exact name/type and complete source hierarchy/ordered literal roster binding,False,128.0,complete_published_roster_native_value_proof_root_review_pending,False,False,stage24 regional residual snapshot; stage25 accepted deltas contain no MoscowOblastrows; no additional individual points admitted,True,False,,,,,,False
,,2010:010_711691e352_2._20Kostrom_Kur_Lip_Moscow_MoscObl_Orlov_2010.xls:Data Sheet:12270,,,,,,,,,,,,,,,qualified_accepted_secondary_complete_transferred_municipal_scope_constituent,,,,,,,,,,moscow2012_ryazanovskoye_complete19,2010,293.0,secondary_confidentiality_protected_value_exact_scope_unverified,/workspace/settlements-raw/data/raw/2010/010_711691e352_2._20Kostrom_Kur_Lip_Moscow_MoscObl_Orlov_2010.xls,cf5b5d57327bf0d32723a7f49bb58db503a201af83a6e2bda4b874986f864167,False,,,,closed_named_municipal_transfer_constituent_projection,Сальково,Сальково,деревня,Published 2010 contiguous roster with literal19 names and two-sided group limits,Data Sheet,12270.0,деревня Сальково,E,Exact name/type and complete source hierarchy/ordered literal roster binding,False,293.0,complete_published_roster_native_value_proof_root_review_pending,False,False,stage24 regional residual snapshot; stage25 accepted deltas contain no MoscowOblastrows; no additional individual points admitted,True,False,,,,,,False
,,2010:010_711691e352_2._20Kostrom_Kur_Lip_Moscow_MoscObl_Orlov_2010.xls:Data Sheet:12271,,,,,,,,,,,,,,,qualified_accepted_secondary_complete_transferred_municipal_scope_constituent,,,,,,,,,,moscow2012_ryazanovskoye_complete19,2010,91.0,secondary_confidentiality_protected_value_exact_scope_unverified,/workspace/settlements-raw/data/raw/2010/010_711691e352_2._20Kostrom_Kur_Lip_Moscow_MoscObl_Orlov_2010.xls,cf5b5d57327bf0d32723a7f49bb58db503a201af83a6e2bda4b874986f864167,False,,,,closed_named_municipal_transfer_constituent_projection,Старосырово,Старосырово,деревня,Published 2010 contiguous roster with literal19 names and two-sided group limits,Data Sheet,12271.0,деревня Старосырово,E,Exact name/type and complete source hierarchy/ordered literal roster binding,False,91.0,complete_published_roster_native_value_proof_root_review_pending,False,False,stage24 regional residual snapshot; stage25 accepted deltas contain no MoscowOblastrows; no additional individual points admitted,True,False,,,,,,False
,,2010:010_711691e352_2._20Kostrom_Kur_Lip_Moscow_MoscObl_Orlov_2010.xls:Data Sheet:12272,,,,,,,,,,,,,,,qualified_accepted_secondary_complete_transferred_municipal_scope_constituent,,,,,,,,,,moscow2012_ryazanovskoye_complete19,2010,50.0,secondary_confidentiality_protected_value_exact_scope_unverified,/workspace/settlements-raw/data/raw/2010/010_711691e352_2._20Kostrom_Kur_Lip_Moscow_MoscObl_Orlov_2010.xls,cf5b5d57327bf0d32723a7f49bb58db503a201af83a6e2bda4b874986f864167,False,,,,closed_named_municipal_transfer_constituent_projection,Студенцы,Студенцы,деревня,Published 2010 contiguous roster with literal19 names and two-sided group limits,Data Sheet,12272.0,деревня Студенцы,E,Exact name/type and complete source hierarchy/ordered literal roster binding,False,50.0,complete_published_roster_native_value_proof_root_review_pending,False,False,stage24 regional residual snapshot; stage25 accepted deltas contain no MoscowOblastrows; no additional individual points admitted,True,False,,,,,,False
,,2010:010_711691e352_2._20Kostrom_Kur_Lip_Moscow_MoscObl_Orlov_2010.xls:Data Sheet:12273,,,,,,,,,,,,,,,qualified_accepted_secondary_complete_transferred_municipal_scope_constituent,,,,,,,,,,moscow2012_ryazanovskoye_complete19,2010,51.0,secondary_confidentiality_protected_value_exact_scope_unverified,/workspace/settlements-raw/data/raw/2010/010_711691e352_2._20Kostrom_Kur_Lip_Moscow_MoscObl_Orlov_2010.xls,cf5b5d57327bf0d32723a7f49bb58db503a201af83a6e2bda4b874986f864167,False,,,,closed_named_municipal_transfer_constituent_projection,Тарасово,Тарасово,деревня,Published 2010 contiguous roster with literal19 names and two-sided group limits,Data Sheet,12273.0,деревня Тарасово,E,Exact name/type and complete source hierarchy/ordered literal roster binding,False,51.0,complete_published_roster_native_value_proof_root_review_pending,False,False,stage24 regional residual snapshot; stage25 accepted deltas contain no MoscowOblastrows; no additional individual points admitted,True,False,,,,,,False
,,2010:010_711691e352_2._20Kostrom_Kur_Lip_Moscow_MoscObl_Orlov_2010.xls:Data Sheet:12274,,,,,,,,,,,,,,,qualified_accepted_secondary_complete_transferred_municipal_scope_constituent,,,,,,,,,,moscow2012_ryazanovskoye_complete19,2010,3105.0,secondary_confidentiality_protected_value_exact_scope_unverified,/workspace/settlements-raw/data/raw/2010/010_711691e352_2._20Kostrom_Kur_Lip_Moscow_MoscObl_Orlov_2010.xls,cf5b5d57327bf0d32723a7f49bb58db503a201af83a6e2bda4b874986f864167,False,,,,closed_named_municipal_transfer_constituent_projection,Фабрики имени 1-го Мая,фабрики имени 1-го Мая,посёлок,Published 2010 contiguous roster with literal19 names and two-sided group limits,Data Sheet,12274.0,посёлок фабрики имени 1-го Мая,E,Exact name/type and complete source hierarchy/ordered literal roster binding,False,3105.0,complete_published_roster_native_value_proof_root_review_pending,False,False,stage24 regional residual snapshot; stage25 accepted deltas contain no MoscowOblastrows; no additional individual points admitted,True,False,,,,,,False
,,2002:010_3e630cc803_02c_Moskovskaya-oblast.xls:Sheet1:2682,,,,,,,,,,,,,,,qualified_accepted_complete_sourceyear_municipal_scope_constituent,,,,,,,,,,moscow_sourceyear_moskovsky,2002,15563.0,direct_published_census_value,/workspace/settlements-raw/data/raw/2002/010_3e630cc803_02c_Moskovskaya-oblast.xls,f2d9f7fba8c898e5e201e8b57e872a9323a1b37c3819434ae7d78e2a8db76147,False,,,,whole_sourceyear_municipal_or_predecessor_territory,,Московский,посёлок,Ленинский район,Sheet1,2682.0,            посёлок Московский,C,Wholeprinted2002parent/allchildren,,15563.0,,False,,,True,False,15563.0,True,False,,False,False
,,2002:010_3e630cc803_02c_Moskovskaya-oblast.xls:Sheet1:2683,,,,,,,,,,,,,,,qualified_accepted_complete_sourceyear_municipal_scope_constituent,,,,,,,,,,moscow_sourceyear_moskovsky,2002,1226.0,direct_published_census_value,/workspace/settlements-raw/data/raw/2002/010_3e630cc803_02c_Moskovskaya-oblast.xls,f2d9f7fba8c898e5e201e8b57e872a9323a1b37c3819434ae7d78e2a8db76147,False,,,,whole_sourceyear_municipal_or_predecessor_territory,,Института Полиомиелита,посёлок,Ленинский район,Sheet1,2683.0,            посёлок Института Полиомиелита,C,Wholeprinted2002parent/allchildren,,1226.0,,False,,,True,False,1226.0,True,False,,False,False
,,2002:010_3e630cc803_02c_Moskovskaya-oblast.xls:Sheet1:2684,,,,,,,,,,,,,,,qualified_accepted_complete_sourceyear_municipal_scope_constituent,,,,,,,,,,moscow_sourceyear_moskovsky,2002,49.0,direct_published_census_value,/workspace/settlements-raw/data/raw/2002/010_3e630cc803_02c_Moskovskaya-oblast.xls,f2d9f7fba8c898e5e201e8b57e872a9323a1b37c3819434ae7d78e2a8db76147,False,,,,whole_sourceyear_municipal_or_predecessor_territory,,Лапшинка,деревня,Ленинский район,Sheet1,2684.0,            деревня Лапшинка,C,Wholeprinted2002parent/allchildren,,49.0,,False,,,True,False,49.0,True,False,,False,False
,,2002:010_3e630cc803_02c_Moskovskaya-oblast.xls:Sheet1:2685,,,,,,,,,,,,,,,qualified_accepted_complete_sourceyear_municipal_scope_constituent,,,,,,,,,,moscow_sourceyear_moskovsky,2002,58.0,direct_published_census_value,/workspace/settlements-raw/data/raw/2002/010_3e630cc803_02c_Moskovskaya-oblast.xls,f2d9f7fba8c898e5e201e8b57e872a9323a1b37c3819434ae7d78e2a8db76147,False,,,,whole_sourceyear_municipal_or_predecessor_territory,,Мешково,деревня,Ленинский район,Sheet1,2685.0,            деревня Мешково,C,Wholeprinted2002parent/allchildren,,58.0,,False,,,True,False,58.0,True,False,,False,False
,,2002:010_3e630cc803_02c_Moskovskaya-oblast.xls:Sheet1:2686,,,,,,,,,,,,,,,qualified_accepted_complete_sourceyear_municipal_scope_constituent,,,,,,,,,,moscow_sourceyear_moskovsky,2002,138.0,direct_published_census_value,/workspace/settlements-raw/data/raw/2002/010_3e630cc803_02c_Moskovskaya-oblast.xls,f2d9f7fba8c898e5e201e8b57e872a9323a1b37c3819434ae7d78e2a8db76147,False,,,,whole_sourceyear_municipal_or_predecessor_territory,,Говорово,деревня,Ленинский район,Sheet1,2686.0,            деревня Говорово,C,Wholeprinted2002parent/allchildren,,138.0,,False,,,True,False,138.0,True,False,,False,False
,,2002:010_3e630cc803_02c_Moskovskaya-oblast.xls:Sheet1:2687,,,,,,,,,,,,,,,qualified_accepted_complete_sourceyear_municipal_scope_constituent,,,,,,,,,,moscow_sourceyear_moskovsky,2002,292.0,direct_published_census_value,/workspace/settlements-raw/data/raw/2002/010_3e630cc803_02c_Moskovskaya-oblast.xls,f2d9f7fba8c898e5e201e8b57e872a9323a1b37c3819434ae7d78e2a8db76147,False,,,,whole_sourceyear_municipal_or_predecessor_territory,,Румянцево,деревня,Ленинский район,Sheet1,2687.0,            деревня Румянцево,C,Wholeprinted2002parent/allchildren,,292.0,,False,,,True,False,292.0,True,False,,False,False
,,2002:010_3e630cc803_02c_Moskovskaya-oblast.xls:Sheet1:2688,,,,,,,,,,,,,,,qualified_accepted_complete_sourceyear_municipal_scope_constituent,,,,,,,,,,moscow_sourceyear_moskovsky,2002,89.0,direct_published_census_value,/workspace/settlements-raw/data/raw/2002/010_3e630cc803_02c_Moskovskaya-oblast.xls,f2d9f7fba8c898e5e201e8b57e872a9323a1b37c3819434ae7d78e2a8db76147,False,,,,whole_sourceyear_municipal_or_predecessor_territory,,Картмазово,деревня,Ленинский район,Sheet1,2688.0,            деревня Картмазово,C,Wholeprinted2002parent/allchildren,,89.0,,False,,,True,False,89.0,True,False,,False,False
,,2002:010_3e630cc803_02c_Moskovskaya-oblast.xls:Sheet1:2689,,,,,,,,,,,,,,,qualified_accepted_complete_sourceyear_municipal_scope_constituent,,,,,,,,,,moscow_sourceyear_moskovsky,2002,176.0,direct_published_census_value,/workspace/settlements-raw/data/raw/2002/010_3e630cc803_02c_Moskovskaya-oblast.xls,f2d9f7fba8c898e5e201e8b57e872a9323a1b37c3819434ae7d78e2a8db76147,False,,,,whole_sourceyear_municipal_or_predecessor_territory,,Саларьево,деревня,Ленинский район,Sheet1,2689.0,            деревня Саларьево,C,Wholeprinted2002parent/allchildren,,176.0,,False,,,True,False,176.0,True,False,,False,False
,,2002:010_3e630cc803_02c_Moskovskaya-oblast.xls:Sheet1:2690,,,,,,,,,,,,,,,qualified_accepted_complete_sourceyear_municipal_scope_constituent,,,,,,,,,,moscow_sourceyear_moskovsky,2002,45.0,direct_published_census_value,/workspace/settlements-raw/data/raw/2002/010_3e630cc803_02c_Moskovskaya-oblast.xls,f2d9f7fba8c898e5e201e8b57e872a9323a1b37c3819434ae7d78e2a8db76147,False,,,,whole_sourceyear_municipal_or_predecessor_territory,,Дудкино,деревня,Ленинский район,Sheet1,2690.0,            деревня Дудкино,C,Wholeprinted2002parent/allchildren,,45.0,,False,,,True,False,45.0,True,False,,False,False
,,2002:010_3e630cc803_02c_Moskovskaya-oblast.xls:Sheet1:2691,,,,,,,,,,,,,,,qualified_accepted_complete_sourceyear_municipal_scope_constituent,,,,,,,,,,moscow_sourceyear_moskovsky,2002,20.0,direct_published_census_value,/workspace/settlements-raw/data/raw/2002/010_3e630cc803_02c_Moskovskaya-oblast.xls,f2d9f7fba8c898e5e201e8b57e872a9323a1b37c3819434ae7d78e2a8db76147,False,,,,whole_sourceyear_municipal_or_predecessor_territory,,Ульяновского Лесопарка,посёлок,Ленинский район,Sheet1,2691.0,            посёлок Ульяновского Лесопарка,C,Wholeprinted2002parent/allchildren,,20.0,,False,,,True,False,20.0,True,False,,False,False
,,2010:pub-11-1-4.pdf:pdf_page_11:42,,,,,,,,,,,,,,,qualified_accepted_complete_sourceyear_municipal_scope_constituent,,,,,,,,,,moscow_sourceyear_moskovsky,2010,17366.0,direct_official_city_value,/workspace/settlements-raw/data/raw/2010/010_711691e352_2._20Kostrom_Kur_Lip_Moscow_MoscObl_Orlov_2010.xls,cf5b5d57327bf0d32723a7f49bb58db503a201af83a6e2bda4b874986f864167,False,,,,whole_sourceyear_municipal_or_predecessor_territory,,Московский,город,,Data Sheet,10380.0,г. Московский,E,Contiguouscomplete2010municipalroster; literalpublishednames andhistoricallegalmemberchanges,,17366.0,,False,,,True,False,17363.0,True,False,"Officialselectedurban17366 retained; secondaryrawcity17363 is auxiliarysamewholecity, noextracredit",False,False
,,2010:010_711691e352_2._20Kostrom_Kur_Lip_Moscow_MoscObl_Orlov_2010.xls:Data Sheet:10381,,,,,,,,,,,,,,,qualified_accepted_complete_sourceyear_municipal_scope_constituent,,,,,,,,,,moscow_sourceyear_moskovsky,2010,192.0,secondary_confidentiality_protected_value_exact_scope_unverified,/workspace/settlements-raw/data/raw/2010/010_711691e352_2._20Kostrom_Kur_Lip_Moscow_MoscObl_Orlov_2010.xls,cf5b5d57327bf0d32723a7f49bb58db503a201af83a6e2bda4b874986f864167,False,,,,whole_sourceyear_municipal_or_predecessor_territory,,Говорово,деревня,,Data Sheet,10381.0,деревня Говорово,E,Contiguouscomplete2010municipalroster; literalpublishednames andhistoricallegalmemberchanges,,192.0,,False,,,True,False,192.0,True,False,,False,False
,,2010:010_711691e352_2._20Kostrom_Kur_Lip_Moscow_MoscObl_Orlov_2010.xls:Data Sheet:10382,,,,,,,,,,,,,,,qualified_accepted_complete_sourceyear_municipal_scope_constituent,,,,,,,,,,moscow_sourceyear_moskovsky,2010,1240.0,secondary_confidentiality_protected_value_exact_scope_unverified,/workspace/settlements-raw/data/raw/2010/010_711691e352_2._20Kostrom_Kur_Lip_Moscow_MoscObl_Orlov_2010.xls,cf5b5d57327bf0d32723a7f49bb58db503a201af83a6e2bda4b874986f864167,False,,,,whole_sourceyear_municipal_or_predecessor_territory,,института полиомиелита,посёлок,,Data Sheet,10382.0,посёлок института полиомиелита,E,Contiguouscomplete2010municipalroster; literalpublishednames andhistoricallegalmemberchanges,,1240.0,,False,,,True,False,1240.0,True,False,,False,False
,,2010:010_711691e352_2._20Kostrom_Kur_Lip_Moscow_MoscObl_Orlov_2010.xls:Data Sheet:10383,,,,,,,,,,,,,,,qualified_accepted_complete_sourceyear_municipal_scope_constituent,,,,,,,,,,moscow_sourceyear_moskovsky,2010,309.0,secondary_confidentiality_protected_value_exact_scope_unverified,/workspace/settlements-raw/data/raw/2010/010_711691e352_2._20Kostrom_Kur_Lip_Moscow_MoscObl_Orlov_2010.xls,cf5b5d57327bf0d32723a7f49bb58db503a201af83a6e2bda4b874986f864167,False,,,,whole_sourceyear_municipal_or_predecessor_territory,,Картмазово,деревня,,Data Sheet,10383.0,деревня Картмазово,E,Contiguouscomplete2010municipalroster; literalpublishednames andhistoricallegalmemberchanges,,309.0,,False,,,True,False,309.0,True,False,,False,False
,,2010:010_711691e352_2._20Kostrom_Kur_Lip_Moscow_MoscObl_Orlov_2010.xls:Data Sheet:10384,,,,,,,,,,,,,,,qualified_accepted_complete_sourceyear_municipal_scope_constituent,,,,,,,,,,moscow_sourceyear_moskovsky,2010,225.0,secondary_confidentiality_protected_value_exact_scope_unverified,/workspace/settlements-raw/data/raw/2010/010_711691e352_2._20Kostrom_Kur_Lip_Moscow_MoscObl_Orlov_2010.xls,cf5b5d57327bf0d32723a7f49bb58db503a201af83a6e2bda4b874986f864167,False,,,,whole_sourceyear_municipal_or_predecessor_territory,,Лапшинка,деревня,,Data Sheet,10384.0,деревня Лапшинка,E,Contiguouscomplete2010municipalroster; literalpublishednames andhistoricallegalmemberchanges,,225.0,,False,,,True,False,225.0,True,False,,False,False
,,2010:010_711691e352_2._20Kostrom_Kur_Lip_Moscow_MoscObl_Orlov_2010.xls:Data Sheet:10385,,,,,,,,,,,,,,,qualified_accepted_complete_sourceyear_municipal_scope_constituent,,,,,,,,,,moscow_sourceyear_moskovsky,2010,505.0,secondary_confidentiality_protected_value_exact_scope_unverified,/workspace/settlements-raw/data/raw/2010/010_711691e352_2._20Kostrom_Kur_Lip_Moscow_MoscObl_Orlov_2010.xls,cf5b5d57327bf0d32723a7f49bb58db503a201af83a6e2bda4b874986f864167,False,,,,whole_sourceyear_municipal_or_predecessor_territory,,Мешково,деревня,,Data Sheet,10385.0,деревня Мешково,E,Contiguouscomplete2010municipalroster; literalpublishednames andhistoricallegalmemberchanges,,505.0,,False,,,True,False,505.0,True,False,,False,False
,,2010:010_711691e352_2._20Kostrom_Kur_Lip_Moscow_MoscObl_Orlov_2010.xls:Data Sheet:10386,,,,,,,,,,,,,,,qualified_accepted_complete_sourceyear_municipal_scope_constituent,,,,,,,,,,moscow_sourceyear_moskovsky,2010,674.0,secondary_confidentiality_protected_value_exact_scope_unverified,/workspace/settlements-raw/data/raw/2010/010_711691e352_2._20Kostrom_Kur_Lip_Moscow_MoscObl_Orlov_2010.xls,cf5b5d57327bf0d32723a7f49bb58db503a201af83a6e2bda4b874986f864167,False,,,,whole_sourceyear_municipal_or_predecessor_territory,,Румянцево,деревня,,Data Sheet,10386.0,деревня Румянцево,E,Contiguouscomplete2010municipalroster; literalpublishednames andhistoricallegalmemberchanges,,674.0,,False,,,True,False,674.0,True,False,,False,False
,,2010:010_711691e352_2._20Kostrom_Kur_Lip_Moscow_MoscObl_Orlov_2010.xls:Data Sheet:10387,,,,,,,,,,,,,,,qualified_accepted_complete_sourceyear_municipal_scope_constituent,,,,,,,,,,moscow_sourceyear_moskovsky,2010,368.0,secondary_confidentiality_protected_value_exact_scope_unverified,/workspace/settlements-raw/data/raw/2010/010_711691e352_2._20Kostrom_Kur_Lip_Moscow_MoscObl_Orlov_2010.xls,cf5b5d57327bf0d32723a7f49bb58db503a201af83a6e2bda4b874986f864167,False,,,,whole_sourceyear_municipal_or_predecessor_territory,,Саларьево,деревня,,Data Sheet,10387.0,деревня Саларьево,E,Contiguouscomplete2010municipalroster; literalpublishednames andhistoricallegalmemberchanges,,368.0,,False,,,True,False,368.0,True,False,,False,False
,,2010:010_711691e352_2._20Kostrom_Kur_Lip_Moscow_MoscObl_Orlov_2010.xls:Data Sheet:10388,,,,,,,,,,,,,,,qualified_accepted_complete_sourceyear_municipal_scope_constituent,,,,,,,,,,moscow_sourceyear_moskovsky,2010,25.0,secondary_confidentiality_protected_value_exact_scope_unverified,/workspace/settlements-raw/data/raw/2010/010_711691e352_2._20Kostrom_Kur_Lip_Moscow_MoscObl_Orlov_2010.xls,cf5b5d57327bf0d32723a7f49bb58db503a201af83a6e2bda4b874986f864167,False,,,,whole_sourceyear_municipal_or_predecessor_territory,,Ульяновского лесопарка,посёлок,,Data Sheet,10388.0,посёлок Ульяновского лесопарка,E,Contiguouscomplete2010municipalroster; literalpublishednames andhistoricallegalmemberchanges,,25.0,,False,,,True,False,25.0,True,False,,False,False
,,2002:010_3e630cc803_02c_Moskovskaya-oblast.xls:Sheet1:2599,,,,,,,,,,,,,,,qualified_accepted_complete_sourceyear_municipal_scope_constituent,,,,,,,,,,moscow_sourceyear_vnukovskoye,2002,187.0,direct_published_census_value,/workspace/settlements-raw/data/raw/2002/010_3e630cc803_02c_Moskovskaya-oblast.xls,f2d9f7fba8c898e5e201e8b57e872a9323a1b37c3819434ae7d78e2a8db76147,False,,,,whole_sourceyear_municipal_or_predecessor_territory,,Внуково,посёлок,Ленинский район,Sheet1,2599.0,            посёлок Внуково,C,Wholeprinted2002parent/allchildren,,187.0,,False,,,True,False,187.0,True,False,,False,False
,,2002:010_3e630cc803_02c_Moskovskaya-oblast.xls:Sheet1:2600,,,,,,,,,,,,,,,qualified_accepted_complete_sourceyear_municipal_scope_constituent,,,,,,,,,,moscow_sourceyear_vnukovskoye,2002,76.0,direct_published_census_value,/workspace/settlements-raw/data/raw/2002/010_3e630cc803_02c_Moskovskaya-oblast.xls,f2d9f7fba8c898e5e201e8b57e872a9323a1b37c3819434ae7d78e2a8db76147,False,,,,whole_sourceyear_municipal_or_predecessor_territory,,Изварино,деревня,Ленинский район,Sheet1,2600.0,            деревня Изварино,C,Wholeprinted2002parent/allchildren,,76.0,,False,,,True,False,76.0,True,False,,False,False
,,2002:010_3e630cc803_02c_Moskovskaya-oblast.xls:Sheet1:2601,,,,,,,,,,,,,,,qualified_accepted_complete_sourceyear_municipal_scope_constituent,,,,,,,,,,moscow_sourceyear_vnukovskoye,2002,324.0,direct_published_census_value,/workspace/settlements-raw/data/raw/2002/010_3e630cc803_02c_Moskovskaya-oblast.xls,f2d9f7fba8c898e5e201e8b57e872a9323a1b37c3819434ae7d78e2a8db76147,False,,,,whole_sourceyear_municipal_or_predecessor_territory,,Рассказовка,деревня,Ленинский район,Sheet1,2601.0,            деревня Рассказовка,C,Wholeprinted2002parent/allchildren,,324.0,,False,,,True,False,324.0,True,False,,False,False
,,2002:010_3e630cc803_02c_Moskovskaya-oblast.xls:Sheet1:2602,,,,,,,,,,,,,,,qualified_accepted_complete_sourceyear_municipal_scope_constituent,,,,,,,,,,moscow_sourceyear_vnukovskoye,2002,313.0,direct_published_census_value,/workspace/settlements-raw/data/raw/2002/010_3e630cc803_02c_Moskovskaya-oblast.xls,f2d9f7fba8c898e5e201e8b57e872a9323a1b37c3819434ae7d78e2a8db76147,False,,,,whole_sourceyear_municipal_or_predecessor_territory,,станции Внуково,посёлок,Ленинский район,Sheet1,2602.0,            посёлок станции Внуково,C,Wholeprinted2002parent/allchildren,,313.0,,False,,,True,False,313.0,True,False,,False,False
,,2002:010_3e630cc803_02c_Moskovskaya-oblast.xls:Sheet1:2603,,,,,,,,,,,,,,,qualified_accepted_complete_sourceyear_municipal_scope_constituent,,,,,,,,,,moscow_sourceyear_vnukovskoye,2002,9.0,direct_published_census_value,/workspace/settlements-raw/data/raw/2002/010_3e630cc803_02c_Moskovskaya-oblast.xls,f2d9f7fba8c898e5e201e8b57e872a9323a1b37c3819434ae7d78e2a8db76147,False,,,,whole_sourceyear_municipal_or_predecessor_territory,,Рабочий Посёлок-1,посёлок,Ленинский район,Sheet1,2603.0,            посёлок Рабочий Посёлок-1,C,Wholeprinted2002parent/allchildren,,9.0,,False,,,True,False,9.0,True,False,,False,False
,,2002:010_3e630cc803_02c_Moskovskaya-oblast.xls:Sheet1:2604,,,,,,,,,,,,,,,qualified_accepted_complete_sourceyear_municipal_scope_constituent,,,,,,,,,,moscow_sourceyear_vnukovskoye,2002,153.0,direct_published_census_value,/workspace/settlements-raw/data/raw/2002/010_3e630cc803_02c_Moskovskaya-oblast.xls,f2d9f7fba8c898e5e201e8b57e872a9323a1b37c3819434ae7d78e2a8db76147,False,,,,whole_sourceyear_municipal_or_predecessor_territory,,Внуково,деревня,Ленинский район,Sheet1,2604.0,            деревня Внуково,C,Wholeprinted2002parent/allchildren,,153.0,,False,,,True,False,153.0,True,False,,False,False
,,2002:010_3e630cc803_02c_Moskovskaya-oblast.xls:Sheet1:2605,,,,,,,,,,,,,,,qualified_accepted_complete_sourceyear_municipal_scope_constituent,,,,,,,,,,moscow_sourceyear_vnukovskoye,2002,82.0,direct_published_census_value,/workspace/settlements-raw/data/raw/2002/010_3e630cc803_02c_Moskovskaya-oblast.xls,f2d9f7fba8c898e5e201e8b57e872a9323a1b37c3819434ae7d78e2a8db76147,False,,,,whole_sourceyear_municipal_or_predecessor_territory,,Пыхтино,деревня,Ленинский район,Sheet1,2605.0,            деревня Пыхтино,C,Wholeprinted2002parent/allchildren,,82.0,,False,,,True,False,82.0,True,False,,False,False
,,2002:010_3e630cc803_02c_Moskovskaya-oblast.xls:Sheet1:2606,,,,,,,,,,,,,,,qualified_accepted_complete_sourceyear_municipal_scope_constituent,,,,,,,,,,moscow_sourceyear_vnukovskoye,2002,63.0,direct_published_census_value,/workspace/settlements-raw/data/raw/2002/010_3e630cc803_02c_Moskovskaya-oblast.xls,f2d9f7fba8c898e5e201e8b57e872a9323a1b37c3819434ae7d78e2a8db76147,False,,,,whole_sourceyear_municipal_or_predecessor_territory,,Шельбутово,деревня,Ленинский район,Sheet1,2606.0,            деревня Шельбутово,C,Wholeprinted2002parent/allchildren,,63.0,,False,,,True,False,63.0,True,False,,False,False
,,2002:010_3e630cc803_02c_Moskovskaya-oblast.xls:Sheet1:2607,,,,,,,,,,,,,,,qualified_accepted_complete_sourceyear_municipal_scope_constituent,,,,,,,,,,moscow_sourceyear_vnukovskoye,2002,95.0,direct_published_census_value,/workspace/settlements-raw/data/raw/2002/010_3e630cc803_02c_Moskovskaya-oblast.xls,f2d9f7fba8c898e5e201e8b57e872a9323a1b37c3819434ae7d78e2a8db76147,False,,,,whole_sourceyear_municipal_or_predecessor_territory,,Ликова,деревня,Ленинский район,Sheet1,2607.0,            деревня Ликова,C,Wholeprinted2002parent/allchildren,,95.0,,False,,,True,False,95.0,True,False,,False,False
,,2002:010_3e630cc803_02c_Moskovskaya-oblast.xls:Sheet1:2608,,,,,,,,,,,,,,,qualified_accepted_complete_sourceyear_municipal_scope_constituent,,,,,,,,,,moscow_sourceyear_vnukovskoye,2002,144.0,direct_published_census_value,/workspace/settlements-raw/data/raw/2002/010_3e630cc803_02c_Moskovskaya-oblast.xls,f2d9f7fba8c898e5e201e8b57e872a9323a1b37c3819434ae7d78e2a8db76147,False,,,,whole_sourceyear_municipal_or_predecessor_territory,,Абабурово,посёлок,Ленинский район,Sheet1,2608.0,            посёлок Абабурово,C,Wholeprinted2002parent/allchildren,,144.0,,False,,,True,False,144.0,True,False,,False,False
,,2002:010_3e630cc803_02c_Moskovskaya-oblast.xls:Sheet1:2609,,,,,,,,,,,,,,,qualified_accepted_complete_sourceyear_municipal_scope_constituent,,,,,,,,,,moscow_sourceyear_vnukovskoye,2002,27.0,direct_published_census_value,/workspace/settlements-raw/data/raw/2002/010_3e630cc803_02c_Moskovskaya-oblast.xls,f2d9f7fba8c898e5e201e8b57e872a9323a1b37c3819434ae7d78e2a8db76147,False,,,,whole_sourceyear_municipal_or_predecessor_territory,,Изваринской Школы,посёлок,Ленинский район,Sheet1,2609.0,            посёлок Изваринской Школы,C,Wholeprinted2002parent/allchildren,,27.0,,False,,,True,False,27.0,True,False,,False,False
,,2002:010_3e630cc803_02c_Moskovskaya-oblast.xls:Sheet1:2610,,,,,,,,,,,,,,,qualified_accepted_complete_sourceyear_municipal_scope_constituent,,,,,,,,,,moscow_sourceyear_vnukovskoye,2002,579.0,direct_published_census_value,/workspace/settlements-raw/data/raw/2002/010_3e630cc803_02c_Moskovskaya-oblast.xls,f2d9f7fba8c898e5e201e8b57e872a9323a1b37c3819434ae7d78e2a8db76147,False,,,,whole_sourceyear_municipal_or_predecessor_territory,,Минвнешторга,посёлок,Ленинский район,Sheet1,2610.0,            посёлок Минвнешторга,C,Wholeprinted2002parent/allchildren,,579.0,,False,,,True,False,579.0,True,False,,False,False
,,2002:010_3e630cc803_02c_Moskovskaya-oblast.xls:Sheet1:2611,,,,,,,,,,,,,,,qualified_accepted_complete_sourceyear_municipal_scope_constituent,,,,,,,,,,moscow_sourceyear_vnukovskoye,2002,122.0,direct_published_census_value,/workspace/settlements-raw/data/raw/2002/010_3e630cc803_02c_Moskovskaya-oblast.xls,f2d9f7fba8c898e5e201e8b57e872a9323a1b37c3819434ae7d78e2a8db76147,False,,,,whole_sourceyear_municipal_or_predecessor_territory,,"Детского Дома ""Молодая Гвардия""",посёлок,Ленинский район,Sheet1,2611.0,"            посёлок Детского Дома ""Молодая Гвардия""",C,Wholeprinted2002parent/allchildren,,122.0,,False,,,True,False,122.0,True,False,,False,False
,,2002:010_3e630cc803_02c_Moskovskaya-oblast.xls:Sheet1:2612,,,,,,,,,,,,,,,qualified_accepted_complete_sourceyear_municipal_scope_constituent,,,,,,,,,,moscow_sourceyear_vnukovskoye,2002,180.0,direct_published_census_value,/workspace/settlements-raw/data/raw/2002/010_3e630cc803_02c_Moskovskaya-oblast.xls,f2d9f7fba8c898e5e201e8b57e872a9323a1b37c3819434ae7d78e2a8db76147,False,,,,whole_sourceyear_municipal_or_predecessor_territory,,Санатория N 14,посёлок,Ленинский район,Sheet1,2612.0,            посёлок Санатория N 14,C,Wholeprinted2002parent/allchildren,,180.0,,False,,,True,False,180.0,True,False,,False,False
,,2002:010_3e630cc803_02c_Moskovskaya-oblast.xls:Sheet1:2613,,,,,,,,,,,,,,,qualified_accepted_complete_sourceyear_municipal_scope_constituent,,,,,,,,,,moscow_sourceyear_vnukovskoye,2002,906.0,direct_published_census_value,/workspace/settlements-raw/data/raw/2002/010_3e630cc803_02c_Moskovskaya-oblast.xls,f2d9f7fba8c898e5e201e8b57e872a9323a1b37c3819434ae7d78e2a8db76147,False,,,,whole_sourceyear_municipal_or_predecessor_territory,,"ДСК ""Мичуринец""",посёлок,Ленинский район,Sheet1,2613.0,"            посёлок ДСК ""Мичуринец""",C,Wholeprinted2002parent/allchildren,,906.0,,False,,,True,False,906.0,True,False,,False,False
,,2010:010_711691e352_2._20Kostrom_Kur_Lip_Moscow_MoscObl_Orlov_2010.xls:Data Sheet:10410,,,,,,,,,,,,,,,qualified_accepted_complete_sourceyear_municipal_scope_constituent,,,,,,,,,,moscow_sourceyear_vnukovskoye,2010,235.0,secondary_confidentiality_protected_value_exact_scope_unverified,/workspace/settlements-raw/data/raw/2010/010_711691e352_2._20Kostrom_Kur_Lip_Moscow_MoscObl_Orlov_2010.xls,cf5b5d57327bf0d32723a7f49bb58db503a201af83a6e2bda4b874986f864167,False,,,,whole_sourceyear_municipal_or_predecessor_territory,,Абабурово,посёлок,,Data Sheet,10410.0,посёлок Абабурово,E,Contiguouscomplete2010municipalroster; literalpublishednames andhistoricallegalmemberchanges,,235.0,,False,,,True,False,235.0,True,False,,False,False
,,2010:010_711691e352_2._20Kostrom_Kur_Lip_Moscow_MoscObl_Orlov_2010.xls:Data Sheet:10411,,,,,,,,,,,,,,,qualified_accepted_complete_sourceyear_municipal_scope_constituent,,,,,,,,,,moscow_sourceyear_vnukovskoye,2010,464.0,secondary_confidentiality_protected_value_exact_scope_unverified,/workspace/settlements-raw/data/raw/2010/010_711691e352_2._20Kostrom_Kur_Lip_Moscow_MoscObl_Orlov_2010.xls,cf5b5d57327bf0d32723a7f49bb58db503a201af83a6e2bda4b874986f864167,False,,,,whole_sourceyear_municipal_or_predecessor_territory,,Внуково,деревня,,Data Sheet,10411.0,деревня Внуково,E,Contiguouscomplete2010municipalroster; literalpublishednames andhistoricallegalmemberchanges,,464.0,,False,,,True,False,464.0,True,False,,False,False
,,2010:010_711691e352_2._20Kostrom_Kur_Lip_Moscow_MoscObl_Orlov_2010.xls:Data Sheet:10412,,,,,,,,,,,,,,,qualified_accepted_complete_sourceyear_municipal_scope_constituent,,,,,,,,,,moscow_sourceyear_vnukovskoye,2010,314.0,secondary_confidentiality_protected_value_exact_scope_unverified,/workspace/settlements-raw/data/raw/2010/010_711691e352_2._20Kostrom_Kur_Lip_Moscow_MoscObl_Orlov_2010.xls,cf5b5d57327bf0d32723a7f49bb58db503a201af83a6e2bda4b874986f864167,False,,,,whole_sourceyear_municipal_or_predecessor_territory,,Внуково,посёлок,,Data Sheet,10412.0,посёлок Внуково,E,Contiguouscomplete2010municipalroster; literalpublishednames andhistoricallegalmemberchanges,,314.0,,False,,,True,False,314.0,True,False,,False,False
,,2010:010_711691e352_2._20Kostrom_Kur_Lip_Moscow_MoscObl_Orlov_2010.xls:Data Sheet:10413,,,,,,,,,,,,,,,qualified_accepted_complete_sourceyear_municipal_scope_constituent,,,,,,,,,,moscow_sourceyear_vnukovskoye,2010,108.0,secondary_confidentiality_protected_value_exact_scope_unverified,/workspace/settlements-raw/data/raw/2010/010_711691e352_2._20Kostrom_Kur_Lip_Moscow_MoscObl_Orlov_2010.xls,cf5b5d57327bf0d32723a7f49bb58db503a201af83a6e2bda4b874986f864167,False,,,,whole_sourceyear_municipal_or_predecessor_territory,,детского дома Молодая гвардия,посёлок,,Data Sheet,10413.0,посёлок детского дома  Молодая гвардия,E,Contiguouscomplete2010municipalroster; literalpublishednames andhistoricallegalmemberchanges,,108.0,,False,,,True,False,108.0,True,False,,False,False
,,2010:010_711691e352_2._20Kostrom_Kur_Lip_Moscow_MoscObl_Orlov_2010.xls:Data Sheet:10414,,,,,,,,,,,,,,,qualified_accepted_complete_sourceyear_municipal_scope_constituent,,,,,,,,,,moscow_sourceyear_vnukovskoye,2010,800.0,secondary_confidentiality_protected_value_exact_scope_unverified,/workspace/settlements-raw/data/raw/2010/010_711691e352_2._20Kostrom_Kur_Lip_Moscow_MoscObl_Orlov_2010.xls,cf5b5d57327bf0d32723a7f49bb58db503a201af83a6e2bda4b874986f864167,False,,,,whole_sourceyear_municipal_or_predecessor_territory,,ДСК Мичуринец,посёлок,,Data Sheet,10414.0,посёлок ДСК  Мичуринец,E,Contiguouscomplete2010municipalroster; literalpublishednames andhistoricallegalmemberchanges,,800.0,,False,,,True,False,800.0,True,False,,False,False
,,2010:010_711691e352_2._20Kostrom_Kur_Lip_Moscow_MoscObl_Orlov_2010.xls:Data Sheet:10415,,,,,,,,,,,,,,,qualified_accepted_complete_sourceyear_municipal_scope_constituent,,,,,,,,,,moscow_sourceyear_vnukovskoye,2010,178.0,secondary_confidentiality_protected_value_exact_scope_unverified,/workspace/settlements-raw/data/raw/2010/010_711691e352_2._20Kostrom_Kur_Lip_Moscow_MoscObl_Orlov_2010.xls,cf5b5d57327bf0d32723a7f49bb58db503a201af83a6e2bda4b874986f864167,False,,,,whole_sourceyear_municipal_or_predecessor_territory,,Изварино,деревня,,Data Sheet,10415.0,деревня Изварино,E,Contiguouscomplete2010municipalroster; literalpublishednames andhistoricallegalmemberchanges,,178.0,,False,,,True,False,178.0,True,False,,False,False
,,2010:010_711691e352_2._20Kostrom_Kur_Lip_Moscow_MoscObl_Orlov_2010.xls:Data Sheet:10416,,,,,,,,,,,,,,,qualified_accepted_complete_sourceyear_municipal_scope_constituent,,,,,,,,,,moscow_sourceyear_vnukovskoye,2010,16.0,secondary_confidentiality_protected_value_exact_scope_unverified,/workspace/settlements-raw/data/raw/2010/010_711691e352_2._20Kostrom_Kur_Lip_Moscow_MoscObl_Orlov_2010.xls,cf5b5d57327bf0d32723a7f49bb58db503a201af83a6e2bda4b874986f864167,False,,,,whole_sourceyear_municipal_or_predecessor_territory,,Изваринской школы,посёлок,,Data Sheet,10416.0,посёлок Изваринской школы,E,Contiguouscomplete2010municipalroster; literalpublishednames andhistoricallegalmemberchanges,,16.0,,False,,,True,False,16.0,True,False,,False,False
,,2010:010_711691e352_2._20Kostrom_Kur_Lip_Moscow_MoscObl_Orlov_2010.xls:Data Sheet:10417,,,,,,,,,,,,,,,qualified_accepted_complete_sourceyear_municipal_scope_constituent,,,,,,,,,,moscow_sourceyear_vnukovskoye,2010,124.0,secondary_confidentiality_protected_value_exact_scope_unverified,/workspace/settlements-raw/data/raw/2010/010_711691e352_2._20Kostrom_Kur_Lip_Moscow_MoscObl_Orlov_2010.xls,cf5b5d57327bf0d32723a7f49bb58db503a201af83a6e2bda4b874986f864167,False,,,,whole_sourceyear_municipal_or_predecessor_territory,,Ликова,деревня,,Data Sheet,10417.0,деревня Ликова,E,Contiguouscomplete2010municipalroster; literalpublishednames andhistoricallegalmemberchanges,,124.0,,False,,,True,False,124.0,True,False,,False,False
,,2010:010_711691e352_2._20Kostrom_Kur_Lip_Moscow_MoscObl_Orlov_2010.xls:Data Sheet:10418,,,,,,,,,,,,,,,qualified_accepted_complete_sourceyear_municipal_scope_constituent,,,,,,,,,,moscow_sourceyear_vnukovskoye,2010,581.0,secondary_confidentiality_protected_value_exact_scope_unverified,/workspace/settlements-raw/data/raw/2010/010_711691e352_2._20Kostrom_Kur_Lip_Moscow_MoscObl_Orlov_2010.xls,cf5b5d57327bf0d32723a7f49bb58db503a201af83a6e2bda4b874986f864167,False,,,,whole_sourceyear_municipal_or_predecessor_territory,,Минвнешторга,посёлок,,Data Sheet,10418.0,посёлок Минвнешторга,E,Contiguouscomplete2010municipalroster; literalpublishednames andhistoricallegalmemberchanges,,581.0,,False,,,True,False,581.0,True,False,,False,False
,,2010:010_711691e352_2._20Kostrom_Kur_Lip_Moscow_MoscObl_Orlov_2010.xls:Data Sheet:10419,,,,,,,,,,,,,,,qualified_accepted_complete_sourceyear_municipal_scope_constituent,,,,,,,,,,moscow_sourceyear_vnukovskoye,2010,156.0,secondary_confidentiality_protected_value_exact_scope_unverified,/workspace/settlements-raw/data/raw/2010/010_711691e352_2._20Kostrom_Kur_Lip_Moscow_MoscObl_Orlov_2010.xls,cf5b5d57327bf0d32723a7f49bb58db503a201af83a6e2bda4b874986f864167,False,,,,whole_sourceyear_municipal_or_predecessor_territory,,Пыхтино,деревня,,Data Sheet,10419.0,деревня Пыхтино,E,Contiguouscomplete2010municipalroster; literalpublishednames andhistoricallegalmemberchanges,,156.0,,False,,,True,False,156.0,True,False,,False,False
,,2010:010_711691e352_2._20Kostrom_Kur_Lip_Moscow_MoscObl_Orlov_2010.xls:Data Sheet:10420,,,,,,,,,,,,,,,qualified_accepted_complete_sourceyear_municipal_scope_constituent,,,,,,,,,,moscow_sourceyear_vnukovskoye,2010,409.0,secondary_confidentiality_protected_value_exact_scope_unverified,/workspace/settlements-raw/data/raw/2010/010_711691e352_2._20Kostrom_Kur_Lip_Moscow_MoscObl_Orlov_2010.xls,cf5b5d57327bf0d32723a7f49bb58db503a201af83a6e2bda4b874986f864167,False,,,,whole_sourceyear_municipal_or_predecessor_territory,,Рассказовка,деревня,,Data Sheet,10420.0,деревня Рассказовка,E,Contiguouscomplete2010municipalroster; literalpublishednames andhistoricallegalmemberchanges,,409.0,,False,,,True,False,409.0,True,False,,False,False
,,2010:010_711691e352_2._20Kostrom_Kur_Lip_Moscow_MoscObl_Orlov_2010.xls:Data Sheet:10421,,,,,,,,,,,,,,,qualified_accepted_complete_sourceyear_municipal_scope_constituent,,,,,,,,,,moscow_sourceyear_vnukovskoye,2010,183.0,secondary_confidentiality_protected_value_exact_scope_unverified,/workspace/settlements-raw/data/raw/2010/010_711691e352_2._20Kostrom_Kur_Lip_Moscow_MoscObl_Orlov_2010.xls,cf5b5d57327bf0d32723a7f49bb58db503a201af83a6e2bda4b874986f864167,False,,,,whole_sourceyear_municipal_or_predecessor_territory,,санатория N 14,посёлок,,Data Sheet,10421.0,посёлок санатория N 14,E,Contiguouscomplete2010municipalroster; literalpublishednames andhistoricallegalmemberchanges,,183.0,,False,,,True,False,183.0,True,False,,False,False
,,2010:010_711691e352_2._20Kostrom_Kur_Lip_Moscow_MoscObl_Orlov_2010.xls:Data Sheet:10422,,,,,,,,,,,,,,,qualified_accepted_complete_sourceyear_municipal_scope_constituent,,,,,,,,,,moscow_sourceyear_vnukovskoye,2010,318.0,secondary_confidentiality_protected_value_exact_scope_unverified,/workspace/settlements-raw/data/raw/2010/010_711691e352_2._20Kostrom_Kur_Lip_Moscow_MoscObl_Orlov_2010.xls,cf5b5d57327bf0d32723a7f49bb58db503a201af83a6e2bda4b874986f864167,False,,,,whole_sourceyear_municipal_or_predecessor_territory,,станции Внуково,посёлок,,Data Sheet,10422.0,посёлок станции Внуково,E,Contiguouscomplete2010municipalroster; literalpublishednames andhistoricallegalmemberchanges,,318.0,,False,,,True,False,318.0,True,False,,False,False
,,2010:010_711691e352_2._20Kostrom_Kur_Lip_Moscow_MoscObl_Orlov_2010.xls:Data Sheet:10423,,,,,,,,,,,,,,,qualified_accepted_complete_sourceyear_municipal_scope_constituent,,,,,,,,,,moscow_sourceyear_vnukovskoye,2010,102.0,secondary_confidentiality_protected_value_exact_scope_unverified,/workspace/settlements-raw/data/raw/2010/010_711691e352_2._20Kostrom_Kur_Lip_Moscow_MoscObl_Orlov_2010.xls,cf5b5d57327bf0d32723a7f49bb58db503a201af83a6e2bda4b874986f864167,False,,,,whole_sourceyear_municipal_or_predecessor_territory,,Шельбутово,деревня,,Data Sheet,10423.0,деревня Шельбутово,E,Contiguouscomplete2010municipalroster; literalpublishednames andhistoricallegalmemberchanges,,102.0,,False,,,True,False,102.0,True,False,,False,False
,,2010:010_711691e352_2._20Kostrom_Kur_Lip_Moscow_MoscObl_Orlov_2010.xls:Data Sheet:10424,,,,,,,,,,,,,,,qualified_accepted_complete_sourceyear_municipal_scope_constituent,,,,,,,,,,moscow_sourceyear_vnukovskoye,2010,8.0,secondary_confidentiality_protected_value_exact_scope_unverified,/workspace/settlements-raw/data/raw/2010/010_711691e352_2._20Kostrom_Kur_Lip_Moscow_MoscObl_Orlov_2010.xls,cf5b5d57327bf0d32723a7f49bb58db503a201af83a6e2bda4b874986f864167,False,,,,whole_sourceyear_municipal_or_predecessor_territory,,1-й Рабочий Посёлок,посёлок,,Data Sheet,10424.0,посёлок 1-й Рабочий Посёлок,E,Contiguouscomplete2010municipalroster; literalpublishednames andhistoricallegalmemberchanges,,8.0,,False,,,True,False,8.0,True,False,,False,False
,,2002:010_3e630cc803_02c_Moskovskaya-oblast.xls:Sheet1:2693,,,,,,,,,,,,,,,qualified_accepted_complete_sourceyear_municipal_scope_constituent,,,,,,,,,,moscow_sourceyear_sosenskoye,2002,163.0,direct_published_census_value,/workspace/settlements-raw/data/raw/2002/010_3e630cc803_02c_Moskovskaya-oblast.xls,f2d9f7fba8c898e5e201e8b57e872a9323a1b37c3819434ae7d78e2a8db76147,False,,,,whole_sourceyear_municipal_or_predecessor_territory,,Сосенки,деревня,Ленинский район,Sheet1,2693.0,            деревня Сосенки,C,Wholeprinted2002parent/allchildren,,163.0,,False,,,True,False,163.0,True,False,,False,False
,,2002:010_3e630cc803_02c_Moskovskaya-oblast.xls:Sheet1:2694,,,,,,,,,,,,,,,qualified_accepted_complete_sourceyear_municipal_scope_constituent,,,,,,,,,,moscow_sourceyear_sosenskoye,2002,12.0,direct_published_census_value,/workspace/settlements-raw/data/raw/2002/010_3e630cc803_02c_Moskovskaya-oblast.xls,f2d9f7fba8c898e5e201e8b57e872a9323a1b37c3819434ae7d78e2a8db76147,False,,,,whole_sourceyear_municipal_or_predecessor_territory,,Бачурино,деревня,Ленинский район,Sheet1,2694.0,            деревня Бачурино,C,Wholeprinted2002parent/allchildren,,12.0,,False,,,True,False,12.0,True,False,,False,False
,,2002:010_3e630cc803_02c_Moskovskaya-oblast.xls:Sheet1:2695,,,,,,,,,,,,,,,qualified_accepted_complete_sourceyear_municipal_scope_constituent,,,,,,,,,,moscow_sourceyear_sosenskoye,2002,41.0,direct_published_census_value,/workspace/settlements-raw/data/raw/2002/010_3e630cc803_02c_Moskovskaya-oblast.xls,f2d9f7fba8c898e5e201e8b57e872a9323a1b37c3819434ae7d78e2a8db76147,False,,,,whole_sourceyear_municipal_or_predecessor_territory,,Зименки,деревня,Ленинский район,Sheet1,2695.0,            деревня Зименки,C,Wholeprinted2002parent/allchildren,,41.0,,False,,,True,False,41.0,True,False,,False,False
,,2002:010_3e630cc803_02c_Moskovskaya-oblast.xls:Sheet1:2696,,,,,,,,,,,,,,,qualified_accepted_complete_sourceyear_municipal_scope_constituent,,,,,,,,,,moscow_sourceyear_sosenskoye,2002,28.0,direct_published_census_value,/workspace/settlements-raw/data/raw/2002/010_3e630cc803_02c_Moskovskaya-oblast.xls,f2d9f7fba8c898e5e201e8b57e872a9323a1b37c3819434ae7d78e2a8db76147,False,,,,whole_sourceyear_municipal_or_predecessor_territory,,Ларево,деревня,Ленинский район,Sheet1,2696.0,            деревня Ларево,C,Wholeprinted2002parent/allchildren,,28.0,,False,,,True,False,28.0,True,False,,False,False
,,2002:010_3e630cc803_02c_Moskovskaya-oblast.xls:Sheet1:2697,,,,,,,,,,,,,,,qualified_accepted_complete_sourceyear_municipal_scope_constituent,,,,,,,,,,moscow_sourceyear_sosenskoye,2002,56.0,direct_published_census_value,/workspace/settlements-raw/data/raw/2002/010_3e630cc803_02c_Moskovskaya-oblast.xls,f2d9f7fba8c898e5e201e8b57e872a9323a1b37c3819434ae7d78e2a8db76147,False,,,,whole_sourceyear_municipal_or_predecessor_territory,,Летово,деревня,Ленинский район,Sheet1,2697.0,            деревня Летово,C,Wholeprinted2002parent/allchildren,,56.0,,False,,,True,False,56.0,True,False,,False,False
,,2002:010_3e630cc803_02c_Moskovskaya-oblast.xls:Sheet1:2698,,,,,,,,,,,,,,,qualified_accepted_complete_sourceyear_municipal_scope_constituent,,,,,,,,,,moscow_sourceyear_sosenskoye,2002,21.0,direct_published_census_value,/workspace/settlements-raw/data/raw/2002/010_3e630cc803_02c_Moskovskaya-oblast.xls,f2d9f7fba8c898e5e201e8b57e872a9323a1b37c3819434ae7d78e2a8db76147,False,,,,whole_sourceyear_municipal_or_predecessor_territory,,Макарово,деревня,Ленинский район,Sheet1,2698.0,            деревня Макарово,C,Wholeprinted2002parent/allchildren,,21.0,,False,,,True,False,21.0,True,False,,False,False
,,2002:010_3e630cc803_02c_Moskovskaya-oblast.xls:Sheet1:2700,,,,,,,,,,,,,,,qualified_accepted_complete_sourceyear_municipal_scope_constituent,,,,,,,,,,moscow_sourceyear_sosenskoye,2002,413.0,direct_published_census_value,/workspace/settlements-raw/data/raw/2002/010_3e630cc803_02c_Moskovskaya-oblast.xls,f2d9f7fba8c898e5e201e8b57e872a9323a1b37c3819434ae7d78e2a8db76147,False,,,,whole_sourceyear_municipal_or_predecessor_territory,,Мамыри,деревня,Ленинский район,Sheet1,2700.0,            деревня Мамыри,C,Wholeprinted2002parent/allchildren,,413.0,,False,,,True,False,413.0,True,False,,False,False
,,2002:010_3e630cc803_02c_Moskovskaya-oblast.xls:Sheet1:2701,,,,,,,,,,,,,,,qualified_accepted_complete_sourceyear_municipal_scope_constituent,,,,,,,,,,moscow_sourceyear_sosenskoye,2002,109.0,direct_published_census_value,/workspace/settlements-raw/data/raw/2002/010_3e630cc803_02c_Moskovskaya-oblast.xls,f2d9f7fba8c898e5e201e8b57e872a9323a1b37c3819434ae7d78e2a8db76147,False,,,,whole_sourceyear_municipal_or_predecessor_territory,,Николо-Хованское,деревня,Ленинский район,Sheet1,2701.0,            деревня Николо-Хованское,C,Wholeprinted2002parent/allchildren,,109.0,,False,,,True,False,109.0,True,False,,False,False
,,2002:010_3e630cc803_02c_Moskovskaya-oblast.xls:Sheet1:2702,,,,,,,,,,,,,,,qualified_accepted_complete_sourceyear_municipal_scope_constituent,,,,,,,,,,moscow_sourceyear_sosenskoye,2002,22.0,direct_published_census_value,/workspace/settlements-raw/data/raw/2002/010_3e630cc803_02c_Moskovskaya-oblast.xls,f2d9f7fba8c898e5e201e8b57e872a9323a1b37c3819434ae7d78e2a8db76147,False,,,,whole_sourceyear_municipal_or_predecessor_territory,,Прокшино,деревня,Ленинский район,Sheet1,2702.0,            деревня Прокшино,C,Wholeprinted2002parent/allchildren,,22.0,,False,,,True,False,22.0,True,False,,False,False
,,2002:010_3e630cc803_02c_Moskovskaya-oblast.xls:Sheet1:2703,,,,,,,,,,,,,,,qualified_accepted_complete_sourceyear_municipal_scope_constituent,,,,,,,,,,moscow_sourceyear_sosenskoye,2002,33.0,direct_published_census_value,/workspace/settlements-raw/data/raw/2002/010_3e630cc803_02c_Moskovskaya-oblast.xls,f2d9f7fba8c898e5e201e8b57e872a9323a1b37c3819434ae7d78e2a8db76147,False,,,,whole_sourceyear_municipal_or_predecessor_territory,,Столбово,деревня,Ленинский район,Sheet1,2703.0,            деревня Столбово,C,Wholeprinted2002parent/allchildren,,33.0,,False,,,True,False,33.0,True,False,,False,False
,,2002:010_3e630cc803_02c_Moskovskaya-oblast.xls:Sheet1:2704,,,,,,,,,,,,,,,qualified_accepted_complete_sourceyear_municipal_scope_constituent,,,,,,,,,,moscow_sourceyear_sosenskoye,2002,17.0,direct_published_census_value,/workspace/settlements-raw/data/raw/2002/010_3e630cc803_02c_Moskovskaya-oblast.xls,f2d9f7fba8c898e5e201e8b57e872a9323a1b37c3819434ae7d78e2a8db76147,False,,,,whole_sourceyear_municipal_or_predecessor_territory,,Язово,деревня,Ленинский район,Sheet1,2704.0,            деревня Язово,C,Wholeprinted2002parent/allchildren,,17.0,,False,,,True,False,17.0,True,False,,False,False
,,2002:010_3e630cc803_02c_Moskovskaya-oblast.xls:Sheet1:2705,,,,,,,,,,,,,,,qualified_accepted_complete_sourceyear_municipal_scope_constituent,,,,,,,,,,moscow_sourceyear_sosenskoye,2002,2115.0,direct_published_census_value,/workspace/settlements-raw/data/raw/2002/010_3e630cc803_02c_Moskovskaya-oblast.xls,f2d9f7fba8c898e5e201e8b57e872a9323a1b37c3819434ae7d78e2a8db76147,False,,,,whole_sourceyear_municipal_or_predecessor_territory,,Газопровода,посёлок,Ленинский район,Sheet1,2705.0,            посёлок Газопровода,C,Wholeprinted2002parent/allchildren,,2115.0,,False,,,True,False,2115.0,True,False,,False,False
,,2002:010_3e630cc803_02c_Moskovskaya-oblast.xls:Sheet1:2706,,,,,,,,,,,,,,,qualified_accepted_complete_sourceyear_municipal_scope_constituent,,,,,,,,,,moscow_sourceyear_sosenskoye,2002,4723.0,direct_published_census_value,/workspace/settlements-raw/data/raw/2002/010_3e630cc803_02c_Moskovskaya-oblast.xls,f2d9f7fba8c898e5e201e8b57e872a9323a1b37c3819434ae7d78e2a8db76147,False,,,,whole_sourceyear_municipal_or_predecessor_territory,,Коммунарка,посёлок,Ленинский район,Sheet1,2706.0,            посёлок Коммунарка,C,Wholeprinted2002parent/allchildren,,4723.0,,False,,,True,False,4723.0,True,False,,False,False
,,2002:010_3e630cc803_02c_Moskovskaya-oblast.xls:Sheet1:2707,,,,,,,,,,,,,,,qualified_accepted_complete_sourceyear_municipal_scope_constituent,,,,,,,,,,moscow_sourceyear_sosenskoye,2002,10336.0,direct_published_census_value,/workspace/settlements-raw/data/raw/2002/010_3e630cc803_02c_Moskovskaya-oblast.xls,f2d9f7fba8c898e5e201e8b57e872a9323a1b37c3819434ae7d78e2a8db76147,False,,,,whole_sourceyear_municipal_or_predecessor_territory,,"Завода ""Мосрентген""",посёлок,Ленинский район,Sheet1,2707.0,"            посёлок Завода ""Мосрентген""",C,Wholeprinted2002parent/allchildren,,10336.0,,False,,,True,False,10336.0,True,False,,False,False
,,2010:010_711691e352_2._20Kostrom_Kur_Lip_Moscow_MoscObl_Orlov_2010.xls:Data Sheet:10477,,,,,,,,,,,,,,,qualified_accepted_complete_sourceyear_municipal_scope_constituent,,,,,,,,,,moscow_sourceyear_sosenskoye,2010,143.0,secondary_confidentiality_protected_value_exact_scope_unverified,/workspace/settlements-raw/data/raw/2010/010_711691e352_2._20Kostrom_Kur_Lip_Moscow_MoscObl_Orlov_2010.xls,cf5b5d57327bf0d32723a7f49bb58db503a201af83a6e2bda4b874986f864167,False,,,,whole_sourceyear_municipal_or_predecessor_territory,,Бачурино,деревня,,Data Sheet,10477.0,деревня Бачурино,E,Contiguouscomplete2010municipalroster; literalpublishednames andhistoricallegalmemberchanges,,143.0,,False,,,True,False,143.0,True,False,,False,False
,,2010:010_711691e352_2._20Kostrom_Kur_Lip_Moscow_MoscObl_Orlov_2010.xls:Data Sheet:10478,,,,,,,,,,,,,,,qualified_accepted_complete_sourceyear_municipal_scope_constituent,,,,,,,,,,moscow_sourceyear_sosenskoye,2010,2443.0,secondary_confidentiality_protected_value_exact_scope_unverified,/workspace/settlements-raw/data/raw/2010/010_711691e352_2._20Kostrom_Kur_Lip_Moscow_MoscObl_Orlov_2010.xls,cf5b5d57327bf0d32723a7f49bb58db503a201af83a6e2bda4b874986f864167,False,,,,whole_sourceyear_municipal_or_predecessor_territory,,Газопровод,посёлок,,Data Sheet,10478.0,посёлок Газопровод,E,Contiguouscomplete2010municipalroster; literalpublishednames andhistoricallegalmemberchanges,,2443.0,,False,,,True,False,2443.0,True,False,,False,False
,,2010:010_711691e352_2._20Kostrom_Kur_Lip_Moscow_MoscObl_Orlov_2010.xls:Data Sheet:10479,,,,,,,,,,,,,,,qualified_accepted_complete_sourceyear_municipal_scope_constituent,,,,,,,,,,moscow_sourceyear_sosenskoye,2010,102.0,secondary_confidentiality_protected_value_exact_scope_unverified,/workspace/settlements-raw/data/raw/2010/010_711691e352_2._20Kostrom_Kur_Lip_Moscow_MoscObl_Orlov_2010.xls,cf5b5d57327bf0d32723a7f49bb58db503a201af83a6e2bda4b874986f864167,False,,,,whole_sourceyear_municipal_or_predecessor_territory,,Зименки,деревня,,Data Sheet,10479.0,деревня Зименки,E,Contiguouscomplete2010municipalroster; literalpublishednames andhistoricallegalmemberchanges,,102.0,,False,,,True,False,102.0,True,False,,False,False
,,2010:010_711691e352_2._20Kostrom_Kur_Lip_Moscow_MoscObl_Orlov_2010.xls:Data Sheet:10480,,,,,,,,,,,,,,,qualified_accepted_complete_sourceyear_municipal_scope_constituent,,,,,,,,,,moscow_sourceyear_sosenskoye,2010,5225.0,secondary_confidentiality_protected_value_exact_scope_unverified,/workspace/settlements-raw/data/raw/2010/010_711691e352_2._20Kostrom_Kur_Lip_Moscow_MoscObl_Orlov_2010.xls,cf5b5d57327bf0d32723a7f49bb58db503a201af83a6e2bda4b874986f864167,False,,,,whole_sourceyear_municipal_or_predecessor_territory,,Коммунарка,посёлок,,Data Sheet,10480.0,посёлок Коммунарка,E,Contiguouscomplete2010municipalroster; literalpublishednames andhistoricallegalmemberchanges,,5225.0,,False,,,True,False,5225.0,True,False,,False,False
,,2010:010_711691e352_2._20Kostrom_Kur_Lip_Moscow_MoscObl_Orlov_2010.xls:Data Sheet:10481,,,,,,,,,,,,,,,qualified_accepted_complete_sourceyear_municipal_scope_constituent,,,,,,,,,,moscow_sourceyear_sosenskoye,2010,77.0,secondary_confidentiality_protected_value_exact_scope_unverified,/workspace/settlements-raw/data/raw/2010/010_711691e352_2._20Kostrom_Kur_Lip_Moscow_MoscObl_Orlov_2010.xls,cf5b5d57327bf0d32723a7f49bb58db503a201af83a6e2bda4b874986f864167,False,,,,whole_sourceyear_municipal_or_predecessor_territory,,Ларево,деревня,,Data Sheet,10481.0,деревня Ларево,E,Contiguouscomplete2010municipalroster; literalpublishednames andhistoricallegalmemberchanges,,77.0,,False,,,True,False,77.0,True,False,,False,False
,,2010:010_711691e352_2._20Kostrom_Kur_Lip_Moscow_MoscObl_Orlov_2010.xls:Data Sheet:10482,,,,,,,,,,,,,,,qualified_accepted_complete_sourceyear_municipal_scope_constituent,,,,,,,,,,moscow_sourceyear_sosenskoye,2010,177.0,secondary_confidentiality_protected_value_exact_scope_unverified,/workspace/settlements-raw/data/raw/2010/010_711691e352_2._20Kostrom_Kur_Lip_Moscow_MoscObl_Orlov_2010.xls,cf5b5d57327bf0d32723a7f49bb58db503a201af83a6e2bda4b874986f864167,False,,,,whole_sourceyear_municipal_or_predecessor_territory,,Летово,деревня,,Data Sheet,10482.0,деревня Летово,E,Contiguouscomplete2010municipalroster; literalpublishednames andhistoricallegalmemberchanges,,177.0,,False,,,True,False,177.0,True,False,,False,False
,,2010:010_711691e352_2._20Kostrom_Kur_Lip_Moscow_MoscObl_Orlov_2010.xls:Data Sheet:10483,,,,,,,,,,,,,,,qualified_accepted_complete_sourceyear_municipal_scope_constituent,,,,,,,,,,moscow_sourceyear_sosenskoye,2010,47.0,secondary_confidentiality_protected_value_exact_scope_unverified,/workspace/settlements-raw/data/raw/2010/010_711691e352_2._20Kostrom_Kur_Lip_Moscow_MoscObl_Orlov_2010.xls,cf5b5d57327bf0d32723a7f49bb58db503a201af83a6e2bda4b874986f864167,False,,,,whole_sourceyear_municipal_or_predecessor_territory,,Макарово,деревня,,Data Sheet,10483.0,деревня Макарово,E,Contiguouscomplete2010municipalroster; literalpublishednames andhistoricallegalmemberchanges,,47.0,,False,,,True,False,47.0,True,False,,False,False
,,2010:010_711691e352_2._20Kostrom_Kur_Lip_Moscow_MoscObl_Orlov_2010.xls:Data Sheet:10484,,,,,,,,,,,,,,,qualified_accepted_complete_sourceyear_municipal_scope_constituent,,,,,,,,,,moscow_sourceyear_sosenskoye,2010,128.0,secondary_confidentiality_protected_value_exact_scope_unverified,/workspace/settlements-raw/data/raw/2010/010_711691e352_2._20Kostrom_Kur_Lip_Moscow_MoscObl_Orlov_2010.xls,cf5b5d57327bf0d32723a7f49bb58db503a201af83a6e2bda4b874986f864167,False,,,,whole_sourceyear_municipal_or_predecessor_territory,,Николо-Хованское,деревня,,Data Sheet,10484.0,деревня Николо-Хованское,E,Contiguouscomplete2010municipalroster; literalpublishednames andhistoricallegalmemberchanges,,128.0,,False,,,True,False,128.0,True,False,,False,False
,,2010:010_711691e352_2._20Kostrom_Kur_Lip_Moscow_MoscObl_Orlov_2010.xls:Data Sheet:10485,,,,,,,,,,,,,,,qualified_accepted_complete_sourceyear_municipal_scope_constituent,,,,,,,,,,moscow_sourceyear_sosenskoye,2010,32.0,secondary_confidentiality_protected_value_exact_scope_unverified,/workspace/settlements-raw/data/raw/2010/010_711691e352_2._20Kostrom_Kur_Lip_Moscow_MoscObl_Orlov_2010.xls,cf5b5d57327bf0d32723a7f49bb58db503a201af83a6e2bda4b874986f864167,False,,,,whole_sourceyear_municipal_or_predecessor_territory,,Прокшино,деревня,,Data Sheet,10485.0,деревня Прокшино,E,Contiguouscomplete2010municipalroster; literalpublishednames andhistoricallegalmemberchanges,,0.0,,False,,,True,False,32.0,True,True,,False,True
,,2010:010_711691e352_2._20Kostrom_Kur_Lip_Moscow_MoscObl_Orlov_2010.xls:Data Sheet:10486,,,,,,,,,,,,,,,qualified_accepted_complete_sourceyear_municipal_scope_constituent,,,,,,,,,,moscow_sourceyear_sosenskoye,2010,632.0,secondary_confidentiality_protected_value_exact_scope_unverified,/workspace/settlements-raw/data/raw/2010/010_711691e352_2._20Kostrom_Kur_Lip_Moscow_MoscObl_Orlov_2010.xls,cf5b5d57327bf0d32723a7f49bb58db503a201af83a6e2bda4b874986f864167,False,,,,whole_sourceyear_municipal_or_predecessor_territory,,Сосенки,деревня,,Data Sheet,10486.0,деревня Сосенки,E,Contiguouscomplete2010municipalroster; literalpublishednames andhistoricallegalmemberchanges,,632.0,,False,,,True,False,632.0,True,False,,False,False
,,2010:010_711691e352_2._20Kostrom_Kur_Lip_Moscow_MoscObl_Orlov_2010.xls:Data Sheet:10487,,,,,,,,,,,,,,,qualified_accepted_complete_sourceyear_municipal_scope_constituent,,,,,,,,,,moscow_sourceyear_sosenskoye,2010,202.0,secondary_confidentiality_protected_value_exact_scope_unverified,/workspace/settlements-raw/data/raw/2010/010_711691e352_2._20Kostrom_Kur_Lip_Moscow_MoscObl_Orlov_2010.xls,cf5b5d57327bf0d32723a7f49bb58db503a201af83a6e2bda4b874986f864167,False,,,,whole_sourceyear_municipal_or_predecessor_territory,,Столбово,деревня,,Data Sheet,10487.0,деревня Столбово,E,Contiguouscomplete2010municipalroster; literalpublishednames andhistoricallegalmemberchanges,,202.0,,False,,,True,False,202.0,True,False,,False,False
,,2002:010_3e630cc803_02c_Moskovskaya-oblast.xls:Sheet1:4736,,,,,,,,,,,,,,,qualified_accepted_complete_sourceyear_municipal_scope_constituent,,,,,,,,,,moscow_sourceyear_schapovskoye,2002,2438.0,direct_published_census_value,/workspace/settlements-raw/data/raw/2002/010_3e630cc803_02c_Moskovskaya-oblast.xls,f2d9f7fba8c898e5e201e8b57e872a9323a1b37c3819434ae7d78e2a8db76147,False,,,,whole_sourceyear_municipal_or_predecessor_territory,,Щапово,посёлок,Подольский район,Sheet1,4736.0,            посёлок Щапово,C,Wholeprinted2002parent/allchildren,,2438.0,,False,,,True,False,2438.0,True,False,,False,False
,,2002:010_3e630cc803_02c_Moskovskaya-oblast.xls:Sheet1:4737,,,,,,,,,,,,,,,qualified_accepted_complete_sourceyear_municipal_scope_constituent,,,,,,,,,,moscow_sourceyear_schapovskoye,2002,53.0,direct_published_census_value,/workspace/settlements-raw/data/raw/2002/010_3e630cc803_02c_Moskovskaya-oblast.xls,f2d9f7fba8c898e5e201e8b57e872a9323a1b37c3819434ae7d78e2a8db76147,False,,,,whole_sourceyear_municipal_or_predecessor_territory,,Шаганино,деревня,Подольский район,Sheet1,4737.0,            деревня Шаганино,C,Wholeprinted2002parent/allchildren,,53.0,,False,,,True,False,53.0,True,False,,False,False
,,2002:010_3e630cc803_02c_Moskovskaya-oblast.xls:Sheet1:4738,,,,,,,,,,,,,,,qualified_accepted_complete_sourceyear_municipal_scope_constituent,,,,,,,,,,moscow_sourceyear_schapovskoye,2002,431.0,direct_published_census_value,/workspace/settlements-raw/data/raw/2002/010_3e630cc803_02c_Moskovskaya-oblast.xls,f2d9f7fba8c898e5e201e8b57e872a9323a1b37c3819434ae7d78e2a8db76147,False,,,,whole_sourceyear_municipal_or_predecessor_territory,,"Дома Отдыха ""Пахра""",посёлок,Подольский район,Sheet1,4738.0,"            посёлок Дома Отдыха ""Пахра""",C,Wholeprinted2002parent/allchildren,,431.0,,False,,,True,False,431.0,True,False,,False,False
,,2002:010_3e630cc803_02c_Moskovskaya-oblast.xls:Sheet1:4739,,,,,,,,,,,,,,,qualified_accepted_complete_sourceyear_municipal_scope_constituent,,,,,,,,,,moscow_sourceyear_schapovskoye,2002,70.0,direct_published_census_value,/workspace/settlements-raw/data/raw/2002/010_3e630cc803_02c_Moskovskaya-oblast.xls,f2d9f7fba8c898e5e201e8b57e872a9323a1b37c3819434ae7d78e2a8db76147,False,,,,whole_sourceyear_municipal_or_predecessor_territory,,Александрово,деревня,Подольский район,Sheet1,4739.0,            деревня Александрово,C,Wholeprinted2002parent/allchildren,,70.0,,False,,,True,False,70.0,True,False,,False,False
,,2002:010_3e630cc803_02c_Moskovskaya-oblast.xls:Sheet1:4740,,,,,,,,,,,,,,,qualified_accepted_complete_sourceyear_municipal_scope_constituent,,,,,,,,,,moscow_sourceyear_schapovskoye,2002,33.0,direct_published_census_value,/workspace/settlements-raw/data/raw/2002/010_3e630cc803_02c_Moskovskaya-oblast.xls,f2d9f7fba8c898e5e201e8b57e872a9323a1b37c3819434ae7d78e2a8db76147,False,,,,whole_sourceyear_municipal_or_predecessor_territory,,Песье,деревня,Подольский район,Sheet1,4740.0,            деревня Песье,C,Wholeprinted2002parent/allchildren,,33.0,,False,,,True,False,33.0,True,False,,False,False
,,2002:010_3e630cc803_02c_Moskovskaya-oblast.xls:Sheet1:4741,,,,,,,,,,,,,,,qualified_accepted_complete_sourceyear_municipal_scope_constituent,,,,,,,,,,moscow_sourceyear_schapovskoye,2002,0.0,direct_published_census_value,/workspace/settlements-raw/data/raw/2002/010_3e630cc803_02c_Moskovskaya-oblast.xls,f2d9f7fba8c898e5e201e8b57e872a9323a1b37c3819434ae7d78e2a8db76147,False,,,,whole_sourceyear_municipal_or_predecessor_territory,,Иваньково,деревня,Подольский район,Sheet1,4741.0,            деревня Иваньково,C,Wholeprinted2002parent/allchildren,,0.0,,False,,,True,False,0.0,True,False,,False,False
,,2002:010_3e630cc803_02c_Moskovskaya-oblast.xls:Sheet1:4742,,,,,,,,,,,,,,,qualified_accepted_complete_sourceyear_municipal_scope_constituent,,,,,,,,,,moscow_sourceyear_schapovskoye,2002,214.0,direct_published_census_value,/workspace/settlements-raw/data/raw/2002/010_3e630cc803_02c_Moskovskaya-oblast.xls,f2d9f7fba8c898e5e201e8b57e872a9323a1b37c3819434ae7d78e2a8db76147,False,,,,whole_sourceyear_municipal_or_predecessor_territory,,Ознобишино,село,Подольский район,Sheet1,4742.0,            село Ознобишино,C,Wholeprinted2002parent/allchildren,,214.0,,False,,,True,False,214.0,True,False,,False,False
,,2002:010_3e630cc803_02c_Moskovskaya-oblast.xls:Sheet1:4743,,,,,,,,,,,,,,,qualified_accepted_complete_sourceyear_municipal_scope_constituent,,,,,,,,,,moscow_sourceyear_schapovskoye,2002,71.0,direct_published_census_value,/workspace/settlements-raw/data/raw/2002/010_3e630cc803_02c_Moskovskaya-oblast.xls,f2d9f7fba8c898e5e201e8b57e872a9323a1b37c3819434ae7d78e2a8db76147,False,,,,whole_sourceyear_municipal_or_predecessor_territory,,Троицкое,деревня,Подольский район,Sheet1,4743.0,            деревня Троицкое,C,Wholeprinted2002parent/allchildren,,71.0,,False,,,True,False,71.0,True,False,,False,False
,,2002:010_3e630cc803_02c_Moskovskaya-oblast.xls:Sheet1:4744,,,,,,,,,,,,,,,qualified_accepted_complete_sourceyear_municipal_scope_constituent,,,,,,,,,,moscow_sourceyear_schapovskoye,2002,32.0,direct_published_census_value,/workspace/settlements-raw/data/raw/2002/010_3e630cc803_02c_Moskovskaya-oblast.xls,f2d9f7fba8c898e5e201e8b57e872a9323a1b37c3819434ae7d78e2a8db76147,False,,,,whole_sourceyear_municipal_or_predecessor_territory,,Русино,деревня,Подольский район,Sheet1,4744.0,            деревня Русино,C,Wholeprinted2002parent/allchildren,,32.0,,False,,,True,False,32.0,True,False,,False,False
,,2002:010_3e630cc803_02c_Moskovskaya-oblast.xls:Sheet1:4745,,,,,,,,,,,,,,,qualified_accepted_complete_sourceyear_municipal_scope_constituent,,,,,,,,,,moscow_sourceyear_schapovskoye,2002,82.0,direct_published_census_value,/workspace/settlements-raw/data/raw/2002/010_3e630cc803_02c_Moskovskaya-oblast.xls,f2d9f7fba8c898e5e201e8b57e872a9323a1b37c3819434ae7d78e2a8db76147,False,,,,whole_sourceyear_municipal_or_predecessor_territory,,Батыбино,деревня,Подольский район,Sheet1,4745.0,            деревня Батыбино,C,Wholeprinted2002parent/allchildren,,82.0,,False,,,True,False,82.0,True,False,,False,False
,,2002:010_3e630cc803_02c_Moskovskaya-oblast.xls:Sheet1:4746,,,,,,,,,,,,,,,qualified_accepted_complete_sourceyear_municipal_scope_constituent,,,,,,,,,,moscow_sourceyear_schapovskoye,2002,54.0,direct_published_census_value,/workspace/settlements-raw/data/raw/2002/010_3e630cc803_02c_Moskovskaya-oblast.xls,f2d9f7fba8c898e5e201e8b57e872a9323a1b37c3819434ae7d78e2a8db76147,False,,,,whole_sourceyear_municipal_or_predecessor_territory,,Дорожно-Ремонтного Пункта-3,посёлок,Подольский район,Sheet1,4746.0,            посёлок Дорожно-Ремонтного Пункта-3,C,Wholeprinted2002parent/allchildren,,54.0,,False,,,True,False,54.0,True,False,,False,False
,,2002:010_3e630cc803_02c_Moskovskaya-oblast.xls:Sheet1:4747,,,,,,,,,,,,,,,qualified_accepted_complete_sourceyear_municipal_scope_constituent,,,,,,,,,,moscow_sourceyear_schapovskoye,2002,2371.0,direct_published_census_value,/workspace/settlements-raw/data/raw/2002/010_3e630cc803_02c_Moskovskaya-oblast.xls,f2d9f7fba8c898e5e201e8b57e872a9323a1b37c3819434ae7d78e2a8db76147,False,,,,whole_sourceyear_municipal_or_predecessor_territory,,Курилово,посёлок,Подольский район,Sheet1,4747.0,            посёлок Курилово,C,Wholeprinted2002parent/allchildren,,2371.0,,False,,,True,False,2371.0,True,False,,False,False
,,2002:010_3e630cc803_02c_Moskovskaya-oblast.xls:Sheet1:4748,,,,,,,,,,,,,,,qualified_accepted_complete_sourceyear_municipal_scope_constituent,,,,,,,,,,moscow_sourceyear_schapovskoye,2002,24.0,direct_published_census_value,/workspace/settlements-raw/data/raw/2002/010_3e630cc803_02c_Moskovskaya-oblast.xls,f2d9f7fba8c898e5e201e8b57e872a9323a1b37c3819434ae7d78e2a8db76147,False,,,,whole_sourceyear_municipal_or_predecessor_territory,,Сатино-Русское,деревня,Подольский район,Sheet1,4748.0,            деревня Сатино-Русское,C,Wholeprinted2002parent/allchildren,,24.0,,False,,,True,False,24.0,True,False,,False,False
,,2002:010_3e630cc803_02c_Moskovskaya-oblast.xls:Sheet1:4749,,,,,,,,,,,,,,,qualified_accepted_complete_sourceyear_municipal_scope_constituent,,,,,,,,,,moscow_sourceyear_schapovskoye,2002,14.0,direct_published_census_value,/workspace/settlements-raw/data/raw/2002/010_3e630cc803_02c_Moskovskaya-oblast.xls,f2d9f7fba8c898e5e201e8b57e872a9323a1b37c3819434ae7d78e2a8db76147,False,,,,whole_sourceyear_municipal_or_predecessor_territory,,Овечкино,деревня,Подольский район,Sheet1,4749.0,            деревня Овечкино,C,Wholeprinted2002parent/allchildren,,14.0,,False,,,True,False,14.0,True,False,,False,False
,,2002:010_3e630cc803_02c_Moskovskaya-oblast.xls:Sheet1:4750,,,,,,,,,,,,,,,qualified_accepted_complete_sourceyear_municipal_scope_constituent,,,,,,,,,,moscow_sourceyear_schapovskoye,2002,40.0,direct_published_census_value,/workspace/settlements-raw/data/raw/2002/010_3e630cc803_02c_Moskovskaya-oblast.xls,f2d9f7fba8c898e5e201e8b57e872a9323a1b37c3819434ae7d78e2a8db76147,False,,,,whole_sourceyear_municipal_or_predecessor_territory,,Сатино-Татарское,деревня,Подольский район,Sheet1,4750.0,            деревня Сатино-Татарское,C,Wholeprinted2002parent/allchildren,,40.0,,False,,,True,False,40.0,True,False,,False,False
,,2002:010_3e630cc803_02c_Moskovskaya-oblast.xls:Sheet1:4751,,,,,,,,,,,,,,,qualified_accepted_complete_sourceyear_municipal_scope_constituent,,,,,,,,,,moscow_sourceyear_schapovskoye,2002,465.0,direct_published_census_value,/workspace/settlements-raw/data/raw/2002/010_3e630cc803_02c_Moskovskaya-oblast.xls,f2d9f7fba8c898e5e201e8b57e872a9323a1b37c3819434ae7d78e2a8db76147,False,,,,whole_sourceyear_municipal_or_predecessor_territory,,Спортбазы,посёлок,Подольский район,Sheet1,4751.0,            посёлок Спортбазы,C,Wholeprinted2002parent/allchildren,,465.0,,False,,,True,False,465.0,True,False,,False,False
,,2002:010_3e630cc803_02c_Moskovskaya-oblast.xls:Sheet1:4752,,,,,,,,,,,,,,,qualified_accepted_complete_sourceyear_municipal_scope_constituent,,,,,,,,,,moscow_sourceyear_schapovskoye,2002,90.0,direct_published_census_value,/workspace/settlements-raw/data/raw/2002/010_3e630cc803_02c_Moskovskaya-oblast.xls,f2d9f7fba8c898e5e201e8b57e872a9323a1b37c3819434ae7d78e2a8db76147,False,,,,whole_sourceyear_municipal_or_predecessor_territory,,Кузенево,деревня,Подольский район,Sheet1,4752.0,            деревня Кузенево,C,Wholeprinted2002parent/allchildren,,90.0,,False,,,True,False,90.0,True,False,,False,False
,,2002:010_3e630cc803_02c_Moskovskaya-oblast.xls:Sheet1:4753,,,,,,,,,,,,,,,qualified_accepted_complete_sourceyear_municipal_scope_constituent,,,,,,,,,,moscow_sourceyear_schapovskoye,2002,8.0,direct_published_census_value,/workspace/settlements-raw/data/raw/2002/010_3e630cc803_02c_Moskovskaya-oblast.xls,f2d9f7fba8c898e5e201e8b57e872a9323a1b37c3819434ae7d78e2a8db76147,False,,,,whole_sourceyear_municipal_or_predecessor_territory,,Костишово,деревня,Подольский район,Sheet1,4753.0,            деревня Костишово,C,Wholeprinted2002parent/allchildren,,8.0,,False,,,True,False,8.0,True,False,,False,False
,,2010:010_711691e352_2._20Kostrom_Kur_Lip_Moscow_MoscObl_Orlov_2010.xls:Data Sheet:12300,,,,,,,,,,,,,,,qualified_accepted_complete_sourceyear_municipal_scope_constituent,,,,,,,,,,moscow_sourceyear_schapovskoye,2010,68.0,secondary_confidentiality_protected_value_exact_scope_unverified,/workspace/settlements-raw/data/raw/2010/010_711691e352_2._20Kostrom_Kur_Lip_Moscow_MoscObl_Orlov_2010.xls,cf5b5d57327bf0d32723a7f49bb58db503a201af83a6e2bda4b874986f864167,False,,,,whole_sourceyear_municipal_or_predecessor_territory,,Александрово,деревня,,Data Sheet,12300.0,деревня Александрово,E,Contiguouscomplete2010municipalroster; literalpublishednames andhistoricallegalmemberchanges,,68.0,,False,,,True,False,68.0,True,False,,False,False
,,2010:010_711691e352_2._20Kostrom_Kur_Lip_Moscow_MoscObl_Orlov_2010.xls:Data Sheet:12301,,,,,,,,,,,,,,,qualified_accepted_complete_sourceyear_municipal_scope_constituent,,,,,,,,,,moscow_sourceyear_schapovskoye,2010,90.0,secondary_confidentiality_protected_value_exact_scope_unverified,/workspace/settlements-raw/data/raw/2010/010_711691e352_2._20Kostrom_Kur_Lip_Moscow_MoscObl_Orlov_2010.xls,cf5b5d57327bf0d32723a7f49bb58db503a201af83a6e2bda4b874986f864167,False,,,,whole_sourceyear_municipal_or_predecessor_territory,,Батыбино,деревня,,Data Sheet,12301.0,деревня Батыбино,E,Contiguouscomplete2010municipalroster; literalpublishednames andhistoricallegalmemberchanges,,90.0,,False,,,True,False,90.0,True,False,,False,False
,,2010:010_711691e352_2._20Kostrom_Kur_Lip_Moscow_MoscObl_Orlov_2010.xls:Data Sheet:12302,,,,,,,,,,,,,,,qualified_accepted_complete_sourceyear_municipal_scope_constituent,,,,,,,,,,moscow_sourceyear_schapovskoye,2010,338.0,secondary_confidentiality_protected_value_exact_scope_unverified,/workspace/settlements-raw/data/raw/2010/010_711691e352_2._20Kostrom_Kur_Lip_Moscow_MoscObl_Orlov_2010.xls,cf5b5d57327bf0d32723a7f49bb58db503a201af83a6e2bda4b874986f864167,False,,,,whole_sourceyear_municipal_or_predecessor_territory,,дома отдыха Пахра,посёлок,,Data Sheet,12302.0,посёлок дома отдыха Пахра,E,Contiguouscomplete2010municipalroster; literalpublishednames andhistoricallegalmemberchanges,,338.0,,False,,,True,False,338.0,True,False,,False,False
,,2010:010_711691e352_2._20Kostrom_Kur_Lip_Moscow_MoscObl_Orlov_2010.xls:Data Sheet:12303,,,,,,,,,,,,,,,qualified_accepted_complete_sourceyear_municipal_scope_constituent,,,,,,,,,,moscow_sourceyear_schapovskoye,2010,605.0,secondary_confidentiality_protected_value_exact_scope_unverified,/workspace/settlements-raw/data/raw/2010/010_711691e352_2._20Kostrom_Kur_Lip_Moscow_MoscObl_Orlov_2010.xls,cf5b5d57327bf0d32723a7f49bb58db503a201af83a6e2bda4b874986f864167,False,,,,whole_sourceyear_municipal_or_predecessor_territory,,дорожно-ремонтного пункта-3,посёлок,,Data Sheet,12303.0,посёлок дорожно-ремонтного пункта-3,E,Contiguouscomplete2010municipalroster; literalpublishednames andhistoricallegalmemberchanges,,605.0,,False,,,True,False,605.0,True,False,,False,False
,,2010:010_711691e352_2._20Kostrom_Kur_Lip_Moscow_MoscObl_Orlov_2010.xls:Data Sheet:12304,,,,,,,,,,,,,,,qualified_accepted_complete_sourceyear_municipal_scope_constituent,,,,,,,,,,moscow_sourceyear_schapovskoye,2010,20.0,secondary_confidentiality_protected_value_exact_scope_unverified,/workspace/settlements-raw/data/raw/2010/010_711691e352_2._20Kostrom_Kur_Lip_Moscow_MoscObl_Orlov_2010.xls,cf5b5d57327bf0d32723a7f49bb58db503a201af83a6e2bda4b874986f864167,False,,,,whole_sourceyear_municipal_or_predecessor_territory,,Иваньково,деревня,,Data Sheet,12304.0,деревня Иваньково,E,Contiguouscomplete2010municipalroster; literalpublishednames andhistoricallegalmemberchanges,,20.0,,False,,,True,False,20.0,True,False,,False,False
,,2010:010_711691e352_2._20Kostrom_Kur_Lip_Moscow_MoscObl_Orlov_2010.xls:Data Sheet:12305,,,,,,,,,,,,,,,qualified_accepted_complete_sourceyear_municipal_scope_constituent,,,,,,,,,,moscow_sourceyear_schapovskoye,2010,12.0,secondary_confidentiality_protected_value_exact_scope_unverified,/workspace/settlements-raw/data/raw/2010/010_711691e352_2._20Kostrom_Kur_Lip_Moscow_MoscObl_Orlov_2010.xls,cf5b5d57327bf0d32723a7f49bb58db503a201af83a6e2bda4b874986f864167,False,,,,whole_sourceyear_municipal_or_predecessor_territory,,Костишово,деревня,,Data Sheet,12305.0,деревня Костишово,E,Contiguouscomplete2010municipalroster; literalpublishednames andhistoricallegalmemberchanges,,12.0,,False,,,True,False,12.0,True,False,,False,False
,,2010:010_711691e352_2._20Kostrom_Kur_Lip_Moscow_MoscObl_Orlov_2010.xls:Data Sheet:12306,,,,,,,,,,,,,,,qualified_accepted_complete_sourceyear_municipal_scope_constituent,,,,,,,,,,moscow_sourceyear_schapovskoye,2010,102.0,secondary_confidentiality_protected_value_exact_scope_unverified,/workspace/settlements-raw/data/raw/2010/010_711691e352_2._20Kostrom_Kur_Lip_Moscow_MoscObl_Orlov_2010.xls,cf5b5d57327bf0d32723a7f49bb58db503a201af83a6e2bda4b874986f864167,False,,,,whole_sourceyear_municipal_or_predecessor_territory,,Кузенево,деревня,,Data Sheet,12306.0,деревня Кузенево,E,Contiguouscomplete2010municipalroster; literalpublishednames andhistoricallegalmemberchanges,,102.0,,False,,,True,False,102.0,True,False,,False,False
,,2010:010_711691e352_2._20Kostrom_Kur_Lip_Moscow_MoscObl_Orlov_2010.xls:Data Sheet:12307,,,,,,,,,,,,,,,qualified_accepted_complete_sourceyear_municipal_scope_constituent,,,,,,,,,,moscow_sourceyear_schapovskoye,2010,1643.0,secondary_confidentiality_protected_value_exact_scope_unverified,/workspace/settlements-raw/data/raw/2010/010_711691e352_2._20Kostrom_Kur_Lip_Moscow_MoscObl_Orlov_2010.xls,cf5b5d57327bf0d32723a7f49bb58db503a201af83a6e2bda4b874986f864167,False,,,,whole_sourceyear_municipal_or_predecessor_territory,,Курилово,посёлок,,Data Sheet,12307.0,посёлок Курилово,E,Contiguouscomplete2010municipalroster; literalpublishednames andhistoricallegalmemberchanges,,1643.0,,False,,,True,False,1643.0,True,False,,False,False
,,2010:010_711691e352_2._20Kostrom_Kur_Lip_Moscow_MoscObl_Orlov_2010.xls:Data Sheet:12308,,,,,,,,,,,,,,,qualified_accepted_complete_sourceyear_municipal_scope_constituent,,,,,,,,,,moscow_sourceyear_schapovskoye,2010,22.0,secondary_confidentiality_protected_value_exact_scope_unverified,/workspace/settlements-raw/data/raw/2010/010_711691e352_2._20Kostrom_Kur_Lip_Moscow_MoscObl_Orlov_2010.xls,cf5b5d57327bf0d32723a7f49bb58db503a201af83a6e2bda4b874986f864167,False,,,,whole_sourceyear_municipal_or_predecessor_territory,,Овечкино,деревня,,Data Sheet,12308.0,деревня Овечкино,E,Contiguouscomplete2010municipalroster; literalpublishednames andhistoricallegalmemberchanges,,22.0,,False,,,True,False,22.0,True,False,,False,False
,,2010:010_711691e352_2._20Kostrom_Kur_Lip_Moscow_MoscObl_Orlov_2010.xls:Data Sheet:12309,,,,,,,,,,,,,,,qualified_accepted_complete_sourceyear_municipal_scope_constituent,,,,,,,,,,moscow_sourceyear_schapovskoye,2010,297.0,secondary_confidentiality_protected_value_exact_scope_unverified,/workspace/settlements-raw/data/raw/2010/010_711691e352_2._20Kostrom_Kur_Lip_Moscow_MoscObl_Orlov_2010.xls,cf5b5d57327bf0d32723a7f49bb58db503a201af83a6e2bda4b874986f864167,False,,,,whole_sourceyear_municipal_or_predecessor_territory,,Ознобишино,село,,Data Sheet,12309.0,село Ознобишино,E,Contiguouscomplete2010municipalroster; literalpublishednames andhistoricallegalmemberchanges,,297.0,,False,,,True,False,297.0,True,False,,False,False
,,2010:010_711691e352_2._20Kostrom_Kur_Lip_Moscow_MoscObl_Orlov_2010.xls:Data Sheet:12310,,,,,,,,,,,,,,,qualified_accepted_complete_sourceyear_municipal_scope_constituent,,,,,,,,,,moscow_sourceyear_schapovskoye,2010,98.0,secondary_confidentiality_protected_value_exact_scope_unverified,/workspace/settlements-raw/data/raw/2010/010_711691e352_2._20Kostrom_Kur_Lip_Moscow_MoscObl_Orlov_2010.xls,cf5b5d57327bf0d32723a7f49bb58db503a201af83a6e2bda4b874986f864167,False,,,,whole_sourceyear_municipal_or_predecessor_territory,,Песье,деревня,,Data Sheet,12310.0,деревня Песье,E,Contiguouscomplete2010municipalroster; literalpublishednames andhistoricallegalmemberchanges,,98.0,,False,,,True,False,98.0,True,False,,False,False
,,2010:010_711691e352_2._20Kostrom_Kur_Lip_Moscow_MoscObl_Orlov_2010.xls:Data Sheet:12311,,,,,,,,,,,,,,,qualified_accepted_complete_sourceyear_municipal_scope_constituent,,,,,,,,,,moscow_sourceyear_schapovskoye,2010,37.0,secondary_confidentiality_protected_value_exact_scope_unverified,/workspace/settlements-raw/data/raw/2010/010_711691e352_2._20Kostrom_Kur_Lip_Moscow_MoscObl_Orlov_2010.xls,cf5b5d57327bf0d32723a7f49bb58db503a201af83a6e2bda4b874986f864167,False,,,,whole_sourceyear_municipal_or_predecessor_territory,,Русино,деревня,,Data Sheet,12311.0,деревня Русино,E,Contiguouscomplete2010municipalroster; literalpublishednames andhistoricallegalmemberchanges,,37.0,,False,,,True,False,37.0,True,False,,False,False
,,2010:010_711691e352_2._20Kostrom_Kur_Lip_Moscow_MoscObl_Orlov_2010.xls:Data Sheet:12312,,,,,,,,,,,,,,,qualified_accepted_complete_sourceyear_municipal_scope_constituent,,,,,,,,,,moscow_sourceyear_schapovskoye,2010,76.0,secondary_confidentiality_protected_value_exact_scope_unverified,/workspace/settlements-raw/data/raw/2010/010_711691e352_2._20Kostrom_Kur_Lip_Moscow_MoscObl_Orlov_2010.xls,cf5b5d57327bf0d32723a7f49bb58db503a201af83a6e2bda4b874986f864167,False,,,,whole_sourceyear_municipal_or_predecessor_territory,,Сатино-Русское,деревня,,Data Sheet,12312.0,деревня Сатино-Русское,E,Contiguouscomplete2010municipalroster; literalpublishednames andhistoricallegalmemberchanges,,76.0,,False,,,True,False,76.0,True,False,,False,False
,,2010:010_711691e352_2._20Kostrom_Kur_Lip_Moscow_MoscObl_Orlov_2010.xls:Data Sheet:12313,,,,,,,,,,,,,,,qualified_accepted_complete_sourceyear_municipal_scope_constituent,,,,,,,,,,moscow_sourceyear_schapovskoye,2010,63.0,secondary_confidentiality_protected_value_exact_scope_unverified,/workspace/settlements-raw/data/raw/2010/010_711691e352_2._20Kostrom_Kur_Lip_Moscow_MoscObl_Orlov_2010.xls,cf5b5d57327bf0d32723a7f49bb58db503a201af83a6e2bda4b874986f864167,False,,,,whole_sourceyear_municipal_or_predecessor_territory,,Сатино-Татарское,деревня,,Data Sheet,12313.0,деревня Сатино-Татарское,E,Contiguouscomplete2010municipalroster; literalpublishednames andhistoricallegalmemberchanges,,63.0,,False,,,True,False,63.0,True,False,,False,False
,,2010:010_711691e352_2._20Kostrom_Kur_Lip_Moscow_MoscObl_Orlov_2010.xls:Data Sheet:12314,,,,,,,,,,,,,,,qualified_accepted_complete_sourceyear_municipal_scope_constituent,,,,,,,,,,moscow_sourceyear_schapovskoye,2010,411.0,secondary_confidentiality_protected_value_exact_scope_unverified,/workspace/settlements-raw/data/raw/2010/010_711691e352_2._20Kostrom_Kur_Lip_Moscow_MoscObl_Orlov_2010.xls,cf5b5d57327bf0d32723a7f49bb58db503a201af83a6e2bda4b874986f864167,False,,,,whole_sourceyear_municipal_or_predecessor_territory,,Спортбазы,посёлок,,Data Sheet,12314.0,посёлок Спортбазы,E,Contiguouscomplete2010municipalroster; literalpublishednames andhistoricallegalmemberchanges,,411.0,,False,,,True,False,411.0,True,False,,False,False
,,2010:010_711691e352_2._20Kostrom_Kur_Lip_Moscow_MoscObl_Orlov_2010.xls:Data Sheet:12315,,,,,,,,,,,,,,,qualified_accepted_complete_sourceyear_municipal_scope_constituent,,,,,,,,,,moscow_sourceyear_schapovskoye,2010,159.0,secondary_confidentiality_protected_value_exact_scope_unverified,/workspace/settlements-raw/data/raw/2010/010_711691e352_2._20Kostrom_Kur_Lip_Moscow_MoscObl_Orlov_2010.xls,cf5b5d57327bf0d32723a7f49bb58db503a201af83a6e2bda4b874986f864167,False,,,,whole_sourceyear_municipal_or_predecessor_territory,,Троицкое,деревня,,Data Sheet,12315.0,деревня Троицкое,E,Contiguouscomplete2010municipalroster; literalpublishednames andhistoricallegalmemberchanges,,159.0,,False,,,True,False,159.0,True,False,,False,False
,,2010:010_711691e352_2._20Kostrom_Kur_Lip_Moscow_MoscObl_Orlov_2010.xls:Data Sheet:12316,,,,,,,,,,,,,,,qualified_accepted_complete_sourceyear_municipal_scope_constituent,,,,,,,,,,moscow_sourceyear_schapovskoye,2010,75.0,secondary_confidentiality_protected_value_exact_scope_unverified,/workspace/settlements-raw/data/raw/2010/010_711691e352_2._20Kostrom_Kur_Lip_Moscow_MoscObl_Orlov_2010.xls,cf5b5d57327bf0d32723a7f49bb58db503a201af83a6e2bda4b874986f864167,False,,,,whole_sourceyear_municipal_or_predecessor_territory,,Шаганино,деревня,,Data Sheet,12316.0,деревня Шаганино,E,Contiguouscomplete2010municipalroster; literalpublishednames andhistoricallegalmemberchanges,,75.0,,False,,,True,False,75.0,True,False,,False,False
,,2010:010_711691e352_2._20Kostrom_Kur_Lip_Moscow_MoscObl_Orlov_2010.xls:Data Sheet:12317,,,,,,,,,,,,,,,qualified_accepted_complete_sourceyear_municipal_scope_constituent,,,,,,,,,,moscow_sourceyear_schapovskoye,2010,2699.0,secondary_confidentiality_protected_value_exact_scope_unverified,/workspace/settlements-raw/data/raw/2010/010_711691e352_2._20Kostrom_Kur_Lip_Moscow_MoscObl_Orlov_2010.xls,cf5b5d57327bf0d32723a7f49bb58db503a201af83a6e2bda4b874986f864167,False,,,,whole_sourceyear_municipal_or_predecessor_territory,,Щапово,посёлок,,Data Sheet,12317.0,посёлок Щапово,E,Contiguouscomplete2010municipalroster; literalpublishednames andhistoricallegalmemberchanges,,2699.0,,False,,,True,False,2699.0,True,False,,False,False
