component_root,source_record_id_2002,settlement_name_2002,settlement_type_2002,region_norm_2002,population_2002,latitude_2002,longitude_2002,point_origin_file_2002,point_origin_sha256_2002,point_origin_locator_2002,point_origin_kind_2002,coordinate_admission_status_2002,coordinate_source_record_id_2002,source_record_id_2010,settlement_name_2010,settlement_type_2010,region_norm_2010,population_2010,latitude_2010,longitude_2010,point_origin_file_2010,point_origin_sha256_2010,point_origin_locator_2010,point_origin_kind_2010,coordinate_admission_status_2010,coordinate_source_record_id_2010,source_record_id_2021,settlement_name_2021,settlement_type_2021,region_norm_2021,population_2021,latitude_2021,longitude_2021,point_origin_file_2021,point_origin_sha256_2021,point_origin_locator_2021,point_origin_kind_2021,coordinate_admission_status_2021,coordinate_source_record_id_2021,distance_km_2002_2010,distance_km_2002_2021,distance_km_2010_2021,max_interyear_distance_km,max_pair,rank_max_interyear_distance
2002:023_38d853be37_02c_Kaliningrad.xls:Sheet1:1209,2002:023_38d853be37_02c_Kaliningrad.xls:Sheet1:1209,Ясное,посёлок,калининградская,1629.0,55.1748323,21.5440052,/workspace/settlements-raw/data/interim/2021_tochno/data_allsettlements_anon_156_v20251217.parquet,86c197cd522e0b63669e9c6e7f43fd3d82b3704c6a126c800a9968ecd16cae14,"carrier_target_source_record_id=2021:data_allsettlements_anon_156_v20251217.parquet:parquet:26584;parquet_row_1based=26584;latitude_dadata,longitude_dadata",retrospective_continuity_from_tochno_2021_dadata_raw_parquet_point,reviewed_extension_rule_accepted,2021:data_allsettlements_anon_156_v20251217.parquet:parquet:26584,KAL2010:TOM1:S4:R1130,ясное,посёлок,калининградская,1464.0,54.550324,20.463505,/workspace/settlements-raw/data/raw/historical_geography/geokladr_okato_2011/okato.dbf,d1c8b983f2489724a940bd2a64dedda73b602f6c491d5c09391deaf362fe2650,raw_dbf_record_number_1based=39576;byte_offset_0based=15632830,geokladr_2011_raw_dbf_coordinate,reviewed_extension_rule_accepted,GeoKLADR2011:OKATO:27236819001,2021:data_allsettlements_anon_156_v20251217.parquet:parquet:26584,Ясное,посёлок,калининградская,1028.0,55.1748323,21.5440052,/workspace/settlements-raw/data/interim/2021_tochno/data_allsettlements_anon_156_v20251217.parquet,86c197cd522e0b63669e9c6e7f43fd3d82b3704c6a126c800a9968ecd16cae14,"parquet_row_1based=26584;latitude_dadata,longitude_dadata",tochno_2021_dadata_raw_parquet_point,reviewed_rule_accepted,2021:data_allsettlements_anon_156_v20251217.parquet:parquet:26584,97.996805033461,0.0,97.996805033461,97.996805033461,distance_km_2002_2010,1
2002:072_970adef884_Kemerov_obl_new.xls:Sheet1:1231,2002:072_970adef884_Kemerov_obl_new.xls:Sheet1:1231,Боровой,посёлок,кемеровская,159.0,55.9111386,87.3937859,/workspace/settlements-raw/data/interim/2021_tochno/data_allsettlements_anon_156_v20251217.parquet,86c197cd522e0b63669e9c6e7f43fd3d82b3704c6a126c800a9968ecd16cae14,"carrier_target_source_record_id=2021:data_allsettlements_anon_156_v20251217.parquet:parquet:32677;parquet_row_1based=32677;latitude_dadata,longitude_dadata",retrospective_continuity_from_tochno_2021_dadata_raw_parquet_point,reviewed_extension_rule_accepted,2021:data_allsettlements_anon_156_v20251217.parquet:parquet:32677,2010:008_342f3c208b_16._20Сиб_ФО_2010.xls:Sib:5842,Боровой,посёлок,кемеровская,100.0,55.433333,86.083333,/workspace/settlements-raw/data/raw/historical_geography/geokladr_okato_2011/okato.dbf,d1c8b983f2489724a940bd2a64dedda73b602f6c491d5c09391deaf362fe2650,raw_dbf_record_number_1based=53231;byte_offset_0based=21026555,geokladr_2011_raw_dbf_coordinate,reviewed_extension_rule_accepted,GeoKLADR2011:OKATO:32237820004,2021:data_allsettlements_anon_156_v20251217.parquet:parquet:32677,Боровой,посёлок,кемеровская,56.0,55.9111386,87.3937859,/workspace/settlements-raw/data/interim/2021_tochno/data_allsettlements_anon_156_v20251217.parquet,86c197cd522e0b63669e9c6e7f43fd3d82b3704c6a126c800a9968ecd16cae14,"parquet_row_1based=32677;latitude_dadata,longitude_dadata",tochno_2021_dadata_raw_parquet_point,reviewed_rule_accepted,2021:data_allsettlements_anon_156_v20251217.parquet:parquet:32677,97.85026289953484,0.0,97.85026289953484,97.85026289953484,distance_km_2002_2010,2
2002:072_970adef884_Kemerov_obl_new.xls:Sheet1:1156,2002:072_970adef884_Kemerov_obl_new.xls:Sheet1:1156,Новотроицк,деревня,кемеровская,97.0,56.091954,88.8897016,/workspace/settlements-raw/data/interim/2021_tochno/data_allsettlements_anon_156_v20251217.parquet,86c197cd522e0b63669e9c6e7f43fd3d82b3704c6a126c800a9968ecd16cae14,"carrier_target_source_record_id=2021:data_allsettlements_anon_156_v20251217.parquet:parquet:32631;parquet_row_1based=32631;latitude_dadata,longitude_dadata",retrospective_continuity_from_tochno_2021_dadata_raw_parquet_point,reviewed_extension_rule_accepted,2021:data_allsettlements_anon_156_v20251217.parquet:parquet:32631,2010:008_342f3c208b_16._20Сиб_ФО_2010.xls:Sib:5792,Новотроицк,деревня,кемеровская,23.0,55.866667,87.383333,/workspace/settlements-raw/data/raw/historical_geography/geokladr_okato_2011/okato.dbf,d1c8b983f2489724a940bd2a64dedda73b602f6c491d5c09391deaf362fe2650,raw_dbf_record_number_1based=53178;byte_offset_0based=21005620,geokladr_2011_raw_dbf_coordinate,reviewed_extension_rule_accepted,GeoKLADR2011:OKATO:32234812004,2021:data_allsettlements_anon_156_v20251217.parquet:parquet:32631,Новотроицк,деревня,кемеровская,3.0,56.091954,88.8897016,/workspace/settlements-raw/data/interim/2021_tochno/data_allsettlements_anon_156_v20251217.parquet,86c197cd522e0b63669e9c6e7f43fd3d82b3704c6a126c800a9968ecd16cae14,"parquet_row_1based=32631;latitude_dadata,longitude_dadata",tochno_2021_dadata_raw_parquet_point,reviewed_rule_accepted,2021:data_allsettlements_anon_156_v20251217.parquet:parquet:32631,97.00351904685564,0.0,97.00351904685564,97.00351904685564,distance_km_2002_2010,3
2002:072_970adef884_Kemerov_obl_new.xls:Sheet1:746,2002:072_970adef884_Kemerov_obl_new.xls:Sheet1:746,Индустрия,посёлок,кемеровская,501.0,53.8300598,86.7246277,/workspace/settlements-raw/data/interim/2021_tochno/data_allsettlements_anon_156_v20251217.parquet,86c197cd522e0b63669e9c6e7f43fd3d82b3704c6a126c800a9968ecd16cae14,"carrier_target_source_record_id=2021:data_allsettlements_anon_156_v20251217.parquet:parquet:32399;parquet_row_1based=32399;latitude_dadata,longitude_dadata",retrospective_continuity_from_tochno_2021_dadata_raw_parquet_point,reviewed_extension_rule_accepted,2021:data_allsettlements_anon_156_v20251217.parquet:parquet:32399,2010:008_342f3c208b_16._20Сиб_ФО_2010.xls:Sib:5472,Индустрия,посёлок,кемеровская,382.0,54.620588,86.106677,/workspace/settlements-raw/data/raw/historical_geography/geokladr_okato_2011/okato.dbf,d1c8b983f2489724a940bd2a64dedda73b602f6c491d5c09391deaf362fe2650,raw_dbf_record_number_1based=52863;byte_offset_0based=20881195,geokladr_2011_raw_dbf_coordinate,reviewed_extension_rule_accepted,GeoKLADR2011:OKATO:32222816004,2021:data_allsettlements_anon_156_v20251217.parquet:parquet:32399,Индустрия,посёлок,кемеровская,414.0,53.8300598,86.7246277,/workspace/settlements-raw/data/interim/2021_tochno/data_allsettlements_anon_156_v20251217.parquet,86c197cd522e0b63669e9c6e7f43fd3d82b3704c6a126c800a9968ecd16cae14,"parquet_row_1based=32399;latitude_dadata,longitude_dadata",tochno_2021_dadata_raw_parquet_point,reviewed_rule_accepted,2021:data_allsettlements_anon_156_v20251217.parquet:parquet:32399,96.6453511161915,0.0,96.6453511161915,96.6453511161915,distance_km_2002_2010,4
2002:020_e4f979c6c7_02c_Arxang-new.xls:Sheet1:2896,2002:020_e4f979c6c7_02c_Arxang-new.xls:Sheet1:2896,Сысова,деревня,архангельская,5.0,62.0023981,38.2500183,/workspace/settlements-raw/data/interim/2021_tochno/data_allsettlements_anon_156_v20251217.parquet,86c197cd522e0b63669e9c6e7f43fd3d82b3704c6a126c800a9968ecd16cae14,"carrier_target_source_record_id=2021:data_allsettlements_anon_156_v20251217.parquet:parquet:87439;parquet_row_1based=87439;latitude_dadata,longitude_dadata",retrospective_continuity_from_tochno_2021_dadata_raw_parquet_point,reviewed_extension_rule_accepted,2021:data_allsettlements_anon_156_v20251217.parquet:parquet:87439,ARK2010:archive20131022:html_table1_tr2923,сысова,деревня,архангельская,0.0,62.450135,39.831276,/workspace/settlements-raw/data/raw/historical_geography/geokladr_okato_2011/okato.dbf,d1c8b983f2489724a940bd2a64dedda73b602f6c491d5c09391deaf362fe2650,raw_dbf_record_number_1based=10007;byte_offset_0based=3953075,geokladr_2011_raw_dbf_coordinate,reviewed_extension_rule_accepted,GeoKLADR2011:OKATO:11250804027,2021:data_allsettlements_anon_156_v20251217.parquet:parquet:87439,Сысова,деревня,архангельская,1.0,62.0023981,38.2500183,/workspace/settlements-raw/data/interim/2021_tochno/data_allsettlements_anon_156_v20251217.parquet,86c197cd522e0b63669e9c6e7f43fd3d82b3704c6a126c800a9968ecd16cae14,"parquet_row_1based=87439;latitude_dadata,longitude_dadata",tochno_2021_dadata_raw_parquet_point,reviewed_rule_accepted,2021:data_allsettlements_anon_156_v20251217.parquet:parquet:87439,95.86900491841695,0.0,95.86900491841695,95.86900491841695,distance_km_2002_2010,5
2002:020_e4f979c6c7_02c_Arxang-new.xls:Sheet1:1251,2002:020_e4f979c6c7_02c_Arxang-new.xls:Sheet1:1251,Заречный,станция,архангельская,364.0,61.493054,38.956642,/workspace/settlements-raw/data/raw/historical_geography/geokladr_okato_2011/okato.dbf,d1c8b983f2489724a940bd2a64dedda73b602f6c491d5c09391deaf362fe2650,raw_dbf_record_number_1based=8632;byte_offset_0based=3409950,geokladr_2011_raw_dbf_coordinate,reviewed_extension_rule_accepted,GeoKLADR2011:OKATO:11222551003,ARK2010:archive20131022:html_table1_tr1272,заречный,железнодорожный объект,архангельская,304.0,61.493054,38.956642,,,,,reviewed_rule_accepted,,2021:data_allsettlements_anon_156_v20251217.parquet:parquet:87974,Заречный,посёлок,архангельская,288.0,60.9922164,40.398098,/workspace/settlements-raw/data/interim/2021_tochno/data_allsettlements_anon_156_v20251217.parquet,86c197cd522e0b63669e9c6e7f43fd3d82b3704c6a126c800a9968ecd16cae14,"parquet_row_1based=87974;latitude_dadata,longitude_dadata",tochno_2021_dadata_raw_parquet_point,reviewed_rule_accepted,2021:data_allsettlements_anon_156_v20251217.parquet:parquet:87974,0.0,95.11625376475776,95.11625376475776,95.11625376475776,distance_km_2002_2021,6
2002:048_4f024587eb_02c_Nizhegorod_obl_new.xls:11:1540,2002:048_4f024587eb_02c_Nizhegorod_obl_new.xls:11:1540,Львово,село,нижегородская,84.0,56.0499356,45.5451785,/workspace/settlements-raw/data/interim/2021_tochno/data_allsettlements_anon_156_v20251217.parquet,86c197cd522e0b63669e9c6e7f43fd3d82b3704c6a126c800a9968ecd16cae14,"carrier_target_source_record_id=2021:data_allsettlements_anon_156_v20251217.parquet:parquet:75492;parquet_row_1based=75492;latitude_dadata,longitude_dadata",retrospective_continuity_from_tochno_2021_dadata_raw_parquet_point,reviewed_extension_rule_accepted,2021:data_allsettlements_anon_156_v20251217.parquet:parquet:75492,2010:014_5ca759eea0_5._20Nizheg_Kirov_202010.xls:Data Sheet:1001,Львово,село,нижегородская,76.0,56.883022,45.197036,/workspace/settlements-raw/data/raw/historical_geography/geokladr_okato_2011/okato.dbf,d1c8b983f2489724a940bd2a64dedda73b602f6c491d5c09391deaf362fe2650,raw_dbf_record_number_1based=30347;byte_offset_0based=11987375,geokladr_2011_raw_dbf_coordinate,reviewed_extension_rule_accepted,GeoKLADR2011:OKATO:22221820005,2021:data_allsettlements_anon_156_v20251217.parquet:parquet:75492,Львово,село,нижегородская,42.0,56.0499356,45.5451785,/workspace/settlements-raw/data/interim/2021_tochno/data_allsettlements_anon_156_v20251217.parquet,86c197cd522e0b63669e9c6e7f43fd3d82b3704c6a126c800a9968ecd16cae14,"parquet_row_1based=75492;latitude_dadata,longitude_dadata",tochno_2021_dadata_raw_parquet_point,reviewed_rule_accepted,2021:data_allsettlements_anon_156_v20251217.parquet:parquet:75492,95.07119055947987,0.0,95.07119055947987,95.07119055947987,distance_km_2002_2010,7
2002:051_46e3ecb0a0_02c_Permskaja_obl.xls:Sheet1:2182,2002:051_46e3ecb0a0_02c_Permskaja_obl.xls:Sheet1:2182,Сухая Речка,деревня,пермский,64.0,57.3258798,56.8897979,,,,,reviewed_extension_rule_accepted,2021:data_allsettlements_anon_156_v20251217.parquet:parquet:96994,2010:016_802d308e41_8._20Or_Penz_Perm_Samar_Saratov_Uly_2010.xls:!!!:6396,Сухая Речка,деревня,пермский,55.0,58.164451,56.582482,/workspace/settlements-raw/data/raw/historical_geography/geokladr_okato_2011/okato.dbf,d1c8b983f2489724a940bd2a64dedda73b602f6c491d5c09391deaf362fe2650,raw_dbf_record_number_1based=91970;byte_offset_0based=36328460,geokladr_2011_raw_dbf_coordinate,reviewed_extension_rule_accepted,GeoKLADR2011:OKATO:57230843010,2021:data_allsettlements_anon_156_v20251217.parquet:parquet:96994,Сухая Речка,деревня,пермский,41.0,57.3258798,56.8897979,/workspace/settlements-raw/data/interim/2021_tochno/data_allsettlements_anon_156_v20251217.parquet,86c197cd522e0b63669e9c6e7f43fd3d82b3704c6a126c800a9968ecd16cae14,"parquet_row_1based=96994;latitude_dadata,longitude_dadata",tochno_2021_dadata_raw_parquet_point,reviewed_rule_accepted,2021:data_allsettlements_anon_156_v20251217.parquet:parquet:96994,95.01141989233203,0.0,95.01141989233203,95.01141989233203,distance_km_2002_2010,8
2002:023_38d853be37_02c_Kaliningrad.xls:Sheet1:31,2002:023_38d853be37_02c_Kaliningrad.xls:Sheet1:31,Песчаное,посёлок,калининградская,29.0,54.7260134,20.2456129,/workspace/settlements-raw/data/interim/2021_tochno/data_allsettlements_anon_156_v20251217.parquet,86c197cd522e0b63669e9c6e7f43fd3d82b3704c6a126c800a9968ecd16cae14,"parquet_row_1based=26770;latitude_dadata,longitude_dadata",tochno_2021_dadata_raw_parquet_point,reviewed_extension_rule_accepted,2021:data_allsettlements_anon_156_v20251217.parquet:parquet:26770,KAL2010:TOM1:S4:R0041,песчаное,посёлок,калининградская,17.0,54.520657,21.673595,/workspace/settlements-raw/data/raw/historical_geography/geokladr_okato_2011/okato.dbf,d1c8b983f2489724a940bd2a64dedda73b602f6c491d5c09391deaf362fe2650,raw_dbf_record_number_1based=39713;byte_offset_0based=15686945,geokladr_2011_raw_dbf_coordinate,reviewed_extension_rule_accepted,GeoKLADR2011:OKATO:27425000010,2021:data_allsettlements_anon_156_v20251217.parquet:parquet:26770,Песчаное,посёлок,калининградская,14.0,54.7260134,20.2456129,/workspace/settlements-raw/data/interim/2021_tochno/data_allsettlements_anon_156_v20251217.parquet,86c197cd522e0b63669e9c6e7f43fd3d82b3704c6a126c800a9968ecd16cae14,"parquet_row_1based=26770;latitude_dadata,longitude_dadata",tochno_2021_dadata_raw_parquet_point,reviewed_rule_accepted,2021:data_allsettlements_anon_156_v20251217.parquet:parquet:26770,94.71990274475552,0.0,94.71990274475552,94.71990274475552,distance_km_2002_2010,9
2002:012_c6dde723e8_02c_Ryazanskaja.xls:Sheet1:1318,2002:012_c6dde723e8_02c_Ryazanskaja.xls:Sheet1:1318,Аннино,посёлок,рязанская,24.0,54.189167,39.335556,/workspace/settlements-raw/data/raw/historical_geography/geokladr_okato_2011/okato.dbf,d1c8b983f2489724a940bd2a64dedda73b602f6c491d5c09391deaf362fe2650,raw_dbf_record_number_1based=105134;byte_offset_0based=41528240,geokladr_2011_raw_dbf_coordinate,reviewed_extension_rule_accepted,GeoKLADR2011:OKATO:61220835002,2010:011_040325482b_3._20Ryaz_Smol_Tambov_Tula_Jaroslavl_20L1_20ethn_2010.xls:Data Sheet:1136,Аннино,посёлок,рязанская,17.0,54.189167,39.335556,/workspace/settlements-raw/data/raw/historical_geography/geokladr_okato_2011/okato.dbf,d1c8b983f2489724a940bd2a64dedda73b602f6c491d5c09391deaf362fe2650,raw_dbf_record_number_1based=105134;byte_offset_0based=41528240,geokladr_2011_raw_dbf_coordinate,reviewed_extension_rule_accepted,GeoKLADR2011:OKATO:61220835002,2021:data_allsettlements_anon_156_v20251217.parquet:parquet:112714,Аннино,посёлок,рязанская,13.0,53.4435178,40.0031094,/workspace/settlements-raw/data/interim/2021_tochno/data_allsettlements_anon_156_v20251217.parquet,86c197cd522e0b63669e9c6e7f43fd3d82b3704c6a126c800a9968ecd16cae14,"parquet_row_1based=112714;latitude_dadata,longitude_dadata",tochno_2021_dadata_raw_parquet_point,reviewed_rule_accepted,2021:data_allsettlements_anon_156_v20251217.parquet:parquet:112714,0.0,93.78021611408627,93.78021611408627,93.78021611408627,distance_km_2002_2021,10
2002:045_9dc3ed048e_02c__Udmurtia.xls:Sheet1:2460,2002:045_9dc3ed048e_02c__Udmurtia.xls:Sheet1:2460,Кельдыш,деревня,удмуртская,305.0,57.759845,52.622313,,,,,reviewed_extension_rule_accepted,2010:017_68e0e4537e_9._20Basq_Mari_Mord_Tatar_Udm_Chuv_2010.xls:!!!:12233,2010:017_68e0e4537e_9._20Basq_Mari_Mord_Tatar_Udm_Chuv_2010.xls:!!!:12233,Кельдыш,деревня,удмуртская,295.0,57.759845,52.622313,/workspace/settlements-raw/data/raw/historical_geography/geokladr_okato_2011/okato.dbf,d1c8b983f2489724a940bd2a64dedda73b602f6c491d5c09391deaf362fe2650,raw_dbf_record_number_1based=148569;byte_offset_0based=58685065,geokladr_2011_raw_dbf_coordinate,reviewed_extension_rule_accepted,GeoKLADR2011:OKATO:94246805003,2021:data_allsettlements_anon_156_v20251217.parquet:parquet:157268,Кельдыш,деревня,удмуртская,221.0,57.415833,54.054167,/workspace/settlements-raw/data/raw/wikidata_truthy_claims/batch_0005.jsonl.gz,4c24fb0757d882905a063cb56caa27990489043498ab80811f3646f3af6ca107,"{""line_number"": 7996, ""locator"": ""batch_0005.jsonl.gz#line=7996"", ""retrieved_at_utc"": ""2026-08-31T20:57:14.325584+00:00"", ""source_file"": ""batch_0005.jsonl.gz"", ""value_raw"": ""POINT(54.054167 57.415833)""}",wikidata_P625_point_claim,reviewed_extension_rule_accepted,Q12109505,0.0,93.51873707514422,93.51873707514422,93.51873707514422,distance_km_2002_2021,11
2002:051_46e3ecb0a0_02c_Permskaja_obl.xls:Sheet1:3641,2002:051_46e3ecb0a0_02c_Permskaja_obl.xls:Sheet1:3641,Бабка,село,пермский,799.0,57.0848333,54.4924347,/workspace/settlements-raw/data/interim/2021_tochno/data_allsettlements_anon_156_v20251217.parquet,86c197cd522e0b63669e9c6e7f43fd3d82b3704c6a126c800a9968ecd16cae14,"carrier_target_source_record_id=2021:data_allsettlements_anon_156_v20251217.parquet:parquet:97258;parquet_row_1based=97258;latitude_dadata,longitude_dadata",retrospective_continuity_from_tochno_2021_dadata_raw_parquet_point,reviewed_extension_rule_accepted,2021:data_allsettlements_anon_156_v20251217.parquet:parquet:97258,2010:016_802d308e41_8._20Or_Penz_Perm_Samar_Saratov_Uly_2010.xls:!!!:7537,Бабка,село,пермский,803.0,57.291072,55.978798,/workspace/settlements-raw/data/raw/historical_geography/geokladr_okato_2011/okato.dbf,d1c8b983f2489724a940bd2a64dedda73b602f6c491d5c09391deaf362fe2650,raw_dbf_record_number_1based=93117;byte_offset_0based=36781525,geokladr_2011_raw_dbf_coordinate,reviewed_extension_rule_accepted,GeoKLADR2011:OKATO:57255802001,2021:data_allsettlements_anon_156_v20251217.parquet:parquet:97258,Бабка,село,пермский,812.0,57.0848333,54.4924347,/workspace/settlements-raw/data/interim/2021_tochno/data_allsettlements_anon_156_v20251217.parquet,86c197cd522e0b63669e9c6e7f43fd3d82b3704c6a126c800a9968ecd16cae14,"parquet_row_1based=97258;latitude_dadata,longitude_dadata",tochno_2021_dadata_raw_parquet_point,reviewed_rule_accepted,2021:data_allsettlements_anon_156_v20251217.parquet:parquet:97258,92.44806984777925,0.0,92.44806984777925,92.44806984777925,distance_km_2002_2010,12
2002:020_e4f979c6c7_02c_Arxang-new.xls:Sheet1:2892,2002:020_e4f979c6c7_02c_Arxang-new.xls:Sheet1:2892,Ряпусовский Погост,деревня,архангельская,0.0,62.4209258,39.7968516,/workspace/settlements-raw/data/interim/2021_tochno/data_allsettlements_anon_156_v20251217.parquet,86c197cd522e0b63669e9c6e7f43fd3d82b3704c6a126c800a9968ecd16cae14,"carrier_target_source_record_id=2021:data_allsettlements_anon_156_v20251217.parquet:parquet:87424;parquet_row_1based=87424;latitude_dadata,longitude_dadata",retrospective_continuity_from_tochno_2021_dadata_raw_parquet_point,reviewed_extension_rule_accepted,2021:data_allsettlements_anon_156_v20251217.parquet:parquet:87424,ARK2010:archive20131022:html_table1_tr2919,ряпусовский погост,деревня,архангельская,0.0,62.00611,38.263787,/workspace/settlements-raw/data/raw/historical_geography/geokladr_okato_2011/okato.dbf,d1c8b983f2489724a940bd2a64dedda73b602f6c491d5c09391deaf362fe2650,raw_dbf_record_number_1based=10003;byte_offset_0based=3951495,geokladr_2011_raw_dbf_coordinate,reviewed_extension_rule_accepted,GeoKLADR2011:OKATO:11250804023,2021:data_allsettlements_anon_156_v20251217.parquet:parquet:87424,Ряпусовский Погост,деревня,архангельская,0.0,62.4209258,39.7968516,/workspace/settlements-raw/data/interim/2021_tochno/data_allsettlements_anon_156_v20251217.parquet,86c197cd522e0b63669e9c6e7f43fd3d82b3704c6a126c800a9968ecd16cae14,"parquet_row_1based=87424;latitude_dadata,longitude_dadata",tochno_2021_dadata_raw_parquet_point,reviewed_rule_accepted,2021:data_allsettlements_anon_156_v20251217.parquet:parquet:87424,91.88177502265755,0.0,91.88177502265755,91.88177502265755,distance_km_2002_2010,13
2002:036_81b258bc42_02c_Krasnodarski-krai.xls:11:2074,2002:036_81b258bc42_02c_Krasnodarski-krai.xls:11:2074,Рашпиль,хутор,краснодарский,277.0,45.6704557,39.05765,/workspace/settlements-raw/data/interim/2021_tochno/data_allsettlements_anon_156_v20251217.parquet,86c197cd522e0b63669e9c6e7f43fd3d82b3704c6a126c800a9968ecd16cae14,"carrier_target_source_record_id=2021:data_allsettlements_anon_156_v20251217.parquet:parquet:46425;parquet_row_1based=46425;latitude_dadata,longitude_dadata",retrospective_continuity_from_tochno_2021_dadata_raw_parquet_point,reviewed_extension_rule_accepted,2021:data_allsettlements_anon_156_v20251217.parquet:parquet:46425,2010:005_888282bccc_13._20Краснодарский_край_2010.xls:КК:1325,Рашпиль,хутор,краснодарский,281.0,44.873616,38.826263,/workspace/settlements-raw/data/raw/historical_geography/geokladr_okato_2011/okato.dbf,d1c8b983f2489724a940bd2a64dedda73b602f6c491d5c09391deaf362fe2650,raw_dbf_record_number_1based=2920;byte_offset_0based=1153710,geokladr_2011_raw_dbf_coordinate,reviewed_extension_rule_accepted,GeoKLADR2011:OKATO:03253822005,2021:data_allsettlements_anon_156_v20251217.parquet:parquet:46425,Рашпиль,хутор,краснодарский,275.0,45.6704557,39.05765,/workspace/settlements-raw/data/interim/2021_tochno/data_allsettlements_anon_156_v20251217.parquet,86c197cd522e0b63669e9c6e7f43fd3d82b3704c6a126c800a9968ecd16cae14,"parquet_row_1based=46425;latitude_dadata,longitude_dadata",tochno_2021_dadata_raw_parquet_point,reviewed_rule_accepted,2021:data_allsettlements_anon_156_v20251217.parquet:parquet:46425,90.43568593006565,0.0,90.43568593006565,90.43568593006565,distance_km_2002_2010,14
2002:057_9b18a354f1_02c_Sverdlovskaja_oblast.xls:Sheet1:503,2002:057_9b18a354f1_02c_Sverdlovskaja_oblast.xls:Sheet1:503,Раскатиха,село,свердловская,456.0,58.383333,61.6,/workspace/settlements-raw/data/raw/historical_geography/geokladr_okato_2011/okato.dbf,d1c8b983f2489724a940bd2a64dedda73b602f6c491d5c09391deaf362fe2650,raw_dbf_record_number_1based=108854;byte_offset_0based=42997640,geokladr_2011_raw_dbf_coordinate,reviewed_extension_rule_accepted,GeoKLADR2011:OKATO:65201863001,2010:003_eb441570b1_11._20Урал_ФО_2010.xls:Урал:2906,Раскатиха,село,свердловская,372.0,58.383333,61.6,/workspace/settlements-raw/data/raw/historical_geography/geokladr_okato_2011/okato.dbf,d1c8b983f2489724a940bd2a64dedda73b602f6c491d5c09391deaf362fe2650,raw_dbf_record_number_1based=108854;byte_offset_0based=42997640,geokladr_2011_raw_dbf_coordinate,reviewed_extension_rule_accepted,GeoKLADR2011:OKATO:65201863001,2021:data_allsettlements_anon_156_v20251217.parquet:parquet:121197,Раскатиха,село,свердловская,340.0,57.574167,61.733611,/workspace/settlements-raw/data/raw/wikidata_truthy_claims/batch_0129.jsonl.gz,46c3a8bc518c3b21ab0e4a81878c0a10abb29e663a961a18357dc79a3443e221,"{""line_number"": 10524, ""locator"": ""batch_0129.jsonl.gz#line=10524"", ""retrieved_at_utc"": ""2026-08-31T20:59:48.939071+00:00"", ""source_file"": ""batch_0129.jsonl.gz"", ""value_raw"": ""POINT(61.733611 57.574167)""}",wikidata_P625_point_claim,reviewed_extension_rule_accepted,Q4390131,0.0,90.31942578697289,90.31942578697289,90.31942578697289,distance_km_2002_2021,15
2002:051_46e3ecb0a0_02c_Permskaja_obl.xls:Sheet1:1621,2002:051_46e3ecb0a0_02c_Permskaja_obl.xls:Sheet1:1621,Фролово,деревня,пермский,423.0,58.4799479,55.1616853,,,,,reviewed_extension_rule_accepted,2021:data_allsettlements_anon_156_v20251217.parquet:parquet:96197,2010:016_802d308e41_8._20Or_Penz_Perm_Samar_Saratov_Uly_2010.xls:!!!:5990,Фролово,деревня,пермский,394.0,57.919748,56.272458,/workspace/settlements-raw/data/raw/historical_geography/geokladr_okato_2011/okato.dbf,d1c8b983f2489724a940bd2a64dedda73b602f6c491d5c09391deaf362fe2650,raw_dbf_record_number_1based=91565;byte_offset_0based=36168485,geokladr_2011_raw_dbf_coordinate,reviewed_extension_rule_accepted,GeoKLADR2011:OKATO:57222840001,2021:data_allsettlements_anon_156_v20251217.parquet:parquet:96197,Фролово,деревня,пермский,311.0,58.4799479,55.1616853,/workspace/settlements-raw/data/interim/2021_tochno/data_allsettlements_anon_156_v20251217.parquet,86c197cd522e0b63669e9c6e7f43fd3d82b3704c6a126c800a9968ecd16cae14,"parquet_row_1based=96197;latitude_dadata,longitude_dadata",tochno_2021_dadata_raw_parquet_point,reviewed_rule_accepted,2021:data_allsettlements_anon_156_v20251217.parquet:parquet:96197,90.08888430717025,0.0,90.08888430717025,90.08888430717025,distance_km_2002_2010,16
2002:023_38d853be37_02c_Kaliningrad.xls:Sheet1:147,2002:023_38d853be37_02c_Kaliningrad.xls:Sheet1:147,Минино,посёлок,калининградская,12.0,54.454503,20.794488,/workspace/settlements-raw/data/interim/2021_tochno/data_allsettlements_anon_156_v20251217.parquet,86c197cd522e0b63669e9c6e7f43fd3d82b3704c6a126c800a9968ecd16cae14,"carrier_target_source_record_id=2021:data_allsettlements_anon_156_v20251217.parquet:parquet:25679;parquet_row_1based=25679;latitude_dadata,longitude_dadata",retrospective_continuity_from_tochno_2021_dadata_raw_parquet_point,reviewed_extension_rule_accepted,2021:data_allsettlements_anon_156_v20251217.parquet:parquet:25679,KAL2010:TOM1:S4:R0070,минино,посёлок,калининградская,14.0,54.94,21.893333,/workspace/settlements-raw/data/raw/historical_geography/geokladr_okato_2011/okato.dbf,d1c8b983f2489724a940bd2a64dedda73b602f6c491d5c09391deaf362fe2650,raw_dbf_record_number_1based=38737;byte_offset_0based=15301425,geokladr_2011_raw_dbf_coordinate,reviewed_extension_rule_accepted,GeoKLADR2011:OKATO:27203831007,2021:data_allsettlements_anon_156_v20251217.parquet:parquet:25679,Минино,посёлок,калининградская,6.0,54.454503,20.794488,/workspace/settlements-raw/data/interim/2021_tochno/data_allsettlements_anon_156_v20251217.parquet,86c197cd522e0b63669e9c6e7f43fd3d82b3704c6a126c800a9968ecd16cae14,"parquet_row_1based=25679;latitude_dadata,longitude_dadata",tochno_2021_dadata_raw_parquet_point,reviewed_rule_accepted,2021:data_allsettlements_anon_156_v20251217.parquet:parquet:25679,88.88176612599133,0.0,88.88176612599133,88.88176612599133,distance_km_2002_2010,17
2002:081_6a22d6b5c5_Amur.xls:Sheet1:171,2002:081_6a22d6b5c5_Amur.xls:Sheet1:171,Морозовка,село,амурская,112.0,51.366667,129.266667,/workspace/settlements-raw/data/raw/historical_geography/geokladr_okato_2011/okato.dbf,d1c8b983f2489724a940bd2a64dedda73b602f6c491d5c09391deaf362fe2650,raw_dbf_record_number_1based=7319;byte_offset_0based=2891315,geokladr_2011_raw_dbf_coordinate,reviewed_extension_rule_accepted,GeoKLADR2011:OKATO:10240844003,2010:009_81f8a0e73c_17._20ДВ_ФО_2010.xls:ДВ:1521,Морозовка,село,амурская,84.0,51.366667,129.266667,/workspace/settlements-raw/data/raw/historical_geography/geokladr_okato_2011/okato.dbf,d1c8b983f2489724a940bd2a64dedda73b602f6c491d5c09391deaf362fe2650,raw_dbf_record_number_1based=7319;byte_offset_0based=2891315,geokladr_2011_raw_dbf_coordinate,reviewed_extension_rule_accepted,GeoKLADR2011:OKATO:10240844003,2021:data_allsettlements_anon_156_v20251217.parquet:parquet:60764,Морозовка,село,амурская,72.0,50.5893174,129.2843049,/workspace/settlements-raw/data/interim/2021_tochno/data_allsettlements_anon_156_v20251217.parquet,86c197cd522e0b63669e9c6e7f43fd3d82b3704c6a126c800a9968ecd16cae14,"parquet_row_1based=60764;latitude_dadata,longitude_dadata",tochno_2021_dadata_raw_parquet_point,reviewed_rule_accepted,2021:data_allsettlements_anon_156_v20251217.parquet:parquet:60764,0.0,86.44627034060137,86.44627034060137,86.44627034060137,distance_km_2002_2021,18
2002:020_e4f979c6c7_02c_Arxang-new.xls:Sheet1:772,2002:020_e4f979c6c7_02c_Arxang-new.xls:Sheet1:772,Соловьиха,деревня,архангельская,8.0,61.1558082,47.7556215,/workspace/settlements-raw/data/interim/2021_tochno/data_allsettlements_anon_156_v20251217.parquet,86c197cd522e0b63669e9c6e7f43fd3d82b3704c6a126c800a9968ecd16cae14,"carrier_target_source_record_id=2021:data_allsettlements_anon_156_v20251217.parquet:parquet:86986;parquet_row_1based=86986;latitude_dadata,longitude_dadata",retrospective_continuity_from_tochno_2021_dadata_raw_parquet_point,reviewed_extension_rule_accepted,2021:data_allsettlements_anon_156_v20251217.parquet:parquet:86986,ARK2010:archive20131022:html_table1_tr0752,соловьиха,деревня,архангельская,4.0,61.357424,46.198274,/workspace/settlements-raw/data/raw/historical_geography/geokladr_okato_2011/okato.dbf,d1c8b983f2489724a940bd2a64dedda73b602f6c491d5c09391deaf362fe2650,raw_dbf_record_number_1based=8224;byte_offset_0based=3248790,geokladr_2011_raw_dbf_coordinate,reviewed_extension_rule_accepted,GeoKLADR2011:OKATO:11211812041,2021:data_allsettlements_anon_156_v20251217.parquet:parquet:86986,Соловьиха,деревня,архангельская,4.0,61.1558082,47.7556215,/workspace/settlements-raw/data/interim/2021_tochno/data_allsettlements_anon_156_v20251217.parquet,86c197cd522e0b63669e9c6e7f43fd3d82b3704c6a126c800a9968ecd16cae14,"parquet_row_1based=86986;latitude_dadata,longitude_dadata",tochno_2021_dadata_raw_parquet_point,reviewed_rule_accepted,2021:data_allsettlements_anon_156_v20251217.parquet:parquet:86986,86.23755285886207,0.0,86.23755285886207,86.23755285886207,distance_km_2002_2010,19
2002:041_4b428edd23_Bashkiria_new.xls:Sheet1:3576,2002:041_4b428edd23_Bashkiria_new.xls:Sheet1:3576,Макарово,деревня,башкортостан,966.0,54.226574,55.750828,/workspace/settlements-raw/data/raw/historical_geography/geokladr_okato_2011/okato.dbf,d1c8b983f2489724a940bd2a64dedda73b602f6c491d5c09391deaf362fe2650,DBF_record_1based=132313;DBF_byte_offset_0based=52263945;OKATO2011_raw=80205852009,raw_named_typed_2011_rural_geo_object,reviewed_extension_rule_accepted,GEOKLADR2011:80205852009,2010:017_68e0e4537e_9._20Basq_Mari_Mord_Tatar_Udm_Chuv_2010.xls:!!!:2296,Макарово,село,башкортостан,1019.0,53.6433258,56.6139186,/workspace/settlements-raw/data/interim/2021_tochno/data_allsettlements_anon_156_v20251217.parquet,86c197cd522e0b63669e9c6e7f43fd3d82b3704c6a126c800a9968ecd16cae14,"parquet_row_1based=146802;latitude_dadata,longitude_dadata",tochno_2021_dadata_raw_parquet_point,reviewed_extension_rule_accepted,2021:data_allsettlements_anon_156_v20251217.parquet:parquet:146802,2021:data_allsettlements_anon_156_v20251217.parquet:parquet:146802,Макарово,село,башкортостан,833.0,53.6433258,56.6139186,/workspace/settlements-raw/data/interim/2021_tochno/data_allsettlements_anon_156_v20251217.parquet,86c197cd522e0b63669e9c6e7f43fd3d82b3704c6a126c800a9968ecd16cae14,"parquet_row_1based=146802;latitude_dadata,longitude_dadata",tochno_2021_dadata_raw_parquet_point,reviewed_rule_accepted,2021:data_allsettlements_anon_156_v20251217.parquet:parquet:146802,86.01142283479513,86.01142283479513,0.0,86.01142283479513,distance_km_2002_2010,20
2002:052_4be37f273b_02c_Komi_perm_AO.xls:Sheet1:449,2002:052_4be37f273b_02c_Komi_perm_AO.xls:Sheet1:449,Ошова,деревня,пермский,40.0,58.7056444,54.7398046,/workspace/settlements-raw/data/interim/2021_tochno/data_allsettlements_anon_156_v20251217.parquet,86c197cd522e0b63669e9c6e7f43fd3d82b3704c6a126c800a9968ecd16cae14,"carrier_target_source_record_id=2021:data_allsettlements_anon_156_v20251217.parquet:parquet:96604;parquet_row_1based=96604;latitude_dadata,longitude_dadata",retrospective_continuity_from_tochno_2021_dadata_raw_parquet_point,reviewed_extension_rule_accepted,2021:data_allsettlements_anon_156_v20251217.parquet:parquet:96604,2010:016_802d308e41_8._20Or_Penz_Perm_Samar_Saratov_Uly_2010.xls:!!!:4850,Ошова,деревня,пермский,27.0,58.411039,56.108889,/workspace/settlements-raw/data/raw/historical_geography/geokladr_okato_2011/okato.dbf,d1c8b983f2489724a940bd2a64dedda73b602f6c491d5c09391deaf362fe2650,raw_dbf_record_number_1based=90414;byte_offset_0based=35713840,geokladr_2011_raw_dbf_coordinate,reviewed_extension_rule_accepted,GeoKLADR2011:OKATO:57121928016,2021:data_allsettlements_anon_156_v20251217.parquet:parquet:96604,Ошова,деревня,пермский,12.0,58.7056444,54.7398046,/workspace/settlements-raw/data/interim/2021_tochno/data_allsettlements_anon_156_v20251217.parquet,86c197cd522e0b63669e9c6e7f43fd3d82b3704c6a126c800a9968ecd16cae14,"parquet_row_1based=96604;latitude_dadata,longitude_dadata",tochno_2021_dadata_raw_parquet_point,reviewed_rule_accepted,2021:data_allsettlements_anon_156_v20251217.parquet:parquet:96604,85.9001090028489,0.0,85.9001090028489,85.9001090028489,distance_km_2002_2010,21
2002:008_d607cc2b0d_02c_Kurskaja.xls:Sheet1:534,2002:008_d607cc2b0d_02c_Kurskaja.xls:Sheet1:534,Михайловка,слобода,курская,2513.0,52.2319294,35.3641751,/workspace/settlements-raw/data/interim/2021_tochno/data_allsettlements_anon_156_v20251217.parquet,86c197cd522e0b63669e9c6e7f43fd3d82b3704c6a126c800a9968ecd16cae14,"carrier_target_source_record_id=2021:data_allsettlements_anon_156_v20251217.parquet:parquet:52560;parquet_row_1based=52560;latitude_dadata,longitude_dadata",retrospective_continuity_from_tochno_2021_dadata_raw_parquet_point,reviewed_extension_rule_accepted,2021:data_allsettlements_anon_156_v20251217.parquet:parquet:52560,2010:010_711691e352_2._20Kostrom_Kur_Lip_Moscow_MoscObl_Orlov_2010.xls:Data Sheet:3940,Михайловка,слобода,курская,2553.0,51.49975,35.101526,/workspace/settlements-raw/data/raw/historical_geography/geokladr_okato_2011/okato.dbf,d1c8b983f2489724a940bd2a64dedda73b602f6c491d5c09391deaf362fe2650,raw_dbf_record_number_1based=64003;byte_offset_0based=25281495,geokladr_2011_raw_dbf_coordinate,reviewed_extension_rule_accepted,GeoKLADR2011:OKATO:38210820001,2021:data_allsettlements_anon_156_v20251217.parquet:parquet:52560,Михайловка,слобода,курская,3043.0,52.2319294,35.3641751,/workspace/settlements-raw/data/interim/2021_tochno/data_allsettlements_anon_156_v20251217.parquet,86c197cd522e0b63669e9c6e7f43fd3d82b3704c6a126c800a9968ecd16cae14,"parquet_row_1based=52560;latitude_dadata,longitude_dadata",tochno_2021_dadata_raw_parquet_point,reviewed_rule_accepted,2021:data_allsettlements_anon_156_v20251217.parquet:parquet:52560,83.38809660774706,0.0,83.38809660774706,83.38809660774706,distance_km_2002_2010,22
2002:052_4be37f273b_02c_Komi_perm_AO.xls:Sheet1:630,2002:052_4be37f273b_02c_Komi_perm_AO.xls:Sheet1:630,Тимина,деревня,пермский,89.0,59.4108925,54.6352214,/workspace/settlements-raw/data/interim/2021_tochno/data_allsettlements_anon_156_v20251217.parquet,86c197cd522e0b63669e9c6e7f43fd3d82b3704c6a126c800a9968ecd16cae14,"carrier_target_source_record_id=2021:data_allsettlements_anon_156_v20251217.parquet:parquet:97382;parquet_row_1based=97382;latitude_dadata,longitude_dadata",retrospective_continuity_from_tochno_2021_dadata_raw_parquet_point,reviewed_extension_rule_accepted,2021:data_allsettlements_anon_156_v20251217.parquet:parquet:97382,2010:016_802d308e41_8._20Or_Penz_Perm_Samar_Saratov_Uly_2010.xls:!!!:4996,Тимина,деревня,пермский,72.0,59.785,55.872027,/workspace/settlements-raw/data/raw/historical_geography/geokladr_okato_2011/okato.dbf,d1c8b983f2489724a940bd2a64dedda73b602f6c491d5c09391deaf362fe2650,raw_dbf_record_number_1based=90546;byte_offset_0based=35765980,geokladr_2011_raw_dbf_coordinate,reviewed_extension_rule_accepted,GeoKLADR2011:OKATO:57125920015,2021:data_allsettlements_anon_156_v20251217.parquet:parquet:97382,Тимина,деревня,пермский,65.0,59.4108925,54.6352214,/workspace/settlements-raw/data/interim/2021_tochno/data_allsettlements_anon_156_v20251217.parquet,86c197cd522e0b63669e9c6e7f43fd3d82b3704c6a126c800a9968ecd16cae14,"parquet_row_1based=97382;latitude_dadata,longitude_dadata",tochno_2021_dadata_raw_parquet_point,reviewed_rule_accepted,2021:data_allsettlements_anon_156_v20251217.parquet:parquet:97382,81.07996805714475,0.0,81.07996805714475,81.07996805714475,distance_km_2002_2010,23
2002:048_4f024587eb_02c_Nizhegorod_obl_new.xls:11:374,2002:048_4f024587eb_02c_Nizhegorod_obl_new.xls:11:374,Каменки,село,нижегородская,1897.0,56.070293,43.854333,/workspace/settlements-raw/data/interim/2021_tochno/data_allsettlements_anon_156_v20251217.parquet,86c197cd522e0b63669e9c6e7f43fd3d82b3704c6a126c800a9968ecd16cae14,"carrier_target_source_record_id=2021:data_allsettlements_anon_156_v20251217.parquet:parquet:71528;parquet_row_1based=71528;latitude_dadata,longitude_dadata",retrospective_continuity_from_tochno_2021_dadata_raw_parquet_point,reviewed_extension_rule_accepted,2021:data_allsettlements_anon_156_v20251217.parquet:parquet:71528,2010:014_5ca759eea0_5._20Nizheg_Kirov_202010.xls:Data Sheet:292,Каменки,село,нижегородская,1894.0,55.7623,42.6967,/workspace/settlements-raw/data/raw/historical_geography/geokladr_okato_2011/okato.dbf,d1c8b983f2489724a940bd2a64dedda73b602f6c491d5c09391deaf362fe2650,raw_dbf_record_number_1based=29640;byte_offset_0based=11708110,geokladr_2011_raw_dbf_coordinate,reviewed_extension_rule_accepted,GeoKLADR2011:OKATO:22207828001,2021:data_allsettlements_anon_156_v20251217.parquet:parquet:71528,Каменки,село,нижегородская,2559.0,56.070293,43.854333,/workspace/settlements-raw/data/interim/2021_tochno/data_allsettlements_anon_156_v20251217.parquet,86c197cd522e0b63669e9c6e7f43fd3d82b3704c6a126c800a9968ecd16cae14,"parquet_row_1based=71528;latitude_dadata,longitude_dadata",tochno_2021_dadata_raw_parquet_point,reviewed_rule_accepted,2021:data_allsettlements_anon_156_v20251217.parquet:parquet:71528,79.85229714902549,0.0,79.85229714902549,79.85229714902549,distance_km_2002_2010,24
2002:048_4f024587eb_02c_Nizhegorod_obl_new.xls:11:3328,2002:048_4f024587eb_02c_Nizhegorod_obl_new.xls:11:3328,Валки,село,нижегородская,840.0,56.1233021,44.9827598,/workspace/settlements-raw/data/interim/2021_tochno/data_allsettlements_anon_156_v20251217.parquet,86c197cd522e0b63669e9c6e7f43fd3d82b3704c6a126c800a9968ecd16cae14,"carrier_target_source_record_id=2021:data_allsettlements_anon_156_v20251217.parquet:parquet:71952;parquet_row_1based=71952;latitude_dadata,longitude_dadata",retrospective_continuity_from_tochno_2021_dadata_raw_parquet_point,reviewed_extension_rule_accepted,2021:data_allsettlements_anon_156_v20251217.parquet:parquet:71952,2010:014_5ca759eea0_5._20Nizheg_Kirov_202010.xls:Data Sheet:2563,Валки,село,нижегородская,722.0,56.600833,44.043889,/workspace/settlements-raw/data/raw/historical_geography/geokladr_okato_2011/okato.dbf,d1c8b983f2489724a940bd2a64dedda73b602f6c491d5c09391deaf362fe2650,raw_dbf_record_number_1based=31909;byte_offset_0based=12604365,geokladr_2011_raw_dbf_coordinate,reviewed_extension_rule_accepted,GeoKLADR2011:OKATO:22240808001,2021:data_allsettlements_anon_156_v20251217.parquet:parquet:71952,Валки,село,нижегородская,595.0,56.1233021,44.9827598,/workspace/settlements-raw/data/interim/2021_tochno/data_allsettlements_anon_156_v20251217.parquet,86c197cd522e0b63669e9c6e7f43fd3d82b3704c6a126c800a9968ecd16cae14,"parquet_row_1based=71952;latitude_dadata,longitude_dadata",tochno_2021_dadata_raw_parquet_point,reviewed_rule_accepted,2021:data_allsettlements_anon_156_v20251217.parquet:parquet:71952,78.5090344554656,0.0,78.5090344554656,78.5090344554656,distance_km_2002_2010,25
2002:054_0d77ecf40f_Saratovskaja1.xls:Sheet1:1961,2002:054_0d77ecf40f_Saratovskaja1.xls:Sheet1:1961,Новопавловка,посёлок,саратовская,151.0,52.2188686,48.5971874,/workspace/settlements-raw/data/interim/2021_tochno/data_allsettlements_anon_156_v20251217.parquet,86c197cd522e0b63669e9c6e7f43fd3d82b3704c6a126c800a9968ecd16cae14,"carrier_target_source_record_id=2021:data_allsettlements_anon_156_v20251217.parquet:parquet:117799;parquet_row_1based=117799;latitude_dadata,longitude_dadata",retrospective_continuity_from_tochno_2021_dadata_raw_parquet_point,reviewed_extension_rule_accepted,2021:data_allsettlements_anon_156_v20251217.parquet:parquet:117799,2010:016_802d308e41_8._20Or_Penz_Perm_Samar_Saratov_Uly_2010.xls:!!!:9487,Новопавловка,посёлок,саратовская,130.0,51.784029,49.483077,/workspace/settlements-raw/data/raw/historical_geography/geokladr_okato_2011/okato.dbf,d1c8b983f2489724a940bd2a64dedda73b602f6c491d5c09391deaf362fe2650,raw_dbf_record_number_1based=107987;byte_offset_0based=42655175,geokladr_2011_raw_dbf_coordinate,reviewed_extension_rule_accepted,GeoKLADR2011:OKATO:63237835003,2021:data_allsettlements_anon_156_v20251217.parquet:parquet:117799,Новопавловка,посёлок,саратовская,65.0,52.2188686,48.5971874,/workspace/settlements-raw/data/interim/2021_tochno/data_allsettlements_anon_156_v20251217.parquet,86c197cd522e0b63669e9c6e7f43fd3d82b3704c6a126c800a9968ecd16cae14,"parquet_row_1based=117799;latitude_dadata,longitude_dadata",tochno_2021_dadata_raw_parquet_point,reviewed_rule_accepted,2021:data_allsettlements_anon_156_v20251217.parquet:parquet:117799,77.559990537797,0.0,77.559990537797,77.559990537797,distance_km_2002_2010,26
2002:051_46e3ecb0a0_02c_Permskaja_obl.xls:Sheet1:3696,2002:051_46e3ecb0a0_02c_Permskaja_obl.xls:Sheet1:3696,Шабуры,деревня,пермский,672.0,57.3756709,54.8179537,/workspace/settlements-raw/data/interim/2021_tochno/data_allsettlements_anon_156_v20251217.parquet,86c197cd522e0b63669e9c6e7f43fd3d82b3704c6a126c800a9968ecd16cae14,"carrier_target_source_record_id=2021:data_allsettlements_anon_156_v20251217.parquet:parquet:97309;parquet_row_1based=97309;latitude_dadata,longitude_dadata",retrospective_continuity_from_tochno_2021_dadata_raw_parquet_point,reviewed_extension_rule_accepted,2021:data_allsettlements_anon_156_v20251217.parquet:parquet:97309,2010:016_802d308e41_8._20Or_Penz_Perm_Samar_Saratov_Uly_2010.xls:!!!:7582,Шабуры,деревня,пермский,545.0,57.029011,55.93337,/workspace/settlements-raw/data/raw/historical_geography/geokladr_okato_2011/okato.dbf,d1c8b983f2489724a940bd2a64dedda73b602f6c491d5c09391deaf362fe2650,raw_dbf_record_number_1based=93162;byte_offset_0based=36799300,geokladr_2011_raw_dbf_coordinate,reviewed_extension_rule_accepted,GeoKLADR2011:OKATO:57255828001,2021:data_allsettlements_anon_156_v20251217.parquet:parquet:97309,Шабуры,деревня,пермский,534.0,57.3756709,54.8179537,/workspace/settlements-raw/data/interim/2021_tochno/data_allsettlements_anon_156_v20251217.parquet,86c197cd522e0b63669e9c6e7f43fd3d82b3704c6a126c800a9968ecd16cae14,"parquet_row_1based=97309;latitude_dadata,longitude_dadata",tochno_2021_dadata_raw_parquet_point,reviewed_rule_accepted,2021:data_allsettlements_anon_156_v20251217.parquet:parquet:97309,77.45466376542396,0.0,77.45466376542396,77.45466376542396,distance_km_2002_2010,27
2002:047_9960082a3e_02c_Kirovskaja_new.xls:Sheet1:1162,2002:047_9960082a3e_02c_Kirovskaja_new.xls:Sheet1:1162,Барышники,деревня,кировская,32.0,57.4060348,46.9323207,/workspace/settlements-raw/data/interim/2021_tochno/data_allsettlements_anon_156_v20251217.parquet,86c197cd522e0b63669e9c6e7f43fd3d82b3704c6a126c800a9968ecd16cae14,"carrier_target_source_record_id=2021:data_allsettlements_anon_156_v20251217.parquet:parquet:33434;parquet_row_1based=33434;latitude_dadata,longitude_dadata",retrospective_continuity_from_tochno_2021_dadata_raw_parquet_point,reviewed_extension_rule_accepted,2021:data_allsettlements_anon_156_v20251217.parquet:parquet:33434,2010:014_5ca759eea0_5._20Nizheg_Kirov_202010.xls:Data Sheet:5623,Барышники,деревня,кировская,15.0,57.378063,48.212952,/workspace/settlements-raw/data/raw/historical_geography/geokladr_okato_2011/okato.dbf,d1c8b983f2489724a940bd2a64dedda73b602f6c491d5c09391deaf362fe2650,raw_dbf_record_number_1based=54198;byte_offset_0based=21408520,geokladr_2011_raw_dbf_coordinate,reviewed_extension_rule_accepted,GeoKLADR2011:OKATO:33216824002,2021:data_allsettlements_anon_156_v20251217.parquet:parquet:33434,Барышники,деревня,кировская,10.0,57.4060348,46.9323207,/workspace/settlements-raw/data/interim/2021_tochno/data_allsettlements_anon_156_v20251217.parquet,86c197cd522e0b63669e9c6e7f43fd3d82b3704c6a126c800a9968ecd16cae14,"parquet_row_1based=33434;latitude_dadata,longitude_dadata",tochno_2021_dadata_raw_parquet_point,reviewed_rule_accepted,2021:data_allsettlements_anon_156_v20251217.parquet:parquet:33434,76.79942226635698,0.0,76.79942226635698,76.79942226635698,distance_km_2002_2010,28
2002:007_acff9aa32d_02c_Kostromskaja.xls:Sheet1:2814,2002:007_acff9aa32d_02c_Kostromskaja.xls:Sheet1:2814,Екимово,деревня,костромская,53.0,58.3254007,43.3957013,/workspace/settlements-raw/data/interim/2021_tochno/data_allsettlements_anon_156_v20251217.parquet,86c197cd522e0b63669e9c6e7f43fd3d82b3704c6a126c800a9968ecd16cae14,"carrier_target_source_record_id=2021:data_allsettlements_anon_156_v20251217.parquet:parquet:41436;parquet_row_1based=41436;latitude_dadata,longitude_dadata",retrospective_continuity_from_tochno_2021_dadata_raw_parquet_point,reviewed_extension_rule_accepted,2021:data_allsettlements_anon_156_v20251217.parquet:parquet:41436,2010:010_711691e352_2._20Kostrom_Kur_Lip_Moscow_MoscObl_Orlov_2010.xls:Data Sheet:2446,Екимово,деревня,костромская,32.0,58.3754,42.085,/workspace/settlements-raw/data/raw/historical_geography/geokladr_okato_2011/okato.dbf,d1c8b983f2489724a940bd2a64dedda73b602f6c491d5c09391deaf362fe2650,raw_dbf_record_number_1based=60034;byte_offset_0based=23713740,geokladr_2011_raw_dbf_coordinate,reviewed_extension_rule_accepted,GeoKLADR2011:OKATO:34234820020,2021:data_allsettlements_anon_156_v20251217.parquet:parquet:41436,Екимово,деревня,костромская,17.0,58.3254007,43.3957013,/workspace/settlements-raw/data/interim/2021_tochno/data_allsettlements_anon_156_v20251217.parquet,86c197cd522e0b63669e9c6e7f43fd3d82b3704c6a126c800a9968ecd16cae14,"parquet_row_1based=41436;latitude_dadata,longitude_dadata",tochno_2021_dadata_raw_parquet_point,reviewed_rule_accepted,2021:data_allsettlements_anon_156_v20251217.parquet:parquet:41436,76.6755890796007,0.0,76.6755890796007,76.6755890796007,distance_km_2002_2010,29
2002:1_TOM_01_04.xls:0:1282,2002:1_TOM_01_04.xls:0:1282,Лесной,пгт,московская,8761.0,56.655467,37.2474,/workspace/settlements-raw/data/raw/historical_geography/geokladr_okato_2011/okato.dbf,d1c8b983f2489724a940bd2a64dedda73b602f6c491d5c09391deaf362fe2650,DBF_record_1based=75185;DBF_byte_offset_0based=29698385;OKATO2011_raw=46247556000,raw_named_typed_geo2011_object,reviewed_extension_rule_accepted,,2010:010_711691e352_2._20Kostrom_Kur_Lip_Moscow_MoscObl_Orlov_2010.xls:Data Sheet:12338,Лесной,пгт,московская,8569.0,56.655467,37.2474,/workspace/settlements-raw/data/raw/historical_geography/geokladr_okato_2011/okato.dbf,d1c8b983f2489724a940bd2a64dedda73b602f6c491d5c09391deaf362fe2650,DBF_record_1based=75185;DBF_byte_offset_0based=29698385;OKATO2011_raw=46247556000,raw_named_typed_geo2011_object,reviewed_extension_rule_accepted,,2021:data_allsettlements_anon_156_v20251217.parquet:parquet:69088,Лесной,пгт,московская,10082.0,56.0804067,37.927969,/workspace/settlements-raw/data/interim/2021_tochno/data_allsettlements_anon_156_v20251217.parquet,86c197cd522e0b63669e9c6e7f43fd3d82b3704c6a126c800a9968ecd16cae14,"parquet_row_1based=69088;latitude_dadata,longitude_dadata",tochno_2021_dadata_raw_parquet_point,reviewed_rule_accepted,2021:data_allsettlements_anon_156_v20251217.parquet:parquet:69088,0.0,76.45552396320531,76.45552396320531,76.45552396320531,distance_km_2002_2021,30
2002:023_38d853be37_02c_Kaliningrad.xls:Sheet1:1085,2002:023_38d853be37_02c_Kaliningrad.xls:Sheet1:1085,Гусево,посёлок,калининградская,266.0,54.4574418,21.4513098,/workspace/settlements-raw/data/interim/2021_tochno/data_allsettlements_anon_156_v20251217.parquet,86c197cd522e0b63669e9c6e7f43fd3d82b3704c6a126c800a9968ecd16cae14,"carrier_target_source_record_id=2021:data_allsettlements_anon_156_v20251217.parquet:parquet:26505;parquet_row_1based=26505;latitude_dadata,longitude_dadata",retrospective_continuity_from_tochno_2021_dadata_raw_parquet_point,reviewed_extension_rule_accepted,2021:data_allsettlements_anon_156_v20251217.parquet:parquet:26505,KAL2010:TOM1:S4:R1046,гусево,посёлок,калининградская,249.0,54.922222,20.576944,/workspace/settlements-raw/data/raw/historical_geography/geokladr_okato_2011/okato.dbf,d1c8b983f2489724a940bd2a64dedda73b602f6c491d5c09391deaf362fe2650,raw_dbf_record_number_1based=39483;byte_offset_0based=15596095,geokladr_2011_raw_dbf_coordinate,reviewed_extension_rule_accepted,GeoKLADR2011:OKATO:27233813003,2021:data_allsettlements_anon_156_v20251217.parquet:parquet:26505,Гусево,посёлок,калининградская,201.0,54.4574418,21.4513098,/workspace/settlements-raw/data/interim/2021_tochno/data_allsettlements_anon_156_v20251217.parquet,86c197cd522e0b63669e9c6e7f43fd3d82b3704c6a126c800a9968ecd16cae14,"parquet_row_1based=26505;latitude_dadata,longitude_dadata",tochno_2021_dadata_raw_parquet_point,reviewed_rule_accepted,2021:data_allsettlements_anon_156_v20251217.parquet:parquet:26505,76.3467509273236,0.0,76.3467509273236,76.3467509273236,distance_km_2002_2010,31
2002:045_9dc3ed048e_02c__Udmurtia.xls:Sheet1:2371,2002:045_9dc3ed048e_02c__Udmurtia.xls:Sheet1:2371,Петропавлово,деревня,удмуртская,372.0,56.233719,51.59359,,,,,reviewed_extension_rule_accepted,2010:017_68e0e4537e_9._20Basq_Mari_Mord_Tatar_Udm_Chuv_2010.xls:!!!:12183,2010:017_68e0e4537e_9._20Basq_Mari_Mord_Tatar_Udm_Chuv_2010.xls:!!!:12183,Петропавлово,деревня,удмуртская,293.0,56.233719,51.59359,/workspace/settlements-raw/data/raw/historical_geography/geokladr_okato_2011/okato.dbf,d1c8b983f2489724a940bd2a64dedda73b602f6c491d5c09391deaf362fe2650,raw_dbf_record_number_1based=148519;byte_offset_0based=58665315,geokladr_2011_raw_dbf_coordinate,reviewed_extension_rule_accepted,GeoKLADR2011:OKATO:94244845001,2021:data_allsettlements_anon_156_v20251217.parquet:parquet:157202,Петропавлово,деревня,удмуртская,268.0,56.69679,52.50115,/workspace/settlements-raw/data/raw/coordinate_candidates/geonames_RU_20260907.zip,9bf299daaff13de75ddbf610e113469aae80537d66a7de3437967576c6509ff4,RU.txt:line=49531;geonameid=510175,geonames_ru_txt_named_place_point,reviewed_extension_rule_accepted,GeoNames:geonameid:510175,0.0,75.88989327154836,75.88989327154836,75.88989327154836,distance_km_2002_2021,32
2002:023_38d853be37_02c_Kaliningrad.xls:Sheet1:1040,2002:023_38d853be37_02c_Kaliningrad.xls:Sheet1:1040,Соловьево,посёлок,калининградская,32.0,54.4486688,20.8182914,/workspace/settlements-raw/data/interim/2021_tochno/data_allsettlements_anon_156_v20251217.parquet,86c197cd522e0b63669e9c6e7f43fd3d82b3704c6a126c800a9968ecd16cae14,"carrier_target_source_record_id=2021:data_allsettlements_anon_156_v20251217.parquet:parquet:26495;parquet_row_1based=26495;latitude_dadata,longitude_dadata",retrospective_continuity_from_tochno_2021_dadata_raw_parquet_point,reviewed_extension_rule_accepted,2021:data_allsettlements_anon_156_v20251217.parquet:parquet:26495,KAL2010:TOM1:S4:R1034,соловьево,посёлок,калининградская,37.0,54.609748,21.946497,/workspace/settlements-raw/data/raw/historical_geography/geokladr_okato_2011/okato.dbf,d1c8b983f2489724a940bd2a64dedda73b602f6c491d5c09391deaf362fe2650,raw_dbf_record_number_1based=39452;byte_offset_0based=15583850,geokladr_2011_raw_dbf_coordinate,reviewed_extension_rule_accepted,GeoKLADR2011:OKATO:27233804018,2021:data_allsettlements_anon_156_v20251217.parquet:parquet:26495,Соловьево,посёлок,калининградская,32.0,54.4486688,20.8182914,/workspace/settlements-raw/data/interim/2021_tochno/data_allsettlements_anon_156_v20251217.parquet,86c197cd522e0b63669e9c6e7f43fd3d82b3704c6a126c800a9968ecd16cae14,"parquet_row_1based=26495;latitude_dadata,longitude_dadata",tochno_2021_dadata_raw_parquet_point,reviewed_rule_accepted,2021:data_allsettlements_anon_156_v20251217.parquet:parquet:26495,74.9677962662427,0.0,74.9677962662427,74.9677962662427,distance_km_2002_2010,33
2002:051_46e3ecb0a0_02c_Permskaja_obl.xls:Sheet1:268,2002:051_46e3ecb0a0_02c_Permskaja_obl.xls:Sheet1:268,Мошево,деревня,пермский,40.0,58.506522,54.567725,/workspace/settlements-raw/data/raw/historical_geography/geokladr_okato_2011/okato.dbf,d1c8b983f2489724a940bd2a64dedda73b602f6c491d5c09391deaf362fe2650,raw_dbf_record_number_1based=93555;byte_offset_0based=36954535,geokladr_2011_raw_dbf_coordinate,reviewed_extension_rule_accepted,GeoKLADR2011:OKATO:57420805004,2010:016_802d308e41_8._20Or_Penz_Perm_Samar_Saratov_Uly_2010.xls:!!!:7978,Мошево,деревня,пермский,20.0,58.506522,54.567725,/workspace/settlements-raw/data/raw/historical_geography/geokladr_okato_2011/okato.dbf,d1c8b983f2489724a940bd2a64dedda73b602f6c491d5c09391deaf362fe2650,raw_dbf_record_number_1based=93555;byte_offset_0based=36954535,geokladr_2011_raw_dbf_coordinate,reviewed_extension_rule_accepted,GeoKLADR2011:OKATO:57420805004,2021:data_allsettlements_anon_156_v20251217.parquet:parquet:98235,Мошево,деревня,пермский,33.0,58.0658,55.5183,/workspace/settlements-raw/data/raw/coordinate_candidates/geonames_RU_20260907.zip,9bf299daaff13de75ddbf610e113469aae80537d66a7de3437967576c6509ff4,RU.txt:line=64291;geonameid=525021,geonames_ru_txt_named_place_point,reviewed_extension_rule_accepted,GeoNames:geonameid:525021,0.0,74.08600933647483,74.08600933647483,74.08600933647483,distance_km_2002_2021,34
2002:081_6a22d6b5c5_Amur.xls:Sheet1:284,2002:081_6a22d6b5c5_Amur.xls:Sheet1:284,Огорон,посёлок,амурская,413.0,53.966667,129.066667,/workspace/settlements-raw/data/raw/historical_geography/geokladr_okato_2011/okato.dbf,d1c8b983f2489724a940bd2a64dedda73b602f6c491d5c09391deaf362fe2650,raw_dbf_record_number_1based=7111;byte_offset_0based=2809155,geokladr_2011_raw_dbf_coordinate,reviewed_extension_rule_accepted,GeoKLADR2011:OKATO:10225841001,2010:009_81f8a0e73c_17._20ДВ_ФО_2010.xls:ДВ:1308,Огорон,посёлок,амурская,339.0,53.966667,129.066667,/workspace/settlements-raw/data/raw/historical_geography/geokladr_okato_2011/okato.dbf,d1c8b983f2489724a940bd2a64dedda73b602f6c491d5c09391deaf362fe2650,raw_dbf_record_number_1based=7111;byte_offset_0based=2809155,geokladr_2011_raw_dbf_coordinate,reviewed_extension_rule_accepted,GeoKLADR2011:OKATO:10225841001,2021:data_allsettlements_anon_156_v20251217.parquet:parquet:60936,Огорон,посёлок,амурская,217.0,54.626806,129.146333,/workspace/settlements-raw/data/raw/wikidata_truthy_claims/batch_0061.jsonl.gz,f77097f31f569b965640c35741189fb906c3d9768ce3e2c31d5878ac8c4764a5,"{""line_number"": 8129, ""locator"": ""batch_0061.jsonl.gz#line=8129"", ""retrieved_at_utc"": ""2026-08-31T20:58:17.994355+00:00"", ""source_file"": ""batch_0061.jsonl.gz"", ""value_raw"": ""POINT(129.146333 54.626806)""}",wikidata_P625_point_claim,reviewed_extension_rule_accepted,Q19906925,0.0,73.58601492720607,73.58601492720607,73.58601492720607,distance_km_2002_2021,35
2002:066_76aa869929_Altai_krai1.xls:Sheet1:2152,2002:066_76aa869929_Altai_krai1.xls:Sheet1:2152,Красное Раздолье,посёлок,алтайский,41.0,50.9127147,82.3369506,/workspace/settlements-raw/data/interim/2021_tochno/data_allsettlements_anon_156_v20251217.parquet,86c197cd522e0b63669e9c6e7f43fd3d82b3704c6a126c800a9968ecd16cae14,"carrier_target_source_record_id=2021:data_allsettlements_anon_156_v20251217.parquet:parquet:40692;parquet_row_1based=40692;latitude_dadata,longitude_dadata",retrospective_continuity_from_tochno_2021_dadata_raw_parquet_point,reviewed_extension_rule_accepted,2021:data_allsettlements_anon_156_v20251217.parquet:parquet:40692,2010:008_342f3c208b_16._20Сиб_ФО_2010.xls:Sib:1296,Красное Раздолье,посёлок,алтайский,14.0,51.093734,81.325557,/workspace/settlements-raw/data/raw/historical_geography/geokladr_okato_2011/okato.dbf,d1c8b983f2489724a940bd2a64dedda73b602f6c491d5c09391deaf362fe2650,raw_dbf_record_number_1based=1289;byte_offset_0based=509465,geokladr_2011_raw_dbf_coordinate,reviewed_extension_rule_accepted,GeoKLADR2011:OKATO:01250888003,2021:data_allsettlements_anon_156_v20251217.parquet:parquet:40692,Красное Раздолье,посёлок,алтайский,0.0,50.9127147,82.3369506,/workspace/settlements-raw/data/interim/2021_tochno/data_allsettlements_anon_156_v20251217.parquet,86c197cd522e0b63669e9c6e7f43fd3d82b3704c6a126c800a9968ecd16cae14,"parquet_row_1based=40692;latitude_dadata,longitude_dadata",tochno_2021_dadata_raw_parquet_point,reviewed_rule_accepted,2021:data_allsettlements_anon_156_v20251217.parquet:parquet:40692,73.5758405119121,0.0,73.5758405119121,73.5758405119121,distance_km_2002_2010,36
2002:023_38d853be37_02c_Kaliningrad.xls:Sheet1:174,2002:023_38d853be37_02c_Kaliningrad.xls:Sheet1:174,Зорино,посёлок,калининградская,522.0,54.6574491,21.2171563,/workspace/settlements-raw/data/interim/2021_tochno/data_allsettlements_anon_156_v20251217.parquet,86c197cd522e0b63669e9c6e7f43fd3d82b3704c6a126c800a9968ecd16cae14,"carrier_target_source_record_id=2021:data_allsettlements_anon_156_v20251217.parquet:parquet:25771;parquet_row_1based=25771;latitude_dadata,longitude_dadata",retrospective_continuity_from_tochno_2021_dadata_raw_parquet_point,reviewed_extension_rule_accepted,2021:data_allsettlements_anon_156_v20251217.parquet:parquet:25771,KAL2010:TOM1:S4:R0187,зорино,посёлок,калининградская,416.0,54.930358,20.184666,/workspace/settlements-raw/data/raw/historical_geography/geokladr_okato_2011/okato.dbf,d1c8b983f2489724a940bd2a64dedda73b602f6c491d5c09391deaf362fe2650,raw_dbf_record_number_1based=38759;byte_offset_0based=15310115,geokladr_2011_raw_dbf_coordinate,reviewed_extension_rule_accepted,GeoKLADR2011:OKATO:27206810001,2021:data_allsettlements_anon_156_v20251217.parquet:parquet:25771,Зорино,посёлок,калининградская,413.0,54.6574491,21.2171563,/workspace/settlements-raw/data/interim/2021_tochno/data_allsettlements_anon_156_v20251217.parquet,86c197cd522e0b63669e9c6e7f43fd3d82b3704c6a126c800a9968ecd16cae14,"parquet_row_1based=25771;latitude_dadata,longitude_dadata",tochno_2021_dadata_raw_parquet_point,reviewed_rule_accepted,2021:data_allsettlements_anon_156_v20251217.parquet:parquet:25771,72.81294384548721,0.0,72.81294384548721,72.81294384548721,distance_km_2002_2010,37
2002:048_4f024587eb_02c_Nizhegorod_obl_new.xls:11:3364,2002:048_4f024587eb_02c_Nizhegorod_obl_new.xls:11:3364,Летнево,деревня,нижегородская,585.0,55.9996102,44.908938,,,,,reviewed_extension_rule_accepted,2021:data_allsettlements_anon_156_v20251217.parquet:parquet:71969,2010:014_5ca759eea0_5._20Nizheg_Kirov_202010.xls:Data Sheet:2601,Летнево,деревня,нижегородская,518.0,56.41,44.01,/workspace/settlements-raw/data/raw/historical_geography/geokladr_okato_2011/okato.dbf,d1c8b983f2489724a940bd2a64dedda73b602f6c491d5c09391deaf362fe2650,raw_dbf_record_number_1based=31947;byte_offset_0based=12619375,geokladr_2011_raw_dbf_coordinate,reviewed_extension_rule_accepted,GeoKLADR2011:OKATO:22240820009,2021:data_allsettlements_anon_156_v20251217.parquet:parquet:71969,Летнево,деревня,нижегородская,454.0,55.9996102,44.908938,/workspace/settlements-raw/data/interim/2021_tochno/data_allsettlements_anon_156_v20251217.parquet,86c197cd522e0b63669e9c6e7f43fd3d82b3704c6a126c800a9968ecd16cae14,"parquet_row_1based=71969;latitude_dadata,longitude_dadata",tochno_2021_dadata_raw_parquet_point,reviewed_rule_accepted,2021:data_allsettlements_anon_156_v20251217.parquet:parquet:71969,71.92702894520147,0.0,71.92702894520147,71.92702894520147,distance_km_2002_2010,38
2002:024_2d3f550c6f_02c_Leningradskaja_obl_new.xls:!!!!!!:2490,2002:024_2d3f550c6f_02c_Leningradskaja_obl_new.xls:!!!!!!:2490,Стаи,деревня,ленинградская,4.0,58.8284747,30.505135,/workspace/settlements-raw/data/interim/2021_tochno/data_allsettlements_anon_156_v20251217.parquet,86c197cd522e0b63669e9c6e7f43fd3d82b3704c6a126c800a9968ecd16cae14,"carrier_target_source_record_id=2021:data_allsettlements_anon_156_v20251217.parquet:parquet:57730;parquet_row_1based=57730;latitude_dadata,longitude_dadata",retrospective_continuity_from_tochno_2021_dadata_raw_parquet_point,reviewed_extension_rule_accepted,2021:data_allsettlements_anon_156_v20251217.parquet:parquet:57730,2010:001_723371ec84_1._20NW_2010.xls:NW:7439,Стаи,деревня,ленинградская,0.0,58.666667,29.3,/workspace/settlements-raw/data/raw/historical_geography/geokladr_okato_2011/okato.dbf,d1c8b983f2489724a940bd2a64dedda73b602f6c491d5c09391deaf362fe2650,raw_dbf_record_number_1based=99109;byte_offset_0based=39148365,geokladr_2011_raw_dbf_coordinate,reviewed_extension_rule_accepted,GeoKLADR2011:OKATO:58243870066,2021:data_allsettlements_anon_156_v20251217.parquet:parquet:57730,Стаи,деревня,ленинградская,7.0,58.8284747,30.505135,/workspace/settlements-raw/data/interim/2021_tochno/data_allsettlements_anon_156_v20251217.parquet,86c197cd522e0b63669e9c6e7f43fd3d82b3704c6a126c800a9968ecd16cae14,"parquet_row_1based=57730;latitude_dadata,longitude_dadata",tochno_2021_dadata_raw_parquet_point,reviewed_rule_accepted,2021:data_allsettlements_anon_156_v20251217.parquet:parquet:57730,71.81241725859385,0.0,71.81241725859385,71.81241725859385,distance_km_2002_2010,39
2002:047_9960082a3e_02c_Kirovskaja_new.xls:Sheet1:188,2002:047_9960082a3e_02c_Kirovskaja_new.xls:Sheet1:188,Криуша,деревня,кировская,167.0,57.9197355,48.4027247,/workspace/settlements-raw/data/interim/2021_tochno/data_allsettlements_anon_156_v20251217.parquet,86c197cd522e0b63669e9c6e7f43fd3d82b3704c6a126c800a9968ecd16cae14,"carrier_target_source_record_id=2021:data_allsettlements_anon_156_v20251217.parquet:parquet:33358;parquet_row_1based=33358;latitude_dadata,longitude_dadata",retrospective_continuity_from_tochno_2021_dadata_raw_parquet_point,reviewed_extension_rule_accepted,2021:data_allsettlements_anon_156_v20251217.parquet:parquet:33358,2010:014_5ca759eea0_5._20Nizheg_Kirov_202010.xls:Data Sheet:4904,Криуша,деревня,кировская,122.0,57.2865,48.4624,/workspace/settlements-raw/data/raw/historical_geography/geokladr_okato_2011/okato.dbf,d1c8b983f2489724a940bd2a64dedda73b602f6c491d5c09391deaf362fe2650,raw_dbf_record_number_1based=53516;byte_offset_0based=21139130,geokladr_2011_raw_dbf_coordinate,reviewed_extension_rule_accepted,GeoKLADR2011:OKATO:33202824008,2021:data_allsettlements_anon_156_v20251217.parquet:parquet:33358,Криуша,деревня,кировская,70.0,57.9197355,48.4027247,/workspace/settlements-raw/data/interim/2021_tochno/data_allsettlements_anon_156_v20251217.parquet,86c197cd522e0b63669e9c6e7f43fd3d82b3704c6a126c800a9968ecd16cae14,"parquet_row_1based=33358;latitude_dadata,longitude_dadata",tochno_2021_dadata_raw_parquet_point,reviewed_rule_accepted,2021:data_allsettlements_anon_156_v20251217.parquet:parquet:33358,70.50236140324121,0.0,70.50236140324121,70.50236140324121,distance_km_2002_2010,40
2002:026_0eca405331_02c_Novgorodskaja.xls:Sheet1:2690,2002:026_0eca405331_02c_Novgorodskaja.xls:Sheet1:2690,Селиваново,деревня,новгородская,24.0,58.0133106,31.6360864,/workspace/settlements-raw/data/interim/2021_tochno/data_allsettlements_anon_156_v20251217.parquet,86c197cd522e0b63669e9c6e7f43fd3d82b3704c6a126c800a9968ecd16cae14,"carrier_target_source_record_id=2021:data_allsettlements_anon_156_v20251217.parquet:parquet:79331;parquet_row_1based=79331;latitude_dadata,longitude_dadata",retrospective_continuity_from_tochno_2021_dadata_raw_parquet_point,reviewed_extension_rule_accepted,2021:data_allsettlements_anon_156_v20251217.parquet:parquet:79331,2010:001_723371ec84_1._20NW_2010.xls:NW:10728,Селиваново,деревня,новгородская,10.0,57.691785,30.610445,/workspace/settlements-raw/data/raw/historical_geography/geokladr_okato_2011/okato.dbf,d1c8b983f2489724a940bd2a64dedda73b602f6c491d5c09391deaf362fe2650,raw_dbf_record_number_1based=79674;byte_offset_0based=31471540,geokladr_2011_raw_dbf_coordinate,reviewed_extension_rule_accepted,GeoKLADR2011:OKATO:49230825010,2021:data_allsettlements_anon_156_v20251217.parquet:parquet:79331,Селиваново,деревня,новгородская,8.0,58.0133106,31.6360864,/workspace/settlements-raw/data/interim/2021_tochno/data_allsettlements_anon_156_v20251217.parquet,86c197cd522e0b63669e9c6e7f43fd3d82b3704c6a126c800a9968ecd16cae14,"parquet_row_1based=79331;latitude_dadata,longitude_dadata",tochno_2021_dadata_raw_parquet_point,reviewed_rule_accepted,2021:data_allsettlements_anon_156_v20251217.parquet:parquet:79331,70.4315776977929,0.0,70.4315776977929,70.4315776977929,distance_km_2002_2010,41
2002:081_6a22d6b5c5_Amur.xls:Sheet1:41,2002:081_6a22d6b5c5_Amur.xls:Sheet1:41,Юхта,посёлок,амурская,546.0,52.0,128.783333,/workspace/settlements-raw/data/raw/historical_geography/geokladr_okato_2011/okato.dbf,d1c8b983f2489724a940bd2a64dedda73b602f6c491d5c09391deaf362fe2650,raw_dbf_record_number_1based=7328;byte_offset_0based=2894870,geokladr_2011_raw_dbf_coordinate,reviewed_extension_rule_accepted,GeoKLADR2011:OKATO:10242812002,2010:009_81f8a0e73c_17._20ДВ_ФО_2010.xls:ДВ:1530,Юхта,посёлок,амурская,291.0,52.0,128.783333,/workspace/settlements-raw/data/raw/historical_geography/geokladr_okato_2011/okato.dbf,d1c8b983f2489724a940bd2a64dedda73b602f6c491d5c09391deaf362fe2650,raw_dbf_record_number_1based=7328;byte_offset_0based=2894870,geokladr_2011_raw_dbf_coordinate,reviewed_extension_rule_accepted,GeoKLADR2011:OKATO:10242812002,2021:data_allsettlements_anon_156_v20251217.parquet:parquet:61169,Юхта,посёлок,амурская,332.0,51.5204889,128.1276847,/workspace/settlements-raw/data/interim/2021_tochno/data_allsettlements_anon_156_v20251217.parquet,86c197cd522e0b63669e9c6e7f43fd3d82b3704c6a126c800a9968ecd16cae14,"parquet_row_1based=61169;latitude_dadata,longitude_dadata",tochno_2021_dadata_raw_parquet_point,reviewed_rule_accepted,2021:data_allsettlements_anon_156_v20251217.parquet:parquet:61169,0.0,69.8505745648902,69.8505745648902,69.8505745648902,distance_km_2002_2021,42
2002:049_8bbd34a852_Orenburgskaja1.xls:Sheet1:1044,2002:049_8bbd34a852_Orenburgskaja1.xls:Sheet1:1044,Айдырлинский,посёлок,оренбургская,758.0,52.0519286,59.7647116,/workspace/settlements-raw/data/interim/2021_tochno/data_allsettlements_anon_156_v20251217.parquet,86c197cd522e0b63669e9c6e7f43fd3d82b3704c6a126c800a9968ecd16cae14,"carrier_target_source_record_id=2021:data_allsettlements_anon_156_v20251217.parquet:parquet:85004;parquet_row_1based=85004;latitude_dadata,longitude_dadata",retrospective_continuity_from_tochno_2021_dadata_raw_parquet_point,reviewed_extension_rule_accepted,2021:data_allsettlements_anon_156_v20251217.parquet:parquet:85004,2010:016_802d308e41_8._20Or_Penz_Perm_Samar_Saratov_Uly_2010.xls:!!!:1910,Айдырлинский,посёлок,оренбургская,664.0,51.4279,59.8493,/workspace/settlements-raw/data/raw/historical_geography/geokladr_okato_2011/okato.dbf,d1c8b983f2489724a940bd2a64dedda73b602f6c491d5c09391deaf362fe2650,raw_dbf_record_number_1based=84605;byte_offset_0based=33419285,geokladr_2011_raw_dbf_coordinate,reviewed_extension_rule_accepted,GeoKLADR2011:OKATO:53222801001,2021:data_allsettlements_anon_156_v20251217.parquet:parquet:85004,Айдырлинский,посёлок,оренбургская,646.0,52.0519286,59.7647116,/workspace/settlements-raw/data/interim/2021_tochno/data_allsettlements_anon_156_v20251217.parquet,86c197cd522e0b63669e9c6e7f43fd3d82b3704c6a126c800a9968ecd16cae14,"parquet_row_1based=85004;latitude_dadata,longitude_dadata",tochno_2021_dadata_raw_parquet_point,reviewed_rule_accepted,2021:data_allsettlements_anon_156_v20251217.parquet:parquet:85004,69.63291133814464,0.0,69.63291133814464,69.63291133814464,distance_km_2002_2010,43
2002:048_4f024587eb_02c_Nizhegorod_obl_new.xls:11:3672,2002:048_4f024587eb_02c_Nizhegorod_obl_new.xls:11:3672,Корсаково,село,нижегородская,111.0,55.3893605,44.4862401,/workspace/settlements-raw/data/interim/2021_tochno/data_allsettlements_anon_156_v20251217.parquet,86c197cd522e0b63669e9c6e7f43fd3d82b3704c6a126c800a9968ecd16cae14,"carrier_target_source_record_id=2021:data_allsettlements_anon_156_v20251217.parquet:parquet:75889;parquet_row_1based=75889;latitude_dadata,longitude_dadata",retrospective_continuity_from_tochno_2021_dadata_raw_parquet_point,reviewed_extension_rule_accepted,2021:data_allsettlements_anon_156_v20251217.parquet:parquet:75889,2010:014_5ca759eea0_5._20Nizheg_Kirov_202010.xls:Data Sheet:2855,Корсаково,село,нижегородская,73.0,54.81694,44.092,/workspace/settlements-raw/data/raw/historical_geography/geokladr_okato_2011/okato.dbf,d1c8b983f2489724a940bd2a64dedda73b602f6c491d5c09391deaf362fe2650,raw_dbf_record_number_1based=32200;byte_offset_0based=12719310,geokladr_2011_raw_dbf_coordinate,reviewed_extension_rule_accepted,GeoKLADR2011:OKATO:22244808004,2021:data_allsettlements_anon_156_v20251217.parquet:parquet:75889,Корсаково,село,нижегородская,80.0,55.3893605,44.4862401,/workspace/settlements-raw/data/interim/2021_tochno/data_allsettlements_anon_156_v20251217.parquet,86c197cd522e0b63669e9c6e7f43fd3d82b3704c6a126c800a9968ecd16cae14,"parquet_row_1based=75889;latitude_dadata,longitude_dadata",tochno_2021_dadata_raw_parquet_point,reviewed_rule_accepted,2021:data_allsettlements_anon_156_v20251217.parquet:parquet:75889,68.41278007202757,0.0,68.41278007202757,68.41278007202757,distance_km_2002_2010,44
2002:023_38d853be37_02c_Kaliningrad.xls:Sheet1:77,2002:023_38d853be37_02c_Kaliningrad.xls:Sheet1:77,Боровое,посёлок,калининградская,26.0,54.3865868,20.709033,/workspace/settlements-raw/data/interim/2021_tochno/data_allsettlements_anon_156_v20251217.parquet,86c197cd522e0b63669e9c6e7f43fd3d82b3704c6a126c800a9968ecd16cae14,"carrier_target_source_record_id=2021:data_allsettlements_anon_156_v20251217.parquet:parquet:25670;parquet_row_1based=25670;latitude_dadata,longitude_dadata",retrospective_continuity_from_tochno_2021_dadata_raw_parquet_point,reviewed_extension_rule_accepted,2021:data_allsettlements_anon_156_v20251217.parquet:parquet:25670,KAL2010:TOM1:S4:R0062,боровое,посёлок,калининградская,22.0,54.591594,21.696959,/workspace/settlements-raw/data/raw/historical_geography/geokladr_okato_2011/okato.dbf,d1c8b983f2489724a940bd2a64dedda73b602f6c491d5c09391deaf362fe2650,raw_dbf_record_number_1based=38680;byte_offset_0based=15278910,geokladr_2011_raw_dbf_coordinate,reviewed_extension_rule_accepted,GeoKLADR2011:OKATO:27203810007,2021:data_allsettlements_anon_156_v20251217.parquet:parquet:25670,Боровое,посёлок,калининградская,24.0,54.3865868,20.709033,/workspace/settlements-raw/data/interim/2021_tochno/data_allsettlements_anon_156_v20251217.parquet,86c197cd522e0b63669e9c6e7f43fd3d82b3704c6a126c800a9968ecd16cae14,"parquet_row_1based=25670;latitude_dadata,longitude_dadata",tochno_2021_dadata_raw_parquet_point,reviewed_rule_accepted,2021:data_allsettlements_anon_156_v20251217.parquet:parquet:25670,67.7576728655944,0.0,67.7576728655944,67.7576728655944,distance_km_2002_2010,45
2002:047_9960082a3e_02c_Kirovskaja_new.xls:Sheet1:162,2002:047_9960082a3e_02c_Kirovskaja_new.xls:Sheet1:162,Миничи,деревня,кировская,45.0,57.6636011,48.4656427,/workspace/settlements-raw/data/interim/2021_tochno/data_allsettlements_anon_156_v20251217.parquet,86c197cd522e0b63669e9c6e7f43fd3d82b3704c6a126c800a9968ecd16cae14,"carrier_target_source_record_id=2021:data_allsettlements_anon_156_v20251217.parquet:parquet:33368;parquet_row_1based=33368;latitude_dadata,longitude_dadata",retrospective_continuity_from_tochno_2021_dadata_raw_parquet_point,reviewed_extension_rule_accepted,2021:data_allsettlements_anon_156_v20251217.parquet:parquet:33368,2010:014_5ca759eea0_5._20Nizheg_Kirov_202010.xls:Data Sheet:4867,Миничи,деревня,кировская,6.0,58.236957,48.773358,/workspace/settlements-raw/data/raw/historical_geography/geokladr_okato_2011/okato.dbf,d1c8b983f2489724a940bd2a64dedda73b602f6c491d5c09391deaf362fe2650,raw_dbf_record_number_1based=53488;byte_offset_0based=21128070,geokladr_2011_raw_dbf_coordinate,reviewed_extension_rule_accepted,GeoKLADR2011:OKATO:33202551013,2021:data_allsettlements_anon_156_v20251217.parquet:parquet:33368,Миничи,деревня,кировская,0.0,57.6636011,48.4656427,/workspace/settlements-raw/data/interim/2021_tochno/data_allsettlements_anon_156_v20251217.parquet,86c197cd522e0b63669e9c6e7f43fd3d82b3704c6a126c800a9968ecd16cae14,"parquet_row_1based=33368;latitude_dadata,longitude_dadata",tochno_2021_dadata_raw_parquet_point,reviewed_rule_accepted,2021:data_allsettlements_anon_156_v20251217.parquet:parquet:33368,66.28932330158474,0.0,66.28932330158474,66.28932330158474,distance_km_2002_2010,46
2002:066_76aa869929_Altai_krai1.xls:Sheet1:300,2002:066_76aa869929_Altai_krai1.xls:Sheet1:300,Мирный,разъезд,алтайский,28.0,53.4167088,78.2296343,/workspace/settlements-raw/data/interim/2021_tochno/data_allsettlements_anon_156_v20251217.parquet,86c197cd522e0b63669e9c6e7f43fd3d82b3704c6a126c800a9968ecd16cae14,"carrier_target_source_record_id=2021:data_allsettlements_anon_156_v20251217.parquet:parquet:39103;parquet_row_1based=39103;latitude_dadata,longitude_dadata",retrospective_continuity_from_tochno_2021_dadata_raw_parquet_point,reviewed_extension_rule_accepted,2021:data_allsettlements_anon_156_v20251217.parquet:parquet:39103,2010:008_342f3c208b_16._20Сиб_ФО_2010.xls:Sib:164,Мирный,разъезд,алтайский,13.0,53.4491,79.216,/workspace/settlements-raw/data/raw/historical_geography/geokladr_okato_2011/okato.dbf,d1c8b983f2489724a940bd2a64dedda73b602f6c491d5c09391deaf362fe2650,raw_dbf_record_number_1based=158;byte_offset_0based=62720,geokladr_2011_raw_dbf_coordinate,reviewed_extension_rule_accepted,GeoKLADR2011:OKATO:01206819003,2021:data_allsettlements_anon_156_v20251217.parquet:parquet:39103,Мирный,разъезд,алтайский,7.0,53.4167088,78.2296343,/workspace/settlements-raw/data/interim/2021_tochno/data_allsettlements_anon_156_v20251217.parquet,86c197cd522e0b63669e9c6e7f43fd3d82b3704c6a126c800a9968ecd16cae14,"parquet_row_1based=39103;latitude_dadata,longitude_dadata",tochno_2021_dadata_raw_parquet_point,reviewed_rule_accepted,2021:data_allsettlements_anon_156_v20251217.parquet:parquet:39103,65.44144233005974,0.0,65.44144233005974,65.44144233005974,distance_km_2002_2010,47
2002:043_56b84811fa_02c_mordovia.xls:!!:160,2002:043_56b84811fa_02c_mordovia.xls:!!:160,Вярьвель,деревня,мордовия,38.0,54.2321251,43.2344637,/workspace/settlements-raw/data/interim/2021_tochno/data_allsettlements_anon_156_v20251217.parquet,86c197cd522e0b63669e9c6e7f43fd3d82b3704c6a126c800a9968ecd16cae14,"carrier_target_source_record_id=2021:data_allsettlements_anon_156_v20251217.parquet:parquet:63295;parquet_row_1based=63295;latitude_dadata,longitude_dadata",retrospective_continuity_from_tochno_2021_dadata_raw_parquet_point,reviewed_extension_rule_accepted,2021:data_allsettlements_anon_156_v20251217.parquet:parquet:63295,2010:017_68e0e4537e_9._20Basq_Mari_Mord_Tatar_Udm_Chuv_2010.xls:!!!:6255,Вярьвель,деревня,мордовия,7.0,54.009074,44.13794,/workspace/settlements-raw/data/raw/historical_geography/geokladr_okato_2011/okato.dbf,d1c8b983f2489724a940bd2a64dedda73b602f6c491d5c09391deaf362fe2650,raw_dbf_record_number_1based=142297;byte_offset_0based=56207625,geokladr_2011_raw_dbf_coordinate,reviewed_extension_rule_accepted,GeoKLADR2011:OKATO:89205825002,2021:data_allsettlements_anon_156_v20251217.parquet:parquet:63295,Вярьвель,деревня,мордовия,3.0,54.2321251,43.2344637,/workspace/settlements-raw/data/interim/2021_tochno/data_allsettlements_anon_156_v20251217.parquet,86c197cd522e0b63669e9c6e7f43fd3d82b3704c6a126c800a9968ecd16cae14,"parquet_row_1based=63295;latitude_dadata,longitude_dadata",tochno_2021_dadata_raw_parquet_point,reviewed_rule_accepted,2021:data_allsettlements_anon_156_v20251217.parquet:parquet:63295,63.88898387861689,0.0,63.88898387861689,63.88898387861689,distance_km_2002_2010,48
2002:057_9b18a354f1_02c_Sverdlovskaja_oblast.xls:Sheet1:55,2002:057_9b18a354f1_02c_Sverdlovskaja_oblast.xls:Sheet1:55,Березники,посёлок,свердловская,60.0,56.94679,62.694354,/workspace/settlements-raw/data/raw/historical_geography/geokladr_okato_2011/okato.dbf,d1c8b983f2489724a940bd2a64dedda73b602f6c491d5c09391deaf362fe2650,raw_dbf_record_number_1based=110376;byte_offset_0based=43598830,geokladr_2011_raw_dbf_coordinate,reviewed_extension_rule_accepted,GeoKLADR2011:OKATO:65406000001,2010:003_eb441570b1_11._20Урал_ФО_2010.xls:Урал:4445,Березники,посёлок,свердловская,55.0,56.94679,62.694354,/workspace/settlements-raw/data/raw/historical_geography/geokladr_okato_2011/okato.dbf,d1c8b983f2489724a940bd2a64dedda73b602f6c491d5c09391deaf362fe2650,raw_dbf_record_number_1based=110376;byte_offset_0based=43598830,geokladr_2011_raw_dbf_coordinate,reviewed_extension_rule_accepted,GeoKLADR2011:OKATO:65406000001,2021:data_allsettlements_anon_156_v20251217.parquet:parquet:119552,Березники,посёлок,свердловская,44.0,57.2908,61.8595,/workspace/settlements-raw/data/raw/coordinate_candidates/geonames_RU_20260907.zip,9bf299daaff13de75ddbf610e113469aae80537d66a7de3437967576c6509ff4,RU.txt:line=296476;geonameid=7599513,geonames_ru_txt_named_place_point,reviewed_extension_rule_accepted,GeoNames:geonameid:7599513,0.0,63.270199505787645,63.270199505787645,63.270199505787645,distance_km_2002_2021,49
2002:084_d31366f857_Magadan.xls:Sheet1:53,2002:084_d31366f857_Magadan.xls:Sheet1:53,Чайбуха,посёлок,магаданская,235.0,61.816667,160.4,/workspace/settlements-raw/data/raw/historical_geography/geokladr_okato_2011/okato.dbf,d1c8b983f2489724a940bd2a64dedda73b602f6c491d5c09391deaf362fe2650,raw_dbf_record_number_1based=70900;byte_offset_0based=28005810,geokladr_2011_raw_dbf_coordinate,reviewed_extension_rule_accepted,GeoKLADR2011:OKATO:44207813001,2010:009_81f8a0e73c_17._20ДВ_ФО_2010.xls:ДВ:1867,Чайбуха,посёлок,магаданская,90.0,61.816667,160.4,/workspace/settlements-raw/data/raw/historical_geography/geokladr_okato_2011/okato.dbf,d1c8b983f2489724a940bd2a64dedda73b602f6c491d5c09391deaf362fe2650,raw_dbf_record_number_1based=70900;byte_offset_0based=28005810,geokladr_2011_raw_dbf_coordinate,reviewed_extension_rule_accepted,GeoKLADR2011:OKATO:44207813001,2021:data_allsettlements_anon_156_v20251217.parquet:parquet:60574,Чайбуха,посёлок,магаданская,0.0,61.9167,159.233,/workspace/settlements-raw/data/raw/wikidata_truthy_claims/batch_0020.jsonl.gz,6724784a5608a66efc7cfe01afbc91ab6c190c6ea9aee3a9fab120ab98afcb04,"{""line_number"": 10291, ""locator"": ""batch_0020.jsonl.gz#line=10291"", ""retrieved_at_utc"": ""2026-08-31T20:57:32.634564+00:00"", ""source_file"": ""batch_0020.jsonl.gz"", ""value_raw"": ""POINT(159.233000 61.916700)""}",wikidata_P625_point_claim,reviewed_extension_rule_accepted,Q16016338,0.0,62.1891688905456,62.1891688905456,62.1891688905456,distance_km_2002_2021,50
2002:070_48ec6f4a77_Irkut_obl_new.xls:Sheet1:1612,2002:070_48ec6f4a77_Irkut_obl_new.xls:Sheet1:1612,Тарея,посёлок,иркутская,69.0,55.869652,99.719088,/workspace/settlements-raw/data/raw/historical_geography/geokladr_okato_2011/okato.dbf,d1c8b983f2489724a940bd2a64dedda73b602f6c491d5c09391deaf362fe2650,raw_dbf_record_number_1based=38570;byte_offset_0based=15235460,geokladr_2011_raw_dbf_coordinate,reviewed_extension_rule_accepted,GeoKLADR2011:OKATO:25250822005,2010:008_342f3c208b_16._20Сиб_ФО_2010.xls:Sib:4916,Тарея,посёлок,иркутская,54.0,55.869652,99.719088,/workspace/settlements-raw/data/raw/historical_geography/geokladr_okato_2011/okato.dbf,d1c8b983f2489724a940bd2a64dedda73b602f6c491d5c09391deaf362fe2650,raw_dbf_record_number_1based=38570;byte_offset_0based=15235460,geokladr_2011_raw_dbf_coordinate,reviewed_extension_rule_accepted,GeoKLADR2011:OKATO:25250822005,2021:data_allsettlements_anon_156_v20251217.parquet:parquet:25521,Тарея,посёлок,иркутская,31.0,56.249577,100.433859,/workspace/settlements-raw/data/raw/wikidata_truthy_claims/batch_0100.jsonl.gz,6b28931812a0163906a549c73ed8d5d3fc8cb96b01edc8c627166f6c466bf6cd,"{""line_number"": 7041, ""locator"": ""batch_0100.jsonl.gz#line=7041"", ""retrieved_at_utc"": ""2026-08-31T20:59:11.802690+00:00"", ""source_file"": ""batch_0100.jsonl.gz"", ""value_raw"": ""POINT(100.433859 56.249577)""}",wikidata_P625_point_claim,reviewed_extension_rule_accepted,Q28517061,0.0,61.2684353600479,61.2684353600479,61.2684353600479,distance_km_2002_2021,51
2002:036_81b258bc42_02c_Krasnodarski-krai.xls:11:945,2002:036_81b258bc42_02c_Krasnodarski-krai.xls:11:945,Трудовая Армения,хутор,краснодарский,155.0,46.241461,39.614625,/workspace/settlements-raw/data/raw/historical_geography/geokladr_okato_2011/okato.dbf,d1c8b983f2489724a940bd2a64dedda73b602f6c491d5c09391deaf362fe2650,raw_dbf_record_number_1based=2088;byte_offset_0based=825070,geokladr_2011_raw_dbf_coordinate,reviewed_extension_rule_accepted,GeoKLADR2011:OKATO:03220816009,2010:005_888282bccc_13._20Краснодарский_край_2010.xls:КК:484,Трудовая Армения,хутор,краснодарский,125.0,46.241461,39.614625,/workspace/settlements-raw/data/raw/historical_geography/geokladr_okato_2011/okato.dbf,d1c8b983f2489724a940bd2a64dedda73b602f6c491d5c09391deaf362fe2650,raw_dbf_record_number_1based=2088;byte_offset_0based=825070,geokladr_2011_raw_dbf_coordinate,reviewed_extension_rule_accepted,GeoKLADR2011:OKATO:03220816009,2021:data_allsettlements_anon_156_v20251217.parquet:parquet:45347,Трудовая Армения,хутор,краснодарский,140.0,46.1779182,38.8401879,/workspace/settlements-raw/data/interim/2021_tochno/data_allsettlements_anon_156_v20251217.parquet,86c197cd522e0b63669e9c6e7f43fd3d82b3704c6a126c800a9968ecd16cae14,"parquet_row_1based=45347;latitude_dadata,longitude_dadata",tochno_2021_dadata_raw_parquet_point,reviewed_rule_accepted,2021:data_allsettlements_anon_156_v20251217.parquet:parquet:45347,0.0,60.00958918930708,60.00958918930708,60.00958918930708,distance_km_2002_2021,52
2002:063_3ec7f8316e_buriatia1.xls:Sheet1:801,2002:063_3ec7f8316e_buriatia1.xls:Sheet1:801,Ангоя,посёлок,бурятия,719.0,56.009631,110.908619,/workspace/settlements-raw/data/raw/historical_geography/geokladr_okato_2011/okato.dbf,d1c8b983f2489724a940bd2a64dedda73b602f6c491d5c09391deaf362fe2650,raw_dbf_record_number_1based=136723;byte_offset_0based=54005895,geokladr_2011_raw_dbf_coordinate,reviewed_extension_rule_accepted,GeoKLADR2011:OKATO:81245803001,2010:008_342f3c208b_16._20Сиб_ФО_2010.xls:Sib:11071,Ангоя,посёлок,бурятия,665.0,56.009631,110.908619,/workspace/settlements-raw/data/raw/historical_geography/geokladr_okato_2011/okato.dbf,d1c8b983f2489724a940bd2a64dedda73b602f6c491d5c09391deaf362fe2650,raw_dbf_record_number_1based=136723;byte_offset_0based=54005895,geokladr_2011_raw_dbf_coordinate,reviewed_extension_rule_accepted,GeoKLADR2011:OKATO:81245803001,2021:data_allsettlements_anon_156_v20251217.parquet:parquet:1028,Ангоя,посёлок,бурятия,562.0,56.016667,109.95,/workspace/settlements-raw/data/raw/wikidata_truthy_claims/batch_0107.jsonl.gz,3693e664b7d3d07b1232566fb67a85f7c05e462027243a250ab5cffe5b789287,"{""line_number"": 10454, ""locator"": ""batch_0107.jsonl.gz#line=10454"", ""retrieved_at_utc"": ""2026-08-31T20:59:19.331020+00:00"", ""source_file"": ""batch_0107.jsonl.gz"", ""value_raw"": ""POINT(109.950000 56.016667)""}",wikidata_P625_point_claim,reviewed_extension_rule_accepted,Q4065213,0.0,59.590825923317,59.590825923317,59.590825923317,distance_km_2002_2021,53
2002:1_TOM_01_04.xls:0:1478,2002:1_TOM_01_04.xls:0:1478,Змиевка,пгт,орловская,6373.0,52.346035,35.676735,/workspace/settlements-raw/data/raw/historical_geography/geokladr_okato_2011/okato.dbf,d1c8b983f2489724a940bd2a64dedda73b602f6c491d5c09391deaf362fe2650,DBF_record_1based=88054;DBF_byte_offset_0based=34781640;OKATO2011_raw=54252551000,raw_named_typed_geo2011_object,reviewed_extension_rule_accepted,,ROSSTAT2010:T5:p41:l17,Змиёвка,пгт,орловская,5976.0,52.6667111,36.3753301,/workspace/settlements-raw/data/interim/2021_tochno/data_allsettlements_anon_156_v20251217.parquet,86c197cd522e0b63669e9c6e7f43fd3d82b3704c6a126c800a9968ecd16cae14,"parquet_row_1based=93310;latitude_dadata,longitude_dadata",tochno_2021_dadata_raw_parquet_point,reviewed_extension_rule_accepted,2021:data_allsettlements_anon_156_v20251217.parquet:parquet:93310,2021:data_allsettlements_anon_156_v20251217.parquet:parquet:93310,Змиёвка,пгт,орловская,5026.0,52.6667111,36.3753301,/workspace/settlements-raw/data/interim/2021_tochno/data_allsettlements_anon_156_v20251217.parquet,86c197cd522e0b63669e9c6e7f43fd3d82b3704c6a126c800a9968ecd16cae14,"parquet_row_1based=93310;latitude_dadata,longitude_dadata",tochno_2021_dadata_raw_parquet_point,reviewed_rule_accepted,2021:data_allsettlements_anon_156_v20251217.parquet:parquet:93310,59.219873839920744,59.219873839920744,0.0,59.219873839920744,distance_km_2002_2010,54
2002:067_7363c80f41_02c_Krasnojarski_lraj.xls:Sheet1:1066,2002:067_7363c80f41_02c_Krasnojarski_lraj.xls:Sheet1:1066,Новый Путь,деревня,красноярский,260.0,56.1855079,95.7835713,/workspace/settlements-raw/data/interim/2021_tochno/data_allsettlements_anon_156_v20251217.parquet,86c197cd522e0b63669e9c6e7f43fd3d82b3704c6a126c800a9968ecd16cae14,"carrier_target_source_record_id=2021:data_allsettlements_anon_156_v20251217.parquet:parquet:48123;parquet_row_1based=48123;latitude_dadata,longitude_dadata",retrospective_continuity_from_tochno_2021_dadata_raw_parquet_point,reviewed_extension_rule_accepted,2021:data_allsettlements_anon_156_v20251217.parquet:parquet:48123,2010:008_342f3c208b_16._20Сиб_ФО_2010.xls:Sib:2463,Новый Путь,деревня,красноярский,349.0,56.124226,94.837608,/workspace/settlements-raw/data/raw/historical_geography/geokladr_okato_2011/okato.dbf,d1c8b983f2489724a940bd2a64dedda73b602f6c491d5c09391deaf362fe2650,raw_dbf_record_number_1based=4188;byte_offset_0based=1654570,geokladr_2011_raw_dbf_coordinate,reviewed_extension_rule_accepted,GeoKLADR2011:OKATO:04221840005,2021:data_allsettlements_anon_156_v20251217.parquet:parquet:48123,Новый Путь,деревня,красноярский,231.0,56.1855079,95.7835713,/workspace/settlements-raw/data/interim/2021_tochno/data_allsettlements_anon_156_v20251217.parquet,86c197cd522e0b63669e9c6e7f43fd3d82b3704c6a126c800a9968ecd16cae14,"parquet_row_1based=48123;latitude_dadata,longitude_dadata",tochno_2021_dadata_raw_parquet_point,reviewed_rule_accepted,2021:data_allsettlements_anon_156_v20251217.parquet:parquet:48123,58.97810076250785,0.0,58.97810076250785,58.97810076250785,distance_km_2002_2010,55
2002:023_38d853be37_02c_Kaliningrad.xls:Sheet1:1132,2002:023_38d853be37_02c_Kaliningrad.xls:Sheet1:1132,Костюковка,посёлок,калининградская,99.0,54.3903617,21.0407012,/workspace/settlements-raw/data/interim/2021_tochno/data_allsettlements_anon_156_v20251217.parquet,86c197cd522e0b63669e9c6e7f43fd3d82b3704c6a126c800a9968ecd16cae14,"carrier_target_source_record_id=2021:data_allsettlements_anon_156_v20251217.parquet:parquet:26421;parquet_row_1based=26421;latitude_dadata,longitude_dadata",retrospective_continuity_from_tochno_2021_dadata_raw_parquet_point,reviewed_extension_rule_accepted,2021:data_allsettlements_anon_156_v20251217.parquet:parquet:26421,KAL2010:TOM1:S4:R0955,костюковка,посёлок,калининградская,78.0,54.861521,20.62613,/workspace/settlements-raw/data/raw/historical_geography/geokladr_okato_2011/okato.dbf,d1c8b983f2489724a940bd2a64dedda73b602f6c491d5c09391deaf362fe2650,raw_dbf_record_number_1based=39519;byte_offset_0based=15610315,geokladr_2011_raw_dbf_coordinate,reviewed_extension_rule_accepted,GeoKLADR2011:OKATO:27233822006,2021:data_allsettlements_anon_156_v20251217.parquet:parquet:26421,Костюковка,посёлок,калининградская,63.0,54.3903617,21.0407012,/workspace/settlements-raw/data/interim/2021_tochno/data_allsettlements_anon_156_v20251217.parquet,86c197cd522e0b63669e9c6e7f43fd3d82b3704c6a126c800a9968ecd16cae14,"parquet_row_1based=26421;latitude_dadata,longitude_dadata",tochno_2021_dadata_raw_parquet_point,reviewed_rule_accepted,2021:data_allsettlements_anon_156_v20251217.parquet:parquet:26421,58.79568433721445,0.0,58.79568433721445,58.79568433721445,distance_km_2002_2010,56
2002:051_46e3ecb0a0_02c_Permskaja_obl.xls:Sheet1:2007,2002:051_46e3ecb0a0_02c_Permskaja_obl.xls:Sheet1:2007,Подъельничная,деревня,пермский,81.0,57.2063374,56.1759222,/workspace/settlements-raw/data/interim/2021_tochno/data_allsettlements_anon_156_v20251217.parquet,86c197cd522e0b63669e9c6e7f43fd3d82b3704c6a126c800a9968ecd16cae14,"carrier_target_source_record_id=2021:data_allsettlements_anon_156_v20251217.parquet:parquet:96974;parquet_row_1based=96974;latitude_dadata,longitude_dadata",retrospective_continuity_from_tochno_2021_dadata_raw_parquet_point,reviewed_extension_rule_accepted,2021:data_allsettlements_anon_156_v20251217.parquet:parquet:96974,2010:016_802d308e41_8._20Or_Penz_Perm_Samar_Saratov_Uly_2010.xls:!!!:6246,Подъельничная,деревня,пермский,60.0,57.2457,57.1403,/workspace/settlements-raw/data/raw/historical_geography/geokladr_okato_2011/okato.dbf,d1c8b983f2489724a940bd2a64dedda73b602f6c491d5c09391deaf362fe2650,raw_dbf_record_number_1based=91821;byte_offset_0based=36269605,geokladr_2011_raw_dbf_coordinate,reviewed_extension_rule_accepted,GeoKLADR2011:OKATO:57230804011,2021:data_allsettlements_anon_156_v20251217.parquet:parquet:96974,Подъельничная,деревня,пермский,53.0,57.2063374,56.1759222,/workspace/settlements-raw/data/interim/2021_tochno/data_allsettlements_anon_156_v20251217.parquet,86c197cd522e0b63669e9c6e7f43fd3d82b3704c6a126c800a9968ecd16cae14,"parquet_row_1based=96974;latitude_dadata,longitude_dadata",tochno_2021_dadata_raw_parquet_point,reviewed_rule_accepted,2021:data_allsettlements_anon_156_v20251217.parquet:parquet:96974,58.21292211322343,0.0,58.21292211322343,58.21292211322343,distance_km_2002_2010,57
2002:023_38d853be37_02c_Kaliningrad.xls:Sheet1:597,2002:023_38d853be37_02c_Kaliningrad.xls:Sheet1:597,Мичурино,посёлок,калининградская,52.0,54.9107349,22.622027,/workspace/settlements-raw/data/interim/2021_tochno/data_allsettlements_anon_156_v20251217.parquet,86c197cd522e0b63669e9c6e7f43fd3d82b3704c6a126c800a9968ecd16cae14,"carrier_target_source_record_id=2021:data_allsettlements_anon_156_v20251217.parquet:parquet:26123;parquet_row_1based=26123;latitude_dadata,longitude_dadata",retrospective_continuity_from_tochno_2021_dadata_raw_parquet_point,reviewed_extension_rule_accepted,2021:data_allsettlements_anon_156_v20251217.parquet:parquet:26123,KAL2010:TOM1:S4:R0622,мичурино,посёлок,калининградская,61.0,54.642931,21.864112,/workspace/settlements-raw/data/raw/historical_geography/geokladr_okato_2011/okato.dbf,d1c8b983f2489724a940bd2a64dedda73b602f6c491d5c09391deaf362fe2650,raw_dbf_record_number_1based=39112;byte_offset_0based=15449550,geokladr_2011_raw_dbf_coordinate,reviewed_extension_rule_accepted,GeoKLADR2011:OKATO:27218810005,2021:data_allsettlements_anon_156_v20251217.parquet:parquet:26123,Мичурино,посёлок,калининградская,33.0,54.9107349,22.622027,/workspace/settlements-raw/data/interim/2021_tochno/data_allsettlements_anon_156_v20251217.parquet,86c197cd522e0b63669e9c6e7f43fd3d82b3704c6a126c800a9968ecd16cae14,"parquet_row_1based=26123;latitude_dadata,longitude_dadata",tochno_2021_dadata_raw_parquet_point,reviewed_rule_accepted,2021:data_allsettlements_anon_156_v20251217.parquet:parquet:26123,57.00344579231998,0.0,57.00344579231998,57.00344579231998,distance_km_2002_2010,58
2002:057_9b18a354f1_02c_Sverdlovskaja_oblast.xls:Sheet1:1642,2002:057_9b18a354f1_02c_Sverdlovskaja_oblast.xls:Sheet1:1642,Волчевка,посёлок,свердловская,10.0,57.952859,59.739019,/workspace/settlements-raw/data/raw/historical_geography/geokladr_okato_2011/okato.dbf,d1c8b983f2489724a940bd2a64dedda73b602f6c491d5c09391deaf362fe2650,raw_dbf_record_number_1based=109708;byte_offset_0based=43334970,geokladr_2011_raw_dbf_coordinate,reviewed_extension_rule_accepted,GeoKLADR2011:OKATO:65232824003,2010:003_eb441570b1_11._20Урал_ФО_2010.xls:Урал:3766,Волчевка,посёлок,свердловская,4.0,57.952859,59.739019,/workspace/settlements-raw/data/raw/historical_geography/geokladr_okato_2011/okato.dbf,d1c8b983f2489724a940bd2a64dedda73b602f6c491d5c09391deaf362fe2650,raw_dbf_record_number_1based=109708;byte_offset_0based=43334970,geokladr_2011_raw_dbf_coordinate,reviewed_extension_rule_accepted,GeoKLADR2011:OKATO:65232824003,2021:data_allsettlements_anon_156_v20251217.parquet:parquet:120910,Волчёвка,посёлок,свердловская,15.0,57.687778,58.920556,/workspace/settlements-raw/data/raw/wikidata_truthy_claims/batch_0015.jsonl.gz,cad3745110d3760ec8e3d104b2e364923c0b43ea952dce9f5367ee2fbd6b74d2,"{""line_number"": 6959, ""locator"": ""batch_0015.jsonl.gz#line=6959"", ""retrieved_at_utc"": ""2026-08-31T20:57:27.090420+00:00"", ""source_file"": ""batch_0015.jsonl.gz"", ""value_raw"": ""POINT(58.920556 57.687778)""}",wikidata_P625_point_claim,reviewed_extension_rule_accepted,Q15266671,0.0,56.72760544866417,56.72760544866417,56.72760544866417,distance_km_2002_2021,59
2002:047_9960082a3e_02c_Kirovskaja_new.xls:Sheet1:157,2002:047_9960082a3e_02c_Kirovskaja_new.xls:Sheet1:157,Глотовы,деревня,кировская,21.0,57.7952211,48.1587288,/workspace/settlements-raw/data/interim/2021_tochno/data_allsettlements_anon_156_v20251217.parquet,86c197cd522e0b63669e9c6e7f43fd3d82b3704c6a126c800a9968ecd16cae14,"carrier_target_source_record_id=2021:data_allsettlements_anon_156_v20251217.parquet:parquet:33346;parquet_row_1based=33346;latitude_dadata,longitude_dadata",retrospective_continuity_from_tochno_2021_dadata_raw_parquet_point,reviewed_extension_rule_accepted,2021:data_allsettlements_anon_156_v20251217.parquet:parquet:33346,2010:014_5ca759eea0_5._20Nizheg_Kirov_202010.xls:Data Sheet:4940,Глотовы,деревня,кировская,4.0,58.046941,48.99293,/workspace/settlements-raw/data/raw/historical_geography/geokladr_okato_2011/okato.dbf,d1c8b983f2489724a940bd2a64dedda73b602f6c491d5c09391deaf362fe2650,raw_dbf_record_number_1based=53550;byte_offset_0based=21152560,geokladr_2011_raw_dbf_coordinate,reviewed_extension_rule_accepted,GeoKLADR2011:OKATO:33202852009,2021:data_allsettlements_anon_156_v20251217.parquet:parquet:33346,Глотовы,деревня,кировская,0.0,57.7952211,48.1587288,/workspace/settlements-raw/data/interim/2021_tochno/data_allsettlements_anon_156_v20251217.parquet,86c197cd522e0b63669e9c6e7f43fd3d82b3704c6a126c800a9968ecd16cae14,"parquet_row_1based=33346;latitude_dadata,longitude_dadata",tochno_2021_dadata_raw_parquet_point,reviewed_rule_accepted,2021:data_allsettlements_anon_156_v20251217.parquet:parquet:33346,56.6589065013449,0.0,56.6589065013449,56.6589065013449,distance_km_2002_2010,60
2002:049_8bbd34a852_Orenburgskaja1.xls:Sheet1:2434,2002:049_8bbd34a852_Orenburgskaja1.xls:Sheet1:2434,Крутые Горки,посёлок,оренбургская,22.0,51.166667,55.0,/workspace/settlements-raw/data/raw/historical_geography/geokladr_okato_2011/okato.dbf,d1c8b983f2489724a940bd2a64dedda73b602f6c491d5c09391deaf362fe2650,raw_dbf_record_number_1based=85409;byte_offset_0based=33736865,geokladr_2011_raw_dbf_coordinate,reviewed_extension_rule_accepted,GeoKLADR2011:OKATO:53244828002,2010:016_802d308e41_8._20Or_Penz_Perm_Samar_Saratov_Uly_2010.xls:!!!:2750,Крутые Горки,посёлок,оренбургская,27.0,51.166667,55.0,/workspace/settlements-raw/data/raw/historical_geography/geokladr_okato_2011/okato.dbf,d1c8b983f2489724a940bd2a64dedda73b602f6c491d5c09391deaf362fe2650,raw_dbf_record_number_1based=85409;byte_offset_0based=33736865,geokladr_2011_raw_dbf_coordinate,reviewed_extension_rule_accepted,GeoKLADR2011:OKATO:53244828002,2021:data_allsettlements_anon_156_v20251217.parquet:parquet:86479,Крутые Горки,посёлок,оренбургская,0.0,50.949678,54.299088,/workspace/settlements-raw/data/raw/wikidata_truthy_claims/batch_0090.jsonl.gz,fce12304fff45cdb07d5ef940c86b28d889687eb471fee234014d2cfc20885ae,"{""line_number"": 7400, ""locator"": ""batch_0090.jsonl.gz#line=7400"", ""retrieved_at_utc"": ""2026-08-31T20:58:55.803286+00:00"", ""source_file"": ""batch_0090.jsonl.gz"", ""value_raw"": ""POINT(54.299088 50.949678)""}",wikidata_P625_point_claim,reviewed_extension_rule_accepted,Q24199626,0.0,54.60587730418432,54.60587730418432,54.60587730418432,distance_km_2002_2021,61
2002:070_48ec6f4a77_Irkut_obl_new.xls:Sheet1:1013,2002:070_48ec6f4a77_Irkut_obl_new.xls:Sheet1:1013,Шида,посёлок,иркутская,8.0,53.057716,106.780659,/workspace/settlements-raw/data/raw/historical_geography/geokladr_okato_2011/okato.dbf,d1c8b983f2489724a940bd2a64dedda73b602f6c491d5c09391deaf362fe2650,raw_dbf_record_number_1based=38139;byte_offset_0based=15065215,geokladr_2011_raw_dbf_coordinate,reviewed_extension_rule_accepted,GeoKLADR2011:OKATO:25230813012,2010:008_342f3c208b_16._20Сиб_ФО_2010.xls:Sib:4468,Шида,посёлок,иркутская,27.0,53.057716,106.780659,/workspace/settlements-raw/data/raw/historical_geography/geokladr_okato_2011/okato.dbf,d1c8b983f2489724a940bd2a64dedda73b602f6c491d5c09391deaf362fe2650,raw_dbf_record_number_1based=38139;byte_offset_0based=15065215,geokladr_2011_raw_dbf_coordinate,reviewed_extension_rule_accepted,GeoKLADR2011:OKATO:25230813012,2021:data_allsettlements_anon_156_v20251217.parquet:parquet:24881,Шида,посёлок,иркутская,88.0,53.526586,106.989844,/workspace/settlements-raw/data/raw/wikidata_truthy_claims/batch_0011.jsonl.gz,14510a223c6d6d7ae76dc688757e57c24ec6383c14227c72ba6c4185f7aa7951,"{""line_number"": 7411, ""locator"": ""batch_0011.jsonl.gz#line=7411"", ""retrieved_at_utc"": ""2026-08-31T20:57:22.240708+00:00"", ""source_file"": ""batch_0011.jsonl.gz"", ""value_raw"": ""POINT(106.989844 53.526586)""}",wikidata_P625_point_claim,reviewed_extension_rule_accepted,Q13653491,0.0,53.958013549787246,53.958013549787246,53.958013549787246,distance_km_2002_2021,62
2002:048_4f024587eb_02c_Nizhegorod_obl_new.xls:11:3698,2002:048_4f024587eb_02c_Nizhegorod_obl_new.xls:11:3698,Ягодное,село,нижегородская,451.0,55.6257904,44.4377036,/workspace/settlements-raw/data/interim/2021_tochno/data_allsettlements_anon_156_v20251217.parquet,86c197cd522e0b63669e9c6e7f43fd3d82b3704c6a126c800a9968ecd16cae14,"carrier_target_source_record_id=2021:data_allsettlements_anon_156_v20251217.parquet:parquet:75918;parquet_row_1based=75918;latitude_dadata,longitude_dadata",retrospective_continuity_from_tochno_2021_dadata_raw_parquet_point,reviewed_extension_rule_accepted,2021:data_allsettlements_anon_156_v20251217.parquet:parquet:75918,2010:014_5ca759eea0_5._20Nizheg_Kirov_202010.xls:Data Sheet:2884,Ягодное,село,нижегородская,388.0,55.93177,43.769128,/workspace/settlements-raw/data/raw/historical_geography/geokladr_okato_2011/okato.dbf,d1c8b983f2489724a940bd2a64dedda73b602f6c491d5c09391deaf362fe2650,raw_dbf_record_number_1based=32229;byte_offset_0based=12730765,geokladr_2011_raw_dbf_coordinate,reviewed_extension_rule_accepted,GeoKLADR2011:OKATO:22244820005,2021:data_allsettlements_anon_156_v20251217.parquet:parquet:75918,Ягодное,село,нижегородская,419.0,55.6257904,44.4377036,/workspace/settlements-raw/data/interim/2021_tochno/data_allsettlements_anon_156_v20251217.parquet,86c197cd522e0b63669e9c6e7f43fd3d82b3704c6a126c800a9968ecd16cae14,"parquet_row_1based=75918;latitude_dadata,longitude_dadata",tochno_2021_dadata_raw_parquet_point,reviewed_rule_accepted,2021:data_allsettlements_anon_156_v20251217.parquet:parquet:75918,53.90334525596221,0.0,53.90334525596221,53.90334525596221,distance_km_2002_2010,63
2002:047_9960082a3e_02c_Kirovskaja_new.xls:Sheet1:4593,2002:047_9960082a3e_02c_Kirovskaja_new.xls:Sheet1:4593,Вогульцы,деревня,кировская,227.0,58.0541349,51.6383101,/workspace/settlements-raw/data/interim/2021_tochno/data_allsettlements_anon_156_v20251217.parquet,86c197cd522e0b63669e9c6e7f43fd3d82b3704c6a126c800a9968ecd16cae14,"carrier_target_source_record_id=2021:data_allsettlements_anon_156_v20251217.parquet:parquet:33751;parquet_row_1based=33751;latitude_dadata,longitude_dadata",retrospective_continuity_from_tochno_2021_dadata_raw_parquet_point,reviewed_extension_rule_accepted,2021:data_allsettlements_anon_156_v20251217.parquet:parquet:33751,2010:014_5ca759eea0_5._20Nizheg_Kirov_202010.xls:Data Sheet:8436,Вогульцы,деревня,кировская,90.0,57.793614,50.876865,/workspace/settlements-raw/data/raw/historical_geography/geokladr_okato_2011/okato.dbf,d1c8b983f2489724a940bd2a64dedda73b602f6c491d5c09391deaf362fe2650,raw_dbf_record_number_1based=56886;byte_offset_0based=22470280,geokladr_2011_raw_dbf_coordinate,reviewed_extension_rule_accepted,GeoKLADR2011:OKATO:33243856003,2021:data_allsettlements_anon_156_v20251217.parquet:parquet:33751,Вогульцы,деревня,кировская,37.0,58.0541349,51.6383101,/workspace/settlements-raw/data/interim/2021_tochno/data_allsettlements_anon_156_v20251217.parquet,86c197cd522e0b63669e9c6e7f43fd3d82b3704c6a126c800a9968ecd16cae14,"parquet_row_1based=33751;latitude_dadata,longitude_dadata",tochno_2021_dadata_raw_parquet_point,reviewed_rule_accepted,2021:data_allsettlements_anon_156_v20251217.parquet:parquet:33751,53.48652458267719,0.0,53.48652458267719,53.48652458267719,distance_km_2002_2010,64
2002:048_4f024587eb_02c_Nizhegorod_obl_new.xls:11:2726,2002:048_4f024587eb_02c_Nizhegorod_obl_new.xls:11:2726,Грачиха,деревня,нижегородская,76.0,57.0697758,43.8296676,/workspace/settlements-raw/data/interim/2021_tochno/data_allsettlements_anon_156_v20251217.parquet,86c197cd522e0b63669e9c6e7f43fd3d82b3704c6a126c800a9968ecd16cae14,"carrier_target_source_record_id=2021:data_allsettlements_anon_156_v20251217.parquet:parquet:71811;parquet_row_1based=71811;latitude_dadata,longitude_dadata",retrospective_continuity_from_tochno_2021_dadata_raw_parquet_point,reviewed_extension_rule_accepted,2021:data_allsettlements_anon_156_v20251217.parquet:parquet:71811,2010:014_5ca759eea0_5._20Nizheg_Kirov_202010.xls:Data Sheet:2065,Грачиха,деревня,нижегородская,61.0,56.669235,44.308588,/workspace/settlements-raw/data/raw/historical_geography/geokladr_okato_2011/okato.dbf,d1c8b983f2489724a940bd2a64dedda73b602f6c491d5c09391deaf362fe2650,raw_dbf_record_number_1based=31412;byte_offset_0based=12408050,geokladr_2011_raw_dbf_coordinate,reviewed_extension_rule_accepted,GeoKLADR2011:OKATO:22234818009,2021:data_allsettlements_anon_156_v20251217.parquet:parquet:71811,Грачиха,деревня,нижегородская,93.0,57.0697758,43.8296676,/workspace/settlements-raw/data/interim/2021_tochno/data_allsettlements_anon_156_v20251217.parquet,86c197cd522e0b63669e9c6e7f43fd3d82b3704c6a126c800a9968ecd16cae14,"parquet_row_1based=71811;latitude_dadata,longitude_dadata",tochno_2021_dadata_raw_parquet_point,reviewed_rule_accepted,2021:data_allsettlements_anon_156_v20251217.parquet:parquet:71811,53.204838100973404,0.0,53.204838100973404,53.204838100973404,distance_km_2002_2010,65
2002:056_6e9d0d52b3_Kurgan.xls:Sheet1:860,2002:056_6e9d0d52b3_Kurgan.xls:Sheet1:860,Степное,село,курганская,470.0,55.1893131,67.4321985,/workspace/settlements-raw/data/interim/2021_tochno/data_allsettlements_anon_156_v20251217.parquet,86c197cd522e0b63669e9c6e7f43fd3d82b3704c6a126c800a9968ecd16cae14,"carrier_target_source_record_id=2021:data_allsettlements_anon_156_v20251217.parquet:parquet:50748;parquet_row_1based=50748;latitude_dadata,longitude_dadata",retrospective_continuity_from_tochno_2021_dadata_raw_parquet_point,reviewed_extension_rule_accepted,2021:data_allsettlements_anon_156_v20251217.parquet:parquet:50748,2010:003_eb441570b1_11._20Урал_ФО_2010.xls:Урал:600,Степное,село,курганская,421.0,54.883333,66.8,/workspace/settlements-raw/data/raw/historical_geography/geokladr_okato_2011/okato.dbf,d1c8b983f2489724a940bd2a64dedda73b602f6c491d5c09391deaf362fe2650,raw_dbf_record_number_1based=62940;byte_offset_0based=24861610,geokladr_2011_raw_dbf_coordinate,reviewed_extension_rule_accepted,GeoKLADR2011:OKATO:37220858001,2021:data_allsettlements_anon_156_v20251217.parquet:parquet:50748,Степное,село,курганская,320.0,55.1893131,67.4321985,/workspace/settlements-raw/data/interim/2021_tochno/data_allsettlements_anon_156_v20251217.parquet,86c197cd522e0b63669e9c6e7f43fd3d82b3704c6a126c800a9968ecd16cae14,"parquet_row_1based=50748;latitude_dadata,longitude_dadata",tochno_2021_dadata_raw_parquet_point,reviewed_rule_accepted,2021:data_allsettlements_anon_156_v20251217.parquet:parquet:50748,52.72941652940256,0.0,52.72941652940256,52.72941652940256,distance_km_2002_2010,66
2002:002_d4cda9574f_02c_Bryanskaja.xls:Sheet1:2158,2002:002_d4cda9574f_02c_Bryanskaja.xls:Sheet1:2158,Воловня,посёлок,брянская,14.0,52.9517072,33.6589458,/workspace/settlements-raw/data/interim/2021_tochno/data_allsettlements_anon_156_v20251217.parquet,86c197cd522e0b63669e9c6e7f43fd3d82b3704c6a126c800a9968ecd16cae14,"carrier_target_source_record_id=2021:data_allsettlements_anon_156_v20251217.parquet:parquet:175316;parquet_row_1based=175316;latitude_dadata,longitude_dadata",retrospective_continuity_from_tochno_2021_dadata_raw_parquet_point,reviewed_extension_rule_accepted,2021:data_allsettlements_anon_156_v20251217.parquet:parquet:175316,2010:013_f60b2d2bcf_5._20Belg_Bryan_Vlad_Voron_Ivanov_Kalug_20L1_ethn_2010.xls:Data Sheet:3409,Воловня,посёлок,брянская,0.0,52.507012,33.929802,/workspace/settlements-raw/data/raw/historical_geography/geokladr_okato_2011/okato.dbf,d1c8b983f2489724a940bd2a64dedda73b602f6c491d5c09391deaf362fe2650,raw_dbf_record_number_1based=14912;byte_offset_0based=5890550,geokladr_2011_raw_dbf_coordinate,reviewed_extension_rule_accepted,GeoKLADR2011:OKATO:15244844004,2021:data_allsettlements_anon_156_v20251217.parquet:parquet:175316,Воловня,посёлок,брянская,1.0,52.9517072,33.6589458,/workspace/settlements-raw/data/interim/2021_tochno/data_allsettlements_anon_156_v20251217.parquet,86c197cd522e0b63669e9c6e7f43fd3d82b3704c6a126c800a9968ecd16cae14,"parquet_row_1based=175316;latitude_dadata,longitude_dadata",tochno_2021_dadata_raw_parquet_point,reviewed_rule_accepted,2021:data_allsettlements_anon_156_v20251217.parquet:parquet:175316,52.70426866171924,0.0,52.70426866171924,52.70426866171924,distance_km_2002_2010,67
2002:057_9b18a354f1_02c_Sverdlovskaja_oblast.xls:Sheet1:169,2002:057_9b18a354f1_02c_Sverdlovskaja_oblast.xls:Sheet1:169,Юрта Анямова,посёлок,свердловская,34.0,61.672446,59.964818,/workspace/settlements-raw/data/raw/historical_geography/geokladr_okato_2011/okato.dbf,d1c8b983f2489724a940bd2a64dedda73b602f6c491d5c09391deaf362fe2650,raw_dbf_record_number_1based=110455;byte_offset_0based=43630035,geokladr_2011_raw_dbf_coordinate,reviewed_extension_rule_accepted,GeoKLADR2011:OKATO:65428000017,2010:003_eb441570b1_11._20Урал_ФО_2010.xls:Урал:4526,Юрта Анямова,посёлок,свердловская,9.0,61.672446,59.964818,/workspace/settlements-raw/data/raw/historical_geography/geokladr_okato_2011/okato.dbf,d1c8b983f2489724a940bd2a64dedda73b602f6c491d5c09391deaf362fe2650,raw_dbf_record_number_1based=110455;byte_offset_0based=43630035,geokladr_2011_raw_dbf_coordinate,reviewed_extension_rule_accepted,GeoKLADR2011:OKATO:65428000017,2021:data_allsettlements_anon_156_v20251217.parquet:parquet:120815,Юрта Анямова,посёлок,свердловская,16.0,61.409647,60.766825,/workspace/settlements-raw/data/raw/wikidata_truthy_claims/batch_0016.jsonl.gz,117cd0c52ae6ed67a3dc281fd782bc4544421cb42c6e97034f2b9c260b58e486,"{""line_number"": 5827, ""locator"": ""batch_0016.jsonl.gz#line=5827"", ""retrieved_at_utc"": ""2026-08-31T20:57:28.123368+00:00"", ""source_file"": ""batch_0016.jsonl.gz"", ""value_raw"": ""POINT(60.766825 61.409647)""}",wikidata_P625_point_claim,reviewed_extension_rule_accepted,Q15276449,0.0,51.57340940616986,51.57340940616986,51.57340940616986,distance_km_2002_2021,68
2002:023_38d853be37_02c_Kaliningrad.xls:Sheet1:935,2002:023_38d853be37_02c_Kaliningrad.xls:Sheet1:935,Беломорское,посёлок,калининградская,52.0,54.8964431,21.1442702,/workspace/settlements-raw/data/interim/2021_tochno/data_allsettlements_anon_156_v20251217.parquet,86c197cd522e0b63669e9c6e7f43fd3d82b3704c6a126c800a9968ecd16cae14,"carrier_target_source_record_id=2021:data_allsettlements_anon_156_v20251217.parquet:parquet:26345;parquet_row_1based=26345;latitude_dadata,longitude_dadata",retrospective_continuity_from_tochno_2021_dadata_raw_parquet_point,reviewed_extension_rule_accepted,2021:data_allsettlements_anon_156_v20251217.parquet:parquet:26345,KAL2010:TOM1:S4:R0873,беломорское,посёлок,калининградская,50.0,54.575,21.643056,/workspace/settlements-raw/data/raw/historical_geography/geokladr_okato_2011/okato.dbf,d1c8b983f2489724a940bd2a64dedda73b602f6c491d5c09391deaf362fe2650,raw_dbf_record_number_1based=39372;byte_offset_0based=15552250,geokladr_2011_raw_dbf_coordinate,reviewed_extension_rule_accepted,GeoKLADR2011:OKATO:27230807002,2021:data_allsettlements_anon_156_v20251217.parquet:parquet:26345,Беломорское,посёлок,калининградская,61.0,54.8964431,21.1442702,/workspace/settlements-raw/data/interim/2021_tochno/data_allsettlements_anon_156_v20251217.parquet,86c197cd522e0b63669e9c6e7f43fd3d82b3704c6a126c800a9968ecd16cae14,"parquet_row_1based=26345;latitude_dadata,longitude_dadata",tochno_2021_dadata_raw_parquet_point,reviewed_rule_accepted,2021:data_allsettlements_anon_156_v20251217.parquet:parquet:26345,47.98843062316473,0.0,47.98843062316473,47.98843062316473,distance_km_2002_2010,69
2002:010_3e630cc803_02c_Moskovskaya-oblast.xls:Sheet1:5968,2002:010_3e630cc803_02c_Moskovskaya-oblast.xls:Sheet1:5968,Усады,посёлок,московская,1734.0,55.566667,37.9,/workspace/settlements-raw/data/raw/historical_geography/geokladr_okato_2011/okato.dbf,d1c8b983f2489724a940bd2a64dedda73b602f6c491d5c09391deaf362fe2650,raw_dbf_record_number_1based=76246;byte_offset_0based=30117480,geokladr_2011_raw_dbf_coordinate,reviewed_extension_rule_accepted,GeoKLADR2011:OKATO:46253819001,2010:010_711691e352_2._20Kostrom_Kur_Lip_Moscow_MoscObl_Orlov_2010.xls:Data Sheet:13409,Усады,посёлок,московская,1864.0,55.566667,37.9,/workspace/settlements-raw/data/raw/historical_geography/geokladr_okato_2011/okato.dbf,d1c8b983f2489724a940bd2a64dedda73b602f6c491d5c09391deaf362fe2650,raw_dbf_record_number_1based=76246;byte_offset_0based=30117480,geokladr_2011_raw_dbf_coordinate,reviewed_extension_rule_accepted,GeoKLADR2011:OKATO:46253819001,2021:data_allsettlements_anon_156_v20251217.parquet:parquet:70437,Усады,посёлок,московская,1455.0,55.141834,37.8957187,/workspace/settlements-raw/data/interim/2021_tochno/data_allsettlements_anon_156_v20251217.parquet,86c197cd522e0b63669e9c6e7f43fd3d82b3704c6a126c800a9968ecd16cae14,"parquet_row_1based=70437;latitude_dadata,longitude_dadata",tochno_2021_dadata_raw_parquet_point,reviewed_rule_accepted,2021:data_allsettlements_anon_156_v20251217.parquet:parquet:70437,0.0,47.240114754819906,47.240114754819906,47.240114754819906,distance_km_2002_2021,70
2002:047_9960082a3e_02c_Kirovskaja_new.xls:Sheet1:4366,2002:047_9960082a3e_02c_Kirovskaja_new.xls:Sheet1:4366,Заболотное,деревня,кировская,0.0,57.7271,50.3403,,,,,reviewed_extension_rule_accepted,2010:014_5ca759eea0_5._20Nizheg_Kirov_202010.xls:Data Sheet:8244,2010:014_5ca759eea0_5._20Nizheg_Kirov_202010.xls:Data Sheet:8244,Заболотное,деревня,кировская,0.0,57.7271,50.3403,/workspace/settlements-raw/data/raw/historical_geography/geokladr_okato_2011/okato.dbf,d1c8b983f2489724a940bd2a64dedda73b602f6c491d5c09391deaf362fe2650,raw_dbf_record_number_1based=56706;byte_offset_0based=22399180,geokladr_2011_raw_dbf_coordinate,reviewed_extension_rule_accepted,GeoKLADR2011:OKATO:33240828002,2021:data_allsettlements_anon_156_v20251217.parquet:parquet:36969,Заболотное,деревня,кировская,0.0,57.61778,51.09611,/workspace/settlements-raw/data/raw/wikidata_truthy_claims/batch_0033.jsonl.gz,f452c1a9c7358ab7f3e4c5e0852bcca435cf4c34ed3014fbf570b0935a051d2b,"{""line_number"": 7516, ""locator"": ""batch_0033.jsonl.gz#line=7516"", ""retrieved_at_utc"": ""2026-08-31T20:57:48.066504+00:00"", ""source_file"": ""batch_0033.jsonl.gz"", ""value_raw"": ""POINT(51.096110 57.617780)""}",wikidata_P625_point_claim,reviewed_extension_rule_accepted,Q18776893,0.0,46.55703229600026,46.55703229600026,46.55703229600026,distance_km_2002_2021,71
2002:045_9dc3ed048e_02c__Udmurtia.xls:Sheet1:635,2002:045_9dc3ed048e_02c__Udmurtia.xls:Sheet1:635,Чебершур,посёлок,удмуртская,5.0,58.326122,52.870189,,,,,reviewed_rule_accepted,,2010:017_68e0e4537e_9._20Basq_Mari_Mord_Tatar_Udm_Chuv_2010.xls:!!!:11022,Чебершур,деревня,удмуртская,6.0,58.326122,52.870189,/workspace/settlements-raw/data/raw/historical_geography/geokladr_okato_2011/okato.dbf,d1c8b983f2489724a940bd2a64dedda73b602f6c491d5c09391deaf362fe2650,raw_dbf_record_number_1based=147393;byte_offset_0based=58220545,geokladr_2011_raw_dbf_coordinate,reviewed_extension_rule_accepted,GeoKLADR2011:OKATO:94210850010,2021:data_allsettlements_anon_156_v20251217.parquet:parquet:155841,Чебершур,деревня,удмуртская,3.0,57.934444,52.590833,/workspace/settlements-raw/data/raw/wikidata_truthy_claims/batch_0006.jsonl.gz,1e70018733ade66f7436c1ae042f91e40e931ca867f4fa8d616ac328e1053af9,"{""line_number"": 9349, ""locator"": ""batch_0006.jsonl.gz#line=9349"", ""retrieved_at_utc"": ""2026-08-31T20:57:16.040450+00:00"", ""source_file"": ""batch_0006.jsonl.gz"", ""value_raw"": ""POINT(52.590833 57.934444)""}",wikidata_P625_point_claim,reviewed_extension_rule_accepted,Q12169238,0.0,46.53833087912893,46.53833087912893,46.53833087912893,distance_km_2002_2021,72
2002:010_3e630cc803_02c_Moskovskaya-oblast.xls:Sheet1:6005,2002:010_3e630cc803_02c_Moskovskaya-oblast.xls:Sheet1:6005,Мещерино,село,московская,4242.0,55.488237,37.834807,/workspace/settlements-raw/data/raw/historical_geography/geokladr_okato_2011/okato.dbf,d1c8b983f2489724a940bd2a64dedda73b602f6c491d5c09391deaf362fe2650,raw_dbf_record_number_1based=76279;byte_offset_0based=30130515,geokladr_2011_raw_dbf_coordinate,reviewed_extension_rule_accepted,GeoKLADR2011:OKATO:46253831001,2010:010_711691e352_2._20Kostrom_Kur_Lip_Moscow_MoscObl_Orlov_2010.xls:Data Sheet:13435,Мещерино,село,московская,3655.0,55.488237,37.834807,/workspace/settlements-raw/data/raw/historical_geography/geokladr_okato_2011/okato.dbf,d1c8b983f2489724a940bd2a64dedda73b602f6c491d5c09391deaf362fe2650,raw_dbf_record_number_1based=76279;byte_offset_0based=30130515,geokladr_2011_raw_dbf_coordinate,reviewed_extension_rule_accepted,GeoKLADR2011:OKATO:46253831001,2021:data_allsettlements_anon_156_v20251217.parquet:parquet:70360,Мещерино,село,московская,1859.0,55.1967397,38.3583482,/workspace/settlements-raw/data/interim/2021_tochno/data_allsettlements_anon_156_v20251217.parquet,86c197cd522e0b63669e9c6e7f43fd3d82b3704c6a126c800a9968ecd16cae14,"parquet_row_1based=70360;latitude_dadata,longitude_dadata",tochno_2021_dadata_raw_parquet_point,reviewed_rule_accepted,2021:data_allsettlements_anon_156_v20251217.parquet:parquet:70360,0.0,46.33077032668729,46.33077032668729,46.33077032668729,distance_km_2002_2021,73
2002:023_38d853be37_02c_Kaliningrad.xls:Sheet1:284,2002:023_38d853be37_02c_Kaliningrad.xls:Sheet1:284,Рыбное,посёлок,калининградская,389.0,54.6541653,20.6766616,/workspace/settlements-raw/data/interim/2021_tochno/data_allsettlements_anon_156_v20251217.parquet,86c197cd522e0b63669e9c6e7f43fd3d82b3704c6a126c800a9968ecd16cae14,"carrier_target_source_record_id=2021:data_allsettlements_anon_156_v20251217.parquet:parquet:25876;parquet_row_1based=25876;latitude_dadata,longitude_dadata",retrospective_continuity_from_tochno_2021_dadata_raw_parquet_point,reviewed_extension_rule_accepted,2021:data_allsettlements_anon_156_v20251217.parquet:parquet:25876,KAL2010:TOM1:S4:R0306,рыбное,посёлок,калининградская,433.0,54.950821,20.189995,/workspace/settlements-raw/data/raw/historical_geography/geokladr_okato_2011/okato.dbf,d1c8b983f2489724a940bd2a64dedda73b602f6c491d5c09391deaf362fe2650,raw_dbf_record_number_1based=38852;byte_offset_0based=15346850,geokladr_2011_raw_dbf_coordinate,reviewed_extension_rule_accepted,GeoKLADR2011:OKATO:27209816003,2021:data_allsettlements_anon_156_v20251217.parquet:parquet:25876,Рыбное,посёлок,калининградская,1109.0,54.6541653,20.6766616,/workspace/settlements-raw/data/interim/2021_tochno/data_allsettlements_anon_156_v20251217.parquet,86c197cd522e0b63669e9c6e7f43fd3d82b3704c6a126c800a9968ecd16cae14,"parquet_row_1based=25876;latitude_dadata,longitude_dadata",tochno_2021_dadata_raw_parquet_point,reviewed_rule_accepted,2021:data_allsettlements_anon_156_v20251217.parquet:parquet:25876,45.39846398702664,0.0,45.39846398702664,45.39846398702664,distance_km_2002_2010,74
2002:010_3e630cc803_02c_Moskovskaya-oblast.xls:Sheet1:3639,2002:010_3e630cc803_02c_Moskovskaya-oblast.xls:Sheet1:3639,Клин,деревня,московская,4.0,55.64284,36.752149,/workspace/settlements-raw/data/raw/historical_geography/geokladr_okato_2011/okato.dbf,d1c8b983f2489724a940bd2a64dedda73b602f6c491d5c09391deaf362fe2650,raw_dbf_record_number_1based=74213;byte_offset_0based=29314445,geokladr_2011_raw_dbf_coordinate,reviewed_extension_rule_accepted,GeoKLADR2011:OKATO:46238825014,2010:010_711691e352_2._20Kostrom_Kur_Lip_Moscow_MoscObl_Orlov_2010.xls:Data Sheet:11310,Клин,деревня,московская,6.0,55.64284,36.752149,/workspace/settlements-raw/data/raw/historical_geography/geokladr_okato_2011/okato.dbf,d1c8b983f2489724a940bd2a64dedda73b602f6c491d5c09391deaf362fe2650,raw_dbf_record_number_1based=74213;byte_offset_0based=29314445,geokladr_2011_raw_dbf_coordinate,reviewed_extension_rule_accepted,GeoKLADR2011:OKATO:46238825014,2021:data_allsettlements_anon_156_v20251217.parquet:parquet:68327,Клин,деревня,московская,72.0,55.3201387,36.3408789,/workspace/settlements-raw/data/interim/2021_tochno/data_allsettlements_anon_156_v20251217.parquet,86c197cd522e0b63669e9c6e7f43fd3d82b3704c6a126c800a9968ecd16cae14,"parquet_row_1based=68327;latitude_dadata,longitude_dadata",tochno_2021_dadata_raw_parquet_point,reviewed_rule_accepted,2021:data_allsettlements_anon_156_v20251217.parquet:parquet:68327,0.0,44.26203297151604,44.26203297151604,44.26203297151604,distance_km_2002_2021,75
2002:048_4f024587eb_02c_Nizhegorod_obl_new.xls:11:936,2002:048_4f024587eb_02c_Nizhegorod_obl_new.xls:11:936,Высоково,село,нижегородская,89.0,55.6439831,45.0322198,/workspace/settlements-raw/data/interim/2021_tochno/data_allsettlements_anon_156_v20251217.parquet,86c197cd522e0b63669e9c6e7f43fd3d82b3704c6a126c800a9968ecd16cae14,"carrier_target_source_record_id=2021:data_allsettlements_anon_156_v20251217.parquet:parquet:71615;parquet_row_1based=71615;latitude_dadata,longitude_dadata",retrospective_continuity_from_tochno_2021_dadata_raw_parquet_point,reviewed_extension_rule_accepted,2021:data_allsettlements_anon_156_v20251217.parquet:parquet:71615,2010:014_5ca759eea0_5._20Nizheg_Kirov_202010.xls:Data Sheet:499,Высоково,село,нижегородская,48.0,55.93905,44.568658,/workspace/settlements-raw/data/raw/historical_geography/geokladr_okato_2011/okato.dbf,d1c8b983f2489724a940bd2a64dedda73b602f6c491d5c09391deaf362fe2650,raw_dbf_record_number_1based=29846;byte_offset_0based=11789480,geokladr_2011_raw_dbf_coordinate,reviewed_extension_rule_accepted,GeoKLADR2011:OKATO:22212812002,2021:data_allsettlements_anon_156_v20251217.parquet:parquet:71615,Высоково,село,нижегородская,18.0,55.6439831,45.0322198,/workspace/settlements-raw/data/interim/2021_tochno/data_allsettlements_anon_156_v20251217.parquet,86c197cd522e0b63669e9c6e7f43fd3d82b3704c6a126c800a9968ecd16cae14,"parquet_row_1based=71615;latitude_dadata,longitude_dadata",tochno_2021_dadata_raw_parquet_point,reviewed_rule_accepted,2021:data_allsettlements_anon_156_v20251217.parquet:parquet:71615,43.77534313595363,0.0,43.77534313595363,43.77534313595363,distance_km_2002_2010,76
2002:036_81b258bc42_02c_Krasnodarski-krai.xls:11:206,2002:036_81b258bc42_02c_Krasnodarski-krai.xls:11:206,Веселое,село,краснодарский,4134.0,43.417443,40.007384,/workspace/settlements-raw/data/interim/2021_tochno/data_allsettlements_anon_156_v20251217.parquet,86c197cd522e0b63669e9c6e7f43fd3d82b3704c6a126c800a9968ecd16cae14,"parquet_row_1based=46924;latitude_dadata,longitude_dadata",tochno_2021_dadata_raw_parquet_point,reviewed_extension_rule_accepted,2021:data_allsettlements_anon_156_v20251217.parquet:parquet:46924,2010:005_888282bccc_13._20Краснодарский_край_2010.xls:КК:1722,Веселое,село,краснодарский,4137.0,43.741791,39.710228,/workspace/settlements-raw/data/raw/historical_geography/geokladr_okato_2011/okato.dbf,d1c8b983f2489724a940bd2a64dedda73b602f6c491d5c09391deaf362fe2650,DBF_record_1based=3295;DBF_byte_offset_0based=1301835;OKATO2011_raw=03426910005,raw_named_typed_2011_rural_geo_object,reviewed_extension_rule_accepted,GEOKLADR2011:03426910005,2021:data_allsettlements_anon_156_v20251217.parquet:parquet:46924,Веселое,село,краснодарский,5620.0,43.417443,40.007384,/workspace/settlements-raw/data/interim/2021_tochno/data_allsettlements_anon_156_v20251217.parquet,86c197cd522e0b63669e9c6e7f43fd3d82b3704c6a126c800a9968ecd16cae14,"parquet_row_1based=46924;latitude_dadata,longitude_dadata",tochno_2021_dadata_raw_parquet_point,reviewed_rule_accepted,2021:data_allsettlements_anon_156_v20251217.parquet:parquet:46924,43.28618871426305,0.0,43.28618871426305,43.28618871426305,distance_km_2002_2010,77
2002:024_2d3f550c6f_02c_Leningradskaja_obl_new.xls:!!!!!!:1093,2002:024_2d3f550c6f_02c_Leningradskaja_obl_new.xls:!!!!!!:1093,Лебедевка,посёлок,ленинградская,27.0,60.625403,28.949388,/workspace/settlements-raw/data/raw/historical_geography/geokladr_okato_2011/okato.dbf,d1c8b983f2489724a940bd2a64dedda73b602f6c491d5c09391deaf362fe2650,raw_dbf_record_number_1based=67347;byte_offset_0based=26602375,geokladr_2011_raw_dbf_coordinate,reviewed_extension_rule_accepted,GeoKLADR2011:OKATO:41215836010,2010:001_723371ec84_1._20NW_2010.xls:NW:6198,Лебедевка,посёлок,ленинградская,0.0,60.625403,28.949388,/workspace/settlements-raw/data/raw/historical_geography/geokladr_okato_2011/okato.dbf,d1c8b983f2489724a940bd2a64dedda73b602f6c491d5c09391deaf362fe2650,raw_dbf_record_number_1based=67347;byte_offset_0based=26602375,geokladr_2011_raw_dbf_coordinate,reviewed_extension_rule_accepted,GeoKLADR2011:OKATO:41215836010,2021:data_allsettlements_anon_156_v20251217.parquet:parquet:56521,Лебедевка,посёлок,ленинградская,26.0,60.544444,29.719444,/workspace/settlements-raw/data/raw/wikidata_truthy_claims/batch_0120.jsonl.gz,ecd97eebeb21099599bcc6463ccc5ad8aed79c166b9fd64aebe8d7f3f69a4f95,"{""line_number"": 11001, ""locator"": ""batch_0120.jsonl.gz#line=11001"", ""retrieved_at_utc"": ""2026-08-31T20:59:38.118952+00:00"", ""source_file"": ""batch_0120.jsonl.gz"", ""value_raw"": ""POINT(29.719444 60.544444)""}",wikidata_P625_point_claim,reviewed_extension_rule_accepted,Q4255853,0.0,43.00643377735974,43.00643377735974,43.00643377735974,distance_km_2002_2021,78
2002:045_9dc3ed048e_02c__Udmurtia.xls:Sheet1:878,2002:045_9dc3ed048e_02c__Udmurtia.xls:Sheet1:878,Берёзка,посёлок,удмуртская,75.0,57.129733,52.977816,,,,,reviewed_rule_accepted,,2010:017_68e0e4537e_9._20Basq_Mari_Mord_Tatar_Udm_Chuv_2010.xls:!!!:11190,Берёзка,деревня,удмуртская,77.0,57.129733,52.977816,/workspace/settlements-raw/data/raw/historical_geography/geokladr_okato_2011/okato.dbf,d1c8b983f2489724a940bd2a64dedda73b602f6c491d5c09391deaf362fe2650,raw_dbf_record_number_1based=147557;byte_offset_0based=58285325,geokladr_2011_raw_dbf_coordinate,reviewed_extension_rule_accepted,GeoKLADR2011:OKATO:94216815012,2021:data_allsettlements_anon_156_v20251217.parquet:parquet:156041,Березка,деревня,удмуртская,66.0,56.822222,53.365833,/workspace/settlements-raw/data/raw/wikidata_truthy_claims/batch_0108.jsonl.gz,d50bb39b61ead9f80d9c1a312ef22f8f2d89ece8b9cb5794ce111b5dd9ab199d,"{""line_number"": 10424, ""locator"": ""batch_0108.jsonl.gz#line=10424"", ""retrieved_at_utc"": ""2026-08-31T20:59:21.407903+00:00"", ""source_file"": ""batch_0108.jsonl.gz"", ""value_raw"": ""POINT(53.365833 56.822222)""}",wikidata_P625_point_claim,reviewed_extension_rule_accepted,Q4085324,0.0,41.498226785340215,41.498226785340215,41.498226785340215,distance_km_2002_2021,79
2002:057_9b18a354f1_02c_Sverdlovskaja_oblast.xls:Sheet1:415,2002:057_9b18a354f1_02c_Sverdlovskaja_oblast.xls:Sheet1:415,Рычково,село,свердловская,109.0,58.160396,61.720161,/workspace/settlements-raw/data/raw/historical_geography/geokladr_okato_2011/okato.dbf,d1c8b983f2489724a940bd2a64dedda73b602f6c491d5c09391deaf362fe2650,raw_dbf_record_number_1based=108787;byte_offset_0based=42971175,geokladr_2011_raw_dbf_coordinate,reviewed_extension_rule_accepted,GeoKLADR2011:OKATO:65201812003,2010:003_eb441570b1_11._20Урал_ФО_2010.xls:Урал:2835,Рычково,село,свердловская,68.0,58.160396,61.720161,/workspace/settlements-raw/data/raw/historical_geography/geokladr_okato_2011/okato.dbf,d1c8b983f2489724a940bd2a64dedda73b602f6c491d5c09391deaf362fe2650,raw_dbf_record_number_1based=108787;byte_offset_0based=42971175,geokladr_2011_raw_dbf_coordinate,reviewed_extension_rule_accepted,GeoKLADR2011:OKATO:65201812003,2021:data_allsettlements_anon_156_v20251217.parquet:parquet:121198,Рычково,село,свердловская,71.0,57.8294,62.0314,/workspace/settlements-raw/data/raw/wikidata_truthy_claims/batch_0015.jsonl.gz,cad3745110d3760ec8e3d104b2e364923c0b43ea952dce9f5367ee2fbd6b74d2,"{""line_number"": 7000, ""locator"": ""batch_0015.jsonl.gz#line=7000"", ""retrieved_at_utc"": ""2026-08-31T20:57:27.090420+00:00"", ""source_file"": ""batch_0015.jsonl.gz"", ""value_raw"": ""POINT(62.031400 57.829400)""}",wikidata_P625_point_claim,reviewed_extension_rule_accepted,Q15268374,0.0,41.12231211340905,41.12231211340905,41.12231211340905,distance_km_2002_2021,80
2002:023_38d853be37_02c_Kaliningrad.xls:Sheet1:328,2002:023_38d853be37_02c_Kaliningrad.xls:Sheet1:328,Доброе,посёлок,калининградская,119.0,54.7485486,20.7688341,/workspace/settlements-raw/data/interim/2021_tochno/data_allsettlements_anon_156_v20251217.parquet,86c197cd522e0b63669e9c6e7f43fd3d82b3704c6a126c800a9968ecd16cae14,"carrier_target_source_record_id=2021:data_allsettlements_anon_156_v20251217.parquet:parquet:25882;parquet_row_1based=25882;latitude_dadata,longitude_dadata",retrospective_continuity_from_tochno_2021_dadata_raw_parquet_point,reviewed_extension_rule_accepted,2021:data_allsettlements_anon_156_v20251217.parquet:parquet:25882,KAL2010:TOM1:S4:R0314,доброе,посёлок,калининградская,134.0,54.932911,20.22406,/workspace/settlements-raw/data/raw/historical_geography/geokladr_okato_2011/okato.dbf,d1c8b983f2489724a940bd2a64dedda73b602f6c491d5c09391deaf362fe2650,raw_dbf_record_number_1based=38889;byte_offset_0based=15361465,geokladr_2011_raw_dbf_coordinate,reviewed_extension_rule_accepted,GeoKLADR2011:OKATO:27209822006,2021:data_allsettlements_anon_156_v20251217.parquet:parquet:25882,Доброе,посёлок,калининградская,215.0,54.7485486,20.7688341,/workspace/settlements-raw/data/interim/2021_tochno/data_allsettlements_anon_156_v20251217.parquet,86c197cd522e0b63669e9c6e7f43fd3d82b3704c6a126c800a9968ecd16cae14,"parquet_row_1based=25882;latitude_dadata,longitude_dadata",tochno_2021_dadata_raw_parquet_point,reviewed_rule_accepted,2021:data_allsettlements_anon_156_v20251217.parquet:parquet:25882,40.46059614856112,0.0,40.46059614856112,40.46059614856112,distance_km_2002_2010,81
2002:036_81b258bc42_02c_Krasnodarski-krai.xls:11:1621,2002:036_81b258bc42_02c_Krasnodarski-krai.xls:11:1621,Урупский,посёлок,краснодарский,1274.0,44.4539013,41.5713977,/workspace/settlements-raw/data/interim/2021_tochno/data_allsettlements_anon_156_v20251217.parquet,86c197cd522e0b63669e9c6e7f43fd3d82b3704c6a126c800a9968ecd16cae14,"carrier_target_source_record_id=2021:data_allsettlements_anon_156_v20251217.parquet:parquet:45987;parquet_row_1based=45987;latitude_dadata,longitude_dadata",retrospective_continuity_from_tochno_2021_dadata_raw_parquet_point,reviewed_extension_rule_accepted,2021:data_allsettlements_anon_156_v20251217.parquet:parquet:45987,2010:005_888282bccc_13._20Краснодарский_край_2010.xls:КК:988,Урупский,посёлок,краснодарский,1264.0,44.737971,41.252901,/workspace/settlements-raw/data/raw/historical_geography/geokladr_okato_2011/okato.dbf,d1c8b983f2489724a940bd2a64dedda73b602f6c491d5c09391deaf362fe2650,raw_dbf_record_number_1based=2587;byte_offset_0based=1022175,geokladr_2011_raw_dbf_coordinate,reviewed_extension_rule_accepted,GeoKLADR2011:OKATO:03237802009,2021:data_allsettlements_anon_156_v20251217.parquet:parquet:45987,Урупский,посёлок,краснодарский,1363.0,44.4539013,41.5713977,/workspace/settlements-raw/data/interim/2021_tochno/data_allsettlements_anon_156_v20251217.parquet,86c197cd522e0b63669e9c6e7f43fd3d82b3704c6a126c800a9968ecd16cae14,"parquet_row_1based=45987;latitude_dadata,longitude_dadata",tochno_2021_dadata_raw_parquet_point,reviewed_rule_accepted,2021:data_allsettlements_anon_156_v20251217.parquet:parquet:45987,40.41915126242227,0.0,40.41915126242227,40.41915126242227,distance_km_2002_2010,82
2002:036_81b258bc42_02c_Krasnodarski-krai.xls:11:1895,2002:036_81b258bc42_02c_Krasnodarski-krai.xls:11:1895,Калабатка,хутор,краснодарский,55.0,45.5765609,37.7265114,/workspace/settlements-raw/data/interim/2021_tochno/data_allsettlements_anon_156_v20251217.parquet,86c197cd522e0b63669e9c6e7f43fd3d82b3704c6a126c800a9968ecd16cae14,"carrier_target_source_record_id=2021:data_allsettlements_anon_156_v20251217.parquet:parquet:46253;parquet_row_1based=46253;latitude_dadata,longitude_dadata",retrospective_continuity_from_tochno_2021_dadata_raw_parquet_point,reviewed_extension_rule_accepted,2021:data_allsettlements_anon_156_v20251217.parquet:parquet:46253,2010:005_888282bccc_13._20Краснодарский_край_2010.xls:КК:1190,Калабатка,хутор,краснодарский,48.0,45.222778,37.682222,/workspace/settlements-raw/data/raw/historical_geography/geokladr_okato_2011/okato.dbf,d1c8b983f2489724a940bd2a64dedda73b602f6c491d5c09391deaf362fe2650,raw_dbf_record_number_1based=2786;byte_offset_0based=1100780,geokladr_2011_raw_dbf_coordinate,reviewed_extension_rule_accepted,GeoKLADR2011:OKATO:03245829003,2021:data_allsettlements_anon_156_v20251217.parquet:parquet:46253,Калабатка,хутор,краснодарский,48.0,45.5765609,37.7265114,/workspace/settlements-raw/data/interim/2021_tochno/data_allsettlements_anon_156_v20251217.parquet,86c197cd522e0b63669e9c6e7f43fd3d82b3704c6a126c800a9968ecd16cae14,"parquet_row_1based=46253;latitude_dadata,longitude_dadata",tochno_2021_dadata_raw_parquet_point,reviewed_rule_accepted,2021:data_allsettlements_anon_156_v20251217.parquet:parquet:46253,39.49060372698932,0.0,39.49060372698932,39.49060372698932,distance_km_2002_2010,83
2002:047_9960082a3e_02c_Kirovskaja_new.xls:Sheet1:202,2002:047_9960082a3e_02c_Kirovskaja_new.xls:Sheet1:202,Чернушка,деревня,кировская,35.0,57.7440227,48.2661063,/workspace/settlements-raw/data/interim/2021_tochno/data_allsettlements_anon_156_v20251217.parquet,86c197cd522e0b63669e9c6e7f43fd3d82b3704c6a126c800a9968ecd16cae14,"carrier_target_source_record_id=2021:data_allsettlements_anon_156_v20251217.parquet:parquet:33394;parquet_row_1based=33394;latitude_dadata,longitude_dadata",retrospective_continuity_from_tochno_2021_dadata_raw_parquet_point,reviewed_extension_rule_accepted,2021:data_allsettlements_anon_156_v20251217.parquet:parquet:33394,2010:014_5ca759eea0_5._20Nizheg_Kirov_202010.xls:Data Sheet:4944,Чернушка,деревня,кировская,30.0,57.582279,48.821562,/workspace/settlements-raw/data/raw/historical_geography/geokladr_okato_2011/okato.dbf,d1c8b983f2489724a940bd2a64dedda73b602f6c491d5c09391deaf362fe2650,raw_dbf_record_number_1based=53554;byte_offset_0based=21154140,geokladr_2011_raw_dbf_coordinate,reviewed_extension_rule_accepted,GeoKLADR2011:OKATO:33202852013,2021:data_allsettlements_anon_156_v20251217.parquet:parquet:33394,Чернушка,деревня,кировская,17.0,57.7440227,48.2661063,/workspace/settlements-raw/data/interim/2021_tochno/data_allsettlements_anon_156_v20251217.parquet,86c197cd522e0b63669e9c6e7f43fd3d82b3704c6a126c800a9968ecd16cae14,"parquet_row_1based=33394;latitude_dadata,longitude_dadata",tochno_2021_dadata_raw_parquet_point,reviewed_rule_accepted,2021:data_allsettlements_anon_156_v20251217.parquet:parquet:33394,37.61533375069048,0.0,37.61533375069048,37.61533375069048,distance_km_2002_2010,84
2002:047_9960082a3e_02c_Kirovskaja_new.xls:Sheet1:4652,2002:047_9960082a3e_02c_Kirovskaja_new.xls:Sheet1:4652,Талица,село,кировская,935.0,58.0140064,51.5096592,/workspace/settlements-raw/data/interim/2021_tochno/data_allsettlements_anon_156_v20251217.parquet,86c197cd522e0b63669e9c6e7f43fd3d82b3704c6a126c800a9968ecd16cae14,"carrier_target_source_record_id=2021:data_allsettlements_anon_156_v20251217.parquet:parquet:33779;parquet_row_1based=33779;latitude_dadata,longitude_dadata",retrospective_continuity_from_tochno_2021_dadata_raw_parquet_point,reviewed_extension_rule_accepted,2021:data_allsettlements_anon_156_v20251217.parquet:parquet:33779,2010:014_5ca759eea0_5._20Nizheg_Kirov_202010.xls:Data Sheet:8434,Талица,село,кировская,763.0,58.183333,50.966667,/workspace/settlements-raw/data/raw/historical_geography/geokladr_okato_2011/okato.dbf,d1c8b983f2489724a940bd2a64dedda73b602f6c491d5c09391deaf362fe2650,raw_dbf_record_number_1based=56884;byte_offset_0based=22469490,geokladr_2011_raw_dbf_coordinate,reviewed_extension_rule_accepted,GeoKLADR2011:OKATO:33243856001,2021:data_allsettlements_anon_156_v20251217.parquet:parquet:33779,Талица,село,кировская,516.0,58.0140064,51.5096592,/workspace/settlements-raw/data/interim/2021_tochno/data_allsettlements_anon_156_v20251217.parquet,86c197cd522e0b63669e9c6e7f43fd3d82b3704c6a126c800a9968ecd16cae14,"parquet_row_1based=33779;latitude_dadata,longitude_dadata",tochno_2021_dadata_raw_parquet_point,reviewed_rule_accepted,2021:data_allsettlements_anon_156_v20251217.parquet:parquet:33779,37.04816278179369,0.0,37.04816278179369,37.04816278179369,distance_km_2002_2010,85
2002:010_3e630cc803_02c_Moskovskaya-oblast.xls:Sheet1:6011,2002:010_3e630cc803_02c_Moskovskaya-oblast.xls:Sheet1:6011,Городня,село,московская,37.0,54.954429,38.818589,/workspace/settlements-raw/data/raw/historical_geography/geokladr_okato_2011/okato.dbf,d1c8b983f2489724a940bd2a64dedda73b602f6c491d5c09391deaf362fe2650,raw_dbf_record_number_1based=76285;byte_offset_0based=30132885,geokladr_2011_raw_dbf_coordinate,reviewed_extension_rule_accepted,GeoKLADR2011:OKATO:46253831007,2010:010_711691e352_2._20Kostrom_Kur_Lip_Moscow_MoscObl_Orlov_2010.xls:Data Sheet:13424,Городня,село,московская,28.0,54.954429,38.818589,/workspace/settlements-raw/data/raw/historical_geography/geokladr_okato_2011/okato.dbf,d1c8b983f2489724a940bd2a64dedda73b602f6c491d5c09391deaf362fe2650,raw_dbf_record_number_1based=76285;byte_offset_0based=30132885,geokladr_2011_raw_dbf_coordinate,reviewed_extension_rule_accepted,GeoKLADR2011:OKATO:46253831007,2021:data_allsettlements_anon_156_v20251217.parquet:parquet:70278,Городня,село,московская,167.0,55.170281,38.39944,/workspace/settlements-raw/data/interim/2021_tochno/data_allsettlements_anon_156_v20251217.parquet,86c197cd522e0b63669e9c6e7f43fd3d82b3704c6a126c800a9968ecd16cae14,"parquet_row_1based=70278;latitude_dadata,longitude_dadata",tochno_2021_dadata_raw_parquet_point,reviewed_rule_accepted,2021:data_allsettlements_anon_156_v20251217.parquet:parquet:70278,0.0,35.89564502200114,35.89564502200114,35.89564502200114,distance_km_2002_2021,86
2002:010_3e630cc803_02c_Moskovskaya-oblast.xls:Sheet1:4634,2002:010_3e630cc803_02c_Moskovskaya-oblast.xls:Sheet1:4634,Меньшово,деревня,московская,16.0,55.399918,38.23957,/workspace/settlements-raw/data/raw/historical_geography/geokladr_okato_2011/okato.dbf,d1c8b983f2489724a940bd2a64dedda73b602f6c491d5c09391deaf362fe2650,raw_dbf_record_number_1based=75069;byte_offset_0based=29652565,geokladr_2011_raw_dbf_coordinate,reviewed_extension_rule_accepted,GeoKLADR2011:OKATO:46246816017,2010:010_711691e352_2._20Kostrom_Kur_Lip_Moscow_MoscObl_Orlov_2010.xls:Data Sheet:12200,Меньшово,деревня,московская,42.0,55.399918,38.23957,/workspace/settlements-raw/data/raw/historical_geography/geokladr_okato_2011/okato.dbf,d1c8b983f2489724a940bd2a64dedda73b602f6c491d5c09391deaf362fe2650,raw_dbf_record_number_1based=75069;byte_offset_0based=29652565,geokladr_2011_raw_dbf_coordinate,reviewed_extension_rule_accepted,GeoKLADR2011:OKATO:46246816017,2021:data_allsettlements_anon_156_v20251217.parquet:parquet:69269,Меньшово,деревня,московская,60.0,55.317503,37.691361,/workspace/settlements-raw/data/raw/wikidata_truthy_claims/batch_0008.jsonl.gz,14e5efee5e0106aef3014c77102cd8cc80a4c6f799887e204539e3ea3d4ff9a5,"{""line_number"": 12445, ""locator"": ""batch_0008.jsonl.gz#line=12445"", ""retrieved_at_utc"": ""2026-08-31T20:57:18.642183+00:00"", ""source_file"": ""batch_0008.jsonl.gz"", ""value_raw"": ""POINT(37.691361 55.317503)""}",wikidata_P625_point_claim,reviewed_extension_rule_accepted,Q13637349,0.0,35.84208802623294,35.84208802623294,35.84208802623294,distance_km_2002_2021,87
2002:007_acff9aa32d_02c_Kostromskaja.xls:Sheet1:2096,2002:007_acff9aa32d_02c_Kostromskaja.xls:Sheet1:2096,Барановица,деревня,костромская,64.0,58.5401903,45.0980916,/workspace/settlements-raw/data/interim/2021_tochno/data_allsettlements_anon_156_v20251217.parquet,86c197cd522e0b63669e9c6e7f43fd3d82b3704c6a126c800a9968ecd16cae14,"carrier_target_source_record_id=2021:data_allsettlements_anon_156_v20251217.parquet:parquet:41264;parquet_row_1based=41264;latitude_dadata,longitude_dadata",retrospective_continuity_from_tochno_2021_dadata_raw_parquet_point,reviewed_extension_rule_accepted,2021:data_allsettlements_anon_156_v20251217.parquet:parquet:41264,2010:010_711691e352_2._20Kostrom_Kur_Lip_Moscow_MoscObl_Orlov_2010.xls:Data Sheet:1827,Барановица,деревня,костромская,35.0,58.816667,44.783333,/workspace/settlements-raw/data/raw/historical_geography/geokladr_okato_2011/okato.dbf,d1c8b983f2489724a940bd2a64dedda73b602f6c491d5c09391deaf362fe2650,raw_dbf_record_number_1based=59405;byte_offset_0based=23465285,geokladr_2011_raw_dbf_coordinate,reviewed_extension_rule_accepted,GeoKLADR2011:OKATO:34222820002,2021:data_allsettlements_anon_156_v20251217.parquet:parquet:41264,Барановица,деревня,костромская,14.0,58.5401903,45.0980916,/workspace/settlements-raw/data/interim/2021_tochno/data_allsettlements_anon_156_v20251217.parquet,86c197cd522e0b63669e9c6e7f43fd3d82b3704c6a126c800a9968ecd16cae14,"parquet_row_1based=41264;latitude_dadata,longitude_dadata",tochno_2021_dadata_raw_parquet_point,reviewed_rule_accepted,2021:data_allsettlements_anon_156_v20251217.parquet:parquet:41264,35.72318652183298,0.0,35.72318652183298,35.72318652183298,distance_km_2002_2010,88
2002:006_1916564aaa_02c_Kaluzhskaja.xls:Sheet1:3152,2002:006_1916564aaa_02c_Kaluzhskaja.xls:Sheet1:3152,Озерно,село,калужская,88.0,53.7378093,35.8269257,/workspace/settlements-raw/data/interim/2021_tochno/data_allsettlements_anon_156_v20251217.parquet,86c197cd522e0b63669e9c6e7f43fd3d82b3704c6a126c800a9968ecd16cae14,"carrier_target_source_record_id=2021:data_allsettlements_anon_156_v20251217.parquet:parquet:30126;parquet_row_1based=30126;latitude_dadata,longitude_dadata",retrospective_continuity_from_tochno_2021_dadata_raw_parquet_point,reviewed_extension_rule_accepted,2021:data_allsettlements_anon_156_v20251217.parquet:parquet:30126,2010:013_f60b2d2bcf_5._20Belg_Bryan_Vlad_Voron_Ivanov_Kalug_20L1_ethn_2010.xls:Data Sheet:14316,Озерно,село,калужская,60.0,53.81797,35.341164,/workspace/settlements-raw/data/raw/historical_geography/geokladr_okato_2011/okato.dbf,d1c8b983f2489724a940bd2a64dedda73b602f6c491d5c09391deaf362fe2650,raw_dbf_record_number_1based=51765;byte_offset_0based=20447485,geokladr_2011_raw_dbf_coordinate,reviewed_extension_rule_accepted,GeoKLADR2011:OKATO:29242818012,2021:data_allsettlements_anon_156_v20251217.parquet:parquet:30126,Озерно,село,калужская,55.0,53.7378093,35.8269257,/workspace/settlements-raw/data/interim/2021_tochno/data_allsettlements_anon_156_v20251217.parquet,86c197cd522e0b63669e9c6e7f43fd3d82b3704c6a126c800a9968ecd16cae14,"parquet_row_1based=30126;latitude_dadata,longitude_dadata",tochno_2021_dadata_raw_parquet_point,reviewed_rule_accepted,2021:data_allsettlements_anon_156_v20251217.parquet:parquet:30126,33.1391337695092,0.0,33.1391337695092,33.1391337695092,distance_km_2002_2010,89
2002:052_4be37f273b_02c_Komi_perm_AO.xls:Sheet1:567,2002:052_4be37f273b_02c_Komi_perm_AO.xls:Sheet1:567,Демина,деревня,пермский,120.0,59.02898,54.6163538,/workspace/settlements-raw/data/interim/2021_tochno/data_allsettlements_anon_156_v20251217.parquet,86c197cd522e0b63669e9c6e7f43fd3d82b3704c6a126c800a9968ecd16cae14,"carrier_target_source_record_id=2021:data_allsettlements_anon_156_v20251217.parquet:parquet:96508;parquet_row_1based=96508;latitude_dadata,longitude_dadata",retrospective_continuity_from_tochno_2021_dadata_raw_parquet_point,reviewed_extension_rule_accepted,2021:data_allsettlements_anon_156_v20251217.parquet:parquet:96508,2010:016_802d308e41_8._20Or_Penz_Perm_Samar_Saratov_Uly_2010.xls:!!!:4949,Демина,деревня,пермский,108.0,58.818246,54.23116,/workspace/settlements-raw/data/raw/historical_geography/geokladr_okato_2011/okato.dbf,d1c8b983f2489724a940bd2a64dedda73b602f6c491d5c09391deaf362fe2650,raw_dbf_record_number_1based=90513;byte_offset_0based=35752945,geokladr_2011_raw_dbf_coordinate,reviewed_extension_rule_accepted,GeoKLADR2011:OKATO:57121944004,2021:data_allsettlements_anon_156_v20251217.parquet:parquet:96508,Демина,деревня,пермский,105.0,59.02898,54.6163538,/workspace/settlements-raw/data/interim/2021_tochno/data_allsettlements_anon_156_v20251217.parquet,86c197cd522e0b63669e9c6e7f43fd3d82b3704c6a126c800a9968ecd16cae14,"parquet_row_1based=96508;latitude_dadata,longitude_dadata",tochno_2021_dadata_raw_parquet_point,reviewed_rule_accepted,2021:data_allsettlements_anon_156_v20251217.parquet:parquet:96508,32.216164771234524,0.0,32.216164771234524,32.216164771234524,distance_km_2002_2010,90
2002:020_e4f979c6c7_02c_Arxang-new.xls:Sheet1:1154,2002:020_e4f979c6c7_02c_Arxang-new.xls:Sheet1:1154,Грихневская,деревня,архангельская,10.0,61.427543,38.6175097,/workspace/settlements-raw/data/interim/2021_tochno/data_allsettlements_anon_156_v20251217.parquet,86c197cd522e0b63669e9c6e7f43fd3d82b3704c6a126c800a9968ecd16cae14,"carrier_target_source_record_id=2021:data_allsettlements_anon_156_v20251217.parquet:parquet:87074;parquet_row_1based=87074;latitude_dadata,longitude_dadata",retrospective_continuity_from_tochno_2021_dadata_raw_parquet_point,reviewed_extension_rule_accepted,2021:data_allsettlements_anon_156_v20251217.parquet:parquet:87074,ARK2010:archive20131022:html_table1_tr1170,грихневская,деревня,архангельская,4.0,61.695658,38.804281,/workspace/settlements-raw/data/raw/historical_geography/geokladr_okato_2011/okato.dbf,d1c8b983f2489724a940bd2a64dedda73b602f6c491d5c09391deaf362fe2650,raw_dbf_record_number_1based=8552;byte_offset_0based=3378350,geokladr_2011_raw_dbf_coordinate,reviewed_extension_rule_accepted,GeoKLADR2011:OKATO:11218844005,2021:data_allsettlements_anon_156_v20251217.parquet:parquet:87074,Грихневская,деревня,архангельская,2.0,61.427543,38.6175097,/workspace/settlements-raw/data/interim/2021_tochno/data_allsettlements_anon_156_v20251217.parquet,86c197cd522e0b63669e9c6e7f43fd3d82b3704c6a126c800a9968ecd16cae14,"parquet_row_1based=87074;latitude_dadata,longitude_dadata",tochno_2021_dadata_raw_parquet_point,reviewed_rule_accepted,2021:data_allsettlements_anon_156_v20251217.parquet:parquet:87074,31.41066177294178,0.0,31.41066177294178,31.41066177294178,distance_km_2002_2010,91
2002:010_3e630cc803_02c_Moskovskaya-oblast.xls:Sheet1:4106,2002:010_3e630cc803_02c_Moskovskaya-oblast.xls:Sheet1:4106,Дютьково,деревня,московская,7.0,55.5116112,36.6391717,,,,,reviewed_extension_rule_accepted,2021:data_allsettlements_anon_156_v20251217.parquet:parquet:68735,2010:010_711691e352_2._20Kostrom_Kur_Lip_Moscow_MoscObl_Orlov_2010.xls:Data Sheet:11606,Дютьково,деревня,московская,23.0,55.752676,36.80682,/workspace/settlements-raw/data/raw/historical_geography/geokladr_okato_2011/okato.dbf,d1c8b983f2489724a940bd2a64dedda73b602f6c491d5c09391deaf362fe2650,raw_dbf_record_number_1based=74603;byte_offset_0based=29468495,geokladr_2011_raw_dbf_coordinate,reviewed_extension_rule_accepted,GeoKLADR2011:OKATO:46241843009,2021:data_allsettlements_anon_156_v20251217.parquet:parquet:68735,Дютьково,деревня,московская,63.0,55.5116112,36.6391717,/workspace/settlements-raw/data/interim/2021_tochno/data_allsettlements_anon_156_v20251217.parquet,86c197cd522e0b63669e9c6e7f43fd3d82b3704c6a126c800a9968ecd16cae14,"parquet_row_1based=68735;latitude_dadata,longitude_dadata",tochno_2021_dadata_raw_parquet_point,reviewed_rule_accepted,2021:data_allsettlements_anon_156_v20251217.parquet:parquet:68735,28.796845119537835,0.0,28.796845119537835,28.796845119537835,distance_km_2002_2010,92
2002:004_f58b08b4f6_02c_Voronezhskaja.xls:Sheet1:1840,2002:004_f58b08b4f6_02c_Voronezhskaja.xls:Sheet1:1840,Подгорное,слобода,воронежская,3880.0,50.4326558,39.6346969,/workspace/settlements-raw/data/interim/2021_tochno/data_allsettlements_anon_156_v20251217.parquet,86c197cd522e0b63669e9c6e7f43fd3d82b3704c6a126c800a9968ecd16cae14,"carrier_target_source_record_id=2021:data_allsettlements_anon_156_v20251217.parquet:parquet:15380;parquet_row_1based=15380;latitude_dadata,longitude_dadata",retrospective_continuity_from_tochno_2021_dadata_raw_parquet_point,reviewed_extension_rule_accepted,2021:data_allsettlements_anon_156_v20251217.parquet:parquet:15380,2010:013_f60b2d2bcf_5._20Belg_Bryan_Vlad_Voron_Ivanov_Kalug_20L1_ethn_2010.xls:Data Sheet:7931,Подгорное,слобода,воронежская,3787.0,50.183669,39.541307,/workspace/settlements-raw/data/raw/historical_geography/geokladr_okato_2011/okato.dbf,d1c8b983f2489724a940bd2a64dedda73b602f6c491d5c09391deaf362fe2650,raw_dbf_record_number_1based=28760;byte_offset_0based=11360510,geokladr_2011_raw_dbf_coordinate,reviewed_extension_rule_accepted,GeoKLADR2011:OKATO:20241551002,2021:data_allsettlements_anon_156_v20251217.parquet:parquet:15380,Подгорное,слобода,воронежская,3483.0,50.4326558,39.6346969,/workspace/settlements-raw/data/interim/2021_tochno/data_allsettlements_anon_156_v20251217.parquet,86c197cd522e0b63669e9c6e7f43fd3d82b3704c6a126c800a9968ecd16cae14,"parquet_row_1based=15380;latitude_dadata,longitude_dadata",tochno_2021_dadata_raw_parquet_point,reviewed_rule_accepted,2021:data_allsettlements_anon_156_v20251217.parquet:parquet:15380,28.469378209514442,0.0,28.469378209514442,28.469378209514442,distance_km_2002_2010,93
2002:007_acff9aa32d_02c_Kostromskaja.xls:Sheet1:2832,2002:007_acff9aa32d_02c_Kostromskaja.xls:Sheet1:2832,Антропово,деревня,костромская,6.0,58.4077102,43.4945111,/workspace/settlements-raw/data/interim/2021_tochno/data_allsettlements_anon_156_v20251217.parquet,86c197cd522e0b63669e9c6e7f43fd3d82b3704c6a126c800a9968ecd16cae14,"carrier_target_source_record_id=2021:data_allsettlements_anon_156_v20251217.parquet:parquet:41409;parquet_row_1based=41409;latitude_dadata,longitude_dadata",retrospective_continuity_from_tochno_2021_dadata_raw_parquet_point,reviewed_extension_rule_accepted,2021:data_allsettlements_anon_156_v20251217.parquet:parquet:41409,2010:010_711691e352_2._20Kostrom_Kur_Lip_Moscow_MoscObl_Orlov_2010.xls:Data Sheet:2430,Антропово,деревня,костромская,3.0,58.397894,43.008511,/workspace/settlements-raw/data/raw/historical_geography/geokladr_okato_2011/okato.dbf,d1c8b983f2489724a940bd2a64dedda73b602f6c491d5c09391deaf362fe2650,raw_dbf_record_number_1based=60018;byte_offset_0based=23707420,geokladr_2011_raw_dbf_coordinate,reviewed_extension_rule_accepted,GeoKLADR2011:OKATO:34234820002,2021:data_allsettlements_anon_156_v20251217.parquet:parquet:41409,Антропово,деревня,костромская,0.0,58.4077102,43.4945111,/workspace/settlements-raw/data/interim/2021_tochno/data_allsettlements_anon_156_v20251217.parquet,86c197cd522e0b63669e9c6e7f43fd3d82b3704c6a126c800a9968ecd16cae14,"parquet_row_1based=41409;latitude_dadata,longitude_dadata",tochno_2021_dadata_raw_parquet_point,reviewed_rule_accepted,2021:data_allsettlements_anon_156_v20251217.parquet:parquet:41409,28.33534615511756,0.0,28.33534615511756,28.33534615511756,distance_km_2002_2010,94
2002:036_81b258bc42_02c_Krasnodarski-krai.xls:11:625,2002:036_81b258bc42_02c_Krasnodarski-krai.xls:11:625,Бейсуг,посёлок,краснодарский,2593.0,45.7027541,39.8527467,/workspace/settlements-raw/data/interim/2021_tochno/data_allsettlements_anon_156_v20251217.parquet,86c197cd522e0b63669e9c6e7f43fd3d82b3704c6a126c800a9968ecd16cae14,"carrier_target_source_record_id=2021:data_allsettlements_anon_156_v20251217.parquet:parquet:45029;parquet_row_1based=45029;latitude_dadata,longitude_dadata",retrospective_continuity_from_tochno_2021_dadata_raw_parquet_point,reviewed_extension_rule_accepted,2021:data_allsettlements_anon_156_v20251217.parquet:parquet:45029,2010:005_888282bccc_13._20Краснодарский_край_2010.xls:КК:248,Бейсуг,посёлок,краснодарский,2481.0,45.486456,39.715272,/workspace/settlements-raw/data/raw/historical_geography/geokladr_okato_2011/okato.dbf,d1c8b983f2489724a940bd2a64dedda73b602f6c491d5c09391deaf362fe2650,raw_dbf_record_number_1based=1856;byte_offset_0based=733430,geokladr_2011_raw_dbf_coordinate,reviewed_extension_rule_accepted,GeoKLADR2011:OKATO:03212802001,2021:data_allsettlements_anon_156_v20251217.parquet:parquet:45029,Бейсуг,посёлок,краснодарский,2471.0,45.7027541,39.8527467,/workspace/settlements-raw/data/interim/2021_tochno/data_allsettlements_anon_156_v20251217.parquet,86c197cd522e0b63669e9c6e7f43fd3d82b3704c6a126c800a9968ecd16cae14,"parquet_row_1based=45029;latitude_dadata,longitude_dadata",tochno_2021_dadata_raw_parquet_point,reviewed_rule_accepted,2021:data_allsettlements_anon_156_v20251217.parquet:parquet:45029,26.322566610326184,0.0,26.322566610326184,26.322566610326184,distance_km_2002_2010,95
2002:051_46e3ecb0a0_02c_Permskaja_obl.xls:Sheet1:3276,2002:051_46e3ecb0a0_02c_Permskaja_obl.xls:Sheet1:3276,Ключики,хутор,пермский,0.0,58.4990126,54.4453271,/workspace/settlements-raw/data/interim/2021_tochno/data_allsettlements_anon_156_v20251217.parquet,86c197cd522e0b63669e9c6e7f43fd3d82b3704c6a126c800a9968ecd16cae14,"carrier_target_source_record_id=2021:data_allsettlements_anon_156_v20251217.parquet:parquet:97210;parquet_row_1based=97210;latitude_dadata,longitude_dadata",retrospective_continuity_from_tochno_2021_dadata_raw_parquet_point,reviewed_extension_rule_accepted,2021:data_allsettlements_anon_156_v20251217.parquet:parquet:97210,2010:016_802d308e41_8._20Or_Penz_Perm_Samar_Saratov_Uly_2010.xls:!!!:7266,Ключики,хутор,пермский,0.0,58.273456,54.401244,/workspace/settlements-raw/data/raw/historical_geography/geokladr_okato_2011/okato.dbf,d1c8b983f2489724a940bd2a64dedda73b602f6c491d5c09391deaf362fe2650,raw_dbf_record_number_1based=92844;byte_offset_0based=36673690,geokladr_2011_raw_dbf_coordinate,reviewed_extension_rule_accepted,GeoKLADR2011:OKATO:57248832008,2021:data_allsettlements_anon_156_v20251217.parquet:parquet:97210,Ключики,хутор,пермский,0.0,58.4990126,54.4453271,/workspace/settlements-raw/data/interim/2021_tochno/data_allsettlements_anon_156_v20251217.parquet,86c197cd522e0b63669e9c6e7f43fd3d82b3704c6a126c800a9968ecd16cae14,"parquet_row_1based=97210;latitude_dadata,longitude_dadata",tochno_2021_dadata_raw_parquet_point,reviewed_rule_accepted,2021:data_allsettlements_anon_156_v20251217.parquet:parquet:97210,25.21205938379362,0.0,25.21205938379362,25.21205938379362,distance_km_2002_2010,96
2002:057_9b18a354f1_02c_Sverdlovskaja_oblast.xls:Sheet1:370,2002:057_9b18a354f1_02c_Sverdlovskaja_oblast.xls:Sheet1:370,Баяновка,посёлок,свердловская,800.0,60.157875,59.737643,/workspace/settlements-raw/data/raw/historical_geography/geokladr_okato_2011/okato.dbf,d1c8b983f2489724a940bd2a64dedda73b602f6c491d5c09391deaf362fe2650,raw_dbf_record_number_1based=110637;byte_offset_0based=43701925,geokladr_2011_raw_dbf_coordinate,reviewed_extension_rule_accepted,GeoKLADR2011:OKATO:65490000002,2010:003_eb441570b1_11._20Урал_ФО_2010.xls:Урал:4713,Баяновка,посёлок,свердловская,437.0,60.157875,59.737643,/workspace/settlements-raw/data/raw/historical_geography/geokladr_okato_2011/okato.dbf,d1c8b983f2489724a940bd2a64dedda73b602f6c491d5c09391deaf362fe2650,raw_dbf_record_number_1based=110637;byte_offset_0based=43701925,geokladr_2011_raw_dbf_coordinate,reviewed_extension_rule_accepted,GeoKLADR2011:OKATO:65490000002,2021:data_allsettlements_anon_156_v20251217.parquet:parquet:120980,Баяновка,посёлок,свердловская,243.0,60.346376,59.985611,/workspace/settlements-raw/data/raw/wikidata_truthy_claims/batch_0014.jsonl.gz,71a98f81773a7647adc71dd2b9cb0d7a8b182e04418bb81f30ab4e04a0e5f374,"{""line_number"": 8762, ""locator"": ""batch_0014.jsonl.gz#line=8762"", ""retrieved_at_utc"": ""2026-08-31T20:57:26.045576+00:00"", ""source_file"": ""batch_0014.jsonl.gz"", ""value_raw"": ""POINT(59.985611 60.346376)""}",wikidata_P625_point_claim,reviewed_extension_rule_accepted,Q15266442,0.0,25.030202026056312,25.030202026056312,25.030202026056312,distance_km_2002_2021,97
2002:057_9b18a354f1_02c_Sverdlovskaja_oblast.xls:Sheet1:438,2002:057_9b18a354f1_02c_Sverdlovskaja_oblast.xls:Sheet1:438,Калач,посёлок,свердловская,206.0,58.552339,63.027274,/workspace/settlements-raw/data/raw/historical_geography/geokladr_okato_2011/okato.dbf,d1c8b983f2489724a940bd2a64dedda73b602f6c491d5c09391deaf362fe2650,raw_dbf_record_number_1based=108803;byte_offset_0based=42977495,geokladr_2011_raw_dbf_coordinate,reviewed_extension_rule_accepted,GeoKLADR2011:OKATO:65201833001,2010:003_eb441570b1_11._20Урал_ФО_2010.xls:Урал:2852,Калач,посёлок,свердловская,56.0,58.552339,63.027274,/workspace/settlements-raw/data/raw/historical_geography/geokladr_okato_2011/okato.dbf,d1c8b983f2489724a940bd2a64dedda73b602f6c491d5c09391deaf362fe2650,raw_dbf_record_number_1based=108803;byte_offset_0based=42977495,geokladr_2011_raw_dbf_coordinate,reviewed_extension_rule_accepted,GeoKLADR2011:OKATO:65201833001,2021:data_allsettlements_anon_156_v20251217.parquet:parquet:121116,Калач,посёлок,свердловская,10.0,58.333333,63.083333,/workspace/settlements-raw/data/raw/wikidata_truthy_claims/batch_0117.jsonl.gz,6d4fb6fd550445b359921f2c93f23433d1b455af657455bb8beaab2e25f8bcb0,"{""line_number"": 11174, ""locator"": ""batch_0117.jsonl.gz#line=11174"", ""retrieved_at_utc"": ""2026-08-31T20:59:34.120278+00:00"", ""source_file"": ""batch_0117.jsonl.gz"", ""value_raw"": ""POINT(63.083333 58.333333)""}",wikidata_P625_point_claim,reviewed_extension_rule_accepted,Q4209095,0.0,24.569926592467027,24.569926592467027,24.569926592467027,distance_km_2002_2021,98
2002:010_3e630cc803_02c_Moskovskaya-oblast.xls:Sheet1:5444,2002:010_3e630cc803_02c_Moskovskaya-oblast.xls:Sheet1:5444,Новомойгоры,деревня,московская,68.0,54.459467,38.498421,/workspace/settlements-raw/data/raw/historical_geography/geokladr_okato_2011/okato.dbf,d1c8b983f2489724a940bd2a64dedda73b602f6c491d5c09391deaf362fe2650,raw_dbf_record_number_1based=75802;byte_offset_0based=29942100,geokladr_2011_raw_dbf_coordinate,reviewed_extension_rule_accepted,GeoKLADR2011:OKATO:46250822022,2010:010_711691e352_2._20Kostrom_Kur_Lip_Moscow_MoscObl_Orlov_2010.xls:Data Sheet:12939,Новомойгоры,деревня,московская,61.0,54.459467,38.498421,/workspace/settlements-raw/data/raw/historical_geography/geokladr_okato_2011/okato.dbf,d1c8b983f2489724a940bd2a64dedda73b602f6c491d5c09391deaf362fe2650,raw_dbf_record_number_1based=75802;byte_offset_0based=29942100,geokladr_2011_raw_dbf_coordinate,reviewed_extension_rule_accepted,GeoKLADR2011:OKATO:46250822022,2021:data_allsettlements_anon_156_v20251217.parquet:parquet:70192,Новомойгоры,деревня,московская,49.0,54.529531,38.839221,/workspace/settlements-raw/data/raw/wikidata_truthy_claims/batch_0040.jsonl.gz,8666713b810c4ec76d1030fa89d318673d195ce31d7e60c65449435bd3b86cdd,"{""line_number"": 7542, ""locator"": ""batch_0040.jsonl.gz#line=7542"", ""retrieved_at_utc"": ""2026-08-31T20:57:54.781948+00:00"", ""source_file"": ""batch_0040.jsonl.gz"", ""value_raw"": ""POINT(38.839221 54.529531)""}",wikidata_P625_point_claim,reviewed_extension_rule_accepted,Q18793356,0.0,23.347053455431514,23.347053455431514,23.347053455431514,distance_km_2002_2021,99
2002:010_3e630cc803_02c_Moskovskaya-oblast.xls:Sheet1:5862,2002:010_3e630cc803_02c_Moskovskaya-oblast.xls:Sheet1:5862,Старое,село,московская,75.0,54.959051,38.205204,/workspace/settlements-raw/data/raw/historical_geography/geokladr_okato_2011/okato.dbf,d1c8b983f2489724a940bd2a64dedda73b602f6c491d5c09391deaf362fe2650,DBF_record_1based=76149;DBF_byte_offset_0based=30079165;OKATO2011_raw=46253802010,raw_named_typed_2011_rural_geo_object,reviewed_extension_rule_accepted,GEOKLADR2011:46253802010,2010:010_711691e352_2._20Kostrom_Kur_Lip_Moscow_MoscObl_Orlov_2010.xls:Data Sheet:13445,Старое,село,московская,55.0,55.1651354,38.2616747,/workspace/settlements-raw/data/interim/2021_tochno/data_allsettlements_anon_156_v20251217.parquet,86c197cd522e0b63669e9c6e7f43fd3d82b3704c6a126c800a9968ecd16cae14,"parquet_row_1based=70421;latitude_dadata,longitude_dadata",tochno_2021_dadata_raw_parquet_point,reviewed_extension_rule_accepted,2021:data_allsettlements_anon_156_v20251217.parquet:parquet:70421,2021:data_allsettlements_anon_156_v20251217.parquet:parquet:70421,Старое,село,московская,59.0,55.1651354,38.2616747,/workspace/settlements-raw/data/interim/2021_tochno/data_allsettlements_anon_156_v20251217.parquet,86c197cd522e0b63669e9c6e7f43fd3d82b3704c6a126c800a9968ecd16cae14,"parquet_row_1based=70421;latitude_dadata,longitude_dadata",tochno_2021_dadata_raw_parquet_point,reviewed_rule_accepted,2021:data_allsettlements_anon_156_v20251217.parquet:parquet:70421,23.196011932401298,23.196011932401298,0.0,23.196011932401298,distance_km_2002_2010,100
