qid,sid,name,hold_reason
Q1050596,2021:data_allsettlements_anon_156_v20251217.parquet:parquet:144261,Шафраново,existing_component_point_hard_conflict
Q1747451,2021:data_allsettlements_anon_156_v20251217.parquet:parquet:18540,Валдгейм,existing_component_point_hard_conflict
Q4057114,2021:data_allsettlements_anon_156_v20251217.parquet:parquet:59757,свх. Агроном,population_item_current_own_binding_not_positive;missing_or_conflicting_actual_secondary_census_2002
Q4373627,2021:data_allsettlements_anon_156_v20251217.parquet:parquet:118365,имени Карла Маркса,population_item_current_own_binding_not_positive
Q19804685,2021:data_allsettlements_anon_156_v20251217.parquet:parquet:15476,ВНИИСС,missing_or_conflicting_actual_secondary_census_2002
Q4200196,2021:data_allsettlements_anon_156_v20251217.parquet:parquet:17008,Имени К.Маркса,population_item_current_own_binding_not_positive
Q18408349,2021:data_allsettlements_anon_156_v20251217.parquet:parquet:15861,2-го участка института им. Докучаева,population_item_current_own_binding_not_positive;missing_or_conflicting_actual_secondary_census_2002
Q14620456,2021:data_allsettlements_anon_156_v20251217.parquet:parquet:14861,"совхоза ""Воронежский""",population_item_current_own_binding_not_positive;missing_or_conflicting_actual_secondary_census_2002
Q21672407,2021:data_allsettlements_anon_156_v20251217.parquet:parquet:127687,Пересыпкино 1-е,population_item_current_own_binding_not_positive
Q3268255,2021:data_allsettlements_anon_156_v20251217.parquet:parquet:16358,Львовский No1,population_item_current_own_binding_not_positive
Q13664502,2021:data_allsettlements_anon_156_v20251217.parquet:parquet:14745,"совхоза ""2-я Пятилетка""",population_item_current_own_binding_not_positive;missing_or_conflicting_actual_secondary_census_2002
Q20026941,2021:data_allsettlements_anon_156_v20251217.parquet:parquet:143478,Нефтяников,missing_or_conflicting_actual_secondary_census_2002
Q1054141,2021:data_allsettlements_anon_156_v20251217.parquet:parquet:144971,Центральной усадьбы племзавода имени Максима Горького,population_item_current_own_binding_not_positive
Q21669485,2021:data_allsettlements_anon_156_v20251217.parquet:parquet:128048,имени Калинина,population_item_current_own_binding_not_positive
Q21672406,2021:data_allsettlements_anon_156_v20251217.parquet:parquet:127689,Пересыпкино 2-е,population_item_current_own_binding_not_positive
Q21673309,2021:data_allsettlements_anon_156_v20251217.parquet:parquet:28088,"Совхоз ""Чаусово""",population_item_current_own_binding_not_positive;missing_or_conflicting_actual_secondary_census_2002
Q1052178,2021:data_allsettlements_anon_156_v20251217.parquet:parquet:144672,2-е Иткулово,population_item_current_own_binding_not_positive
Q18800734,2021:data_allsettlements_anon_156_v20251217.parquet:parquet:95384,"Центральная усадьба свх. ""Серп и Молот""",population_item_current_own_binding_not_positive
Q4413948,2021:data_allsettlements_anon_156_v20251217.parquet:parquet:148716,станции Юматово,population_item_current_own_binding_not_positive
Q4477287,2021:data_allsettlements_anon_156_v20251217.parquet:parquet:121334,Кора,population_item_current_own_binding_not_positive;missing_or_conflicting_actual_secondary_census_2010
Q18805860,2021:data_allsettlements_anon_156_v20251217.parquet:parquet:95495,"Центральная Усадьба свх. ""Надеждинский""",population_item_current_own_binding_not_positive
Q4238686,2021:data_allsettlements_anon_156_v20251217.parquet:parquet:18249,Красное,population_item_current_own_binding_not_positive
Q23876722,2021:data_allsettlements_anon_156_v20251217.parquet:parquet:150894,станция Присады,population_item_current_own_binding_not_positive
Q21673308,2021:data_allsettlements_anon_156_v20251217.parquet:parquet:27984,"Совхоз ""Победа""",population_item_current_own_binding_not_positive
Q18797643,2021:data_allsettlements_anon_156_v20251217.parquet:parquet:133254,Нефтебаза,population_item_current_own_binding_not_positive;missing_or_conflicting_actual_secondary_census_2002
Q13664972,2021:data_allsettlements_anon_156_v20251217.parquet:parquet:14732,санатория им. Цюрупы,population_item_current_own_binding_not_positive;missing_or_conflicting_actual_secondary_census_2002
Q27536442,2021:data_allsettlements_anon_156_v20251217.parquet:parquet:119125,"""Тинаки 2-ые""",population_item_current_own_binding_not_positive;missing_or_conflicting_actual_secondary_census_2002
Q27578393,2021:data_allsettlements_anon_156_v20251217.parquet:parquet:51238,Шахматова,existing_component_point_hard_conflict
Q4158806,2021:data_allsettlements_anon_156_v20251217.parquet:parquet:144043,станции Альмухаметово,population_item_current_own_binding_not_positive
Q19826895,2021:data_allsettlements_anon_156_v20251217.parquet:parquet:15864,3-го участка института им. Докучаева,population_item_current_own_binding_not_positive;missing_or_conflicting_actual_secondary_census_2002
Q23847570,2021:data_allsettlements_anon_156_v20251217.parquet:parquet:150762,Круглянский,missing_or_conflicting_actual_secondary_census_2002
Q13205577,2021:data_allsettlements_anon_156_v20251217.parquet:parquet:130808,железнодорожного разъезда Лащи,population_item_current_own_binding_not_positive;missing_or_conflicting_actual_secondary_census_2002
Q18792685,2021:data_allsettlements_anon_156_v20251217.parquet:parquet:158178,станция Никулино,population_item_current_own_binding_not_positive;missing_or_conflicting_actual_secondary_census_2002
Q25730245,2021:data_allsettlements_anon_156_v20251217.parquet:parquet:83637,имени Комиссарова,population_item_current_own_binding_not_positive;missing_or_conflicting_actual_secondary_census_2002
Q19826893,2021:data_allsettlements_anon_156_v20251217.parquet:parquet:15863,1-го участка института им. Докучаева,population_item_current_own_binding_not_positive;missing_or_conflicting_actual_secondary_census_2002
Q20031428,2021:data_allsettlements_anon_156_v20251217.parquet:parquet:143481,5 км,population_item_current_own_binding_not_positive;missing_or_conflicting_actual_secondary_census_2002
Q25732165,2021:data_allsettlements_anon_156_v20251217.parquet:parquet:83081,имени Чапаева,population_item_current_own_binding_not_positive;missing_or_conflicting_actual_secondary_census_2002
Q27579094,2021:data_allsettlements_anon_156_v20251217.parquet:parquet:51412,Нефтяников,population_item_current_own_binding_not_positive;missing_or_conflicting_actual_secondary_census_2002
Q20580608,2021:data_allsettlements_anon_156_v20251217.parquet:parquet:130563,Большие Лызи 1 часть,population_item_current_own_binding_not_positive;missing_or_conflicting_actual_secondary_census_2010
Q19826956,2021:data_allsettlements_anon_156_v20251217.parquet:parquet:15803,Кондрашёвка,population_item_current_own_binding_not_positive;missing_or_conflicting_actual_secondary_census_2002
Q13664970,2021:data_allsettlements_anon_156_v20251217.parquet:parquet:14731,подсобного хозяйства санатория им.Цюрупы,population_item_current_own_binding_not_positive;missing_or_conflicting_actual_secondary_census_2002
Q4158801,2021:data_allsettlements_anon_156_v20251217.parquet:parquet:149362,станции Карманово,population_item_current_own_binding_not_positive
Q18780325,2021:data_allsettlements_anon_156_v20251217.parquet:parquet:114805,имени Клары Цеткин,population_item_current_own_binding_not_positive;missing_or_conflicting_actual_secondary_census_2002
Q28482905,2021:data_allsettlements_anon_156_v20251217.parquet:parquet:153287,Оттук-Даш,missing_or_conflicting_actual_secondary_census_2002
Q23953606,2021:data_allsettlements_anon_156_v20251217.parquet:parquet:93288,Кубань,existing_component_point_hard_conflict
Q1050168,2021:data_allsettlements_anon_156_v20251217.parquet:parquet:144166,санатория имени Чехова,population_item_current_own_binding_not_positive
Q1053240,2021:data_allsettlements_anon_156_v20251217.parquet:parquet:144661,2-е Туркменево,population_item_current_own_binding_not_positive
Q25726671,2021:data_allsettlements_anon_156_v20251217.parquet:parquet:84016,Сибиляково,missing_or_conflicting_actual_secondary_census_2002
Q28513905,2021:data_allsettlements_anon_156_v20251217.parquet:parquet:19245,Курилжа,population_item_current_own_binding_not_positive;missing_or_conflicting_actual_secondary_census_2010
Q1057119,2021:data_allsettlements_anon_156_v20251217.parquet:parquet:145460,Чулпан 2-й,population_item_current_own_binding_not_positive
Q97172716,2021:data_allsettlements_anon_156_v20251217.parquet:parquet:98278,"дом отдыха ""Сокол""",population_item_current_own_binding_not_positive;missing_or_conflicting_actual_secondary_census_2010
Q1066561,2021:data_allsettlements_anon_156_v20251217.parquet:parquet:147195,Сысканово (Бакчалы),population_item_current_own_binding_not_positive
Q4158807,2021:data_allsettlements_anon_156_v20251217.parquet:parquet:147105,станции Кабаково,population_item_current_own_binding_not_positive
Q4468064,2021:data_allsettlements_anon_156_v20251217.parquet:parquet:125814,Темкино,missing_or_conflicting_actual_secondary_census_2002
Q32362847,2021:data_allsettlements_anon_156_v20251217.parquet:parquet:82771,Осокино,missing_or_conflicting_actual_secondary_census_2002
Q18768175,2021:data_allsettlements_anon_156_v20251217.parquet:parquet:88106,Бор,missing_or_conflicting_actual_secondary_census_2010
Q4237163,2021:data_allsettlements_anon_156_v20251217.parquet:parquet:8849,Коштуги,missing_or_conflicting_actual_secondary_census_2002
Q13208758,2021:data_allsettlements_anon_156_v20251217.parquet:parquet:163528,Новая Деревня,missing_or_conflicting_actual_secondary_census_2010
Q18797938,2021:data_allsettlements_anon_156_v20251217.parquet:parquet:116297,Привольный,missing_or_conflicting_actual_secondary_census_2002
Q13648201,2021:data_allsettlements_anon_156_v20251217.parquet:parquet:14190,Тулучеевка,population_item_current_own_binding_not_positive;missing_or_conflicting_actual_secondary_census_2002
Q21670453,2021:data_allsettlements_anon_156_v20251217.parquet:parquet:128396,Малое Монтвидово,missing_or_conflicting_actual_secondary_census_2002
Q17297578,2021:data_allsettlements_anon_156_v20251217.parquet:parquet:61808,Ошутъялы,missing_or_conflicting_actual_secondary_census_2002
Q19822420,2021:data_allsettlements_anon_156_v20251217.parquet:parquet:14997,Ленина,population_item_current_own_binding_not_positive;missing_or_conflicting_actual_secondary_census_2002
Q14621105,2021:data_allsettlements_anon_156_v20251217.parquet:parquet:130611,Большие Лызи 2 часть,population_item_current_own_binding_not_positive;missing_or_conflicting_actual_secondary_census_2010
Q23839355,2021:data_allsettlements_anon_156_v20251217.parquet:parquet:150415,"База Отдыха ""Металлург""",population_item_current_own_binding_not_positive
Q27560011,2021:data_allsettlements_anon_156_v20251217.parquet:parquet:27495,"Подсобного хозяйства дома отдыха ""Балабаново""",population_item_current_own_binding_not_positive
Q15255120,2021:data_allsettlements_anon_156_v20251217.parquet:parquet:161247,"Тактыбай, остановочный пункт",population_item_current_own_binding_not_positive
Q19805769,2021:data_allsettlements_anon_156_v20251217.parquet:parquet:15281,Тойда 2-я,missing_or_conflicting_actual_secondary_census_2002
Q4263176,2021:data_allsettlements_anon_156_v20251217.parquet:parquet:131487,Русаковского лесничества,population_item_current_own_binding_not_positive;missing_or_conflicting_actual_secondary_census_2002
Q15360985,2021:data_allsettlements_anon_156_v20251217.parquet:parquet:36561,Холуново,population_item_current_own_binding_not_positive;missing_or_conflicting_actual_secondary_census_2002
Q18764449,2021:data_allsettlements_anon_156_v20251217.parquet:parquet:31211,при 7 шлюзе ББК,population_item_current_own_binding_not_positive
Q13205930,2021:data_allsettlements_anon_156_v20251217.parquet:parquet:130021,имени Мулланура Вахитова,population_item_current_own_binding_not_positive;missing_or_conflicting_actual_secondary_census_2002
Q21672530,2021:data_allsettlements_anon_156_v20251217.parquet:parquet:27988,"Пионерлагерь ""Метростроя""",population_item_current_own_binding_not_positive
Q4110626,2021:data_allsettlements_anon_156_v20251217.parquet:parquet:162158,Видесючь,missing_or_conflicting_actual_secondary_census_2002
Q19814546,2021:data_allsettlements_anon_156_v20251217.parquet:parquet:115403,Новоалександровка,missing_or_conflicting_actual_secondary_census_2002
Q23838552,2021:data_allsettlements_anon_156_v20251217.parquet:parquet:151631,1 Россошинская,missing_or_conflicting_actual_secondary_census_2002
Q19813259,2021:data_allsettlements_anon_156_v20251217.parquet:parquet:85428,Казачий,missing_or_conflicting_actual_secondary_census_2002
Q12159134,2021:data_allsettlements_anon_156_v20251217.parquet:parquet:156930,Сюгаил,missing_or_conflicting_actual_secondary_census_2002
Q1075870,2021:data_allsettlements_anon_156_v20251217.parquet:parquet:148450,Алга,missing_or_conflicting_actual_secondary_census_2010
Q110258608,2021:data_allsettlements_anon_156_v20251217.parquet:parquet:95033,Истоки,missing_or_conflicting_actual_secondary_census_2002
Q4319459,2021:data_allsettlements_anon_156_v20251217.parquet:parquet:145191,Нижняя Ятва (Сланцы),population_item_current_own_binding_not_positive
Q13204384,2021:data_allsettlements_anon_156_v20251217.parquet:parquet:132958,Иганя-Баш,missing_or_conflicting_actual_secondary_census_2002
Q23874879,2021:data_allsettlements_anon_156_v20251217.parquet:parquet:92239,Пешково-Гремяченские Выселки,missing_or_conflicting_actual_secondary_census_2002
Q28514269,2021:data_allsettlements_anon_156_v20251217.parquet:parquet:159808,Мирный,missing_or_conflicting_actual_secondary_census_2002
Q21672047,2021:data_allsettlements_anon_156_v20251217.parquet:parquet:127845,Новопоселенная,missing_or_conflicting_actual_secondary_census_2002
Q18774543,2021:data_allsettlements_anon_156_v20251217.parquet:parquet:114818,Сосенки,missing_or_conflicting_actual_secondary_census_2002
Q18406403,2021:data_allsettlements_anon_156_v20251217.parquet:parquet:18668,Дежневка,existing_component_point_hard_conflict;missing_or_conflicting_actual_secondary_census_2002
Q28482743,2021:data_allsettlements_anon_156_v20251217.parquet:parquet:153171,Катазы,missing_or_conflicting_actual_secondary_census_2002
Q28520806,2021:data_allsettlements_anon_156_v20251217.parquet:parquet:143659,Большой Татош,missing_or_conflicting_actual_secondary_census_2002
Q23953324,2021:data_allsettlements_anon_156_v20251217.parquet:parquet:91172,Рождественно,missing_or_conflicting_actual_secondary_census_2002
Q20152697,2021:data_allsettlements_anon_156_v20251217.parquet:parquet:20126,Яснево,population_item_current_own_binding_not_positive;missing_or_conflicting_actual_secondary_census_2002
Q4374555,2021:data_allsettlements_anon_156_v20251217.parquet:parquet:149441,станции Уршак,population_item_current_own_binding_not_positive;missing_or_conflicting_actual_secondary_census_2002
Q23885073,2021:data_allsettlements_anon_156_v20251217.parquet:parquet:91110,Юрты Нижне-Жерновские,missing_or_conflicting_actual_secondary_census_2002
Q18801605,2021:data_allsettlements_anon_156_v20251217.parquet:parquet:73104,Сосновка,missing_or_conflicting_actual_secondary_census_2010
Q4299543,2021:data_allsettlements_anon_156_v20251217.parquet:parquet:156101,Можвай,missing_or_conflicting_actual_secondary_census_2002
Q21103633,2021:data_allsettlements_anon_156_v20251217.parquet:parquet:412,Дэбэн,missing_or_conflicting_actual_secondary_census_2002
Q13204020,2021:data_allsettlements_anon_156_v20251217.parquet:parquet:163022,Девлетгильдино,missing_or_conflicting_actual_secondary_census_2002
Q19669390,2021:data_allsettlements_anon_156_v20251217.parquet:parquet:117742,Монастырский,missing_or_conflicting_actual_secondary_census_2002
Q21335500,2021:data_allsettlements_anon_156_v20251217.parquet:parquet:175581,Витичь,missing_or_conflicting_actual_secondary_census_2002
Q19720455,2021:data_allsettlements_anon_156_v20251217.parquet:parquet:38843,Весёлый Кут,missing_or_conflicting_actual_secondary_census_2002
Q28518422,2021:data_allsettlements_anon_156_v20251217.parquet:parquet:25283,Тушама,missing_or_conflicting_actual_secondary_census_2002
Q18799510,2021:data_allsettlements_anon_156_v20251217.parquet:parquet:158609,Рыбхоза,missing_or_conflicting_actual_secondary_census_2002
Q15255856,2021:data_allsettlements_anon_156_v20251217.parquet:parquet:160792,Кедровый,missing_or_conflicting_actual_secondary_census_2002
Q20700447,2021:data_allsettlements_anon_156_v20251217.parquet:parquet:170123,Новое,missing_or_conflicting_actual_secondary_census_2010
Q19914188,2021:data_allsettlements_anon_156_v20251217.parquet:parquet:160302,"Мочаги, остановочный пункт",population_item_current_own_binding_not_positive
Q23954203,2021:data_allsettlements_anon_156_v20251217.parquet:parquet:152165,Рудный,missing_or_conflicting_actual_secondary_census_2002
Q4302517,2021:data_allsettlements_anon_156_v20251217.parquet:parquet:100815,Мордовичи,missing_or_conflicting_actual_secondary_census_2002
Q23875336,2021:data_allsettlements_anon_156_v20251217.parquet:parquet:91883,Подлесное,missing_or_conflicting_actual_secondary_census_2002
Q18776575,2021:data_allsettlements_anon_156_v20251217.parquet:parquet:157971,Жедрино,missing_or_conflicting_actual_secondary_census_2002
Q23842555,2021:data_allsettlements_anon_156_v20251217.parquet:parquet:91585,Волобуева,missing_or_conflicting_actual_secondary_census_2002
Q13204702,2021:data_allsettlements_anon_156_v20251217.parquet:parquet:130844,Каинки,missing_or_conflicting_actual_secondary_census_2002
Q23846034,2021:data_allsettlements_anon_156_v20251217.parquet:parquet:151997,Житово-Лихачево,missing_or_conflicting_actual_secondary_census_2002
Q23843024,2021:data_allsettlements_anon_156_v20251217.parquet:parquet:93282,Вышне-Столбецкое,missing_or_conflicting_actual_secondary_census_2002
Q19643473,2021:data_allsettlements_anon_156_v20251217.parquet:parquet:64180,Апполоновка,missing_or_conflicting_actual_secondary_census_2002
Q4368958,2021:data_allsettlements_anon_156_v20251217.parquet:parquet:156111,Пойвай,missing_or_conflicting_actual_secondary_census_2002
Q21641016,2021:data_allsettlements_anon_156_v20251217.parquet:parquet:58982,Ландышевка,missing_or_conflicting_actual_secondary_census_2010
Q4463511,2021:data_allsettlements_anon_156_v20251217.parquet:parquet:72616,Троицкий Скит,post2002_foundation_contradiction;missing_or_conflicting_actual_secondary_census_2002
Q25734055,2021:data_allsettlements_anon_156_v20251217.parquet:parquet:82760,Илюшкино,missing_or_conflicting_actual_secondary_census_2002
Q12163551,2021:data_allsettlements_anon_156_v20251217.parquet:parquet:157007,Ужуиха,missing_or_conflicting_actual_secondary_census_2002
Q22343918,2021:data_allsettlements_anon_156_v20251217.parquet:parquet:60386,Калина-Дубрава,missing_or_conflicting_actual_secondary_census_2002
Q12108543,2021:data_allsettlements_anon_156_v20251217.parquet:parquet:156875,Карамбай,missing_or_conflicting_actual_secondary_census_2002
Q23842254,2021:data_allsettlements_anon_156_v20251217.parquet:parquet:93895,Водоцкое Городище,missing_or_conflicting_actual_secondary_census_2002
Q16021228,2021:data_allsettlements_anon_156_v20251217.parquet:parquet:59210,Колединовка,missing_or_conflicting_actual_secondary_census_2010
Q28504393,2021:data_allsettlements_anon_156_v20251217.parquet:parquet:17979,Санта,missing_or_conflicting_actual_secondary_census_2002
Q18764460,2021:data_allsettlements_anon_156_v20251217.parquet:parquet:31213,при 9 шлюзе ББК,population_item_current_own_binding_not_positive
Q23838568,2021:data_allsettlements_anon_156_v20251217.parquet:parquet:151632,2 Россошинская,missing_or_conflicting_actual_secondary_census_2002
Q18765974,2021:data_allsettlements_anon_156_v20251217.parquet:parquet:89590,Аэропорт Васьково,missing_or_conflicting_actual_secondary_census_2010
Q28520739,2021:data_allsettlements_anon_156_v20251217.parquet:parquet:143721,Верх Куендат,missing_or_conflicting_actual_secondary_census_2002
Q15918982,2021:data_allsettlements_anon_156_v20251217.parquet:parquet:66203,Брёховская,missing_or_conflicting_actual_secondary_census_2002
Q23953539,2021:data_allsettlements_anon_156_v20251217.parquet:parquet:92667,Дарище,missing_or_conflicting_actual_secondary_census_2002
Q4555197,2021:data_allsettlements_anon_156_v20251217.parquet:parquet:131500,Большая Куланга,missing_or_conflicting_actual_secondary_census_2002
Q23841715,2021:data_allsettlements_anon_156_v20251217.parquet:parquet:91689,Василь-Плотка,missing_or_conflicting_actual_secondary_census_2002
Q25506258,2021:data_allsettlements_anon_156_v20251217.parquet:parquet:83337,2595 км,missing_or_conflicting_actual_secondary_census_2002
Q23845914,2021:data_allsettlements_anon_156_v20251217.parquet:parquet:93495,Еньшино,missing_or_conflicting_actual_secondary_census_2002
Q18796387,2021:data_allsettlements_anon_156_v20251217.parquet:parquet:88123,Плесовская,missing_or_conflicting_actual_secondary_census_2010
Q4164419,2021:data_allsettlements_anon_156_v20251217.parquet:parquet:60008,Долгая,missing_or_conflicting_actual_secondary_census_2002
Q19639620,2021:data_allsettlements_anon_156_v20251217.parquet:parquet:155648,Инга,missing_or_conflicting_actual_secondary_census_2002
Q23878020,2021:data_allsettlements_anon_156_v20251217.parquet:parquet:92062,Савинково,missing_or_conflicting_actual_secondary_census_2002
Q18770969,2021:data_allsettlements_anon_156_v20251217.parquet:parquet:73854,Волжское лесничество,missing_or_conflicting_actual_secondary_census_2002
Q19922296,2021:data_allsettlements_anon_156_v20251217.parquet:parquet:138279,"""Брянцево""",population_item_current_own_binding_not_positive;missing_or_conflicting_actual_secondary_census_2002
Q21669339,2021:data_allsettlements_anon_156_v20251217.parquet:parquet:128339,Земетчено,missing_or_conflicting_actual_secondary_census_2002
Q29567756,2021:data_allsettlements_anon_156_v20251217.parquet:parquet:78679,Бор,missing_or_conflicting_actual_secondary_census_2010
Q19812825,2021:data_allsettlements_anon_156_v20251217.parquet:parquet:158191,Дуровка,missing_or_conflicting_actual_secondary_census_2002
Q18806979,2021:data_allsettlements_anon_156_v20251217.parquet:parquet:117422,Шестиворотный,missing_or_conflicting_actual_secondary_census_2002
Q21844941,2021:data_allsettlements_anon_156_v20251217.parquet:parquet:128545,Аненка,missing_or_conflicting_actual_secondary_census_2002
Q19805453,2021:data_allsettlements_anon_156_v20251217.parquet:parquet:15372,Поляна,missing_or_conflicting_actual_secondary_census_2002
Q27595325,2021:data_allsettlements_anon_156_v20251217.parquet:parquet:60029,Грунин-Воргол,population_item_current_own_binding_not_positive;missing_or_conflicting_actual_secondary_census_2002
Q19966413,2021:data_allsettlements_anon_156_v20251217.parquet:parquet:139484,Текстильщик,missing_or_conflicting_actual_secondary_census_2002
Q29625897,2021:data_allsettlements_anon_156_v20251217.parquet:parquet:80280,Взъезды,missing_or_conflicting_actual_secondary_census_2002
Q12098527,2021:data_allsettlements_anon_156_v20251217.parquet:parquet:157122,Гурклудчик,missing_or_conflicting_actual_secondary_census_2002
Q25733217,2021:data_allsettlements_anon_156_v20251217.parquet:parquet:82924,имени Максима Горького,population_item_current_own_binding_not_positive;missing_or_conflicting_actual_secondary_census_2002
Q23976745,2021:data_allsettlements_anon_156_v20251217.parquet:parquet:151652,Малая Рассошка,missing_or_conflicting_actual_secondary_census_2002
Q19848089,2021:data_allsettlements_anon_156_v20251217.parquet:parquet:2014,Красный Якорь,missing_or_conflicting_actual_secondary_census_2002
Q19638091,2021:data_allsettlements_anon_156_v20251217.parquet:parquet:130658,Петровка,missing_or_conflicting_actual_secondary_census_2002
Q24685008,2021:data_allsettlements_anon_156_v20251217.parquet:parquet:60300,Элеватор,missing_or_conflicting_actual_secondary_census_2002
Q19868760,2021:data_allsettlements_anon_156_v20251217.parquet:parquet:132265,Канонерка,missing_or_conflicting_actual_secondary_census_2002
Q4191837,2021:data_allsettlements_anon_156_v20251217.parquet:parquet:155437,Зилай,missing_or_conflicting_actual_secondary_census_2002
Q4417426,2021:data_allsettlements_anon_156_v20251217.parquet:parquet:112322,Серебряный,missing_or_conflicting_actual_secondary_census_2002
Q4533908,2021:data_allsettlements_anon_156_v20251217.parquet:parquet:173684,Южная Развязка,missing_or_conflicting_actual_secondary_census_2002
Q24200025,2021:data_allsettlements_anon_156_v20251217.parquet:parquet:116274,Старухин,missing_or_conflicting_actual_secondary_census_2002
Q22344013,2021:data_allsettlements_anon_156_v20251217.parquet:parquet:159809,Малая Сыя,missing_or_conflicting_actual_secondary_census_2002
Q23846768,2021:data_allsettlements_anon_156_v20251217.parquet:parquet:93607,Ильино-Нагорное,missing_or_conflicting_actual_secondary_census_2002
Q24685411,2021:data_allsettlements_anon_156_v20251217.parquet:parquet:60202,Большая Киреевка,missing_or_conflicting_actual_secondary_census_2002
Q1071130,2021:data_allsettlements_anon_156_v20251217.parquet:parquet:148233,Лесной кордон,population_item_current_own_binding_not_positive
Q23883728,2021:data_allsettlements_anon_156_v20251217.parquet:parquet:91633,Хотетова,missing_or_conflicting_actual_secondary_census_2002
Q18790135,2021:data_allsettlements_anon_156_v20251217.parquet:parquet:74530,Межное-Майдан,missing_or_conflicting_actual_secondary_census_2002
Q18776616,2021:data_allsettlements_anon_156_v20251217.parquet:parquet:130101,железнодорожной станции Кульшарипово,missing_or_conflicting_actual_secondary_census_2010
Q23976720,2021:data_allsettlements_anon_156_v20251217.parquet:parquet:151588,2 БИС Каменецкая,missing_or_conflicting_actual_secondary_census_2002
Q12152255,2021:data_allsettlements_anon_156_v20251217.parquet:parquet:155870,Сергеевка,missing_or_conflicting_actual_secondary_census_2002
Q20160524,2021:data_allsettlements_anon_156_v20251217.parquet:parquet:22586,Старое Леушино,missing_or_conflicting_actual_secondary_census_2002
Q19896984,2021:data_allsettlements_anon_156_v20251217.parquet:parquet:136997,Викторово,missing_or_conflicting_actual_secondary_census_2002
Q4186244,2021:data_allsettlements_anon_156_v20251217.parquet:parquet:60505,Заново,missing_or_conflicting_actual_secondary_census_2010
Q15255745,2021:data_allsettlements_anon_156_v20251217.parquet:parquet:160306,"Система, остановочный пункт",population_item_current_own_binding_not_positive
Q23954036,2021:data_allsettlements_anon_156_v20251217.parquet:parquet:151209,Ново-Никольское,missing_or_conflicting_actual_secondary_census_2002
Q23846978,2021:data_allsettlements_anon_156_v20251217.parquet:parquet:92564,Катушищево,missing_or_conflicting_actual_secondary_census_2002
Q23848655,2021:data_allsettlements_anon_156_v20251217.parquet:parquet:93145,Муратово Второе,missing_or_conflicting_actual_secondary_census_2002
Q23976087,2021:data_allsettlements_anon_156_v20251217.parquet:parquet:93182,Вторая Васильевка,missing_or_conflicting_actual_secondary_census_2002
Q18764451,2021:data_allsettlements_anon_156_v20251217.parquet:parquet:31212,при 8 шлюзе ББК,population_item_current_own_binding_not_positive
Q24636981,2021:data_allsettlements_anon_156_v20251217.parquet:parquet:60140,Бунино,missing_or_conflicting_actual_secondary_census_2002
Q20155282,2021:data_allsettlements_anon_156_v20251217.parquet:parquet:141497,Новые Мартюхи,missing_or_conflicting_actual_secondary_census_2002
Q21845280,2021:data_allsettlements_anon_156_v20251217.parquet:parquet:169904,Большое Ивановское,missing_or_conflicting_actual_secondary_census_2002
Q18783227,2021:data_allsettlements_anon_156_v20251217.parquet:parquet:41851,Куриловский Починок,missing_or_conflicting_actual_secondary_census_2002
Q16321355,2021:data_allsettlements_anon_156_v20251217.parquet:parquet:58584,Пери,missing_or_conflicting_actual_secondary_census_2002
Q23846576,2021:data_allsettlements_anon_156_v20251217.parquet:parquet:93270,Зеновьево,missing_or_conflicting_actual_secondary_census_2002
Q17300375,2021:data_allsettlements_anon_156_v20251217.parquet:parquet:63003,Шулындино,missing_or_conflicting_actual_secondary_census_2002
Q110258649,2021:data_allsettlements_anon_156_v20251217.parquet:parquet:76377,Кодочиги,missing_or_conflicting_actual_secondary_census_2010
Q56309732,2021:data_allsettlements_anon_156_v20251217.parquet:parquet:155280,Чапаевск,missing_or_conflicting_actual_secondary_census_2002
Q18805902,2021:data_allsettlements_anon_156_v20251217.parquet:parquet:158536,Цыповка,missing_or_conflicting_actual_secondary_census_2002
Q18806300,2021:data_allsettlements_anon_156_v20251217.parquet:parquet:74006,Чернуха,missing_or_conflicting_actual_secondary_census_2002
Q109851311,2021:data_allsettlements_anon_156_v20251217.parquet:parquet:155667,Болгуры,missing_or_conflicting_actual_secondary_census_2002
Q29403133,2021:data_allsettlements_anon_156_v20251217.parquet:parquet:78354,Ближнее Заполье,missing_or_conflicting_actual_secondary_census_2002
Q19694102,2021:data_allsettlements_anon_156_v20251217.parquet:parquet:33821,Ивановская 1-я,missing_or_conflicting_actual_secondary_census_2002
Q23878363,2021:data_allsettlements_anon_156_v20251217.parquet:parquet:93554,Свапские Дворы,missing_or_conflicting_actual_secondary_census_2002
Q18766740,2021:data_allsettlements_anon_156_v20251217.parquet:parquet:116241,Береговой,missing_or_conflicting_actual_secondary_census_2002
Q18797781,2021:data_allsettlements_anon_156_v20251217.parquet:parquet:42769,Починок-Чапков,missing_or_conflicting_actual_secondary_census_2002
Q21852011,2021:data_allsettlements_anon_156_v20251217.parquet:parquet:128340,Лисицыно,missing_or_conflicting_actual_secondary_census_2002
Q29567925,2021:data_allsettlements_anon_156_v20251217.parquet:parquet:78536,Шеляйха,missing_or_conflicting_actual_secondary_census_2002
Q24684733,2021:data_allsettlements_anon_156_v20251217.parquet:parquet:60497,Новосеменовка,missing_or_conflicting_actual_secondary_census_2010
Q4527805,2021:data_allsettlements_anon_156_v20251217.parquet:parquet:139286,Шумново,missing_or_conflicting_actual_secondary_census_2002
Q18778871,2021:data_allsettlements_anon_156_v20251217.parquet:parquet:132617,имени Нариманова,missing_or_conflicting_actual_secondary_census_2002
Q23976721,2021:data_allsettlements_anon_156_v20251217.parquet:parquet:151587,2 Каменецкая,missing_or_conflicting_actual_secondary_census_2002
Q19810754,2021:data_allsettlements_anon_156_v20251217.parquet:parquet:132937,Абдрахманово,missing_or_conflicting_actual_secondary_census_2002
Q23976096,2021:data_allsettlements_anon_156_v20251217.parquet:parquet:93399,Богородицкое,missing_or_conflicting_actual_secondary_census_2002
Q18805866,2021:data_allsettlements_anon_156_v20251217.parquet:parquet:41729,Центральный,missing_or_conflicting_actual_secondary_census_2010
Q13203560,2021:data_allsettlements_anon_156_v20251217.parquet:parquet:163354,Буртасы,existing_component_point_hard_conflict;missing_or_conflicting_actual_secondary_census_2002
Q1055981,2021:data_allsettlements_anon_156_v20251217.parquet:parquet:145187,Яндек,post2002_foundation_contradiction
Q25506062,2021:data_allsettlements_anon_156_v20251217.parquet:parquet:82773,2783 км,missing_or_conflicting_actual_secondary_census_2002
Q23870958,2021:data_allsettlements_anon_156_v20251217.parquet:parquet:92982,Нижний Хутор,missing_or_conflicting_actual_secondary_census_2002
Q24200082,2021:data_allsettlements_anon_156_v20251217.parquet:parquet:158350,Моховое,missing_or_conflicting_actual_secondary_census_2002
Q15224532,2021:data_allsettlements_anon_156_v20251217.parquet:parquet:23387,Акбом,missing_or_conflicting_actual_secondary_census_2002
Q4388819,2021:data_allsettlements_anon_156_v20251217.parquet:parquet:156115,Разъезд 13 узкоколейной железной дороги,missing_or_conflicting_actual_secondary_census_2002
Q16023021,2021:data_allsettlements_anon_156_v20251217.parquet:parquet:172847,Раздолье,missing_or_conflicting_actual_secondary_census_2002
Q27555327,2021:data_allsettlements_anon_156_v20251217.parquet:parquet:21166,Дегтярька,missing_or_conflicting_actual_secondary_census_2010
Q23874248,2021:data_allsettlements_anon_156_v20251217.parquet:parquet:91628,Паньшина,missing_or_conflicting_actual_secondary_census_2002
Q19898654,2021:data_allsettlements_anon_156_v20251217.parquet:parquet:97672,Бессоновский,missing_or_conflicting_actual_secondary_census_2002
Q20590652,2021:data_allsettlements_anon_156_v20251217.parquet:parquet:132976,Фермы Саукле,missing_or_conflicting_actual_secondary_census_2002
Q23877845,2021:data_allsettlements_anon_156_v20251217.parquet:parquet:93146,Рубленый Колодец,missing_or_conflicting_actual_secondary_census_2002
Q24684649,2021:data_allsettlements_anon_156_v20251217.parquet:parquet:60524,Урусово,missing_or_conflicting_actual_secondary_census_2010
Q24204053,2021:data_allsettlements_anon_156_v20251217.parquet:parquet:116278,Яшин,missing_or_conflicting_actual_secondary_census_2002
Q12109437,2021:data_allsettlements_anon_156_v20251217.parquet:parquet:157470,Кекоран,missing_or_conflicting_actual_secondary_census_2002
Q18772355,2021:data_allsettlements_anon_156_v20251217.parquet:parquet:94040,Глебовка,missing_or_conflicting_actual_secondary_census_2002
Q23879061,2021:data_allsettlements_anon_156_v20251217.parquet:parquet:92716,Серебряный Колодец,missing_or_conflicting_actual_secondary_census_2002
Q21673322,2021:data_allsettlements_anon_156_v20251217.parquet:parquet:128261,Сокольниковского лесничества,missing_or_conflicting_actual_secondary_census_2002
Q23848701,2021:data_allsettlements_anon_156_v20251217.parquet:parquet:93420,Надежда,missing_or_conflicting_actual_secondary_census_2002
Q18781356,2021:data_allsettlements_anon_156_v20251217.parquet:parquet:57561,Глубокий Ручей,missing_or_conflicting_actual_secondary_census_2002
Q23884194,2021:data_allsettlements_anon_156_v20251217.parquet:parquet:91886,Чермашенские Выселки,missing_or_conflicting_actual_secondary_census_2002
Q4271014,2021:data_allsettlements_anon_156_v20251217.parquet:parquet:148893,Львовка,missing_or_conflicting_actual_secondary_census_2002
Q29402919,2021:data_allsettlements_anon_156_v20251217.parquet:parquet:78380,Запольский Бор,missing_or_conflicting_actual_secondary_census_2002
Q4187353,2021:data_allsettlements_anon_156_v20251217.parquet:parquet:56464,Заречье,missing_or_conflicting_actual_secondary_census_2002
Q18782234,2021:data_allsettlements_anon_156_v20251217.parquet:parquet:158360,Красный Гуляйчик,missing_or_conflicting_actual_secondary_census_2002
Q23874269,2021:data_allsettlements_anon_156_v20251217.parquet:parquet:93036,Парахино,missing_or_conflicting_actual_secondary_census_2002
Q13203852,2021:data_allsettlements_anon_156_v20251217.parquet:parquet:130841,Гаврилково,missing_or_conflicting_actual_secondary_census_2002
Q15363861,2021:data_allsettlements_anon_156_v20251217.parquet:parquet:37488,Никольский Затон,missing_or_conflicting_actual_secondary_census_2002
Q20160514,2021:data_allsettlements_anon_156_v20251217.parquet:parquet:22584,станция Сахтыш,population_item_current_own_binding_not_positive;missing_or_conflicting_actual_secondary_census_2002
Q22344263,2021:data_allsettlements_anon_156_v20251217.parquet:parquet:92799,Шейнский Мост,missing_or_conflicting_actual_secondary_census_2002
Q12169235,2021:data_allsettlements_anon_156_v20251217.parquet:parquet:155508,Чебаны,missing_or_conflicting_actual_secondary_census_2002
Q4528232,2021:data_allsettlements_anon_156_v20251217.parquet:parquet:161699,Шюнда,missing_or_conflicting_actual_secondary_census_2002
Q15253923,2021:data_allsettlements_anon_156_v20251217.parquet:parquet:159928,"Роднички, остановочный пункт",population_item_current_own_binding_not_positive
Q25506068,2021:data_allsettlements_anon_156_v20251217.parquet:parquet:82752,2797 км,missing_or_conflicting_actual_secondary_census_2002
Q20144307,2021:data_allsettlements_anon_156_v20251217.parquet:parquet:20851,Погост Крест,missing_or_conflicting_actual_secondary_census_2002
Q23879526,2021:data_allsettlements_anon_156_v20251217.parquet:parquet:93247,Соломатовка,missing_or_conflicting_actual_secondary_census_2002
Q20046823,2021:data_allsettlements_anon_156_v20251217.parquet:parquet:141432,Щилово,missing_or_conflicting_actual_secondary_census_2002
Q23976017,2021:data_allsettlements_anon_156_v20251217.parquet:parquet:91617,Коротеево,missing_or_conflicting_actual_secondary_census_2002
Q20155326,2021:data_allsettlements_anon_156_v20251217.parquet:parquet:22320,Филяндино,missing_or_conflicting_actual_secondary_census_2002
Q21852828,2021:data_allsettlements_anon_156_v20251217.parquet:parquet:28111,Орион,missing_or_conflicting_actual_secondary_census_2002
Q18783113,2021:data_allsettlements_anon_156_v20251217.parquet:parquet:63128,Кундуштур,missing_or_conflicting_actual_secondary_census_2002
Q23845851,2021:data_allsettlements_anon_156_v20251217.parquet:parquet:93003,Евдокимово,missing_or_conflicting_actual_secondary_census_2002
Q24636896,2021:data_allsettlements_anon_156_v20251217.parquet:parquet:60143,Субочево,missing_or_conflicting_actual_secondary_census_2010
Q22343815,2021:data_allsettlements_anon_156_v20251217.parquet:parquet:59130,Верещагино,missing_or_conflicting_actual_secondary_census_2002
Q24200055,2021:data_allsettlements_anon_156_v20251217.parquet:parquet:116251,Крутенький,missing_or_conflicting_actual_secondary_census_2002
Q13649651,2021:data_allsettlements_anon_156_v20251217.parquet:parquet:14303,Спасское,missing_or_conflicting_actual_secondary_census_2002
Q24638060,2021:data_allsettlements_anon_156_v20251217.parquet:parquet:59368,215 км,missing_or_conflicting_actual_secondary_census_2002
Q15261546,2021:data_allsettlements_anon_156_v20251217.parquet:parquet:38520,Зэрзяыб,missing_or_conflicting_actual_secondary_census_2002
Q15255860,2021:data_allsettlements_anon_156_v20251217.parquet:parquet:160093,Аркаим,missing_or_conflicting_actual_secondary_census_2002
Q4205414,2021:data_allsettlements_anon_156_v20251217.parquet:parquet:161580,Ихарой,missing_or_conflicting_actual_secondary_census_2002
Q4214918,2021:data_allsettlements_anon_156_v20251217.parquet:parquet:31546,Карельская Деревня,post2002_foundation_contradiction;missing_or_conflicting_actual_secondary_census_2002
Q28526388,2021:data_allsettlements_anon_156_v20251217.parquet:parquet:97567,Соловьёво,missing_or_conflicting_actual_secondary_census_2002
Q24637247,2021:data_allsettlements_anon_156_v20251217.parquet:parquet:59724,Ратманово,missing_or_conflicting_actual_secondary_census_2010
Q29567921,2021:data_allsettlements_anon_156_v20251217.parquet:parquet:78478,Бор,missing_or_conflicting_actual_secondary_census_2010
Q23953457,2021:data_allsettlements_anon_156_v20251217.parquet:parquet:91966,Слободской,missing_or_conflicting_actual_secondary_census_2002
Q21669524,2021:data_allsettlements_anon_156_v20251217.parquet:parquet:128097,Казинский лесозавод,missing_or_conflicting_actual_secondary_census_2002
Q1058333,2021:data_allsettlements_anon_156_v20251217.parquet:parquet:145523,Красная Бурна,post2002_foundation_contradiction
Q4539346,2021:data_allsettlements_anon_156_v20251217.parquet:parquet:159528,Ясная Поляна,missing_or_conflicting_actual_secondary_census_2002
Q23953404,2021:data_allsettlements_anon_156_v20251217.parquet:parquet:91613,Егорьевское,missing_or_conflicting_actual_secondary_census_2002
Q23848656,2021:data_allsettlements_anon_156_v20251217.parquet:parquet:93144,Муратово Первое,missing_or_conflicting_actual_secondary_census_2002
Q23872279,2021:data_allsettlements_anon_156_v20251217.parquet:parquet:93505,Новоключниковский,missing_or_conflicting_actual_secondary_census_2002
Q18803952,2021:data_allsettlements_anon_156_v20251217.parquet:parquet:158630,Торфболото,missing_or_conflicting_actual_secondary_census_2002
Q4533890,2021:data_allsettlements_anon_156_v20251217.parquet:parquet:148686,Южная,missing_or_conflicting_actual_secondary_census_2002
Q23872055,2021:data_allsettlements_anon_156_v20251217.parquet:parquet:91754,Ново-Яковлевка,missing_or_conflicting_actual_secondary_census_2002
Q23847806,2021:data_allsettlements_anon_156_v20251217.parquet:parquet:93708,Лебедёк,missing_or_conflicting_actual_secondary_census_2002
Q27589529,2021:data_allsettlements_anon_156_v20251217.parquet:parquet:59279,442 км,missing_or_conflicting_actual_secondary_census_2002
Q4108640,2021:data_allsettlements_anon_156_v20251217.parquet:parquet:161696,Верхний-Бара,missing_or_conflicting_actual_secondary_census_2002
Q23847157,2021:data_allsettlements_anon_156_v20251217.parquet:parquet:91167,Комарёвка,missing_or_conflicting_actual_secondary_census_2002
Q23847583,2021:data_allsettlements_anon_156_v20251217.parquet:parquet:92906,Крутовский,missing_or_conflicting_actual_secondary_census_2002
Q16681279,2021:data_allsettlements_anon_156_v20251217.parquet:parquet:92059,Ново-Сергеевка,missing_or_conflicting_actual_secondary_census_2002
Q18769841,2021:data_allsettlements_anon_156_v20251217.parquet:parquet:95292,Веденяпино,missing_or_conflicting_actual_secondary_census_2002
Q20160478,2021:data_allsettlements_anon_156_v20251217.parquet:parquet:22577,Матренкино,missing_or_conflicting_actual_secondary_census_2002
Q27589528,2021:data_allsettlements_anon_156_v20251217.parquet:parquet:59280,434 км,missing_or_conflicting_actual_secondary_census_2002
Q24485392,2021:data_allsettlements_anon_156_v20251217.parquet:parquet:117444,Глухов,missing_or_conflicting_actual_secondary_census_2002
Q4529771,2021:data_allsettlements_anon_156_v20251217.parquet:parquet:23253,Эгикхал,missing_or_conflicting_actual_secondary_census_2002
Q4349208,2021:data_allsettlements_anon_156_v20251217.parquet:parquet:59987,Первое Мая,missing_or_conflicting_actual_secondary_census_2010
Q24573695,2021:data_allsettlements_anon_156_v20251217.parquet:parquet:58819,Новотроицкое,missing_or_conflicting_actual_secondary_census_2010
Q4255354,2021:data_allsettlements_anon_156_v20251217.parquet:parquet:78966,Лахново,post2002_foundation_contradiction;missing_or_conflicting_actual_secondary_census_2002
Q23841417,2021:data_allsettlements_anon_156_v20251217.parquet:parquet:91865,Будские,missing_or_conflicting_actual_secondary_census_2002
Q18803011,2021:data_allsettlements_anon_156_v20251217.parquet:parquet:116293,Суходол,missing_or_conflicting_actual_secondary_census_2002
Q17121985,2021:data_allsettlements_anon_156_v20251217.parquet:parquet:87577,Парфеньево Левый Берег,population_item_current_own_binding_not_positive
Q4200220,2021:data_allsettlements_anon_156_v20251217.parquet:parquet:111057,имени Сутормина,missing_or_conflicting_actual_secondary_census_2002
Q24573639,2021:data_allsettlements_anon_156_v20251217.parquet:parquet:58883,Требунские Выселки,missing_or_conflicting_actual_secondary_census_2010
Q22343993,2021:data_allsettlements_anon_156_v20251217.parquet:parquet:59492,Лебедево,missing_or_conflicting_actual_secondary_census_2010
Q19669009,2021:data_allsettlements_anon_156_v20251217.parquet:parquet:117446,Новодевичий,missing_or_conflicting_actual_secondary_census_2002
Q4322981,2021:data_allsettlements_anon_156_v20251217.parquet:parquet:44635,Ново- Шангское,population_item_current_own_binding_not_positive
Q4339380,2021:data_allsettlements_anon_156_v20251217.parquet:parquet:59946,Отверг-Студенец,missing_or_conflicting_actual_secondary_census_2010
Q24573687,2021:data_allsettlements_anon_156_v20251217.parquet:parquet:58893,Пеньки,missing_or_conflicting_actual_secondary_census_2010
Q23872962,2021:data_allsettlements_anon_156_v20251217.parquet:parquet:93677,Орешок,missing_or_conflicting_actual_secondary_census_2002
Q27595455,2021:data_allsettlements_anon_156_v20251217.parquet:parquet:60304,Анненка,missing_or_conflicting_actual_secondary_census_2010
Q23840143,2021:data_allsettlements_anon_156_v20251217.parquet:parquet:92190,Берёзово-Воротынский,missing_or_conflicting_actual_secondary_census_2002
Q18783186,2021:data_allsettlements_anon_156_v20251217.parquet:parquet:117480,Курганьков,missing_or_conflicting_actual_secondary_census_2002
Q100223126,2021:data_allsettlements_anon_156_v20251217.parquet:parquet:97789,Адищево,missing_or_conflicting_actual_secondary_census_2002
Q19908115,2021:data_allsettlements_anon_156_v20251217.parquet:parquet:59914,Вишенки,missing_or_conflicting_actual_secondary_census_2010
Q22344206,2021:data_allsettlements_anon_156_v20251217.parquet:parquet:59133,Трастоватский,missing_or_conflicting_actual_secondary_census_2002
Q29567006,2021:data_allsettlements_anon_156_v20251217.parquet:parquet:79883,Толочно,missing_or_conflicting_actual_secondary_census_2002
Q28523376,2021:data_allsettlements_anon_156_v20251217.parquet:parquet:154084,Иска-Чебаково,missing_or_conflicting_actual_secondary_census_2002
Q1057521,2021:data_allsettlements_anon_156_v20251217.parquet:parquet:145310,разъезд Шомыртлы,population_item_current_own_binding_not_positive
Q18779596,2021:data_allsettlements_anon_156_v20251217.parquet:parquet:94009,Кандиевка,missing_or_conflicting_actual_secondary_census_2002
Q4451951,2021:data_allsettlements_anon_156_v20251217.parquet:parquet:23263,Таргим,missing_or_conflicting_actual_secondary_census_2002
Q29567721,2021:data_allsettlements_anon_156_v20251217.parquet:parquet:78862,Лентьево,missing_or_conflicting_actual_secondary_census_2002
Q16720723,2021:data_allsettlements_anon_156_v20251217.parquet:parquet:23223,Шоани,missing_or_conflicting_actual_secondary_census_2002
Q18803220,2021:data_allsettlements_anon_156_v20251217.parquet:parquet:23220,Тамариани,missing_or_conflicting_actual_secondary_census_2002
Q21018539,2021:data_allsettlements_anon_156_v20251217.parquet:parquet:161713,Хозачу,missing_or_conflicting_actual_secondary_census_2002
Q4130101,2021:data_allsettlements_anon_156_v20251217.parquet:parquet:56371,Вьюн,missing_or_conflicting_actual_secondary_census_2002
Q4405346,2021:data_allsettlements_anon_156_v20251217.parquet:parquet:161712,Сакан-Йисте,population_item_current_own_binding_not_positive;missing_or_conflicting_actual_secondary_census_2002
Q18792006,2021:data_allsettlements_anon_156_v20251217.parquet:parquet:155690,Нижневоткинский лесоучасток,missing_or_conflicting_actual_secondary_census_2002
Q4272252,2021:data_allsettlements_anon_156_v20251217.parquet:parquet:161714,Люнки,missing_or_conflicting_actual_secondary_census_2002
Q18769277,2021:data_allsettlements_anon_156_v20251217.parquet:parquet:23224,Бялган,missing_or_conflicting_actual_secondary_census_2002
Q16023049,2021:data_allsettlements_anon_156_v20251217.parquet:parquet:31055,Станция Мянсельга,missing_or_conflicting_actual_secondary_census_2002
Q20471046,2021:data_allsettlements_anon_156_v20251217.parquet:parquet:22000,Село Большое,missing_or_conflicting_actual_secondary_census_2002
Q18802068,2021:data_allsettlements_anon_156_v20251217.parquet:parquet:74005,Старая Сейма,missing_or_conflicting_actual_secondary_census_2002
Q23953793,2021:data_allsettlements_anon_156_v20251217.parquet:parquet:149952,Гритчино,missing_or_conflicting_actual_secondary_census_2002
Q4128067,2021:data_allsettlements_anon_156_v20251217.parquet:parquet:156067,Второй Ижевский лесопункт,missing_or_conflicting_actual_secondary_census_2002
Q4095198,2021:data_allsettlements_anon_156_v20251217.parquet:parquet:161708,Ботурчу,missing_or_conflicting_actual_secondary_census_2002
Q4219324,2021:data_allsettlements_anon_156_v20251217.parquet:parquet:161697,Кенахо,missing_or_conflicting_actual_secondary_census_2002
Q4532626,2021:data_allsettlements_anon_156_v20251217.parquet:parquet:161698,Эрстахо,missing_or_conflicting_actual_secondary_census_2002
Q4086067,2021:data_allsettlements_anon_156_v20251217.parquet:parquet:161709,Бечиги,missing_or_conflicting_actual_secondary_census_2002
Q4171367,2021:data_allsettlements_anon_156_v20251217.parquet:parquet:23239,Духургишт,missing_or_conflicting_actual_secondary_census_2002
Q18773905,2021:data_allsettlements_anon_156_v20251217.parquet:parquet:130141,Гульбакча,missing_or_conflicting_actual_secondary_census_2002
Q4335545,2021:data_allsettlements_anon_156_v20251217.parquet:parquet:102911,Опухлики-2,missing_or_conflicting_actual_secondary_census_2002
Q23846724,2021:data_allsettlements_anon_156_v20251217.parquet:parquet:149924,Ивковичи,missing_or_conflicting_actual_secondary_census_2002
Q4503376,2021:data_allsettlements_anon_156_v20251217.parquet:parquet:161706,Цацах,missing_or_conflicting_actual_secondary_census_2002
Q18794235,2021:data_allsettlements_anon_156_v20251217.parquet:parquet:23251,Озиг,missing_or_conflicting_actual_secondary_census_2002
Q27576814,2021:data_allsettlements_anon_156_v20251217.parquet:parquet:42649,Никольское,missing_or_conflicting_actual_secondary_census_2010
Q23845949,2021:data_allsettlements_anon_156_v20251217.parquet:parquet:149631,Жабынь,missing_or_conflicting_actual_secondary_census_2002
Q18779971,2021:data_allsettlements_anon_156_v20251217.parquet:parquet:23238,Кашети,missing_or_conflicting_actual_secondary_census_2002
Q22344029,2021:data_allsettlements_anon_156_v20251217.parquet:parquet:59316,Михайловка,missing_or_conflicting_actual_secondary_census_2010
Q18796896,2021:data_allsettlements_anon_156_v20251217.parquet:parquet:117705,Подмарев,missing_or_conflicting_actual_secondary_census_2002
Q4529951,2021:data_allsettlements_anon_156_v20251217.parquet:parquet:161705,Эзихо,missing_or_conflicting_actual_secondary_census_2002
Q20121952,2021:data_allsettlements_anon_156_v20251217.parquet:parquet:20679,Дома Радиотранссети,missing_or_conflicting_actual_secondary_census_2002
Q19666778,2021:data_allsettlements_anon_156_v20251217.parquet:parquet:23216,Горбани,missing_or_conflicting_actual_secondary_census_2002
Q18689570,2021:data_allsettlements_anon_156_v20251217.parquet:parquet:23217,Фуртоуг,missing_or_conflicting_actual_secondary_census_2002
Q19685883,2021:data_allsettlements_anon_156_v20251217.parquet:parquet:23276,Кост,missing_or_conflicting_actual_secondary_census_2002
Q16321353,2021:data_allsettlements_anon_156_v20251217.parquet:parquet:58577,Зверинец,missing_or_conflicting_actual_secondary_census_2002
Q16021869,2021:data_allsettlements_anon_156_v20251217.parquet:parquet:58581,Малиновка,missing_or_conflicting_actual_secondary_census_2002
Q20144501,2021:data_allsettlements_anon_156_v20251217.parquet:parquet:21339,Развалиха,missing_or_conflicting_actual_secondary_census_2002
Q18767115,2021:data_allsettlements_anon_156_v20251217.parquet:parquet:23260,Бишт,missing_or_conflicting_actual_secondary_census_2002
Q4199185,2021:data_allsettlements_anon_156_v20251217.parquet:parquet:161750,Илсхан-Юрт,population_item_current_own_binding_not_positive
Q27559977,2021:data_allsettlements_anon_156_v20251217.parquet:parquet:27465,"Совхоз ""Боровский""",population_item_current_own_binding_not_positive
Q3738455,2021:data_allsettlements_anon_156_v20251217.parquet:parquet:72961,им. М.И.Калинина,population_item_current_own_binding_not_positive;missing_or_conflicting_actual_secondary_census_2002;missing_or_conflicting_actual_secondary_census_2010
Q4072970,2021:data_allsettlements_anon_156_v20251217.parquet:parquet:161743,Ахкинчу-Барзой,population_item_current_own_binding_not_positive
Q4537649,2021:data_allsettlements_anon_156_v20251217.parquet:parquet:3952,Яминский,missing_or_conflicting_actual_secondary_census_2002
Q50799,2021:data_allsettlements_anon_156_v20251217.parquet:parquet:56802,Ивановка,population_item_current_own_binding_not_positive;missing_or_conflicting_actual_secondary_census_2002;missing_or_conflicting_actual_secondary_census_2010
Q4366169,2021:data_allsettlements_anon_156_v20251217.parquet:parquet:157,Победа,population_item_current_own_binding_not_positive
Q13204150,2021:data_allsettlements_anon_156_v20251217.parquet:parquet:130067,Елхово,population_item_current_own_binding_not_positive;missing_or_conflicting_actual_secondary_census_2002;missing_or_conflicting_actual_secondary_census_2010
Q1062410,2021:data_allsettlements_anon_156_v20251217.parquet:parquet:146276,имени 8 Марта,population_item_current_own_binding_not_positive
Q4324799,2021:data_allsettlements_anon_156_v20251217.parquet:parquet:121425,Ново-Осетинская,missing_or_conflicting_actual_secondary_census_2010
Q1583741,2021:data_allsettlements_anon_156_v20251217.parquet:parquet:83,Джамбечий,population_item_current_own_binding_not_positive
Q4413951,2021:data_allsettlements_anon_156_v20251217.parquet:parquet:148715,санатория Юматово имени 15-летия БАССР,population_item_current_own_binding_not_positive;missing_or_conflicting_actual_secondary_census_2010
Q4153100,2021:data_allsettlements_anon_156_v20251217.parquet:parquet:161923,Гуш-Корт,population_item_current_own_binding_not_positive
Q18805863,2021:data_allsettlements_anon_156_v20251217.parquet:parquet:117948,"центральная усадьба совхоза ""Выдвиженец""",population_item_current_own_binding_not_positive
Q4494947,2021:data_allsettlements_anon_156_v20251217.parquet:parquet:161932,Хал-Келой,population_item_current_own_binding_not_positive
Q27553795,2021:data_allsettlements_anon_156_v20251217.parquet:parquet:90560,Шелашский,population_item_current_own_binding_not_positive;missing_or_conflicting_actual_secondary_census_2002
Q15266278,2021:data_allsettlements_anon_156_v20251217.parquet:parquet:120400,Аверино,population_item_current_own_binding_not_positive
Q4364966,2021:data_allsettlements_anon_156_v20251217.parquet:parquet:109609,Плешаков,missing_or_conflicting_actual_secondary_census_2002
Q4112698,2021:data_allsettlements_anon_156_v20251217.parquet:parquet:109735,Вишневка,missing_or_conflicting_actual_secondary_census_2002
Q18798696,2021:data_allsettlements_anon_156_v20251217.parquet:parquet:118035,Расловка,population_item_current_own_binding_not_positive;missing_or_conflicting_actual_secondary_census_2002
Q4243104,2021:data_allsettlements_anon_156_v20251217.parquet:parquet:104784,Крюки 2,population_item_current_own_binding_not_positive
Q4081456,2021:data_allsettlements_anon_156_v20251217.parquet:parquet:161924,Бекум-Кали,population_item_current_own_binding_not_positive
Q21103975,2021:data_allsettlements_anon_156_v20251217.parquet:parquet:81749,Нечунаевский,population_item_current_own_binding_not_positive
Q27565242,2021:data_allsettlements_anon_156_v20251217.parquet:parquet:75855,Безводное,missing_or_conflicting_actual_secondary_census_2002;missing_or_conflicting_actual_secondary_census_2010
Q18793966,2021:data_allsettlements_anon_156_v20251217.parquet:parquet:117882,Ободной,population_item_current_own_binding_not_positive
Q4230797,2021:data_allsettlements_anon_156_v20251217.parquet:parquet:161673,Конжахой,population_item_current_own_binding_not_positive
Q28483191,2021:data_allsettlements_anon_156_v20251217.parquet:parquet:19566,Нижняя Алия,population_item_current_own_binding_not_positive;missing_or_conflicting_actual_secondary_census_2002;missing_or_conflicting_actual_secondary_census_2010
Q4199946,2021:data_allsettlements_anon_156_v20251217.parquet:parquet:30796,Ильпырский,population_item_current_own_binding_not_positive
Q16029731,2021:data_allsettlements_anon_156_v20251217.parquet:parquet:28409,Старое Шамордино,population_item_current_own_binding_not_positive
Q20743804,2021:data_allsettlements_anon_156_v20251217.parquet:parquet:81555,39 км Совхозная,population_item_current_own_binding_not_positive
Q15360826,2021:data_allsettlements_anon_156_v20251217.parquet:parquet:34626,подстанция Вятка,population_item_current_own_binding_not_positive;missing_or_conflicting_actual_secondary_census_2002;missing_or_conflicting_actual_secondary_census_2010
Q18780045,2021:data_allsettlements_anon_156_v20251217.parquet:parquet:130297,Курайван,population_item_current_own_binding_not_positive;missing_or_conflicting_actual_secondary_census_2002;missing_or_conflicting_actual_secondary_census_2010
Q28513467,2021:data_allsettlements_anon_156_v20251217.parquet:parquet:19358,Середняя,population_item_current_own_binding_not_positive;missing_or_conflicting_actual_secondary_census_2002;missing_or_conflicting_actual_secondary_census_2010
Q27555656,2021:data_allsettlements_anon_156_v20251217.parquet:parquet:21345,Симониха,population_item_current_own_binding_not_positive;missing_or_conflicting_actual_secondary_census_2002;missing_or_conflicting_actual_secondary_census_2010
Q4093962,2021:data_allsettlements_anon_156_v20251217.parquet:parquet:13521,Борисово,missing_or_conflicting_actual_secondary_census_2002
Q25509511,2021:data_allsettlements_anon_156_v20251217.parquet:parquet:83238,Алексеевка,missing_or_conflicting_actual_secondary_census_2002
Q29405040,2021:data_allsettlements_anon_156_v20251217.parquet:parquet:77135,Дубровка,missing_or_conflicting_actual_secondary_census_2002;missing_or_conflicting_actual_secondary_census_2010
Q21334674,2021:data_allsettlements_anon_156_v20251217.parquet:parquet:81857,Лагунака,population_item_current_own_binding_not_positive
Q4169743,2021:data_allsettlements_anon_156_v20251217.parquet:parquet:124718,Дубровка,missing_or_conflicting_actual_secondary_census_2002;missing_or_conflicting_actual_secondary_census_2010
Q4325387,2021:data_allsettlements_anon_156_v20251217.parquet:parquet:125207,Новосельцы,missing_or_conflicting_actual_secondary_census_2002;missing_or_conflicting_actual_secondary_census_2010
Q18795996,2021:data_allsettlements_anon_156_v20251217.parquet:parquet:75380,Петрово,missing_or_conflicting_actual_secondary_census_2002;missing_or_conflicting_actual_secondary_census_2010
Q13203801,2021:data_allsettlements_anon_156_v20251217.parquet:parquet:162888,Вурманкасы,missing_or_conflicting_actual_secondary_census_2002;missing_or_conflicting_actual_secondary_census_2010
Q13647607,2021:data_allsettlements_anon_156_v20251217.parquet:parquet:6171,Горка,missing_or_conflicting_actual_secondary_census_2002
Q18794704,2021:data_allsettlements_anon_156_v20251217.parquet:parquet:73298,Осиновка,missing_or_conflicting_actual_secondary_census_2002;missing_or_conflicting_actual_secondary_census_2010
Q20177652,2021:data_allsettlements_anon_156_v20251217.parquet:parquet:81486,Тасино,population_item_current_own_binding_not_positive
Q4181466,2021:data_allsettlements_anon_156_v20251217.parquet:parquet:123732,Жуково,missing_or_conflicting_actual_secondary_census_2002;missing_or_conflicting_actual_secondary_census_2010
Q16017148,2021:data_allsettlements_anon_156_v20251217.parquet:parquet:24699,Октябрьский,missing_or_conflicting_actual_secondary_census_2002;missing_or_conflicting_actual_secondary_census_2010
Q18776120,2021:data_allsettlements_anon_156_v20251217.parquet:parquet:88744,Емельяновская,missing_or_conflicting_actual_secondary_census_2002
Q19615365,2021:data_allsettlements_anon_156_v20251217.parquet:parquet:14917,Еланский,missing_or_conflicting_actual_secondary_census_2002
Q16019855,2021:data_allsettlements_anon_156_v20251217.parquet:parquet:165502,Ивановка,missing_or_conflicting_actual_secondary_census_2010
Q13657476,2021:data_allsettlements_anon_156_v20251217.parquet:parquet:171153,Сельцо,missing_or_conflicting_actual_secondary_census_2002;missing_or_conflicting_actual_secondary_census_2010
Q18806478,2021:data_allsettlements_anon_156_v20251217.parquet:parquet:61993,Чодраял,missing_or_conflicting_actual_secondary_census_2002
Q27595391,2021:data_allsettlements_anon_156_v20251217.parquet:parquet:60092,Михайловка,missing_or_conflicting_actual_secondary_census_2002;missing_or_conflicting_actual_secondary_census_2010
Q4059897,2021:data_allsettlements_anon_156_v20251217.parquet:parquet:8875,Аксеново,missing_or_conflicting_actual_secondary_census_2002
Q23846874,2021:data_allsettlements_anon_156_v20251217.parquet:parquet:92031,Каменец,missing_or_conflicting_actual_secondary_census_2002
Q4187382,2021:data_allsettlements_anon_156_v20251217.parquet:parquet:13302,Заречье,missing_or_conflicting_actual_secondary_census_2002
Q16018009,2021:data_allsettlements_anon_156_v20251217.parquet:parquet:24174,Стибутовский,missing_or_conflicting_actual_secondary_census_2002;missing_or_conflicting_actual_secondary_census_2010
Q24573557,2021:data_allsettlements_anon_156_v20251217.parquet:parquet:59062,Никольское 2-е,missing_or_conflicting_actual_secondary_census_2002;missing_or_conflicting_actual_secondary_census_2010
Q4417043,2021:data_allsettlements_anon_156_v20251217.parquet:parquet:59235,Сергиевка 2-я,population_item_current_own_binding_not_positive;missing_or_conflicting_actual_secondary_census_2002;missing_or_conflicting_actual_secondary_census_2010
Q4337758,2021:data_allsettlements_anon_156_v20251217.parquet:parquet:73240,Осиновка,missing_or_conflicting_actual_secondary_census_2002;missing_or_conflicting_actual_secondary_census_2010
Q20588318,2021:data_allsettlements_anon_156_v20251217.parquet:parquet:87553,Осташевская,missing_or_conflicting_actual_secondary_census_2002
Q27538157,2021:data_allsettlements_anon_156_v20251217.parquet:parquet:174415,Первомайский,missing_or_conflicting_actual_secondary_census_2002;missing_or_conflicting_actual_secondary_census_2010
Q27589191,2021:data_allsettlements_anon_156_v20251217.parquet:parquet:54157,Александровка,missing_or_conflicting_actual_secondary_census_2002;missing_or_conflicting_actual_secondary_census_2010
Q20177649,2021:data_allsettlements_anon_156_v20251217.parquet:parquet:81495,Барлак,population_item_current_own_binding_not_positive
Q4065630,2021:data_allsettlements_anon_156_v20251217.parquet:parquet:164979,Андреевка,missing_or_conflicting_actual_secondary_census_2010
Q24558815,2021:data_allsettlements_anon_156_v20251217.parquet:parquet:58690,Никольское,missing_or_conflicting_actual_secondary_census_2002;missing_or_conflicting_actual_secondary_census_2010
Q13656374,2021:data_allsettlements_anon_156_v20251217.parquet:parquet:10135,Павлово,missing_or_conflicting_actual_secondary_census_2002
Q4160894,2021:data_allsettlements_anon_156_v20251217.parquet:parquet:121289,Дзуарикау,missing_or_conflicting_actual_secondary_census_2010
Q4169707,2021:data_allsettlements_anon_156_v20251217.parquet:parquet:78888,Дубровка,missing_or_conflicting_actual_secondary_census_2002;missing_or_conflicting_actual_secondary_census_2010
Q21103976,2021:data_allsettlements_anon_156_v20251217.parquet:parquet:81750,Новостройка,population_item_current_own_binding_not_positive
Q19658827,2021:data_allsettlements_anon_156_v20251217.parquet:parquet:89865,Дубровская,missing_or_conflicting_actual_secondary_census_2002
Q18775140,2021:data_allsettlements_anon_156_v20251217.parquet:parquet:75139,Дроздово,missing_or_conflicting_actual_secondary_census_2002;missing_or_conflicting_actual_secondary_census_2010
Q18771866,2021:data_allsettlements_anon_156_v20251217.parquet:parquet:75366,Вязовка,missing_or_conflicting_actual_secondary_census_2002;missing_or_conflicting_actual_secondary_census_2010
Q18766798,2021:data_allsettlements_anon_156_v20251217.parquet:parquet:87855,Березник,missing_or_conflicting_actual_secondary_census_2002
Q4381992,2021:data_allsettlements_anon_156_v20251217.parquet:parquet:125507,Профилакторий СААЗ,missing_or_conflicting_actual_secondary_census_2002;missing_or_conflicting_actual_secondary_census_2010
Q19815052,2021:data_allsettlements_anon_156_v20251217.parquet:parquet:43223,Ушаково,missing_or_conflicting_actual_secondary_census_2002
Q19857131,2021:data_allsettlements_anon_156_v20251217.parquet:parquet:58637,Воловский 2-й,missing_or_conflicting_actual_secondary_census_2002;missing_or_conflicting_actual_secondary_census_2010
Q4176930,2021:data_allsettlements_anon_156_v20251217.parquet:parquet:11221,Ершово,missing_or_conflicting_actual_secondary_census_2002
Q16017990,2021:data_allsettlements_anon_156_v20251217.parquet:parquet:24028,Верхний,missing_or_conflicting_actual_secondary_census_2002;missing_or_conflicting_actual_secondary_census_2010
Q16017991,2021:data_allsettlements_anon_156_v20251217.parquet:parquet:24069,Дагник,missing_or_conflicting_actual_secondary_census_2002;missing_or_conflicting_actual_secondary_census_2010
Q18787517,2021:data_allsettlements_anon_156_v20251217.parquet:parquet:62368,Лесной,missing_or_conflicting_actual_secondary_census_2002
Q19847664,2021:data_allsettlements_anon_156_v20251217.parquet:parquet:87648,Кулаково-Подгорье,missing_or_conflicting_actual_secondary_census_2002
Q28525957,2021:data_allsettlements_anon_156_v20251217.parquet:parquet:97861,Малое Романово,missing_or_conflicting_actual_secondary_census_2002;missing_or_conflicting_actual_secondary_census_2010
Q27559604,2021:data_allsettlements_anon_156_v20251217.parquet:parquet:22155,Горкино,missing_or_conflicting_actual_secondary_census_2002;missing_or_conflicting_actual_secondary_census_2010
Q4479312,2021:data_allsettlements_anon_156_v20251217.parquet:parquet:24719,Загорье,missing_or_conflicting_actual_secondary_census_2002;missing_or_conflicting_actual_secondary_census_2010
Q4187754,2021:data_allsettlements_anon_156_v20251217.parquet:parquet:59056,Заря,missing_or_conflicting_actual_secondary_census_2002;missing_or_conflicting_actual_secondary_census_2010
Q4468125,2021:data_allsettlements_anon_156_v20251217.parquet:parquet:59234,Тепленькая 1-я,missing_or_conflicting_actual_secondary_census_2002;missing_or_conflicting_actual_secondary_census_2010
Q4369432,2021:data_allsettlements_anon_156_v20251217.parquet:parquet:8983,Покровское,missing_or_conflicting_actual_secondary_census_2002
Q27556376,2021:data_allsettlements_anon_156_v20251217.parquet:parquet:24801,Малая Сухая,missing_or_conflicting_actual_secondary_census_2002;missing_or_conflicting_actual_secondary_census_2010
Q113000588,2021:data_allsettlements_anon_156_v20251217.parquet:parquet:44199,Медведки,missing_or_conflicting_actual_secondary_census_2002
Q18793505,2021:data_allsettlements_anon_156_v20251217.parquet:parquet:57852,Новоселье,missing_or_conflicting_actual_secondary_census_2002;missing_or_conflicting_actual_secondary_census_2010
Q4349463,2021:data_allsettlements_anon_156_v20251217.parquet:parquet:13951,Первомайское,missing_or_conflicting_actual_secondary_census_2002
Q4537648,2021:data_allsettlements_anon_156_v20251217.parquet:parquet:3928,Яминский,missing_or_conflicting_actual_secondary_census_2002
Q19691426,2021:data_allsettlements_anon_156_v20251217.parquet:parquet:57384,Яровщина,missing_or_conflicting_actual_secondary_census_2002;missing_or_conflicting_actual_secondary_census_2010
Q23872627,2021:data_allsettlements_anon_156_v20251217.parquet:parquet:150892,станция Оболенское,population_item_current_own_binding_not_positive;missing_or_conflicting_actual_secondary_census_2002
Q27555337,2021:data_allsettlements_anon_156_v20251217.parquet:parquet:21190,Торохово,missing_or_conflicting_actual_secondary_census_2002;missing_or_conflicting_actual_secondary_census_2010
Q4479319,2021:data_allsettlements_anon_156_v20251217.parquet:parquet:24753,Пушкинский,missing_or_conflicting_actual_secondary_census_2002;missing_or_conflicting_actual_secondary_census_2010
Q24559891,2021:data_allsettlements_anon_156_v20251217.parquet:parquet:5412,Максима Горького,missing_or_conflicting_actual_secondary_census_2002
Q4144361,2021:data_allsettlements_anon_156_v20251217.parquet:parquet:122829,Горки,missing_or_conflicting_actual_secondary_census_2002;missing_or_conflicting_actual_secondary_census_2010
Q4199769,2021:data_allsettlements_anon_156_v20251217.parquet:parquet:13182,Ильинское,missing_or_conflicting_actual_secondary_census_2002
Q18777987,2021:data_allsettlements_anon_156_v20251217.parquet:parquet:76305,Зименки,missing_or_conflicting_actual_secondary_census_2002;missing_or_conflicting_actual_secondary_census_2010
Q19814230,2021:data_allsettlements_anon_156_v20251217.parquet:parquet:76419,Мартяхино,missing_or_conflicting_actual_secondary_census_2002;missing_or_conflicting_actual_secondary_census_2010
Q13663101,2021:data_allsettlements_anon_156_v20251217.parquet:parquet:14726,Дивногорский Монастырь,population_item_current_own_binding_not_positive;missing_or_conflicting_actual_secondary_census_2002
Q18801623,2021:data_allsettlements_anon_156_v20251217.parquet:parquet:74092,Сосновка,missing_or_conflicting_actual_secondary_census_2002;missing_or_conflicting_actual_secondary_census_2010
Q21669444,2021:data_allsettlements_anon_156_v20251217.parquet:parquet:28834,Игнатовское Отделение,population_item_current_own_binding_not_positive
Q18782231,2021:data_allsettlements_anon_156_v20251217.parquet:parquet:94061,Красный Восток,missing_or_conflicting_actual_secondary_census_2002
Q4403952,2021:data_allsettlements_anon_156_v20251217.parquet:parquet:137186,Савино,same_own_QID_multiple_current_native_NPs;missing_or_conflicting_actual_secondary_census_2002
Q13203802,2021:data_allsettlements_anon_156_v20251217.parquet:parquet:162919,Вурманкасы,missing_or_conflicting_actual_secondary_census_2002;missing_or_conflicting_actual_secondary_census_2010
Q27588109,2021:data_allsettlements_anon_156_v20251217.parquet:parquet:53709,Гремячка,missing_or_conflicting_actual_secondary_census_2002;missing_or_conflicting_actual_secondary_census_2010
Q18793494,2021:data_allsettlements_anon_156_v20251217.parquet:parquet:57614,Новоселье,missing_or_conflicting_actual_secondary_census_2002;missing_or_conflicting_actual_secondary_census_2010
Q24558813,2021:data_allsettlements_anon_156_v20251217.parquet:parquet:58699,Никольское,missing_or_conflicting_actual_secondary_census_2002;missing_or_conflicting_actual_secondary_census_2010
Q4369411,2021:data_allsettlements_anon_156_v20251217.parquet:parquet:8984,Покровское,missing_or_conflicting_actual_secondary_census_2002
Q21857603,2021:data_allsettlements_anon_156_v20251217.parquet:parquet:98129,Заборье,missing_or_conflicting_actual_secondary_census_2002;missing_or_conflicting_actual_secondary_census_2010
Q4065879,2021:data_allsettlements_anon_156_v20251217.parquet:parquet:138172,Андрейково,missing_or_conflicting_actual_secondary_census_2002
Q115864136,2021:data_allsettlements_anon_156_v20251217.parquet:parquet:30695,Калашников Хутор,missing_or_conflicting_actual_secondary_census_2002;missing_or_conflicting_actual_secondary_census_2010
Q18792436,2021:data_allsettlements_anon_156_v20251217.parquet:parquet:53422,Николаевка,missing_or_conflicting_actual_secondary_census_2002;missing_or_conflicting_actual_secondary_census_2010
Q16022056,2021:data_allsettlements_anon_156_v20251217.parquet:parquet:59190,Набережная 2-я,missing_or_conflicting_actual_secondary_census_2002;missing_or_conflicting_actual_secondary_census_2010
Q4097952,2021:data_allsettlements_anon_156_v20251217.parquet:parquet:109720,Будановка,missing_or_conflicting_actual_secondary_census_2002
Q4092589,2021:data_allsettlements_anon_156_v20251217.parquet:parquet:11211,Большой Двор,missing_or_conflicting_actual_secondary_census_2002
Q27539116,2021:data_allsettlements_anon_156_v20251217.parquet:parquet:174832,Заречье,missing_or_conflicting_actual_secondary_census_2002;missing_or_conflicting_actual_secondary_census_2010
Q21669400,2021:data_allsettlements_anon_156_v20251217.parquet:parquet:128843,Ивановка,missing_or_conflicting_actual_secondary_census_2002
Q4334321,2021:data_allsettlements_anon_156_v20251217.parquet:parquet:3887,Ольховский,missing_or_conflicting_actual_secondary_census_2002
Q19838664,2021:data_allsettlements_anon_156_v20251217.parquet:parquet:43235,Воскресенское,missing_or_conflicting_actual_secondary_census_2002
Q18797039,2021:data_allsettlements_anon_156_v20251217.parquet:parquet:54233,Пожидаевка,missing_or_conflicting_actual_secondary_census_2002;missing_or_conflicting_actual_secondary_census_2010
Q19906920,2021:data_allsettlements_anon_156_v20251217.parquet:parquet:58757,Александровка,missing_or_conflicting_actual_secondary_census_2002;missing_or_conflicting_actual_secondary_census_2010
Q16022487,2021:data_allsettlements_anon_156_v20251217.parquet:parquet:71092,Павловское,wrong_or_event_physical_grain
Q21643655,2021:data_allsettlements_anon_156_v20251217.parquet:parquet:81903,75 км Кувшинка,population_item_current_own_binding_not_positive
Q4209509,2021:data_allsettlements_anon_156_v20251217.parquet:parquet:109505,Калинин,missing_or_conflicting_actual_secondary_census_2002
Q4389709,2021:data_allsettlements_anon_156_v20251217.parquet:parquet:13332,Раменье,missing_or_conflicting_actual_secondary_census_2002
Q4144302,2021:data_allsettlements_anon_156_v20251217.parquet:parquet:13548,Горка,missing_or_conflicting_actual_secondary_census_2002
Q19691488,2021:data_allsettlements_anon_156_v20251217.parquet:parquet:148064,Тирякле,missing_or_conflicting_actual_secondary_census_2002;missing_or_conflicting_actual_secondary_census_2010
Q18793922,2021:data_allsettlements_anon_156_v20251217.parquet:parquet:61990,Нурсола,missing_or_conflicting_actual_secondary_census_2002
Q18771743,2021:data_allsettlements_anon_156_v20251217.parquet:parquet:73601,Высоково,missing_or_conflicting_actual_secondary_census_2002;missing_or_conflicting_actual_secondary_census_2010
Q4156612,2021:data_allsettlements_anon_156_v20251217.parquet:parquet:171225,Дегтярицы,missing_or_conflicting_actual_secondary_census_2002;missing_or_conflicting_actual_secondary_census_2010
Q4502853,2021:data_allsettlements_anon_156_v20251217.parquet:parquet:31501,Хямекоски,missing_or_conflicting_actual_secondary_census_2002;missing_or_conflicting_actual_secondary_census_2010
Q19813195,2021:data_allsettlements_anon_156_v20251217.parquet:parquet:43242,Ильинское,missing_or_conflicting_actual_secondary_census_2002
Q4483968,2021:data_allsettlements_anon_156_v20251217.parquet:parquet:7186,Филинская,missing_or_conflicting_actual_secondary_census_2002
Q18797504,2021:data_allsettlements_anon_156_v20251217.parquet:parquet:75315,Попово,missing_or_conflicting_actual_secondary_census_2002;missing_or_conflicting_actual_secondary_census_2010
Q19814486,2021:data_allsettlements_anon_156_v20251217.parquet:parquet:75867,Никитино,missing_or_conflicting_actual_secondary_census_2002;missing_or_conflicting_actual_secondary_census_2010
Q4144276,2021:data_allsettlements_anon_156_v20251217.parquet:parquet:77570,Горка,missing_or_conflicting_actual_secondary_census_2002;missing_or_conflicting_actual_secondary_census_2010
Q25509115,2021:data_allsettlements_anon_156_v20251217.parquet:parquet:82685,Северный,missing_or_conflicting_actual_secondary_census_2002
Q18787631,2021:data_allsettlements_anon_156_v20251217.parquet:parquet:89502,Лингостров,missing_or_conflicting_actual_secondary_census_2002
Q23839042,2021:data_allsettlements_anon_156_v20251217.parquet:parquet:91894,Андреевка,missing_or_conflicting_actual_secondary_census_2002
Q4182699,2021:data_allsettlements_anon_156_v20251217.parquet:parquet:125161,Заборье,missing_or_conflicting_actual_secondary_census_2002;missing_or_conflicting_actual_secondary_census_2010
Q4466179,2021:data_allsettlements_anon_156_v20251217.parquet:parquet:125304,Туркомплекс Соколья Гора,missing_or_conflicting_actual_secondary_census_2002;missing_or_conflicting_actual_secondary_census_2010
Q16020537,2021:data_allsettlements_anon_156_v20251217.parquet:parquet:141239,Дубровка,missing_or_conflicting_actual_secondary_census_2002
Q24514474,2021:data_allsettlements_anon_156_v20251217.parquet:parquet:54933,Старые Савины,missing_or_conflicting_actual_secondary_census_2002;missing_or_conflicting_actual_secondary_census_2010
Q18787617,2021:data_allsettlements_anon_156_v20251217.parquet:parquet:61739,Лидывуй,missing_or_conflicting_actual_secondary_census_2002
Q108787904,2021:data_allsettlements_anon_156_v20251217.parquet:parquet:75190,Высоково,missing_or_conflicting_actual_secondary_census_2002;missing_or_conflicting_actual_secondary_census_2010
Q4366698,2021:data_allsettlements_anon_156_v20251217.parquet:parquet:7890,Погорелово,missing_or_conflicting_actual_secondary_census_2002
Q19675115,2021:data_allsettlements_anon_156_v20251217.parquet:parquet:90632,Никифоровская,missing_or_conflicting_actual_secondary_census_2002
Q4500059,2021:data_allsettlements_anon_156_v20251217.parquet:parquet:126481,Хоронево,missing_or_conflicting_actual_secondary_census_2002;missing_or_conflicting_actual_secondary_census_2010
Q4537306,2021:data_allsettlements_anon_156_v20251217.parquet:parquet:13480,Якушево,missing_or_conflicting_actual_secondary_census_2002
Q4081971,2021:data_allsettlements_anon_156_v20251217.parquet:parquet:173846,Белица,missing_or_conflicting_actual_secondary_census_2002;missing_or_conflicting_actual_secondary_census_2010
Q27577400,2021:data_allsettlements_anon_156_v20251217.parquet:parquet:30050,Ям,missing_or_conflicting_actual_secondary_census_2002;missing_or_conflicting_actual_secondary_census_2010
Q23847420,2021:data_allsettlements_anon_156_v20251217.parquet:parquet:91969,Красниково,missing_or_conflicting_actual_secondary_census_2002
Q4381989,2021:data_allsettlements_anon_156_v20251217.parquet:parquet:125506,Профилакторий Кристалл,missing_or_conflicting_actual_secondary_census_2002;missing_or_conflicting_actual_secondary_census_2010
Q4197882,2021:data_allsettlements_anon_156_v20251217.parquet:parquet:145185,Идель,post2002_foundation_contradiction;missing_or_conflicting_actual_secondary_census_2002;missing_or_conflicting_actual_secondary_census_2010
Q27561440,2021:data_allsettlements_anon_156_v20251217.parquet:parquet:22580,Пятый участок Тейковского торфопредприятия,missing_or_conflicting_actual_secondary_census_2002
Q16018001,2021:data_allsettlements_anon_156_v20251217.parquet:parquet:24057,Мостовка,missing_or_conflicting_actual_secondary_census_2002;missing_or_conflicting_actual_secondary_census_2010
Q115864104,2021:data_allsettlements_anon_156_v20251217.parquet:parquet:30694,Берёзовка,missing_or_conflicting_actual_secondary_census_2002;missing_or_conflicting_actual_secondary_census_2010
Q27581429,2021:data_allsettlements_anon_156_v20251217.parquet:parquet:51760,Песьяное,missing_or_conflicting_actual_secondary_census_2002;missing_or_conflicting_actual_secondary_census_2010
Q27589117,2021:data_allsettlements_anon_156_v20251217.parquet:parquet:59074,Никольское 2-е,missing_or_conflicting_actual_secondary_census_2002;missing_or_conflicting_actual_secondary_census_2010
Q19811406,2021:data_allsettlements_anon_156_v20251217.parquet:parquet:73301,Богданово,missing_or_conflicting_actual_secondary_census_2002;missing_or_conflicting_actual_secondary_census_2010
Q18778165,2021:data_allsettlements_anon_156_v20251217.parquet:parquet:73448,Зубово,missing_or_conflicting_actual_secondary_census_2002;missing_or_conflicting_actual_secondary_census_2010
Q22344095,2021:data_allsettlements_anon_156_v20251217.parquet:parquet:81983,Паровозный,population_item_current_own_binding_not_positive
Q18776116,2021:data_allsettlements_anon_156_v20251217.parquet:parquet:88745,Емельяновская,missing_or_conflicting_actual_secondary_census_2002
Q25606978,2021:data_allsettlements_anon_156_v20251217.parquet:parquet:89733,Бережная,missing_or_conflicting_actual_secondary_census_2002
Q23885105,2021:data_allsettlements_anon_156_v20251217.parquet:parquet:91952,Яковлево,missing_or_conflicting_actual_secondary_census_2002
Q4430942,2021:data_allsettlements_anon_156_v20251217.parquet:parquet:11096,Спасское,missing_or_conflicting_actual_secondary_census_2002
Q1211043,2021:data_allsettlements_anon_156_v20251217.parquet:parquet:122603,Боярщина,missing_or_conflicting_actual_secondary_census_2002;missing_or_conflicting_actual_secondary_census_2010
Q21669075,2021:data_allsettlements_anon_156_v20251217.parquet:parquet:128972,Дмитриевка,missing_or_conflicting_actual_secondary_census_2002
Q23976796,2021:data_allsettlements_anon_156_v20251217.parquet:parquet:152163,Дома Промкомбината,missing_or_conflicting_actual_secondary_census_2002
Q16018013,2021:data_allsettlements_anon_156_v20251217.parquet:parquet:24187,Феофановский,missing_or_conflicting_actual_secondary_census_2002;missing_or_conflicting_actual_secondary_census_2010
Q16017986,2021:data_allsettlements_anon_156_v20251217.parquet:parquet:24213,Большерастягаевский,missing_or_conflicting_actual_secondary_census_2002;missing_or_conflicting_actual_secondary_census_2010
Q27582471,2021:data_allsettlements_anon_156_v20251217.parquet:parquet:53381,Николаевка,missing_or_conflicting_actual_secondary_census_2002;missing_or_conflicting_actual_secondary_census_2010
Q16022058,2021:data_allsettlements_anon_156_v20251217.parquet:parquet:59189,Набережная 1-я,missing_or_conflicting_actual_secondary_census_2002;missing_or_conflicting_actual_secondary_census_2010
Q19813760,2021:data_allsettlements_anon_156_v20251217.parquet:parquet:76237,Кузнецово,missing_or_conflicting_actual_secondary_census_2002;missing_or_conflicting_actual_secondary_census_2010
Q23976003,2021:data_allsettlements_anon_156_v20251217.parquet:parquet:91189,Александровка,missing_or_conflicting_actual_secondary_census_2002
Q16654853,2021:data_allsettlements_anon_156_v20251217.parquet:parquet:113640,Ивановка,missing_or_conflicting_actual_secondary_census_2002;missing_or_conflicting_actual_secondary_census_2010
Q4248355,2021:data_allsettlements_anon_156_v20251217.parquet:parquet:13313,Курилово,missing_or_conflicting_actual_secondary_census_2002
Q16018002,2021:data_allsettlements_anon_156_v20251217.parquet:parquet:24036,Мягчинский,missing_or_conflicting_actual_secondary_census_2002;missing_or_conflicting_actual_secondary_census_2010
Q24685300,2021:data_allsettlements_anon_156_v20251217.parquet:parquet:60205,Ивановка,missing_or_conflicting_actual_secondary_census_2002;missing_or_conflicting_actual_secondary_census_2010
Q19813526,2021:data_allsettlements_anon_156_v20251217.parquet:parquet:73604,Конево,missing_or_conflicting_actual_secondary_census_2002;missing_or_conflicting_actual_secondary_census_2010
Q21103508,2021:data_allsettlements_anon_156_v20251217.parquet:parquet:81743,Алешинка,population_item_current_own_binding_not_positive
Q21643656,2021:data_allsettlements_anon_156_v20251217.parquet:parquet:81898,Отгонка,population_item_current_own_binding_not_positive
Q23975997,2021:data_allsettlements_anon_156_v20251217.parquet:parquet:91051,Алексеевка,missing_or_conflicting_actual_secondary_census_2002
Q55657531,2021:data_allsettlements_anon_156_v20251217.parquet:parquet:141781,Городок,missing_or_conflicting_actual_secondary_census_2002
Q20128900,2021:data_allsettlements_anon_156_v20251217.parquet:parquet:21517,Мясниково,missing_or_conflicting_actual_secondary_census_2002
Q16017996,2021:data_allsettlements_anon_156_v20251217.parquet:parquet:24604,Малой,missing_or_conflicting_actual_secondary_census_2002;missing_or_conflicting_actual_secondary_census_2010
Q12164858,2021:data_allsettlements_anon_156_v20251217.parquet:parquet:55485,Усадище,missing_or_conflicting_actual_secondary_census_2010
Q13651984,2021:data_allsettlements_anon_156_v20251217.parquet:parquet:56977,Горка,missing_or_conflicting_actual_secondary_census_2002;missing_or_conflicting_actual_secondary_census_2010
Q16021178,2021:data_allsettlements_anon_156_v20251217.parquet:parquet:59244,Изубриевка 1-я,missing_or_conflicting_actual_secondary_census_2002;missing_or_conflicting_actual_secondary_census_2010
Q4027941,2021:data_allsettlements_anon_156_v20251217.parquet:parquet:59604,Архангельское 1-е,missing_or_conflicting_actual_secondary_census_2002;missing_or_conflicting_actual_secondary_census_2010
Q18807364,2021:data_allsettlements_anon_156_v20251217.parquet:parquet:62492,Шурга,missing_or_conflicting_actual_secondary_census_2002
Q23871177,2021:data_allsettlements_anon_156_v20251217.parquet:parquet:112719,Никольское,missing_or_conflicting_actual_secondary_census_2002;missing_or_conflicting_actual_secondary_census_2010
Q4144309,2021:data_allsettlements_anon_156_v20251217.parquet:parquet:11702,Горка,missing_or_conflicting_actual_secondary_census_2002
Q4143377,2021:data_allsettlements_anon_156_v20251217.parquet:parquet:12550,Гора,missing_or_conflicting_actual_secondary_census_2002
Q4144344,2021:data_allsettlements_anon_156_v20251217.parquet:parquet:171348,Горки,missing_or_conflicting_actual_secondary_census_2002;missing_or_conflicting_actual_secondary_census_2010
Q27556416,2021:data_allsettlements_anon_156_v20251217.parquet:parquet:24831,Большепобединская,missing_or_conflicting_actual_secondary_census_2002;missing_or_conflicting_actual_secondary_census_2010
Q19613947,2021:data_allsettlements_anon_156_v20251217.parquet:parquet:57287,Бор,missing_or_conflicting_actual_secondary_census_2002;missing_or_conflicting_actual_secondary_census_2010
Q18787618,2021:data_allsettlements_anon_156_v20251217.parquet:parquet:61786,Лидывуй,missing_or_conflicting_actual_secondary_census_2002
Q18777990,2021:data_allsettlements_anon_156_v20251217.parquet:parquet:75271,Зименки,missing_or_conflicting_actual_secondary_census_2002;missing_or_conflicting_actual_secondary_census_2010
Q4144288,2021:data_allsettlements_anon_156_v20251217.parquet:parquet:7957,Горка,missing_or_conflicting_actual_secondary_census_2002
Q23848699,2021:data_allsettlements_anon_156_v20251217.parquet:parquet:92015,Надежда,missing_or_conflicting_actual_secondary_census_2002
Q4145179,2021:data_allsettlements_anon_156_v20251217.parquet:parquet:100699,Городище,same_own_QID_multiple_current_native_NPs
Q18773324,2021:data_allsettlements_anon_156_v20251217.parquet:parquet:108437,Горушка,missing_or_conflicting_actual_secondary_census_2010
Q4095452,2021:data_allsettlements_anon_156_v20251217.parquet:parquet:124122,Бояды,missing_or_conflicting_actual_secondary_census_2002;missing_or_conflicting_actual_secondary_census_2010
Q575527,2021:data_allsettlements_anon_156_v20251217.parquet:parquet:125081,Плоское,missing_or_conflicting_actual_secondary_census_2002;missing_or_conflicting_actual_secondary_census_2010
Q15714532,2021:data_allsettlements_anon_156_v20251217.parquet:parquet:172772,Ананьино,missing_or_conflicting_actual_secondary_census_2002;missing_or_conflicting_actual_secondary_census_2010
Q16020481,2021:data_allsettlements_anon_156_v20251217.parquet:parquet:59238,Дмитриевка 1-я,missing_or_conflicting_actual_secondary_census_2002;missing_or_conflicting_actual_secondary_census_2010
Q18801672,2021:data_allsettlements_anon_156_v20251217.parquet:parquet:72485,Сосновка,missing_or_conflicting_actual_secondary_census_2002;missing_or_conflicting_actual_secondary_census_2010
Q19869075,2021:data_allsettlements_anon_156_v20251217.parquet:parquet:73816,Ягодное,missing_or_conflicting_actual_secondary_census_2002;missing_or_conflicting_actual_secondary_census_2010
Q4277883,2021:data_allsettlements_anon_156_v20251217.parquet:parquet:75660,Малиновка,missing_or_conflicting_actual_secondary_census_2002;missing_or_conflicting_actual_secondary_census_2010
Q4186789,2021:data_allsettlements_anon_156_v20251217.parquet:parquet:108454,Заполье,missing_or_conflicting_actual_secondary_census_2010
Q4482613,2021:data_allsettlements_anon_156_v20251217.parquet:parquet:123099,Фенино,missing_or_conflicting_actual_secondary_census_2002;missing_or_conflicting_actual_secondary_census_2010
Q4221809,2021:data_allsettlements_anon_156_v20251217.parquet:parquet:126039,Кирпичный Завод,missing_or_conflicting_actual_secondary_census_2002;missing_or_conflicting_actual_secondary_census_2010
Q108612017,2021:data_allsettlements_anon_156_v20251217.parquet:parquet:131300,Пустынка,missing_or_conflicting_actual_secondary_census_2002;missing_or_conflicting_actual_secondary_census_2010
Q20121297,2021:data_allsettlements_anon_156_v20251217.parquet:parquet:21272,Афанасово,missing_or_conflicting_actual_secondary_census_2002
Q16017088,2021:data_allsettlements_anon_156_v20251217.parquet:parquet:25463,Нижняя Иреть,missing_or_conflicting_actual_secondary_census_2002;missing_or_conflicting_actual_secondary_census_2010
Q18803880,2021:data_allsettlements_anon_156_v20251217.parquet:parquet:53102,Толмачево,missing_or_conflicting_actual_secondary_census_2002;missing_or_conflicting_actual_secondary_census_2010
Q18778794,2021:data_allsettlements_anon_156_v20251217.parquet:parquet:65583,Ильинское,missing_or_conflicting_actual_secondary_census_2002
Q16021454,2021:data_allsettlements_anon_156_v20251217.parquet:parquet:71056,Косилово,wrong_or_event_physical_grain
Q4372936,2021:data_allsettlements_anon_156_v20251217.parquet:parquet:72836,Попышово,missing_or_conflicting_actual_secondary_census_2002;missing_or_conflicting_actual_secondary_census_2010
Q29403232,2021:data_allsettlements_anon_156_v20251217.parquet:parquet:78133,Озерки,missing_or_conflicting_actual_secondary_census_2002;missing_or_conflicting_actual_secondary_census_2010
Q23976033,2021:data_allsettlements_anon_156_v20251217.parquet:parquet:92090,Александровка,missing_or_conflicting_actual_secondary_census_2002
Q21669387,2021:data_allsettlements_anon_156_v20251217.parquet:parquet:128818,Ивановка,missing_or_conflicting_actual_secondary_census_2002
Q16022154,2021:data_allsettlements_anon_156_v20251217.parquet:parquet:129072,Николаевка,missing_or_conflicting_actual_secondary_census_2002
Q4144273,2021:data_allsettlements_anon_156_v20251217.parquet:parquet:13383,Горка,missing_or_conflicting_actual_secondary_census_2002
Q16016907,2021:data_allsettlements_anon_156_v20251217.parquet:parquet:25136,Красноозерский,missing_or_conflicting_actual_secondary_census_2002;missing_or_conflicting_actual_secondary_census_2010
Q12096989,2021:data_allsettlements_anon_156_v20251217.parquet:parquet:55477,Горка,missing_or_conflicting_actual_secondary_census_2010
Q18401094,2021:data_allsettlements_anon_156_v20251217.parquet:parquet:56040,Бор,missing_or_conflicting_actual_secondary_census_2010
Q4423513,2021:data_allsettlements_anon_156_v20251217.parquet:parquet:6019,Слобода,missing_or_conflicting_actual_secondary_census_2002
Q4375301,2021:data_allsettlements_anon_156_v20251217.parquet:parquet:6145,Починок,missing_or_conflicting_actual_secondary_census_2002
Q4144284,2021:data_allsettlements_anon_156_v20251217.parquet:parquet:7244,Горка,missing_or_conflicting_actual_secondary_census_2002
Q4189772,2021:data_allsettlements_anon_156_v20251217.parquet:parquet:72941,Звягино,missing_or_conflicting_actual_secondary_census_2002;missing_or_conflicting_actual_secondary_census_2010
Q19811825,2021:data_allsettlements_anon_156_v20251217.parquet:parquet:76187,Васильково,missing_or_conflicting_actual_secondary_census_2002;missing_or_conflicting_actual_secondary_census_2010
Q29405058,2021:data_allsettlements_anon_156_v20251217.parquet:parquet:77221,Бор,missing_or_conflicting_actual_secondary_census_2002;missing_or_conflicting_actual_secondary_census_2010
Q20177651,2021:data_allsettlements_anon_156_v20251217.parquet:parquet:81492,Кубово,population_item_current_own_binding_not_positive
Q18800522,2021:data_allsettlements_anon_156_v20251217.parquet:parquet:88780,Семеновская,missing_or_conflicting_actual_secondary_census_2002
Q18796585,2021:data_allsettlements_anon_156_v20251217.parquet:parquet:89178,Погост,missing_or_conflicting_actual_secondary_census_2002
Q4072692,2021:data_allsettlements_anon_156_v20251217.parquet:parquet:11691,Афанасьевская,missing_or_conflicting_actual_secondary_census_2002
Q27532768,2021:data_allsettlements_anon_156_v20251217.parquet:parquet:118678,зимовка Новенькая,population_item_current_own_binding_not_positive;missing_or_conflicting_actual_secondary_census_2010
Q20591126,2021:data_allsettlements_anon_156_v20251217.parquet:parquet:132147,Тарасово,population_item_current_own_binding_not_positive;missing_or_conflicting_actual_secondary_census_2002;missing_or_conflicting_actual_secondary_census_2010
Q4084492,2021:data_allsettlements_anon_156_v20251217.parquet:parquet:171096,Березники,missing_or_conflicting_actual_secondary_census_2002;missing_or_conflicting_actual_secondary_census_2010
Q16018015,2021:data_allsettlements_anon_156_v20251217.parquet:parquet:24218,Холы,missing_or_conflicting_actual_secondary_census_2002;missing_or_conflicting_actual_secondary_census_2010
Q4479322,2021:data_allsettlements_anon_156_v20251217.parquet:parquet:24744,Таежный,missing_or_conflicting_actual_secondary_census_2002;missing_or_conflicting_actual_secondary_census_2010
Q15409527,2021:data_allsettlements_anon_156_v20251217.parquet:parquet:34557,База отдыха завода ОЦМ,missing_or_conflicting_actual_secondary_census_2002;missing_or_conflicting_actual_secondary_census_2010
Q16022489,2021:data_allsettlements_anon_156_v20251217.parquet:parquet:71093,Павловское,wrong_or_event_physical_grain
Q4144291,2021:data_allsettlements_anon_156_v20251217.parquet:parquet:7546,Горка,missing_or_conflicting_actual_secondary_census_2002
Q14621057,2021:data_allsettlements_anon_156_v20251217.parquet:parquet:77176,Бор,missing_or_conflicting_actual_secondary_census_2002;missing_or_conflicting_actual_secondary_census_2010
Q18777482,2021:data_allsettlements_anon_156_v20251217.parquet:parquet:88688,Заполье,missing_or_conflicting_actual_secondary_census_2002
Q27540396,2021:data_allsettlements_anon_156_v20251217.parquet:parquet:89292,Анда,missing_or_conflicting_actual_secondary_census_2002
Q4286519,2021:data_allsettlements_anon_156_v20251217.parquet:parquet:90712,Мгла,missing_or_conflicting_actual_secondary_census_2002
Q19915809,2021:data_allsettlements_anon_156_v20251217.parquet:parquet:112301,Павловка,missing_or_conflicting_actual_secondary_census_2002;missing_or_conflicting_actual_secondary_census_2010
Q48955613,2021:data_allsettlements_anon_156_v20251217.parquet:parquet:116521,Ивановка,missing_or_conflicting_actual_secondary_census_2002
Q4092592,2021:data_allsettlements_anon_156_v20251217.parquet:parquet:13022,Большой Двор,missing_or_conflicting_actual_secondary_census_2002
Q16017985,2021:data_allsettlements_anon_156_v20251217.parquet:parquet:24217,Большелихачевский,missing_or_conflicting_actual_secondary_census_2002;missing_or_conflicting_actual_secondary_census_2010
Q19614543,2021:data_allsettlements_anon_156_v20251217.parquet:parquet:57358,Горка,missing_or_conflicting_actual_secondary_census_2002;missing_or_conflicting_actual_secondary_census_2010
Q16019888,2021:data_allsettlements_anon_156_v20251217.parquet:parquet:59445,Алексеевка,missing_or_conflicting_actual_secondary_census_2002;missing_or_conflicting_actual_secondary_census_2010
Q4113393,2021:data_allsettlements_anon_156_v20251217.parquet:parquet:8056,Владычнево,missing_or_conflicting_actual_secondary_census_2002
Q18765070,2021:data_allsettlements_anon_156_v20251217.parquet:parquet:88718,Алексеевская,missing_or_conflicting_actual_secondary_census_2002
Q23847382,2021:data_allsettlements_anon_156_v20251217.parquet:parquet:91998,Красная Заря,missing_or_conflicting_actual_secondary_census_2002
Q4144303,2021:data_allsettlements_anon_156_v20251217.parquet:parquet:9507,Горка,missing_or_conflicting_actual_secondary_census_2002
Q4323691,2021:data_allsettlements_anon_156_v20251217.parquet:parquet:11131,Новое,missing_or_conflicting_actual_secondary_census_2002
Q4164429,2021:data_allsettlements_anon_156_v20251217.parquet:parquet:125221,Долгая Ольша,missing_or_conflicting_actual_secondary_census_2002;missing_or_conflicting_actual_secondary_census_2010
Q4366665,2021:data_allsettlements_anon_156_v20251217.parquet:parquet:171199,Погорелка,missing_or_conflicting_actual_secondary_census_2002;missing_or_conflicting_actual_secondary_census_2010
Q20475502,2021:data_allsettlements_anon_156_v20251217.parquet:parquet:22601,Новинки,missing_or_conflicting_actual_secondary_census_2002
Q12134447,2021:data_allsettlements_anon_156_v20251217.parquet:parquet:35454,Носокский Лесоучасток,population_item_current_own_binding_not_positive;missing_or_conflicting_actual_secondary_census_2002;missing_or_conflicting_actual_secondary_census_2010
Q21843505,2021:data_allsettlements_anon_156_v20251217.parquet:parquet:81966,106 км Рожневский Бор,population_item_current_own_binding_not_positive
Q4093952,2021:data_allsettlements_anon_156_v20251217.parquet:parquet:8384,Борисово,missing_or_conflicting_actual_secondary_census_2002
Q18765203,2021:data_allsettlements_anon_156_v20251217.parquet:parquet:88719,Алферовская,missing_or_conflicting_actual_secondary_census_2002
Q25606976,2021:data_allsettlements_anon_156_v20251217.parquet:parquet:89834,Бережная,missing_or_conflicting_actual_secondary_census_2002
Q23976012,2021:data_allsettlements_anon_156_v20251217.parquet:parquet:91461,Алексеевка,same_own_QID_multiple_current_native_NPs;missing_or_conflicting_actual_secondary_census_2002
Q81200373,2021:data_allsettlements_anon_156_v20251217.parquet:parquet:92514,Сомово,missing_or_conflicting_actual_secondary_census_2002
Q18804273,2021:data_allsettlements_anon_156_v20251217.parquet:parquet:107634,Туравцово,population_item_current_own_binding_not_positive
Q47045591,2021:data_allsettlements_anon_156_v20251217.parquet:parquet:116254,Прудовой,missing_or_conflicting_actual_secondary_census_2002;missing_or_conflicting_actual_secondary_census_2010
Q4169732,2021:data_allsettlements_anon_156_v20251217.parquet:parquet:123263,Дубровка,missing_or_conflicting_actual_secondary_census_2002;missing_or_conflicting_actual_secondary_census_2010
Q4395396,2021:data_allsettlements_anon_156_v20251217.parquet:parquet:125323,Рогачево,missing_or_conflicting_actual_secondary_census_2002;missing_or_conflicting_actual_secondary_census_2010
Q4418417,2021:data_allsettlements_anon_156_v20251217.parquet:parquet:126115,Сиваи,missing_or_conflicting_actual_secondary_census_2002;missing_or_conflicting_actual_secondary_census_2010
Q18780431,2021:data_allsettlements_anon_156_v20251217.parquet:parquet:158166,Клин,missing_or_conflicting_actual_secondary_census_2002
Q4123453,2021:data_allsettlements_anon_156_v20251217.parquet:parquet:171450,Волково,missing_or_conflicting_actual_secondary_census_2002;missing_or_conflicting_actual_secondary_census_2010
Q19848514,2021:data_allsettlements_anon_156_v20251217.parquet:parquet:2090,погост Старая Никола,population_item_current_own_binding_not_positive
Q16018004,2021:data_allsettlements_anon_156_v20251217.parquet:parquet:24029,Первое Мая,missing_or_conflicting_actual_secondary_census_2002;missing_or_conflicting_actual_secondary_census_2010
Q4479318,2021:data_allsettlements_anon_156_v20251217.parquet:parquet:24743,Новогродинск,missing_or_conflicting_actual_secondary_census_2002;missing_or_conflicting_actual_secondary_census_2010
Q104821866,2021:data_allsettlements_anon_156_v20251217.parquet:parquet:31266,Кондобережская,missing_or_conflicting_actual_secondary_census_2002;missing_or_conflicting_actual_secondary_census_2010
Q18771719,2021:data_allsettlements_anon_156_v20251217.parquet:parquet:73758,Высоково,missing_or_conflicting_actual_secondary_census_2002;missing_or_conflicting_actual_secondary_census_2010
Q20743803,2021:data_allsettlements_anon_156_v20251217.parquet:parquet:81556,47 км Геодезическая,population_item_current_own_binding_not_positive
Q4023832,2021:data_allsettlements_anon_156_v20251217.parquet:parquet:90005,Заполье,same_own_QID_multiple_current_native_NPs;missing_or_conflicting_actual_secondary_census_2002
Q4375297,2021:data_allsettlements_anon_156_v20251217.parquet:parquet:9074,Починок,missing_or_conflicting_actual_secondary_census_2002
Q113009851,2021:data_allsettlements_anon_156_v20251217.parquet:parquet:93695,Александровка,missing_or_conflicting_actual_secondary_census_2002
Q4144292,2021:data_allsettlements_anon_156_v20251217.parquet:parquet:11855,Горка,missing_or_conflicting_actual_secondary_census_2002
Q4423523,2021:data_allsettlements_anon_156_v20251217.parquet:parquet:125233,Слобода,missing_or_conflicting_actual_secondary_census_2002;missing_or_conflicting_actual_secondary_census_2010
Q13207399,2021:data_allsettlements_anon_156_v20251217.parquet:parquet:130956,Тимофеевка,missing_or_conflicting_actual_secondary_census_2002;missing_or_conflicting_actual_secondary_census_2010
Q28505488,2021:data_allsettlements_anon_156_v20251217.parquet:parquet:147445,Сыгарыш,post2002_foundation_contradiction;missing_or_conflicting_actual_secondary_census_2002;missing_or_conflicting_actual_secondary_census_2010
Q27554526,2021:data_allsettlements_anon_156_v20251217.parquet:parquet:20899,Погост Дмитрия Солунского,population_item_current_own_binding_not_positive;missing_or_conflicting_actual_secondary_census_2002
Q16017307,2021:data_allsettlements_anon_156_v20251217.parquet:parquet:25412,Ступина,missing_or_conflicting_actual_secondary_census_2002;missing_or_conflicting_actual_secondary_census_2010
Q19815094,2021:data_allsettlements_anon_156_v20251217.parquet:parquet:43226,Ченцы,missing_or_conflicting_actual_secondary_census_2002
Q19677598,2021:data_allsettlements_anon_156_v20251217.parquet:parquet:43904,Подокша,missing_or_conflicting_actual_secondary_census_2002
Q19906913,2021:data_allsettlements_anon_156_v20251217.parquet:parquet:58723,Александровка,missing_or_conflicting_actual_secondary_census_2002;missing_or_conflicting_actual_secondary_census_2010
Q16029610,2021:data_allsettlements_anon_156_v20251217.parquet:parquet:59259,Тепленькая 2-я,missing_or_conflicting_actual_secondary_census_2002;missing_or_conflicting_actual_secondary_census_2010
Q18766930,2021:data_allsettlements_anon_156_v20251217.parquet:parquet:75185,Березовка,missing_or_conflicting_actual_secondary_census_2002;missing_or_conflicting_actual_secondary_census_2010
Q18781051,2021:data_allsettlements_anon_156_v20251217.parquet:parquet:75347,Комарово,missing_or_conflicting_actual_secondary_census_2002;missing_or_conflicting_actual_secondary_census_2010
Q4372738,2021:data_allsettlements_anon_156_v20251217.parquet:parquet:7649,Поповка,missing_or_conflicting_actual_secondary_census_2002
Q29403918,2021:data_allsettlements_anon_156_v20251217.parquet:parquet:77934,Каменка,missing_or_conflicting_actual_secondary_census_2002;missing_or_conflicting_actual_secondary_census_2010
Q29403322,2021:data_allsettlements_anon_156_v20251217.parquet:parquet:78116,Каменка,missing_or_conflicting_actual_secondary_census_2002;missing_or_conflicting_actual_secondary_census_2010
Q27538083,2021:data_allsettlements_anon_156_v20251217.parquet:parquet:88166,Заболотье,missing_or_conflicting_actual_secondary_census_2002
Q18777260,2021:data_allsettlements_anon_156_v20251217.parquet:parquet:89607,Залахотье,population_item_current_own_binding_not_positive;missing_or_conflicting_actual_secondary_census_2002
Q18401966,2021:data_allsettlements_anon_156_v20251217.parquet:parquet:9590,Маура,missing_or_conflicting_actual_secondary_census_2002;missing_or_conflicting_actual_secondary_census_2010
Q28526675,2021:data_allsettlements_anon_156_v20251217.parquet:parquet:98557,Осиновка,missing_or_conflicting_actual_secondary_census_2002;missing_or_conflicting_actual_secondary_census_2010
Q4123421,2021:data_allsettlements_anon_156_v20251217.parquet:parquet:103973,Волково,missing_or_conflicting_actual_secondary_census_2010
Q4429596,2021:data_allsettlements_anon_156_v20251217.parquet:parquet:120126,Сосновка,missing_or_conflicting_actual_secondary_census_2002
Q4144298,2021:data_allsettlements_anon_156_v20251217.parquet:parquet:12401,Горка,missing_or_conflicting_actual_secondary_census_2002
Q4439922,2021:data_allsettlements_anon_156_v20251217.parquet:parquet:124206,Старинки,missing_or_conflicting_actual_secondary_census_2002;missing_or_conflicting_actual_secondary_census_2010
Q27581081,2021:data_allsettlements_anon_156_v20251217.parquet:parquet:44043,Берендеевы Поляны,missing_or_conflicting_actual_secondary_census_2002;missing_or_conflicting_actual_secondary_census_2010
Q27566089,2021:data_allsettlements_anon_156_v20251217.parquet:parquet:75932,Богданово,missing_or_conflicting_actual_secondary_census_2002;missing_or_conflicting_actual_secondary_census_2010
Q13667347,2021:data_allsettlements_anon_156_v20251217.parquet:parquet:79506,Дуброво,missing_or_conflicting_actual_secondary_census_2002;missing_or_conflicting_actual_secondary_census_2010
Q4093416,2021:data_allsettlements_anon_156_v20251217.parquet:parquet:79981,Бор,missing_or_conflicting_actual_secondary_census_2002;missing_or_conflicting_actual_secondary_census_2010
Q29626579,2021:data_allsettlements_anon_156_v20251217.parquet:parquet:80078,Высокое,missing_or_conflicting_actual_secondary_census_2002;missing_or_conflicting_actual_secondary_census_2010
Q18778319,2021:data_allsettlements_anon_156_v20251217.parquet:parquet:85395,Ивановка,missing_or_conflicting_actual_secondary_census_2002
Q18794799,2021:data_allsettlements_anon_156_v20251217.parquet:parquet:88120,Осташевская,missing_or_conflicting_actual_secondary_census_2002
Q29350363,2021:data_allsettlements_anon_156_v20251217.parquet:parquet:97336,Дубровка,missing_or_conflicting_actual_secondary_census_2002;missing_or_conflicting_actual_secondary_census_2010
Q4375304,2021:data_allsettlements_anon_156_v20251217.parquet:parquet:13722,Починок,missing_or_conflicting_actual_secondary_census_2002
Q55657509,2021:data_allsettlements_anon_156_v20251217.parquet:parquet:159702,Главстан,missing_or_conflicting_actual_secondary_census_2002;missing_or_conflicting_actual_secondary_census_2010
Q4534969,2021:data_allsettlements_anon_156_v20251217.parquet:parquet:171259,Юркино,missing_or_conflicting_actual_secondary_census_2002;missing_or_conflicting_actual_secondary_census_2010
Q4094015,2021:data_allsettlements_anon_156_v20251217.parquet:parquet:3348,Борисоглеб,missing_or_conflicting_actual_secondary_census_2002
Q18798198,2021:data_allsettlements_anon_156_v20251217.parquet:parquet:53996,Прудки,missing_or_conflicting_actual_secondary_census_2002;missing_or_conflicting_actual_secondary_census_2010
Q19614544,2021:data_allsettlements_anon_156_v20251217.parquet:parquet:57274,Горка,missing_or_conflicting_actual_secondary_census_2002;missing_or_conflicting_actual_secondary_census_2010
Q18768211,2021:data_allsettlements_anon_156_v20251217.parquet:parquet:57795,Бор,missing_or_conflicting_actual_secondary_census_2002;missing_or_conflicting_actual_secondary_census_2010
Q20644645,2021:data_allsettlements_anon_156_v20251217.parquet:parquet:59489,Донское 2-е,missing_or_conflicting_actual_secondary_census_2002;missing_or_conflicting_actual_secondary_census_2010
Q18776014,2021:data_allsettlements_anon_156_v20251217.parquet:parquet:75648,Елховка,missing_or_conflicting_actual_secondary_census_2002;missing_or_conflicting_actual_secondary_census_2010
Q18804577,2021:data_allsettlements_anon_156_v20251217.parquet:parquet:88791,Ульяновская,missing_or_conflicting_actual_secondary_census_2002
Q18765383,2021:data_allsettlements_anon_156_v20251217.parquet:parquet:89205,Андреевская,missing_or_conflicting_actual_secondary_census_2002
Q18766821,2021:data_allsettlements_anon_156_v20251217.parquet:parquet:89479,Березник,missing_or_conflicting_actual_secondary_census_2002
Q18768205,2021:data_allsettlements_anon_156_v20251217.parquet:parquet:90247,Бор,missing_or_conflicting_actual_secondary_census_2002
Q23976021,2021:data_allsettlements_anon_156_v20251217.parquet:parquet:91729,Александровка,same_own_QID_multiple_current_native_NPs;missing_or_conflicting_actual_secondary_census_2002
Q4483969,2021:data_allsettlements_anon_156_v20251217.parquet:parquet:11356,Филинская,missing_or_conflicting_actual_secondary_census_2002
Q3007021,2021:data_allsettlements_anon_156_v20251217.parquet:parquet:12080,Горка,missing_or_conflicting_actual_secondary_census_2002
Q15956104,2021:data_allsettlements_anon_156_v20251217.parquet:parquet:121243,Ногкау,missing_or_conflicting_actual_secondary_census_2010
Q4144373,2021:data_allsettlements_anon_156_v20251217.parquet:parquet:121988,Горки,missing_or_conflicting_actual_secondary_census_2002;missing_or_conflicting_actual_secondary_census_2010
Q1051704,2021:data_allsettlements_anon_156_v20251217.parquet:parquet:144296,Петропавловка,missing_or_conflicting_actual_secondary_census_2002
Q16022485,2021:data_allsettlements_anon_156_v20251217.parquet:parquet:171581,Павловское,missing_or_conflicting_actual_secondary_census_2002;missing_or_conflicting_actual_secondary_census_2010
Q27589110,2021:data_allsettlements_anon_156_v20251217.parquet:parquet:59079,Алексеевка,missing_or_conflicting_actual_secondary_census_2002;missing_or_conflicting_actual_secondary_census_2010
Q4332022,2021:data_allsettlements_anon_156_v20251217.parquet:parquet:60100,Озерки,missing_or_conflicting_actual_secondary_census_2002;missing_or_conflicting_actual_secondary_census_2010
Q4321151,2021:data_allsettlements_anon_156_v20251217.parquet:parquet:6337,Никоновская,missing_or_conflicting_actual_secondary_census_2002
Q13651373,2021:data_allsettlements_anon_156_v20251217.parquet:parquet:7141,Горка,missing_or_conflicting_actual_secondary_census_2002
Q20590068,2021:data_allsettlements_anon_156_v20251217.parquet:parquet:87720,Семеновская,missing_or_conflicting_actual_secondary_census_2002
Q18777471,2021:data_allsettlements_anon_156_v20251217.parquet:parquet:90009,Заполье,missing_or_conflicting_actual_secondary_census_2002
Q4061355,2021:data_allsettlements_anon_156_v20251217.parquet:parquet:94119,Александровка,missing_or_conflicting_actual_secondary_census_2002
Q4187358,2021:data_allsettlements_anon_156_v20251217.parquet:parquet:9584,Заречье,missing_or_conflicting_actual_secondary_census_2002
Q4375300,2021:data_allsettlements_anon_156_v20251217.parquet:parquet:11252,Починок,missing_or_conflicting_actual_secondary_census_2002
Q4319662,2021:data_allsettlements_anon_156_v20251217.parquet:parquet:117,Никель,missing_or_conflicting_actual_secondary_census_2002;missing_or_conflicting_actual_secondary_census_2010
Q4423540,2021:data_allsettlements_anon_156_v20251217.parquet:parquet:125372,Слобода,missing_or_conflicting_actual_secondary_census_2002;missing_or_conflicting_actual_secondary_census_2010
Q4325306,2021:data_allsettlements_anon_156_v20251217.parquet:parquet:125502,Новоселки,missing_or_conflicting_actual_secondary_census_2002;missing_or_conflicting_actual_secondary_census_2010
Q4169738,2021:data_allsettlements_anon_156_v20251217.parquet:parquet:126489,Дубровка,missing_or_conflicting_actual_secondary_census_2002;missing_or_conflicting_actual_secondary_census_2010
Q27559053,2021:data_allsettlements_anon_156_v20251217.parquet:parquet:136625,Борки,missing_or_conflicting_actual_secondary_census_2002
Q4403952,2021:data_allsettlements_anon_156_v20251217.parquet:parquet:137335,Савино,same_own_QID_multiple_current_native_NPs;missing_or_conflicting_actual_secondary_census_2002
Q12096990,2021:data_allsettlements_anon_156_v20251217.parquet:parquet:55703,Горка,missing_or_conflicting_actual_secondary_census_2010
Q19613945,2021:data_allsettlements_anon_156_v20251217.parquet:parquet:56010,Бор,missing_or_conflicting_actual_secondary_census_2010
Q19613951,2021:data_allsettlements_anon_156_v20251217.parquet:parquet:56190,Бор,missing_or_conflicting_actual_secondary_census_2002;missing_or_conflicting_actual_secondary_census_2010
Q18793501,2021:data_allsettlements_anon_156_v20251217.parquet:parquet:57767,Новоселье,missing_or_conflicting_actual_secondary_census_2002;missing_or_conflicting_actual_secondary_census_2010
Q18768193,2021:data_allsettlements_anon_156_v20251217.parquet:parquet:57904,Бор,missing_or_conflicting_actual_secondary_census_2002;missing_or_conflicting_actual_secondary_census_2010
Q27591652,2021:data_allsettlements_anon_156_v20251217.parquet:parquet:59610,Николаевка,missing_or_conflicting_actual_secondary_census_2002;missing_or_conflicting_actual_secondary_census_2010
Q18781160,2021:data_allsettlements_anon_156_v20251217.parquet:parquet:73759,Конево,missing_or_conflicting_actual_secondary_census_2002;missing_or_conflicting_actual_secondary_census_2010
Q18801600,2021:data_allsettlements_anon_156_v20251217.parquet:parquet:75389,Сосновка,missing_or_conflicting_actual_secondary_census_2002;missing_or_conflicting_actual_secondary_census_2010
Q4143406,2021:data_allsettlements_anon_156_v20251217.parquet:parquet:7603,Гора,missing_or_conflicting_actual_secondary_census_2002
Q29402986,2021:data_allsettlements_anon_156_v20251217.parquet:parquet:78221,Дубровка,missing_or_conflicting_actual_secondary_census_2002;missing_or_conflicting_actual_secondary_census_2010
Q4322788,2021:data_allsettlements_anon_156_v20251217.parquet:parquet:88273,Новинки,missing_or_conflicting_actual_secondary_census_2002
Q4023832,2021:data_allsettlements_anon_156_v20251217.parquet:parquet:90008,Заполье,same_own_QID_multiple_current_native_NPs;missing_or_conflicting_actual_secondary_census_2002
Q4023832,2021:data_allsettlements_anon_156_v20251217.parquet:parquet:90287,Заполье,same_own_QID_multiple_current_native_NPs;missing_or_conflicting_actual_secondary_census_2002
Q23976021,2021:data_allsettlements_anon_156_v20251217.parquet:parquet:91722,Александровка,same_own_QID_multiple_current_native_NPs;missing_or_conflicting_actual_secondary_census_2002
Q23847478,2021:data_allsettlements_anon_156_v20251217.parquet:parquet:91774,Красный,missing_or_conflicting_actual_secondary_census_2002
Q4366691,2021:data_allsettlements_anon_156_v20251217.parquet:parquet:10035,Погорелово,missing_or_conflicting_actual_secondary_census_2002
Q4106493,2021:data_allsettlements_anon_156_v20251217.parquet:parquet:11107,Великий Двор,missing_or_conflicting_actual_secondary_census_2002
Q18407232,2021:data_allsettlements_anon_156_v20251217.parquet:parquet:112317,Павловка,missing_or_conflicting_actual_secondary_census_2002;missing_or_conflicting_actual_secondary_census_2010
Q16654860,2021:data_allsettlements_anon_156_v20251217.parquet:parquet:113667,Ивановка,missing_or_conflicting_actual_secondary_census_2002;missing_or_conflicting_actual_secondary_census_2010
Q3645193,2021:data_allsettlements_anon_156_v20251217.parquet:parquet:12231,Починок,missing_or_conflicting_actual_secondary_census_2002
Q4185997,2021:data_allsettlements_anon_156_v20251217.parquet:parquet:123023,Замощье,missing_or_conflicting_actual_secondary_census_2002;missing_or_conflicting_actual_secondary_census_2010
Q4389705,2021:data_allsettlements_anon_156_v20251217.parquet:parquet:12459,Раменье,missing_or_conflicting_actual_secondary_census_2002
Q4169713,2021:data_allsettlements_anon_156_v20251217.parquet:parquet:125185,Дубровка,missing_or_conflicting_actual_secondary_census_2002;missing_or_conflicting_actual_secondary_census_2010
Q4499129,2021:data_allsettlements_anon_156_v20251217.parquet:parquet:125237,Холм,missing_or_conflicting_actual_secondary_census_2002;missing_or_conflicting_actual_secondary_census_2010
Q4423552,2021:data_allsettlements_anon_156_v20251217.parquet:parquet:125424,Слобода,missing_or_conflicting_actual_secondary_census_2002;missing_or_conflicting_actual_secondary_census_2010
Q4371830,2021:data_allsettlements_anon_156_v20251217.parquet:parquet:128878,Понзари,missing_or_conflicting_actual_secondary_census_2002
Q15378305,2021:data_allsettlements_anon_156_v20251217.parquet:parquet:34558,База отдыха комбината Искож,missing_or_conflicting_actual_secondary_census_2002;missing_or_conflicting_actual_secondary_census_2010
Q19677162,2021:data_allsettlements_anon_156_v20251217.parquet:parquet:54700,Шмарное,missing_or_conflicting_actual_secondary_census_2002;missing_or_conflicting_actual_secondary_census_2010
Q16021601,2021:data_allsettlements_anon_156_v20251217.parquet:parquet:57063,Кошкино,missing_or_conflicting_actual_secondary_census_2002;missing_or_conflicting_actual_secondary_census_2010
Q22344224,2021:data_allsettlements_anon_156_v20251217.parquet:parquet:59886,Халатово,missing_or_conflicting_actual_secondary_census_2002;missing_or_conflicting_actual_secondary_census_2010
Q19813719,2021:data_allsettlements_anon_156_v20251217.parquet:parquet:73073,Крутцы,missing_or_conflicting_actual_secondary_census_2002;missing_or_conflicting_actual_secondary_census_2010
Q4344680,2021:data_allsettlements_anon_156_v20251217.parquet:parquet:7317,Папинская,missing_or_conflicting_actual_secondary_census_2002
Q108787909,2021:data_allsettlements_anon_156_v20251217.parquet:parquet:75255,Высоково,missing_or_conflicting_actual_secondary_census_2002;missing_or_conflicting_actual_secondary_census_2010
Q4372740,2021:data_allsettlements_anon_156_v20251217.parquet:parquet:7562,Поповка,missing_or_conflicting_actual_secondary_census_2002
Q18772155,2021:data_allsettlements_anon_156_v20251217.parquet:parquet:76259,Гари,missing_or_conflicting_actual_secondary_census_2002;missing_or_conflicting_actual_secondary_census_2010
Q18778162,2021:data_allsettlements_anon_156_v20251217.parquet:parquet:76263,Зубово,missing_or_conflicting_actual_secondary_census_2002;missing_or_conflicting_actual_secondary_census_2010
Q29405039,2021:data_allsettlements_anon_156_v20251217.parquet:parquet:77188,Дубровка,missing_or_conflicting_actual_secondary_census_2002;missing_or_conflicting_actual_secondary_census_2010
Q29403415,2021:data_allsettlements_anon_156_v20251217.parquet:parquet:78078,Горка,missing_or_conflicting_actual_secondary_census_2002;missing_or_conflicting_actual_secondary_census_2010
Q4401335,2021:data_allsettlements_anon_156_v20251217.parquet:parquet:80331,Ручьи,missing_or_conflicting_actual_secondary_census_2002;missing_or_conflicting_actual_secondary_census_2010
Q4106489,2021:data_allsettlements_anon_156_v20251217.parquet:parquet:8658,Великий Двор,missing_or_conflicting_actual_secondary_census_2002
Q18766813,2021:data_allsettlements_anon_156_v20251217.parquet:parquet:90206,Березник,missing_or_conflicting_actual_secondary_census_2002
Q4023832,2021:data_allsettlements_anon_156_v20251217.parquet:parquet:90286,Заполье,same_own_QID_multiple_current_native_NPs;missing_or_conflicting_actual_secondary_census_2002
Q23876641,2021:data_allsettlements_anon_156_v20251217.parquet:parquet:93736,Пригожевский,missing_or_conflicting_actual_secondary_census_2002
Q4145179,2021:data_allsettlements_anon_156_v20251217.parquet:parquet:101025,Городище,same_own_QID_multiple_current_native_NPs
Q4211007,2021:data_allsettlements_anon_156_v20251217.parquet:parquet:122033,Каменка,missing_or_conflicting_actual_secondary_census_2002;missing_or_conflicting_actual_secondary_census_2010
Q4365242,2021:data_allsettlements_anon_156_v20251217.parquet:parquet:124917,Плоское,missing_or_conflicting_actual_secondary_census_2002;missing_or_conflicting_actual_secondary_census_2010
Q4397333,2021:data_allsettlements_anon_156_v20251217.parquet:parquet:13446,Романово,missing_or_conflicting_actual_secondary_census_2002
Q18764958,2021:data_allsettlements_anon_156_v20251217.parquet:parquet:156866,Александрово,missing_or_conflicting_actual_secondary_census_2002
Q24068824,2021:data_allsettlements_anon_156_v20251217.parquet:parquet:23392,Чуйозы,missing_or_conflicting_actual_secondary_census_2002;missing_or_conflicting_actual_secondary_census_2010
Q15364352,2021:data_allsettlements_anon_156_v20251217.parquet:parquet:37430,Содом,missing_or_conflicting_actual_secondary_census_2002;missing_or_conflicting_actual_secondary_census_2010
Q19817139,2021:data_allsettlements_anon_156_v20251217.parquet:parquet:43175,Бараново,missing_or_conflicting_actual_secondary_census_2002
Q19616606,2021:data_allsettlements_anon_156_v20251217.parquet:parquet:56119,Каменка,missing_or_conflicting_actual_secondary_census_2010
Q19826275,2021:data_allsettlements_anon_156_v20251217.parquet:parquet:57288,Бор,missing_or_conflicting_actual_secondary_census_2002;missing_or_conflicting_actual_secondary_census_2010
Q19614542,2021:data_allsettlements_anon_156_v20251217.parquet:parquet:57357,Горка,missing_or_conflicting_actual_secondary_census_2002;missing_or_conflicting_actual_secondary_census_2010
Q27595389,2021:data_allsettlements_anon_156_v20251217.parquet:parquet:60094,Алексеевка,missing_or_conflicting_actual_secondary_census_2002;missing_or_conflicting_actual_secondary_census_2010
Q4084473,2021:data_allsettlements_anon_156_v20251217.parquet:parquet:6285,Березник,missing_or_conflicting_actual_secondary_census_2002
Q19813113,2021:data_allsettlements_anon_156_v20251217.parquet:parquet:73832,Зубово,missing_or_conflicting_actual_secondary_census_2002;missing_or_conflicting_actual_secondary_census_2010
Q56315681,2021:data_allsettlements_anon_156_v20251217.parquet:parquet:75171,Соловьево,missing_or_conflicting_actual_secondary_census_2002;missing_or_conflicting_actual_secondary_census_2010
Q18778143,2021:data_allsettlements_anon_156_v20251217.parquet:parquet:75196,Зубово,missing_or_conflicting_actual_secondary_census_2002;missing_or_conflicting_actual_secondary_census_2010
Q18782853,2021:data_allsettlements_anon_156_v20251217.parquet:parquet:75287,Кузнечиха,missing_or_conflicting_actual_secondary_census_2002;missing_or_conflicting_actual_secondary_census_2010
Q23683457,2021:data_allsettlements_anon_156_v20251217.parquet:parquet:77286,Горка,missing_or_conflicting_actual_secondary_census_2002;missing_or_conflicting_actual_secondary_census_2010
Q4418905,2021:data_allsettlements_anon_156_v20251217.parquet:parquet:87621,Сидоровская,missing_or_conflicting_actual_secondary_census_2002
Q20590156,2021:data_allsettlements_anon_156_v20251217.parquet:parquet:87721,Сидоровская,missing_or_conflicting_actual_secondary_census_2002
Q20575899,2021:data_allsettlements_anon_156_v20251217.parquet:parquet:87734,Березник,missing_or_conflicting_actual_secondary_census_2002
Q18776915,2021:data_allsettlements_anon_156_v20251217.parquet:parquet:88167,Заболотье,missing_or_conflicting_actual_secondary_census_2002
Q18781139,2021:data_allsettlements_anon_156_v20251217.parquet:parquet:88471,Кондратовская,missing_or_conflicting_actual_secondary_census_2002
Q25606979,2021:data_allsettlements_anon_156_v20251217.parquet:parquet:89859,Бережная,missing_or_conflicting_actual_secondary_census_2002
Q18791348,2021:data_allsettlements_anon_156_v20251217.parquet:parquet:90181,Мыза,missing_or_conflicting_actual_secondary_census_2002
Q23976012,2021:data_allsettlements_anon_156_v20251217.parquet:parquet:91576,Алексеевка,same_own_QID_multiple_current_native_NPs;missing_or_conflicting_actual_secondary_census_2002
Q16488021,2021:data_allsettlements_anon_156_v20251217.parquet:parquet:92054,Александровка,missing_or_conflicting_actual_secondary_census_2002
Q23976036,2021:data_allsettlements_anon_156_v20251217.parquet:parquet:92161,Горностаевка,missing_or_conflicting_actual_secondary_census_2002
Q100226591,2021:data_allsettlements_anon_156_v20251217.parquet:parquet:97790,Казарма 30-й км,population_item_current_own_binding_not_positive;missing_or_conflicting_actual_secondary_census_2002;missing_or_conflicting_actual_secondary_census_2010
Q18768362,2021:data_allsettlements_anon_156_v20251217.parquet:parquet:108432,Борки,missing_or_conflicting_actual_secondary_census_2010
Q18777479,2021:data_allsettlements_anon_156_v20251217.parquet:parquet:108449,Заполье,missing_or_conflicting_actual_secondary_census_2010
Q23846504,2021:data_allsettlements_anon_156_v20251217.parquet:parquet:112751,Заря,missing_or_conflicting_actual_secondary_census_2002;missing_or_conflicting_actual_secondary_census_2010
Q4423630,2021:data_allsettlements_anon_156_v20251217.parquet:parquet:11398,Слободка,missing_or_conflicting_actual_secondary_census_2002
Q4440626,2021:data_allsettlements_anon_156_v20251217.parquet:parquet:124574,Староселье,missing_or_conflicting_actual_secondary_census_2002;missing_or_conflicting_actual_secondary_census_2010
Q4171125,2021:data_allsettlements_anon_156_v20251217.parquet:parquet:124911,Дурово,missing_or_conflicting_actual_secondary_census_2002;missing_or_conflicting_actual_secondary_census_2010
Q4325305,2021:data_allsettlements_anon_156_v20251217.parquet:parquet:125473,Новоселки,missing_or_conflicting_actual_secondary_census_2002;missing_or_conflicting_actual_secondary_census_2010
Q19616018,2021:data_allsettlements_anon_156_v20251217.parquet:parquet:16033,Ивановка,missing_or_conflicting_actual_secondary_census_2002
Q21335062,2021:data_allsettlements_anon_156_v20251217.parquet:parquet:172029,Березники,missing_or_conflicting_actual_secondary_census_2002;missing_or_conflicting_actual_secondary_census_2010
Q105075450,2021:data_allsettlements_anon_156_v20251217.parquet:parquet:31267,Сибово,missing_or_conflicting_actual_secondary_census_2002;missing_or_conflicting_actual_secondary_census_2010
Q105104794,2021:data_allsettlements_anon_156_v20251217.parquet:parquet:31268,Усть-Яндома,missing_or_conflicting_actual_secondary_census_2002;missing_or_conflicting_actual_secondary_census_2010
Q27595480,2021:data_allsettlements_anon_156_v20251217.parquet:parquet:54297,Никольское,missing_or_conflicting_actual_secondary_census_2002;missing_or_conflicting_actual_secondary_census_2010
Q27547006,2021:data_allsettlements_anon_156_v20251217.parquet:parquet:72433,Сосновка,missing_or_conflicting_actual_secondary_census_2002;missing_or_conflicting_actual_secondary_census_2010
Q18765542,2021:data_allsettlements_anon_156_v20251217.parquet:parquet:72782,Антониха,missing_or_conflicting_actual_secondary_census_2002;missing_or_conflicting_actual_secondary_census_2010
Q18806688,2021:data_allsettlements_anon_156_v20251217.parquet:parquet:76292,Шадрино,missing_or_conflicting_actual_secondary_census_2002;missing_or_conflicting_actual_secondary_census_2010
Q29567896,2021:data_allsettlements_anon_156_v20251217.parquet:parquet:78635,Горка,missing_or_conflicting_actual_secondary_census_2002;missing_or_conflicting_actual_secondary_census_2010
Q4375309,2021:data_allsettlements_anon_156_v20251217.parquet:parquet:8610,Починок,missing_or_conflicting_actual_secondary_census_2002
Q4093936,2021:data_allsettlements_anon_156_v20251217.parquet:parquet:8771,Борисово,missing_or_conflicting_actual_secondary_census_2002
Q18777468,2021:data_allsettlements_anon_156_v20251217.parquet:parquet:88749,Заполье,missing_or_conflicting_actual_secondary_census_2002
Q18807936,2021:data_allsettlements_anon_156_v20251217.parquet:parquet:88801,Якушевская,missing_or_conflicting_actual_secondary_census_2002
Q4084479,2021:data_allsettlements_anon_156_v20251217.parquet:parquet:89401,Березник,missing_or_conflicting_actual_secondary_census_2002
Q4023830,2021:data_allsettlements_anon_156_v20251217.parquet:parquet:90004,Заполье,missing_or_conflicting_actual_secondary_census_2002
Q18792279,2021:data_allsettlements_anon_156_v20251217.parquet:parquet:90047,Низ,missing_or_conflicting_actual_secondary_census_2002
Q25607516,2021:data_allsettlements_anon_156_v20251217.parquet:parquet:90189,Погост,missing_or_conflicting_actual_secondary_census_2002
Q27551798,2021:data_allsettlements_anon_156_v20251217.parquet:parquet:90219,Осередок,missing_or_conflicting_actual_secondary_census_2002
Q27554228,2021:data_allsettlements_anon_156_v20251217.parquet:parquet:90694,Лахта,missing_or_conflicting_actual_secondary_census_2002
Q23871168,2021:data_allsettlements_anon_156_v20251217.parquet:parquet:90945,Никольский,missing_or_conflicting_actual_secondary_census_2002
Q4144286,2021:data_allsettlements_anon_156_v20251217.parquet:parquet:9667,Горка,missing_or_conflicting_actual_secondary_census_2002
