from_source_record_id,from_year,to_source_record_id,to_year,relation,settlement_name,settlement_type,region_norm,from_population_raw,to_population_raw,population_ratio_max_over_min,population_comparability,distance_m,same_recorded_coordinate_origin,identity_rule,evidence_uri,decision_status
2002:002_d4cda9574f_02c_Bryanskaja.xls:Sheet1:1884,2002,2010:013_f60b2d2bcf_5._20Belg_Bryan_Vlad_Voron_Ivanov_Kalug_20L1_ethn_2010.xls:Data Sheet:3144,2010,same_place,Колодезский,посёлок,брянская,3.0,0.0,,not_assessed_by_identity_rule,0.0,True,exact_name_type_region_unique_pair_accepted_points_le_1km_no_collision_no_duplicate_year; shared exact GeoKLADR source may support identity with zero count but outlier ratios held,research_rebuild/evidence/coordinate_proximity_audit_20261005/new_component_compatible_pairs_within1km.csv,checked_rule_accepted
2002:002_d4cda9574f_02c_Bryanskaja.xls:Sheet1:2177,2002,2010:013_f60b2d2bcf_5._20Belg_Bryan_Vlad_Voron_Ivanov_Kalug_20L1_ethn_2010.xls:Data Sheet:3510,2010,same_place,Устиново,деревня,брянская,0.0,0.0,,not_assessed_by_identity_rule,0.0,True,exact_name_type_region_unique_pair_accepted_points_le_1km_no_collision_no_duplicate_year; shared exact GeoKLADR source may support identity with zero count but outlier ratios held,research_rebuild/evidence/coordinate_proximity_audit_20261005/new_component_compatible_pairs_within1km.csv,checked_rule_accepted
2002:002_d4cda9574f_02c_Bryanskaja.xls:Sheet1:2223,2002,2010:013_f60b2d2bcf_5._20Belg_Bryan_Vlad_Voron_Ivanov_Kalug_20L1_ethn_2010.xls:Data Sheet:3453,2010,same_place,Ульянов Гай,посёлок,брянская,2.0,0.0,,not_assessed_by_identity_rule,0.0,True,exact_name_type_region_unique_pair_accepted_points_le_1km_no_collision_no_duplicate_year; shared exact GeoKLADR source may support identity with zero count but outlier ratios held,research_rebuild/evidence/coordinate_proximity_audit_20261005/new_component_compatible_pairs_within1km.csv,checked_rule_accepted
2002:002_d4cda9574f_02c_Bryanskaja.xls:Sheet1:2275,2002,2010:013_f60b2d2bcf_5._20Belg_Bryan_Vlad_Voron_Ivanov_Kalug_20L1_ethn_2010.xls:Data Sheet:3469,2010,same_place,Стрелица,посёлок,брянская,0.0,0.0,,not_assessed_by_identity_rule,0.0,True,exact_name_type_region_unique_pair_accepted_points_le_1km_no_collision_no_duplicate_year; shared exact GeoKLADR source may support identity with zero count but outlier ratios held,research_rebuild/evidence/coordinate_proximity_audit_20261005/new_component_compatible_pairs_within1km.csv,checked_rule_accepted
2002:002_d4cda9574f_02c_Bryanskaja.xls:Sheet1:329,2002,2010:013_f60b2d2bcf_5._20Belg_Bryan_Vlad_Voron_Ivanov_Kalug_20L1_ethn_2010.xls:Data Sheet:1892,2010,same_place,Нововеликий Бор,посёлок,брянская,8.0,0.0,,not_assessed_by_identity_rule,0.0,True,exact_name_type_region_unique_pair_accepted_points_le_1km_no_collision_no_duplicate_year; shared exact GeoKLADR source may support identity with zero count but outlier ratios held,research_rebuild/evidence/coordinate_proximity_audit_20261005/new_component_compatible_pairs_within1km.csv,checked_rule_accepted
2002:002_d4cda9574f_02c_Bryanskaja.xls:Sheet1:347,2002,2010:013_f60b2d2bcf_5._20Belg_Bryan_Vlad_Voron_Ivanov_Kalug_20L1_ethn_2010.xls:Data Sheet:1876,2010,same_place,Безбожник,посёлок,брянская,2.0,0.0,,not_assessed_by_identity_rule,0.0,True,exact_name_type_region_unique_pair_accepted_points_le_1km_no_collision_no_duplicate_year; shared exact GeoKLADR source may support identity with zero count but outlier ratios held,research_rebuild/evidence/coordinate_proximity_audit_20261005/new_component_compatible_pairs_within1km.csv,checked_rule_accepted
2002:002_d4cda9574f_02c_Bryanskaja.xls:Sheet1:349,2002,2010:013_f60b2d2bcf_5._20Belg_Bryan_Vlad_Voron_Ivanov_Kalug_20L1_ethn_2010.xls:Data Sheet:1877,2010,same_place,Зайцев,посёлок,брянская,10.0,0.0,,not_assessed_by_identity_rule,0.0,True,exact_name_type_region_unique_pair_accepted_points_le_1km_no_collision_no_duplicate_year; shared exact GeoKLADR source may support identity with zero count but outlier ratios held,research_rebuild/evidence/coordinate_proximity_audit_20261005/new_component_compatible_pairs_within1km.csv,checked_rule_accepted
2002:002_d4cda9574f_02c_Bryanskaja.xls:Sheet1:352,2002,2010:013_f60b2d2bcf_5._20Belg_Bryan_Vlad_Voron_Ivanov_Kalug_20L1_ethn_2010.xls:Data Sheet:1900,2010,same_place,Криштопов Ручей,посёлок,брянская,2.0,0.0,,not_assessed_by_identity_rule,0.0,True,exact_name_type_region_unique_pair_accepted_points_le_1km_no_collision_no_duplicate_year; shared exact GeoKLADR source may support identity with zero count but outlier ratios held,research_rebuild/evidence/coordinate_proximity_audit_20261005/new_component_compatible_pairs_within1km.csv,checked_rule_accepted
2002:002_d4cda9574f_02c_Bryanskaja.xls:Sheet1:378,2002,2010:013_f60b2d2bcf_5._20Belg_Bryan_Vlad_Voron_Ivanov_Kalug_20L1_ethn_2010.xls:Data Sheet:1884,2010,same_place,Березина,посёлок,брянская,1.0,0.0,,not_assessed_by_identity_rule,0.0,True,exact_name_type_region_unique_pair_accepted_points_le_1km_no_collision_no_duplicate_year; shared exact GeoKLADR source may support identity with zero count but outlier ratios held,research_rebuild/evidence/coordinate_proximity_audit_20261005/new_component_compatible_pairs_within1km.csv,checked_rule_accepted
2002:002_d4cda9574f_02c_Bryanskaja.xls:Sheet1:386,2002,2010:013_f60b2d2bcf_5._20Belg_Bryan_Vlad_Voron_Ivanov_Kalug_20L1_ethn_2010.xls:Data Sheet:1922,2010,same_place,Никитовка,посёлок,брянская,3.0,0.0,,not_assessed_by_identity_rule,0.0,True,exact_name_type_region_unique_pair_accepted_points_le_1km_no_collision_no_duplicate_year; shared exact GeoKLADR source may support identity with zero count but outlier ratios held,research_rebuild/evidence/coordinate_proximity_audit_20261005/new_component_compatible_pairs_within1km.csv,checked_rule_accepted
2002:002_d4cda9574f_02c_Bryanskaja.xls:Sheet1:388,2002,2010:013_f60b2d2bcf_5._20Belg_Bryan_Vlad_Voron_Ivanov_Kalug_20L1_ethn_2010.xls:Data Sheet:1923,2010,same_place,Степана Разина,посёлок,брянская,5.0,0.0,,not_assessed_by_identity_rule,0.0,True,exact_name_type_region_unique_pair_accepted_points_le_1km_no_collision_no_duplicate_year; shared exact GeoKLADR source may support identity with zero count but outlier ratios held,research_rebuild/evidence/coordinate_proximity_audit_20261005/new_component_compatible_pairs_within1km.csv,checked_rule_accepted
2002:002_d4cda9574f_02c_Bryanskaja.xls:Sheet1:828,2002,2010:013_f60b2d2bcf_5._20Belg_Bryan_Vlad_Voron_Ivanov_Kalug_20L1_ethn_2010.xls:Data Sheet:2341,2010,same_place,Беляева,деревня,брянская,3.0,0.0,,not_assessed_by_identity_rule,0.0,True,exact_name_type_region_unique_pair_accepted_points_le_1km_no_collision_no_duplicate_year; shared exact GeoKLADR source may support identity with zero count but outlier ratios held,research_rebuild/evidence/coordinate_proximity_audit_20261005/new_component_compatible_pairs_within1km.csv,checked_rule_accepted
2002:002_d4cda9574f_02c_Bryanskaja.xls:Sheet1:848,2002,2010:013_f60b2d2bcf_5._20Belg_Bryan_Vlad_Voron_Ivanov_Kalug_20L1_ethn_2010.xls:Data Sheet:2355,2010,same_place,Голицын,посёлок,брянская,2.0,0.0,,not_assessed_by_identity_rule,0.0,True,exact_name_type_region_unique_pair_accepted_points_le_1km_no_collision_no_duplicate_year; shared exact GeoKLADR source may support identity with zero count but outlier ratios held,research_rebuild/evidence/coordinate_proximity_audit_20261005/new_component_compatible_pairs_within1km.csv,checked_rule_accepted
2002:002_d4cda9574f_02c_Bryanskaja.xls:Sheet1:850,2002,2010:013_f60b2d2bcf_5._20Belg_Bryan_Vlad_Voron_Ivanov_Kalug_20L1_ethn_2010.xls:Data Sheet:2357,2010,same_place,Гремучий,посёлок,брянская,0.0,0.0,,not_assessed_by_identity_rule,0.0,True,exact_name_type_region_unique_pair_accepted_points_le_1km_no_collision_no_duplicate_year; shared exact GeoKLADR source may support identity with zero count but outlier ratios held,research_rebuild/evidence/coordinate_proximity_audit_20261005/new_component_compatible_pairs_within1km.csv,checked_rule_accepted
2002:002_d4cda9574f_02c_Bryanskaja.xls:Sheet1:859,2002,2010:013_f60b2d2bcf_5._20Belg_Bryan_Vlad_Voron_Ivanov_Kalug_20L1_ethn_2010.xls:Data Sheet:2366,2010,same_place,Уткина,деревня,брянская,0.0,0.0,,not_assessed_by_identity_rule,0.0,True,exact_name_type_region_unique_pair_accepted_points_le_1km_no_collision_no_duplicate_year; shared exact GeoKLADR source may support identity with zero count but outlier ratios held,research_rebuild/evidence/coordinate_proximity_audit_20261005/new_component_compatible_pairs_within1km.csv,checked_rule_accepted
2002:002_d4cda9574f_02c_Bryanskaja.xls:Sheet1:880,2002,2010:013_f60b2d2bcf_5._20Belg_Bryan_Vlad_Voron_Ivanov_Kalug_20L1_ethn_2010.xls:Data Sheet:2385,2010,same_place,Богатырево,деревня,брянская,0.0,0.0,,not_assessed_by_identity_rule,0.0,True,exact_name_type_region_unique_pair_accepted_points_le_1km_no_collision_no_duplicate_year; shared exact GeoKLADR source may support identity with zero count but outlier ratios held,research_rebuild/evidence/coordinate_proximity_audit_20261005/new_component_compatible_pairs_within1km.csv,checked_rule_accepted
2002:002_d4cda9574f_02c_Bryanskaja.xls:Sheet1:932,2002,2010:013_f60b2d2bcf_5._20Belg_Bryan_Vlad_Voron_Ivanov_Kalug_20L1_ethn_2010.xls:Data Sheet:2345,2010,same_place,Азарова,деревня,брянская,5.0,0.0,,not_assessed_by_identity_rule,0.0,True,exact_name_type_region_unique_pair_accepted_points_le_1km_no_collision_no_duplicate_year; shared exact GeoKLADR source may support identity with zero count but outlier ratios held,research_rebuild/evidence/coordinate_proximity_audit_20261005/new_component_compatible_pairs_within1km.csv,checked_rule_accepted
2002:004_f58b08b4f6_02c_Voronezhskaja.xls:Sheet1:20,2002,2010:013_f60b2d2bcf_5._20Belg_Bryan_Vlad_Voron_Ivanov_Kalug_20L1_ethn_2010.xls:Data Sheet:8550,2010,same_place,Репное,посёлок,воронежская,0.0,249.0,,not_assessed_by_identity_rule,0.0,True,exact_name_type_region_unique_pair_accepted_points_le_1km_no_collision_no_duplicate_year; shared exact GeoKLADR source may support identity with zero count but outlier ratios held,research_rebuild/evidence/coordinate_proximity_audit_20261005/new_component_compatible_pairs_within1km.csv,checked_rule_accepted
2002:005_14871cc62a_02c_Ivanovskaja.xls:Sheet1:2705,2002,2010:013_f60b2d2bcf_5._20Belg_Bryan_Vlad_Voron_Ivanov_Kalug_20L1_ethn_2010.xls:Data Sheet:11040,2010,same_place,Обезово,село,ивановская,0.0,0.0,,not_assessed_by_identity_rule,0.0,True,exact_name_type_region_unique_pair_accepted_points_le_1km_no_collision_no_duplicate_year; shared exact GeoKLADR source may support identity with zero count but outlier ratios held,research_rebuild/evidence/coordinate_proximity_audit_20261005/new_component_compatible_pairs_within1km.csv,checked_rule_accepted
2002:006_1916564aaa_02c_Kaluzhskaja.xls:Sheet1:3050,2002,2010:013_f60b2d2bcf_5._20Belg_Bryan_Vlad_Voron_Ivanov_Kalug_20L1_ethn_2010.xls:Data Sheet:14224,2010,same_place,Коломлино,деревня,калужская,4.0,0.0,,not_assessed_by_identity_rule,0.0,True,exact_name_type_region_unique_pair_accepted_points_le_1km_no_collision_no_duplicate_year; shared exact GeoKLADR source may support identity with zero count but outlier ratios held,research_rebuild/evidence/coordinate_proximity_audit_20261005/new_component_compatible_pairs_within1km.csv,checked_rule_accepted
2002:010_3e630cc803_02c_Moskovskaya-oblast.xls:Sheet1:3040,2002,2010:010_711691e352_2._20Kostrom_Kur_Lip_Moscow_MoscObl_Orlov_2010.xls:Data Sheet:10832,2010,same_place,Бородино,посёлок,московская,271.0,287.0,1.0590405904059041,not_assessed_by_identity_rule,0.0,True,exact_name_type_region_unique_pair_accepted_points_le_1km_no_collision_no_duplicate_year; shared exact GeoKLADR source may support identity with zero count but outlier ratios held,research_rebuild/evidence/coordinate_proximity_audit_20261005/new_component_compatible_pairs_within1km.csv,checked_rule_accepted
2002:010_3e630cc803_02c_Moskovskaya-oblast.xls:Sheet1:4578,2002,2010:010_711691e352_2._20Kostrom_Kur_Lip_Moscow_MoscObl_Orlov_2010.xls:Data Sheet:12141,2010,same_place,Сальково,село,московская,10.0,10.0,1.0,not_asserted,0.0,True,exact_name_type_region_unique_pair_accepted_points_le_1km_no_collision_no_duplicate_year; shared exact GeoKLADR source may support identity with zero count but outlier ratios held,research_rebuild/evidence/coordinate_proximity_audit_20261005/new_component_compatible_pairs_within1km.csv,checked_rule_accepted
2002:013_2dd2afccd6_02c_Smolenskaja.xls:Sheet1:1120,2002,2010:011_040325482b_3._20Ryaz_Smol_Tambov_Tula_Jaroslavl_20L1_20ethn_2010.xls:Data Sheet:3790,2010,same_place,Дубиново,деревня,смоленская,3.0,0.0,,not_assessed_by_identity_rule,0.0,True,exact_name_type_region_unique_pair_accepted_points_le_1km_no_collision_no_duplicate_year; shared exact GeoKLADR source may support identity with zero count but outlier ratios held,research_rebuild/evidence/coordinate_proximity_audit_20261005/new_component_compatible_pairs_within1km.csv,checked_rule_accepted
2002:013_2dd2afccd6_02c_Smolenskaja.xls:Sheet1:1438,2002,2010:011_040325482b_3._20Ryaz_Smol_Tambov_Tula_Jaroslavl_20L1_20ethn_2010.xls:Data Sheet:4042,2010,same_place,Калошино,деревня,смоленская,0.0,0.0,,not_assessed_by_identity_rule,0.0,True,exact_name_type_region_unique_pair_accepted_points_le_1km_no_collision_no_duplicate_year; shared exact GeoKLADR source may support identity with zero count but outlier ratios held,research_rebuild/evidence/coordinate_proximity_audit_20261005/new_component_compatible_pairs_within1km.csv,checked_rule_accepted
2002:013_2dd2afccd6_02c_Smolenskaja.xls:Sheet1:1869,2002,2010:011_040325482b_3._20Ryaz_Smol_Tambov_Tula_Jaroslavl_20L1_20ethn_2010.xls:Data Sheet:4460,2010,same_place,Гальцово,деревня,смоленская,0.0,0.0,,not_assessed_by_identity_rule,0.0,True,exact_name_type_region_unique_pair_accepted_points_le_1km_no_collision_no_duplicate_year; shared exact GeoKLADR source may support identity with zero count but outlier ratios held,research_rebuild/evidence/coordinate_proximity_audit_20261005/new_component_compatible_pairs_within1km.csv,checked_rule_accepted
2002:013_2dd2afccd6_02c_Smolenskaja.xls:Sheet1:189,2002,2010:011_040325482b_3._20Ryaz_Smol_Tambov_Tula_Jaroslavl_20L1_20ethn_2010.xls:Data Sheet:3135,2010,same_place,Аделаидино,деревня,смоленская,5.0,0.0,,not_assessed_by_identity_rule,0.0,True,exact_name_type_region_unique_pair_accepted_points_le_1km_no_collision_no_duplicate_year; shared exact GeoKLADR source may support identity with zero count but outlier ratios held,research_rebuild/evidence/coordinate_proximity_audit_20261005/new_component_compatible_pairs_within1km.csv,checked_rule_accepted
2002:013_2dd2afccd6_02c_Smolenskaja.xls:Sheet1:2007,2002,2010:011_040325482b_3._20Ryaz_Smol_Tambov_Tula_Jaroslavl_20L1_20ethn_2010.xls:Data Sheet:4585,2010,same_place,Конец,станция,смоленская,0.0,0.0,,not_assessed_by_identity_rule,0.0,True,exact_name_type_region_unique_pair_accepted_points_le_1km_no_collision_no_duplicate_year; shared exact GeoKLADR source may support identity with zero count but outlier ratios held,research_rebuild/evidence/coordinate_proximity_audit_20261005/new_component_compatible_pairs_within1km.csv,checked_rule_accepted
2002:013_2dd2afccd6_02c_Smolenskaja.xls:Sheet1:2090,2002,2010:011_040325482b_3._20Ryaz_Smol_Tambov_Tula_Jaroslavl_20L1_20ethn_2010.xls:Data Sheet:4663,2010,same_place,Гусино,посёлок,смоленская,3298.0,2842.0,1.1604503870513723,not_assessed_by_identity_rule,0.0,True,exact_name_type_region_unique_pair_accepted_points_le_1km_no_collision_no_duplicate_year; shared exact GeoKLADR source may support identity with zero count but outlier ratios held,research_rebuild/evidence/coordinate_proximity_audit_20261005/new_component_compatible_pairs_within1km.csv,checked_rule_accepted
2002:013_2dd2afccd6_02c_Smolenskaja.xls:Sheet1:2438,2002,2010:011_040325482b_3._20Ryaz_Smol_Tambov_Tula_Jaroslavl_20L1_20ethn_2010.xls:Data Sheet:4822,2010,same_place,Ивкино,деревня,смоленская,1.0,0.0,,not_assessed_by_identity_rule,0.0,True,exact_name_type_region_unique_pair_accepted_points_le_1km_no_collision_no_duplicate_year; shared exact GeoKLADR source may support identity with zero count but outlier ratios held,research_rebuild/evidence/coordinate_proximity_audit_20261005/new_component_compatible_pairs_within1km.csv,checked_rule_accepted
2002:013_2dd2afccd6_02c_Smolenskaja.xls:Sheet1:359,2002,2010:011_040325482b_3._20Ryaz_Smol_Tambov_Tula_Jaroslavl_20L1_20ethn_2010.xls:Data Sheet:3088,2010,same_place,Рословец,деревня,смоленская,0.0,0.0,,not_assessed_by_identity_rule,0.0,True,exact_name_type_region_unique_pair_accepted_points_le_1km_no_collision_no_duplicate_year; shared exact GeoKLADR source may support identity with zero count but outlier ratios held,research_rebuild/evidence/coordinate_proximity_audit_20261005/new_component_compatible_pairs_within1km.csv,checked_rule_accepted
2002:013_2dd2afccd6_02c_Smolenskaja.xls:Sheet1:3730,2002,2010:011_040325482b_3._20Ryaz_Smol_Tambov_Tula_Jaroslavl_20L1_20ethn_2010.xls:Data Sheet:6113,2010,same_place,Васильевщина,деревня,смоленская,7.0,0.0,,not_assessed_by_identity_rule,0.0,True,exact_name_type_region_unique_pair_accepted_points_le_1km_no_collision_no_duplicate_year; shared exact GeoKLADR source may support identity with zero count but outlier ratios held,research_rebuild/evidence/coordinate_proximity_audit_20261005/new_component_compatible_pairs_within1km.csv,checked_rule_accepted
2002:013_2dd2afccd6_02c_Smolenskaja.xls:Sheet1:3741,2002,2010:011_040325482b_3._20Ryaz_Smol_Tambov_Tula_Jaroslavl_20L1_20ethn_2010.xls:Data Sheet:6123,2010,same_place,Горяиново,деревня,смоленская,7.0,0.0,,not_assessed_by_identity_rule,0.0,True,exact_name_type_region_unique_pair_accepted_points_le_1km_no_collision_no_duplicate_year; shared exact GeoKLADR source may support identity with zero count but outlier ratios held,research_rebuild/evidence/coordinate_proximity_audit_20261005/new_component_compatible_pairs_within1km.csv,checked_rule_accepted
2002:013_2dd2afccd6_02c_Smolenskaja.xls:Sheet1:3920,2002,2010:011_040325482b_3._20Ryaz_Smol_Tambov_Tula_Jaroslavl_20L1_20ethn_2010.xls:Data Sheet:6280,2010,same_place,Ильюшино,деревня,смоленская,231.0,0.0,,not_assessed_by_identity_rule,0.0,True,exact_name_type_region_unique_pair_accepted_points_le_1km_no_collision_no_duplicate_year; shared exact GeoKLADR source may support identity with zero count but outlier ratios held,research_rebuild/evidence/coordinate_proximity_audit_20261005/new_component_compatible_pairs_within1km.csv,checked_rule_accepted
2002:013_2dd2afccd6_02c_Smolenskaja.xls:Sheet1:401,2002,2010:011_040325482b_3._20Ryaz_Smol_Tambov_Tula_Jaroslavl_20L1_20ethn_2010.xls:Data Sheet:3128,2010,same_place,Ризское,деревня,смоленская,0.0,0.0,,not_assessed_by_identity_rule,0.0,True,exact_name_type_region_unique_pair_accepted_points_le_1km_no_collision_no_duplicate_year; shared exact GeoKLADR source may support identity with zero count but outlier ratios held,research_rebuild/evidence/coordinate_proximity_audit_20261005/new_component_compatible_pairs_within1km.csv,checked_rule_accepted
2002:013_2dd2afccd6_02c_Smolenskaja.xls:Sheet1:4431,2002,2010:011_040325482b_3._20Ryaz_Smol_Tambov_Tula_Jaroslavl_20L1_20ethn_2010.xls:Data Sheet:6755,2010,same_place,Мереновка,деревня,смоленская,0.0,0.0,,not_assessed_by_identity_rule,0.0,True,exact_name_type_region_unique_pair_accepted_points_le_1km_no_collision_no_duplicate_year; shared exact GeoKLADR source may support identity with zero count but outlier ratios held,research_rebuild/evidence/coordinate_proximity_audit_20261005/new_component_compatible_pairs_within1km.csv,checked_rule_accepted
2002:013_2dd2afccd6_02c_Smolenskaja.xls:Sheet1:4772,2002,2010:011_040325482b_3._20Ryaz_Smol_Tambov_Tula_Jaroslavl_20L1_20ethn_2010.xls:Data Sheet:7065,2010,same_place,Терентьево,деревня,смоленская,0.0,0.0,,not_assessed_by_identity_rule,0.0,True,exact_name_type_region_unique_pair_accepted_points_le_1km_no_collision_no_duplicate_year; shared exact GeoKLADR source may support identity with zero count but outlier ratios held,research_rebuild/evidence/coordinate_proximity_audit_20261005/new_component_compatible_pairs_within1km.csv,checked_rule_accepted
2002:013_2dd2afccd6_02c_Smolenskaja.xls:Sheet1:4773,2002,2010:011_040325482b_3._20Ryaz_Smol_Tambov_Tula_Jaroslavl_20L1_20ethn_2010.xls:Data Sheet:7066,2010,same_place,Тесное,деревня,смоленская,0.0,0.0,,not_assessed_by_identity_rule,0.0,True,exact_name_type_region_unique_pair_accepted_points_le_1km_no_collision_no_duplicate_year; shared exact GeoKLADR source may support identity with zero count but outlier ratios held,research_rebuild/evidence/coordinate_proximity_audit_20261005/new_component_compatible_pairs_within1km.csv,checked_rule_accepted
2002:013_2dd2afccd6_02c_Smolenskaja.xls:Sheet1:4813,2002,2010:011_040325482b_3._20Ryaz_Smol_Tambov_Tula_Jaroslavl_20L1_20ethn_2010.xls:Data Sheet:7106,2010,same_place,Бизюки,деревня,смоленская,0.0,0.0,,not_assessed_by_identity_rule,0.0,True,exact_name_type_region_unique_pair_accepted_points_le_1km_no_collision_no_duplicate_year; shared exact GeoKLADR source may support identity with zero count but outlier ratios held,research_rebuild/evidence/coordinate_proximity_audit_20261005/new_component_compatible_pairs_within1km.csv,checked_rule_accepted
2002:013_2dd2afccd6_02c_Smolenskaja.xls:Sheet1:4840,2002,2010:011_040325482b_3._20Ryaz_Smol_Tambov_Tula_Jaroslavl_20L1_20ethn_2010.xls:Data Sheet:7129,2010,same_place,Новые Сиваи,деревня,смоленская,0.0,0.0,,not_assessed_by_identity_rule,0.0,True,exact_name_type_region_unique_pair_accepted_points_le_1km_no_collision_no_duplicate_year; shared exact GeoKLADR source may support identity with zero count but outlier ratios held,research_rebuild/evidence/coordinate_proximity_audit_20261005/new_component_compatible_pairs_within1km.csv,checked_rule_accepted
2002:013_2dd2afccd6_02c_Smolenskaja.xls:Sheet1:4841,2002,2010:011_040325482b_3._20Ryaz_Smol_Tambov_Tula_Jaroslavl_20L1_20ethn_2010.xls:Data Sheet:7130,2010,same_place,Печище,деревня,смоленская,0.0,0.0,,not_assessed_by_identity_rule,0.0,True,exact_name_type_region_unique_pair_accepted_points_le_1km_no_collision_no_duplicate_year; shared exact GeoKLADR source may support identity with zero count but outlier ratios held,research_rebuild/evidence/coordinate_proximity_audit_20261005/new_component_compatible_pairs_within1km.csv,checked_rule_accepted
2002:013_2dd2afccd6_02c_Smolenskaja.xls:Sheet1:5336,2002,2010:011_040325482b_3._20Ryaz_Smol_Tambov_Tula_Jaroslavl_20L1_20ethn_2010.xls:Data Sheet:7572,2010,same_place,Демяшонки,деревня,смоленская,3.0,0.0,,not_assessed_by_identity_rule,0.0,True,exact_name_type_region_unique_pair_accepted_points_le_1km_no_collision_no_duplicate_year; shared exact GeoKLADR source may support identity with zero count but outlier ratios held,research_rebuild/evidence/coordinate_proximity_audit_20261005/new_component_compatible_pairs_within1km.csv,checked_rule_accepted
2002:013_2dd2afccd6_02c_Smolenskaja.xls:Sheet1:5340,2002,2010:011_040325482b_3._20Ryaz_Smol_Tambov_Tula_Jaroslavl_20L1_20ethn_2010.xls:Data Sheet:7576,2010,same_place,Морохово,деревня,смоленская,0.0,0.0,,not_assessed_by_identity_rule,0.0,True,exact_name_type_region_unique_pair_accepted_points_le_1km_no_collision_no_duplicate_year; shared exact GeoKLADR source may support identity with zero count but outlier ratios held,research_rebuild/evidence/coordinate_proximity_audit_20261005/new_component_compatible_pairs_within1km.csv,checked_rule_accepted
2002:013_2dd2afccd6_02c_Smolenskaja.xls:Sheet1:5343,2002,2010:011_040325482b_3._20Ryaz_Smol_Tambov_Tula_Jaroslavl_20L1_20ethn_2010.xls:Data Sheet:7579,2010,same_place,Сеченки,деревня,смоленская,0.0,0.0,,not_assessed_by_identity_rule,0.0,True,exact_name_type_region_unique_pair_accepted_points_le_1km_no_collision_no_duplicate_year; shared exact GeoKLADR source may support identity with zero count but outlier ratios held,research_rebuild/evidence/coordinate_proximity_audit_20261005/new_component_compatible_pairs_within1km.csv,checked_rule_accepted
2002:013_2dd2afccd6_02c_Smolenskaja.xls:Sheet1:671,2002,2010:011_040325482b_3._20Ryaz_Smol_Tambov_Tula_Jaroslavl_20L1_20ethn_2010.xls:Data Sheet:3376,2010,same_place,Митенка,деревня,смоленская,1.0,0.0,,not_assessed_by_identity_rule,0.0,True,exact_name_type_region_unique_pair_accepted_points_le_1km_no_collision_no_duplicate_year; shared exact GeoKLADR source may support identity with zero count but outlier ratios held,research_rebuild/evidence/coordinate_proximity_audit_20261005/new_component_compatible_pairs_within1km.csv,checked_rule_accepted
2002:013_2dd2afccd6_02c_Smolenskaja.xls:Sheet1:955,2002,2010:011_040325482b_3._20Ryaz_Smol_Tambov_Tula_Jaroslavl_20L1_20ethn_2010.xls:Data Sheet:3645,2010,same_place,Казеевщина,деревня,смоленская,0.0,0.0,,not_assessed_by_identity_rule,0.0,True,exact_name_type_region_unique_pair_accepted_points_le_1km_no_collision_no_duplicate_year; shared exact GeoKLADR source may support identity with zero count but outlier ratios held,research_rebuild/evidence/coordinate_proximity_audit_20261005/new_component_compatible_pairs_within1km.csv,checked_rule_accepted
2002:014_32646337ea_02c_Tambovskaja.xls:Sheet1:1074,2002,2010:011_040325482b_3._20Ryaz_Smol_Tambov_Tula_Jaroslavl_20L1_20ethn_2010.xls:Data Sheet:8497,2010,same_place,Моховое,посёлок,тамбовская,0.0,0.0,,not_assessed_by_identity_rule,0.0,True,exact_name_type_region_unique_pair_accepted_points_le_1km_no_collision_no_duplicate_year; shared exact GeoKLADR source may support identity with zero count but outlier ratios held,research_rebuild/evidence/coordinate_proximity_audit_20261005/new_component_compatible_pairs_within1km.csv,checked_rule_accepted
2002:014_32646337ea_02c_Tambovskaja.xls:Sheet1:1163,2002,2010:011_040325482b_3._20Ryaz_Smol_Tambov_Tula_Jaroslavl_20L1_20ethn_2010.xls:Data Sheet:8567,2010,same_place,Воронки,деревня,тамбовская,9.0,0.0,,not_assessed_by_identity_rule,0.0,True,exact_name_type_region_unique_pair_accepted_points_le_1km_no_collision_no_duplicate_year; shared exact GeoKLADR source may support identity with zero count but outlier ratios held,research_rebuild/evidence/coordinate_proximity_audit_20261005/new_component_compatible_pairs_within1km.csv,checked_rule_accepted
2002:014_32646337ea_02c_Tambovskaja.xls:Sheet1:1164,2002,2010:011_040325482b_3._20Ryaz_Smol_Tambov_Tula_Jaroslavl_20L1_20ethn_2010.xls:Data Sheet:8568,2010,same_place,Хреновка,деревня,тамбовская,0.0,0.0,,not_assessed_by_identity_rule,0.0,True,exact_name_type_region_unique_pair_accepted_points_le_1km_no_collision_no_duplicate_year; shared exact GeoKLADR source may support identity with zero count but outlier ratios held,research_rebuild/evidence/coordinate_proximity_audit_20261005/new_component_compatible_pairs_within1km.csv,checked_rule_accepted
2002:014_32646337ea_02c_Tambovskaja.xls:Sheet1:1565,2002,2010:011_040325482b_3._20Ryaz_Smol_Tambov_Tula_Jaroslavl_20L1_20ethn_2010.xls:Data Sheet:8866,2010,same_place,Садкино,посёлок,тамбовская,6.0,0.0,,not_assessed_by_identity_rule,0.0,True,exact_name_type_region_unique_pair_accepted_points_le_1km_no_collision_no_duplicate_year; shared exact GeoKLADR source may support identity with zero count but outlier ratios held,research_rebuild/evidence/coordinate_proximity_audit_20261005/new_component_compatible_pairs_within1km.csv,checked_rule_accepted
2002:014_32646337ea_02c_Tambovskaja.xls:Sheet1:1580,2002,2010:011_040325482b_3._20Ryaz_Smol_Tambov_Tula_Jaroslavl_20L1_20ethn_2010.xls:Data Sheet:8876,2010,same_place,Веселкино,деревня,тамбовская,1.0,0.0,,not_assessed_by_identity_rule,0.0,True,exact_name_type_region_unique_pair_accepted_points_le_1km_no_collision_no_duplicate_year; shared exact GeoKLADR source may support identity with zero count but outlier ratios held,research_rebuild/evidence/coordinate_proximity_audit_20261005/new_component_compatible_pairs_within1km.csv,checked_rule_accepted
2002:014_32646337ea_02c_Tambovskaja.xls:Sheet1:159,2002,2010:011_040325482b_3._20Ryaz_Smol_Tambov_Tula_Jaroslavl_20L1_20ethn_2010.xls:Data Sheet:7789,2010,same_place,Волна,посёлок,тамбовская,2.0,0.0,,not_assessed_by_identity_rule,0.0,True,exact_name_type_region_unique_pair_accepted_points_le_1km_no_collision_no_duplicate_year; shared exact GeoKLADR source may support identity with zero count but outlier ratios held,research_rebuild/evidence/coordinate_proximity_audit_20261005/new_component_compatible_pairs_within1km.csv,checked_rule_accepted
2002:014_32646337ea_02c_Tambovskaja.xls:Sheet1:1784,2002,2010:011_040325482b_3._20Ryaz_Smol_Tambov_Tula_Jaroslavl_20L1_20ethn_2010.xls:Data Sheet:9029,2010,same_place,Хомутляй,посёлок,тамбовская,0.0,0.0,,not_assessed_by_identity_rule,0.0,True,exact_name_type_region_unique_pair_accepted_points_le_1km_no_collision_no_duplicate_year; shared exact GeoKLADR source may support identity with zero count but outlier ratios held,research_rebuild/evidence/coordinate_proximity_audit_20261005/new_component_compatible_pairs_within1km.csv,checked_rule_accepted
2002:014_32646337ea_02c_Tambovskaja.xls:Sheet1:1788,2002,2010:011_040325482b_3._20Ryaz_Smol_Tambov_Tula_Jaroslavl_20L1_20ethn_2010.xls:Data Sheet:9032,2010,same_place,Госконюшня,посёлок,тамбовская,0.0,0.0,,not_assessed_by_identity_rule,0.0,True,exact_name_type_region_unique_pair_accepted_points_le_1km_no_collision_no_duplicate_year; shared exact GeoKLADR source may support identity with zero count but outlier ratios held,research_rebuild/evidence/coordinate_proximity_audit_20261005/new_component_compatible_pairs_within1km.csv,checked_rule_accepted
2002:014_32646337ea_02c_Tambovskaja.xls:Sheet1:1962,2002,2010:011_040325482b_3._20Ryaz_Smol_Tambov_Tula_Jaroslavl_20L1_20ethn_2010.xls:Data Sheet:9177,2010,same_place,Красный Токай,посёлок,тамбовская,6.0,0.0,,not_assessed_by_identity_rule,0.0,True,exact_name_type_region_unique_pair_accepted_points_le_1km_no_collision_no_duplicate_year; shared exact GeoKLADR source may support identity with zero count but outlier ratios held,research_rebuild/evidence/coordinate_proximity_audit_20261005/new_component_compatible_pairs_within1km.csv,checked_rule_accepted
2002:014_32646337ea_02c_Tambovskaja.xls:Sheet1:2000,2002,2010:011_040325482b_3._20Ryaz_Smol_Tambov_Tula_Jaroslavl_20L1_20ethn_2010.xls:Data Sheet:9201,2010,same_place,Ивановское Товарищество,посёлок,тамбовская,0.0,0.0,,not_assessed_by_identity_rule,0.0,True,exact_name_type_region_unique_pair_accepted_points_le_1km_no_collision_no_duplicate_year; shared exact GeoKLADR source may support identity with zero count but outlier ratios held,research_rebuild/evidence/coordinate_proximity_audit_20261005/new_component_compatible_pairs_within1km.csv,checked_rule_accepted
2002:014_32646337ea_02c_Tambovskaja.xls:Sheet1:2067,2002,2010:011_040325482b_3._20Ryaz_Smol_Tambov_Tula_Jaroslavl_20L1_20ethn_2010.xls:Data Sheet:9253,2010,same_place,Крутые Сланцы,посёлок,тамбовская,0.0,0.0,,not_assessed_by_identity_rule,0.0,True,exact_name_type_region_unique_pair_accepted_points_le_1km_no_collision_no_duplicate_year; shared exact GeoKLADR source may support identity with zero count but outlier ratios held,research_rebuild/evidence/coordinate_proximity_audit_20261005/new_component_compatible_pairs_within1km.csv,checked_rule_accepted
2002:014_32646337ea_02c_Tambovskaja.xls:Sheet1:2072,2002,2010:011_040325482b_3._20Ryaz_Smol_Tambov_Tula_Jaroslavl_20L1_20ethn_2010.xls:Data Sheet:9259,2010,same_place,Орлянкин,посёлок,тамбовская,0.0,0.0,,not_assessed_by_identity_rule,0.0,True,exact_name_type_region_unique_pair_accepted_points_le_1km_no_collision_no_duplicate_year; shared exact GeoKLADR source may support identity with zero count but outlier ratios held,research_rebuild/evidence/coordinate_proximity_audit_20261005/new_component_compatible_pairs_within1km.csv,checked_rule_accepted
2002:014_32646337ea_02c_Tambovskaja.xls:Sheet1:2073,2002,2010:011_040325482b_3._20Ryaz_Smol_Tambov_Tula_Jaroslavl_20L1_20ethn_2010.xls:Data Sheet:9260,2010,same_place,Родничок,посёлок,тамбовская,0.0,0.0,,not_assessed_by_identity_rule,0.0,True,exact_name_type_region_unique_pair_accepted_points_le_1km_no_collision_no_duplicate_year; shared exact GeoKLADR source may support identity with zero count but outlier ratios held,research_rebuild/evidence/coordinate_proximity_audit_20261005/new_component_compatible_pairs_within1km.csv,checked_rule_accepted
2002:014_32646337ea_02c_Tambovskaja.xls:Sheet1:2092,2002,2010:011_040325482b_3._20Ryaz_Smol_Tambov_Tula_Jaroslavl_20L1_20ethn_2010.xls:Data Sheet:9281,2010,same_place,Новички,посёлок,тамбовская,0.0,0.0,,not_assessed_by_identity_rule,0.0,True,exact_name_type_region_unique_pair_accepted_points_le_1km_no_collision_no_duplicate_year; shared exact GeoKLADR source may support identity with zero count but outlier ratios held,research_rebuild/evidence/coordinate_proximity_audit_20261005/new_component_compatible_pairs_within1km.csv,checked_rule_accepted
2002:014_32646337ea_02c_Tambovskaja.xls:Sheet1:2132,2002,2010:011_040325482b_3._20Ryaz_Smol_Tambov_Tula_Jaroslavl_20L1_20ethn_2010.xls:Data Sheet:9310,2010,same_place,Баклуша,посёлок,тамбовская,0.0,0.0,,not_assessed_by_identity_rule,0.0,True,exact_name_type_region_unique_pair_accepted_points_le_1km_no_collision_no_duplicate_year; shared exact GeoKLADR source may support identity with zero count but outlier ratios held,research_rebuild/evidence/coordinate_proximity_audit_20261005/new_component_compatible_pairs_within1km.csv,checked_rule_accepted
2002:014_32646337ea_02c_Tambovskaja.xls:Sheet1:2142,2002,2010:011_040325482b_3._20Ryaz_Smol_Tambov_Tula_Jaroslavl_20L1_20ethn_2010.xls:Data Sheet:9319,2010,same_place,Троицкое,деревня,тамбовская,13.0,0.0,,not_assessed_by_identity_rule,0.0,True,exact_name_type_region_unique_pair_accepted_points_le_1km_no_collision_no_duplicate_year; shared exact GeoKLADR source may support identity with zero count but outlier ratios held,research_rebuild/evidence/coordinate_proximity_audit_20261005/new_component_compatible_pairs_within1km.csv,checked_rule_accepted
2002:014_32646337ea_02c_Tambovskaja.xls:Sheet1:294,2002,2010:011_040325482b_3._20Ryaz_Smol_Tambov_Tula_Jaroslavl_20L1_20ethn_2010.xls:Data Sheet:7897,2010,same_place,Булгаковка,деревня,тамбовская,2.0,0.0,,not_assessed_by_identity_rule,0.0,True,exact_name_type_region_unique_pair_accepted_points_le_1km_no_collision_no_duplicate_year; shared exact GeoKLADR source may support identity with zero count but outlier ratios held,research_rebuild/evidence/coordinate_proximity_audit_20261005/new_component_compatible_pairs_within1km.csv,checked_rule_accepted
2002:014_32646337ea_02c_Tambovskaja.xls:Sheet1:323,2002,2010:011_040325482b_3._20Ryaz_Smol_Tambov_Tula_Jaroslavl_20L1_20ethn_2010.xls:Data Sheet:7923,2010,same_place,Ржавец,посёлок,тамбовская,0.0,4.0,,not_assessed_by_identity_rule,0.0,True,exact_name_type_region_unique_pair_accepted_points_le_1km_no_collision_no_duplicate_year; shared exact GeoKLADR source may support identity with zero count but outlier ratios held,research_rebuild/evidence/coordinate_proximity_audit_20261005/new_component_compatible_pairs_within1km.csv,checked_rule_accepted
2002:014_32646337ea_02c_Tambovskaja.xls:Sheet1:457,2002,2010:011_040325482b_3._20Ryaz_Smol_Tambov_Tula_Jaroslavl_20L1_20ethn_2010.xls:Data Sheet:8031,2010,same_place,Новая Поляна,посёлок,тамбовская,3.0,0.0,,not_assessed_by_identity_rule,0.0,True,exact_name_type_region_unique_pair_accepted_points_le_1km_no_collision_no_duplicate_year; shared exact GeoKLADR source may support identity with zero count but outlier ratios held,research_rebuild/evidence/coordinate_proximity_audit_20261005/new_component_compatible_pairs_within1km.csv,checked_rule_accepted
2002:014_32646337ea_02c_Tambovskaja.xls:Sheet1:770,2002,2010:011_040325482b_3._20Ryaz_Smol_Tambov_Tula_Jaroslavl_20L1_20ethn_2010.xls:Data Sheet:8270,2010,same_place,Надежка,деревня,тамбовская,0.0,0.0,,not_assessed_by_identity_rule,0.0,True,exact_name_type_region_unique_pair_accepted_points_le_1km_no_collision_no_duplicate_year; shared exact GeoKLADR source may support identity with zero count but outlier ratios held,research_rebuild/evidence/coordinate_proximity_audit_20261005/new_component_compatible_pairs_within1km.csv,checked_rule_accepted
2002:014_32646337ea_02c_Tambovskaja.xls:Sheet1:910,2002,2010:011_040325482b_3._20Ryaz_Smol_Tambov_Tula_Jaroslavl_20L1_20ethn_2010.xls:Data Sheet:8365,2010,same_place,Викторовка,деревня,тамбовская,10.0,0.0,,not_assessed_by_identity_rule,0.0,True,exact_name_type_region_unique_pair_accepted_points_le_1km_no_collision_no_duplicate_year; shared exact GeoKLADR source may support identity with zero count but outlier ratios held,research_rebuild/evidence/coordinate_proximity_audit_20261005/new_component_compatible_pairs_within1km.csv,checked_rule_accepted
2002:014_32646337ea_02c_Tambovskaja.xls:Sheet1:978,2002,2010:011_040325482b_3._20Ryaz_Smol_Tambov_Tula_Jaroslavl_20L1_20ethn_2010.xls:Data Sheet:8419,2010,same_place,Лысовка,деревня,тамбовская,0.0,0.0,,not_assessed_by_identity_rule,0.0,True,exact_name_type_region_unique_pair_accepted_points_le_1km_no_collision_no_duplicate_year; shared exact GeoKLADR source may support identity with zero count but outlier ratios held,research_rebuild/evidence/coordinate_proximity_audit_20261005/new_component_compatible_pairs_within1km.csv,checked_rule_accepted
2002:015_90ef69f659_02c_Tver_obl.xls:!!!:2254,2002,2010:019_a193ec7827_Tver_L1_ethn_np_2010.xls:Data Sheet:2135,2010,same_place,Иванцово,деревня,тверская,9.0,0.0,,not_assessed_by_identity_rule,0.0,True,exact_name_type_region_unique_pair_accepted_points_le_1km_no_collision_no_duplicate_year; shared exact GeoKLADR source may support identity with zero count but outlier ratios held,research_rebuild/evidence/coordinate_proximity_audit_20261005/new_component_compatible_pairs_within1km.csv,checked_rule_accepted
2002:016_3aa889d669_02c_Tulskaja.xls:Sheet1:3091,2002,2010:011_040325482b_3._20Ryaz_Smol_Tambov_Tula_Jaroslavl_20L1_20ethn_2010.xls:Data Sheet:12123,2010,same_place,Бруски,деревня,тульская,6.0,0.0,,not_assessed_by_identity_rule,0.0,True,exact_name_type_region_unique_pair_accepted_points_le_1km_no_collision_no_duplicate_year; shared exact GeoKLADR source may support identity with zero count but outlier ratios held,research_rebuild/evidence/coordinate_proximity_audit_20261005/new_component_compatible_pairs_within1km.csv,checked_rule_accepted
2002:017_6374fdddeb_02c_Yaroslavskaja.xls:Sheet1:1521,2002,2010:011_040325482b_3._20Ryaz_Smol_Tambov_Tula_Jaroslavl_20L1_20ethn_2010.xls:Data Sheet:14239,2010,same_place,Малое Вяльцево,деревня,ярославская,0.0,0.0,,not_assessed_by_identity_rule,0.0,True,exact_name_type_region_unique_pair_accepted_points_le_1km_no_collision_no_duplicate_year; shared exact GeoKLADR source may support identity with zero count but outlier ratios held,research_rebuild/evidence/coordinate_proximity_audit_20261005/new_component_compatible_pairs_within1km.csv,checked_rule_accepted
2002:017_6374fdddeb_02c_Yaroslavskaja.xls:Sheet1:1524,2002,2010:011_040325482b_3._20Ryaz_Smol_Tambov_Tula_Jaroslavl_20L1_20ethn_2010.xls:Data Sheet:14242,2010,same_place,Молчаново,деревня,ярославская,0.0,0.0,,not_assessed_by_identity_rule,0.0,True,exact_name_type_region_unique_pair_accepted_points_le_1km_no_collision_no_duplicate_year; shared exact GeoKLADR source may support identity with zero count but outlier ratios held,research_rebuild/evidence/coordinate_proximity_audit_20261005/new_component_compatible_pairs_within1km.csv,checked_rule_accepted
2002:017_6374fdddeb_02c_Yaroslavskaja.xls:Sheet1:1695,2002,2010:011_040325482b_3._20Ryaz_Smol_Tambov_Tula_Jaroslavl_20L1_20ethn_2010.xls:Data Sheet:14404,2010,same_place,Красный Слон,деревня,ярославская,0.0,0.0,,not_assessed_by_identity_rule,0.0,True,exact_name_type_region_unique_pair_accepted_points_le_1km_no_collision_no_duplicate_year; shared exact GeoKLADR source may support identity with zero count but outlier ratios held,research_rebuild/evidence/coordinate_proximity_audit_20261005/new_component_compatible_pairs_within1km.csv,checked_rule_accepted
2002:017_6374fdddeb_02c_Yaroslavskaja.xls:Sheet1:1897,2002,2010:011_040325482b_3._20Ryaz_Smol_Tambov_Tula_Jaroslavl_20L1_20ethn_2010.xls:Data Sheet:14594,2010,same_place,Косиково,деревня,ярославская,0.0,0.0,,not_assessed_by_identity_rule,0.0,True,exact_name_type_region_unique_pair_accepted_points_le_1km_no_collision_no_duplicate_year; shared exact GeoKLADR source may support identity with zero count but outlier ratios held,research_rebuild/evidence/coordinate_proximity_audit_20261005/new_component_compatible_pairs_within1km.csv,checked_rule_accepted
2002:017_6374fdddeb_02c_Yaroslavskaja.xls:Sheet1:274,2002,2010:011_040325482b_3._20Ryaz_Smol_Tambov_Tula_Jaroslavl_20L1_20ethn_2010.xls:Data Sheet:13066,2010,same_place,Мелкуши,деревня,ярославская,0.0,0.0,,not_assessed_by_identity_rule,0.0,True,exact_name_type_region_unique_pair_accepted_points_le_1km_no_collision_no_duplicate_year; shared exact GeoKLADR source may support identity with zero count but outlier ratios held,research_rebuild/evidence/coordinate_proximity_audit_20261005/new_component_compatible_pairs_within1km.csv,checked_rule_accepted
2002:017_6374fdddeb_02c_Yaroslavskaja.xls:Sheet1:398,2002,2010:011_040325482b_3._20Ryaz_Smol_Tambov_Tula_Jaroslavl_20L1_20ethn_2010.xls:Data Sheet:13185,2010,same_place,Марьинское,деревня,ярославская,0.0,0.0,,not_assessed_by_identity_rule,0.0,True,exact_name_type_region_unique_pair_accepted_points_le_1km_no_collision_no_duplicate_year; shared exact GeoKLADR source may support identity with zero count but outlier ratios held,research_rebuild/evidence/coordinate_proximity_audit_20261005/new_component_compatible_pairs_within1km.csv,checked_rule_accepted
2002:017_6374fdddeb_02c_Yaroslavskaja.xls:Sheet1:616,2002,2010:011_040325482b_3._20Ryaz_Smol_Tambov_Tula_Jaroslavl_20L1_20ethn_2010.xls:Data Sheet:13391,2010,same_place,Басино,деревня,ярославская,0.0,0.0,,not_assessed_by_identity_rule,0.0,True,exact_name_type_region_unique_pair_accepted_points_le_1km_no_collision_no_duplicate_year; shared exact GeoKLADR source may support identity with zero count but outlier ratios held,research_rebuild/evidence/coordinate_proximity_audit_20261005/new_component_compatible_pairs_within1km.csv,checked_rule_accepted
2002:017_6374fdddeb_02c_Yaroslavskaja.xls:Sheet1:676,2002,2010:011_040325482b_3._20Ryaz_Smol_Tambov_Tula_Jaroslavl_20L1_20ethn_2010.xls:Data Sheet:13444,2010,same_place,Арцыбашево,деревня,ярославская,0.0,0.0,,not_assessed_by_identity_rule,0.0,True,exact_name_type_region_unique_pair_accepted_points_le_1km_no_collision_no_duplicate_year; shared exact GeoKLADR source may support identity with zero count but outlier ratios held,research_rebuild/evidence/coordinate_proximity_audit_20261005/new_component_compatible_pairs_within1km.csv,checked_rule_accepted
2002:017_6374fdddeb_02c_Yaroslavskaja.xls:Sheet1:721,2002,2010:011_040325482b_3._20Ryaz_Smol_Tambov_Tula_Jaroslavl_20L1_20ethn_2010.xls:Data Sheet:13487,2010,same_place,Вязовики,деревня,ярославская,0.0,0.0,,not_assessed_by_identity_rule,0.0,True,exact_name_type_region_unique_pair_accepted_points_le_1km_no_collision_no_duplicate_year; shared exact GeoKLADR source may support identity with zero count but outlier ratios held,research_rebuild/evidence/coordinate_proximity_audit_20261005/new_component_compatible_pairs_within1km.csv,checked_rule_accepted
2002:017_6374fdddeb_02c_Yaroslavskaja.xls:Sheet1:787,2002,2010:011_040325482b_3._20Ryaz_Smol_Tambov_Tula_Jaroslavl_20L1_20ethn_2010.xls:Data Sheet:13551,2010,same_place,Ревятино,деревня,ярославская,0.0,0.0,,not_assessed_by_identity_rule,0.0,True,exact_name_type_region_unique_pair_accepted_points_le_1km_no_collision_no_duplicate_year; shared exact GeoKLADR source may support identity with zero count but outlier ratios held,research_rebuild/evidence/coordinate_proximity_audit_20261005/new_component_compatible_pairs_within1km.csv,checked_rule_accepted
2002:017_6374fdddeb_02c_Yaroslavskaja.xls:Sheet1:94,2002,2010:011_040325482b_3._20Ryaz_Smol_Tambov_Tula_Jaroslavl_20L1_20ethn_2010.xls:Data Sheet:12894,2010,same_place,Клешнино,деревня,ярославская,0.0,0.0,,not_assessed_by_identity_rule,0.0,True,exact_name_type_region_unique_pair_accepted_points_le_1km_no_collision_no_duplicate_year; shared exact GeoKLADR source may support identity with zero count but outlier ratios held,research_rebuild/evidence/coordinate_proximity_audit_20261005/new_component_compatible_pairs_within1km.csv,checked_rule_accepted
2002:018_25c6f5e960_02c_Karelia.xls:Sheet1:1792,2002,ROSSTAT2010KARELIA:RURAL:DOCX:t41:r35,2010,same_place,Толвоярви,посёлок,карелия,0.0,0.0,,not_assessed_by_identity_rule,0.0,True,exact_name_type_region_unique_pair_accepted_points_le_1km_no_collision_no_duplicate_year; shared exact GeoKLADR source may support identity with zero count but outlier ratios held,research_rebuild/evidence/coordinate_proximity_audit_20261005/new_component_compatible_pairs_within1km.csv,checked_rule_accepted
2002:018_25c6f5e960_02c_Karelia.xls:Sheet1:315,2002,ROSSTAT2010KARELIA:RURAL:DOCX:t35:r25,2010,same_place,Устье,посёлок,карелия,0.0,0.0,,not_assessed_by_identity_rule,0.0,True,exact_name_type_region_unique_pair_accepted_points_le_1km_no_collision_no_duplicate_year; shared exact GeoKLADR source may support identity with zero count but outlier ratios held,research_rebuild/evidence/coordinate_proximity_audit_20261005/new_component_compatible_pairs_within1km.csv,checked_rule_accepted
2002:019_df0966dd1f_02c_komi.xls:Sheet1:538,2002,2010:015_847d50d091_6._20Komi_2010.xls:komi:169,2010,same_place,Верхняя Седка,посёлок,коми,96.0,0.0,,not_assessed_by_identity_rule,0.0,True,exact_name_type_region_unique_pair_accepted_points_le_1km_no_collision_no_duplicate_year; shared exact GeoKLADR source may support identity with zero count but outlier ratios held,research_rebuild/evidence/coordinate_proximity_audit_20261005/new_component_compatible_pairs_within1km.csv,checked_rule_accepted
2002:020_e4f979c6c7_02c_Arxang-new.xls:Sheet1:2309,2002,ARK2010:archive20131022:html_table1_tr2311,2010,same_place,Сухроссоха,село,архангельская,0.0,0.0,,not_assessed_by_identity_rule,0.0,True,exact_name_type_region_unique_pair_accepted_points_le_1km_no_collision_no_duplicate_year; shared exact GeoKLADR source may support identity with zero count but outlier ratios held,research_rebuild/evidence/coordinate_proximity_audit_20261005/new_component_compatible_pairs_within1km.csv,checked_rule_accepted
2002:022_862ad8a69d_02c_Vologodskaya.xls:2C:1019,2002,2010:012_5c339c0d0e_4._20Vologod_pskov_2010.xls:Data Sheet:930,2010,same_place,Орлов Починок,деревня,вологодская,0.0,0.0,,not_assessed_by_identity_rule,0.0,True,exact_name_type_region_unique_pair_accepted_points_le_1km_no_collision_no_duplicate_year; shared exact GeoKLADR source may support identity with zero count but outlier ratios held,research_rebuild/evidence/coordinate_proximity_audit_20261005/new_component_compatible_pairs_within1km.csv,checked_rule_accepted
2002:022_862ad8a69d_02c_Vologodskaya.xls:2C:1026,2002,2010:012_5c339c0d0e_4._20Vologod_pskov_2010.xls:Data Sheet:937,2010,same_place,Упирево,деревня,вологодская,0.0,0.0,,not_assessed_by_identity_rule,0.0,True,exact_name_type_region_unique_pair_accepted_points_le_1km_no_collision_no_duplicate_year; shared exact GeoKLADR source may support identity with zero count but outlier ratios held,research_rebuild/evidence/coordinate_proximity_audit_20261005/new_component_compatible_pairs_within1km.csv,checked_rule_accepted
2002:022_862ad8a69d_02c_Vologodskaya.xls:2C:1034,2002,2010:012_5c339c0d0e_4._20Vologod_pskov_2010.xls:Data Sheet:944,2010,same_place,Беляшкино,деревня,вологодская,0.0,0.0,,not_assessed_by_identity_rule,0.0,True,exact_name_type_region_unique_pair_accepted_points_le_1km_no_collision_no_duplicate_year; shared exact GeoKLADR source may support identity with zero count but outlier ratios held,research_rebuild/evidence/coordinate_proximity_audit_20261005/new_component_compatible_pairs_within1km.csv,checked_rule_accepted
2002:022_862ad8a69d_02c_Vologodskaya.xls:2C:1089,2002,2010:012_5c339c0d0e_4._20Vologod_pskov_2010.xls:Data Sheet:996,2010,same_place,Кропухино,деревня,вологодская,0.0,0.0,,not_assessed_by_identity_rule,0.0,True,exact_name_type_region_unique_pair_accepted_points_le_1km_no_collision_no_duplicate_year; shared exact GeoKLADR source may support identity with zero count but outlier ratios held,research_rebuild/evidence/coordinate_proximity_audit_20261005/new_component_compatible_pairs_within1km.csv,checked_rule_accepted
2002:022_862ad8a69d_02c_Vologodskaya.xls:2C:1111,2002,2010:012_5c339c0d0e_4._20Vologod_pskov_2010.xls:Data Sheet:1017,2010,same_place,Афанасовец,деревня,вологодская,0.0,0.0,,not_assessed_by_identity_rule,0.0,True,exact_name_type_region_unique_pair_accepted_points_le_1km_no_collision_no_duplicate_year; shared exact GeoKLADR source may support identity with zero count but outlier ratios held,research_rebuild/evidence/coordinate_proximity_audit_20261005/new_component_compatible_pairs_within1km.csv,checked_rule_accepted
2002:022_862ad8a69d_02c_Vologodskaya.xls:2C:1186,2002,2010:012_5c339c0d0e_4._20Vologod_pskov_2010.xls:Data Sheet:1089,2010,same_place,Подсараица,деревня,вологодская,0.0,0.0,,not_assessed_by_identity_rule,0.0,True,exact_name_type_region_unique_pair_accepted_points_le_1km_no_collision_no_duplicate_year; shared exact GeoKLADR source may support identity with zero count but outlier ratios held,research_rebuild/evidence/coordinate_proximity_audit_20261005/new_component_compatible_pairs_within1km.csv,checked_rule_accepted
2002:022_862ad8a69d_02c_Vologodskaya.xls:2C:1188,2002,2010:012_5c339c0d0e_4._20Vologod_pskov_2010.xls:Data Sheet:1091,2010,same_place,Сидоровка,деревня,вологодская,0.0,0.0,,not_assessed_by_identity_rule,0.0,True,exact_name_type_region_unique_pair_accepted_points_le_1km_no_collision_no_duplicate_year; shared exact GeoKLADR source may support identity with zero count but outlier ratios held,research_rebuild/evidence/coordinate_proximity_audit_20261005/new_component_compatible_pairs_within1km.csv,checked_rule_accepted
2002:022_862ad8a69d_02c_Vologodskaya.xls:2C:1214,2002,2010:012_5c339c0d0e_4._20Vologod_pskov_2010.xls:Data Sheet:1116,2010,same_place,Пустая,деревня,вологодская,0.0,0.0,,not_assessed_by_identity_rule,0.0,True,exact_name_type_region_unique_pair_accepted_points_le_1km_no_collision_no_duplicate_year; shared exact GeoKLADR source may support identity with zero count but outlier ratios held,research_rebuild/evidence/coordinate_proximity_audit_20261005/new_component_compatible_pairs_within1km.csv,checked_rule_accepted
2002:022_862ad8a69d_02c_Vologodskaya.xls:2C:1270,2002,2010:012_5c339c0d0e_4._20Vologod_pskov_2010.xls:Data Sheet:1169,2010,same_place,Малая Слобода,деревня,вологодская,0.0,0.0,,not_assessed_by_identity_rule,0.0,True,exact_name_type_region_unique_pair_accepted_points_le_1km_no_collision_no_duplicate_year; shared exact GeoKLADR source may support identity with zero count but outlier ratios held,research_rebuild/evidence/coordinate_proximity_audit_20261005/new_component_compatible_pairs_within1km.csv,checked_rule_accepted
2002:022_862ad8a69d_02c_Vologodskaya.xls:2C:1288,2002,2010:012_5c339c0d0e_4._20Vologod_pskov_2010.xls:Data Sheet:1186,2010,same_place,Чермянино,деревня,вологодская,0.0,0.0,,not_assessed_by_identity_rule,0.0,True,exact_name_type_region_unique_pair_accepted_points_le_1km_no_collision_no_duplicate_year; shared exact GeoKLADR source may support identity with zero count but outlier ratios held,research_rebuild/evidence/coordinate_proximity_audit_20261005/new_component_compatible_pairs_within1km.csv,checked_rule_accepted
2002:022_862ad8a69d_02c_Vologodskaya.xls:2C:1359,2002,2010:012_5c339c0d0e_4._20Vologod_pskov_2010.xls:Data Sheet:1252,2010,same_place,Улиткино,деревня,вологодская,0.0,0.0,,not_assessed_by_identity_rule,0.0,True,exact_name_type_region_unique_pair_accepted_points_le_1km_no_collision_no_duplicate_year; shared exact GeoKLADR source may support identity with zero count but outlier ratios held,research_rebuild/evidence/coordinate_proximity_audit_20261005/new_component_compatible_pairs_within1km.csv,checked_rule_accepted
2002:022_862ad8a69d_02c_Vologodskaya.xls:2C:1388,2002,2010:012_5c339c0d0e_4._20Vologod_pskov_2010.xls:Data Sheet:1280,2010,same_place,Сондас,деревня,вологодская,0.0,0.0,,not_assessed_by_identity_rule,0.0,True,exact_name_type_region_unique_pair_accepted_points_le_1km_no_collision_no_duplicate_year; shared exact GeoKLADR source may support identity with zero count but outlier ratios held,research_rebuild/evidence/coordinate_proximity_audit_20261005/new_component_compatible_pairs_within1km.csv,checked_rule_accepted
2002:022_862ad8a69d_02c_Vologodskaya.xls:2C:2029,2002,2010:012_5c339c0d0e_4._20Vologod_pskov_2010.xls:Data Sheet:1876,2010,same_place,Билибино,деревня,вологодская,0.0,0.0,,not_assessed_by_identity_rule,0.0,True,exact_name_type_region_unique_pair_accepted_points_le_1km_no_collision_no_duplicate_year; shared exact GeoKLADR source may support identity with zero count but outlier ratios held,research_rebuild/evidence/coordinate_proximity_audit_20261005/new_component_compatible_pairs_within1km.csv,checked_rule_accepted
2002:022_862ad8a69d_02c_Vologodskaya.xls:2C:2234,2002,2010:012_5c339c0d0e_4._20Vologod_pskov_2010.xls:Data Sheet:2075,2010,same_place,Кулиги,деревня,вологодская,0.0,0.0,,not_assessed_by_identity_rule,0.0,True,exact_name_type_region_unique_pair_accepted_points_le_1km_no_collision_no_duplicate_year; shared exact GeoKLADR source may support identity with zero count but outlier ratios held,research_rebuild/evidence/coordinate_proximity_audit_20261005/new_component_compatible_pairs_within1km.csv,checked_rule_accepted
2002:022_862ad8a69d_02c_Vologodskaya.xls:2C:3191,2002,2010:012_5c339c0d0e_4._20Vologod_pskov_2010.xls:Data Sheet:2951,2010,same_place,Лечино,деревня,вологодская,0.0,0.0,,not_assessed_by_identity_rule,0.0,True,exact_name_type_region_unique_pair_accepted_points_le_1km_no_collision_no_duplicate_year; shared exact GeoKLADR source may support identity with zero count but outlier ratios held,research_rebuild/evidence/coordinate_proximity_audit_20261005/new_component_compatible_pairs_within1km.csv,checked_rule_accepted
2002:022_862ad8a69d_02c_Vologodskaya.xls:2C:323,2002,2010:012_5c339c0d0e_4._20Vologod_pskov_2010.xls:Data Sheet:288,2010,same_place,Гаревка,деревня,вологодская,0.0,0.0,,not_assessed_by_identity_rule,0.0,True,exact_name_type_region_unique_pair_accepted_points_le_1km_no_collision_no_duplicate_year; shared exact GeoKLADR source may support identity with zero count but outlier ratios held,research_rebuild/evidence/coordinate_proximity_audit_20261005/new_component_compatible_pairs_within1km.csv,checked_rule_accepted
2002:022_862ad8a69d_02c_Vologodskaya.xls:2C:3243,2002,2010:012_5c339c0d0e_4._20Vologod_pskov_2010.xls:Data Sheet:2997,2010,same_place,Казаркино,деревня,вологодская,0.0,0.0,,not_assessed_by_identity_rule,0.0,True,exact_name_type_region_unique_pair_accepted_points_le_1km_no_collision_no_duplicate_year; shared exact GeoKLADR source may support identity with zero count but outlier ratios held,research_rebuild/evidence/coordinate_proximity_audit_20261005/new_component_compatible_pairs_within1km.csv,checked_rule_accepted
2002:022_862ad8a69d_02c_Vologodskaya.xls:2C:3438,2002,2010:012_5c339c0d0e_4._20Vologod_pskov_2010.xls:Data Sheet:3184,2010,same_place,Пирожково,деревня,вологодская,0.0,0.0,,not_assessed_by_identity_rule,0.0,True,exact_name_type_region_unique_pair_accepted_points_le_1km_no_collision_no_duplicate_year; shared exact GeoKLADR source may support identity with zero count but outlier ratios held,research_rebuild/evidence/coordinate_proximity_audit_20261005/new_component_compatible_pairs_within1km.csv,checked_rule_accepted
2002:022_862ad8a69d_02c_Vologodskaya.xls:2C:3463,2002,2010:012_5c339c0d0e_4._20Vologod_pskov_2010.xls:Data Sheet:3208,2010,same_place,Кордон,посёлок,вологодская,0.0,0.0,,not_assessed_by_identity_rule,0.0,True,exact_name_type_region_unique_pair_accepted_points_le_1km_no_collision_no_duplicate_year; shared exact GeoKLADR source may support identity with zero count but outlier ratios held,research_rebuild/evidence/coordinate_proximity_audit_20261005/new_component_compatible_pairs_within1km.csv,checked_rule_accepted
2002:022_862ad8a69d_02c_Vologodskaya.xls:2C:3725,2002,2010:012_5c339c0d0e_4._20Vologod_pskov_2010.xls:Data Sheet:3462,2010,same_place,Феклица,деревня,вологодская,0.0,0.0,,not_assessed_by_identity_rule,0.0,True,exact_name_type_region_unique_pair_accepted_points_le_1km_no_collision_no_duplicate_year; shared exact GeoKLADR source may support identity with zero count but outlier ratios held,research_rebuild/evidence/coordinate_proximity_audit_20261005/new_component_compatible_pairs_within1km.csv,checked_rule_accepted
2002:022_862ad8a69d_02c_Vologodskaya.xls:2C:3741,2002,2010:012_5c339c0d0e_4._20Vologod_pskov_2010.xls:Data Sheet:3477,2010,same_place,Головинское,деревня,вологодская,0.0,0.0,,not_assessed_by_identity_rule,0.0,True,exact_name_type_region_unique_pair_accepted_points_le_1km_no_collision_no_duplicate_year; shared exact GeoKLADR source may support identity with zero count but outlier ratios held,research_rebuild/evidence/coordinate_proximity_audit_20261005/new_component_compatible_pairs_within1km.csv,checked_rule_accepted
2002:022_862ad8a69d_02c_Vologodskaya.xls:2C:389,2002,2010:012_5c339c0d0e_4._20Vologod_pskov_2010.xls:Data Sheet:347,2010,same_place,Заломье,деревня,вологодская,0.0,0.0,,not_assessed_by_identity_rule,0.0,True,exact_name_type_region_unique_pair_accepted_points_le_1km_no_collision_no_duplicate_year; shared exact GeoKLADR source may support identity with zero count but outlier ratios held,research_rebuild/evidence/coordinate_proximity_audit_20261005/new_component_compatible_pairs_within1km.csv,checked_rule_accepted
2002:022_862ad8a69d_02c_Vologodskaya.xls:2C:415,2002,2010:012_5c339c0d0e_4._20Vologod_pskov_2010.xls:Data Sheet:371,2010,same_place,Пестериха,деревня,вологодская,0.0,0.0,,not_assessed_by_identity_rule,0.0,True,exact_name_type_region_unique_pair_accepted_points_le_1km_no_collision_no_duplicate_year; shared exact GeoKLADR source may support identity with zero count but outlier ratios held,research_rebuild/evidence/coordinate_proximity_audit_20261005/new_component_compatible_pairs_within1km.csv,checked_rule_accepted
2002:022_862ad8a69d_02c_Vologodskaya.xls:2C:422,2002,2010:012_5c339c0d0e_4._20Vologod_pskov_2010.xls:Data Sheet:378,2010,same_place,Третница,деревня,вологодская,0.0,0.0,,not_assessed_by_identity_rule,0.0,True,exact_name_type_region_unique_pair_accepted_points_le_1km_no_collision_no_duplicate_year; shared exact GeoKLADR source may support identity with zero count but outlier ratios held,research_rebuild/evidence/coordinate_proximity_audit_20261005/new_component_compatible_pairs_within1km.csv,checked_rule_accepted
2002:022_862ad8a69d_02c_Vologodskaya.xls:2C:445,2002,2010:012_5c339c0d0e_4._20Vologod_pskov_2010.xls:Data Sheet:399,2010,same_place,Веретея,деревня,вологодская,0.0,0.0,,not_assessed_by_identity_rule,0.0,True,exact_name_type_region_unique_pair_accepted_points_le_1km_no_collision_no_duplicate_year; shared exact GeoKLADR source may support identity with zero count but outlier ratios held,research_rebuild/evidence/coordinate_proximity_audit_20261005/new_component_compatible_pairs_within1km.csv,checked_rule_accepted
2002:022_862ad8a69d_02c_Vologodskaya.xls:2C:4516,2002,2010:012_5c339c0d0e_4._20Vologod_pskov_2010.xls:Data Sheet:4217,2010,same_place,Серебрянка,деревня,вологодская,0.0,0.0,,not_assessed_by_identity_rule,0.0,True,exact_name_type_region_unique_pair_accepted_points_le_1km_no_collision_no_duplicate_year; shared exact GeoKLADR source may support identity with zero count but outlier ratios held,research_rebuild/evidence/coordinate_proximity_audit_20261005/new_component_compatible_pairs_within1km.csv,checked_rule_accepted
2002:022_862ad8a69d_02c_Vologodskaya.xls:2C:4533,2002,2010:012_5c339c0d0e_4._20Vologod_pskov_2010.xls:Data Sheet:4232,2010,same_place,Остапенец,деревня,вологодская,0.0,0.0,,not_assessed_by_identity_rule,0.0,True,exact_name_type_region_unique_pair_accepted_points_le_1km_no_collision_no_duplicate_year; shared exact GeoKLADR source may support identity with zero count but outlier ratios held,research_rebuild/evidence/coordinate_proximity_audit_20261005/new_component_compatible_pairs_within1km.csv,checked_rule_accepted
2002:022_862ad8a69d_02c_Vologodskaya.xls:2C:4636,2002,2010:012_5c339c0d0e_4._20Vologod_pskov_2010.xls:Data Sheet:4330,2010,same_place,Павликов Дор,деревня,вологодская,0.0,0.0,,not_assessed_by_identity_rule,0.0,True,exact_name_type_region_unique_pair_accepted_points_le_1km_no_collision_no_duplicate_year; shared exact GeoKLADR source may support identity with zero count but outlier ratios held,research_rebuild/evidence/coordinate_proximity_audit_20261005/new_component_compatible_pairs_within1km.csv,checked_rule_accepted
2002:022_862ad8a69d_02c_Vologodskaya.xls:2C:465,2002,2010:012_5c339c0d0e_4._20Vologod_pskov_2010.xls:Data Sheet:417,2010,same_place,Игрово,хутор,вологодская,0.0,0.0,,not_assessed_by_identity_rule,0.0,True,exact_name_type_region_unique_pair_accepted_points_le_1km_no_collision_no_duplicate_year; shared exact GeoKLADR source may support identity with zero count but outlier ratios held,research_rebuild/evidence/coordinate_proximity_audit_20261005/new_component_compatible_pairs_within1km.csv,checked_rule_accepted
2002:022_862ad8a69d_02c_Vologodskaya.xls:2C:4697,2002,2010:012_5c339c0d0e_4._20Vologod_pskov_2010.xls:Data Sheet:4388,2010,same_place,Верхнее Ворово,деревня,вологодская,0.0,0.0,,not_assessed_by_identity_rule,0.0,True,exact_name_type_region_unique_pair_accepted_points_le_1km_no_collision_no_duplicate_year; shared exact GeoKLADR source may support identity with zero count but outlier ratios held,research_rebuild/evidence/coordinate_proximity_audit_20261005/new_component_compatible_pairs_within1km.csv,checked_rule_accepted
2002:022_862ad8a69d_02c_Vologodskaya.xls:2C:4808,2002,2010:012_5c339c0d0e_4._20Vologod_pskov_2010.xls:Data Sheet:4494,2010,same_place,Монастырь,деревня,вологодская,0.0,0.0,,not_assessed_by_identity_rule,0.0,True,exact_name_type_region_unique_pair_accepted_points_le_1km_no_collision_no_duplicate_year; shared exact GeoKLADR source may support identity with zero count but outlier ratios held,research_rebuild/evidence/coordinate_proximity_audit_20261005/new_component_compatible_pairs_within1km.csv,checked_rule_accepted
2002:022_862ad8a69d_02c_Vologodskaya.xls:2C:4883,2002,2010:012_5c339c0d0e_4._20Vologod_pskov_2010.xls:Data Sheet:4563,2010,same_place,Стромилово,деревня,вологодская,0.0,0.0,,not_assessed_by_identity_rule,0.0,True,exact_name_type_region_unique_pair_accepted_points_le_1km_no_collision_no_duplicate_year; shared exact GeoKLADR source may support identity with zero count but outlier ratios held,research_rebuild/evidence/coordinate_proximity_audit_20261005/new_component_compatible_pairs_within1km.csv,checked_rule_accepted
2002:022_862ad8a69d_02c_Vologodskaya.xls:2C:4923,2002,2010:012_5c339c0d0e_4._20Vologod_pskov_2010.xls:Data Sheet:4601,2010,same_place,Подлесное,деревня,вологодская,0.0,0.0,,not_assessed_by_identity_rule,0.0,True,exact_name_type_region_unique_pair_accepted_points_le_1km_no_collision_no_duplicate_year; shared exact GeoKLADR source may support identity with zero count but outlier ratios held,research_rebuild/evidence/coordinate_proximity_audit_20261005/new_component_compatible_pairs_within1km.csv,checked_rule_accepted
2002:022_862ad8a69d_02c_Vologodskaya.xls:2C:5008,2002,2010:012_5c339c0d0e_4._20Vologod_pskov_2010.xls:Data Sheet:4682,2010,same_place,Шабалин Починок,деревня,вологодская,0.0,0.0,,not_assessed_by_identity_rule,0.0,True,exact_name_type_region_unique_pair_accepted_points_le_1km_no_collision_no_duplicate_year; shared exact GeoKLADR source may support identity with zero count but outlier ratios held,research_rebuild/evidence/coordinate_proximity_audit_20261005/new_component_compatible_pairs_within1km.csv,checked_rule_accepted
2002:022_862ad8a69d_02c_Vologodskaya.xls:2C:5009,2002,2010:012_5c339c0d0e_4._20Vologod_pskov_2010.xls:Data Sheet:4683,2010,same_place,Юмбалово,деревня,вологодская,0.0,0.0,,not_assessed_by_identity_rule,0.0,True,exact_name_type_region_unique_pair_accepted_points_le_1km_no_collision_no_duplicate_year; shared exact GeoKLADR source may support identity with zero count but outlier ratios held,research_rebuild/evidence/coordinate_proximity_audit_20261005/new_component_compatible_pairs_within1km.csv,checked_rule_accepted
2002:022_862ad8a69d_02c_Vologodskaya.xls:2C:5218,2002,2010:012_5c339c0d0e_4._20Vologod_pskov_2010.xls:Data Sheet:4875,2010,same_place,Лесная Роща,посёлок,вологодская,0.0,0.0,,not_assessed_by_identity_rule,0.0,True,exact_name_type_region_unique_pair_accepted_points_le_1km_no_collision_no_duplicate_year; shared exact GeoKLADR source may support identity with zero count but outlier ratios held,research_rebuild/evidence/coordinate_proximity_audit_20261005/new_component_compatible_pairs_within1km.csv,checked_rule_accepted
2002:022_862ad8a69d_02c_Vologodskaya.xls:2C:5221,2002,2010:012_5c339c0d0e_4._20Vologod_pskov_2010.xls:Data Sheet:4878,2010,same_place,Тарасовы Лога,деревня,вологодская,0.0,0.0,,not_assessed_by_identity_rule,0.0,True,exact_name_type_region_unique_pair_accepted_points_le_1km_no_collision_no_duplicate_year; shared exact GeoKLADR source may support identity with zero count but outlier ratios held,research_rebuild/evidence/coordinate_proximity_audit_20261005/new_component_compatible_pairs_within1km.csv,checked_rule_accepted
2002:022_862ad8a69d_02c_Vologodskaya.xls:2C:5236,2002,2010:012_5c339c0d0e_4._20Vologod_pskov_2010.xls:Data Sheet:4892,2010,same_place,Повечерная,деревня,вологодская,0.0,0.0,,not_assessed_by_identity_rule,0.0,True,exact_name_type_region_unique_pair_accepted_points_le_1km_no_collision_no_duplicate_year; shared exact GeoKLADR source may support identity with zero count but outlier ratios held,research_rebuild/evidence/coordinate_proximity_audit_20261005/new_component_compatible_pairs_within1km.csv,checked_rule_accepted
2002:022_862ad8a69d_02c_Vologodskaya.xls:2C:5316,2002,2010:012_5c339c0d0e_4._20Vologod_pskov_2010.xls:Data Sheet:4962,2010,same_place,Новая Дуброва,деревня,вологодская,0.0,0.0,,not_assessed_by_identity_rule,0.0,True,exact_name_type_region_unique_pair_accepted_points_le_1km_no_collision_no_duplicate_year; shared exact GeoKLADR source may support identity with zero count but outlier ratios held,research_rebuild/evidence/coordinate_proximity_audit_20261005/new_component_compatible_pairs_within1km.csv,checked_rule_accepted
2002:022_862ad8a69d_02c_Vologodskaya.xls:2C:5362,2002,2010:012_5c339c0d0e_4._20Vologod_pskov_2010.xls:Data Sheet:5006,2010,same_place,Струбиха,деревня,вологодская,0.0,0.0,,not_assessed_by_identity_rule,0.0,True,exact_name_type_region_unique_pair_accepted_points_le_1km_no_collision_no_duplicate_year; shared exact GeoKLADR source may support identity with zero count but outlier ratios held,research_rebuild/evidence/coordinate_proximity_audit_20261005/new_component_compatible_pairs_within1km.csv,checked_rule_accepted
2002:022_862ad8a69d_02c_Vologodskaya.xls:2C:5364,2002,2010:012_5c339c0d0e_4._20Vologod_pskov_2010.xls:Data Sheet:5008,2010,same_place,Черемисские,деревня,вологодская,0.0,0.0,,not_assessed_by_identity_rule,0.0,True,exact_name_type_region_unique_pair_accepted_points_le_1km_no_collision_no_duplicate_year; shared exact GeoKLADR source may support identity with zero count but outlier ratios held,research_rebuild/evidence/coordinate_proximity_audit_20261005/new_component_compatible_pairs_within1km.csv,checked_rule_accepted
2002:022_862ad8a69d_02c_Vologodskaya.xls:2C:5398,2002,2010:012_5c339c0d0e_4._20Vologod_pskov_2010.xls:Data Sheet:5039,2010,same_place,Пригорово,деревня,вологодская,0.0,0.0,,not_assessed_by_identity_rule,0.0,True,exact_name_type_region_unique_pair_accepted_points_le_1km_no_collision_no_duplicate_year; shared exact GeoKLADR source may support identity with zero count but outlier ratios held,research_rebuild/evidence/coordinate_proximity_audit_20261005/new_component_compatible_pairs_within1km.csv,checked_rule_accepted
2002:022_862ad8a69d_02c_Vologodskaya.xls:2C:5399,2002,2010:012_5c339c0d0e_4._20Vologod_pskov_2010.xls:Data Sheet:5040,2010,same_place,Семейные Ложки,деревня,вологодская,0.0,0.0,,not_assessed_by_identity_rule,0.0,True,exact_name_type_region_unique_pair_accepted_points_le_1km_no_collision_no_duplicate_year; shared exact GeoKLADR source may support identity with zero count but outlier ratios held,research_rebuild/evidence/coordinate_proximity_audit_20261005/new_component_compatible_pairs_within1km.csv,checked_rule_accepted
2002:022_862ad8a69d_02c_Vologodskaya.xls:2C:5853,2002,2010:012_5c339c0d0e_4._20Vologod_pskov_2010.xls:Data Sheet:5468,2010,same_place,Вахрунино,деревня,вологодская,0.0,0.0,,not_assessed_by_identity_rule,0.0,True,exact_name_type_region_unique_pair_accepted_points_le_1km_no_collision_no_duplicate_year; shared exact GeoKLADR source may support identity with zero count but outlier ratios held,research_rebuild/evidence/coordinate_proximity_audit_20261005/new_component_compatible_pairs_within1km.csv,checked_rule_accepted
2002:022_862ad8a69d_02c_Vologodskaya.xls:2C:5893,2002,2010:012_5c339c0d0e_4._20Vologod_pskov_2010.xls:Data Sheet:5506,2010,same_place,Завозиха,деревня,вологодская,0.0,0.0,,not_assessed_by_identity_rule,0.0,True,exact_name_type_region_unique_pair_accepted_points_le_1km_no_collision_no_duplicate_year; shared exact GeoKLADR source may support identity with zero count but outlier ratios held,research_rebuild/evidence/coordinate_proximity_audit_20261005/new_component_compatible_pairs_within1km.csv,checked_rule_accepted
2002:022_862ad8a69d_02c_Vologodskaya.xls:2C:5927,2002,2010:012_5c339c0d0e_4._20Vologod_pskov_2010.xls:Data Sheet:5538,2010,same_place,Середняя,деревня,вологодская,0.0,0.0,,not_assessed_by_identity_rule,0.0,True,exact_name_type_region_unique_pair_accepted_points_le_1km_no_collision_no_duplicate_year; shared exact GeoKLADR source may support identity with zero count but outlier ratios held,research_rebuild/evidence/coordinate_proximity_audit_20261005/new_component_compatible_pairs_within1km.csv,checked_rule_accepted
2002:022_862ad8a69d_02c_Vologodskaya.xls:2C:6008,2002,2010:012_5c339c0d0e_4._20Vologod_pskov_2010.xls:Data Sheet:5613,2010,same_place,Пулиха,деревня,вологодская,0.0,0.0,,not_assessed_by_identity_rule,0.0,True,exact_name_type_region_unique_pair_accepted_points_le_1km_no_collision_no_duplicate_year; shared exact GeoKLADR source may support identity with zero count but outlier ratios held,research_rebuild/evidence/coordinate_proximity_audit_20261005/new_component_compatible_pairs_within1km.csv,checked_rule_accepted
2002:022_862ad8a69d_02c_Vologodskaya.xls:2C:6399,2002,2010:012_5c339c0d0e_4._20Vologod_pskov_2010.xls:Data Sheet:5979,2010,same_place,Засека,деревня,вологодская,0.0,0.0,,not_assessed_by_identity_rule,0.0,True,exact_name_type_region_unique_pair_accepted_points_le_1km_no_collision_no_duplicate_year; shared exact GeoKLADR source may support identity with zero count but outlier ratios held,research_rebuild/evidence/coordinate_proximity_audit_20261005/new_component_compatible_pairs_within1km.csv,checked_rule_accepted
2002:022_862ad8a69d_02c_Vologodskaya.xls:2C:6581,2002,2010:012_5c339c0d0e_4._20Vologod_pskov_2010.xls:Data Sheet:6143,2010,same_place,Выборково,деревня,вологодская,0.0,0.0,,not_assessed_by_identity_rule,0.0,True,exact_name_type_region_unique_pair_accepted_points_le_1km_no_collision_no_duplicate_year; shared exact GeoKLADR source may support identity with zero count but outlier ratios held,research_rebuild/evidence/coordinate_proximity_audit_20261005/new_component_compatible_pairs_within1km.csv,checked_rule_accepted
2002:022_862ad8a69d_02c_Vologodskaya.xls:2C:6622,2002,2010:012_5c339c0d0e_4._20Vologod_pskov_2010.xls:Data Sheet:6182,2010,same_place,Короваиха,деревня,вологодская,0.0,0.0,,not_assessed_by_identity_rule,0.0,True,exact_name_type_region_unique_pair_accepted_points_le_1km_no_collision_no_duplicate_year; shared exact GeoKLADR source may support identity with zero count but outlier ratios held,research_rebuild/evidence/coordinate_proximity_audit_20261005/new_component_compatible_pairs_within1km.csv,checked_rule_accepted
2002:022_862ad8a69d_02c_Vologodskaya.xls:2C:6642,2002,2010:012_5c339c0d0e_4._20Vologod_pskov_2010.xls:Data Sheet:6201,2010,same_place,Карпунино,деревня,вологодская,0.0,0.0,,not_assessed_by_identity_rule,0.0,True,exact_name_type_region_unique_pair_accepted_points_le_1km_no_collision_no_duplicate_year; shared exact GeoKLADR source may support identity with zero count but outlier ratios held,research_rebuild/evidence/coordinate_proximity_audit_20261005/new_component_compatible_pairs_within1km.csv,checked_rule_accepted
2002:022_862ad8a69d_02c_Vologodskaya.xls:2C:6648,2002,2010:012_5c339c0d0e_4._20Vologod_pskov_2010.xls:Data Sheet:6207,2010,same_place,Малаховское,деревня,вологодская,0.0,0.0,,not_assessed_by_identity_rule,0.0,True,exact_name_type_region_unique_pair_accepted_points_le_1km_no_collision_no_duplicate_year; shared exact GeoKLADR source may support identity with zero count but outlier ratios held,research_rebuild/evidence/coordinate_proximity_audit_20261005/new_component_compatible_pairs_within1km.csv,checked_rule_accepted
2002:022_862ad8a69d_02c_Vologodskaya.xls:2C:6660,2002,2010:012_5c339c0d0e_4._20Vologod_pskov_2010.xls:Data Sheet:6219,2010,same_place,Шевцово,деревня,вологодская,0.0,0.0,,not_assessed_by_identity_rule,0.0,True,exact_name_type_region_unique_pair_accepted_points_le_1km_no_collision_no_duplicate_year; shared exact GeoKLADR source may support identity with zero count but outlier ratios held,research_rebuild/evidence/coordinate_proximity_audit_20261005/new_component_compatible_pairs_within1km.csv,checked_rule_accepted
2002:022_862ad8a69d_02c_Vologodskaya.xls:2C:6703,2002,2010:012_5c339c0d0e_4._20Vologod_pskov_2010.xls:Data Sheet:6260,2010,same_place,Лужино,деревня,вологодская,0.0,0.0,,not_assessed_by_identity_rule,0.0,True,exact_name_type_region_unique_pair_accepted_points_le_1km_no_collision_no_duplicate_year; shared exact GeoKLADR source may support identity with zero count but outlier ratios held,research_rebuild/evidence/coordinate_proximity_audit_20261005/new_component_compatible_pairs_within1km.csv,checked_rule_accepted
2002:022_862ad8a69d_02c_Vologodskaya.xls:2C:6712,2002,2010:012_5c339c0d0e_4._20Vologod_pskov_2010.xls:Data Sheet:6269,2010,same_place,Самоново,деревня,вологодская,0.0,0.0,,not_assessed_by_identity_rule,0.0,True,exact_name_type_region_unique_pair_accepted_points_le_1km_no_collision_no_duplicate_year; shared exact GeoKLADR source may support identity with zero count but outlier ratios held,research_rebuild/evidence/coordinate_proximity_audit_20261005/new_component_compatible_pairs_within1km.csv,checked_rule_accepted
2002:022_862ad8a69d_02c_Vologodskaya.xls:2C:6717,2002,2010:012_5c339c0d0e_4._20Vologod_pskov_2010.xls:Data Sheet:6274,2010,same_place,Чикайлово,деревня,вологодская,0.0,0.0,,not_assessed_by_identity_rule,0.0,True,exact_name_type_region_unique_pair_accepted_points_le_1km_no_collision_no_duplicate_year; shared exact GeoKLADR source may support identity with zero count but outlier ratios held,research_rebuild/evidence/coordinate_proximity_audit_20261005/new_component_compatible_pairs_within1km.csv,checked_rule_accepted
2002:022_862ad8a69d_02c_Vologodskaya.xls:2C:6724,2002,2010:012_5c339c0d0e_4._20Vologod_pskov_2010.xls:Data Sheet:6280,2010,same_place,Бобынино,деревня,вологодская,0.0,0.0,,not_assessed_by_identity_rule,0.0,True,exact_name_type_region_unique_pair_accepted_points_le_1km_no_collision_no_duplicate_year; shared exact GeoKLADR source may support identity with zero count but outlier ratios held,research_rebuild/evidence/coordinate_proximity_audit_20261005/new_component_compatible_pairs_within1km.csv,checked_rule_accepted
2002:022_862ad8a69d_02c_Vologodskaya.xls:2C:6730,2002,2010:012_5c339c0d0e_4._20Vologod_pskov_2010.xls:Data Sheet:6286,2010,same_place,Грифониха,деревня,вологодская,0.0,0.0,,not_assessed_by_identity_rule,0.0,True,exact_name_type_region_unique_pair_accepted_points_le_1km_no_collision_no_duplicate_year; shared exact GeoKLADR source may support identity with zero count but outlier ratios held,research_rebuild/evidence/coordinate_proximity_audit_20261005/new_component_compatible_pairs_within1km.csv,checked_rule_accepted
2002:022_862ad8a69d_02c_Vologodskaya.xls:2C:6736,2002,2010:012_5c339c0d0e_4._20Vologod_pskov_2010.xls:Data Sheet:6292,2010,same_place,Ковыриха,деревня,вологодская,0.0,0.0,,not_assessed_by_identity_rule,0.0,True,exact_name_type_region_unique_pair_accepted_points_le_1km_no_collision_no_duplicate_year; shared exact GeoKLADR source may support identity with zero count but outlier ratios held,research_rebuild/evidence/coordinate_proximity_audit_20261005/new_component_compatible_pairs_within1km.csv,checked_rule_accepted
2002:022_862ad8a69d_02c_Vologodskaya.xls:2C:6761,2002,2010:012_5c339c0d0e_4._20Vologod_pskov_2010.xls:Data Sheet:6316,2010,same_place,Бабиковская,деревня,вологодская,0.0,0.0,,not_assessed_by_identity_rule,0.0,True,exact_name_type_region_unique_pair_accepted_points_le_1km_no_collision_no_duplicate_year; shared exact GeoKLADR source may support identity with zero count but outlier ratios held,research_rebuild/evidence/coordinate_proximity_audit_20261005/new_component_compatible_pairs_within1km.csv,checked_rule_accepted
2002:022_862ad8a69d_02c_Vologodskaya.xls:2C:6766,2002,2010:012_5c339c0d0e_4._20Vologod_pskov_2010.xls:Data Sheet:6321,2010,same_place,Еловцево,деревня,вологодская,0.0,0.0,,not_assessed_by_identity_rule,0.0,True,exact_name_type_region_unique_pair_accepted_points_le_1km_no_collision_no_duplicate_year; shared exact GeoKLADR source may support identity with zero count but outlier ratios held,research_rebuild/evidence/coordinate_proximity_audit_20261005/new_component_compatible_pairs_within1km.csv,checked_rule_accepted
2002:022_862ad8a69d_02c_Vologodskaya.xls:2C:6773,2002,2010:012_5c339c0d0e_4._20Vologod_pskov_2010.xls:Data Sheet:6328,2010,same_place,Лаушинская,деревня,вологодская,0.0,0.0,,not_assessed_by_identity_rule,0.0,True,exact_name_type_region_unique_pair_accepted_points_le_1km_no_collision_no_duplicate_year; shared exact GeoKLADR source may support identity with zero count but outlier ratios held,research_rebuild/evidence/coordinate_proximity_audit_20261005/new_component_compatible_pairs_within1km.csv,checked_rule_accepted
2002:022_862ad8a69d_02c_Vologodskaya.xls:2C:6911,2002,2010:012_5c339c0d0e_4._20Vologod_pskov_2010.xls:Data Sheet:6457,2010,same_place,Шаркино,деревня,вологодская,0.0,0.0,,not_assessed_by_identity_rule,0.0,True,exact_name_type_region_unique_pair_accepted_points_le_1km_no_collision_no_duplicate_year; shared exact GeoKLADR source may support identity with zero count but outlier ratios held,research_rebuild/evidence/coordinate_proximity_audit_20261005/new_component_compatible_pairs_within1km.csv,checked_rule_accepted
2002:022_862ad8a69d_02c_Vologodskaya.xls:2C:6946,2002,2010:012_5c339c0d0e_4._20Vologod_pskov_2010.xls:Data Sheet:6490,2010,same_place,Жихнево,деревня,вологодская,0.0,0.0,,not_assessed_by_identity_rule,0.0,True,exact_name_type_region_unique_pair_accepted_points_le_1km_no_collision_no_duplicate_year; shared exact GeoKLADR source may support identity with zero count but outlier ratios held,research_rebuild/evidence/coordinate_proximity_audit_20261005/new_component_compatible_pairs_within1km.csv,checked_rule_accepted
2002:022_862ad8a69d_02c_Vologodskaya.xls:2C:6970,2002,2010:012_5c339c0d0e_4._20Vologod_pskov_2010.xls:Data Sheet:6513,2010,same_place,Круглыши,деревня,вологодская,0.0,0.0,,not_assessed_by_identity_rule,0.0,True,exact_name_type_region_unique_pair_accepted_points_le_1km_no_collision_no_duplicate_year; shared exact GeoKLADR source may support identity with zero count but outlier ratios held,research_rebuild/evidence/coordinate_proximity_audit_20261005/new_component_compatible_pairs_within1km.csv,checked_rule_accepted
2002:022_862ad8a69d_02c_Vologodskaya.xls:2C:6995,2002,2010:012_5c339c0d0e_4._20Vologod_pskov_2010.xls:Data Sheet:6537,2010,same_place,Шевелево,деревня,вологодская,0.0,0.0,,not_assessed_by_identity_rule,0.0,True,exact_name_type_region_unique_pair_accepted_points_le_1km_no_collision_no_duplicate_year; shared exact GeoKLADR source may support identity with zero count but outlier ratios held,research_rebuild/evidence/coordinate_proximity_audit_20261005/new_component_compatible_pairs_within1km.csv,checked_rule_accepted
2002:022_862ad8a69d_02c_Vologodskaya.xls:2C:7148,2002,2010:012_5c339c0d0e_4._20Vologod_pskov_2010.xls:Data Sheet:6680,2010,same_place,Ракульское,деревня,вологодская,0.0,0.0,,not_assessed_by_identity_rule,0.0,True,exact_name_type_region_unique_pair_accepted_points_le_1km_no_collision_no_duplicate_year; shared exact GeoKLADR source may support identity with zero count but outlier ratios held,research_rebuild/evidence/coordinate_proximity_audit_20261005/new_component_compatible_pairs_within1km.csv,checked_rule_accepted
2002:022_862ad8a69d_02c_Vologodskaya.xls:2C:7193,2002,2010:012_5c339c0d0e_4._20Vologod_pskov_2010.xls:Data Sheet:6724,2010,same_place,Самылиха,деревня,вологодская,0.0,0.0,,not_assessed_by_identity_rule,0.0,True,exact_name_type_region_unique_pair_accepted_points_le_1km_no_collision_no_duplicate_year; shared exact GeoKLADR source may support identity with zero count but outlier ratios held,research_rebuild/evidence/coordinate_proximity_audit_20261005/new_component_compatible_pairs_within1km.csv,checked_rule_accepted
2002:022_862ad8a69d_02c_Vologodskaya.xls:2C:7266,2002,2010:012_5c339c0d0e_4._20Vologod_pskov_2010.xls:Data Sheet:6795,2010,same_place,Саматово,деревня,вологодская,0.0,0.0,,not_assessed_by_identity_rule,0.0,True,exact_name_type_region_unique_pair_accepted_points_le_1km_no_collision_no_duplicate_year; shared exact GeoKLADR source may support identity with zero count but outlier ratios held,research_rebuild/evidence/coordinate_proximity_audit_20261005/new_component_compatible_pairs_within1km.csv,checked_rule_accepted
2002:022_862ad8a69d_02c_Vologodskaya.xls:2C:75,2002,2010:012_5c339c0d0e_4._20Vologod_pskov_2010.xls:Data Sheet:68,2010,same_place,Березовец,деревня,вологодская,0.0,0.0,,not_assessed_by_identity_rule,0.0,True,exact_name_type_region_unique_pair_accepted_points_le_1km_no_collision_no_duplicate_year; shared exact GeoKLADR source may support identity with zero count but outlier ratios held,research_rebuild/evidence/coordinate_proximity_audit_20261005/new_component_compatible_pairs_within1km.csv,checked_rule_accepted
2002:022_862ad8a69d_02c_Vologodskaya.xls:2C:8298,2002,2010:012_5c339c0d0e_4._20Vologod_pskov_2010.xls:Data Sheet:7769,2010,same_place,Бирючово,деревня,вологодская,6.0,0.0,,not_assessed_by_identity_rule,0.0,True,exact_name_type_region_unique_pair_accepted_points_le_1km_no_collision_no_duplicate_year; shared exact GeoKLADR source may support identity with zero count but outlier ratios held,research_rebuild/evidence/coordinate_proximity_audit_20261005/new_component_compatible_pairs_within1km.csv,checked_rule_accepted
2002:022_862ad8a69d_02c_Vologodskaya.xls:2C:8508,2002,2010:012_5c339c0d0e_4._20Vologod_pskov_2010.xls:Data Sheet:7970,2010,same_place,Фомушино,деревня,вологодская,0.0,0.0,,not_assessed_by_identity_rule,0.0,True,exact_name_type_region_unique_pair_accepted_points_le_1km_no_collision_no_duplicate_year; shared exact GeoKLADR source may support identity with zero count but outlier ratios held,research_rebuild/evidence/coordinate_proximity_audit_20261005/new_component_compatible_pairs_within1km.csv,checked_rule_accepted
2002:022_862ad8a69d_02c_Vologodskaya.xls:2C:8541,2002,2010:012_5c339c0d0e_4._20Vologod_pskov_2010.xls:Data Sheet:8001,2010,same_place,Потрекичево,деревня,вологодская,0.0,12.0,,not_assessed_by_identity_rule,0.0,True,exact_name_type_region_unique_pair_accepted_points_le_1km_no_collision_no_duplicate_year; shared exact GeoKLADR source may support identity with zero count but outlier ratios held,research_rebuild/evidence/coordinate_proximity_audit_20261005/new_component_compatible_pairs_within1km.csv,checked_rule_accepted
2002:022_862ad8a69d_02c_Vologodskaya.xls:2C:990,2002,2010:012_5c339c0d0e_4._20Vologod_pskov_2010.xls:Data Sheet:902,2010,same_place,Верхнее Чистяково,деревня,вологодская,0.0,0.0,,not_assessed_by_identity_rule,0.0,True,exact_name_type_region_unique_pair_accepted_points_le_1km_no_collision_no_duplicate_year; shared exact GeoKLADR source may support identity with zero count but outlier ratios held,research_rebuild/evidence/coordinate_proximity_audit_20261005/new_component_compatible_pairs_within1km.csv,checked_rule_accepted
2002:022_862ad8a69d_02c_Vologodskaya.xls:2C:998,2002,2010:012_5c339c0d0e_4._20Vologod_pskov_2010.xls:Data Sheet:910,2010,same_place,Нижнее Чистяково,деревня,вологодская,0.0,0.0,,not_assessed_by_identity_rule,0.0,True,exact_name_type_region_unique_pair_accepted_points_le_1km_no_collision_no_duplicate_year; shared exact GeoKLADR source may support identity with zero count but outlier ratios held,research_rebuild/evidence/coordinate_proximity_audit_20261005/new_component_compatible_pairs_within1km.csv,checked_rule_accepted
2002:022_862ad8a69d_02c_Vologodskaya.xls:2C:999,2002,2010:012_5c339c0d0e_4._20Vologod_pskov_2010.xls:Data Sheet:911,2010,same_place,Пасная,деревня,вологодская,0.0,0.0,,not_assessed_by_identity_rule,0.0,True,exact_name_type_region_unique_pair_accepted_points_le_1km_no_collision_no_duplicate_year; shared exact GeoKLADR source may support identity with zero count but outlier ratios held,research_rebuild/evidence/coordinate_proximity_audit_20261005/new_component_compatible_pairs_within1km.csv,checked_rule_accepted
2002:024_2d3f550c6f_02c_Leningradskaja_obl_new.xls:!!!!!!:1214,2002,2010:001_723371ec84_1._20NW_2010.xls:NW:6301,2010,same_place,Светлое,посёлок,ленинградская,11.0,0.0,,not_assessed_by_identity_rule,0.0,True,exact_name_type_region_unique_pair_accepted_points_le_1km_no_collision_no_duplicate_year; shared exact GeoKLADR source may support identity with zero count but outlier ratios held,research_rebuild/evidence/coordinate_proximity_audit_20261005/new_component_compatible_pairs_within1km.csv,checked_rule_accepted
2002:026_0eca405331_02c_Novgorodskaja.xls:Sheet1:1059,2002,2010:001_723371ec84_1._20NW_2010.xls:NW:9136,2010,same_place,Новые Ладомири,деревня,новгородская,0.0,0.0,,not_assessed_by_identity_rule,0.0,True,exact_name_type_region_unique_pair_accepted_points_le_1km_no_collision_no_duplicate_year; shared exact GeoKLADR source may support identity with zero count but outlier ratios held,research_rebuild/evidence/coordinate_proximity_audit_20261005/new_component_compatible_pairs_within1km.csv,checked_rule_accepted
2002:026_0eca405331_02c_Novgorodskaja.xls:Sheet1:1109,2002,2010:001_723371ec84_1._20NW_2010.xls:NW:9176,2010,same_place,Мирохово,деревня,новгородская,0.0,0.0,,not_assessed_by_identity_rule,0.0,True,exact_name_type_region_unique_pair_accepted_points_le_1km_no_collision_no_duplicate_year; shared exact GeoKLADR source may support identity with zero count but outlier ratios held,research_rebuild/evidence/coordinate_proximity_audit_20261005/new_component_compatible_pairs_within1km.csv,checked_rule_accepted
2002:026_0eca405331_02c_Novgorodskaja.xls:Sheet1:1394,2002,2010:001_723371ec84_1._20NW_2010.xls:NW:9488,2010,same_place,Большое Максимково,деревня,новгородская,0.0,0.0,,not_assessed_by_identity_rule,0.0,True,exact_name_type_region_unique_pair_accepted_points_le_1km_no_collision_no_duplicate_year; shared exact GeoKLADR source may support identity with zero count but outlier ratios held,research_rebuild/evidence/coordinate_proximity_audit_20261005/new_component_compatible_pairs_within1km.csv,checked_rule_accepted
2002:026_0eca405331_02c_Novgorodskaja.xls:Sheet1:1483,2002,2010:001_723371ec84_1._20NW_2010.xls:NW:9497,2010,same_place,Великая,деревня,новгородская,0.0,0.0,,not_assessed_by_identity_rule,0.0,True,exact_name_type_region_unique_pair_accepted_points_le_1km_no_collision_no_duplicate_year; shared exact GeoKLADR source may support identity with zero count but outlier ratios held,research_rebuild/evidence/coordinate_proximity_audit_20261005/new_component_compatible_pairs_within1km.csv,checked_rule_accepted
2002:026_0eca405331_02c_Novgorodskaja.xls:Sheet1:1958,2002,2010:001_723371ec84_1._20NW_2010.xls:NW:10198,2010,same_place,Нивка,деревня,новгородская,0.0,0.0,,not_assessed_by_identity_rule,0.0,True,exact_name_type_region_unique_pair_accepted_points_le_1km_no_collision_no_duplicate_year; shared exact GeoKLADR source may support identity with zero count but outlier ratios held,research_rebuild/evidence/coordinate_proximity_audit_20261005/new_component_compatible_pairs_within1km.csv,checked_rule_accepted
2002:026_0eca405331_02c_Novgorodskaja.xls:Sheet1:1965,2002,2010:001_723371ec84_1._20NW_2010.xls:NW:10205,2010,same_place,Смолины,деревня,новгородская,0.0,0.0,,not_assessed_by_identity_rule,0.0,True,exact_name_type_region_unique_pair_accepted_points_le_1km_no_collision_no_duplicate_year; shared exact GeoKLADR source may support identity with zero count but outlier ratios held,research_rebuild/evidence/coordinate_proximity_audit_20261005/new_component_compatible_pairs_within1km.csv,checked_rule_accepted
2002:026_0eca405331_02c_Novgorodskaja.xls:Sheet1:3309,2002,2010:001_723371ec84_1._20NW_2010.xls:NW:11306,2010,same_place,Сидоровец,деревня,новгородская,0.0,0.0,,not_assessed_by_identity_rule,0.0,True,exact_name_type_region_unique_pair_accepted_points_le_1km_no_collision_no_duplicate_year; shared exact GeoKLADR source may support identity with zero count but outlier ratios held,research_rebuild/evidence/coordinate_proximity_audit_20261005/new_component_compatible_pairs_within1km.csv,checked_rule_accepted
2002:026_0eca405331_02c_Novgorodskaja.xls:Sheet1:3403,2002,2010:001_723371ec84_1._20NW_2010.xls:NW:11329,2010,same_place,Коростова,деревня,новгородская,0.0,0.0,,not_assessed_by_identity_rule,0.0,True,exact_name_type_region_unique_pair_accepted_points_le_1km_no_collision_no_duplicate_year; shared exact GeoKLADR source may support identity with zero count but outlier ratios held,research_rebuild/evidence/coordinate_proximity_audit_20261005/new_component_compatible_pairs_within1km.csv,checked_rule_accepted
2002:026_0eca405331_02c_Novgorodskaja.xls:Sheet1:3920,2002,2010:001_723371ec84_1._20NW_2010.xls:NW:11828,2010,same_place,Меркушево,деревня,новгородская,0.0,0.0,,not_assessed_by_identity_rule,0.0,True,exact_name_type_region_unique_pair_accepted_points_le_1km_no_collision_no_duplicate_year; shared exact GeoKLADR source may support identity with zero count but outlier ratios held,research_rebuild/evidence/coordinate_proximity_audit_20261005/new_component_compatible_pairs_within1km.csv,checked_rule_accepted
2002:026_0eca405331_02c_Novgorodskaja.xls:Sheet1:3932,2002,2010:001_723371ec84_1._20NW_2010.xls:NW:11849,2010,same_place,Шавринка,деревня,новгородская,0.0,0.0,,not_assessed_by_identity_rule,0.0,True,exact_name_type_region_unique_pair_accepted_points_le_1km_no_collision_no_duplicate_year; shared exact GeoKLADR source may support identity with zero count but outlier ratios held,research_rebuild/evidence/coordinate_proximity_audit_20261005/new_component_compatible_pairs_within1km.csv,checked_rule_accepted
2002:026_0eca405331_02c_Novgorodskaja.xls:Sheet1:3934,2002,2010:001_723371ec84_1._20NW_2010.xls:NW:11825,2010,same_place,Карелкино,деревня,новгородская,3.0,0.0,,not_assessed_by_identity_rule,0.0,True,exact_name_type_region_unique_pair_accepted_points_le_1km_no_collision_no_duplicate_year; shared exact GeoKLADR source may support identity with zero count but outlier ratios held,research_rebuild/evidence/coordinate_proximity_audit_20261005/new_component_compatible_pairs_within1km.csv,checked_rule_accepted
2002:026_0eca405331_02c_Novgorodskaja.xls:Sheet1:3940,2002,2010:001_723371ec84_1._20NW_2010.xls:NW:11852,2010,same_place,Щулакино,деревня,новгородская,2.0,0.0,,not_assessed_by_identity_rule,0.0,True,exact_name_type_region_unique_pair_accepted_points_le_1km_no_collision_no_duplicate_year; shared exact GeoKLADR source may support identity with zero count but outlier ratios held,research_rebuild/evidence/coordinate_proximity_audit_20261005/new_component_compatible_pairs_within1km.csv,checked_rule_accepted
2002:026_0eca405331_02c_Novgorodskaja.xls:Sheet1:902,2002,2010:001_723371ec84_1._20NW_2010.xls:NW:9159,2010,same_place,Андрехново,деревня,новгородская,0.0,0.0,,not_assessed_by_identity_rule,0.0,True,exact_name_type_region_unique_pair_accepted_points_le_1km_no_collision_no_duplicate_year; shared exact GeoKLADR source may support identity with zero count but outlier ratios held,research_rebuild/evidence/coordinate_proximity_audit_20261005/new_component_compatible_pairs_within1km.csv,checked_rule_accepted
2002:026_0eca405331_02c_Novgorodskaja.xls:Sheet1:904,2002,2010:001_723371ec84_1._20NW_2010.xls:NW:9161,2010,same_place,Воздухи,деревня,новгородская,0.0,0.0,,not_assessed_by_identity_rule,0.0,True,exact_name_type_region_unique_pair_accepted_points_le_1km_no_collision_no_duplicate_year; shared exact GeoKLADR source may support identity with zero count but outlier ratios held,research_rebuild/evidence/coordinate_proximity_audit_20261005/new_component_compatible_pairs_within1km.csv,checked_rule_accepted
2002:026_0eca405331_02c_Novgorodskaja.xls:Sheet1:985,2002,2010:001_723371ec84_1._20NW_2010.xls:NW:9188,2010,same_place,Русская Болотница,деревня,новгородская,0.0,0.0,,not_assessed_by_identity_rule,0.0,True,exact_name_type_region_unique_pair_accepted_points_le_1km_no_collision_no_duplicate_year; shared exact GeoKLADR source may support identity with zero count but outlier ratios held,research_rebuild/evidence/coordinate_proximity_audit_20261005/new_component_compatible_pairs_within1km.csv,checked_rule_accepted
2002:026_0eca405331_02c_Novgorodskaja.xls:Sheet1:989,2002,2010:001_723371ec84_1._20NW_2010.xls:NW:9191,2010,same_place,Листовичи,деревня,новгородская,0.0,0.0,,not_assessed_by_identity_rule,0.0,True,exact_name_type_region_unique_pair_accepted_points_le_1km_no_collision_no_duplicate_year; shared exact GeoKLADR source may support identity with zero count but outlier ratios held,research_rebuild/evidence/coordinate_proximity_audit_20261005/new_component_compatible_pairs_within1km.csv,checked_rule_accepted
2002:026_0eca405331_02c_Novgorodskaja.xls:Sheet1:990,2002,2010:001_723371ec84_1._20NW_2010.xls:NW:9192,2010,same_place,Охта,деревня,новгородская,10.0,0.0,,not_assessed_by_identity_rule,0.0,True,exact_name_type_region_unique_pair_accepted_points_le_1km_no_collision_no_duplicate_year; shared exact GeoKLADR source may support identity with zero count but outlier ratios held,research_rebuild/evidence/coordinate_proximity_audit_20261005/new_component_compatible_pairs_within1km.csv,checked_rule_accepted
2002:027_25f0f7433c_02c_Pskovskaja.xls:!!:1797,2002,2010:012_5c339c0d0e_4._20Vologod_pskov_2010.xls:Data Sheet:9740,2010,same_place,Больший Луг,деревня,псковская,1.0,0.0,,not_assessed_by_identity_rule,0.0,True,exact_name_type_region_unique_pair_accepted_points_le_1km_no_collision_no_duplicate_year; shared exact GeoKLADR source may support identity with zero count but outlier ratios held,research_rebuild/evidence/coordinate_proximity_audit_20261005/new_component_compatible_pairs_within1km.csv,checked_rule_accepted
2002:027_25f0f7433c_02c_Pskovskaja.xls:!!:5128,2002,2010:012_5c339c0d0e_4._20Vologod_pskov_2010.xls:Data Sheet:12899,2010,same_place,Шадрица,деревня,псковская,5.0,0.0,,not_assessed_by_identity_rule,0.0,True,exact_name_type_region_unique_pair_accepted_points_le_1km_no_collision_no_duplicate_year; shared exact GeoKLADR source may support identity with zero count but outlier ratios held,research_rebuild/evidence/coordinate_proximity_audit_20261005/new_component_compatible_pairs_within1km.csv,checked_rule_accepted
2002:027_25f0f7433c_02c_Pskovskaja.xls:!!:5161,2002,2010:012_5c339c0d0e_4._20Vologod_pskov_2010.xls:Data Sheet:12928,2010,same_place,Зальсажье,деревня,псковская,0.0,0.0,,not_assessed_by_identity_rule,0.0,True,exact_name_type_region_unique_pair_accepted_points_le_1km_no_collision_no_duplicate_year; shared exact GeoKLADR source may support identity with zero count but outlier ratios held,research_rebuild/evidence/coordinate_proximity_audit_20261005/new_component_compatible_pairs_within1km.csv,checked_rule_accepted
2002:027_25f0f7433c_02c_Pskovskaja.xls:!!:8127,2002,2010:012_5c339c0d0e_4._20Vologod_pskov_2010.xls:Data Sheet:15708,2010,same_place,Шиверцово,деревня,псковская,0.0,0.0,,not_assessed_by_identity_rule,0.0,True,exact_name_type_region_unique_pair_accepted_points_le_1km_no_collision_no_duplicate_year; shared exact GeoKLADR source may support identity with zero count but outlier ratios held,research_rebuild/evidence/coordinate_proximity_audit_20261005/new_component_compatible_pairs_within1km.csv,checked_rule_accepted
2002:027_25f0f7433c_02c_Pskovskaja.xls:!!:8361,2002,2010:012_5c339c0d0e_4._20Vologod_pskov_2010.xls:Data Sheet:15714,2010,same_place,Андриполье,деревня,псковская,0.0,0.0,,not_assessed_by_identity_rule,0.0,True,exact_name_type_region_unique_pair_accepted_points_le_1km_no_collision_no_duplicate_year; shared exact GeoKLADR source may support identity with zero count but outlier ratios held,research_rebuild/evidence/coordinate_proximity_audit_20261005/new_component_compatible_pairs_within1km.csv,checked_rule_accepted
2002:038_218ac665d8_02c_Astraxanskaja.xls:Sheet1:262,2002,2010:004_486e984bdc_12._20Астр_Волгог_Ростов.xls:Южный:160,2010,same_place,Бакланий,посёлок,астраханская,235.0,0.0,,not_assessed_by_identity_rule,0.0,True,exact_name_type_region_unique_pair_accepted_points_le_1km_no_collision_no_duplicate_year; shared exact GeoKLADR source may support identity with zero count but outlier ratios held,research_rebuild/evidence/coordinate_proximity_audit_20261005/new_component_compatible_pairs_within1km.csv,checked_rule_accepted
2002:038_218ac665d8_02c_Astraxanskaja.xls:Sheet1:268,2002,2010:004_486e984bdc_12._20Астр_Волгог_Ростов.xls:Южный:164,2010,same_place,Долгий,посёлок,астраханская,11.0,0.0,,not_assessed_by_identity_rule,0.0,True,exact_name_type_region_unique_pair_accepted_points_le_1km_no_collision_no_duplicate_year; shared exact GeoKLADR source may support identity with zero count but outlier ratios held,research_rebuild/evidence/coordinate_proximity_audit_20261005/new_component_compatible_pairs_within1km.csv,checked_rule_accepted
2002:038_218ac665d8_02c_Astraxanskaja.xls:Sheet1:403,2002,2010:004_486e984bdc_12._20Астр_Волгог_Ростов.xls:Южный:245,2010,same_place,Шагала,посёлок,астраханская,0.0,0.0,,not_assessed_by_identity_rule,0.0,True,exact_name_type_region_unique_pair_accepted_points_le_1km_no_collision_no_duplicate_year; shared exact GeoKLADR source may support identity with zero count but outlier ratios held,research_rebuild/evidence/coordinate_proximity_audit_20261005/new_component_compatible_pairs_within1km.csv,checked_rule_accepted
2002:038_218ac665d8_02c_Astraxanskaja.xls:Sheet1:477,2002,2010:004_486e984bdc_12._20Астр_Волгог_Ростов.xls:Южный:288,2010,same_place,Чистый Яр,хутор,астраханская,0.0,0.0,,not_assessed_by_identity_rule,0.0,True,exact_name_type_region_unique_pair_accepted_points_le_1km_no_collision_no_duplicate_year; shared exact GeoKLADR source may support identity with zero count but outlier ratios held,research_rebuild/evidence/coordinate_proximity_audit_20261005/new_component_compatible_pairs_within1km.csv,checked_rule_accepted
2002:039_1d4b1f6286_02c_Volgograd.xls:Sheet1:1161,2002,2010:004_486e984bdc_12._20Астр_Волгог_Ростов.xls:Южный:1196,2010,same_place,Красавский,хутор,волгоградская,0.0,0.0,,not_assessed_by_identity_rule,0.0,True,exact_name_type_region_unique_pair_accepted_points_le_1km_no_collision_no_duplicate_year; shared exact GeoKLADR source may support identity with zero count but outlier ratios held,research_rebuild/evidence/coordinate_proximity_audit_20261005/new_component_compatible_pairs_within1km.csv,checked_rule_accepted
2002:039_1d4b1f6286_02c_Volgograd.xls:Sheet1:1991,2002,2010:004_486e984bdc_12._20Астр_Волгог_Ростов.xls:Южный:1775,2010,same_place,Рышинский,хутор,волгоградская,52.0,0.0,,not_assessed_by_identity_rule,0.0,True,exact_name_type_region_unique_pair_accepted_points_le_1km_no_collision_no_duplicate_year; shared exact GeoKLADR source may support identity with zero count but outlier ratios held,research_rebuild/evidence/coordinate_proximity_audit_20261005/new_component_compatible_pairs_within1km.csv,checked_rule_accepted
2002:040_95a4475637_02c_Rostov_obl.xls:Sheet1:427,2002,2010:004_486e984bdc_12._20Астр_Волгог_Ростов.xls:Южный:2262,2010,same_place,Матюшенский,хутор,ростовская,1.0,0.0,,not_assessed_by_identity_rule,0.0,True,exact_name_type_region_unique_pair_accepted_points_le_1km_no_collision_no_duplicate_year; shared exact GeoKLADR source may support identity with zero count but outlier ratios held,research_rebuild/evidence/coordinate_proximity_audit_20261005/new_component_compatible_pairs_within1km.csv,checked_rule_accepted
2002:043_56b84811fa_02c_mordovia.xls:!!:441,2002,2010:017_68e0e4537e_9._20Basq_Mari_Mord_Tatar_Udm_Chuv_2010.xls:!!!:6428,2010,same_place,Осиповка,посёлок,мордовия,6.0,0.0,,not_assessed_by_identity_rule,0.0,True,exact_name_type_region_unique_pair_accepted_points_le_1km_no_collision_no_duplicate_year; shared exact GeoKLADR source may support identity with zero count but outlier ratios held,research_rebuild/evidence/coordinate_proximity_audit_20261005/new_component_compatible_pairs_within1km.csv,checked_rule_accepted
2002:043_56b84811fa_02c_mordovia.xls:!!:548,2002,2010:017_68e0e4537e_9._20Basq_Mari_Mord_Tatar_Udm_Chuv_2010.xls:!!!:6497,2010,same_place,Бриловский Завод,деревня,мордовия,4.0,0.0,,not_assessed_by_identity_rule,0.0,True,exact_name_type_region_unique_pair_accepted_points_le_1km_no_collision_no_duplicate_year; shared exact GeoKLADR source may support identity with zero count but outlier ratios held,research_rebuild/evidence/coordinate_proximity_audit_20261005/new_component_compatible_pairs_within1km.csv,checked_rule_accepted
2002:043_56b84811fa_02c_mordovia.xls:!!:830,2002,2010:017_68e0e4537e_9._20Basq_Mari_Mord_Tatar_Udm_Chuv_2010.xls:!!!:6670,2010,same_place,Миндра,посёлок,мордовия,9.0,0.0,,not_assessed_by_identity_rule,0.0,True,exact_name_type_region_unique_pair_accepted_points_le_1km_no_collision_no_duplicate_year; shared exact GeoKLADR source may support identity with zero count but outlier ratios held,research_rebuild/evidence/coordinate_proximity_audit_20261005/new_component_compatible_pairs_within1km.csv,checked_rule_accepted
2002:043_56b84811fa_02c_mordovia.xls:!!:907,2002,2010:017_68e0e4537e_9._20Basq_Mari_Mord_Tatar_Udm_Chuv_2010.xls:!!!:6719,2010,same_place,Экономические Полянки,деревня,мордовия,9.0,0.0,,not_assessed_by_identity_rule,0.0,True,exact_name_type_region_unique_pair_accepted_points_le_1km_no_collision_no_duplicate_year; shared exact GeoKLADR source may support identity with zero count but outlier ratios held,research_rebuild/evidence/coordinate_proximity_audit_20261005/new_component_compatible_pairs_within1km.csv,checked_rule_accepted
2002:045_9dc3ed048e_02c__Udmurtia.xls:Sheet1:1484,2002,2010:017_68e0e4537e_9._20Basq_Mari_Mord_Tatar_Udm_Chuv_2010.xls:!!!:11606,2010,same_place,Лыштанка,деревня,удмуртская,0.0,0.0,,not_assessed_by_identity_rule,0.0,True,exact_name_type_region_unique_pair_accepted_points_le_1km_no_collision_no_duplicate_year; shared exact GeoKLADR source may support identity with zero count but outlier ratios held,research_rebuild/evidence/coordinate_proximity_audit_20261005/new_component_compatible_pairs_within1km.csv,checked_rule_accepted
2002:045_9dc3ed048e_02c__Udmurtia.xls:Sheet1:1496,2002,2010:017_68e0e4537e_9._20Basq_Mari_Mord_Tatar_Udm_Chuv_2010.xls:!!!:11614,2010,same_place,Синярка,деревня,удмуртская,0.0,0.0,,not_assessed_by_identity_rule,0.0,True,exact_name_type_region_unique_pair_accepted_points_le_1km_no_collision_no_duplicate_year; shared exact GeoKLADR source may support identity with zero count but outlier ratios held,research_rebuild/evidence/coordinate_proximity_audit_20261005/new_component_compatible_pairs_within1km.csv,checked_rule_accepted
2002:045_9dc3ed048e_02c__Udmurtia.xls:Sheet1:1502,2002,2010:017_68e0e4537e_9._20Basq_Mari_Mord_Tatar_Udm_Chuv_2010.xls:!!!:11619,2010,same_place,Чулья,деревня,удмуртская,1.0,0.0,,not_assessed_by_identity_rule,0.0,True,exact_name_type_region_unique_pair_accepted_points_le_1km_no_collision_no_duplicate_year; shared exact GeoKLADR source may support identity with zero count but outlier ratios held,research_rebuild/evidence/coordinate_proximity_audit_20261005/new_component_compatible_pairs_within1km.csv,checked_rule_accepted
2002:045_9dc3ed048e_02c__Udmurtia.xls:Sheet1:2874,2002,2010:017_68e0e4537e_9._20Basq_Mari_Mord_Tatar_Udm_Chuv_2010.xls:!!!:12514,2010,same_place,Феоктистово,деревня,удмуртская,20.0,0.0,,not_assessed_by_identity_rule,0.0,True,exact_name_type_region_unique_pair_accepted_points_le_1km_no_collision_no_duplicate_year; shared exact GeoKLADR source may support identity with zero count but outlier ratios held,research_rebuild/evidence/coordinate_proximity_audit_20261005/new_component_compatible_pairs_within1km.csv,checked_rule_accepted
2002:045_9dc3ed048e_02c__Udmurtia.xls:Sheet1:2883,2002,2010:017_68e0e4537e_9._20Basq_Mari_Mord_Tatar_Udm_Chuv_2010.xls:!!!:12518,2010,same_place,Тюрики,деревня,удмуртская,2.0,0.0,,not_assessed_by_identity_rule,0.0,True,exact_name_type_region_unique_pair_accepted_points_le_1km_no_collision_no_duplicate_year; shared exact GeoKLADR source may support identity with zero count but outlier ratios held,research_rebuild/evidence/coordinate_proximity_audit_20261005/new_component_compatible_pairs_within1km.csv,checked_rule_accepted
2002:047_9960082a3e_02c_Kirovskaja_new.xls:Sheet1:1239,2002,2010:014_5ca759eea0_5._20Nizheg_Kirov_202010.xls:Data Sheet:5724,2010,same_place,Волга,деревня,кировская,62.0,0.0,,not_assessed_by_identity_rule,0.0,True,exact_name_type_region_unique_pair_accepted_points_le_1km_no_collision_no_duplicate_year; shared exact GeoKLADR source may support identity with zero count but outlier ratios held,research_rebuild/evidence/coordinate_proximity_audit_20261005/new_component_compatible_pairs_within1km.csv,checked_rule_accepted
2002:047_9960082a3e_02c_Kirovskaja_new.xls:Sheet1:1249,2002,2010:014_5ca759eea0_5._20Nizheg_Kirov_202010.xls:Data Sheet:5690,2010,same_place,Покровское,деревня,кировская,0.0,0.0,,not_assessed_by_identity_rule,0.0,True,exact_name_type_region_unique_pair_accepted_points_le_1km_no_collision_no_duplicate_year; shared exact GeoKLADR source may support identity with zero count but outlier ratios held,research_rebuild/evidence/coordinate_proximity_audit_20261005/new_component_compatible_pairs_within1km.csv,checked_rule_accepted
2002:047_9960082a3e_02c_Kirovskaja_new.xls:Sheet1:1285,2002,2010:014_5ca759eea0_5._20Nizheg_Kirov_202010.xls:Data Sheet:5717,2010,same_place,Нижний Порек,деревня,кировская,1.0,0.0,,not_assessed_by_identity_rule,0.0,True,exact_name_type_region_unique_pair_accepted_points_le_1km_no_collision_no_duplicate_year; shared exact GeoKLADR source may support identity with zero count but outlier ratios held,research_rebuild/evidence/coordinate_proximity_audit_20261005/new_component_compatible_pairs_within1km.csv,checked_rule_accepted
2002:047_9960082a3e_02c_Kirovskaja_new.xls:Sheet1:1882,2002,2010:014_5ca759eea0_5._20Nizheg_Kirov_202010.xls:Data Sheet:6248,2010,same_place,Рябинники,деревня,кировская,0.0,0.0,,not_assessed_by_identity_rule,0.0,True,exact_name_type_region_unique_pair_accepted_points_le_1km_no_collision_no_duplicate_year; shared exact GeoKLADR source may support identity with zero count but outlier ratios held,research_rebuild/evidence/coordinate_proximity_audit_20261005/new_component_compatible_pairs_within1km.csv,checked_rule_accepted
2002:047_9960082a3e_02c_Kirovskaja_new.xls:Sheet1:190,2002,2010:014_5ca759eea0_5._20Nizheg_Kirov_202010.xls:Data Sheet:4906,2010,same_place,Ляпши,деревня,кировская,0.0,0.0,,not_assessed_by_identity_rule,0.0,True,exact_name_type_region_unique_pair_accepted_points_le_1km_no_collision_no_duplicate_year; shared exact GeoKLADR source may support identity with zero count but outlier ratios held,research_rebuild/evidence/coordinate_proximity_audit_20261005/new_component_compatible_pairs_within1km.csv,checked_rule_accepted
2002:047_9960082a3e_02c_Kirovskaja_new.xls:Sheet1:200,2002,2010:014_5ca759eea0_5._20Nizheg_Kirov_202010.xls:Data Sheet:4942,2010,same_place,Душкины,деревня,кировская,0.0,0.0,,not_assessed_by_identity_rule,0.0,True,exact_name_type_region_unique_pair_accepted_points_le_1km_no_collision_no_duplicate_year; shared exact GeoKLADR source may support identity with zero count but outlier ratios held,research_rebuild/evidence/coordinate_proximity_audit_20261005/new_component_compatible_pairs_within1km.csv,checked_rule_accepted
2002:047_9960082a3e_02c_Kirovskaja_new.xls:Sheet1:2032,2002,2010:014_5ca759eea0_5._20Nizheg_Kirov_202010.xls:Data Sheet:6373,2010,same_place,Малый Сердеж,деревня,кировская,2.0,0.0,,not_assessed_by_identity_rule,0.0,True,exact_name_type_region_unique_pair_accepted_points_le_1km_no_collision_no_duplicate_year; shared exact GeoKLADR source may support identity with zero count but outlier ratios held,research_rebuild/evidence/coordinate_proximity_audit_20261005/new_component_compatible_pairs_within1km.csv,checked_rule_accepted
2002:047_9960082a3e_02c_Kirovskaja_new.xls:Sheet1:2060,2002,2010:014_5ca759eea0_5._20Nizheg_Kirov_202010.xls:Data Sheet:6391,2010,same_place,Фролово,деревня,кировская,7.0,0.0,,not_assessed_by_identity_rule,0.0,True,exact_name_type_region_unique_pair_accepted_points_le_1km_no_collision_no_duplicate_year; shared exact GeoKLADR source may support identity with zero count but outlier ratios held,research_rebuild/evidence/coordinate_proximity_audit_20261005/new_component_compatible_pairs_within1km.csv,checked_rule_accepted
2002:047_9960082a3e_02c_Kirovskaja_new.xls:Sheet1:2078,2002,2010:014_5ca759eea0_5._20Nizheg_Kirov_202010.xls:Data Sheet:6405,2010,same_place,Вараксино,деревня,кировская,2.0,0.0,,not_assessed_by_identity_rule,0.0,True,exact_name_type_region_unique_pair_accepted_points_le_1km_no_collision_no_duplicate_year; shared exact GeoKLADR source may support identity with zero count but outlier ratios held,research_rebuild/evidence/coordinate_proximity_audit_20261005/new_component_compatible_pairs_within1km.csv,checked_rule_accepted
2002:047_9960082a3e_02c_Kirovskaja_new.xls:Sheet1:2082,2002,2010:014_5ca759eea0_5._20Nizheg_Kirov_202010.xls:Data Sheet:6409,2010,same_place,Изразирово,деревня,кировская,1.0,0.0,,not_assessed_by_identity_rule,0.0,True,exact_name_type_region_unique_pair_accepted_points_le_1km_no_collision_no_duplicate_year; shared exact GeoKLADR source may support identity with zero count but outlier ratios held,research_rebuild/evidence/coordinate_proximity_audit_20261005/new_component_compatible_pairs_within1km.csv,checked_rule_accepted
2002:047_9960082a3e_02c_Kirovskaja_new.xls:Sheet1:2084,2002,2010:014_5ca759eea0_5._20Nizheg_Kirov_202010.xls:Data Sheet:6411,2010,same_place,Кокши,деревня,кировская,1.0,0.0,,not_assessed_by_identity_rule,0.0,True,exact_name_type_region_unique_pair_accepted_points_le_1km_no_collision_no_duplicate_year; shared exact GeoKLADR source may support identity with zero count but outlier ratios held,research_rebuild/evidence/coordinate_proximity_audit_20261005/new_component_compatible_pairs_within1km.csv,checked_rule_accepted
2002:047_9960082a3e_02c_Kirovskaja_new.xls:Sheet1:2086,2002,2010:014_5ca759eea0_5._20Nizheg_Kirov_202010.xls:Data Sheet:6413,2010,same_place,Пессемерь,деревня,кировская,4.0,0.0,,not_assessed_by_identity_rule,0.0,True,exact_name_type_region_unique_pair_accepted_points_le_1km_no_collision_no_duplicate_year; shared exact GeoKLADR source may support identity with zero count but outlier ratios held,research_rebuild/evidence/coordinate_proximity_audit_20261005/new_component_compatible_pairs_within1km.csv,checked_rule_accepted
2002:047_9960082a3e_02c_Kirovskaja_new.xls:Sheet1:2188,2002,2010:014_5ca759eea0_5._20Nizheg_Kirov_202010.xls:Data Sheet:6468,2010,same_place,Патракиево,деревня,кировская,4.0,0.0,,not_assessed_by_identity_rule,0.0,True,exact_name_type_region_unique_pair_accepted_points_le_1km_no_collision_no_duplicate_year; shared exact GeoKLADR source may support identity with zero count but outlier ratios held,research_rebuild/evidence/coordinate_proximity_audit_20261005/new_component_compatible_pairs_within1km.csv,checked_rule_accepted
2002:047_9960082a3e_02c_Kirovskaja_new.xls:Sheet1:227,2002,2010:014_5ca759eea0_5._20Nizheg_Kirov_202010.xls:Data Sheet:4922,2010,same_place,Севастьяне,деревня,кировская,5.0,0.0,,not_assessed_by_identity_rule,0.0,True,exact_name_type_region_unique_pair_accepted_points_le_1km_no_collision_no_duplicate_year; shared exact GeoKLADR source may support identity with zero count but outlier ratios held,research_rebuild/evidence/coordinate_proximity_audit_20261005/new_component_compatible_pairs_within1km.csv,checked_rule_accepted
2002:047_9960082a3e_02c_Kirovskaja_new.xls:Sheet1:2431,2002,2010:014_5ca759eea0_5._20Nizheg_Kirov_202010.xls:Data Sheet:6682,2010,same_place,Нагибовщина,деревня,кировская,2.0,0.0,,not_assessed_by_identity_rule,0.0,True,exact_name_type_region_unique_pair_accepted_points_le_1km_no_collision_no_duplicate_year; shared exact GeoKLADR source may support identity with zero count but outlier ratios held,research_rebuild/evidence/coordinate_proximity_audit_20261005/new_component_compatible_pairs_within1km.csv,checked_rule_accepted
2002:047_9960082a3e_02c_Kirovskaja_new.xls:Sheet1:2432,2002,2010:014_5ca759eea0_5._20Nizheg_Kirov_202010.xls:Data Sheet:6683,2010,same_place,Сусловщина,деревня,кировская,6.0,0.0,,not_assessed_by_identity_rule,0.0,True,exact_name_type_region_unique_pair_accepted_points_le_1km_no_collision_no_duplicate_year; shared exact GeoKLADR source may support identity with zero count but outlier ratios held,research_rebuild/evidence/coordinate_proximity_audit_20261005/new_component_compatible_pairs_within1km.csv,checked_rule_accepted
2002:047_9960082a3e_02c_Kirovskaja_new.xls:Sheet1:2445,2002,2010:014_5ca759eea0_5._20Nizheg_Kirov_202010.xls:Data Sheet:6687,2010,same_place,Купренки,деревня,кировская,2.0,0.0,,not_assessed_by_identity_rule,0.0,True,exact_name_type_region_unique_pair_accepted_points_le_1km_no_collision_no_duplicate_year; shared exact GeoKLADR source may support identity with zero count but outlier ratios held,research_rebuild/evidence/coordinate_proximity_audit_20261005/new_component_compatible_pairs_within1km.csv,checked_rule_accepted
2002:047_9960082a3e_02c_Kirovskaja_new.xls:Sheet1:2447,2002,2010:014_5ca759eea0_5._20Nizheg_Kirov_202010.xls:Data Sheet:6689,2010,same_place,Романовы,деревня,кировская,8.0,0.0,,not_assessed_by_identity_rule,0.0,True,exact_name_type_region_unique_pair_accepted_points_le_1km_no_collision_no_duplicate_year; shared exact GeoKLADR source may support identity with zero count but outlier ratios held,research_rebuild/evidence/coordinate_proximity_audit_20261005/new_component_compatible_pairs_within1km.csv,checked_rule_accepted
2002:047_9960082a3e_02c_Kirovskaja_new.xls:Sheet1:2449,2002,2010:014_5ca759eea0_5._20Nizheg_Kirov_202010.xls:Data Sheet:6690,2010,same_place,Шаровы,деревня,кировская,1.0,0.0,,not_assessed_by_identity_rule,0.0,True,exact_name_type_region_unique_pair_accepted_points_le_1km_no_collision_no_duplicate_year; shared exact GeoKLADR source may support identity with zero count but outlier ratios held,research_rebuild/evidence/coordinate_proximity_audit_20261005/new_component_compatible_pairs_within1km.csv,checked_rule_accepted
2002:047_9960082a3e_02c_Kirovskaja_new.xls:Sheet1:245,2002,2010:014_5ca759eea0_5._20Nizheg_Kirov_202010.xls:Data Sheet:4932,2010,same_place,Тетери,деревня,кировская,0.0,0.0,,not_assessed_by_identity_rule,0.0,True,exact_name_type_region_unique_pair_accepted_points_le_1km_no_collision_no_duplicate_year; shared exact GeoKLADR source may support identity with zero count but outlier ratios held,research_rebuild/evidence/coordinate_proximity_audit_20261005/new_component_compatible_pairs_within1km.csv,checked_rule_accepted
2002:047_9960082a3e_02c_Kirovskaja_new.xls:Sheet1:2460,2002,2010:014_5ca759eea0_5._20Nizheg_Kirov_202010.xls:Data Sheet:6704,2010,same_place,Белененки,деревня,кировская,1.0,0.0,,not_assessed_by_identity_rule,0.0,True,exact_name_type_region_unique_pair_accepted_points_le_1km_no_collision_no_duplicate_year; shared exact GeoKLADR source may support identity with zero count but outlier ratios held,research_rebuild/evidence/coordinate_proximity_audit_20261005/new_component_compatible_pairs_within1km.csv,checked_rule_accepted
2002:047_9960082a3e_02c_Kirovskaja_new.xls:Sheet1:2485,2002,2010:014_5ca759eea0_5._20Nizheg_Kirov_202010.xls:Data Sheet:6674,2010,same_place,Чудиновцы,деревня,кировская,3.0,0.0,,not_assessed_by_identity_rule,0.0,True,exact_name_type_region_unique_pair_accepted_points_le_1km_no_collision_no_duplicate_year; shared exact GeoKLADR source may support identity with zero count but outlier ratios held,research_rebuild/evidence/coordinate_proximity_audit_20261005/new_component_compatible_pairs_within1km.csv,checked_rule_accepted
2002:047_9960082a3e_02c_Kirovskaja_new.xls:Sheet1:251,2002,2010:014_5ca759eea0_5._20Nizheg_Kirov_202010.xls:Data Sheet:4937,2010,same_place,Малая Ворона,деревня,кировская,0.0,0.0,,not_assessed_by_identity_rule,0.0,True,exact_name_type_region_unique_pair_accepted_points_le_1km_no_collision_no_duplicate_year; shared exact GeoKLADR source may support identity with zero count but outlier ratios held,research_rebuild/evidence/coordinate_proximity_audit_20261005/new_component_compatible_pairs_within1km.csv,checked_rule_accepted
2002:047_9960082a3e_02c_Kirovskaja_new.xls:Sheet1:2798,2002,2010:014_5ca759eea0_5._20Nizheg_Kirov_202010.xls:Data Sheet:6901,2010,same_place,Потеринский,посёлок,кировская,8.0,0.0,,not_assessed_by_identity_rule,0.0,True,exact_name_type_region_unique_pair_accepted_points_le_1km_no_collision_no_duplicate_year; shared exact GeoKLADR source may support identity with zero count but outlier ratios held,research_rebuild/evidence/coordinate_proximity_audit_20261005/new_component_compatible_pairs_within1km.csv,checked_rule_accepted
2002:047_9960082a3e_02c_Kirovskaja_new.xls:Sheet1:2837,2002,2010:014_5ca759eea0_5._20Nizheg_Kirov_202010.xls:Data Sheet:6970,2010,same_place,Заосиновка,деревня,кировская,1.0,0.0,,not_assessed_by_identity_rule,0.0,True,exact_name_type_region_unique_pair_accepted_points_le_1km_no_collision_no_duplicate_year; shared exact GeoKLADR source may support identity with zero count but outlier ratios held,research_rebuild/evidence/coordinate_proximity_audit_20261005/new_component_compatible_pairs_within1km.csv,checked_rule_accepted
2002:047_9960082a3e_02c_Kirovskaja_new.xls:Sheet1:3466,2002,2010:014_5ca759eea0_5._20Nizheg_Kirov_202010.xls:Data Sheet:7556,2010,same_place,Горновские,деревня,кировская,0.0,0.0,,not_assessed_by_identity_rule,0.0,True,exact_name_type_region_unique_pair_accepted_points_le_1km_no_collision_no_duplicate_year; shared exact GeoKLADR source may support identity with zero count but outlier ratios held,research_rebuild/evidence/coordinate_proximity_audit_20261005/new_component_compatible_pairs_within1km.csv,checked_rule_accepted
2002:047_9960082a3e_02c_Kirovskaja_new.xls:Sheet1:3469,2002,2010:014_5ca759eea0_5._20Nizheg_Kirov_202010.xls:Data Sheet:7559,2010,same_place,Новониколаевские,деревня,кировская,2.0,0.0,,not_assessed_by_identity_rule,0.0,True,exact_name_type_region_unique_pair_accepted_points_le_1km_no_collision_no_duplicate_year; shared exact GeoKLADR source may support identity with zero count but outlier ratios held,research_rebuild/evidence/coordinate_proximity_audit_20261005/new_component_compatible_pairs_within1km.csv,checked_rule_accepted
2002:047_9960082a3e_02c_Kirovskaja_new.xls:Sheet1:3575,2002,2010:014_5ca759eea0_5._20Nizheg_Kirov_202010.xls:Data Sheet:7552,2010,same_place,Царегородцево,деревня,кировская,0.0,0.0,,not_assessed_by_identity_rule,0.0,True,exact_name_type_region_unique_pair_accepted_points_le_1km_no_collision_no_duplicate_year; shared exact GeoKLADR source may support identity with zero count but outlier ratios held,research_rebuild/evidence/coordinate_proximity_audit_20261005/new_component_compatible_pairs_within1km.csv,checked_rule_accepted
2002:047_9960082a3e_02c_Kirovskaja_new.xls:Sheet1:3783,2002,2010:014_5ca759eea0_5._20Nizheg_Kirov_202010.xls:Data Sheet:7807,2010,same_place,Кузьминек,деревня,кировская,0.0,0.0,,not_assessed_by_identity_rule,0.0,True,exact_name_type_region_unique_pair_accepted_points_le_1km_no_collision_no_duplicate_year; shared exact GeoKLADR source may support identity with zero count but outlier ratios held,research_rebuild/evidence/coordinate_proximity_audit_20261005/new_component_compatible_pairs_within1km.csv,checked_rule_accepted
2002:047_9960082a3e_02c_Kirovskaja_new.xls:Sheet1:3982,2002,2010:014_5ca759eea0_5._20Nizheg_Kirov_202010.xls:Data Sheet:7937,2010,same_place,Пискуны,деревня,кировская,0.0,0.0,,not_assessed_by_identity_rule,0.0,True,exact_name_type_region_unique_pair_accepted_points_le_1km_no_collision_no_duplicate_year; shared exact GeoKLADR source may support identity with zero count but outlier ratios held,research_rebuild/evidence/coordinate_proximity_audit_20261005/new_component_compatible_pairs_within1km.csv,checked_rule_accepted
2002:047_9960082a3e_02c_Kirovskaja_new.xls:Sheet1:4015,2002,2010:014_5ca759eea0_5._20Nizheg_Kirov_202010.xls:Data Sheet:8032,2010,same_place,Москичи,деревня,кировская,0.0,0.0,,not_assessed_by_identity_rule,0.0,True,exact_name_type_region_unique_pair_accepted_points_le_1km_no_collision_no_duplicate_year; shared exact GeoKLADR source may support identity with zero count but outlier ratios held,research_rebuild/evidence/coordinate_proximity_audit_20261005/new_component_compatible_pairs_within1km.csv,checked_rule_accepted
2002:047_9960082a3e_02c_Kirovskaja_new.xls:Sheet1:4025,2002,2010:014_5ca759eea0_5._20Nizheg_Kirov_202010.xls:Data Sheet:7969,2010,same_place,Целищата,деревня,кировская,0.0,0.0,,not_assessed_by_identity_rule,0.0,True,exact_name_type_region_unique_pair_accepted_points_le_1km_no_collision_no_duplicate_year; shared exact GeoKLADR source may support identity with zero count but outlier ratios held,research_rebuild/evidence/coordinate_proximity_audit_20261005/new_component_compatible_pairs_within1km.csv,checked_rule_accepted
2002:047_9960082a3e_02c_Kirovskaja_new.xls:Sheet1:4049,2002,2010:014_5ca759eea0_5._20Nizheg_Kirov_202010.xls:Data Sheet:7995,2010,same_place,Кошово,деревня,кировская,8.0,0.0,,not_assessed_by_identity_rule,0.0,True,exact_name_type_region_unique_pair_accepted_points_le_1km_no_collision_no_duplicate_year; shared exact GeoKLADR source may support identity with zero count but outlier ratios held,research_rebuild/evidence/coordinate_proximity_audit_20261005/new_component_compatible_pairs_within1km.csv,checked_rule_accepted
2002:047_9960082a3e_02c_Kirovskaja_new.xls:Sheet1:4052,2002,2010:014_5ca759eea0_5._20Nizheg_Kirov_202010.xls:Data Sheet:7998,2010,same_place,Чебакшино,деревня,кировская,3.0,0.0,,not_assessed_by_identity_rule,0.0,True,exact_name_type_region_unique_pair_accepted_points_le_1km_no_collision_no_duplicate_year; shared exact GeoKLADR source may support identity with zero count but outlier ratios held,research_rebuild/evidence/coordinate_proximity_audit_20261005/new_component_compatible_pairs_within1km.csv,checked_rule_accepted
2002:047_9960082a3e_02c_Kirovskaja_new.xls:Sheet1:4054,2002,2010:014_5ca759eea0_5._20Nizheg_Kirov_202010.xls:Data Sheet:7999,2010,same_place,Балабаново,деревня,кировская,0.0,0.0,,not_assessed_by_identity_rule,0.0,True,exact_name_type_region_unique_pair_accepted_points_le_1km_no_collision_no_duplicate_year; shared exact GeoKLADR source may support identity with zero count but outlier ratios held,research_rebuild/evidence/coordinate_proximity_audit_20261005/new_component_compatible_pairs_within1km.csv,checked_rule_accepted
2002:047_9960082a3e_02c_Kirovskaja_new.xls:Sheet1:4074,2002,2010:014_5ca759eea0_5._20Nizheg_Kirov_202010.xls:Data Sheet:8012,2010,same_place,Коныгино,деревня,кировская,0.0,0.0,,not_assessed_by_identity_rule,0.0,True,exact_name_type_region_unique_pair_accepted_points_le_1km_no_collision_no_duplicate_year; shared exact GeoKLADR source may support identity with zero count but outlier ratios held,research_rebuild/evidence/coordinate_proximity_audit_20261005/new_component_compatible_pairs_within1km.csv,checked_rule_accepted
2002:047_9960082a3e_02c_Kirovskaja_new.xls:Sheet1:4088,2002,2010:014_5ca759eea0_5._20Nizheg_Kirov_202010.xls:Data Sheet:8024,2010,same_place,Мазурино,деревня,кировская,7.0,0.0,,not_assessed_by_identity_rule,0.0,True,exact_name_type_region_unique_pair_accepted_points_le_1km_no_collision_no_duplicate_year; shared exact GeoKLADR source may support identity with zero count but outlier ratios held,research_rebuild/evidence/coordinate_proximity_audit_20261005/new_component_compatible_pairs_within1km.csv,checked_rule_accepted
2002:047_9960082a3e_02c_Kirovskaja_new.xls:Sheet1:4131,2002,2010:014_5ca759eea0_5._20Nizheg_Kirov_202010.xls:Data Sheet:8045,2010,same_place,Педяга,деревня,кировская,2.0,0.0,,not_assessed_by_identity_rule,0.0,True,exact_name_type_region_unique_pair_accepted_points_le_1km_no_collision_no_duplicate_year; shared exact GeoKLADR source may support identity with zero count but outlier ratios held,research_rebuild/evidence/coordinate_proximity_audit_20261005/new_component_compatible_pairs_within1km.csv,checked_rule_accepted
2002:047_9960082a3e_02c_Kirovskaja_new.xls:Sheet1:4142,2002,2010:014_5ca759eea0_5._20Nizheg_Kirov_202010.xls:Data Sheet:7987,2010,same_place,Малая Белая,деревня,кировская,3.0,0.0,,not_assessed_by_identity_rule,0.0,True,exact_name_type_region_unique_pair_accepted_points_le_1km_no_collision_no_duplicate_year; shared exact GeoKLADR source may support identity with zero count but outlier ratios held,research_rebuild/evidence/coordinate_proximity_audit_20261005/new_component_compatible_pairs_within1km.csv,checked_rule_accepted
2002:047_9960082a3e_02c_Kirovskaja_new.xls:Sheet1:4428,2002,2010:014_5ca759eea0_5._20Nizheg_Kirov_202010.xls:Data Sheet:8277,2010,same_place,Посенур,деревня,кировская,22.0,0.0,,not_assessed_by_identity_rule,0.0,True,exact_name_type_region_unique_pair_accepted_points_le_1km_no_collision_no_duplicate_year; shared exact GeoKLADR source may support identity with zero count but outlier ratios held,research_rebuild/evidence/coordinate_proximity_audit_20261005/new_component_compatible_pairs_within1km.csv,checked_rule_accepted
2002:047_9960082a3e_02c_Kirovskaja_new.xls:Sheet1:4491,2002,2010:014_5ca759eea0_5._20Nizheg_Kirov_202010.xls:Data Sheet:8324,2010,same_place,Пиля,деревня,кировская,2.0,0.0,,not_assessed_by_identity_rule,0.0,True,exact_name_type_region_unique_pair_accepted_points_le_1km_no_collision_no_duplicate_year; shared exact GeoKLADR source may support identity with zero count but outlier ratios held,research_rebuild/evidence/coordinate_proximity_audit_20261005/new_component_compatible_pairs_within1km.csv,checked_rule_accepted
2002:047_9960082a3e_02c_Kirovskaja_new.xls:Sheet1:4535,2002,2010:014_5ca759eea0_5._20Nizheg_Kirov_202010.xls:Data Sheet:8359,2010,same_place,Платуны,деревня,кировская,0.0,0.0,,not_assessed_by_identity_rule,0.0,True,exact_name_type_region_unique_pair_accepted_points_le_1km_no_collision_no_duplicate_year; shared exact GeoKLADR source may support identity with zero count but outlier ratios held,research_rebuild/evidence/coordinate_proximity_audit_20261005/new_component_compatible_pairs_within1km.csv,checked_rule_accepted
2002:047_9960082a3e_02c_Kirovskaja_new.xls:Sheet1:4572,2002,2010:014_5ca759eea0_5._20Nizheg_Kirov_202010.xls:Data Sheet:8384,2010,same_place,Шуран,деревня,кировская,0.0,0.0,,not_assessed_by_identity_rule,0.0,True,exact_name_type_region_unique_pair_accepted_points_le_1km_no_collision_no_duplicate_year; shared exact GeoKLADR source may support identity with zero count but outlier ratios held,research_rebuild/evidence/coordinate_proximity_audit_20261005/new_component_compatible_pairs_within1km.csv,checked_rule_accepted
2002:047_9960082a3e_02c_Kirovskaja_new.xls:Sheet1:4705,2002,2010:014_5ca759eea0_5._20Nizheg_Kirov_202010.xls:Data Sheet:8488,2010,same_place,Головешкины,деревня,кировская,1.0,0.0,,not_assessed_by_identity_rule,0.0,True,exact_name_type_region_unique_pair_accepted_points_le_1km_no_collision_no_duplicate_year; shared exact GeoKLADR source may support identity with zero count but outlier ratios held,research_rebuild/evidence/coordinate_proximity_audit_20261005/new_component_compatible_pairs_within1km.csv,checked_rule_accepted
2002:047_9960082a3e_02c_Kirovskaja_new.xls:Sheet1:4708,2002,2010:014_5ca759eea0_5._20Nizheg_Kirov_202010.xls:Data Sheet:8491,2010,same_place,Казанщина,деревня,кировская,0.0,0.0,,not_assessed_by_identity_rule,0.0,True,exact_name_type_region_unique_pair_accepted_points_le_1km_no_collision_no_duplicate_year; shared exact GeoKLADR source may support identity with zero count but outlier ratios held,research_rebuild/evidence/coordinate_proximity_audit_20261005/new_component_compatible_pairs_within1km.csv,checked_rule_accepted
2002:047_9960082a3e_02c_Kirovskaja_new.xls:Sheet1:4719,2002,2010:014_5ca759eea0_5._20Nizheg_Kirov_202010.xls:Data Sheet:8499,2010,same_place,Сенцы,деревня,кировская,0.0,0.0,,not_assessed_by_identity_rule,0.0,True,exact_name_type_region_unique_pair_accepted_points_le_1km_no_collision_no_duplicate_year; shared exact GeoKLADR source may support identity with zero count but outlier ratios held,research_rebuild/evidence/coordinate_proximity_audit_20261005/new_component_compatible_pairs_within1km.csv,checked_rule_accepted
2002:047_9960082a3e_02c_Kirovskaja_new.xls:Sheet1:4760,2002,2010:014_5ca759eea0_5._20Nizheg_Kirov_202010.xls:Data Sheet:8537,2010,same_place,Багаевы,деревня,кировская,2.0,0.0,,not_assessed_by_identity_rule,0.0,True,exact_name_type_region_unique_pair_accepted_points_le_1km_no_collision_no_duplicate_year; shared exact GeoKLADR source may support identity with zero count but outlier ratios held,research_rebuild/evidence/coordinate_proximity_audit_20261005/new_component_compatible_pairs_within1km.csv,checked_rule_accepted
2002:047_9960082a3e_02c_Kirovskaja_new.xls:Sheet1:4769,2002,2010:014_5ca759eea0_5._20Nizheg_Kirov_202010.xls:Data Sheet:8546,2010,same_place,Полевщиковы,деревня,кировская,0.0,0.0,,not_assessed_by_identity_rule,0.0,True,exact_name_type_region_unique_pair_accepted_points_le_1km_no_collision_no_duplicate_year; shared exact GeoKLADR source may support identity with zero count but outlier ratios held,research_rebuild/evidence/coordinate_proximity_audit_20261005/new_component_compatible_pairs_within1km.csv,checked_rule_accepted
2002:047_9960082a3e_02c_Kirovskaja_new.xls:Sheet1:4780,2002,2010:014_5ca759eea0_5._20Nizheg_Kirov_202010.xls:Data Sheet:8632,2010,same_place,Чиренки,деревня,кировская,1.0,0.0,,not_assessed_by_identity_rule,0.0,True,exact_name_type_region_unique_pair_accepted_points_le_1km_no_collision_no_duplicate_year; shared exact GeoKLADR source may support identity with zero count but outlier ratios held,research_rebuild/evidence/coordinate_proximity_audit_20261005/new_component_compatible_pairs_within1km.csv,checked_rule_accepted
2002:047_9960082a3e_02c_Kirovskaja_new.xls:Sheet1:4784,2002,2010:014_5ca759eea0_5._20Nizheg_Kirov_202010.xls:Data Sheet:8452,2010,same_place,Голодаевщина,деревня,кировская,2.0,0.0,,not_assessed_by_identity_rule,0.0,True,exact_name_type_region_unique_pair_accepted_points_le_1km_no_collision_no_duplicate_year; shared exact GeoKLADR source may support identity with zero count but outlier ratios held,research_rebuild/evidence/coordinate_proximity_audit_20261005/new_component_compatible_pairs_within1km.csv,checked_rule_accepted
2002:047_9960082a3e_02c_Kirovskaja_new.xls:Sheet1:4790,2002,2010:014_5ca759eea0_5._20Nizheg_Kirov_202010.xls:Data Sheet:8458,2010,same_place,Шеромовы,деревня,кировская,1.0,0.0,,not_assessed_by_identity_rule,0.0,True,exact_name_type_region_unique_pair_accepted_points_le_1km_no_collision_no_duplicate_year; shared exact GeoKLADR source may support identity with zero count but outlier ratios held,research_rebuild/evidence/coordinate_proximity_audit_20261005/new_component_compatible_pairs_within1km.csv,checked_rule_accepted
2002:047_9960082a3e_02c_Kirovskaja_new.xls:Sheet1:4796,2002,2010:014_5ca759eea0_5._20Nizheg_Kirov_202010.xls:Data Sheet:8463,2010,same_place,Лапытичи,деревня,кировская,0.0,0.0,,not_assessed_by_identity_rule,0.0,True,exact_name_type_region_unique_pair_accepted_points_le_1km_no_collision_no_duplicate_year; shared exact GeoKLADR source may support identity with zero count but outlier ratios held,research_rebuild/evidence/coordinate_proximity_audit_20261005/new_component_compatible_pairs_within1km.csv,checked_rule_accepted
2002:047_9960082a3e_02c_Kirovskaja_new.xls:Sheet1:4799,2002,2010:014_5ca759eea0_5._20Nizheg_Kirov_202010.xls:Data Sheet:8466,2010,same_place,Мальцы,деревня,кировская,0.0,0.0,,not_assessed_by_identity_rule,0.0,True,exact_name_type_region_unique_pair_accepted_points_le_1km_no_collision_no_duplicate_year; shared exact GeoKLADR source may support identity with zero count but outlier ratios held,research_rebuild/evidence/coordinate_proximity_audit_20261005/new_component_compatible_pairs_within1km.csv,checked_rule_accepted
2002:047_9960082a3e_02c_Kirovskaja_new.xls:Sheet1:4800,2002,2010:014_5ca759eea0_5._20Nizheg_Kirov_202010.xls:Data Sheet:8467,2010,same_place,Шалагинцы,деревня,кировская,0.0,0.0,,not_assessed_by_identity_rule,0.0,True,exact_name_type_region_unique_pair_accepted_points_le_1km_no_collision_no_duplicate_year; shared exact GeoKLADR source may support identity with zero count but outlier ratios held,research_rebuild/evidence/coordinate_proximity_audit_20261005/new_component_compatible_pairs_within1km.csv,checked_rule_accepted
2002:047_9960082a3e_02c_Kirovskaja_new.xls:Sheet1:4803,2002,2010:014_5ca759eea0_5._20Nizheg_Kirov_202010.xls:Data Sheet:8552,2010,same_place,Бизяевы,деревня,кировская,0.0,0.0,,not_assessed_by_identity_rule,0.0,True,exact_name_type_region_unique_pair_accepted_points_le_1km_no_collision_no_duplicate_year; shared exact GeoKLADR source may support identity with zero count but outlier ratios held,research_rebuild/evidence/coordinate_proximity_audit_20261005/new_component_compatible_pairs_within1km.csv,checked_rule_accepted
2002:047_9960082a3e_02c_Kirovskaja_new.xls:Sheet1:4812,2002,2010:014_5ca759eea0_5._20Nizheg_Kirov_202010.xls:Data Sheet:8560,2010,same_place,Погудины,деревня,кировская,0.0,0.0,,not_assessed_by_identity_rule,0.0,True,exact_name_type_region_unique_pair_accepted_points_le_1km_no_collision_no_duplicate_year; shared exact GeoKLADR source may support identity with zero count but outlier ratios held,research_rebuild/evidence/coordinate_proximity_audit_20261005/new_component_compatible_pairs_within1km.csv,checked_rule_accepted
2002:047_9960082a3e_02c_Kirovskaja_new.xls:Sheet1:4815,2002,2010:014_5ca759eea0_5._20Nizheg_Kirov_202010.xls:Data Sheet:8563,2010,same_place,Усенки,деревня,кировская,0.0,0.0,,not_assessed_by_identity_rule,0.0,True,exact_name_type_region_unique_pair_accepted_points_le_1km_no_collision_no_duplicate_year; shared exact GeoKLADR source may support identity with zero count but outlier ratios held,research_rebuild/evidence/coordinate_proximity_audit_20261005/new_component_compatible_pairs_within1km.csv,checked_rule_accepted
2002:047_9960082a3e_02c_Kirovskaja_new.xls:Sheet1:4833,2002,2010:014_5ca759eea0_5._20Nizheg_Kirov_202010.xls:Data Sheet:8580,2010,same_place,Мосали,деревня,кировская,0.0,0.0,,not_assessed_by_identity_rule,0.0,True,exact_name_type_region_unique_pair_accepted_points_le_1km_no_collision_no_duplicate_year; shared exact GeoKLADR source may support identity with zero count but outlier ratios held,research_rebuild/evidence/coordinate_proximity_audit_20261005/new_component_compatible_pairs_within1km.csv,checked_rule_accepted
2002:047_9960082a3e_02c_Kirovskaja_new.xls:Sheet1:4840,2002,2010:014_5ca759eea0_5._20Nizheg_Kirov_202010.xls:Data Sheet:8587,2010,same_place,Юркичи,деревня,кировская,0.0,0.0,,not_assessed_by_identity_rule,0.0,True,exact_name_type_region_unique_pair_accepted_points_le_1km_no_collision_no_duplicate_year; shared exact GeoKLADR source may support identity with zero count but outlier ratios held,research_rebuild/evidence/coordinate_proximity_audit_20261005/new_component_compatible_pairs_within1km.csv,checked_rule_accepted
2002:047_9960082a3e_02c_Kirovskaja_new.xls:Sheet1:4841,2002,2010:014_5ca759eea0_5._20Nizheg_Kirov_202010.xls:Data Sheet:8588,2010,same_place,Шеины,деревня,кировская,0.0,0.0,,not_assessed_by_identity_rule,0.0,True,exact_name_type_region_unique_pair_accepted_points_le_1km_no_collision_no_duplicate_year; shared exact GeoKLADR source may support identity with zero count but outlier ratios held,research_rebuild/evidence/coordinate_proximity_audit_20261005/new_component_compatible_pairs_within1km.csv,checked_rule_accepted
2002:047_9960082a3e_02c_Kirovskaja_new.xls:Sheet1:4859,2002,2010:014_5ca759eea0_5._20Nizheg_Kirov_202010.xls:Data Sheet:8605,2010,same_place,Васеничи,деревня,кировская,0.0,0.0,,not_assessed_by_identity_rule,0.0,True,exact_name_type_region_unique_pair_accepted_points_le_1km_no_collision_no_duplicate_year; shared exact GeoKLADR source may support identity with zero count but outlier ratios held,research_rebuild/evidence/coordinate_proximity_audit_20261005/new_component_compatible_pairs_within1km.csv,checked_rule_accepted
2002:047_9960082a3e_02c_Kirovskaja_new.xls:Sheet1:4870,2002,2010:014_5ca759eea0_5._20Nizheg_Kirov_202010.xls:Data Sheet:8615,2010,same_place,Кодоловы,деревня,кировская,0.0,0.0,,not_assessed_by_identity_rule,0.0,True,exact_name_type_region_unique_pair_accepted_points_le_1km_no_collision_no_duplicate_year; shared exact GeoKLADR source may support identity with zero count but outlier ratios held,research_rebuild/evidence/coordinate_proximity_audit_20261005/new_component_compatible_pairs_within1km.csv,checked_rule_accepted
2002:047_9960082a3e_02c_Kirovskaja_new.xls:Sheet1:4944,2002,2010:014_5ca759eea0_5._20Nizheg_Kirov_202010.xls:Data Sheet:8688,2010,same_place,Комлиха,деревня,кировская,0.0,0.0,,not_assessed_by_identity_rule,0.0,True,exact_name_type_region_unique_pair_accepted_points_le_1km_no_collision_no_duplicate_year; shared exact GeoKLADR source may support identity with zero count but outlier ratios held,research_rebuild/evidence/coordinate_proximity_audit_20261005/new_component_compatible_pairs_within1km.csv,checked_rule_accepted
2002:047_9960082a3e_02c_Kirovskaja_new.xls:Sheet1:5089,2002,2010:014_5ca759eea0_5._20Nizheg_Kirov_202010.xls:Data Sheet:8805,2010,same_place,Заимка,деревня,кировская,1.0,0.0,,not_assessed_by_identity_rule,0.0,True,exact_name_type_region_unique_pair_accepted_points_le_1km_no_collision_no_duplicate_year; shared exact GeoKLADR source may support identity with zero count but outlier ratios held,research_rebuild/evidence/coordinate_proximity_audit_20261005/new_component_compatible_pairs_within1km.csv,checked_rule_accepted
2002:047_9960082a3e_02c_Kirovskaja_new.xls:Sheet1:5206,2002,2010:014_5ca759eea0_5._20Nizheg_Kirov_202010.xls:Data Sheet:8927,2010,same_place,Заречка,деревня,кировская,0.0,0.0,,not_assessed_by_identity_rule,0.0,True,exact_name_type_region_unique_pair_accepted_points_le_1km_no_collision_no_duplicate_year; shared exact GeoKLADR source may support identity with zero count but outlier ratios held,research_rebuild/evidence/coordinate_proximity_audit_20261005/new_component_compatible_pairs_within1km.csv,checked_rule_accepted
2002:047_9960082a3e_02c_Kirovskaja_new.xls:Sheet1:5241,2002,2010:014_5ca759eea0_5._20Nizheg_Kirov_202010.xls:Data Sheet:8932,2010,same_place,Лавричи,деревня,кировская,2.0,0.0,,not_assessed_by_identity_rule,0.0,True,exact_name_type_region_unique_pair_accepted_points_le_1km_no_collision_no_duplicate_year; shared exact GeoKLADR source may support identity with zero count but outlier ratios held,research_rebuild/evidence/coordinate_proximity_audit_20261005/new_component_compatible_pairs_within1km.csv,checked_rule_accepted
2002:047_9960082a3e_02c_Kirovskaja_new.xls:Sheet1:5268,2002,2010:014_5ca759eea0_5._20Nizheg_Kirov_202010.xls:Data Sheet:8941,2010,same_place,Инда,деревня,кировская,1.0,0.0,,not_assessed_by_identity_rule,0.0,True,exact_name_type_region_unique_pair_accepted_points_le_1km_no_collision_no_duplicate_year; shared exact GeoKLADR source may support identity with zero count but outlier ratios held,research_rebuild/evidence/coordinate_proximity_audit_20261005/new_component_compatible_pairs_within1km.csv,checked_rule_accepted
2002:047_9960082a3e_02c_Kirovskaja_new.xls:Sheet1:5379,2002,2010:014_5ca759eea0_5._20Nizheg_Kirov_202010.xls:Data Sheet:9037,2010,same_place,Халтурино,деревня,кировская,1.0,0.0,,not_assessed_by_identity_rule,0.0,True,exact_name_type_region_unique_pair_accepted_points_le_1km_no_collision_no_duplicate_year; shared exact GeoKLADR source may support identity with zero count but outlier ratios held,research_rebuild/evidence/coordinate_proximity_audit_20261005/new_component_compatible_pairs_within1km.csv,checked_rule_accepted
2002:047_9960082a3e_02c_Kirovskaja_new.xls:Sheet1:612,2002,2010:014_5ca759eea0_5._20Nizheg_Kirov_202010.xls:Data Sheet:5239,2010,same_place,Русановская,деревня,кировская,1.0,0.0,,not_assessed_by_identity_rule,0.0,True,exact_name_type_region_unique_pair_accepted_points_le_1km_no_collision_no_duplicate_year; shared exact GeoKLADR source may support identity with zero count but outlier ratios held,research_rebuild/evidence/coordinate_proximity_audit_20261005/new_component_compatible_pairs_within1km.csv,checked_rule_accepted
2002:047_9960082a3e_02c_Kirovskaja_new.xls:Sheet1:615,2002,2010:014_5ca759eea0_5._20Nizheg_Kirov_202010.xls:Data Sheet:5242,2010,same_place,Фосфоритная,посёлок,кировская,6.0,0.0,,not_assessed_by_identity_rule,0.0,True,exact_name_type_region_unique_pair_accepted_points_le_1km_no_collision_no_duplicate_year; shared exact GeoKLADR source may support identity with zero count but outlier ratios held,research_rebuild/evidence/coordinate_proximity_audit_20261005/new_component_compatible_pairs_within1km.csv,checked_rule_accepted
2002:047_9960082a3e_02c_Kirovskaja_new.xls:Sheet1:647,2002,2010:014_5ca759eea0_5._20Nizheg_Kirov_202010.xls:Data Sheet:5257,2010,same_place,Порыш,посёлок,кировская,0.0,0.0,,not_assessed_by_identity_rule,0.0,True,exact_name_type_region_unique_pair_accepted_points_le_1km_no_collision_no_duplicate_year; shared exact GeoKLADR source may support identity with zero count but outlier ratios held,research_rebuild/evidence/coordinate_proximity_audit_20261005/new_component_compatible_pairs_within1km.csv,checked_rule_accepted
2002:047_9960082a3e_02c_Kirovskaja_new.xls:Sheet1:651,2002,2010:014_5ca759eea0_5._20Nizheg_Kirov_202010.xls:Data Sheet:5260,2010,same_place,Бельтюковы,деревня,кировская,4.0,0.0,,not_assessed_by_identity_rule,0.0,True,exact_name_type_region_unique_pair_accepted_points_le_1km_no_collision_no_duplicate_year; shared exact GeoKLADR source may support identity with zero count but outlier ratios held,research_rebuild/evidence/coordinate_proximity_audit_20261005/new_component_compatible_pairs_within1km.csv,checked_rule_accepted
2002:047_9960082a3e_02c_Kirovskaja_new.xls:Sheet1:653,2002,2010:014_5ca759eea0_5._20Nizheg_Kirov_202010.xls:Data Sheet:5262,2010,same_place,Ташкиново,деревня,кировская,2.0,0.0,,not_assessed_by_identity_rule,0.0,True,exact_name_type_region_unique_pair_accepted_points_le_1km_no_collision_no_duplicate_year; shared exact GeoKLADR source may support identity with zero count but outlier ratios held,research_rebuild/evidence/coordinate_proximity_audit_20261005/new_component_compatible_pairs_within1km.csv,checked_rule_accepted
2002:047_9960082a3e_02c_Kirovskaja_new.xls:Sheet1:666,2002,2010:014_5ca759eea0_5._20Nizheg_Kirov_202010.xls:Data Sheet:5253,2010,same_place,Першина Гора,деревня,кировская,1.0,0.0,,not_assessed_by_identity_rule,0.0,True,exact_name_type_region_unique_pair_accepted_points_le_1km_no_collision_no_duplicate_year; shared exact GeoKLADR source may support identity with zero count but outlier ratios held,research_rebuild/evidence/coordinate_proximity_audit_20261005/new_component_compatible_pairs_within1km.csv,checked_rule_accepted
2002:047_9960082a3e_02c_Kirovskaja_new.xls:Sheet1:872,2002,2010:014_5ca759eea0_5._20Nizheg_Kirov_202010.xls:Data Sheet:5449,2010,same_place,Пашковы,деревня,кировская,2.0,0.0,,not_assessed_by_identity_rule,0.0,True,exact_name_type_region_unique_pair_accepted_points_le_1km_no_collision_no_duplicate_year; shared exact GeoKLADR source may support identity with zero count but outlier ratios held,research_rebuild/evidence/coordinate_proximity_audit_20261005/new_component_compatible_pairs_within1km.csv,checked_rule_accepted
2002:047_9960082a3e_02c_Kirovskaja_new.xls:Sheet1:918,2002,2010:014_5ca759eea0_5._20Nizheg_Kirov_202010.xls:Data Sheet:5483,2010,same_place,Гляденовская,деревня,кировская,0.0,0.0,,not_assessed_by_identity_rule,0.0,True,exact_name_type_region_unique_pair_accepted_points_le_1km_no_collision_no_duplicate_year; shared exact GeoKLADR source may support identity with zero count but outlier ratios held,research_rebuild/evidence/coordinate_proximity_audit_20261005/new_component_compatible_pairs_within1km.csv,checked_rule_accepted
2002:048_4f024587eb_02c_Nizhegorod_obl_new.xls:11:1807,2002,2010:014_5ca759eea0_5._20Nizheg_Kirov_202010.xls:Data Sheet:1234,2010,same_place,Домики,посёлок,нижегородская,0.0,0.0,,not_assessed_by_identity_rule,0.0,True,exact_name_type_region_unique_pair_accepted_points_le_1km_no_collision_no_duplicate_year; shared exact GeoKLADR source may support identity with zero count but outlier ratios held,research_rebuild/evidence/coordinate_proximity_audit_20261005/new_component_compatible_pairs_within1km.csv,checked_rule_accepted
2002:048_4f024587eb_02c_Nizhegorod_obl_new.xls:11:2533,2002,2010:014_5ca759eea0_5._20Nizheg_Kirov_202010.xls:Data Sheet:1898,2010,same_place,Новое Кашино,деревня,нижегородская,0.0,0.0,,not_assessed_by_identity_rule,0.0,True,exact_name_type_region_unique_pair_accepted_points_le_1km_no_collision_no_duplicate_year; shared exact GeoKLADR source may support identity with zero count but outlier ratios held,research_rebuild/evidence/coordinate_proximity_audit_20261005/new_component_compatible_pairs_within1km.csv,checked_rule_accepted
2002:048_4f024587eb_02c_Nizhegorod_obl_new.xls:11:4691,2002,2010:014_5ca759eea0_5._20Nizheg_Kirov_202010.xls:Data Sheet:3664,2010,same_place,Малая Ворошиловка,деревня,нижегородская,0.0,0.0,,not_assessed_by_identity_rule,0.0,True,exact_name_type_region_unique_pair_accepted_points_le_1km_no_collision_no_duplicate_year; shared exact GeoKLADR source may support identity with zero count but outlier ratios held,research_rebuild/evidence/coordinate_proximity_audit_20261005/new_component_compatible_pairs_within1km.csv,checked_rule_accepted
2002:048_4f024587eb_02c_Nizhegorod_obl_new.xls:11:4775,2002,2010:014_5ca759eea0_5._20Nizheg_Kirov_202010.xls:Data Sheet:3732,2010,same_place,Емельяново,деревня,нижегородская,0.0,0.0,,not_assessed_by_identity_rule,0.0,True,exact_name_type_region_unique_pair_accepted_points_le_1km_no_collision_no_duplicate_year; shared exact GeoKLADR source may support identity with zero count but outlier ratios held,research_rebuild/evidence/coordinate_proximity_audit_20261005/new_component_compatible_pairs_within1km.csv,checked_rule_accepted
2002:050_a0dc3f856b_penzen_obl.xls:Sheet1:1094,2002,2010:016_802d308e41_8._20Or_Penz_Perm_Samar_Saratov_Uly_2010.xls:!!!:3822,2010,same_place,Березенский Лесозавод,посёлок,пензенская,15.0,0.0,,not_assessed_by_identity_rule,0.0,True,exact_name_type_region_unique_pair_accepted_points_le_1km_no_collision_no_duplicate_year; shared exact GeoKLADR source may support identity with zero count but outlier ratios held,research_rebuild/evidence/coordinate_proximity_audit_20261005/new_component_compatible_pairs_within1km.csv,checked_rule_accepted
2002:050_a0dc3f856b_penzen_obl.xls:Sheet1:1204,2002,2010:016_802d308e41_8._20Or_Penz_Perm_Samar_Saratov_Uly_2010.xls:!!!:3895,2010,same_place,Воронцовские Выселки,деревня,пензенская,7.0,0.0,,not_assessed_by_identity_rule,0.0,True,exact_name_type_region_unique_pair_accepted_points_le_1km_no_collision_no_duplicate_year; shared exact GeoKLADR source may support identity with zero count but outlier ratios held,research_rebuild/evidence/coordinate_proximity_audit_20261005/new_component_compatible_pairs_within1km.csv,checked_rule_accepted
2002:050_a0dc3f856b_penzen_obl.xls:Sheet1:1403,2002,2010:016_802d308e41_8._20Or_Penz_Perm_Samar_Saratov_Uly_2010.xls:!!!:4039,2010,same_place,Залапино,деревня,пензенская,1.0,0.0,,not_assessed_by_identity_rule,0.0,True,exact_name_type_region_unique_pair_accepted_points_le_1km_no_collision_no_duplicate_year; shared exact GeoKLADR source may support identity with zero count but outlier ratios held,research_rebuild/evidence/coordinate_proximity_audit_20261005/new_component_compatible_pairs_within1km.csv,checked_rule_accepted
2002:050_a0dc3f856b_penzen_obl.xls:Sheet1:173,2002,2010:016_802d308e41_8._20Or_Penz_Perm_Samar_Saratov_Uly_2010.xls:!!!:3192,2010,same_place,Вислый,хутор,пензенская,10.0,0.0,,not_assessed_by_identity_rule,0.0,True,exact_name_type_region_unique_pair_accepted_points_le_1km_no_collision_no_duplicate_year; shared exact GeoKLADR source may support identity with zero count but outlier ratios held,research_rebuild/evidence/coordinate_proximity_audit_20261005/new_component_compatible_pairs_within1km.csv,checked_rule_accepted
2002:050_a0dc3f856b_penzen_obl.xls:Sheet1:1848,2002,2010:016_802d308e41_8._20Or_Penz_Perm_Samar_Saratov_Uly_2010.xls:!!!:4388,2010,same_place,Большая Садовка,село,пензенская,40.0,0.0,,not_assessed_by_identity_rule,0.0,True,exact_name_type_region_unique_pair_accepted_points_le_1km_no_collision_no_duplicate_year; shared exact GeoKLADR source may support identity with zero count but outlier ratios held,research_rebuild/evidence/coordinate_proximity_audit_20261005/new_component_compatible_pairs_within1km.csv,checked_rule_accepted
2002:050_a0dc3f856b_penzen_obl.xls:Sheet1:1849,2002,2010:016_802d308e41_8._20Or_Penz_Perm_Samar_Saratov_Uly_2010.xls:!!!:4389,2010,same_place,Балук,село,пензенская,38.0,0.0,,not_assessed_by_identity_rule,0.0,True,exact_name_type_region_unique_pair_accepted_points_le_1km_no_collision_no_duplicate_year; shared exact GeoKLADR source may support identity with zero count but outlier ratios held,research_rebuild/evidence/coordinate_proximity_audit_20261005/new_component_compatible_pairs_within1km.csv,checked_rule_accepted
2002:050_a0dc3f856b_penzen_obl.xls:Sheet1:249,2002,2010:016_802d308e41_8._20Or_Penz_Perm_Samar_Saratov_Uly_2010.xls:!!!:3251,2010,same_place,Новый Мир,посёлок,пензенская,1.0,0.0,,not_assessed_by_identity_rule,0.0,True,exact_name_type_region_unique_pair_accepted_points_le_1km_no_collision_no_duplicate_year; shared exact GeoKLADR source may support identity with zero count but outlier ratios held,research_rebuild/evidence/coordinate_proximity_audit_20261005/new_component_compatible_pairs_within1km.csv,checked_rule_accepted
2002:050_a0dc3f856b_penzen_obl.xls:Sheet1:410,2002,2010:016_802d308e41_8._20Or_Penz_Perm_Samar_Saratov_Uly_2010.xls:!!!:3365,2010,same_place,Новый Путь,посёлок,пензенская,8.0,0.0,,not_assessed_by_identity_rule,0.0,True,exact_name_type_region_unique_pair_accepted_points_le_1km_no_collision_no_duplicate_year; shared exact GeoKLADR source may support identity with zero count but outlier ratios held,research_rebuild/evidence/coordinate_proximity_audit_20261005/new_component_compatible_pairs_within1km.csv,checked_rule_accepted
2002:050_a0dc3f856b_penzen_obl.xls:Sheet1:495,2002,2010:016_802d308e41_8._20Or_Penz_Perm_Samar_Saratov_Uly_2010.xls:!!!:3427,2010,same_place,Кичкиней,посёлок,пензенская,0.0,0.0,,not_assessed_by_identity_rule,0.0,True,exact_name_type_region_unique_pair_accepted_points_le_1km_no_collision_no_duplicate_year; shared exact GeoKLADR source may support identity with zero count but outlier ratios held,research_rebuild/evidence/coordinate_proximity_audit_20261005/new_component_compatible_pairs_within1km.csv,checked_rule_accepted
2002:051_46e3ecb0a0_02c_Permskaja_obl.xls:Sheet1:1077,2002,2010:016_802d308e41_8._20Or_Penz_Perm_Samar_Saratov_Uly_2010.xls:!!!:5555,2010,same_place,Голованово,деревня,пермский,2.0,0.0,,not_assessed_by_identity_rule,0.0,True,exact_name_type_region_unique_pair_accepted_points_le_1km_no_collision_no_duplicate_year; shared exact GeoKLADR source may support identity with zero count but outlier ratios held,research_rebuild/evidence/coordinate_proximity_audit_20261005/new_component_compatible_pairs_within1km.csv,checked_rule_accepted
2002:051_46e3ecb0a0_02c_Permskaja_obl.xls:Sheet1:1378,2002,2010:016_802d308e41_8._20Or_Penz_Perm_Samar_Saratov_Uly_2010.xls:!!!:5801,2010,same_place,Колыбалы,деревня,пермский,0.0,0.0,,not_assessed_by_identity_rule,0.0,True,exact_name_type_region_unique_pair_accepted_points_le_1km_no_collision_no_duplicate_year; shared exact GeoKLADR source may support identity with zero count but outlier ratios held,research_rebuild/evidence/coordinate_proximity_audit_20261005/new_component_compatible_pairs_within1km.csv,checked_rule_accepted
2002:051_46e3ecb0a0_02c_Permskaja_obl.xls:Sheet1:1380,2002,2010:016_802d308e41_8._20Or_Penz_Perm_Samar_Saratov_Uly_2010.xls:!!!:5803,2010,same_place,Першата,деревня,пермский,1.0,0.0,,not_assessed_by_identity_rule,0.0,True,exact_name_type_region_unique_pair_accepted_points_le_1km_no_collision_no_duplicate_year; shared exact GeoKLADR source may support identity with zero count but outlier ratios held,research_rebuild/evidence/coordinate_proximity_audit_20261005/new_component_compatible_pairs_within1km.csv,checked_rule_accepted
2002:051_46e3ecb0a0_02c_Permskaja_obl.xls:Sheet1:1817,2002,2010:016_802d308e41_8._20Or_Penz_Perm_Samar_Saratov_Uly_2010.xls:!!!:6125,2010,same_place,Мясная,посёлок,пермский,5.0,0.0,,not_assessed_by_identity_rule,0.0,True,exact_name_type_region_unique_pair_accepted_points_le_1km_no_collision_no_duplicate_year; shared exact GeoKLADR source may support identity with zero count but outlier ratios held,research_rebuild/evidence/coordinate_proximity_audit_20261005/new_component_compatible_pairs_within1km.csv,checked_rule_accepted
2002:051_46e3ecb0a0_02c_Permskaja_obl.xls:Sheet1:1940,2002,2010:016_802d308e41_8._20Or_Penz_Perm_Samar_Saratov_Uly_2010.xls:!!!:6205,2010,same_place,Чиганда,деревня,пермский,2.0,0.0,,not_assessed_by_identity_rule,0.0,True,exact_name_type_region_unique_pair_accepted_points_le_1km_no_collision_no_duplicate_year; shared exact GeoKLADR source may support identity with zero count but outlier ratios held,research_rebuild/evidence/coordinate_proximity_audit_20261005/new_component_compatible_pairs_within1km.csv,checked_rule_accepted
2002:051_46e3ecb0a0_02c_Permskaja_obl.xls:Sheet1:262,2002,2010:016_802d308e41_8._20Or_Penz_Perm_Samar_Saratov_Uly_2010.xls:!!!:7973,2010,same_place,Селянки,деревня,пермский,0.0,0.0,,not_assessed_by_identity_rule,0.0,True,exact_name_type_region_unique_pair_accepted_points_le_1km_no_collision_no_duplicate_year; shared exact GeoKLADR source may support identity with zero count but outlier ratios held,research_rebuild/evidence/coordinate_proximity_audit_20261005/new_component_compatible_pairs_within1km.csv,checked_rule_accepted
2002:051_46e3ecb0a0_02c_Permskaja_obl.xls:Sheet1:2811,2002,2010:016_802d308e41_8._20Or_Penz_Perm_Samar_Saratov_Uly_2010.xls:!!!:6889,2010,same_place,Карсаново,деревня,пермский,5.0,0.0,,not_assessed_by_identity_rule,0.0,True,exact_name_type_region_unique_pair_accepted_points_le_1km_no_collision_no_duplicate_year; shared exact GeoKLADR source may support identity with zero count but outlier ratios held,research_rebuild/evidence/coordinate_proximity_audit_20261005/new_component_compatible_pairs_within1km.csv,checked_rule_accepted
2002:051_46e3ecb0a0_02c_Permskaja_obl.xls:Sheet1:2889,2002,2010:016_802d308e41_8._20Or_Penz_Perm_Samar_Saratov_Uly_2010.xls:!!!:6936,2010,same_place,Куляшовка,хутор,пермский,0.0,6.0,,not_assessed_by_identity_rule,0.0,True,exact_name_type_region_unique_pair_accepted_points_le_1km_no_collision_no_duplicate_year; shared exact GeoKLADR source may support identity with zero count but outlier ratios held,research_rebuild/evidence/coordinate_proximity_audit_20261005/new_component_compatible_pairs_within1km.csv,checked_rule_accepted
2002:051_46e3ecb0a0_02c_Permskaja_obl.xls:Sheet1:296,2002,2010:016_802d308e41_8._20Or_Penz_Perm_Samar_Saratov_Uly_2010.xls:!!!:8003,2010,same_place,Кордон,деревня,пермский,0.0,0.0,,not_assessed_by_identity_rule,0.0,True,exact_name_type_region_unique_pair_accepted_points_le_1km_no_collision_no_duplicate_year; shared exact GeoKLADR source may support identity with zero count but outlier ratios held,research_rebuild/evidence/coordinate_proximity_audit_20261005/new_component_compatible_pairs_within1km.csv,checked_rule_accepted
2002:051_46e3ecb0a0_02c_Permskaja_obl.xls:Sheet1:298,2002,2010:016_802d308e41_8._20Or_Penz_Perm_Samar_Saratov_Uly_2010.xls:!!!:8005,2010,same_place,Пашковцы,деревня,пермский,2.0,0.0,,not_assessed_by_identity_rule,0.0,True,exact_name_type_region_unique_pair_accepted_points_le_1km_no_collision_no_duplicate_year; shared exact GeoKLADR source may support identity with zero count but outlier ratios held,research_rebuild/evidence/coordinate_proximity_audit_20261005/new_component_compatible_pairs_within1km.csv,checked_rule_accepted
2002:051_46e3ecb0a0_02c_Permskaja_obl.xls:Sheet1:3239,2002,2010:016_802d308e41_8._20Or_Penz_Perm_Samar_Saratov_Uly_2010.xls:!!!:7235,2010,same_place,Репища,деревня,пермский,1.0,0.0,,not_assessed_by_identity_rule,0.0,True,exact_name_type_region_unique_pair_accepted_points_le_1km_no_collision_no_duplicate_year; shared exact GeoKLADR source may support identity with zero count but outlier ratios held,research_rebuild/evidence/coordinate_proximity_audit_20261005/new_component_compatible_pairs_within1km.csv,checked_rule_accepted
2002:051_46e3ecb0a0_02c_Permskaja_obl.xls:Sheet1:3259,2002,2010:016_802d308e41_8._20Or_Penz_Perm_Samar_Saratov_Uly_2010.xls:!!!:7252,2010,same_place,Дребезгино,деревня,пермский,3.0,0.0,,not_assessed_by_identity_rule,0.0,True,exact_name_type_region_unique_pair_accepted_points_le_1km_no_collision_no_duplicate_year; shared exact GeoKLADR source may support identity with zero count but outlier ratios held,research_rebuild/evidence/coordinate_proximity_audit_20261005/new_component_compatible_pairs_within1km.csv,checked_rule_accepted
2002:051_46e3ecb0a0_02c_Permskaja_obl.xls:Sheet1:3555,2002,2010:016_802d308e41_8._20Or_Penz_Perm_Samar_Saratov_Uly_2010.xls:!!!:7465,2010,same_place,Большая Сутяга,деревня,пермский,0.0,0.0,,not_assessed_by_identity_rule,0.0,True,exact_name_type_region_unique_pair_accepted_points_le_1km_no_collision_no_duplicate_year; shared exact GeoKLADR source may support identity with zero count but outlier ratios held,research_rebuild/evidence/coordinate_proximity_audit_20261005/new_component_compatible_pairs_within1km.csv,checked_rule_accepted
2002:051_46e3ecb0a0_02c_Permskaja_obl.xls:Sheet1:3743,2002,2010:016_802d308e41_8._20Or_Penz_Perm_Samar_Saratov_Uly_2010.xls:!!!:7618,2010,same_place,Цыдва,село,пермский,43.0,0.0,,not_assessed_by_identity_rule,0.0,True,exact_name_type_region_unique_pair_accepted_points_le_1km_no_collision_no_duplicate_year; shared exact GeoKLADR source may support identity with zero count but outlier ratios held,research_rebuild/evidence/coordinate_proximity_audit_20261005/new_component_compatible_pairs_within1km.csv,checked_rule_accepted
2002:051_46e3ecb0a0_02c_Permskaja_obl.xls:Sheet1:3799,2002,2010:016_802d308e41_8._20Or_Penz_Perm_Samar_Saratov_Uly_2010.xls:!!!:7661,2010,same_place,Казанцева,деревня,пермский,0.0,0.0,,not_assessed_by_identity_rule,0.0,True,exact_name_type_region_unique_pair_accepted_points_le_1km_no_collision_no_duplicate_year; shared exact GeoKLADR source may support identity with zero count but outlier ratios held,research_rebuild/evidence/coordinate_proximity_audit_20261005/new_component_compatible_pairs_within1km.csv,checked_rule_accepted
2002:051_46e3ecb0a0_02c_Permskaja_obl.xls:Sheet1:3805,2002,2010:016_802d308e41_8._20Or_Penz_Perm_Samar_Saratov_Uly_2010.xls:!!!:7665,2010,same_place,Подгорная,посёлок,пермский,164.0,0.0,,not_assessed_by_identity_rule,0.0,True,exact_name_type_region_unique_pair_accepted_points_le_1km_no_collision_no_duplicate_year; shared exact GeoKLADR source may support identity with zero count but outlier ratios held,research_rebuild/evidence/coordinate_proximity_audit_20261005/new_component_compatible_pairs_within1km.csv,checked_rule_accepted
2002:051_46e3ecb0a0_02c_Permskaja_obl.xls:Sheet1:3830,2002,2010:016_802d308e41_8._20Or_Penz_Perm_Samar_Saratov_Uly_2010.xls:!!!:7682,2010,same_place,Малая Аниковская,деревня,пермский,2.0,0.0,,not_assessed_by_identity_rule,0.0,True,exact_name_type_region_unique_pair_accepted_points_le_1km_no_collision_no_duplicate_year; shared exact GeoKLADR source may support identity with zero count but outlier ratios held,research_rebuild/evidence/coordinate_proximity_audit_20261005/new_component_compatible_pairs_within1km.csv,checked_rule_accepted
2002:051_46e3ecb0a0_02c_Permskaja_obl.xls:Sheet1:3851,2002,2010:016_802d308e41_8._20Or_Penz_Perm_Samar_Saratov_Uly_2010.xls:!!!:7697,2010,same_place,Тулпан,село,пермский,9.0,0.0,,not_assessed_by_identity_rule,0.0,True,exact_name_type_region_unique_pair_accepted_points_le_1km_no_collision_no_duplicate_year; shared exact GeoKLADR source may support identity with zero count but outlier ratios held,research_rebuild/evidence/coordinate_proximity_audit_20261005/new_component_compatible_pairs_within1km.csv,checked_rule_accepted
2002:051_46e3ecb0a0_02c_Permskaja_obl.xls:Sheet1:3906,2002,2010:016_802d308e41_8._20Or_Penz_Perm_Samar_Saratov_Uly_2010.xls:!!!:7734,2010,same_place,Шишовка,деревня,пермский,2.0,0.0,,not_assessed_by_identity_rule,0.0,True,exact_name_type_region_unique_pair_accepted_points_le_1km_no_collision_no_duplicate_year; shared exact GeoKLADR source may support identity with zero count but outlier ratios held,research_rebuild/evidence/coordinate_proximity_audit_20261005/new_component_compatible_pairs_within1km.csv,checked_rule_accepted
2002:051_46e3ecb0a0_02c_Permskaja_obl.xls:Sheet1:3927,2002,2010:016_802d308e41_8._20Or_Penz_Perm_Samar_Saratov_Uly_2010.xls:!!!:7749,2010,same_place,Мокруши,деревня,пермский,0.0,0.0,,not_assessed_by_identity_rule,0.0,True,exact_name_type_region_unique_pair_accepted_points_le_1km_no_collision_no_duplicate_year; shared exact GeoKLADR source may support identity with zero count but outlier ratios held,research_rebuild/evidence/coordinate_proximity_audit_20261005/new_component_compatible_pairs_within1km.csv,checked_rule_accepted
2002:051_46e3ecb0a0_02c_Permskaja_obl.xls:Sheet1:519,2002,2010:016_802d308e41_8._20Or_Penz_Perm_Samar_Saratov_Uly_2010.xls:!!!:8205,2010,same_place,Камсплав,посёлок,пермский,12.0,0.0,,not_assessed_by_identity_rule,0.0,True,exact_name_type_region_unique_pair_accepted_points_le_1km_no_collision_no_duplicate_year; shared exact GeoKLADR source may support identity with zero count but outlier ratios held,research_rebuild/evidence/coordinate_proximity_audit_20261005/new_component_compatible_pairs_within1km.csv,checked_rule_accepted
2002:052_4be37f273b_02c_Komi_perm_AO.xls:Sheet1:556,2002,2010:016_802d308e41_8._20Or_Penz_Perm_Samar_Saratov_Uly_2010.xls:!!!:4942,2010,same_place,Таскаева,деревня,пермский,7.0,0.0,,not_assessed_by_identity_rule,0.0,True,exact_name_type_region_unique_pair_accepted_points_le_1km_no_collision_no_duplicate_year; shared exact GeoKLADR source may support identity with zero count but outlier ratios held,research_rebuild/evidence/coordinate_proximity_audit_20261005/new_component_compatible_pairs_within1km.csv,checked_rule_accepted
2002:052_4be37f273b_02c_Komi_perm_AO.xls:Sheet1:832,2002,2010:016_802d308e41_8._20Or_Penz_Perm_Samar_Saratov_Uly_2010.xls:!!!:5163,2010,same_place,Пистогово,деревня,пермский,9.0,0.0,,not_assessed_by_identity_rule,0.0,True,exact_name_type_region_unique_pair_accepted_points_le_1km_no_collision_no_duplicate_year; shared exact GeoKLADR source may support identity with zero count but outlier ratios held,research_rebuild/evidence/coordinate_proximity_audit_20261005/new_component_compatible_pairs_within1km.csv,checked_rule_accepted
2002:053_f7f2b62d26_Samarskaja_new.xls:Sheet1:1292,2002,2010:016_802d308e41_8._20Or_Penz_Perm_Samar_Saratov_Uly_2010.xls:!!!:876,2010,same_place,Подбельщина,посёлок,самарская,14.0,0.0,,not_assessed_by_identity_rule,0.0,True,exact_name_type_region_unique_pair_accepted_points_le_1km_no_collision_no_duplicate_year; shared exact GeoKLADR source may support identity with zero count but outlier ratios held,research_rebuild/evidence/coordinate_proximity_audit_20261005/new_component_compatible_pairs_within1km.csv,checked_rule_accepted
2002:054_0d77ecf40f_Saratovskaja1.xls:Sheet1:1518,2002,2010:016_802d308e41_8._20Or_Penz_Perm_Samar_Saratov_Uly_2010.xls:!!!:9206,2010,same_place,Беленький,хутор,саратовская,0.0,0.0,,not_assessed_by_identity_rule,0.0,True,exact_name_type_region_unique_pair_accepted_points_le_1km_no_collision_no_duplicate_year; shared exact GeoKLADR source may support identity with zero count but outlier ratios held,research_rebuild/evidence/coordinate_proximity_audit_20261005/new_component_compatible_pairs_within1km.csv,checked_rule_accepted
2002:054_0d77ecf40f_Saratovskaja1.xls:Sheet1:1718,2002,2010:016_802d308e41_8._20Or_Penz_Perm_Samar_Saratov_Uly_2010.xls:!!!:9336,2010,same_place,Журавли,хутор,саратовская,11.0,0.0,,not_assessed_by_identity_rule,0.0,True,exact_name_type_region_unique_pair_accepted_points_le_1km_no_collision_no_duplicate_year; shared exact GeoKLADR source may support identity with zero count but outlier ratios held,research_rebuild/evidence/coordinate_proximity_audit_20261005/new_component_compatible_pairs_within1km.csv,checked_rule_accepted
2002:054_0d77ecf40f_Saratovskaja1.xls:Sheet1:1848,2002,2010:016_802d308e41_8._20Or_Penz_Perm_Samar_Saratov_Uly_2010.xls:!!!:9420,2010,same_place,Осинов Куст,посёлок,саратовская,0.0,0.0,,not_assessed_by_identity_rule,0.0,True,exact_name_type_region_unique_pair_accepted_points_le_1km_no_collision_no_duplicate_year; shared exact GeoKLADR source may support identity with zero count but outlier ratios held,research_rebuild/evidence/coordinate_proximity_audit_20261005/new_component_compatible_pairs_within1km.csv,checked_rule_accepted
2002:054_0d77ecf40f_Saratovskaja1.xls:Sheet1:1966,2002,2010:016_802d308e41_8._20Or_Penz_Perm_Samar_Saratov_Uly_2010.xls:!!!:9490,2010,same_place,Новоивановка,деревня,саратовская,0.0,0.0,,not_assessed_by_identity_rule,0.0,True,exact_name_type_region_unique_pair_accepted_points_le_1km_no_collision_no_duplicate_year; shared exact GeoKLADR source may support identity with zero count but outlier ratios held,research_rebuild/evidence/coordinate_proximity_audit_20261005/new_component_compatible_pairs_within1km.csv,checked_rule_accepted
2002:054_0d77ecf40f_Saratovskaja1.xls:Sheet1:1982,2002,2010:016_802d308e41_8._20Or_Penz_Perm_Samar_Saratov_Uly_2010.xls:!!!:9502,2010,same_place,Чурины,село,саратовская,35.0,0.0,,not_assessed_by_identity_rule,0.0,True,exact_name_type_region_unique_pair_accepted_points_le_1km_no_collision_no_duplicate_year; shared exact GeoKLADR source may support identity with zero count but outlier ratios held,research_rebuild/evidence/coordinate_proximity_audit_20261005/new_component_compatible_pairs_within1km.csv,checked_rule_accepted
2002:054_0d77ecf40f_Saratovskaja1.xls:Sheet1:2006,2002,2010:016_802d308e41_8._20Or_Penz_Perm_Samar_Saratov_Uly_2010.xls:!!!:9519,2010,same_place,Петровское,село,саратовская,0.0,0.0,,not_assessed_by_identity_rule,0.0,True,exact_name_type_region_unique_pair_accepted_points_le_1km_no_collision_no_duplicate_year; shared exact GeoKLADR source may support identity with zero count but outlier ratios held,research_rebuild/evidence/coordinate_proximity_audit_20261005/new_component_compatible_pairs_within1km.csv,checked_rule_accepted
2002:054_0d77ecf40f_Saratovskaja1.xls:Sheet1:2179,2002,2010:016_802d308e41_8._20Or_Penz_Perm_Samar_Saratov_Uly_2010.xls:!!!:9636,2010,same_place,Малая Байка,посёлок,саратовская,0.0,0.0,,not_assessed_by_identity_rule,0.0,True,exact_name_type_region_unique_pair_accepted_points_le_1km_no_collision_no_duplicate_year; shared exact GeoKLADR source may support identity with zero count but outlier ratios held,research_rebuild/evidence/coordinate_proximity_audit_20261005/new_component_compatible_pairs_within1km.csv,checked_rule_accepted
2002:054_0d77ecf40f_Saratovskaja1.xls:Sheet1:2192,2002,2010:016_802d308e41_8._20Or_Penz_Perm_Samar_Saratov_Uly_2010.xls:!!!:9646,2010,same_place,Белый Ключ,посёлок,саратовская,9.0,0.0,,not_assessed_by_identity_rule,0.0,True,exact_name_type_region_unique_pair_accepted_points_le_1km_no_collision_no_duplicate_year; shared exact GeoKLADR source may support identity with zero count but outlier ratios held,research_rebuild/evidence/coordinate_proximity_audit_20261005/new_component_compatible_pairs_within1km.csv,checked_rule_accepted
2002:054_0d77ecf40f_Saratovskaja1.xls:Sheet1:2214,2002,2010:016_802d308e41_8._20Or_Penz_Perm_Samar_Saratov_Uly_2010.xls:!!!:9663,2010,same_place,Дивовка,деревня,саратовская,1.0,0.0,,not_assessed_by_identity_rule,0.0,True,exact_name_type_region_unique_pair_accepted_points_le_1km_no_collision_no_duplicate_year; shared exact GeoKLADR source may support identity with zero count but outlier ratios held,research_rebuild/evidence/coordinate_proximity_audit_20261005/new_component_compatible_pairs_within1km.csv,checked_rule_accepted
2002:054_0d77ecf40f_Saratovskaja1.xls:Sheet1:2533,2002,2010:016_802d308e41_8._20Or_Penz_Perm_Samar_Saratov_Uly_2010.xls:!!!:9892,2010,same_place,Карай-Журавка,посёлок,саратовская,2.0,0.0,,not_assessed_by_identity_rule,0.0,True,exact_name_type_region_unique_pair_accepted_points_le_1km_no_collision_no_duplicate_year; shared exact GeoKLADR source may support identity with zero count but outlier ratios held,research_rebuild/evidence/coordinate_proximity_audit_20261005/new_component_compatible_pairs_within1km.csv,checked_rule_accepted
2002:054_0d77ecf40f_Saratovskaja1.xls:Sheet1:2540,2002,2010:016_802d308e41_8._20Or_Penz_Perm_Samar_Saratov_Uly_2010.xls:!!!:9898,2010,same_place,Красавские Дворики,деревня,саратовская,0.0,0.0,,not_assessed_by_identity_rule,0.0,True,exact_name_type_region_unique_pair_accepted_points_le_1km_no_collision_no_duplicate_year; shared exact GeoKLADR source may support identity with zero count but outlier ratios held,research_rebuild/evidence/coordinate_proximity_audit_20261005/new_component_compatible_pairs_within1km.csv,checked_rule_accepted
2002:054_0d77ecf40f_Saratovskaja1.xls:Sheet1:2556,2002,2010:016_802d308e41_8._20Or_Penz_Perm_Samar_Saratov_Uly_2010.xls:!!!:9910,2010,same_place,Егорьевка,деревня,саратовская,27.0,0.0,,not_assessed_by_identity_rule,0.0,True,exact_name_type_region_unique_pair_accepted_points_le_1km_no_collision_no_duplicate_year; shared exact GeoKLADR source may support identity with zero count but outlier ratios held,research_rebuild/evidence/coordinate_proximity_audit_20261005/new_component_compatible_pairs_within1km.csv,checked_rule_accepted
2002:054_0d77ecf40f_Saratovskaja1.xls:Sheet1:652,2002,2010:016_802d308e41_8._20Or_Penz_Perm_Samar_Saratov_Uly_2010.xls:!!!:8673,2010,same_place,Хорольский,посёлок,саратовская,6.0,0.0,,not_assessed_by_identity_rule,0.0,True,exact_name_type_region_unique_pair_accepted_points_le_1km_no_collision_no_duplicate_year; shared exact GeoKLADR source may support identity with zero count but outlier ratios held,research_rebuild/evidence/coordinate_proximity_audit_20261005/new_component_compatible_pairs_within1km.csv,checked_rule_accepted
2002:054_0d77ecf40f_Saratovskaja1.xls:Sheet1:696,2002,2010:016_802d308e41_8._20Or_Penz_Perm_Samar_Saratov_Uly_2010.xls:!!!:8698,2010,same_place,Матвеевка,посёлок,саратовская,0.0,0.0,,not_assessed_by_identity_rule,0.0,True,exact_name_type_region_unique_pair_accepted_points_le_1km_no_collision_no_duplicate_year; shared exact GeoKLADR source may support identity with zero count but outlier ratios held,research_rebuild/evidence/coordinate_proximity_audit_20261005/new_component_compatible_pairs_within1km.csv,checked_rule_accepted
2002:057_9b18a354f1_02c_Sverdlovskaja_oblast.xls:Sheet1:1009,2002,2010:003_eb441570b1_11._20Урал_ФО_2010.xls:Урал:3290,2010,same_place,Макарихина,деревня,свердловская,0.0,0.0,,not_assessed_by_identity_rule,0.0,True,exact_name_type_region_unique_pair_accepted_points_le_1km_no_collision_no_duplicate_year; shared exact GeoKLADR source may support identity with zero count but outlier ratios held,research_rebuild/evidence/coordinate_proximity_audit_20261005/new_component_compatible_pairs_within1km.csv,checked_rule_accepted
2002:057_9b18a354f1_02c_Sverdlovskaja_oblast.xls:Sheet1:1143,2002,2010:003_eb441570b1_11._20Урал_ФО_2010.xls:Урал:3394,2010,same_place,Соколовский,посёлок,свердловская,2.0,0.0,,not_assessed_by_identity_rule,0.0,True,exact_name_type_region_unique_pair_accepted_points_le_1km_no_collision_no_duplicate_year; shared exact GeoKLADR source may support identity with zero count but outlier ratios held,research_rebuild/evidence/coordinate_proximity_audit_20261005/new_component_compatible_pairs_within1km.csv,checked_rule_accepted
2002:057_9b18a354f1_02c_Sverdlovskaja_oblast.xls:Sheet1:1176,2002,2010:003_eb441570b1_11._20Урал_ФО_2010.xls:Урал:3420,2010,same_place,Смолокурка,посёлок,свердловская,0.0,0.0,,not_assessed_by_identity_rule,0.0,True,exact_name_type_region_unique_pair_accepted_points_le_1km_no_collision_no_duplicate_year; shared exact GeoKLADR source may support identity with zero count but outlier ratios held,research_rebuild/evidence/coordinate_proximity_audit_20261005/new_component_compatible_pairs_within1km.csv,checked_rule_accepted
2002:057_9b18a354f1_02c_Sverdlovskaja_oblast.xls:Sheet1:1440,2002,2010:003_eb441570b1_11._20Урал_ФО_2010.xls:Урал:3616,2010,same_place,Новый Путь,деревня,свердловская,0.0,0.0,,not_assessed_by_identity_rule,0.0,True,exact_name_type_region_unique_pair_accepted_points_le_1km_no_collision_no_duplicate_year; shared exact GeoKLADR source may support identity with zero count but outlier ratios held,research_rebuild/evidence/coordinate_proximity_audit_20261005/new_component_compatible_pairs_within1km.csv,checked_rule_accepted
2002:057_9b18a354f1_02c_Sverdlovskaja_oblast.xls:Sheet1:148,2002,2010:003_eb441570b1_11._20Урал_ФО_2010.xls:Урал:4516,2010,same_place,Улымсос,посёлок,свердловская,2.0,0.0,,not_assessed_by_identity_rule,0.0,True,exact_name_type_region_unique_pair_accepted_points_le_1km_no_collision_no_duplicate_year; shared exact GeoKLADR source may support identity with zero count but outlier ratios held,research_rebuild/evidence/coordinate_proximity_audit_20261005/new_component_compatible_pairs_within1km.csv,checked_rule_accepted
2002:057_9b18a354f1_02c_Sverdlovskaja_oblast.xls:Sheet1:1496,2002,2010:003_eb441570b1_11._20Урал_ФО_2010.xls:Урал:3659,2010,same_place,Холмистый,посёлок,свердловская,1.0,0.0,,not_assessed_by_identity_rule,0.0,True,exact_name_type_region_unique_pair_accepted_points_le_1km_no_collision_no_duplicate_year; shared exact GeoKLADR source may support identity with zero count but outlier ratios held,research_rebuild/evidence/coordinate_proximity_audit_20261005/new_component_compatible_pairs_within1km.csv,checked_rule_accepted
2002:057_9b18a354f1_02c_Sverdlovskaja_oblast.xls:Sheet1:1500,2002,2010:003_eb441570b1_11._20Урал_ФО_2010.xls:Урал:3662,2010,same_place,Плотина,посёлок,свердловская,0.0,0.0,,not_assessed_by_identity_rule,0.0,True,exact_name_type_region_unique_pair_accepted_points_le_1km_no_collision_no_duplicate_year; shared exact GeoKLADR source may support identity with zero count but outlier ratios held,research_rebuild/evidence/coordinate_proximity_audit_20261005/new_component_compatible_pairs_within1km.csv,checked_rule_accepted
2002:057_9b18a354f1_02c_Sverdlovskaja_oblast.xls:Sheet1:165,2002,2010:003_eb441570b1_11._20Урал_ФО_2010.xls:Урал:4523,2010,same_place,Гаревка,посёлок,свердловская,2.0,0.0,,not_assessed_by_identity_rule,0.0,True,exact_name_type_region_unique_pair_accepted_points_le_1km_no_collision_no_duplicate_year; shared exact GeoKLADR source may support identity with zero count but outlier ratios held,research_rebuild/evidence/coordinate_proximity_audit_20261005/new_component_compatible_pairs_within1km.csv,checked_rule_accepted
2002:057_9b18a354f1_02c_Sverdlovskaja_oblast.xls:Sheet1:167,2002,2010:003_eb441570b1_11._20Урал_ФО_2010.xls:Урал:4524,2010,same_place,Тохта,посёлок,свердловская,0.0,0.0,,not_assessed_by_identity_rule,0.0,True,exact_name_type_region_unique_pair_accepted_points_le_1km_no_collision_no_duplicate_year; shared exact GeoKLADR source may support identity with zero count but outlier ratios held,research_rebuild/evidence/coordinate_proximity_audit_20261005/new_component_compatible_pairs_within1km.csv,checked_rule_accepted
2002:057_9b18a354f1_02c_Sverdlovskaja_oblast.xls:Sheet1:1676,2002,2010:003_eb441570b1_11._20Урал_ФО_2010.xls:Урал:3791,2010,same_place,Запрудный,посёлок,свердловская,233.0,0.0,,not_assessed_by_identity_rule,0.0,True,exact_name_type_region_unique_pair_accepted_points_le_1km_no_collision_no_duplicate_year; shared exact GeoKLADR source may support identity with zero count but outlier ratios held,research_rebuild/evidence/coordinate_proximity_audit_20261005/new_component_compatible_pairs_within1km.csv,checked_rule_accepted
2002:057_9b18a354f1_02c_Sverdlovskaja_oblast.xls:Sheet1:1769,2002,2010:003_eb441570b1_11._20Урал_ФО_2010.xls:Урал:3861,2010,same_place,Проселок,посёлок,свердловская,17.0,0.0,,not_assessed_by_identity_rule,0.0,True,exact_name_type_region_unique_pair_accepted_points_le_1km_no_collision_no_duplicate_year; shared exact GeoKLADR source may support identity with zero count but outlier ratios held,research_rebuild/evidence/coordinate_proximity_audit_20261005/new_component_compatible_pairs_within1km.csv,checked_rule_accepted
2002:057_9b18a354f1_02c_Sverdlovskaja_oblast.xls:Sheet1:18,2002,2010:003_eb441570b1_11._20Урал_ФО_2010.xls:Урал:4431,2010,same_place,Хутор,посёлок,свердловская,0.0,0.0,,not_assessed_by_identity_rule,0.0,True,exact_name_type_region_unique_pair_accepted_points_le_1km_no_collision_no_duplicate_year; shared exact GeoKLADR source may support identity with zero count but outlier ratios held,research_rebuild/evidence/coordinate_proximity_audit_20261005/new_component_compatible_pairs_within1km.csv,checked_rule_accepted
2002:057_9b18a354f1_02c_Sverdlovskaja_oblast.xls:Sheet1:192,2002,2010:003_eb441570b1_11._20Урал_ФО_2010.xls:Урал:4563,2010,same_place,Верхняя Косьва,посёлок,свердловская,0.0,0.0,,not_assessed_by_identity_rule,0.0,True,exact_name_type_region_unique_pair_accepted_points_le_1km_no_collision_no_duplicate_year; shared exact GeoKLADR source may support identity with zero count but outlier ratios held,research_rebuild/evidence/coordinate_proximity_audit_20261005/new_component_compatible_pairs_within1km.csv,checked_rule_accepted
2002:057_9b18a354f1_02c_Sverdlovskaja_oblast.xls:Sheet1:196,2002,2010:003_eb441570b1_11._20Урал_ФО_2010.xls:Урал:4561,2010,same_place,Макарьевка,деревня,свердловская,0.0,0.0,,not_assessed_by_identity_rule,0.0,True,exact_name_type_region_unique_pair_accepted_points_le_1km_no_collision_no_duplicate_year; shared exact GeoKLADR source may support identity with zero count but outlier ratios held,research_rebuild/evidence/coordinate_proximity_audit_20261005/new_component_compatible_pairs_within1km.csv,checked_rule_accepted
2002:057_9b18a354f1_02c_Sverdlovskaja_oblast.xls:Sheet1:205,2002,2010:003_eb441570b1_11._20Урал_ФО_2010.xls:Урал:4577,2010,same_place,Ломовский,посёлок,свердловская,0.0,0.0,,not_assessed_by_identity_rule,0.0,True,exact_name_type_region_unique_pair_accepted_points_le_1km_no_collision_no_duplicate_year; shared exact GeoKLADR source may support identity with zero count but outlier ratios held,research_rebuild/evidence/coordinate_proximity_audit_20261005/new_component_compatible_pairs_within1km.csv,checked_rule_accepted
2002:057_9b18a354f1_02c_Sverdlovskaja_oblast.xls:Sheet1:2054,2002,2010:003_eb441570b1_11._20Урал_ФО_2010.xls:Урал:4070,2010,same_place,Посолка,посёлок,свердловская,4.0,0.0,,not_assessed_by_identity_rule,0.0,True,exact_name_type_region_unique_pair_accepted_points_le_1km_no_collision_no_duplicate_year; shared exact GeoKLADR source may support identity with zero count but outlier ratios held,research_rebuild/evidence/coordinate_proximity_audit_20261005/new_component_compatible_pairs_within1km.csv,checked_rule_accepted
2002:057_9b18a354f1_02c_Sverdlovskaja_oblast.xls:Sheet1:217,2002,2010:003_eb441570b1_11._20Урал_ФО_2010.xls:Урал:4587,2010,same_place,Шихан,посёлок,свердловская,0.0,0.0,,not_assessed_by_identity_rule,0.0,True,exact_name_type_region_unique_pair_accepted_points_le_1km_no_collision_no_duplicate_year; shared exact GeoKLADR source may support identity with zero count but outlier ratios held,research_rebuild/evidence/coordinate_proximity_audit_20261005/new_component_compatible_pairs_within1km.csv,checked_rule_accepted
2002:057_9b18a354f1_02c_Sverdlovskaja_oblast.xls:Sheet1:223,2002,2010:003_eb441570b1_11._20Урал_ФО_2010.xls:Урал:4598,2010,same_place,Промежуток,посёлок,свердловская,0.0,0.0,,not_assessed_by_identity_rule,0.0,True,exact_name_type_region_unique_pair_accepted_points_le_1km_no_collision_no_duplicate_year; shared exact GeoKLADR source may support identity with zero count but outlier ratios held,research_rebuild/evidence/coordinate_proximity_audit_20261005/new_component_compatible_pairs_within1km.csv,checked_rule_accepted
2002:057_9b18a354f1_02c_Sverdlovskaja_oblast.xls:Sheet1:2364,2002,2010:003_eb441570b1_11._20Урал_ФО_2010.xls:Урал:4315,2010,same_place,Дубровино,деревня,свердловская,0.0,0.0,,not_assessed_by_identity_rule,0.0,True,exact_name_type_region_unique_pair_accepted_points_le_1km_no_collision_no_duplicate_year; shared exact GeoKLADR source may support identity with zero count but outlier ratios held,research_rebuild/evidence/coordinate_proximity_audit_20261005/new_component_compatible_pairs_within1km.csv,checked_rule_accepted
2002:057_9b18a354f1_02c_Sverdlovskaja_oblast.xls:Sheet1:2373,2002,2010:003_eb441570b1_11._20Урал_ФО_2010.xls:Урал:4322,2010,same_place,Кекорка,деревня,свердловская,0.0,0.0,,not_assessed_by_identity_rule,0.0,True,exact_name_type_region_unique_pair_accepted_points_le_1km_no_collision_no_duplicate_year; shared exact GeoKLADR source may support identity with zero count but outlier ratios held,research_rebuild/evidence/coordinate_proximity_audit_20261005/new_component_compatible_pairs_within1km.csv,checked_rule_accepted
2002:057_9b18a354f1_02c_Sverdlovskaja_oblast.xls:Sheet1:2396,2002,2010:003_eb441570b1_11._20Урал_ФО_2010.xls:Урал:4341,2010,same_place,Окунево,посёлок,свердловская,0.0,0.0,,not_assessed_by_identity_rule,0.0,True,exact_name_type_region_unique_pair_accepted_points_le_1km_no_collision_no_duplicate_year; shared exact GeoKLADR source may support identity with zero count but outlier ratios held,research_rebuild/evidence/coordinate_proximity_audit_20261005/new_component_compatible_pairs_within1km.csv,checked_rule_accepted
2002:057_9b18a354f1_02c_Sverdlovskaja_oblast.xls:Sheet1:2409,2002,2010:003_eb441570b1_11._20Урал_ФО_2010.xls:Урал:4351,2010,same_place,Санаево,деревня,свердловская,0.0,0.0,,not_assessed_by_identity_rule,0.0,True,exact_name_type_region_unique_pair_accepted_points_le_1km_no_collision_no_duplicate_year; shared exact GeoKLADR source may support identity with zero count but outlier ratios held,research_rebuild/evidence/coordinate_proximity_audit_20261005/new_component_compatible_pairs_within1km.csv,checked_rule_accepted
2002:057_9b18a354f1_02c_Sverdlovskaja_oblast.xls:Sheet1:26,2002,2010:003_eb441570b1_11._20Урал_ФО_2010.xls:Урал:4405,2010,same_place,Гора Хрустальная,посёлок,свердловская,15.0,0.0,,not_assessed_by_identity_rule,0.0,True,exact_name_type_region_unique_pair_accepted_points_le_1km_no_collision_no_duplicate_year; shared exact GeoKLADR source may support identity with zero count but outlier ratios held,research_rebuild/evidence/coordinate_proximity_audit_20261005/new_component_compatible_pairs_within1km.csv,checked_rule_accepted
2002:057_9b18a354f1_02c_Sverdlovskaja_oblast.xls:Sheet1:28,2002,2010:003_eb441570b1_11._20Урал_ФО_2010.xls:Урал:4407,2010,same_place,Перегон,посёлок,свердловская,0.0,0.0,,not_assessed_by_identity_rule,0.0,True,exact_name_type_region_unique_pair_accepted_points_le_1km_no_collision_no_duplicate_year; shared exact GeoKLADR source may support identity with zero count but outlier ratios held,research_rebuild/evidence/coordinate_proximity_audit_20261005/new_component_compatible_pairs_within1km.csv,checked_rule_accepted
2002:057_9b18a354f1_02c_Sverdlovskaja_oblast.xls:Sheet1:29,2002,2010:003_eb441570b1_11._20Урал_ФО_2010.xls:Урал:4408,2010,same_place,Светлая Речка,посёлок,свердловская,0.0,0.0,,not_assessed_by_identity_rule,0.0,True,exact_name_type_region_unique_pair_accepted_points_le_1km_no_collision_no_duplicate_year; shared exact GeoKLADR source may support identity with zero count but outlier ratios held,research_rebuild/evidence/coordinate_proximity_audit_20261005/new_component_compatible_pairs_within1km.csv,checked_rule_accepted
2002:057_9b18a354f1_02c_Sverdlovskaja_oblast.xls:Sheet1:31,2002,2010:003_eb441570b1_11._20Урал_ФО_2010.xls:Урал:4409,2010,same_place,Лиственный,посёлок,свердловская,384.0,0.0,,not_assessed_by_identity_rule,0.0,True,exact_name_type_region_unique_pair_accepted_points_le_1km_no_collision_no_duplicate_year; shared exact GeoKLADR source may support identity with zero count but outlier ratios held,research_rebuild/evidence/coordinate_proximity_audit_20261005/new_component_compatible_pairs_within1km.csv,checked_rule_accepted
2002:057_9b18a354f1_02c_Sverdlovskaja_oblast.xls:Sheet1:392,2002,2010:003_eb441570b1_11._20Урал_ФО_2010.xls:Урал:2819,2010,same_place,Бабушкино,посёлок,свердловская,2.0,0.0,,not_assessed_by_identity_rule,0.0,True,exact_name_type_region_unique_pair_accepted_points_le_1km_no_collision_no_duplicate_year; shared exact GeoKLADR source may support identity with zero count but outlier ratios held,research_rebuild/evidence/coordinate_proximity_audit_20261005/new_component_compatible_pairs_within1km.csv,checked_rule_accepted
2002:057_9b18a354f1_02c_Sverdlovskaja_oblast.xls:Sheet1:539,2002,2010:003_eb441570b1_11._20Урал_ФО_2010.xls:Урал:2930,2010,same_place,Дальний Буланаш,посёлок,свердловская,0.0,0.0,,not_assessed_by_identity_rule,0.0,True,exact_name_type_region_unique_pair_accepted_points_le_1km_no_collision_no_duplicate_year; shared exact GeoKLADR source may support identity with zero count but outlier ratios held,research_rebuild/evidence/coordinate_proximity_audit_20261005/new_component_compatible_pairs_within1km.csv,checked_rule_accepted
2002:057_9b18a354f1_02c_Sverdlovskaja_oblast.xls:Sheet1:551,2002,2010:003_eb441570b1_11._20Урал_ФО_2010.xls:Урал:2942,2010,same_place,Среднеборовской,посёлок,свердловская,0.0,0.0,,not_assessed_by_identity_rule,0.0,True,exact_name_type_region_unique_pair_accepted_points_le_1km_no_collision_no_duplicate_year; shared exact GeoKLADR source may support identity with zero count but outlier ratios held,research_rebuild/evidence/coordinate_proximity_audit_20261005/new_component_compatible_pairs_within1km.csv,checked_rule_accepted
2002:057_9b18a354f1_02c_Sverdlovskaja_oblast.xls:Sheet1:570,2002,2010:003_eb441570b1_11._20Урал_ФО_2010.xls:Урал:2956,2010,same_place,Елховский,посёлок,свердловская,1.0,0.0,,not_assessed_by_identity_rule,0.0,True,exact_name_type_region_unique_pair_accepted_points_le_1km_no_collision_no_duplicate_year; shared exact GeoKLADR source may support identity with zero count but outlier ratios held,research_rebuild/evidence/coordinate_proximity_audit_20261005/new_component_compatible_pairs_within1km.csv,checked_rule_accepted
2002:057_9b18a354f1_02c_Sverdlovskaja_oblast.xls:Sheet1:572,2002,2010:003_eb441570b1_11._20Урал_ФО_2010.xls:Урал:2958,2010,same_place,Упор,посёлок,свердловская,1.0,0.0,,not_assessed_by_identity_rule,0.0,True,exact_name_type_region_unique_pair_accepted_points_le_1km_no_collision_no_duplicate_year; shared exact GeoKLADR source may support identity with zero count but outlier ratios held,research_rebuild/evidence/coordinate_proximity_audit_20261005/new_component_compatible_pairs_within1km.csv,checked_rule_accepted
2002:057_9b18a354f1_02c_Sverdlovskaja_oblast.xls:Sheet1:575,2002,2010:003_eb441570b1_11._20Урал_ФО_2010.xls:Урал:2960,2010,same_place,Катковые Поля,посёлок,свердловская,0.0,0.0,,not_assessed_by_identity_rule,0.0,True,exact_name_type_region_unique_pair_accepted_points_le_1km_no_collision_no_duplicate_year; shared exact GeoKLADR source may support identity with zero count but outlier ratios held,research_rebuild/evidence/coordinate_proximity_audit_20261005/new_component_compatible_pairs_within1km.csv,checked_rule_accepted
2002:057_9b18a354f1_02c_Sverdlovskaja_oblast.xls:Sheet1:962,2002,2010:003_eb441570b1_11._20Урал_ФО_2010.xls:Урал:3251,2010,same_place,Добрынина,деревня,свердловская,0.0,0.0,,not_assessed_by_identity_rule,0.0,True,exact_name_type_region_unique_pair_accepted_points_le_1km_no_collision_no_duplicate_year; shared exact GeoKLADR source may support identity with zero count but outlier ratios held,research_rebuild/evidence/coordinate_proximity_audit_20261005/new_component_compatible_pairs_within1km.csv,checked_rule_accepted
2002:057_9b18a354f1_02c_Sverdlovskaja_oblast.xls:Sheet1:985,2002,2010:003_eb441570b1_11._20Урал_ФО_2010.xls:Урал:3271,2010,same_place,Тренихина,деревня,свердловская,0.0,0.0,,not_assessed_by_identity_rule,0.0,True,exact_name_type_region_unique_pair_accepted_points_le_1km_no_collision_no_duplicate_year; shared exact GeoKLADR source may support identity with zero count but outlier ratios held,research_rebuild/evidence/coordinate_proximity_audit_20261005/new_component_compatible_pairs_within1km.csv,checked_rule_accepted
2002:057_9b18a354f1_02c_Sverdlovskaja_oblast.xls:Sheet1:988,2002,2010:003_eb441570b1_11._20Урал_ФО_2010.xls:Урал:3273,2010,same_place,Обжиг,посёлок,свердловская,0.0,0.0,,not_assessed_by_identity_rule,0.0,True,exact_name_type_region_unique_pair_accepted_points_le_1km_no_collision_no_duplicate_year; shared exact GeoKLADR source may support identity with zero count but outlier ratios held,research_rebuild/evidence/coordinate_proximity_audit_20261005/new_component_compatible_pairs_within1km.csv,checked_rule_accepted
2002:057_9b18a354f1_02c_Sverdlovskaja_oblast.xls:Sheet1:992,2002,2010:003_eb441570b1_11._20Урал_ФО_2010.xls:Урал:3276,2010,same_place,Корчемкина,деревня,свердловская,1.0,0.0,,not_assessed_by_identity_rule,0.0,True,exact_name_type_region_unique_pair_accepted_points_le_1km_no_collision_no_duplicate_year; shared exact GeoKLADR source may support identity with zero count but outlier ratios held,research_rebuild/evidence/coordinate_proximity_audit_20261005/new_component_compatible_pairs_within1km.csv,checked_rule_accepted
2002:057_9b18a354f1_02c_Sverdlovskaja_oblast.xls:Sheet1:999,2002,2010:003_eb441570b1_11._20Урал_ФО_2010.xls:Урал:3282,2010,same_place,Мызникова,деревня,свердловская,0.0,0.0,,not_assessed_by_identity_rule,0.0,True,exact_name_type_region_unique_pair_accepted_points_le_1km_no_collision_no_duplicate_year; shared exact GeoKLADR source may support identity with zero count but outlier ratios held,research_rebuild/evidence/coordinate_proximity_audit_20261005/new_component_compatible_pairs_within1km.csv,checked_rule_accepted
2002:058_a73d73c7dd_02c-Tyumen_obl_new.xls:Sheet1:1066,2002,2010:003_eb441570b1_11._20Урал_ФО_2010.xls:Урал:1959,2010,same_place,Норная,деревня,тюменская,46.0,0.0,,not_assessed_by_identity_rule,0.0,True,exact_name_type_region_unique_pair_accepted_points_le_1km_no_collision_no_duplicate_year; shared exact GeoKLADR source may support identity with zero count but outlier ratios held,research_rebuild/evidence/coordinate_proximity_audit_20261005/new_component_compatible_pairs_within1km.csv,checked_rule_accepted
2002:058_a73d73c7dd_02c-Tyumen_obl_new.xls:Sheet1:1331,2002,2010:003_eb441570b1_11._20Урал_ФО_2010.xls:Урал:2069,2010,same_place,Беломоина,деревня,тюменская,0.0,0.0,,not_assessed_by_identity_rule,0.0,True,exact_name_type_region_unique_pair_accepted_points_le_1km_no_collision_no_duplicate_year; shared exact GeoKLADR source may support identity with zero count but outlier ratios held,research_rebuild/evidence/coordinate_proximity_audit_20261005/new_component_compatible_pairs_within1km.csv,checked_rule_accepted
2002:058_a73d73c7dd_02c-Tyumen_obl_new.xls:Sheet1:1501,2002,2010:003_eb441570b1_11._20Урал_ФО_2010.xls:Урал:2264,2010,same_place,Карбина,деревня,тюменская,8.0,0.0,,not_assessed_by_identity_rule,0.0,True,exact_name_type_region_unique_pair_accepted_points_le_1km_no_collision_no_duplicate_year; shared exact GeoKLADR source may support identity with zero count but outlier ratios held,research_rebuild/evidence/coordinate_proximity_audit_20261005/new_component_compatible_pairs_within1km.csv,checked_rule_accepted
2002:058_a73d73c7dd_02c-Tyumen_obl_new.xls:Sheet1:1656,2002,2010:003_eb441570b1_11._20Урал_ФО_2010.xls:Урал:2364,2010,same_place,Метлякова,деревня,тюменская,1.0,0.0,,not_assessed_by_identity_rule,0.0,True,exact_name_type_region_unique_pair_accepted_points_le_1km_no_collision_no_duplicate_year; shared exact GeoKLADR source may support identity with zero count but outlier ratios held,research_rebuild/evidence/coordinate_proximity_audit_20261005/new_component_compatible_pairs_within1km.csv,checked_rule_accepted
2002:058_a73d73c7dd_02c-Tyumen_obl_new.xls:Sheet1:208,2002,2010:003_eb441570b1_11._20Урал_ФО_2010.xls:Урал:1353,2010,same_place,Вяткина,деревня,тюменская,9.0,0.0,,not_assessed_by_identity_rule,0.0,True,exact_name_type_region_unique_pair_accepted_points_le_1km_no_collision_no_duplicate_year; shared exact GeoKLADR source may support identity with zero count but outlier ratios held,research_rebuild/evidence/coordinate_proximity_audit_20261005/new_component_compatible_pairs_within1km.csv,checked_rule_accepted
2002:058_a73d73c7dd_02c-Tyumen_obl_new.xls:Sheet1:268,2002,2010:003_eb441570b1_11._20Урал_ФО_2010.xls:Урал:1390,2010,same_place,Крутоберегое,деревня,тюменская,51.0,0.0,,not_assessed_by_identity_rule,0.0,True,exact_name_type_region_unique_pair_accepted_points_le_1km_no_collision_no_duplicate_year; shared exact GeoKLADR source may support identity with zero count but outlier ratios held,research_rebuild/evidence/coordinate_proximity_audit_20261005/new_component_compatible_pairs_within1km.csv,checked_rule_accepted
2002:058_a73d73c7dd_02c-Tyumen_obl_new.xls:Sheet1:333,2002,2010:003_eb441570b1_11._20Урал_ФО_2010.xls:Урал:1496,2010,same_place,Раши,деревня,тюменская,5.0,0.0,,not_assessed_by_identity_rule,0.0,True,exact_name_type_region_unique_pair_accepted_points_le_1km_no_collision_no_duplicate_year; shared exact GeoKLADR source may support identity with zero count but outlier ratios held,research_rebuild/evidence/coordinate_proximity_audit_20261005/new_component_compatible_pairs_within1km.csv,checked_rule_accepted
2002:058_a73d73c7dd_02c-Tyumen_obl_new.xls:Sheet1:460,2002,2010:003_eb441570b1_11._20Урал_ФО_2010.xls:Урал:1490,2010,same_place,Петухова,деревня,тюменская,7.0,0.0,,not_assessed_by_identity_rule,0.0,True,exact_name_type_region_unique_pair_accepted_points_le_1km_no_collision_no_duplicate_year; shared exact GeoKLADR source may support identity with zero count but outlier ratios held,research_rebuild/evidence/coordinate_proximity_audit_20261005/new_component_compatible_pairs_within1km.csv,checked_rule_accepted
2002:058_a73d73c7dd_02c-Tyumen_obl_new.xls:Sheet1:470,2002,2010:003_eb441570b1_11._20Урал_ФО_2010.xls:Урал:1541,2010,same_place,Бурмистрова,деревня,тюменская,4.0,0.0,,not_assessed_by_identity_rule,0.0,True,exact_name_type_region_unique_pair_accepted_points_le_1km_no_collision_no_duplicate_year; shared exact GeoKLADR source may support identity with zero count but outlier ratios held,research_rebuild/evidence/coordinate_proximity_audit_20261005/new_component_compatible_pairs_within1km.csv,checked_rule_accepted
2002:058_a73d73c7dd_02c-Tyumen_obl_new.xls:Sheet1:561,2002,2010:003_eb441570b1_11._20Урал_ФО_2010.xls:Урал:1632,2010,same_place,Скакуново,деревня,тюменская,8.0,0.0,,not_assessed_by_identity_rule,0.0,True,exact_name_type_region_unique_pair_accepted_points_le_1km_no_collision_no_duplicate_year; shared exact GeoKLADR source may support identity with zero count but outlier ratios held,research_rebuild/evidence/coordinate_proximity_audit_20261005/new_component_compatible_pairs_within1km.csv,checked_rule_accepted
2002:059_30afc614a1_1_XMAO_new.xls:Sheet1:180,2002,2010:003_eb441570b1_11._20Урал_ФО_2010.xls:Урал:2634,2010,same_place,Сотниково,посёлок,ханты мансийский югра,39.0,0.0,,not_assessed_by_identity_rule,0.0,True,exact_name_type_region_unique_pair_accepted_points_le_1km_no_collision_no_duplicate_year; shared exact GeoKLADR source may support identity with zero count but outlier ratios held,research_rebuild/evidence/coordinate_proximity_audit_20261005/new_component_compatible_pairs_within1km.csv,checked_rule_accepted
2002:059_30afc614a1_1_XMAO_new.xls:Sheet1:211,2002,2010:003_eb441570b1_11._20Урал_ФО_2010.xls:Урал:2645,2010,same_place,Нюрих,посёлок,ханты мансийский югра,2.0,0.0,,not_assessed_by_identity_rule,0.0,True,exact_name_type_region_unique_pair_accepted_points_le_1km_no_collision_no_duplicate_year; shared exact GeoKLADR source may support identity with zero count but outlier ratios held,research_rebuild/evidence/coordinate_proximity_audit_20261005/new_component_compatible_pairs_within1km.csv,checked_rule_accepted
2002:059_30afc614a1_1_XMAO_new.xls:Sheet1:312,2002,2010:003_eb441570b1_11._20Урал_ФО_2010.xls:Урал:2694,2010,same_place,Семейка,деревня,ханты мансийский югра,35.0,0.0,,not_assessed_by_identity_rule,0.0,True,exact_name_type_region_unique_pair_accepted_points_le_1km_no_collision_no_duplicate_year; shared exact GeoKLADR source may support identity with zero count but outlier ratios held,research_rebuild/evidence/coordinate_proximity_audit_20261005/new_component_compatible_pairs_within1km.csv,checked_rule_accepted
2002:059_30afc614a1_1_XMAO_new.xls:Sheet1:66,2002,2010:003_eb441570b1_11._20Урал_ФО_2010.xls:Урал:2540,2010,same_place,Патрасуй,деревня,ханты мансийский югра,0.0,6.0,,not_assessed_by_identity_rule,0.0,True,exact_name_type_region_unique_pair_accepted_points_le_1km_no_collision_no_duplicate_year; shared exact GeoKLADR source may support identity with zero count but outlier ratios held,research_rebuild/evidence/coordinate_proximity_audit_20261005/new_component_compatible_pairs_within1km.csv,checked_rule_accepted
2002:060_0d687479dd_02c_yamalo-nenets.xls:Sheet1:25,2002,2010:003_eb441570b1_11._20Урал_ФО_2010.xls:Урал:2727,2010,same_place,Сидоровск,село,ямало ненецкий,0.0,10.0,,not_assessed_by_identity_rule,0.0,True,exact_name_type_region_unique_pair_accepted_points_le_1km_no_collision_no_duplicate_year; shared exact GeoKLADR source may support identity with zero count but outlier ratios held,research_rebuild/evidence/coordinate_proximity_audit_20261005/new_component_compatible_pairs_within1km.csv,checked_rule_accepted
2002:066_76aa869929_Altai_krai1.xls:Sheet1:283,2002,2010:008_342f3c208b_16._20Сиб_ФО_2010.xls:Sib:156,2010,same_place,Кучук,разъезд,алтайский,21.0,0.0,,not_assessed_by_identity_rule,0.0,True,exact_name_type_region_unique_pair_accepted_points_le_1km_no_collision_no_duplicate_year; shared exact GeoKLADR source may support identity with zero count but outlier ratios held,research_rebuild/evidence/coordinate_proximity_audit_20261005/new_component_compatible_pairs_within1km.csv,checked_rule_accepted
2002:066_76aa869929_Altai_krai1.xls:Sheet1:457,2002,2010:008_342f3c208b_16._20Сиб_ФО_2010.xls:Sib:248,2010,same_place,Лобзоватый,разъезд,алтайский,7.0,0.0,,not_assessed_by_identity_rule,0.0,True,exact_name_type_region_unique_pair_accepted_points_le_1km_no_collision_no_duplicate_year; shared exact GeoKLADR source may support identity with zero count but outlier ratios held,research_rebuild/evidence/coordinate_proximity_audit_20261005/new_component_compatible_pairs_within1km.csv,checked_rule_accepted
2002:066_76aa869929_Altai_krai1.xls:Sheet1:774,2002,2010:008_342f3c208b_16._20Сиб_ФО_2010.xls:Sib:448,2010,same_place,44 км,разъезд,алтайский,2.0,0.0,,not_assessed_by_identity_rule,0.0,True,exact_name_type_region_unique_pair_accepted_points_le_1km_no_collision_no_duplicate_year; shared exact GeoKLADR source may support identity with zero count but outlier ratios held,research_rebuild/evidence/coordinate_proximity_audit_20261005/new_component_compatible_pairs_within1km.csv,checked_rule_accepted
2002:067_7363c80f41_02c_Krasnojarski_lraj.xls:Sheet1:1122,2002,2010:008_342f3c208b_16._20Сиб_ФО_2010.xls:Sib:2495,2010,same_place,Косой Бык,посёлок,красноярский,135.0,0.0,,not_assessed_by_identity_rule,0.0,True,exact_name_type_region_unique_pair_accepted_points_le_1km_no_collision_no_duplicate_year; shared exact GeoKLADR source may support identity with zero count but outlier ratios held,research_rebuild/evidence/coordinate_proximity_audit_20261005/new_component_compatible_pairs_within1km.csv,checked_rule_accepted
2002:067_7363c80f41_02c_Krasnojarski_lraj.xls:Sheet1:1139,2002,2010:008_342f3c208b_16._20Сиб_ФО_2010.xls:Sib:2506,2010,same_place,Приангарский,посёлок,красноярский,2.0,0.0,,not_assessed_by_identity_rule,0.0,True,exact_name_type_region_unique_pair_accepted_points_le_1km_no_collision_no_duplicate_year; shared exact GeoKLADR source may support identity with zero count but outlier ratios held,research_rebuild/evidence/coordinate_proximity_audit_20261005/new_component_compatible_pairs_within1km.csv,checked_rule_accepted
2002:067_7363c80f41_02c_Krasnojarski_lraj.xls:Sheet1:1145,2002,2010:008_342f3c208b_16._20Сиб_ФО_2010.xls:Sib:2509,2010,same_place,Усольцева,деревня,красноярский,8.0,0.0,,not_assessed_by_identity_rule,0.0,True,exact_name_type_region_unique_pair_accepted_points_le_1km_no_collision_no_duplicate_year; shared exact GeoKLADR source may support identity with zero count but outlier ratios held,research_rebuild/evidence/coordinate_proximity_audit_20261005/new_component_compatible_pairs_within1km.csv,checked_rule_accepted
2002:067_7363c80f41_02c_Krasnojarski_lraj.xls:Sheet1:1561,2002,2010:008_342f3c208b_16._20Сиб_ФО_2010.xls:Sib:2833,2010,same_place,Ревучий,посёлок,красноярский,4.0,0.0,,not_assessed_by_identity_rule,0.0,True,exact_name_type_region_unique_pair_accepted_points_le_1km_no_collision_no_duplicate_year; shared exact GeoKLADR source may support identity with zero count but outlier ratios held,research_rebuild/evidence/coordinate_proximity_audit_20261005/new_component_compatible_pairs_within1km.csv,checked_rule_accepted
2002:067_7363c80f41_02c_Krasnojarski_lraj.xls:Sheet1:1578,2002,2010:008_342f3c208b_16._20Сиб_ФО_2010.xls:Sib:2846,2010,same_place,Новый Локатуй,деревня,красноярский,2.0,0.0,,not_assessed_by_identity_rule,0.0,True,exact_name_type_region_unique_pair_accepted_points_le_1km_no_collision_no_duplicate_year; shared exact GeoKLADR source may support identity with zero count but outlier ratios held,research_rebuild/evidence/coordinate_proximity_audit_20261005/new_component_compatible_pairs_within1km.csv,checked_rule_accepted
2002:067_7363c80f41_02c_Krasnojarski_lraj.xls:Sheet1:1592,2002,2010:008_342f3c208b_16._20Сиб_ФО_2010.xls:Sib:2859,2010,same_place,Нововоздвиженка,деревня,красноярский,0.0,0.0,,not_assessed_by_identity_rule,0.0,True,exact_name_type_region_unique_pair_accepted_points_le_1km_no_collision_no_duplicate_year; shared exact GeoKLADR source may support identity with zero count but outlier ratios held,research_rebuild/evidence/coordinate_proximity_audit_20261005/new_component_compatible_pairs_within1km.csv,checked_rule_accepted
2002:067_7363c80f41_02c_Krasnojarski_lraj.xls:Sheet1:1598,2002,2010:008_342f3c208b_16._20Сиб_ФО_2010.xls:Sib:2864,2010,same_place,Листвиничный,посёлок,красноярский,0.0,0.0,,not_assessed_by_identity_rule,0.0,True,exact_name_type_region_unique_pair_accepted_points_le_1km_no_collision_no_duplicate_year; shared exact GeoKLADR source may support identity with zero count but outlier ratios held,research_rebuild/evidence/coordinate_proximity_audit_20261005/new_component_compatible_pairs_within1km.csv,checked_rule_accepted
2002:067_7363c80f41_02c_Krasnojarski_lraj.xls:Sheet1:1703,2002,2010:008_342f3c208b_16._20Сиб_ФО_2010.xls:Sib:2935,2010,same_place,Новый Сатыш,деревня,красноярский,11.0,0.0,,not_assessed_by_identity_rule,0.0,True,exact_name_type_region_unique_pair_accepted_points_le_1km_no_collision_no_duplicate_year; shared exact GeoKLADR source may support identity with zero count but outlier ratios held,research_rebuild/evidence/coordinate_proximity_audit_20261005/new_component_compatible_pairs_within1km.csv,checked_rule_accepted
2002:067_7363c80f41_02c_Krasnojarski_lraj.xls:Sheet1:1805,2002,2010:008_342f3c208b_16._20Сиб_ФО_2010.xls:Sib:3011,2010,same_place,Овражная,деревня,красноярский,5.0,0.0,,not_assessed_by_identity_rule,0.0,True,exact_name_type_region_unique_pair_accepted_points_le_1km_no_collision_no_duplicate_year; shared exact GeoKLADR source may support identity with zero count but outlier ratios held,research_rebuild/evidence/coordinate_proximity_audit_20261005/new_component_compatible_pairs_within1km.csv,checked_rule_accepted
2002:067_7363c80f41_02c_Krasnojarski_lraj.xls:Sheet1:1817,2002,2010:008_342f3c208b_16._20Сиб_ФО_2010.xls:Sib:3020,2010,same_place,Сибиряк,посёлок,красноярский,1.0,0.0,,not_assessed_by_identity_rule,0.0,True,exact_name_type_region_unique_pair_accepted_points_le_1km_no_collision_no_duplicate_year; shared exact GeoKLADR source may support identity with zero count but outlier ratios held,research_rebuild/evidence/coordinate_proximity_audit_20261005/new_component_compatible_pairs_within1km.csv,checked_rule_accepted
2002:067_7363c80f41_02c_Krasnojarski_lraj.xls:Sheet1:1867,2002,2010:008_342f3c208b_16._20Сиб_ФО_2010.xls:Sib:3053,2010,same_place,Верхний Агашул,деревня,красноярский,19.0,0.0,,not_assessed_by_identity_rule,0.0,True,exact_name_type_region_unique_pair_accepted_points_le_1km_no_collision_no_duplicate_year; shared exact GeoKLADR source may support identity with zero count but outlier ratios held,research_rebuild/evidence/coordinate_proximity_audit_20261005/new_component_compatible_pairs_within1km.csv,checked_rule_accepted
2002:067_7363c80f41_02c_Krasnojarski_lraj.xls:Sheet1:1874,2002,2010:008_342f3c208b_16._20Сиб_ФО_2010.xls:Sib:3066,2010,same_place,Суворовский,посёлок,красноярский,57.0,0.0,,not_assessed_by_identity_rule,0.0,True,exact_name_type_region_unique_pair_accepted_points_le_1km_no_collision_no_duplicate_year; shared exact GeoKLADR source may support identity with zero count but outlier ratios held,research_rebuild/evidence/coordinate_proximity_audit_20261005/new_component_compatible_pairs_within1km.csv,checked_rule_accepted
2002:067_7363c80f41_02c_Krasnojarski_lraj.xls:Sheet1:1963,2002,2010:008_342f3c208b_16._20Сиб_ФО_2010.xls:Sib:3121,2010,same_place,Глинная,деревня,красноярский,4.0,0.0,,not_assessed_by_identity_rule,0.0,True,exact_name_type_region_unique_pair_accepted_points_le_1km_no_collision_no_duplicate_year; shared exact GeoKLADR source may support identity with zero count but outlier ratios held,research_rebuild/evidence/coordinate_proximity_audit_20261005/new_component_compatible_pairs_within1km.csv,checked_rule_accepted
2002:067_7363c80f41_02c_Krasnojarski_lraj.xls:Sheet1:2054,2002,2010:008_342f3c208b_16._20Сиб_ФО_2010.xls:Sib:3182,2010,same_place,Изотово,посёлок,красноярский,0.0,0.0,,not_assessed_by_identity_rule,0.0,True,exact_name_type_region_unique_pair_accepted_points_le_1km_no_collision_no_duplicate_year; shared exact GeoKLADR source may support identity with zero count but outlier ratios held,research_rebuild/evidence/coordinate_proximity_audit_20261005/new_component_compatible_pairs_within1km.csv,checked_rule_accepted
2002:067_7363c80f41_02c_Krasnojarski_lraj.xls:Sheet1:265,2002,2010:008_342f3c208b_16._20Сиб_ФО_2010.xls:Sib:1875,2010,same_place,Угол Покровки,деревня,красноярский,0.0,0.0,,not_assessed_by_identity_rule,0.0,True,exact_name_type_region_unique_pair_accepted_points_le_1km_no_collision_no_duplicate_year; shared exact GeoKLADR source may support identity with zero count but outlier ratios held,research_rebuild/evidence/coordinate_proximity_audit_20261005/new_component_compatible_pairs_within1km.csv,checked_rule_accepted
2002:067_7363c80f41_02c_Krasnojarski_lraj.xls:Sheet1:681,2002,2010:008_342f3c208b_16._20Сиб_ФО_2010.xls:Sib:2188,2010,same_place,Верхнебельск,посёлок,красноярский,0.0,0.0,,not_assessed_by_identity_rule,0.0,True,exact_name_type_region_unique_pair_accepted_points_le_1km_no_collision_no_duplicate_year; shared exact GeoKLADR source may support identity with zero count but outlier ratios held,research_rebuild/evidence/coordinate_proximity_audit_20261005/new_component_compatible_pairs_within1km.csv,checked_rule_accepted
2002:067_7363c80f41_02c_Krasnojarski_lraj.xls:Sheet1:695,2002,2010:008_342f3c208b_16._20Сиб_ФО_2010.xls:Sib:2198,2010,same_place,Верхнекемское,деревня,красноярский,3.0,0.0,,not_assessed_by_identity_rule,0.0,True,exact_name_type_region_unique_pair_accepted_points_le_1km_no_collision_no_duplicate_year; shared exact GeoKLADR source may support identity with zero count but outlier ratios held,research_rebuild/evidence/coordinate_proximity_audit_20261005/new_component_compatible_pairs_within1km.csv,checked_rule_accepted
2002:067_7363c80f41_02c_Krasnojarski_lraj.xls:Sheet1:81,2002,2010:008_342f3c208b_16._20Сиб_ФО_2010.xls:Sib:1726,2010,same_place,Шигашет,деревня,красноярский,0.0,0.0,,not_assessed_by_identity_rule,0.0,True,exact_name_type_region_unique_pair_accepted_points_le_1km_no_collision_no_duplicate_year; shared exact GeoKLADR source may support identity with zero count but outlier ratios held,research_rebuild/evidence/coordinate_proximity_audit_20261005/new_component_compatible_pairs_within1km.csv,checked_rule_accepted
2002:069_232b58290f_02c_Evenkia-2002.xls:Sheet1:20,2002,2010:008_342f3c208b_16._20Сиб_ФО_2010.xls:Sib:1661,2010,same_place,Таимба,посёлок,красноярский,0.0,0.0,,not_assessed_by_identity_rule,0.0,True,exact_name_type_region_unique_pair_accepted_points_le_1km_no_collision_no_duplicate_year; shared exact GeoKLADR source may support identity with zero count but outlier ratios held,research_rebuild/evidence/coordinate_proximity_audit_20261005/new_component_compatible_pairs_within1km.csv,checked_rule_accepted
2002:070_48ec6f4a77_Irkut_obl_new.xls:Sheet1:1062,2002,2010:008_342f3c208b_16._20Сиб_ФО_2010.xls:Sib:4510,2010,same_place,Брусово,посёлок,иркутская,445.0,0.0,,not_assessed_by_identity_rule,0.0,True,exact_name_type_region_unique_pair_accepted_points_le_1km_no_collision_no_duplicate_year; shared exact GeoKLADR source may support identity with zero count but outlier ratios held,research_rebuild/evidence/coordinate_proximity_audit_20261005/new_component_compatible_pairs_within1km.csv,checked_rule_accepted
2002:070_48ec6f4a77_Irkut_obl_new.xls:Sheet1:1340,2002,2010:008_342f3c208b_16._20Сиб_ФО_2010.xls:Sib:4716,2010,same_place,Ягаты,посёлок,иркутская,2.0,0.0,,not_assessed_by_identity_rule,0.0,True,exact_name_type_region_unique_pair_accepted_points_le_1km_no_collision_no_duplicate_year; shared exact GeoKLADR source may support identity with zero count but outlier ratios held,research_rebuild/evidence/coordinate_proximity_audit_20261005/new_component_compatible_pairs_within1km.csv,checked_rule_accepted
2002:070_48ec6f4a77_Irkut_obl_new.xls:Sheet1:1377,2002,2010:008_342f3c208b_16._20Сиб_ФО_2010.xls:Sib:4739,2010,same_place,Глухова,деревня,иркутская,21.0,0.0,,not_assessed_by_identity_rule,0.0,True,exact_name_type_region_unique_pair_accepted_points_le_1km_no_collision_no_duplicate_year; shared exact GeoKLADR source may support identity with zero count but outlier ratios held,research_rebuild/evidence/coordinate_proximity_audit_20261005/new_component_compatible_pairs_within1km.csv,checked_rule_accepted
2002:070_48ec6f4a77_Irkut_obl_new.xls:Sheet1:1380,2002,2010:008_342f3c208b_16._20Сиб_ФО_2010.xls:Sib:4742,2010,same_place,Назарово,село,иркутская,5.0,0.0,,not_assessed_by_identity_rule,0.0,True,exact_name_type_region_unique_pair_accepted_points_le_1km_no_collision_no_duplicate_year; shared exact GeoKLADR source may support identity with zero count but outlier ratios held,research_rebuild/evidence/coordinate_proximity_audit_20261005/new_component_compatible_pairs_within1km.csv,checked_rule_accepted
2002:070_48ec6f4a77_Irkut_obl_new.xls:Sheet1:1381,2002,2010:008_342f3c208b_16._20Сиб_ФО_2010.xls:Sib:4743,2010,same_place,Тира,деревня,иркутская,4.0,0.0,,not_assessed_by_identity_rule,0.0,True,exact_name_type_region_unique_pair_accepted_points_le_1km_no_collision_no_duplicate_year; shared exact GeoKLADR source may support identity with zero count but outlier ratios held,research_rebuild/evidence/coordinate_proximity_audit_20261005/new_component_compatible_pairs_within1km.csv,checked_rule_accepted
2002:070_48ec6f4a77_Irkut_obl_new.xls:Sheet1:1390,2002,2010:008_342f3c208b_16._20Сиб_ФО_2010.xls:Sib:4749,2010,same_place,Басово,деревня,иркутская,0.0,0.0,,not_assessed_by_identity_rule,0.0,True,exact_name_type_region_unique_pair_accepted_points_le_1km_no_collision_no_duplicate_year; shared exact GeoKLADR source may support identity with zero count but outlier ratios held,research_rebuild/evidence/coordinate_proximity_audit_20261005/new_component_compatible_pairs_within1km.csv,checked_rule_accepted
2002:070_48ec6f4a77_Irkut_obl_new.xls:Sheet1:1554,2002,2010:008_342f3c208b_16._20Сиб_ФО_2010.xls:Sib:4875,2010,same_place,Новый Кутугун,деревня,иркутская,15.0,0.0,,not_assessed_by_identity_rule,0.0,True,exact_name_type_region_unique_pair_accepted_points_le_1km_no_collision_no_duplicate_year; shared exact GeoKLADR source may support identity with zero count but outlier ratios held,research_rebuild/evidence/coordinate_proximity_audit_20261005/new_component_compatible_pairs_within1km.csv,checked_rule_accepted
2002:070_48ec6f4a77_Irkut_obl_new.xls:Sheet1:470,2002,2010:008_342f3c208b_16._20Сиб_ФО_2010.xls:Sib:4067,2010,same_place,Умбелла,посёлок,иркутская,21.0,0.0,,not_assessed_by_identity_rule,0.0,True,exact_name_type_region_unique_pair_accepted_points_le_1km_no_collision_no_duplicate_year; shared exact GeoKLADR source may support identity with zero count but outlier ratios held,research_rebuild/evidence/coordinate_proximity_audit_20261005/new_component_compatible_pairs_within1km.csv,checked_rule_accepted
2002:070_48ec6f4a77_Irkut_obl_new.xls:Sheet1:719,2002,2010:008_342f3c208b_16._20Сиб_ФО_2010.xls:Sib:4243,2010,same_place,Малый Кашелак,деревня,иркутская,4.0,0.0,,not_assessed_by_identity_rule,0.0,True,exact_name_type_region_unique_pair_accepted_points_le_1km_no_collision_no_duplicate_year; shared exact GeoKLADR source may support identity with zero count but outlier ratios held,research_rebuild/evidence/coordinate_proximity_audit_20261005/new_component_compatible_pairs_within1km.csv,checked_rule_accepted
2002:070_48ec6f4a77_Irkut_obl_new.xls:Sheet1:759,2002,2010:008_342f3c208b_16._20Сиб_ФО_2010.xls:Sib:4274,2010,same_place,Хайрюзовка,посёлок,иркутская,2.0,0.0,,not_assessed_by_identity_rule,0.0,True,exact_name_type_region_unique_pair_accepted_points_le_1km_no_collision_no_duplicate_year; shared exact GeoKLADR source may support identity with zero count but outlier ratios held,research_rebuild/evidence/coordinate_proximity_audit_20261005/new_component_compatible_pairs_within1km.csv,checked_rule_accepted
2002:070_48ec6f4a77_Irkut_obl_new.xls:Sheet1:804,2002,2010:008_342f3c208b_16._20Сиб_ФО_2010.xls:Sib:4309,2010,same_place,Садки,деревня,иркутская,5.0,0.0,,not_assessed_by_identity_rule,0.0,True,exact_name_type_region_unique_pair_accepted_points_le_1km_no_collision_no_duplicate_year; shared exact GeoKLADR source may support identity with zero count but outlier ratios held,research_rebuild/evidence/coordinate_proximity_audit_20261005/new_component_compatible_pairs_within1km.csv,checked_rule_accepted
2002:070_48ec6f4a77_Irkut_obl_new.xls:Sheet1:805,2002,2010:008_342f3c208b_16._20Сиб_ФО_2010.xls:Sib:4310,2010,same_place,Рысья,деревня,иркутская,0.0,0.0,,not_assessed_by_identity_rule,0.0,True,exact_name_type_region_unique_pair_accepted_points_le_1km_no_collision_no_duplicate_year; shared exact GeoKLADR source may support identity with zero count but outlier ratios held,research_rebuild/evidence/coordinate_proximity_audit_20261005/new_component_compatible_pairs_within1km.csv,checked_rule_accepted
2002:071_a3fee31a3e_Ust-Ordynsky.xls:Sheet1:23,2002,2010:008_342f3c208b_16._20Сиб_ФО_2010.xls:Sib:3408,2010,same_place,Большеусовская,деревня,иркутская,1.0,0.0,,not_assessed_by_identity_rule,0.0,True,exact_name_type_region_unique_pair_accepted_points_le_1km_no_collision_no_duplicate_year; shared exact GeoKLADR source may support identity with zero count but outlier ratios held,research_rebuild/evidence/coordinate_proximity_audit_20261005/new_component_compatible_pairs_within1km.csv,checked_rule_accepted
2002:071_a3fee31a3e_Ust-Ordynsky.xls:Sheet1:483,2002,2010:008_342f3c208b_16._20Сиб_ФО_2010.xls:Sib:3718,2010,same_place,Светлый,деревня,иркутская,0.0,0.0,,not_assessed_by_identity_rule,0.0,True,exact_name_type_region_unique_pair_accepted_points_le_1km_no_collision_no_duplicate_year; shared exact GeoKLADR source may support identity with zero count but outlier ratios held,research_rebuild/evidence/coordinate_proximity_audit_20261005/new_component_compatible_pairs_within1km.csv,checked_rule_accepted
2002:072_970adef884_Kemerov_obl_new.xls:Sheet1:1157,2002,2010:008_342f3c208b_16._20Сиб_ФО_2010.xls:Sib:5793,2010,same_place,Самсоновка,деревня,кемеровская,12.0,0.0,,not_assessed_by_identity_rule,0.0,True,exact_name_type_region_unique_pair_accepted_points_le_1km_no_collision_no_duplicate_year; shared exact GeoKLADR source may support identity with zero count but outlier ratios held,research_rebuild/evidence/coordinate_proximity_audit_20261005/new_component_compatible_pairs_within1km.csv,checked_rule_accepted
2002:072_970adef884_Kemerov_obl_new.xls:Sheet1:1191,2002,2010:008_342f3c208b_16._20Сиб_ФО_2010.xls:Sib:5821,2010,same_place,Красинский,посёлок,кемеровская,8.0,0.0,,not_assessed_by_identity_rule,0.0,True,exact_name_type_region_unique_pair_accepted_points_le_1km_no_collision_no_duplicate_year; shared exact GeoKLADR source may support identity with zero count but outlier ratios held,research_rebuild/evidence/coordinate_proximity_audit_20261005/new_component_compatible_pairs_within1km.csv,checked_rule_accepted
2002:072_970adef884_Kemerov_obl_new.xls:Sheet1:539,2002,2010:008_342f3c208b_16._20Сиб_ФО_2010.xls:Sib:5312,2010,same_place,Большой Ортон,посёлок,кемеровская,1.0,0.0,,not_assessed_by_identity_rule,0.0,True,exact_name_type_region_unique_pair_accepted_points_le_1km_no_collision_no_duplicate_year; shared exact GeoKLADR source may support identity with zero count but outlier ratios held,research_rebuild/evidence/coordinate_proximity_audit_20261005/new_component_compatible_pairs_within1km.csv,checked_rule_accepted
2002:072_970adef884_Kemerov_obl_new.xls:Sheet1:541,2002,2010:008_342f3c208b_16._20Сиб_ФО_2010.xls:Sib:5314,2010,same_place,Новый Базас,посёлок,кемеровская,76.0,0.0,,not_assessed_by_identity_rule,0.0,True,exact_name_type_region_unique_pair_accepted_points_le_1km_no_collision_no_duplicate_year; shared exact GeoKLADR source may support identity with zero count but outlier ratios held,research_rebuild/evidence/coordinate_proximity_audit_20261005/new_component_compatible_pairs_within1km.csv,checked_rule_accepted
2002:072_970adef884_Kemerov_obl_new.xls:Sheet1:887,2002,2010:008_342f3c208b_16._20Сиб_ФО_2010.xls:Sib:5578,2010,same_place,168 км,посёлок,кемеровская,2.0,0.0,,not_assessed_by_identity_rule,0.0,True,exact_name_type_region_unique_pair_accepted_points_le_1km_no_collision_no_duplicate_year; shared exact GeoKLADR source may support identity with zero count but outlier ratios held,research_rebuild/evidence/coordinate_proximity_audit_20261005/new_component_compatible_pairs_within1km.csv,checked_rule_accepted
2002:073_f153ba2c6b_Novosib.xls:Sheet1:1048,2002,2010:008_342f3c208b_16._20Сиб_ФО_2010.xls:Sib:6845,2010,same_place,Питомник,посёлок,новосибирская,22.0,0.0,,not_assessed_by_identity_rule,0.0,True,exact_name_type_region_unique_pair_accepted_points_le_1km_no_collision_no_duplicate_year; shared exact GeoKLADR source may support identity with zero count but outlier ratios held,research_rebuild/evidence/coordinate_proximity_audit_20261005/new_component_compatible_pairs_within1km.csv,checked_rule_accepted
2002:073_f153ba2c6b_Novosib.xls:Sheet1:1436,2002,2010:008_342f3c208b_16._20Сиб_ФО_2010.xls:Sib:7127,2010,same_place,Михеевка,деревня,новосибирская,0.0,0.0,,not_assessed_by_identity_rule,0.0,True,exact_name_type_region_unique_pair_accepted_points_le_1km_no_collision_no_duplicate_year; shared exact GeoKLADR source may support identity with zero count but outlier ratios held,research_rebuild/evidence/coordinate_proximity_audit_20261005/new_component_compatible_pairs_within1km.csv,checked_rule_accepted
2002:073_f153ba2c6b_Novosib.xls:Sheet1:1446,2002,2010:008_342f3c208b_16._20Сиб_ФО_2010.xls:Sib:7134,2010,same_place,Потюканово,село,новосибирская,0.0,0.0,,not_assessed_by_identity_rule,0.0,True,exact_name_type_region_unique_pair_accepted_points_le_1km_no_collision_no_duplicate_year; shared exact GeoKLADR source may support identity with zero count but outlier ratios held,research_rebuild/evidence/coordinate_proximity_audit_20261005/new_component_compatible_pairs_within1km.csv,checked_rule_accepted
2002:073_f153ba2c6b_Novosib.xls:Sheet1:1460,2002,2010:008_342f3c208b_16._20Сиб_ФО_2010.xls:Sib:7142,2010,same_place,Ивановка,посёлок,новосибирская,2.0,0.0,,not_assessed_by_identity_rule,0.0,True,exact_name_type_region_unique_pair_accepted_points_le_1km_no_collision_no_duplicate_year; shared exact GeoKLADR source may support identity with zero count but outlier ratios held,research_rebuild/evidence/coordinate_proximity_audit_20261005/new_component_compatible_pairs_within1km.csv,checked_rule_accepted
2002:073_f153ba2c6b_Novosib.xls:Sheet1:1692,2002,2010:008_342f3c208b_16._20Сиб_ФО_2010.xls:Sib:7316,2010,same_place,Казарма 113 км,посёлок,новосибирская,0.0,0.0,,not_assessed_by_identity_rule,0.0,True,exact_name_type_region_unique_pair_accepted_points_le_1km_no_collision_no_duplicate_year; shared exact GeoKLADR source may support identity with zero count but outlier ratios held,research_rebuild/evidence/coordinate_proximity_audit_20261005/new_component_compatible_pairs_within1km.csv,checked_rule_accepted
2002:073_f153ba2c6b_Novosib.xls:Sheet1:1764,2002,2010:008_342f3c208b_16._20Сиб_ФО_2010.xls:Sib:7371,2010,same_place,Блиновский,посёлок,новосибирская,30.0,0.0,,not_assessed_by_identity_rule,0.0,True,exact_name_type_region_unique_pair_accepted_points_le_1km_no_collision_no_duplicate_year; shared exact GeoKLADR source may support identity with zero count but outlier ratios held,research_rebuild/evidence/coordinate_proximity_audit_20261005/new_component_compatible_pairs_within1km.csv,checked_rule_accepted
2002:073_f153ba2c6b_Novosib.xls:Sheet1:1766,2002,2010:008_342f3c208b_16._20Сиб_ФО_2010.xls:Sib:7373,2010,same_place,Новоягодный,посёлок,новосибирская,25.0,0.0,,not_assessed_by_identity_rule,0.0,True,exact_name_type_region_unique_pair_accepted_points_le_1km_no_collision_no_duplicate_year; shared exact GeoKLADR source may support identity with zero count but outlier ratios held,research_rebuild/evidence/coordinate_proximity_audit_20261005/new_component_compatible_pairs_within1km.csv,checked_rule_accepted
2002:073_f153ba2c6b_Novosib.xls:Sheet1:189,2002,2010:008_342f3c208b_16._20Сиб_ФО_2010.xls:Sib:6226,2010,same_place,Новогеоргиевка,деревня,новосибирская,3.0,0.0,,not_assessed_by_identity_rule,0.0,True,exact_name_type_region_unique_pair_accepted_points_le_1km_no_collision_no_duplicate_year; shared exact GeoKLADR source may support identity with zero count but outlier ratios held,research_rebuild/evidence/coordinate_proximity_audit_20261005/new_component_compatible_pairs_within1km.csv,checked_rule_accepted
2002:073_f153ba2c6b_Novosib.xls:Sheet1:572,2002,2010:008_342f3c208b_16._20Сиб_ФО_2010.xls:Sib:6492,2010,same_place,Казарма 3144 км,посёлок,новосибирская,6.0,0.0,,not_assessed_by_identity_rule,0.0,True,exact_name_type_region_unique_pair_accepted_points_le_1km_no_collision_no_duplicate_year; shared exact GeoKLADR source may support identity with zero count but outlier ratios held,research_rebuild/evidence/coordinate_proximity_audit_20261005/new_component_compatible_pairs_within1km.csv,checked_rule_accepted
2002:073_f153ba2c6b_Novosib.xls:Sheet1:960,2002,2010:008_342f3c208b_16._20Сиб_ФО_2010.xls:Sib:6776,2010,same_place,Кайлы,посёлок,новосибирская,55.0,0.0,,not_assessed_by_identity_rule,0.0,True,exact_name_type_region_unique_pair_accepted_points_le_1km_no_collision_no_duplicate_year; shared exact GeoKLADR source may support identity with zero count but outlier ratios held,research_rebuild/evidence/coordinate_proximity_audit_20261005/new_component_compatible_pairs_within1km.csv,checked_rule_accepted
2002:074_44f6c88636_Omskaja.xls:Sheet1:1227,2002,2010:008_342f3c208b_16._20Сиб_ФО_2010.xls:Sib:8506,2010,same_place,Октябрьское,деревня,омская,26.0,0.0,,not_assessed_by_identity_rule,0.0,True,exact_name_type_region_unique_pair_accepted_points_le_1km_no_collision_no_duplicate_year; shared exact GeoKLADR source may support identity with zero count but outlier ratios held,research_rebuild/evidence/coordinate_proximity_audit_20261005/new_component_compatible_pairs_within1km.csv,checked_rule_accepted
2002:074_44f6c88636_Omskaja.xls:Sheet1:2059,2002,2010:008_342f3c208b_16._20Сиб_ФО_2010.xls:Sib:9045,2010,same_place,Нижний Тюляк,деревня,омская,0.0,0.0,,not_assessed_by_identity_rule,0.0,True,exact_name_type_region_unique_pair_accepted_points_le_1km_no_collision_no_duplicate_year; shared exact GeoKLADR source may support identity with zero count but outlier ratios held,research_rebuild/evidence/coordinate_proximity_audit_20261005/new_component_compatible_pairs_within1km.csv,checked_rule_accepted
2002:075_ad45d4f1e5_Tomskaya.xls:Sheet1:335,2002,2010:008_342f3c208b_16._20Сиб_ФО_2010.xls:Sib:9393,2010,same_place,Первомайка,деревня,томская,7.0,0.0,,not_assessed_by_identity_rule,0.0,True,exact_name_type_region_unique_pair_accepted_points_le_1km_no_collision_no_duplicate_year; shared exact GeoKLADR source may support identity with zero count but outlier ratios held,research_rebuild/evidence/coordinate_proximity_audit_20261005/new_component_compatible_pairs_within1km.csv,checked_rule_accepted
2002:075_ad45d4f1e5_Tomskaya.xls:Sheet1:393,2002,2010:008_342f3c208b_16._20Сиб_ФО_2010.xls:Sib:9436,2010,same_place,Ламеевка,деревня,томская,8.0,0.0,,not_assessed_by_identity_rule,0.0,True,exact_name_type_region_unique_pair_accepted_points_le_1km_no_collision_no_duplicate_year; shared exact GeoKLADR source may support identity with zero count but outlier ratios held,research_rebuild/evidence/coordinate_proximity_audit_20261005/new_component_compatible_pairs_within1km.csv,checked_rule_accepted
2002:075_ad45d4f1e5_Tomskaya.xls:Sheet1:444,2002,2010:008_342f3c208b_16._20Сиб_ФО_2010.xls:Sib:9477,2010,same_place,Комбарс,деревня,томская,1.0,0.0,,not_assessed_by_identity_rule,0.0,True,exact_name_type_region_unique_pair_accepted_points_le_1km_no_collision_no_duplicate_year; shared exact GeoKLADR source may support identity with zero count but outlier ratios held,research_rebuild/evidence/coordinate_proximity_audit_20261005/new_component_compatible_pairs_within1km.csv,checked_rule_accepted
2002:075_ad45d4f1e5_Tomskaya.xls:Sheet1:729,2002,2010:008_342f3c208b_16._20Сиб_ФО_2010.xls:Sib:9696,2010,same_place,Гвоздевка,деревня,томская,2.0,0.0,,not_assessed_by_identity_rule,0.0,True,exact_name_type_region_unique_pair_accepted_points_le_1km_no_collision_no_duplicate_year; shared exact GeoKLADR source may support identity with zero count but outlier ratios held,research_rebuild/evidence/coordinate_proximity_audit_20261005/new_component_compatible_pairs_within1km.csv,checked_rule_accepted
2002:078_8405ea8fce_Yakutia.xls:Sheet1:331,2002,2010:009_81f8a0e73c_17._20ДВ_ФО_2010.xls:ДВ:2375,2010,same_place,Сортол,село,саха якутия,0.0,0.0,,not_assessed_by_identity_rule,0.0,True,exact_name_type_region_unique_pair_accepted_points_le_1km_no_collision_no_duplicate_year; shared exact GeoKLADR source may support identity with zero count but outlier ratios held,research_rebuild/evidence/coordinate_proximity_audit_20261005/new_component_compatible_pairs_within1km.csv,checked_rule_accepted
2002:078_8405ea8fce_Yakutia.xls:Sheet1:357,2002,2010:009_81f8a0e73c_17._20ДВ_ФО_2010.xls:ДВ:2387,2010,same_place,Сеят,село,саха якутия,0.0,0.0,,not_assessed_by_identity_rule,0.0,True,exact_name_type_region_unique_pair_accepted_points_le_1km_no_collision_no_duplicate_year; shared exact GeoKLADR source may support identity with zero count but outlier ratios held,research_rebuild/evidence/coordinate_proximity_audit_20261005/new_component_compatible_pairs_within1km.csv,checked_rule_accepted
2002:079_983a1a85f7_Primor_krai_1.xls:Sheet1:248,2002,2010:009_81f8a0e73c_17._20ДВ_ФО_2010.xls:ДВ:137,2010,same_place,Зелёное,село,приморский,5.0,0.0,,not_assessed_by_identity_rule,0.0,True,exact_name_type_region_unique_pair_accepted_points_le_1km_no_collision_no_duplicate_year; shared exact GeoKLADR source may support identity with zero count but outlier ratios held,research_rebuild/evidence/coordinate_proximity_audit_20261005/new_component_compatible_pairs_within1km.csv,checked_rule_accepted
2002:081_6a22d6b5c5_Amur.xls:Sheet1:20,2002,2010:009_81f8a0e73c_17._20ДВ_ФО_2010.xls:ДВ:1510,2010,same_place,Новолиствянка,село,амурская,1.0,0.0,,not_assessed_by_identity_rule,0.0,True,exact_name_type_region_unique_pair_accepted_points_le_1km_no_collision_no_duplicate_year; shared exact GeoKLADR source may support identity with zero count but outlier ratios held,research_rebuild/evidence/coordinate_proximity_audit_20261005/new_component_compatible_pairs_within1km.csv,checked_rule_accepted
2002:082_4d8feed354_Kamchatka.xls:Sheet1:60,2002,2010:009_81f8a0e73c_17._20ДВ_ФО_2010.xls:ДВ:1821,2010,same_place,Кирганик,село,камчатский,0.0,0.0,,not_assessed_by_identity_rule,0.0,True,exact_name_type_region_unique_pair_accepted_points_le_1km_no_collision_no_duplicate_year; shared exact GeoKLADR source may support identity with zero count but outlier ratios held,research_rebuild/evidence/coordinate_proximity_audit_20261005/new_component_compatible_pairs_within1km.csv,checked_rule_accepted
2002:084_d31366f857_Magadan.xls:Sheet1:122,2002,2010:009_81f8a0e73c_17._20ДВ_ФО_2010.xls:ДВ:1908,2010,same_place,Буркот,посёлок,магаданская,0.0,0.0,,not_assessed_by_identity_rule,0.0,True,exact_name_type_region_unique_pair_accepted_points_le_1km_no_collision_no_duplicate_year; shared exact GeoKLADR source may support identity with zero count but outlier ratios held,research_rebuild/evidence/coordinate_proximity_audit_20261005/new_component_compatible_pairs_within1km.csv,checked_rule_accepted
2002:084_d31366f857_Magadan.xls:Sheet1:124,2002,2010:009_81f8a0e73c_17._20ДВ_ФО_2010.xls:ДВ:1909,2010,same_place,Яблоневый,посёлок,магаданская,0.0,0.0,,not_assessed_by_identity_rule,0.0,True,exact_name_type_region_unique_pair_accepted_points_le_1km_no_collision_no_duplicate_year; shared exact GeoKLADR source may support identity with zero count but outlier ratios held,research_rebuild/evidence/coordinate_proximity_audit_20261005/new_component_compatible_pairs_within1km.csv,checked_rule_accepted
2002:084_d31366f857_Magadan.xls:Sheet1:126,2002,2010:009_81f8a0e73c_17._20ДВ_ФО_2010.xls:ДВ:1910,2010,same_place,Поворотный,посёлок,магаданская,0.0,0.0,,not_assessed_by_identity_rule,0.0,True,exact_name_type_region_unique_pair_accepted_points_le_1km_no_collision_no_duplicate_year; shared exact GeoKLADR source may support identity with zero count but outlier ratios held,research_rebuild/evidence/coordinate_proximity_audit_20261005/new_component_compatible_pairs_within1km.csv,checked_rule_accepted
2002:084_d31366f857_Magadan.xls:Sheet1:130,2002,2010:009_81f8a0e73c_17._20ДВ_ФО_2010.xls:ДВ:1912,2010,same_place,Молочная,посёлок,магаданская,0.0,0.0,,not_assessed_by_identity_rule,0.0,True,exact_name_type_region_unique_pair_accepted_points_le_1km_no_collision_no_duplicate_year; shared exact GeoKLADR source may support identity with zero count but outlier ratios held,research_rebuild/evidence/coordinate_proximity_audit_20261005/new_component_compatible_pairs_within1km.csv,checked_rule_accepted
2002:084_d31366f857_Magadan.xls:Sheet1:131,2002,2010:009_81f8a0e73c_17._20ДВ_ФО_2010.xls:ДВ:1913,2010,same_place,Новая Армань,посёлок,магаданская,0.0,0.0,,not_assessed_by_identity_rule,0.0,True,exact_name_type_region_unique_pair_accepted_points_le_1km_no_collision_no_duplicate_year; shared exact GeoKLADR source may support identity with zero count but outlier ratios held,research_rebuild/evidence/coordinate_proximity_audit_20261005/new_component_compatible_pairs_within1km.csv,checked_rule_accepted
2002:084_d31366f857_Magadan.xls:Sheet1:154,2002,2010:009_81f8a0e73c_17._20ДВ_ФО_2010.xls:ДВ:1925,2010,same_place,Ларюковая,посёлок,магаданская,22.0,0.0,,not_assessed_by_identity_rule,0.0,True,exact_name_type_region_unique_pair_accepted_points_le_1km_no_collision_no_duplicate_year; shared exact GeoKLADR source may support identity with zero count but outlier ratios held,research_rebuild/evidence/coordinate_proximity_audit_20261005/new_component_compatible_pairs_within1km.csv,checked_rule_accepted
2002:084_d31366f857_Magadan.xls:Sheet1:54,2002,2010:009_81f8a0e73c_17._20ДВ_ФО_2010.xls:ДВ:1868,2010,same_place,Малая Чайбуха,посёлок,магаданская,0.0,0.0,,not_assessed_by_identity_rule,0.0,True,exact_name_type_region_unique_pair_accepted_points_le_1km_no_collision_no_duplicate_year; shared exact GeoKLADR source may support identity with zero count but outlier ratios held,research_rebuild/evidence/coordinate_proximity_audit_20261005/new_component_compatible_pairs_within1km.csv,checked_rule_accepted
