trajectory_id,current_source_record_id,latitude,longitude,point_origin_file,point_origin_sha256,point_origin_locator,point_ledger_path,point_scope
Q1049846,2021:data_allsettlements_anon_156_v20251217.parquet:parquet:144145,54.0522347,55.231545,/workspace/settlements-raw/data/interim/2021_tochno/data_allsettlements_anon_156_v20251217.parquet,86c197cd522e0b63669e9c6e7f43fd3d82b3704c6a126c800a9968ecd16cae14,"parquet_row_1based=144145;latitude_dadata,longitude_dadata",/workspace/settlements-work/continuation_20261004/accepted_graph25_bounded_cases_20261005/accepted_point_uses.parquet,accepted current ownrepresentative point; retrospective physical-place context
Q1050282,2021:data_allsettlements_anon_156_v20251217.parquet:parquet:144093,53.3856986,58.8433067,/workspace/settlements-raw/data/interim/2021_tochno/data_allsettlements_anon_156_v20251217.parquet,86c197cd522e0b63669e9c6e7f43fd3d82b3704c6a126c800a9968ecd16cae14,"parquet_row_1based=144093;latitude_dadata,longitude_dadata",/workspace/settlements-work/continuation_20261004/accepted_graph25_bounded_cases_20261005/accepted_point_uses.parquet,accepted current ownrepresentative point; retrospective physical-place context
Q1051066,2021:data_allsettlements_anon_156_v20251217.parquet:parquet:144477,54.2014762,55.9883028,/workspace/settlements-raw/data/interim/2021_tochno/data_allsettlements_anon_156_v20251217.parquet,86c197cd522e0b63669e9c6e7f43fd3d82b3704c6a126c800a9968ecd16cae14,"parquet_row_1based=144477;latitude_dadata,longitude_dadata",/workspace/settlements-work/continuation_20261004/accepted_graph25_bounded_cases_20261005/accepted_point_uses.parquet,accepted current ownrepresentative point; retrospective physical-place context
Q1051148,2021:data_allsettlements_anon_156_v20251217.parquet:parquet:144509,53.9448841,55.5192833,/workspace/settlements-raw/data/interim/2021_tochno/data_allsettlements_anon_156_v20251217.parquet,86c197cd522e0b63669e9c6e7f43fd3d82b3704c6a126c800a9968ecd16cae14,"parquet_row_1based=144509;latitude_dadata,longitude_dadata",/workspace/settlements-work/continuation_20261004/accepted_graph25_bounded_cases_20261005/accepted_point_uses.parquet,accepted current ownrepresentative point; retrospective physical-place context
Q1051318,2021:data_allsettlements_anon_156_v20251217.parquet:parquet:144329,54.5044261,56.5718347,/workspace/settlements-raw/data/interim/2021_tochno/data_allsettlements_anon_156_v20251217.parquet,86c197cd522e0b63669e9c6e7f43fd3d82b3704c6a126c800a9968ecd16cae14,"parquet_row_1based=144329;latitude_dadata,longitude_dadata",/workspace/settlements-work/continuation_20261004/accepted_graph25_bounded_cases_20261005/accepted_point_uses.parquet,accepted current ownrepresentative point; retrospective physical-place context
Q1051486,2021:data_allsettlements_anon_156_v20251217.parquet:parquet:144456,54.0203173,55.9693603,/workspace/settlements-raw/data/interim/2021_tochno/data_allsettlements_anon_156_v20251217.parquet,86c197cd522e0b63669e9c6e7f43fd3d82b3704c6a126c800a9968ecd16cae14,"parquet_row_1based=144456;latitude_dadata,longitude_dadata",/workspace/settlements-work/continuation_20261004/accepted_graph25_bounded_cases_20261005/accepted_point_uses.parquet,accepted current ownrepresentative point; retrospective physical-place context
Q1051744,2021:data_allsettlements_anon_156_v20251217.parquet:parquet:144459,54.0429496,55.9983195,/workspace/settlements-raw/data/interim/2021_tochno/data_allsettlements_anon_156_v20251217.parquet,86c197cd522e0b63669e9c6e7f43fd3d82b3704c6a126c800a9968ecd16cae14,"parquet_row_1based=144459;latitude_dadata,longitude_dadata",/workspace/settlements-work/continuation_20261004/accepted_graph25_bounded_cases_20261005/accepted_point_uses.parquet,accepted current ownrepresentative point; retrospective physical-place context
Q1052649,2021:data_allsettlements_anon_156_v20251217.parquet:parquet:144624,52.3445724,58.6189912,/workspace/settlements-raw/data/interim/2021_tochno/data_allsettlements_anon_156_v20251217.parquet,86c197cd522e0b63669e9c6e7f43fd3d82b3704c6a126c800a9968ecd16cae14,"parquet_row_1based=144624;latitude_dadata,longitude_dadata",/workspace/settlements-work/continuation_20261004/accepted_graph25_bounded_cases_20261005/accepted_point_uses.parquet,accepted current ownrepresentative point; retrospective physical-place context
Q1052662,2021:data_allsettlements_anon_156_v20251217.parquet:parquet:144748,55.1907168,53.5566525,/workspace/settlements-raw/data/interim/2021_tochno/data_allsettlements_anon_156_v20251217.parquet,86c197cd522e0b63669e9c6e7f43fd3d82b3704c6a126c800a9968ecd16cae14,"parquet_row_1based=144748;latitude_dadata,longitude_dadata",/workspace/settlements-work/continuation_20261004/accepted_graph25_bounded_cases_20261005/accepted_point_uses.parquet,accepted current ownrepresentative point; retrospective physical-place context
Q1053101,2021:data_allsettlements_anon_156_v20251217.parquet:parquet:144632,52.6274348,57.9706869,/workspace/settlements-raw/data/interim/2021_tochno/data_allsettlements_anon_156_v20251217.parquet,86c197cd522e0b63669e9c6e7f43fd3d82b3704c6a126c800a9968ecd16cae14,"parquet_row_1based=144632;latitude_dadata,longitude_dadata",/workspace/settlements-work/continuation_20261004/accepted_graph25_bounded_cases_20261005/accepted_point_uses.parquet,accepted current ownrepresentative point; retrospective physical-place context
Q1053498,2021:data_allsettlements_anon_156_v20251217.parquet:parquet:144668,52.6826291,58.3166779,/workspace/settlements-raw/data/interim/2021_tochno/data_allsettlements_anon_156_v20251217.parquet,86c197cd522e0b63669e9c6e7f43fd3d82b3704c6a126c800a9968ecd16cae14,"parquet_row_1based=144668;latitude_dadata,longitude_dadata",/workspace/settlements-work/continuation_20261004/accepted_graph25_bounded_cases_20261005/accepted_point_uses.parquet,accepted current ownrepresentative point; retrospective physical-place context
Q1053641,2021:data_allsettlements_anon_156_v20251217.parquet:parquet:144933,54.033748,54.1595812,/workspace/settlements-raw/data/interim/2021_tochno/data_allsettlements_anon_156_v20251217.parquet,86c197cd522e0b63669e9c6e7f43fd3d82b3704c6a126c800a9968ecd16cae14,"parquet_row_1based=144933;latitude_dadata,longitude_dadata",/workspace/settlements-work/continuation_20261004/accepted_graph25_bounded_cases_20261005/accepted_point_uses.parquet,accepted current ownrepresentative point; retrospective physical-place context
Q1053669,2021:data_allsettlements_anon_156_v20251217.parquet:parquet:144932,54.0214794,54.1489436,/workspace/settlements-raw/data/interim/2021_tochno/data_allsettlements_anon_156_v20251217.parquet,86c197cd522e0b63669e9c6e7f43fd3d82b3704c6a126c800a9968ecd16cae14,"parquet_row_1based=144932;latitude_dadata,longitude_dadata",/workspace/settlements-work/continuation_20261004/accepted_graph25_bounded_cases_20261005/accepted_point_uses.parquet,accepted current ownrepresentative point; retrospective physical-place context
Q1054446,2021:data_allsettlements_anon_156_v20251217.parquet:parquet:144834,55.8421714,56.0728763,/workspace/settlements-raw/data/interim/2021_tochno/data_allsettlements_anon_156_v20251217.parquet,86c197cd522e0b63669e9c6e7f43fd3d82b3704c6a126c800a9968ecd16cae14,"parquet_row_1based=144834;latitude_dadata,longitude_dadata",/workspace/settlements-work/continuation_20261004/accepted_graph25_bounded_cases_20261005/accepted_point_uses.parquet,accepted current ownrepresentative point; retrospective physical-place context
Q1054524,2021:data_allsettlements_anon_156_v20251217.parquet:parquet:145036,55.6206728,59.0099566,/workspace/settlements-raw/data/interim/2021_tochno/data_allsettlements_anon_156_v20251217.parquet,86c197cd522e0b63669e9c6e7f43fd3d82b3704c6a126c800a9968ecd16cae14,"parquet_row_1based=145036;latitude_dadata,longitude_dadata",/workspace/settlements-work/continuation_20261004/accepted_graph25_bounded_cases_20261005/accepted_point_uses.parquet,accepted current ownrepresentative point; retrospective physical-place context
Q1054762,2021:data_allsettlements_anon_156_v20251217.parquet:parquet:145244,53.4175766,54.1522875,/workspace/settlements-raw/data/interim/2021_tochno/data_allsettlements_anon_156_v20251217.parquet,86c197cd522e0b63669e9c6e7f43fd3d82b3704c6a126c800a9968ecd16cae14,"parquet_row_1based=145244;latitude_dadata,longitude_dadata",/workspace/settlements-work/continuation_20261004/accepted_graph25_bounded_cases_20261005/accepted_point_uses.parquet,accepted current ownrepresentative point; retrospective physical-place context
Q1055203,2021:data_allsettlements_anon_156_v20251217.parquet:parquet:145172,54.2263695,58.6724461,/workspace/settlements-raw/data/interim/2021_tochno/data_allsettlements_anon_156_v20251217.parquet,86c197cd522e0b63669e9c6e7f43fd3d82b3704c6a126c800a9968ecd16cae14,"parquet_row_1based=145172;latitude_dadata,longitude_dadata",/workspace/settlements-work/continuation_20261004/accepted_graph25_bounded_cases_20261005/accepted_point_uses.parquet,accepted current ownrepresentative point; retrospective physical-place context
Q1055275,2021:data_allsettlements_anon_156_v20251217.parquet:parquet:145157,53.9316451,57.9187626,/workspace/settlements-raw/data/interim/2021_tochno/data_allsettlements_anon_156_v20251217.parquet,86c197cd522e0b63669e9c6e7f43fd3d82b3704c6a126c800a9968ecd16cae14,"parquet_row_1based=145157;latitude_dadata,longitude_dadata",/workspace/settlements-work/continuation_20261004/accepted_graph25_bounded_cases_20261005/accepted_point_uses.parquet,accepted current ownrepresentative point; retrospective physical-place context
Q1055334,2021:data_allsettlements_anon_156_v20251217.parquet:parquet:145179,54.082376,58.4787117,/workspace/settlements-raw/data/interim/2021_tochno/data_allsettlements_anon_156_v20251217.parquet,86c197cd522e0b63669e9c6e7f43fd3d82b3704c6a126c800a9968ecd16cae14,"parquet_row_1based=145179;latitude_dadata,longitude_dadata",/workspace/settlements-work/continuation_20261004/accepted_graph25_bounded_cases_20261005/accepted_point_uses.parquet,accepted current ownrepresentative point; retrospective physical-place context
Q1055682,2021:data_allsettlements_anon_156_v20251217.parquet:parquet:145100,53.9764952,58.568774,/workspace/settlements-raw/data/interim/2021_tochno/data_allsettlements_anon_156_v20251217.parquet,86c197cd522e0b63669e9c6e7f43fd3d82b3704c6a126c800a9968ecd16cae14,"parquet_row_1based=145100;latitude_dadata,longitude_dadata",/workspace/settlements-work/continuation_20261004/accepted_graph25_bounded_cases_20261005/accepted_point_uses.parquet,accepted current ownrepresentative point; retrospective physical-place context
Q1055719,2021:data_allsettlements_anon_156_v20251217.parquet:parquet:145184,53.8923761,58.1535638,/workspace/settlements-raw/data/interim/2021_tochno/data_allsettlements_anon_156_v20251217.parquet,86c197cd522e0b63669e9c6e7f43fd3d82b3704c6a126c800a9968ecd16cae14,"parquet_row_1based=145184;latitude_dadata,longitude_dadata",/workspace/settlements-work/continuation_20261004/accepted_graph25_bounded_cases_20261005/accepted_point_uses.parquet,accepted current ownrepresentative point; retrospective physical-place context
Q1055938,2021:data_allsettlements_anon_156_v20251217.parquet:parquet:145102,53.8973963,58.5960493,/workspace/settlements-raw/data/interim/2021_tochno/data_allsettlements_anon_156_v20251217.parquet,86c197cd522e0b63669e9c6e7f43fd3d82b3704c6a126c800a9968ecd16cae14,"parquet_row_1based=145102;latitude_dadata,longitude_dadata",/workspace/settlements-work/continuation_20261004/accepted_graph25_bounded_cases_20261005/accepted_point_uses.parquet,accepted current ownrepresentative point; retrospective physical-place context
Q1055951,2021:data_allsettlements_anon_156_v20251217.parquet:parquet:145190,53.8665565,58.2682583,/workspace/settlements-raw/data/interim/2021_tochno/data_allsettlements_anon_156_v20251217.parquet,86c197cd522e0b63669e9c6e7f43fd3d82b3704c6a126c800a9968ecd16cae14,"parquet_row_1based=145190;latitude_dadata,longitude_dadata",/workspace/settlements-work/continuation_20261004/accepted_graph25_bounded_cases_20261005/accepted_point_uses.parquet,accepted current ownrepresentative point; retrospective physical-place context
Q1056280,2021:data_allsettlements_anon_156_v20251217.parquet:parquet:145348,55.2304708,55.7587991,/workspace/settlements-raw/data/interim/2021_tochno/data_allsettlements_anon_156_v20251217.parquet,86c197cd522e0b63669e9c6e7f43fd3d82b3704c6a126c800a9968ecd16cae14,"parquet_row_1based=145348;latitude_dadata,longitude_dadata",/workspace/settlements-work/continuation_20261004/accepted_graph25_bounded_cases_20261005/accepted_point_uses.parquet,accepted current ownrepresentative point; retrospective physical-place context
Q1056614,2021:data_allsettlements_anon_156_v20251217.parquet:parquet:145309,53.7685709,53.9293785,/workspace/settlements-raw/data/interim/2021_tochno/data_allsettlements_anon_156_v20251217.parquet,86c197cd522e0b63669e9c6e7f43fd3d82b3704c6a126c800a9968ecd16cae14,"parquet_row_1based=145309;latitude_dadata,longitude_dadata",/workspace/settlements-work/continuation_20261004/accepted_graph25_bounded_cases_20261005/accepted_point_uses.parquet,accepted current ownrepresentative point; retrospective physical-place context
Q1057286,2021:data_allsettlements_anon_156_v20251217.parquet:parquet:145336,55.2592033,55.3988557,/workspace/settlements-raw/data/interim/2021_tochno/data_allsettlements_anon_156_v20251217.parquet,86c197cd522e0b63669e9c6e7f43fd3d82b3704c6a126c800a9968ecd16cae14,"parquet_row_1based=145336;latitude_dadata,longitude_dadata",/workspace/settlements-work/continuation_20261004/accepted_graph25_bounded_cases_20261005/accepted_point_uses.parquet,accepted current ownrepresentative point; retrospective physical-place context
Q1058010,2021:data_allsettlements_anon_156_v20251217.parquet:parquet:145558,55.0553032,56.2844964,/workspace/settlements-raw/data/interim/2021_tochno/data_allsettlements_anon_156_v20251217.parquet,86c197cd522e0b63669e9c6e7f43fd3d82b3704c6a126c800a9968ecd16cae14,"parquet_row_1based=145558;latitude_dadata,longitude_dadata",/workspace/settlements-work/continuation_20261004/accepted_graph25_bounded_cases_20261005/accepted_point_uses.parquet,accepted current ownrepresentative point; retrospective physical-place context
Q1058118,2021:data_allsettlements_anon_156_v20251217.parquet:parquet:145592,55.1920655,55.9980357,/workspace/settlements-raw/data/interim/2021_tochno/data_allsettlements_anon_156_v20251217.parquet,86c197cd522e0b63669e9c6e7f43fd3d82b3704c6a126c800a9968ecd16cae14,"parquet_row_1based=145592;latitude_dadata,longitude_dadata",/workspace/settlements-work/continuation_20261004/accepted_graph25_bounded_cases_20261005/accepted_point_uses.parquet,accepted current ownrepresentative point; retrospective physical-place context
Q1058169,2021:data_allsettlements_anon_156_v20251217.parquet:parquet:145650,54.470388,54.7592894,/workspace/settlements-raw/data/interim/2021_tochno/data_allsettlements_anon_156_v20251217.parquet,86c197cd522e0b63669e9c6e7f43fd3d82b3704c6a126c800a9968ecd16cae14,"parquet_row_1based=145650;latitude_dadata,longitude_dadata",/workspace/settlements-work/continuation_20261004/accepted_graph25_bounded_cases_20261005/accepted_point_uses.parquet,accepted current ownrepresentative point; retrospective physical-place context
Q1058341,2021:data_allsettlements_anon_156_v20251217.parquet:parquet:145595,55.2035493,56.0343693,/workspace/settlements-raw/data/interim/2021_tochno/data_allsettlements_anon_156_v20251217.parquet,86c197cd522e0b63669e9c6e7f43fd3d82b3704c6a126c800a9968ecd16cae14,"parquet_row_1based=145595;latitude_dadata,longitude_dadata",/workspace/settlements-work/continuation_20261004/accepted_graph25_bounded_cases_20261005/accepted_point_uses.parquet,accepted current ownrepresentative point; retrospective physical-place context
Q1058661,2021:data_allsettlements_anon_156_v20251217.parquet:parquet:145647,54.5539479,54.6706341,/workspace/settlements-raw/data/interim/2021_tochno/data_allsettlements_anon_156_v20251217.parquet,86c197cd522e0b63669e9c6e7f43fd3d82b3704c6a126c800a9968ecd16cae14,"parquet_row_1based=145647;latitude_dadata,longitude_dadata",/workspace/settlements-work/continuation_20261004/accepted_graph25_bounded_cases_20261005/accepted_point_uses.parquet,accepted current ownrepresentative point; retrospective physical-place context
Q1058941,2021:data_allsettlements_anon_156_v20251217.parquet:parquet:145690,54.8502104,54.643726,/workspace/settlements-raw/data/interim/2021_tochno/data_allsettlements_anon_156_v20251217.parquet,86c197cd522e0b63669e9c6e7f43fd3d82b3704c6a126c800a9968ecd16cae14,"parquet_row_1based=145690;latitude_dadata,longitude_dadata",/workspace/settlements-work/continuation_20261004/accepted_graph25_bounded_cases_20261005/accepted_point_uses.parquet,accepted current ownrepresentative point; retrospective physical-place context
Q1059266,2021:data_allsettlements_anon_156_v20251217.parquet:parquet:145718,54.5143623,54.4594714,/workspace/settlements-raw/data/interim/2021_tochno/data_allsettlements_anon_156_v20251217.parquet,86c197cd522e0b63669e9c6e7f43fd3d82b3704c6a126c800a9968ecd16cae14,"parquet_row_1based=145718;latitude_dadata,longitude_dadata",/workspace/settlements-work/continuation_20261004/accepted_graph25_bounded_cases_20261005/accepted_point_uses.parquet,accepted current ownrepresentative point; retrospective physical-place context
Q1061445,2021:data_allsettlements_anon_156_v20251217.parquet:parquet:145954,54.0254844,56.6873001,/workspace/settlements-raw/data/interim/2021_tochno/data_allsettlements_anon_156_v20251217.parquet,86c197cd522e0b63669e9c6e7f43fd3d82b3704c6a126c800a9968ecd16cae14,"parquet_row_1based=145954;latitude_dadata,longitude_dadata",/workspace/settlements-work/continuation_20261004/accepted_graph25_bounded_cases_20261005/accepted_point_uses.parquet,accepted current ownrepresentative point; retrospective physical-place context
Q1061458,2021:data_allsettlements_anon_156_v20251217.parquet:parquet:146221,55.5230271,55.1575596,/workspace/settlements-raw/data/interim/2021_tochno/data_allsettlements_anon_156_v20251217.parquet,86c197cd522e0b63669e9c6e7f43fd3d82b3704c6a126c800a9968ecd16cae14,"parquet_row_1based=146221;latitude_dadata,longitude_dadata",/workspace/settlements-work/continuation_20261004/accepted_graph25_bounded_cases_20261005/accepted_point_uses.parquet,accepted current ownrepresentative point; retrospective physical-place context
Q1061901,2021:data_allsettlements_anon_156_v20251217.parquet:parquet:146498,54.5958919,56.1856572,/workspace/settlements-raw/data/interim/2021_tochno/data_allsettlements_anon_156_v20251217.parquet,86c197cd522e0b63669e9c6e7f43fd3d82b3704c6a126c800a9968ecd16cae14,"parquet_row_1based=146498;latitude_dadata,longitude_dadata",/workspace/settlements-work/continuation_20261004/accepted_graph25_bounded_cases_20261005/accepted_point_uses.parquet,accepted current ownrepresentative point; retrospective physical-place context
Q1062176,2021:data_allsettlements_anon_156_v20251217.parquet:parquet:146393,51.6295634,56.8181235,/workspace/settlements-raw/data/interim/2021_tochno/data_allsettlements_anon_156_v20251217.parquet,86c197cd522e0b63669e9c6e7f43fd3d82b3704c6a126c800a9968ecd16cae14,"parquet_row_1based=146393;latitude_dadata,longitude_dadata",/workspace/settlements-work/continuation_20261004/accepted_graph25_bounded_cases_20261005/accepted_point_uses.parquet,accepted current ownrepresentative point; retrospective physical-place context
Q1062260,2021:data_allsettlements_anon_156_v20251217.parquet:parquet:146268,53.9157942,53.8794198,/workspace/settlements-raw/data/interim/2021_tochno/data_allsettlements_anon_156_v20251217.parquet,86c197cd522e0b63669e9c6e7f43fd3d82b3704c6a126c800a9968ecd16cae14,"parquet_row_1based=146268;latitude_dadata,longitude_dadata",/workspace/settlements-work/continuation_20261004/accepted_graph25_bounded_cases_20261005/accepted_point_uses.parquet,accepted current ownrepresentative point; retrospective physical-place context
Q1062891,2021:data_allsettlements_anon_156_v20251217.parquet:parquet:146386,52.1891686,56.3078806,/workspace/settlements-raw/data/interim/2021_tochno/data_allsettlements_anon_156_v20251217.parquet,86c197cd522e0b63669e9c6e7f43fd3d82b3704c6a126c800a9968ecd16cae14,"parquet_row_1based=146386;latitude_dadata,longitude_dadata",/workspace/settlements-work/continuation_20261004/accepted_graph25_bounded_cases_20261005/accepted_point_uses.parquet,accepted current ownrepresentative point; retrospective physical-place context
Q1063424,2021:data_allsettlements_anon_156_v20251217.parquet:parquet:146676,55.2574485,54.3468978,/workspace/settlements-raw/data/interim/2021_tochno/data_allsettlements_anon_156_v20251217.parquet,86c197cd522e0b63669e9c6e7f43fd3d82b3704c6a126c800a9968ecd16cae14,"parquet_row_1based=146676;latitude_dadata,longitude_dadata",/workspace/settlements-work/continuation_20261004/accepted_graph25_bounded_cases_20261005/accepted_point_uses.parquet,accepted current ownrepresentative point; retrospective physical-place context
Q1063450,2021:data_allsettlements_anon_156_v20251217.parquet:parquet:146682,55.3395827,54.4494288,/workspace/settlements-raw/data/interim/2021_tochno/data_allsettlements_anon_156_v20251217.parquet,86c197cd522e0b63669e9c6e7f43fd3d82b3704c6a126c800a9968ecd16cae14,"parquet_row_1based=146682;latitude_dadata,longitude_dadata",/workspace/settlements-work/continuation_20261004/accepted_graph25_bounded_cases_20261005/accepted_point_uses.parquet,accepted current ownrepresentative point; retrospective physical-place context
Q1063528,2021:data_allsettlements_anon_156_v20251217.parquet:parquet:146589,54.861555,57.0657021,/workspace/settlements-raw/data/interim/2021_tochno/data_allsettlements_anon_156_v20251217.parquet,86c197cd522e0b63669e9c6e7f43fd3d82b3704c6a126c800a9968ecd16cae14,"parquet_row_1based=146589;latitude_dadata,longitude_dadata",/workspace/settlements-work/continuation_20261004/accepted_graph25_bounded_cases_20261005/accepted_point_uses.parquet,accepted current ownrepresentative point; retrospective physical-place context
Q1064416,2021:data_allsettlements_anon_156_v20251217.parquet:parquet:146743,55.4628824,54.3287916,/workspace/settlements-raw/data/interim/2021_tochno/data_allsettlements_anon_156_v20251217.parquet,86c197cd522e0b63669e9c6e7f43fd3d82b3704c6a126c800a9968ecd16cae14,"parquet_row_1based=146743;latitude_dadata,longitude_dadata",/workspace/settlements-work/continuation_20261004/accepted_graph25_bounded_cases_20261005/accepted_point_uses.parquet,accepted current ownrepresentative point; retrospective physical-place context
Q1064528,2021:data_allsettlements_anon_156_v20251217.parquet:parquet:146805,53.6761632,56.5865945,/workspace/settlements-raw/data/interim/2021_tochno/data_allsettlements_anon_156_v20251217.parquet,86c197cd522e0b63669e9c6e7f43fd3d82b3704c6a126c800a9968ecd16cae14,"parquet_row_1based=146805;latitude_dadata,longitude_dadata",/workspace/settlements-work/continuation_20261004/accepted_graph25_bounded_cases_20261005/accepted_point_uses.parquet,accepted current ownrepresentative point; retrospective physical-place context
Q1065386,2021:data_allsettlements_anon_156_v20251217.parquet:parquet:146933,56.0840819,54.7463018,/workspace/settlements-raw/data/interim/2021_tochno/data_allsettlements_anon_156_v20251217.parquet,86c197cd522e0b63669e9c6e7f43fd3d82b3704c6a126c800a9968ecd16cae14,"parquet_row_1based=146933;latitude_dadata,longitude_dadata",/workspace/settlements-work/continuation_20261004/accepted_graph25_bounded_cases_20261005/accepted_point_uses.parquet,accepted current ownrepresentative point; retrospective physical-place context
Q1065811,2021:data_allsettlements_anon_156_v20251217.parquet:parquet:147054,55.5826704,56.5037608,/workspace/settlements-raw/data/interim/2021_tochno/data_allsettlements_anon_156_v20251217.parquet,86c197cd522e0b63669e9c6e7f43fd3d82b3704c6a126c800a9968ecd16cae14,"parquet_row_1based=147054;latitude_dadata,longitude_dadata",/workspace/settlements-work/continuation_20261004/accepted_graph25_bounded_cases_20261005/accepted_point_uses.parquet,accepted current ownrepresentative point; retrospective physical-place context
Q1068850,2021:data_allsettlements_anon_156_v20251217.parquet:parquet:148170,55.0945818,58.7135492,/workspace/settlements-raw/data/interim/2021_tochno/data_allsettlements_anon_156_v20251217.parquet,86c197cd522e0b63669e9c6e7f43fd3d82b3704c6a126c800a9968ecd16cae14,"parquet_row_1based=148170;latitude_dadata,longitude_dadata",/workspace/settlements-work/continuation_20261004/accepted_graph25_bounded_cases_20261005/accepted_point_uses.parquet,accepted current ownrepresentative point; retrospective physical-place context
Q1068920,2021:data_allsettlements_anon_156_v20251217.parquet:parquet:148111,54.9682474,58.0770986,/workspace/settlements-raw/data/interim/2021_tochno/data_allsettlements_anon_156_v20251217.parquet,86c197cd522e0b63669e9c6e7f43fd3d82b3704c6a126c800a9968ecd16cae14,"parquet_row_1based=148111;latitude_dadata,longitude_dadata",/workspace/settlements-work/continuation_20261004/accepted_graph25_bounded_cases_20261005/accepted_point_uses.parquet,accepted current ownrepresentative point; retrospective physical-place context
Q1071356,2021:data_allsettlements_anon_156_v20251217.parquet:parquet:148438,56.2764494,55.584639,/workspace/settlements-raw/data/interim/2021_tochno/data_allsettlements_anon_156_v20251217.parquet,86c197cd522e0b63669e9c6e7f43fd3d82b3704c6a126c800a9968ecd16cae14,"parquet_row_1based=148438;latitude_dadata,longitude_dadata",/workspace/settlements-work/continuation_20261004/accepted_graph25_bounded_cases_20261005/accepted_point_uses.parquet,accepted current ownrepresentative point; retrospective physical-place context
Q108785997,2021:data_allsettlements_anon_156_v20251217.parquet:parquet:82422,54.9991427,82.5370827,/workspace/settlements-raw/data/interim/2021_tochno/data_allsettlements_anon_156_v20251217.parquet,86c197cd522e0b63669e9c6e7f43fd3d82b3704c6a126c800a9968ecd16cae14,"parquet_row_1based=82422;latitude_dadata,longitude_dadata",/workspace/settlements-work/continuation_20261004/accepted_graph25_bounded_cases_20261005/accepted_point_uses.parquet,accepted current ownrepresentative point; retrospective physical-place context
Q108786681,2021:data_allsettlements_anon_156_v20251217.parquet:parquet:55101,51.962213,36.7607742,/workspace/settlements-raw/data/interim/2021_tochno/data_allsettlements_anon_156_v20251217.parquet,86c197cd522e0b63669e9c6e7f43fd3d82b3704c6a126c800a9968ecd16cae14,"parquet_row_1based=55101;latitude_dadata,longitude_dadata",/workspace/settlements-work/continuation_20261004/accepted_graph25_bounded_cases_20261005/accepted_point_uses.parquet,accepted current ownrepresentative point; retrospective physical-place context
Q108786890,2021:data_allsettlements_anon_156_v20251217.parquet:parquet:55130,52.0561903,36.9842359,/workspace/settlements-raw/data/interim/2021_tochno/data_allsettlements_anon_156_v20251217.parquet,86c197cd522e0b63669e9c6e7f43fd3d82b3704c6a126c800a9968ecd16cae14,"parquet_row_1based=55130;latitude_dadata,longitude_dadata",/workspace/settlements-work/continuation_20261004/accepted_graph25_bounded_cases_20261005/accepted_point_uses.parquet,accepted current ownrepresentative point; retrospective physical-place context
Q1116437,2021:data_allsettlements_anon_156_v20251217.parquet:parquet:88075,61.0693866,40.0679469,/workspace/settlements-raw/data/interim/2021_tochno/data_allsettlements_anon_156_v20251217.parquet,86c197cd522e0b63669e9c6e7f43fd3d82b3704c6a126c800a9968ecd16cae14,"parquet_row_1based=88075;latitude_dadata,longitude_dadata",/workspace/settlements-work/continuation_20261004/accepted_graph25_bounded_cases_20261005/accepted_point_uses.parquet,accepted current ownrepresentative point; retrospective physical-place context
Q12109746,2021:data_allsettlements_anon_156_v20251217.parquet:parquet:156751,56.5099208,53.2192861,/workspace/settlements-raw/data/interim/2021_tochno/data_allsettlements_anon_156_v20251217.parquet,86c197cd522e0b63669e9c6e7f43fd3d82b3704c6a126c800a9968ecd16cae14,"parquet_row_1based=156751;latitude_dadata,longitude_dadata",/workspace/settlements-work/continuation_20261004/accepted_graph25_bounded_cases_20261005/accepted_point_uses.parquet,accepted current ownrepresentative point; retrospective physical-place context
Q12666976,2021:data_allsettlements_anon_156_v20251217.parquet:parquet:26736,54.5494323,22.0101497,/workspace/settlements-raw/data/interim/2021_tochno/data_allsettlements_anon_156_v20251217.parquet,86c197cd522e0b63669e9c6e7f43fd3d82b3704c6a126c800a9968ecd16cae14,"parquet_row_1based=26736;latitude_dadata,longitude_dadata",/workspace/settlements-work/continuation_20261004/accepted_graph25_bounded_cases_20261005/accepted_point_uses.parquet,accepted current ownrepresentative point; retrospective physical-place context
Q1296004,2021:data_allsettlements_anon_156_v20251217.parquet:parquet:148005,53.5972641,54.812968,/workspace/settlements-raw/data/interim/2021_tochno/data_allsettlements_anon_156_v20251217.parquet,86c197cd522e0b63669e9c6e7f43fd3d82b3704c6a126c800a9968ecd16cae14,"parquet_row_1based=148005;latitude_dadata,longitude_dadata",/workspace/settlements-work/continuation_20261004/accepted_graph25_bounded_cases_20261005/accepted_point_uses.parquet,accepted current ownrepresentative point; retrospective physical-place context
Q13204230,2021:data_allsettlements_anon_156_v20251217.parquet:parquet:131928,54.4836318,52.0455717,/workspace/settlements-raw/data/interim/2021_tochno/data_allsettlements_anon_156_v20251217.parquet,86c197cd522e0b63669e9c6e7f43fd3d82b3704c6a126c800a9968ecd16cae14,"parquet_row_1based=131928;latitude_dadata,longitude_dadata",/workspace/settlements-work/continuation_20261004/accepted_graph25_bounded_cases_20261005/accepted_point_uses.parquet,accepted current ownrepresentative point; retrospective physical-place context
Q13359508,2021:data_allsettlements_anon_156_v20251217.parquet:parquet:14238,51.8365307,40.3288519,/workspace/settlements-raw/data/interim/2021_tochno/data_allsettlements_anon_156_v20251217.parquet,86c197cd522e0b63669e9c6e7f43fd3d82b3704c6a126c800a9968ecd16cae14,"parquet_row_1based=14238;latitude_dadata,longitude_dadata",/workspace/settlements-work/continuation_20261004/accepted_graph25_bounded_cases_20261005/accepted_point_uses.parquet,accepted current ownrepresentative point; retrospective physical-place context
Q13622693,2021:data_allsettlements_anon_156_v20251217.parquet:parquet:16483,42.8447003,47.1422957,/workspace/settlements-raw/data/interim/2021_tochno/data_allsettlements_anon_156_v20251217.parquet,86c197cd522e0b63669e9c6e7f43fd3d82b3704c6a126c800a9968ecd16cae14,"parquet_row_1based=16483;latitude_dadata,longitude_dadata",/workspace/settlements-work/continuation_20261004/accepted_graph25_bounded_cases_20261005/accepted_point_uses.parquet,accepted current ownrepresentative point; retrospective physical-place context
Q13636105,2021:data_allsettlements_anon_156_v20251217.parquet:parquet:59818,53.0935941,39.1691982,/workspace/settlements-raw/data/interim/2021_tochno/data_allsettlements_anon_156_v20251217.parquet,86c197cd522e0b63669e9c6e7f43fd3d82b3704c6a126c800a9968ecd16cae14,"parquet_row_1based=59818;latitude_dadata,longitude_dadata",/workspace/settlements-work/continuation_20261004/accepted_graph25_bounded_cases_20261005/accepted_point_uses.parquet,accepted current ownrepresentative point; retrospective physical-place context
Q13649236,2021:data_allsettlements_anon_156_v20251217.parquet:parquet:14240,51.84914,40.323026,/workspace/settlements-raw/data/interim/2021_tochno/data_allsettlements_anon_156_v20251217.parquet,86c197cd522e0b63669e9c6e7f43fd3d82b3704c6a126c800a9968ecd16cae14,"parquet_row_1based=14240;latitude_dadata,longitude_dadata",/workspace/settlements-work/continuation_20261004/accepted_graph25_bounded_cases_20261005/accepted_point_uses.parquet,accepted current ownrepresentative point; retrospective physical-place context
Q13650061,2021:data_allsettlements_anon_156_v20251217.parquet:parquet:14321,50.7069758,40.9812301,/workspace/settlements-raw/data/interim/2021_tochno/data_allsettlements_anon_156_v20251217.parquet,86c197cd522e0b63669e9c6e7f43fd3d82b3704c6a126c800a9968ecd16cae14,"parquet_row_1based=14321;latitude_dadata,longitude_dadata",/workspace/settlements-work/continuation_20261004/accepted_graph25_bounded_cases_20261005/accepted_point_uses.parquet,accepted current ownrepresentative point; retrospective physical-place context
Q13650320,2021:data_allsettlements_anon_156_v20251217.parquet:parquet:87998,61.1884579,40.2837169,/workspace/settlements-raw/data/interim/2021_tochno/data_allsettlements_anon_156_v20251217.parquet,86c197cd522e0b63669e9c6e7f43fd3d82b3704c6a126c800a9968ecd16cae14,"parquet_row_1based=87998;latitude_dadata,longitude_dadata",/workspace/settlements-work/continuation_20261004/accepted_graph25_bounded_cases_20261005/accepted_point_uses.parquet,accepted current ownrepresentative point; retrospective physical-place context
Q13662020,2021:data_allsettlements_anon_156_v20251217.parquet:parquet:14535,50.7377434,39.2633941,/workspace/settlements-raw/data/interim/2021_tochno/data_allsettlements_anon_156_v20251217.parquet,86c197cd522e0b63669e9c6e7f43fd3d82b3704c6a126c800a9968ecd16cae14,"parquet_row_1based=14535;latitude_dadata,longitude_dadata",/workspace/settlements-work/continuation_20261004/accepted_graph25_bounded_cases_20261005/accepted_point_uses.parquet,accepted current ownrepresentative point; retrospective physical-place context
Q13667299,2021:data_allsettlements_anon_156_v20251217.parquet:parquet:31987,43.7588877,43.8862225,/workspace/settlements-raw/data/interim/2021_tochno/data_allsettlements_anon_156_v20251217.parquet,86c197cd522e0b63669e9c6e7f43fd3d82b3704c6a126c800a9968ecd16cae14,"parquet_row_1based=31987;latitude_dadata,longitude_dadata",/workspace/settlements-work/continuation_20261004/accepted_graph25_bounded_cases_20261005/accepted_point_uses.parquet,accepted current ownrepresentative point; retrospective physical-place context
Q13667530,2021:data_allsettlements_anon_156_v20251217.parquet:parquet:161548,42.7014927,46.0631164,/workspace/settlements-raw/data/interim/2021_tochno/data_allsettlements_anon_156_v20251217.parquet,86c197cd522e0b63669e9c6e7f43fd3d82b3704c6a126c800a9968ecd16cae14,"parquet_row_1based=161548;latitude_dadata,longitude_dadata",/workspace/settlements-work/continuation_20261004/accepted_graph25_bounded_cases_20261005/accepted_point_uses.parquet,accepted current ownrepresentative point; retrospective physical-place context
Q13667654,2021:data_allsettlements_anon_156_v20251217.parquet:parquet:17677,42.394917,46.514771,/workspace/settlements-raw/data/interim/2021_tochno/data_allsettlements_anon_156_v20251217.parquet,86c197cd522e0b63669e9c6e7f43fd3d82b3704c6a126c800a9968ecd16cae14,"parquet_row_1based=17677;latitude_dadata,longitude_dadata",/workspace/settlements-work/continuation_20261004/accepted_graph25_bounded_cases_20261005/accepted_point_uses.parquet,accepted current ownrepresentative point; retrospective physical-place context
Q14621342,2021:data_allsettlements_anon_156_v20251217.parquet:parquet:42258,58.3617153,42.2955087,/workspace/settlements-raw/data/interim/2021_tochno/data_allsettlements_anon_156_v20251217.parquet,86c197cd522e0b63669e9c6e7f43fd3d82b3704c6a126c800a9968ecd16cae14,"parquet_row_1based=42258;latitude_dadata,longitude_dadata",/workspace/settlements-work/continuation_20261004/accepted_graph25_bounded_cases_20261005/accepted_point_uses.parquet,accepted current ownrepresentative point; retrospective physical-place context
Q15254831,2021:data_allsettlements_anon_156_v20251217.parquet:parquet:160427,54.618423,58.283772,/workspace/settlements-raw/data/interim/2021_tochno/data_allsettlements_anon_156_v20251217.parquet,86c197cd522e0b63669e9c6e7f43fd3d82b3704c6a126c800a9968ecd16cae14,"parquet_row_1based=160427;latitude_dadata,longitude_dadata",/workspace/settlements-work/continuation_20261004/accepted_graph25_bounded_cases_20261005/accepted_point_uses.parquet,accepted current ownrepresentative point; retrospective physical-place context
Q15255021,2021:data_allsettlements_anon_156_v20251217.parquet:parquet:161008,55.0645893,61.1099472,/workspace/settlements-raw/data/interim/2021_tochno/data_allsettlements_anon_156_v20251217.parquet,86c197cd522e0b63669e9c6e7f43fd3d82b3704c6a126c800a9968ecd16cae14,"parquet_row_1based=161008;latitude_dadata,longitude_dadata",/workspace/settlements-work/continuation_20261004/accepted_graph25_bounded_cases_20261005/accepted_point_uses.parquet,accepted current ownrepresentative point; retrospective physical-place context
Q15255133,2021:data_allsettlements_anon_156_v20251217.parquet:parquet:160359,55.8715783,60.8162947,/workspace/settlements-raw/data/interim/2021_tochno/data_allsettlements_anon_156_v20251217.parquet,86c197cd522e0b63669e9c6e7f43fd3d82b3704c6a126c800a9968ecd16cae14,"parquet_row_1based=160359;latitude_dadata,longitude_dadata",/workspace/settlements-work/continuation_20261004/accepted_graph25_bounded_cases_20261005/accepted_point_uses.parquet,accepted current ownrepresentative point; retrospective physical-place context
Q15918792,2021:data_allsettlements_anon_156_v20251217.parquet:parquet:32086,43.2383423,43.131065,/workspace/settlements-raw/data/interim/2021_tochno/data_allsettlements_anon_156_v20251217.parquet,86c197cd522e0b63669e9c6e7f43fd3d82b3704c6a126c800a9968ecd16cae14,"parquet_row_1based=32086;latitude_dadata,longitude_dadata",/workspace/settlements-work/continuation_20261004/accepted_graph25_bounded_cases_20261005/accepted_point_uses.parquet,accepted current ownrepresentative point; retrospective physical-place context
Q16014565,2021:data_allsettlements_anon_156_v20251217.parquet:parquet:85115,52.3192042,51.9136614,/workspace/settlements-raw/data/interim/2021_tochno/data_allsettlements_anon_156_v20251217.parquet,86c197cd522e0b63669e9c6e7f43fd3d82b3704c6a126c800a9968ecd16cae14,"parquet_row_1based=85115;latitude_dadata,longitude_dadata",/workspace/settlements-work/continuation_20261004/accepted_graph25_bounded_cases_20261005/accepted_point_uses.parquet,accepted current ownrepresentative point; retrospective physical-place context
Q16014684,2021:data_allsettlements_anon_156_v20251217.parquet:parquet:31938,43.9529269,44.0348662,/workspace/settlements-raw/data/interim/2021_tochno/data_allsettlements_anon_156_v20251217.parquet,86c197cd522e0b63669e9c6e7f43fd3d82b3704c6a126c800a9968ecd16cae14,"parquet_row_1based=31938;latitude_dadata,longitude_dadata",/workspace/settlements-work/continuation_20261004/accepted_graph25_bounded_cases_20261005/accepted_point_uses.parquet,accepted current ownrepresentative point; retrospective physical-place context
Q16014694,2021:data_allsettlements_anon_156_v20251217.parquet:parquet:160385,56.1211532,60.7927385,/workspace/settlements-raw/data/interim/2021_tochno/data_allsettlements_anon_156_v20251217.parquet,86c197cd522e0b63669e9c6e7f43fd3d82b3704c6a126c800a9968ecd16cae14,"parquet_row_1based=160385;latitude_dadata,longitude_dadata",/workspace/settlements-work/continuation_20261004/accepted_graph25_bounded_cases_20261005/accepted_point_uses.parquet,accepted current ownrepresentative point; retrospective physical-place context
Q16017193,2021:data_allsettlements_anon_156_v20251217.parquet:parquet:24196,53.8741888,102.0818926,/workspace/settlements-raw/data/interim/2021_tochno/data_allsettlements_anon_156_v20251217.parquet,86c197cd522e0b63669e9c6e7f43fd3d82b3704c6a126c800a9968ecd16cae14,"parquet_row_1based=24196;latitude_dadata,longitude_dadata",/workspace/settlements-work/continuation_20261004/accepted_graph25_bounded_cases_20261005/accepted_point_uses.parquet,accepted current ownrepresentative point; retrospective physical-place context
Q16021142,2021:data_allsettlements_anon_156_v20251217.parquet:parquet:52526,52.3921309,35.413795,/workspace/settlements-raw/data/interim/2021_tochno/data_allsettlements_anon_156_v20251217.parquet,86c197cd522e0b63669e9c6e7f43fd3d82b3704c6a126c800a9968ecd16cae14,"parquet_row_1based=52526;latitude_dadata,longitude_dadata",/workspace/settlements-work/continuation_20261004/accepted_graph25_bounded_cases_20261005/accepted_point_uses.parquet,accepted current ownrepresentative point; retrospective physical-place context
Q16022305,2021:data_allsettlements_anon_156_v20251217.parquet:parquet:91261,52.3999819,35.4077936,/workspace/settlements-raw/data/interim/2021_tochno/data_allsettlements_anon_156_v20251217.parquet,86c197cd522e0b63669e9c6e7f43fd3d82b3704c6a126c800a9968ecd16cae14,"parquet_row_1based=91261;latitude_dadata,longitude_dadata",/workspace/settlements-work/continuation_20261004/accepted_graph25_bounded_cases_20261005/accepted_point_uses.parquet,accepted current ownrepresentative point; retrospective physical-place context
Q16022728,2021:data_allsettlements_anon_156_v20251217.parquet:parquet:89376,63.5585022,45.2322583,/workspace/settlements-raw/data/interim/2021_tochno/data_allsettlements_anon_156_v20251217.parquet,86c197cd522e0b63669e9c6e7f43fd3d82b3704c6a126c800a9968ecd16cae14,"parquet_row_1based=89376;latitude_dadata,longitude_dadata",/workspace/settlements-work/continuation_20261004/accepted_graph25_bounded_cases_20261005/accepted_point_uses.parquet,accepted current ownrepresentative point; retrospective physical-place context
Q16022973,2021:data_allsettlements_anon_156_v20251217.parquet:parquet:150847,53.9093301,37.735834,/workspace/settlements-raw/data/interim/2021_tochno/data_allsettlements_anon_156_v20251217.parquet,86c197cd522e0b63669e9c6e7f43fd3d82b3704c6a126c800a9968ecd16cae14,"parquet_row_1based=150847;latitude_dadata,longitude_dadata",/workspace/settlements-work/continuation_20261004/accepted_graph25_bounded_cases_20261005/accepted_point_uses.parquet,accepted current ownrepresentative point; retrospective physical-place context
Q16488024,2021:data_allsettlements_anon_156_v20251217.parquet:parquet:15147,50.5769081,40.3136088,/workspace/settlements-raw/data/interim/2021_tochno/data_allsettlements_anon_156_v20251217.parquet,86c197cd522e0b63669e9c6e7f43fd3d82b3704c6a126c800a9968ecd16cae14,"parquet_row_1based=15147;latitude_dadata,longitude_dadata",/workspace/settlements-work/continuation_20261004/accepted_graph25_bounded_cases_20261005/accepted_point_uses.parquet,accepted current ownrepresentative point; retrospective physical-place context
Q1659614,2021:data_allsettlements_anon_156_v20251217.parquet:parquet:26786,54.894928,19.94529,/workspace/settlements-raw/data/interim/2021_tochno/data_allsettlements_anon_156_v20251217.parquet,86c197cd522e0b63669e9c6e7f43fd3d82b3704c6a126c800a9968ecd16cae14,"parquet_row_1based=26786;latitude_dadata,longitude_dadata",/workspace/settlements-work/continuation_20261004/accepted_graph25_bounded_cases_20261005/accepted_point_uses.parquet,accepted current ownrepresentative point; retrospective physical-place context
Q16653724,2021:data_allsettlements_anon_156_v20251217.parquet:parquet:32089,43.5022046,43.4864738,/workspace/settlements-raw/data/interim/2021_tochno/data_allsettlements_anon_156_v20251217.parquet,86c197cd522e0b63669e9c6e7f43fd3d82b3704c6a126c800a9968ecd16cae14,"parquet_row_1based=32089;latitude_dadata,longitude_dadata",/workspace/settlements-work/continuation_20261004/accepted_graph25_bounded_cases_20261005/accepted_point_uses.parquet,accepted current ownrepresentative point; retrospective physical-place context
Q16663794,2021:data_allsettlements_anon_156_v20251217.parquet:parquet:16669,42.0504548,47.4429539,/workspace/settlements-raw/data/interim/2021_tochno/data_allsettlements_anon_156_v20251217.parquet,86c197cd522e0b63669e9c6e7f43fd3d82b3704c6a126c800a9968ecd16cae14,"parquet_row_1based=16669;latitude_dadata,longitude_dadata",/workspace/settlements-work/continuation_20261004/accepted_graph25_bounded_cases_20261005/accepted_point_uses.parquet,accepted current ownrepresentative point; retrospective physical-place context
Q16710331,2021:data_allsettlements_anon_156_v20251217.parquet:parquet:16720,42.0697749,47.5185875,/workspace/settlements-raw/data/interim/2021_tochno/data_allsettlements_anon_156_v20251217.parquet,86c197cd522e0b63669e9c6e7f43fd3d82b3704c6a126c800a9968ecd16cae14,"parquet_row_1based=16720;latitude_dadata,longitude_dadata",/workspace/settlements-work/continuation_20261004/accepted_graph25_bounded_cases_20261005/accepted_point_uses.parquet,accepted current ownrepresentative point; retrospective physical-place context
Q16710333,2021:data_allsettlements_anon_156_v20251217.parquet:parquet:16721,42.067207,47.523442,/workspace/settlements-raw/data/interim/2021_tochno/data_allsettlements_anon_156_v20251217.parquet,86c197cd522e0b63669e9c6e7f43fd3d82b3704c6a126c800a9968ecd16cae14,"parquet_row_1based=16721;latitude_dadata,longitude_dadata",/workspace/settlements-work/continuation_20261004/accepted_graph25_bounded_cases_20261005/accepted_point_uses.parquet,accepted current ownrepresentative point; retrospective physical-place context
Q16723407,2021:data_allsettlements_anon_156_v20251217.parquet:parquet:14976,51.3339161,41.1411077,/workspace/settlements-raw/data/interim/2021_tochno/data_allsettlements_anon_156_v20251217.parquet,86c197cd522e0b63669e9c6e7f43fd3d82b3704c6a126c800a9968ecd16cae14,"parquet_row_1based=14976;latitude_dadata,longitude_dadata",/workspace/settlements-work/continuation_20261004/accepted_graph25_bounded_cases_20261005/accepted_point_uses.parquet,accepted current ownrepresentative point; retrospective physical-place context
Q16838517,2021:data_allsettlements_anon_156_v20251217.parquet:parquet:166386,63.5245193,129.4198403,/workspace/settlements-raw/data/interim/2021_tochno/data_allsettlements_anon_156_v20251217.parquet,86c197cd522e0b63669e9c6e7f43fd3d82b3704c6a126c800a9968ecd16cae14,"parquet_row_1based=166386;latitude_dadata,longitude_dadata",/workspace/settlements-work/continuation_20261004/accepted_graph25_bounded_cases_20261005/accepted_point_uses.parquet,accepted current ownrepresentative point; retrospective physical-place context
Q16838522,2021:data_allsettlements_anon_156_v20251217.parquet:parquet:166478,60.7598839,115.5945944,/workspace/settlements-raw/data/interim/2021_tochno/data_allsettlements_anon_156_v20251217.parquet,86c197cd522e0b63669e9c6e7f43fd3d82b3704c6a126c800a9968ecd16cae14,"parquet_row_1based=166478;latitude_dadata,longitude_dadata",/workspace/settlements-work/continuation_20261004/accepted_graph25_bounded_cases_20261005/accepted_point_uses.parquet,accepted current ownrepresentative point; retrospective physical-place context
Q16893325,2021:data_allsettlements_anon_156_v20251217.parquet:parquet:166359,62.1068068,128.3668515,/workspace/settlements-raw/data/interim/2021_tochno/data_allsettlements_anon_156_v20251217.parquet,86c197cd522e0b63669e9c6e7f43fd3d82b3704c6a126c800a9968ecd16cae14,"parquet_row_1based=166359;latitude_dadata,longitude_dadata",/workspace/settlements-work/continuation_20261004/accepted_graph25_bounded_cases_20261005/accepted_point_uses.parquet,accepted current ownrepresentative point; retrospective physical-place context
Q16894789,2021:data_allsettlements_anon_156_v20251217.parquet:parquet:166343,62.0285563,126.6729537,/workspace/settlements-raw/data/interim/2021_tochno/data_allsettlements_anon_156_v20251217.parquet,86c197cd522e0b63669e9c6e7f43fd3d82b3704c6a126c800a9968ecd16cae14,"parquet_row_1based=166343;latitude_dadata,longitude_dadata",/workspace/settlements-work/continuation_20261004/accepted_graph25_bounded_cases_20261005/accepted_point_uses.parquet,accepted current ownrepresentative point; retrospective physical-place context
Q17299439,2021:data_allsettlements_anon_156_v20251217.parquet:parquet:62612,56.9683017,48.5690211,/workspace/settlements-raw/data/interim/2021_tochno/data_allsettlements_anon_156_v20251217.parquet,86c197cd522e0b63669e9c6e7f43fd3d82b3704c6a126c800a9968ecd16cae14,"parquet_row_1based=62612;latitude_dadata,longitude_dadata",/workspace/settlements-work/continuation_20261004/accepted_graph25_bounded_cases_20261005/accepted_point_uses.parquet,accepted current ownrepresentative point; retrospective physical-place context
Q18172854,2021:data_allsettlements_anon_156_v20251217.parquet:parquet:94263,53.3504431,45.3795982,/workspace/settlements-raw/data/interim/2021_tochno/data_allsettlements_anon_156_v20251217.parquet,86c197cd522e0b63669e9c6e7f43fd3d82b3704c6a126c800a9968ecd16cae14,"parquet_row_1based=94263;latitude_dadata,longitude_dadata",/workspace/settlements-work/continuation_20261004/accepted_graph25_bounded_cases_20261005/accepted_point_uses.parquet,accepted current ownrepresentative point; retrospective physical-place context
Q18202986,2021:data_allsettlements_anon_156_v20251217.parquet:parquet:31988,43.8626545,43.936575,/workspace/settlements-raw/data/interim/2021_tochno/data_allsettlements_anon_156_v20251217.parquet,86c197cd522e0b63669e9c6e7f43fd3d82b3704c6a126c800a9968ecd16cae14,"parquet_row_1based=31988;latitude_dadata,longitude_dadata",/workspace/settlements-work/continuation_20261004/accepted_graph25_bounded_cases_20261005/accepted_point_uses.parquet,accepted current ownrepresentative point; retrospective physical-place context
Q18326859,2021:data_allsettlements_anon_156_v20251217.parquet:parquet:26821,46.1238284,44.6035826,/workspace/settlements-raw/data/interim/2021_tochno/data_allsettlements_anon_156_v20251217.parquet,86c197cd522e0b63669e9c6e7f43fd3d82b3704c6a126c800a9968ecd16cae14,"parquet_row_1based=26821;latitude_dadata,longitude_dadata",/workspace/settlements-work/continuation_20261004/accepted_graph25_bounded_cases_20261005/accepted_point_uses.parquet,accepted current ownrepresentative point; retrospective physical-place context
Q18396426,2021:data_allsettlements_anon_156_v20251217.parquet:parquet:15927,51.628039,41.9062309,/workspace/settlements-raw/data/interim/2021_tochno/data_allsettlements_anon_156_v20251217.parquet,86c197cd522e0b63669e9c6e7f43fd3d82b3704c6a126c800a9968ecd16cae14,"parquet_row_1based=15927;latitude_dadata,longitude_dadata",/workspace/settlements-work/continuation_20261004/accepted_graph25_bounded_cases_20261005/accepted_point_uses.parquet,accepted current ownrepresentative point; retrospective physical-place context
Q18400957,2021:data_allsettlements_anon_156_v20251217.parquet:parquet:31971,43.7546451,43.7656076,/workspace/settlements-raw/data/interim/2021_tochno/data_allsettlements_anon_156_v20251217.parquet,86c197cd522e0b63669e9c6e7f43fd3d82b3704c6a126c800a9968ecd16cae14,"parquet_row_1based=31971;latitude_dadata,longitude_dadata",/workspace/settlements-work/continuation_20261004/accepted_graph25_bounded_cases_20261005/accepted_point_uses.parquet,accepted current ownrepresentative point; retrospective physical-place context
Q18400974,2021:data_allsettlements_anon_156_v20251217.parquet:parquet:31911,43.6769551,44.1090324,/workspace/settlements-raw/data/interim/2021_tochno/data_allsettlements_anon_156_v20251217.parquet,86c197cd522e0b63669e9c6e7f43fd3d82b3704c6a126c800a9968ecd16cae14,"parquet_row_1based=31911;latitude_dadata,longitude_dadata",/workspace/settlements-work/continuation_20261004/accepted_graph25_bounded_cases_20261005/accepted_point_uses.parquet,accepted current ownrepresentative point; retrospective physical-place context
Q18400979,2021:data_allsettlements_anon_156_v20251217.parquet:parquet:31981,43.7753767,43.8897081,/workspace/settlements-raw/data/interim/2021_tochno/data_allsettlements_anon_156_v20251217.parquet,86c197cd522e0b63669e9c6e7f43fd3d82b3704c6a126c800a9968ecd16cae14,"parquet_row_1based=31981;latitude_dadata,longitude_dadata",/workspace/settlements-work/continuation_20261004/accepted_graph25_bounded_cases_20261005/accepted_point_uses.parquet,accepted current ownrepresentative point; retrospective physical-place context
Q18401882,2021:data_allsettlements_anon_156_v20251217.parquet:parquet:31940,43.9258773,43.9744723,/workspace/settlements-raw/data/interim/2021_tochno/data_allsettlements_anon_156_v20251217.parquet,86c197cd522e0b63669e9c6e7f43fd3d82b3704c6a126c800a9968ecd16cae14,"parquet_row_1based=31940;latitude_dadata,longitude_dadata",/workspace/settlements-work/continuation_20261004/accepted_graph25_bounded_cases_20261005/accepted_point_uses.parquet,accepted current ownrepresentative point; retrospective physical-place context
Q18402018,2021:data_allsettlements_anon_156_v20251217.parquet:parquet:31978,43.8464644,44.1105359,/workspace/settlements-raw/data/interim/2021_tochno/data_allsettlements_anon_156_v20251217.parquet,86c197cd522e0b63669e9c6e7f43fd3d82b3704c6a126c800a9968ecd16cae14,"parquet_row_1based=31978;latitude_dadata,longitude_dadata",/workspace/settlements-work/continuation_20261004/accepted_graph25_bounded_cases_20261005/accepted_point_uses.parquet,accepted current ownrepresentative point; retrospective physical-place context
Q18404960,2021:data_allsettlements_anon_156_v20251217.parquet:parquet:31943,43.900087,44.1788599,/workspace/settlements-raw/data/interim/2021_tochno/data_allsettlements_anon_156_v20251217.parquet,86c197cd522e0b63669e9c6e7f43fd3d82b3704c6a126c800a9968ecd16cae14,"parquet_row_1based=31943;latitude_dadata,longitude_dadata",/workspace/settlements-work/continuation_20261004/accepted_graph25_bounded_cases_20261005/accepted_point_uses.parquet,accepted current ownrepresentative point; retrospective physical-place context
Q18405308,2021:data_allsettlements_anon_156_v20251217.parquet:parquet:161692,42.704384,45.628139,/workspace/settlements-raw/data/interim/2021_tochno/data_allsettlements_anon_156_v20251217.parquet,86c197cd522e0b63669e9c6e7f43fd3d82b3704c6a126c800a9968ecd16cae14,"parquet_row_1based=161692;latitude_dadata,longitude_dadata",/workspace/settlements-work/continuation_20261004/accepted_graph25_bounded_cases_20261005/accepted_point_uses.parquet,accepted current ownrepresentative point; retrospective physical-place context
Q18406270,2021:data_allsettlements_anon_156_v20251217.parquet:parquet:31942,43.925701,44.2887768,/workspace/settlements-raw/data/interim/2021_tochno/data_allsettlements_anon_156_v20251217.parquet,86c197cd522e0b63669e9c6e7f43fd3d82b3704c6a126c800a9968ecd16cae14,"parquet_row_1based=31942;latitude_dadata,longitude_dadata",/workspace/settlements-work/continuation_20261004/accepted_graph25_bounded_cases_20261005/accepted_point_uses.parquet,accepted current ownrepresentative point; retrospective physical-place context
Q18407386,2021:data_allsettlements_anon_156_v20251217.parquet:parquet:17827,41.9671463,48.044332,/workspace/settlements-raw/data/interim/2021_tochno/data_allsettlements_anon_156_v20251217.parquet,86c197cd522e0b63669e9c6e7f43fd3d82b3704c6a126c800a9968ecd16cae14,"parquet_row_1based=17827;latitude_dadata,longitude_dadata",/workspace/settlements-work/continuation_20261004/accepted_graph25_bounded_cases_20261005/accepted_point_uses.parquet,accepted current ownrepresentative point; retrospective physical-place context
Q18408006,2021:data_allsettlements_anon_156_v20251217.parquet:parquet:31934,43.9364104,43.8570809,/workspace/settlements-raw/data/interim/2021_tochno/data_allsettlements_anon_156_v20251217.parquet,86c197cd522e0b63669e9c6e7f43fd3d82b3704c6a126c800a9968ecd16cae14,"parquet_row_1based=31934;latitude_dadata,longitude_dadata",/workspace/settlements-work/continuation_20261004/accepted_graph25_bounded_cases_20261005/accepted_point_uses.parquet,accepted current ownrepresentative point; retrospective physical-place context
Q18408518,2021:data_allsettlements_anon_156_v20251217.parquet:parquet:31939,43.9694087,43.9601294,/workspace/settlements-raw/data/interim/2021_tochno/data_allsettlements_anon_156_v20251217.parquet,86c197cd522e0b63669e9c6e7f43fd3d82b3704c6a126c800a9968ecd16cae14,"parquet_row_1based=31939;latitude_dadata,longitude_dadata",/workspace/settlements-work/continuation_20261004/accepted_graph25_bounded_cases_20261005/accepted_point_uses.parquet,accepted current ownrepresentative point; retrospective physical-place context
Q18408576,2021:data_allsettlements_anon_156_v20251217.parquet:parquet:31909,43.7356606,44.2206939,/workspace/settlements-raw/data/interim/2021_tochno/data_allsettlements_anon_156_v20251217.parquet,86c197cd522e0b63669e9c6e7f43fd3d82b3704c6a126c800a9968ecd16cae14,"parquet_row_1based=31909;latitude_dadata,longitude_dadata",/workspace/settlements-work/continuation_20261004/accepted_graph25_bounded_cases_20261005/accepted_point_uses.parquet,accepted current ownrepresentative point; retrospective physical-place context
Q18409830,2021:data_allsettlements_anon_156_v20251217.parquet:parquet:31976,43.878672,44.1092999,/workspace/settlements-raw/data/interim/2021_tochno/data_allsettlements_anon_156_v20251217.parquet,86c197cd522e0b63669e9c6e7f43fd3d82b3704c6a126c800a9968ecd16cae14,"parquet_row_1based=31976;latitude_dadata,longitude_dadata",/workspace/settlements-work/continuation_20261004/accepted_graph25_bounded_cases_20261005/accepted_point_uses.parquet,accepted current ownrepresentative point; retrospective physical-place context
Q18764838,2021:data_allsettlements_anon_156_v20251217.parquet:parquet:114610,53.1691298,49.1201629,/workspace/settlements-raw/data/interim/2021_tochno/data_allsettlements_anon_156_v20251217.parquet,86c197cd522e0b63669e9c6e7f43fd3d82b3704c6a126c800a9968ecd16cae14,"parquet_row_1based=114610;latitude_dadata,longitude_dadata",/workspace/settlements-work/continuation_20261004/accepted_graph25_bounded_cases_20261005/accepted_point_uses.parquet,accepted current ownrepresentative point; retrospective physical-place context
Q18764844,2021:data_allsettlements_anon_156_v20251217.parquet:parquet:114697,52.6072563,50.6054709,/workspace/settlements-raw/data/interim/2021_tochno/data_allsettlements_anon_156_v20251217.parquet,86c197cd522e0b63669e9c6e7f43fd3d82b3704c6a126c800a9968ecd16cae14,"parquet_row_1based=114697;latitude_dadata,longitude_dadata",/workspace/settlements-work/continuation_20261004/accepted_graph25_bounded_cases_20261005/accepted_point_uses.parquet,accepted current ownrepresentative point; retrospective physical-place context
Q18764873,2021:data_allsettlements_anon_156_v20251217.parquet:parquet:115133,53.541085,51.0414182,/workspace/settlements-raw/data/interim/2021_tochno/data_allsettlements_anon_156_v20251217.parquet,86c197cd522e0b63669e9c6e7f43fd3d82b3704c6a126c800a9968ecd16cae14,"parquet_row_1based=115133;latitude_dadata,longitude_dadata",/workspace/settlements-work/continuation_20261004/accepted_graph25_bounded_cases_20261005/accepted_point_uses.parquet,accepted current ownrepresentative point; retrospective physical-place context
Q18764892,2021:data_allsettlements_anon_156_v20251217.parquet:parquet:85202,53.6033607,53.2987692,/workspace/settlements-raw/data/interim/2021_tochno/data_allsettlements_anon_156_v20251217.parquet,86c197cd522e0b63669e9c6e7f43fd3d82b3704c6a126c800a9968ecd16cae14,"parquet_row_1based=85202;latitude_dadata,longitude_dadata",/workspace/settlements-work/continuation_20261004/accepted_graph25_bounded_cases_20261005/accepted_point_uses.parquet,accepted current ownrepresentative point; retrospective physical-place context
Q18765000,2021:data_allsettlements_anon_156_v20251217.parquet:parquet:84667,53.8536284,52.5370007,/workspace/settlements-raw/data/interim/2021_tochno/data_allsettlements_anon_156_v20251217.parquet,86c197cd522e0b63669e9c6e7f43fd3d82b3704c6a126c800a9968ecd16cae14,"parquet_row_1based=84667;latitude_dadata,longitude_dadata",/workspace/settlements-work/continuation_20261004/accepted_graph25_bounded_cases_20261005/accepted_point_uses.parquet,accepted current ownrepresentative point; retrospective physical-place context
Q18765039,2021:data_allsettlements_anon_156_v20251217.parquet:parquet:85962,51.7061842,53.1131016,/workspace/settlements-raw/data/interim/2021_tochno/data_allsettlements_anon_156_v20251217.parquet,86c197cd522e0b63669e9c6e7f43fd3d82b3704c6a126c800a9968ecd16cae14,"parquet_row_1based=85962;latitude_dadata,longitude_dadata",/workspace/settlements-work/continuation_20261004/accepted_graph25_bounded_cases_20261005/accepted_point_uses.parquet,accepted current ownrepresentative point; retrospective physical-place context
Q18765083,2021:data_allsettlements_anon_156_v20251217.parquet:parquet:115351,52.5325197,49.8340066,/workspace/settlements-raw/data/interim/2021_tochno/data_allsettlements_anon_156_v20251217.parquet,86c197cd522e0b63669e9c6e7f43fd3d82b3704c6a126c800a9968ecd16cae14,"parquet_row_1based=115351;latitude_dadata,longitude_dadata",/workspace/settlements-work/continuation_20261004/accepted_graph25_bounded_cases_20261005/accepted_point_uses.parquet,accepted current ownrepresentative point; retrospective physical-place context
Q18765336,2021:data_allsettlements_anon_156_v20251217.parquet:parquet:94550,53.3584119,44.1030058,/workspace/settlements-raw/data/interim/2021_tochno/data_allsettlements_anon_156_v20251217.parquet,86c197cd522e0b63669e9c6e7f43fd3d82b3704c6a126c800a9968ecd16cae14,"parquet_row_1based=94550;latitude_dadata,longitude_dadata",/workspace/settlements-work/continuation_20261004/accepted_graph25_bounded_cases_20261005/accepted_point_uses.parquet,accepted current ownrepresentative point; retrospective physical-place context
Q18765349,2021:data_allsettlements_anon_156_v20251217.parquet:parquet:95454,52.7204751,44.8512518,/workspace/settlements-raw/data/interim/2021_tochno/data_allsettlements_anon_156_v20251217.parquet,86c197cd522e0b63669e9c6e7f43fd3d82b3704c6a126c800a9968ecd16cae14,"parquet_row_1based=95454;latitude_dadata,longitude_dadata",/workspace/settlements-work/continuation_20261004/accepted_graph25_bounded_cases_20261005/accepted_point_uses.parquet,accepted current ownrepresentative point; retrospective physical-place context
Q18765772,2021:data_allsettlements_anon_156_v20251217.parquet:parquet:85399,52.0371469,54.8111024,/workspace/settlements-raw/data/interim/2021_tochno/data_allsettlements_anon_156_v20251217.parquet,86c197cd522e0b63669e9c6e7f43fd3d82b3704c6a126c800a9968ecd16cae14,"parquet_row_1based=85399;latitude_dadata,longitude_dadata",/workspace/settlements-work/continuation_20261004/accepted_graph25_bounded_cases_20261005/accepted_point_uses.parquet,accepted current ownrepresentative point; retrospective physical-place context
Q18766060,2021:data_allsettlements_anon_156_v20251217.parquet:parquet:157962,53.5981559,47.6114642,/workspace/settlements-raw/data/interim/2021_tochno/data_allsettlements_anon_156_v20251217.parquet,86c197cd522e0b63669e9c6e7f43fd3d82b3704c6a126c800a9968ecd16cae14,"parquet_row_1based=157962;latitude_dadata,longitude_dadata",/workspace/settlements-work/continuation_20261004/accepted_graph25_bounded_cases_20261005/accepted_point_uses.parquet,accepted current ownrepresentative point; retrospective physical-place context
Q18766889,2021:data_allsettlements_anon_156_v20251217.parquet:parquet:114925,53.9126521,50.1299221,/workspace/settlements-raw/data/interim/2021_tochno/data_allsettlements_anon_156_v20251217.parquet,86c197cd522e0b63669e9c6e7f43fd3d82b3704c6a126c800a9968ecd16cae14,"parquet_row_1based=114925;latitude_dadata,longitude_dadata",/workspace/settlements-work/continuation_20261004/accepted_graph25_bounded_cases_20261005/accepted_point_uses.parquet,accepted current ownrepresentative point; retrospective physical-place context
Q18767127,2021:data_allsettlements_anon_156_v20251217.parquet:parquet:85964,52.003516,53.0439022,/workspace/settlements-raw/data/interim/2021_tochno/data_allsettlements_anon_156_v20251217.parquet,86c197cd522e0b63669e9c6e7f43fd3d82b3704c6a126c800a9968ecd16cae14,"parquet_row_1based=85964;latitude_dadata,longitude_dadata",/workspace/settlements-work/continuation_20261004/accepted_graph25_bounded_cases_20261005/accepted_point_uses.parquet,accepted current ownrepresentative point; retrospective physical-place context
Q18769607,2021:data_allsettlements_anon_156_v20251217.parquet:parquet:90100,64.3224409,41.0743611,/workspace/settlements-raw/data/interim/2021_tochno/data_allsettlements_anon_156_v20251217.parquet,86c197cd522e0b63669e9c6e7f43fd3d82b3704c6a126c800a9968ecd16cae14,"parquet_row_1based=90100;latitude_dadata,longitude_dadata",/workspace/settlements-work/continuation_20261004/accepted_graph25_bounded_cases_20261005/accepted_point_uses.parquet,accepted current ownrepresentative point; retrospective physical-place context
Q18769839,2021:data_allsettlements_anon_156_v20251217.parquet:parquet:95289,53.281254,43.524093,/workspace/settlements-raw/data/interim/2021_tochno/data_allsettlements_anon_156_v20251217.parquet,86c197cd522e0b63669e9c6e7f43fd3d82b3704c6a126c800a9968ecd16cae14,"parquet_row_1based=95289;latitude_dadata,longitude_dadata",/workspace/settlements-work/continuation_20261004/accepted_graph25_bounded_cases_20261005/accepted_point_uses.parquet,accepted current ownrepresentative point; retrospective physical-place context
Q18772308,2021:data_allsettlements_anon_156_v20251217.parquet:parquet:52432,52.2816618,35.1017928,/workspace/settlements-raw/data/interim/2021_tochno/data_allsettlements_anon_156_v20251217.parquet,86c197cd522e0b63669e9c6e7f43fd3d82b3704c6a126c800a9968ecd16cae14,"parquet_row_1based=52432;latitude_dadata,longitude_dadata",/workspace/settlements-work/continuation_20261004/accepted_graph25_bounded_cases_20261005/accepted_point_uses.parquet,accepted current ownrepresentative point; retrospective physical-place context
Q18774198,2021:data_allsettlements_anon_156_v20251217.parquet:parquet:90346,64.2266811,41.8332787,/workspace/settlements-raw/data/interim/2021_tochno/data_allsettlements_anon_156_v20251217.parquet,86c197cd522e0b63669e9c6e7f43fd3d82b3704c6a126c800a9968ecd16cae14,"parquet_row_1based=90346;latitude_dadata,longitude_dadata",/workspace/settlements-work/continuation_20261004/accepted_graph25_bounded_cases_20261005/accepted_point_uses.parquet,accepted current ownrepresentative point; retrospective physical-place context
Q18774260,2021:data_allsettlements_anon_156_v20251217.parquet:parquet:52439,52.0874237,34.7783211,/workspace/settlements-raw/data/interim/2021_tochno/data_allsettlements_anon_156_v20251217.parquet,86c197cd522e0b63669e9c6e7f43fd3d82b3704c6a126c800a9968ecd16cae14,"parquet_row_1based=52439;latitude_dadata,longitude_dadata",/workspace/settlements-work/continuation_20261004/accepted_graph25_bounded_cases_20261005/accepted_point_uses.parquet,accepted current ownrepresentative point; retrospective physical-place context
Q18776714,2021:data_allsettlements_anon_156_v20251217.parquet:parquet:52477,52.0713224,35.0266377,/workspace/settlements-raw/data/interim/2021_tochno/data_allsettlements_anon_156_v20251217.parquet,86c197cd522e0b63669e9c6e7f43fd3d82b3704c6a126c800a9968ecd16cae14,"parquet_row_1based=52477;latitude_dadata,longitude_dadata",/workspace/settlements-work/continuation_20261004/accepted_graph25_bounded_cases_20261005/accepted_point_uses.parquet,accepted current ownrepresentative point; retrospective physical-place context
Q18781102,2021:data_allsettlements_anon_156_v20251217.parquet:parquet:84377,51.5667829,60.6320482,/workspace/settlements-raw/data/interim/2021_tochno/data_allsettlements_anon_156_v20251217.parquet,86c197cd522e0b63669e9c6e7f43fd3d82b3704c6a126c800a9968ecd16cae14,"parquet_row_1based=84377;latitude_dadata,longitude_dadata",/workspace/settlements-work/continuation_20261004/accepted_graph25_bounded_cases_20261005/accepted_point_uses.parquet,accepted current ownrepresentative point; retrospective physical-place context
Q18781103,2021:data_allsettlements_anon_156_v20251217.parquet:parquet:84536,52.9263244,54.263078,/workspace/settlements-raw/data/interim/2021_tochno/data_allsettlements_anon_156_v20251217.parquet,86c197cd522e0b63669e9c6e7f43fd3d82b3704c6a126c800a9968ecd16cae14,"parquet_row_1based=84536;latitude_dadata,longitude_dadata",/workspace/settlements-work/continuation_20261004/accepted_graph25_bounded_cases_20261005/accepted_point_uses.parquet,accepted current ownrepresentative point; retrospective physical-place context
Q18782476,2021:data_allsettlements_anon_156_v20251217.parquet:parquet:88017,60.8102829,39.9497789,/workspace/settlements-raw/data/interim/2021_tochno/data_allsettlements_anon_156_v20251217.parquet,86c197cd522e0b63669e9c6e7f43fd3d82b3704c6a126c800a9968ecd16cae14,"parquet_row_1based=88017;latitude_dadata,longitude_dadata",/workspace/settlements-work/continuation_20261004/accepted_graph25_bounded_cases_20261005/accepted_point_uses.parquet,accepted current ownrepresentative point; retrospective physical-place context
Q18789604,2021:data_allsettlements_anon_156_v20251217.parquet:parquet:52444,52.1914007,34.7350056,/workspace/settlements-raw/data/interim/2021_tochno/data_allsettlements_anon_156_v20251217.parquet,86c197cd522e0b63669e9c6e7f43fd3d82b3704c6a126c800a9968ecd16cae14,"parquet_row_1based=52444;latitude_dadata,longitude_dadata",/workspace/settlements-work/continuation_20261004/accepted_graph25_bounded_cases_20261005/accepted_point_uses.parquet,accepted current ownrepresentative point; retrospective physical-place context
Q18789655,2021:data_allsettlements_anon_156_v20251217.parquet:parquet:90364,64.2443753,41.8358798,/workspace/settlements-raw/data/interim/2021_tochno/data_allsettlements_anon_156_v20251217.parquet,86c197cd522e0b63669e9c6e7f43fd3d82b3704c6a126c800a9968ecd16cae14,"parquet_row_1based=90364;latitude_dadata,longitude_dadata",/workspace/settlements-work/continuation_20261004/accepted_graph25_bounded_cases_20261005/accepted_point_uses.parquet,accepted current ownrepresentative point; retrospective physical-place context
Q18789667,2021:data_allsettlements_anon_156_v20251217.parquet:parquet:90099,64.3237116,41.0847671,/workspace/settlements-raw/data/interim/2021_tochno/data_allsettlements_anon_156_v20251217.parquet,86c197cd522e0b63669e9c6e7f43fd3d82b3704c6a126c800a9968ecd16cae14,"parquet_row_1based=90099;latitude_dadata,longitude_dadata",/workspace/settlements-work/continuation_20261004/accepted_graph25_bounded_cases_20261005/accepted_point_uses.parquet,accepted current ownrepresentative point; retrospective physical-place context
Q18789756,2021:data_allsettlements_anon_156_v20251217.parquet:parquet:94215,52.9745799,42.9034285,/workspace/settlements-raw/data/interim/2021_tochno/data_allsettlements_anon_156_v20251217.parquet,86c197cd522e0b63669e9c6e7f43fd3d82b3704c6a126c800a9968ecd16cae14,"parquet_row_1based=94215;latitude_dadata,longitude_dadata",/workspace/settlements-work/continuation_20261004/accepted_graph25_bounded_cases_20261005/accepted_point_uses.parquet,accepted current ownrepresentative point; retrospective physical-place context
Q18791859,2021:data_allsettlements_anon_156_v20251217.parquet:parquet:90367,64.234508,41.7068106,/workspace/settlements-raw/data/interim/2021_tochno/data_allsettlements_anon_156_v20251217.parquet,86c197cd522e0b63669e9c6e7f43fd3d82b3704c6a126c800a9968ecd16cae14,"parquet_row_1based=90367;latitude_dadata,longitude_dadata",/workspace/settlements-work/continuation_20261004/accepted_graph25_bounded_cases_20261005/accepted_point_uses.parquet,accepted current ownrepresentative point; retrospective physical-place context
Q18792439,2021:data_allsettlements_anon_156_v20251217.parquet:parquet:94914,52.5024818,44.835116,/workspace/settlements-raw/data/interim/2021_tochno/data_allsettlements_anon_156_v20251217.parquet,86c197cd522e0b63669e9c6e7f43fd3d82b3704c6a126c800a9968ecd16cae14,"parquet_row_1based=94914;latitude_dadata,longitude_dadata",/workspace/settlements-work/continuation_20261004/accepted_graph25_bounded_cases_20261005/accepted_point_uses.parquet,accepted current ownrepresentative point; retrospective physical-place context
Q18794608,2021:data_allsettlements_anon_156_v20251217.parquet:parquet:115789,53.6960221,50.8805376,/workspace/settlements-raw/data/interim/2021_tochno/data_allsettlements_anon_156_v20251217.parquet,86c197cd522e0b63669e9c6e7f43fd3d82b3704c6a126c800a9968ecd16cae14,"parquet_row_1based=115789;latitude_dadata,longitude_dadata",/workspace/settlements-work/continuation_20261004/accepted_graph25_bounded_cases_20261005/accepted_point_uses.parquet,accepted current ownrepresentative point; retrospective physical-place context
Q18795190,2021:data_allsettlements_anon_156_v20251217.parquet:parquet:53642,51.5301859,36.0924918,/workspace/settlements-raw/data/interim/2021_tochno/data_allsettlements_anon_156_v20251217.parquet,86c197cd522e0b63669e9c6e7f43fd3d82b3704c6a126c800a9968ecd16cae14,"parquet_row_1based=53642;latitude_dadata,longitude_dadata",/workspace/settlements-work/continuation_20261004/accepted_graph25_bounded_cases_20261005/accepted_point_uses.parquet,accepted current ownrepresentative point; retrospective physical-place context
Q18795532,2021:data_allsettlements_anon_156_v20251217.parquet:parquet:64075,54.3870867,43.8217358,/workspace/settlements-raw/data/interim/2021_tochno/data_allsettlements_anon_156_v20251217.parquet,86c197cd522e0b63669e9c6e7f43fd3d82b3704c6a126c800a9968ecd16cae14,"parquet_row_1based=64075;latitude_dadata,longitude_dadata",/workspace/settlements-work/continuation_20261004/accepted_graph25_bounded_cases_20261005/accepted_point_uses.parquet,accepted current ownrepresentative point; retrospective physical-place context
Q18795595,2021:data_allsettlements_anon_156_v20251217.parquet:parquet:115194,53.3544555,51.5937776,/workspace/settlements-raw/data/interim/2021_tochno/data_allsettlements_anon_156_v20251217.parquet,86c197cd522e0b63669e9c6e7f43fd3d82b3704c6a126c800a9968ecd16cae14,"parquet_row_1based=115194;latitude_dadata,longitude_dadata",/workspace/settlements-work/continuation_20261004/accepted_graph25_bounded_cases_20261005/accepted_point_uses.parquet,accepted current ownrepresentative point; retrospective physical-place context
Q18796388,2021:data_allsettlements_anon_156_v20251217.parquet:parquet:94961,53.4765158,44.4522251,/workspace/settlements-raw/data/interim/2021_tochno/data_allsettlements_anon_156_v20251217.parquet,86c197cd522e0b63669e9c6e7f43fd3d82b3704c6a126c800a9968ecd16cae14,"parquet_row_1based=94961;latitude_dadata,longitude_dadata",/workspace/settlements-work/continuation_20261004/accepted_graph25_bounded_cases_20261005/accepted_point_uses.parquet,accepted current ownrepresentative point; retrospective physical-place context
Q18798841,2021:data_allsettlements_anon_156_v20251217.parquet:parquet:157876,53.7837704,46.387171,/workspace/settlements-raw/data/interim/2021_tochno/data_allsettlements_anon_156_v20251217.parquet,86c197cd522e0b63669e9c6e7f43fd3d82b3704c6a126c800a9968ecd16cae14,"parquet_row_1based=157876;latitude_dadata,longitude_dadata",/workspace/settlements-work/continuation_20261004/accepted_graph25_bounded_cases_20261005/accepted_point_uses.parquet,accepted current ownrepresentative point; retrospective physical-place context
Q18799866,2021:data_allsettlements_anon_156_v20251217.parquet:parquet:95459,52.8210293,44.7324359,/workspace/settlements-raw/data/interim/2021_tochno/data_allsettlements_anon_156_v20251217.parquet,86c197cd522e0b63669e9c6e7f43fd3d82b3704c6a126c800a9968ecd16cae14,"parquet_row_1based=95459;latitude_dadata,longitude_dadata",/workspace/settlements-work/continuation_20261004/accepted_graph25_bounded_cases_20261005/accepted_point_uses.parquet,accepted current ownrepresentative point; retrospective physical-place context
Q18800275,2021:data_allsettlements_anon_156_v20251217.parquet:parquet:116124,54.4927607,51.4663613,/workspace/settlements-raw/data/interim/2021_tochno/data_allsettlements_anon_156_v20251217.parquet,86c197cd522e0b63669e9c6e7f43fd3d82b3704c6a126c800a9968ecd16cae14,"parquet_row_1based=116124;latitude_dadata,longitude_dadata",/workspace/settlements-work/continuation_20261004/accepted_graph25_bounded_cases_20261005/accepted_point_uses.parquet,accepted current ownrepresentative point; retrospective physical-place context
Q18800643,2021:data_allsettlements_anon_156_v20251217.parquet:parquet:85749,52.120472,55.5799079,/workspace/settlements-raw/data/interim/2021_tochno/data_allsettlements_anon_156_v20251217.parquet,86c197cd522e0b63669e9c6e7f43fd3d82b3704c6a126c800a9968ecd16cae14,"parquet_row_1based=85749;latitude_dadata,longitude_dadata",/workspace/settlements-work/continuation_20261004/accepted_graph25_bounded_cases_20261005/accepted_point_uses.parquet,accepted current ownrepresentative point; retrospective physical-place context
Q18801624,2021:data_allsettlements_anon_156_v20251217.parquet:parquet:88076,60.9450116,40.0931691,/workspace/settlements-raw/data/interim/2021_tochno/data_allsettlements_anon_156_v20251217.parquet,86c197cd522e0b63669e9c6e7f43fd3d82b3704c6a126c800a9968ecd16cae14,"parquet_row_1based=88076;latitude_dadata,longitude_dadata",/workspace/settlements-work/continuation_20261004/accepted_graph25_bounded_cases_20261005/accepted_point_uses.parquet,accepted current ownrepresentative point; retrospective physical-place context
Q18801768,2021:data_allsettlements_anon_156_v20251217.parquet:parquet:53523,51.5647429,36.2444434,/workspace/settlements-raw/data/interim/2021_tochno/data_allsettlements_anon_156_v20251217.parquet,86c197cd522e0b63669e9c6e7f43fd3d82b3704c6a126c800a9968ecd16cae14,"parquet_row_1based=53523;latitude_dadata,longitude_dadata",/workspace/settlements-work/continuation_20261004/accepted_graph25_bounded_cases_20261005/accepted_point_uses.parquet,accepted current ownrepresentative point; retrospective physical-place context
Q18801972,2021:data_allsettlements_anon_156_v20251217.parquet:parquet:53897,52.1893102,36.0948852,/workspace/settlements-raw/data/interim/2021_tochno/data_allsettlements_anon_156_v20251217.parquet,86c197cd522e0b63669e9c6e7f43fd3d82b3704c6a126c800a9968ecd16cae14,"parquet_row_1based=53897;latitude_dadata,longitude_dadata",/workspace/settlements-work/continuation_20261004/accepted_graph25_bounded_cases_20261005/accepted_point_uses.parquet,accepted current ownrepresentative point; retrospective physical-place context
Q18803972,2021:data_allsettlements_anon_156_v20251217.parquet:parquet:117945,52.2590922,43.7431322,/workspace/settlements-raw/data/interim/2021_tochno/data_allsettlements_anon_156_v20251217.parquet,86c197cd522e0b63669e9c6e7f43fd3d82b3704c6a126c800a9968ecd16cae14,"parquet_row_1based=117945;latitude_dadata,longitude_dadata",/workspace/settlements-work/continuation_20261004/accepted_graph25_bounded_cases_20261005/accepted_point_uses.parquet,accepted current ownrepresentative point; retrospective physical-place context
Q18804515,2021:data_allsettlements_anon_156_v20251217.parquet:parquet:85750,52.0631759,55.579798,/workspace/settlements-raw/data/interim/2021_tochno/data_allsettlements_anon_156_v20251217.parquet,86c197cd522e0b63669e9c6e7f43fd3d82b3704c6a126c800a9968ecd16cae14,"parquet_row_1based=85750;latitude_dadata,longitude_dadata",/workspace/settlements-work/continuation_20261004/accepted_graph25_bounded_cases_20261005/accepted_point_uses.parquet,accepted current ownrepresentative point; retrospective physical-place context
Q18804765,2021:data_allsettlements_anon_156_v20251217.parquet:parquet:75676,55.1332139,43.7660613,/workspace/settlements-raw/data/interim/2021_tochno/data_allsettlements_anon_156_v20251217.parquet,86c197cd522e0b63669e9c6e7f43fd3d82b3704c6a126c800a9968ecd16cae14,"parquet_row_1based=75676;latitude_dadata,longitude_dadata",/workspace/settlements-work/continuation_20261004/accepted_graph25_bounded_cases_20261005/accepted_point_uses.parquet,accepted current ownrepresentative point; retrospective physical-place context
Q18806075,2021:data_allsettlements_anon_156_v20251217.parquet:parquet:52429,52.2933968,34.9746967,/workspace/settlements-raw/data/interim/2021_tochno/data_allsettlements_anon_156_v20251217.parquet,86c197cd522e0b63669e9c6e7f43fd3d82b3704c6a126c800a9968ecd16cae14,"parquet_row_1based=52429;latitude_dadata,longitude_dadata",/workspace/settlements-work/continuation_20261004/accepted_graph25_bounded_cases_20261005/accepted_point_uses.parquet,accepted current ownrepresentative point; retrospective physical-place context
Q18806250,2021:data_allsettlements_anon_156_v20251217.parquet:parquet:115193,53.3387147,51.3955219,/workspace/settlements-raw/data/interim/2021_tochno/data_allsettlements_anon_156_v20251217.parquet,86c197cd522e0b63669e9c6e7f43fd3d82b3704c6a126c800a9968ecd16cae14,"parquet_row_1based=115193;latitude_dadata,longitude_dadata",/workspace/settlements-work/continuation_20261004/accepted_graph25_bounded_cases_20261005/accepted_point_uses.parquet,accepted current ownrepresentative point; retrospective physical-place context
Q19612570,2021:data_allsettlements_anon_156_v20251217.parquet:parquet:17700,41.686364,48.243845,/workspace/settlements-raw/data/interim/2021_tochno/data_allsettlements_anon_156_v20251217.parquet,86c197cd522e0b63669e9c6e7f43fd3d82b3704c6a126c800a9968ecd16cae14,"parquet_row_1based=17700;latitude_dadata,longitude_dadata",/workspace/settlements-work/continuation_20261004/accepted_graph25_bounded_cases_20261005/accepted_point_uses.parquet,accepted current ownrepresentative point; retrospective physical-place context
Q19612733,2021:data_allsettlements_anon_156_v20251217.parquet:parquet:80389,53.753915,77.3055145,/workspace/settlements-raw/data/interim/2021_tochno/data_allsettlements_anon_156_v20251217.parquet,86c197cd522e0b63669e9c6e7f43fd3d82b3704c6a126c800a9968ecd16cae14,"parquet_row_1based=80389;latitude_dadata,longitude_dadata",/workspace/settlements-work/continuation_20261004/accepted_graph25_bounded_cases_20261005/accepted_point_uses.parquet,accepted current ownrepresentative point; retrospective physical-place context
Q19614423,2021:data_allsettlements_anon_156_v20251217.parquet:parquet:31977,43.9247874,44.1042853,/workspace/settlements-raw/data/interim/2021_tochno/data_allsettlements_anon_156_v20251217.parquet,86c197cd522e0b63669e9c6e7f43fd3d82b3704c6a126c800a9968ecd16cae14,"parquet_row_1based=31977;latitude_dadata,longitude_dadata",/workspace/settlements-work/continuation_20261004/accepted_graph25_bounded_cases_20261005/accepted_point_uses.parquet,accepted current ownrepresentative point; retrospective physical-place context
Q1961629,2021:data_allsettlements_anon_156_v20251217.parquet:parquet:121280,42.8340928,44.3070397,/workspace/settlements-raw/data/interim/2021_tochno/data_allsettlements_anon_156_v20251217.parquet,86c197cd522e0b63669e9c6e7f43fd3d82b3704c6a126c800a9968ecd16cae14,"parquet_row_1based=121280;latitude_dadata,longitude_dadata",/workspace/settlements-work/continuation_20261004/accepted_graph25_bounded_cases_20261005/accepted_point_uses.parquet,accepted current ownrepresentative point; retrospective physical-place context
Q19638807,2021:data_allsettlements_anon_156_v20251217.parquet:parquet:94054,53.7739292,43.35308,/workspace/settlements-raw/data/interim/2021_tochno/data_allsettlements_anon_156_v20251217.parquet,86c197cd522e0b63669e9c6e7f43fd3d82b3704c6a126c800a9968ecd16cae14,"parquet_row_1based=94054;latitude_dadata,longitude_dadata",/workspace/settlements-work/continuation_20261004/accepted_graph25_bounded_cases_20261005/accepted_point_uses.parquet,accepted current ownrepresentative point; retrospective physical-place context
Q19669329,2021:data_allsettlements_anon_156_v20251217.parquet:parquet:94068,53.8944069,43.313719,/workspace/settlements-raw/data/interim/2021_tochno/data_allsettlements_anon_156_v20251217.parquet,86c197cd522e0b63669e9c6e7f43fd3d82b3704c6a126c800a9968ecd16cae14,"parquet_row_1based=94068;latitude_dadata,longitude_dadata",/workspace/settlements-work/continuation_20261004/accepted_graph25_bounded_cases_20261005/accepted_point_uses.parquet,accepted current ownrepresentative point; retrospective physical-place context
Q19669392,2021:data_allsettlements_anon_156_v20251217.parquet:parquet:94056,53.8321699,43.4093797,/workspace/settlements-raw/data/interim/2021_tochno/data_allsettlements_anon_156_v20251217.parquet,86c197cd522e0b63669e9c6e7f43fd3d82b3704c6a126c800a9968ecd16cae14,"parquet_row_1based=94056;latitude_dadata,longitude_dadata",/workspace/settlements-work/continuation_20261004/accepted_graph25_bounded_cases_20261005/accepted_point_uses.parquet,accepted current ownrepresentative point; retrospective physical-place context
Q19677179,2021:data_allsettlements_anon_156_v20251217.parquet:parquet:54807,51.8652534,34.4821925,/workspace/settlements-raw/data/interim/2021_tochno/data_allsettlements_anon_156_v20251217.parquet,86c197cd522e0b63669e9c6e7f43fd3d82b3704c6a126c800a9968ecd16cae14,"parquet_row_1based=54807;latitude_dadata,longitude_dadata",/workspace/settlements-work/continuation_20261004/accepted_graph25_bounded_cases_20261005/accepted_point_uses.parquet,accepted current ownrepresentative point; retrospective physical-place context
Q19677725,2021:data_allsettlements_anon_156_v20251217.parquet:parquet:43952,57.9502665,41.8760428,/workspace/settlements-raw/data/interim/2021_tochno/data_allsettlements_anon_156_v20251217.parquet,86c197cd522e0b63669e9c6e7f43fd3d82b3704c6a126c800a9968ecd16cae14,"parquet_row_1based=43952;latitude_dadata,longitude_dadata",/workspace/settlements-work/continuation_20261004/accepted_graph25_bounded_cases_20261005/accepted_point_uses.parquet,accepted current ownrepresentative point; retrospective physical-place context
Q19677819,2021:data_allsettlements_anon_156_v20251217.parquet:parquet:44235,58.0856402,41.6733302,/workspace/settlements-raw/data/interim/2021_tochno/data_allsettlements_anon_156_v20251217.parquet,86c197cd522e0b63669e9c6e7f43fd3d82b3704c6a126c800a9968ecd16cae14,"parquet_row_1based=44235;latitude_dadata,longitude_dadata",/workspace/settlements-work/continuation_20261004/accepted_graph25_bounded_cases_20261005/accepted_point_uses.parquet,accepted current ownrepresentative point; retrospective physical-place context
Q19677897,2021:data_allsettlements_anon_156_v20251217.parquet:parquet:44246,58.1044524,41.5528804,/workspace/settlements-raw/data/interim/2021_tochno/data_allsettlements_anon_156_v20251217.parquet,86c197cd522e0b63669e9c6e7f43fd3d82b3704c6a126c800a9968ecd16cae14,"parquet_row_1based=44246;latitude_dadata,longitude_dadata",/workspace/settlements-work/continuation_20261004/accepted_graph25_bounded_cases_20261005/accepted_point_uses.parquet,accepted current ownrepresentative point; retrospective physical-place context
Q19685934,2021:data_allsettlements_anon_156_v20251217.parquet:parquet:52427,52.2528005,34.9344885,/workspace/settlements-raw/data/interim/2021_tochno/data_allsettlements_anon_156_v20251217.parquet,86c197cd522e0b63669e9c6e7f43fd3d82b3704c6a126c800a9968ecd16cae14,"parquet_row_1based=52427;latitude_dadata,longitude_dadata",/workspace/settlements-work/continuation_20261004/accepted_graph25_bounded_cases_20261005/accepted_point_uses.parquet,accepted current ownrepresentative point; retrospective physical-place context
Q19686363,2021:data_allsettlements_anon_156_v20251217.parquet:parquet:54905,51.9015327,34.9271579,/workspace/settlements-raw/data/interim/2021_tochno/data_allsettlements_anon_156_v20251217.parquet,86c197cd522e0b63669e9c6e7f43fd3d82b3704c6a126c800a9968ecd16cae14,"parquet_row_1based=54905;latitude_dadata,longitude_dadata",/workspace/settlements-work/continuation_20261004/accepted_graph25_bounded_cases_20261005/accepted_point_uses.parquet,accepted current ownrepresentative point; retrospective physical-place context
Q19691861,2021:data_allsettlements_anon_156_v20251217.parquet:parquet:31980,43.7794228,43.9295057,/workspace/settlements-raw/data/interim/2021_tochno/data_allsettlements_anon_156_v20251217.parquet,86c197cd522e0b63669e9c6e7f43fd3d82b3704c6a126c800a9968ecd16cae14,"parquet_row_1based=31980;latitude_dadata,longitude_dadata",/workspace/settlements-work/continuation_20261004/accepted_graph25_bounded_cases_20261005/accepted_point_uses.parquet,accepted current ownrepresentative point; retrospective physical-place context
Q19811015,2021:data_allsettlements_anon_156_v20251217.parquet:parquet:158128,53.0913194,47.2556586,/workspace/settlements-raw/data/interim/2021_tochno/data_allsettlements_anon_156_v20251217.parquet,86c197cd522e0b63669e9c6e7f43fd3d82b3704c6a126c800a9968ecd16cae14,"parquet_row_1based=158128;latitude_dadata,longitude_dadata",/workspace/settlements-work/continuation_20261004/accepted_graph25_bounded_cases_20261005/accepted_point_uses.parquet,accepted current ownrepresentative point; retrospective physical-place context
Q19811247,2021:data_allsettlements_anon_156_v20251217.parquet:parquet:157761,54.1512055,47.1342572,/workspace/settlements-raw/data/interim/2021_tochno/data_allsettlements_anon_156_v20251217.parquet,86c197cd522e0b63669e9c6e7f43fd3d82b3704c6a126c800a9968ecd16cae14,"parquet_row_1based=157761;latitude_dadata,longitude_dadata",/workspace/settlements-work/continuation_20261004/accepted_graph25_bounded_cases_20261005/accepted_point_uses.parquet,accepted current ownrepresentative point; retrospective physical-place context
Q19814334,2021:data_allsettlements_anon_156_v20251217.parquet:parquet:43198,57.3837385,40.8950265,/workspace/settlements-raw/data/interim/2021_tochno/data_allsettlements_anon_156_v20251217.parquet,86c197cd522e0b63669e9c6e7f43fd3d82b3704c6a126c800a9968ecd16cae14,"parquet_row_1based=43198;latitude_dadata,longitude_dadata",/workspace/settlements-work/continuation_20261004/accepted_graph25_bounded_cases_20261005/accepted_point_uses.parquet,accepted current ownrepresentative point; retrospective physical-place context
Q19814493,2021:data_allsettlements_anon_156_v20251217.parquet:parquet:43467,57.6011078,42.1510948,/workspace/settlements-raw/data/interim/2021_tochno/data_allsettlements_anon_156_v20251217.parquet,86c197cd522e0b63669e9c6e7f43fd3d82b3704c6a126c800a9968ecd16cae14,"parquet_row_1based=43467;latitude_dadata,longitude_dadata",/workspace/settlements-work/continuation_20261004/accepted_graph25_bounded_cases_20261005/accepted_point_uses.parquet,accepted current ownrepresentative point; retrospective physical-place context
Q19826984,2021:data_allsettlements_anon_156_v20251217.parquet:parquet:15785,51.8246096,38.6103281,/workspace/settlements-raw/data/interim/2021_tochno/data_allsettlements_anon_156_v20251217.parquet,86c197cd522e0b63669e9c6e7f43fd3d82b3704c6a126c800a9968ecd16cae14,"parquet_row_1based=15785;latitude_dadata,longitude_dadata",/workspace/settlements-work/continuation_20261004/accepted_graph25_bounded_cases_20261005/accepted_point_uses.parquet,accepted current ownrepresentative point; retrospective physical-place context
Q19847943,2021:data_allsettlements_anon_156_v20251217.parquet:parquet:2612,56.3042892,39.199662,/workspace/settlements-raw/data/interim/2021_tochno/data_allsettlements_anon_156_v20251217.parquet,86c197cd522e0b63669e9c6e7f43fd3d82b3704c6a126c800a9968ecd16cae14,"parquet_row_1based=2612;latitude_dadata,longitude_dadata",/workspace/settlements-work/continuation_20261004/accepted_graph25_bounded_cases_20261005/accepted_point_uses.parquet,accepted current ownrepresentative point; retrospective physical-place context
Q19848164,2021:data_allsettlements_anon_156_v20251217.parquet:parquet:2573,56.2049953,39.1623883,/workspace/settlements-raw/data/interim/2021_tochno/data_allsettlements_anon_156_v20251217.parquet,86c197cd522e0b63669e9c6e7f43fd3d82b3704c6a126c800a9968ecd16cae14,"parquet_row_1based=2573;latitude_dadata,longitude_dadata",/workspace/settlements-work/continuation_20261004/accepted_graph25_bounded_cases_20261005/accepted_point_uses.parquet,accepted current ownrepresentative point; retrospective physical-place context
Q19868805,2021:data_allsettlements_anon_156_v20251217.parquet:parquet:114692,53.1190989,51.186228,/workspace/settlements-raw/data/interim/2021_tochno/data_allsettlements_anon_156_v20251217.parquet,86c197cd522e0b63669e9c6e7f43fd3d82b3704c6a126c800a9968ecd16cae14,"parquet_row_1based=114692;latitude_dadata,longitude_dadata",/workspace/settlements-work/continuation_20261004/accepted_graph25_bounded_cases_20261005/accepted_point_uses.parquet,accepted current ownrepresentative point; retrospective physical-place context
Q1987033,2021:data_allsettlements_anon_156_v20251217.parquet:parquet:71378,66.3965351,36.6056083,/workspace/settlements-raw/data/interim/2021_tochno/data_allsettlements_anon_156_v20251217.parquet,86c197cd522e0b63669e9c6e7f43fd3d82b3704c6a126c800a9968ecd16cae14,"parquet_row_1based=71378;latitude_dadata,longitude_dadata",/workspace/settlements-work/continuation_20261004/accepted_graph25_bounded_cases_20261005/accepted_point_uses.parquet,accepted current ownrepresentative point; retrospective physical-place context
Q19887126,2021:data_allsettlements_anon_156_v20251217.parquet:parquet:3818,56.693593,39.5094817,/workspace/settlements-raw/data/interim/2021_tochno/data_allsettlements_anon_156_v20251217.parquet,86c197cd522e0b63669e9c6e7f43fd3d82b3704c6a126c800a9968ecd16cae14,"parquet_row_1based=3818;latitude_dadata,longitude_dadata",/workspace/settlements-work/continuation_20261004/accepted_graph25_bounded_cases_20261005/accepted_point_uses.parquet,accepted current ownrepresentative point; retrospective physical-place context
Q19908603,2021:data_allsettlements_anon_156_v20251217.parquet:parquet:59913,53.1933068,39.644619,/workspace/settlements-raw/data/interim/2021_tochno/data_allsettlements_anon_156_v20251217.parquet,86c197cd522e0b63669e9c6e7f43fd3d82b3704c6a126c800a9968ecd16cae14,"parquet_row_1based=59913;latitude_dadata,longitude_dadata",/workspace/settlements-work/continuation_20261004/accepted_graph25_bounded_cases_20261005/accepted_point_uses.parquet,accepted current ownrepresentative point; retrospective physical-place context
Q19975509,2021:data_allsettlements_anon_156_v20251217.parquet:parquet:143397,57.4279424,80.9767237,/workspace/settlements-raw/data/interim/2021_tochno/data_allsettlements_anon_156_v20251217.parquet,86c197cd522e0b63669e9c6e7f43fd3d82b3704c6a126c800a9968ecd16cae14,"parquet_row_1based=143397;latitude_dadata,longitude_dadata",/workspace/settlements-work/continuation_20261004/accepted_graph25_bounded_cases_20261005/accepted_point_uses.parquet,accepted current ownrepresentative point; retrospective physical-place context
Q20019214,2021:data_allsettlements_anon_156_v20251217.parquet:parquet:143443,56.5950868,86.4113669,/workspace/settlements-raw/data/interim/2021_tochno/data_allsettlements_anon_156_v20251217.parquet,86c197cd522e0b63669e9c6e7f43fd3d82b3704c6a126c800a9968ecd16cae14,"parquet_row_1based=143443;latitude_dadata,longitude_dadata",/workspace/settlements-work/continuation_20261004/accepted_graph25_bounded_cases_20261005/accepted_point_uses.parquet,accepted current ownrepresentative point; retrospective physical-place context
Q20475474,2021:data_allsettlements_anon_156_v20251217.parquet:parquet:22680,57.2406682,41.0887326,/workspace/settlements-raw/data/interim/2021_tochno/data_allsettlements_anon_156_v20251217.parquet,86c197cd522e0b63669e9c6e7f43fd3d82b3704c6a126c800a9968ecd16cae14,"parquet_row_1based=22680;latitude_dadata,longitude_dadata",/workspace/settlements-work/continuation_20261004/accepted_graph25_bounded_cases_20261005/accepted_point_uses.parquet,accepted current ownrepresentative point; retrospective physical-place context
Q20476166,2021:data_allsettlements_anon_156_v20251217.parquet:parquet:22633,57.2768935,41.0464375,/workspace/settlements-raw/data/interim/2021_tochno/data_allsettlements_anon_156_v20251217.parquet,86c197cd522e0b63669e9c6e7f43fd3d82b3704c6a126c800a9968ecd16cae14,"parquet_row_1based=22633;latitude_dadata,longitude_dadata",/workspace/settlements-work/continuation_20261004/accepted_graph25_bounded_cases_20261005/accepted_point_uses.parquet,accepted current ownrepresentative point; retrospective physical-place context
Q20571439,2021:data_allsettlements_anon_156_v20251217.parquet:parquet:131828,55.4885179,49.5982059,/workspace/settlements-raw/data/interim/2021_tochno/data_allsettlements_anon_156_v20251217.parquet,86c197cd522e0b63669e9c6e7f43fd3d82b3704c6a126c800a9968ecd16cae14,"parquet_row_1based=131828;latitude_dadata,longitude_dadata",/workspace/settlements-work/continuation_20261004/accepted_graph25_bounded_cases_20261005/accepted_point_uses.parquet,accepted current ownrepresentative point; retrospective physical-place context
Q20644619,2021:data_allsettlements_anon_156_v20251217.parquet:parquet:60391,52.0540465,39.0940589,/workspace/settlements-raw/data/interim/2021_tochno/data_allsettlements_anon_156_v20251217.parquet,86c197cd522e0b63669e9c6e7f43fd3d82b3704c6a126c800a9968ecd16cae14,"parquet_row_1based=60391;latitude_dadata,longitude_dadata",/workspace/settlements-work/continuation_20261004/accepted_graph25_bounded_cases_20261005/accepted_point_uses.parquet,accepted current ownrepresentative point; retrospective physical-place context
Q21103963,2021:data_allsettlements_anon_156_v20251217.parquet:parquet:81687,54.0991108,81.4478183,/workspace/settlements-raw/data/interim/2021_tochno/data_allsettlements_anon_156_v20251217.parquet,86c197cd522e0b63669e9c6e7f43fd3d82b3704c6a126c800a9968ecd16cae14,"parquet_row_1based=81687;latitude_dadata,longitude_dadata",/workspace/settlements-work/continuation_20261004/accepted_graph25_bounded_cases_20261005/accepted_point_uses.parquet,accepted current ownrepresentative point; retrospective physical-place context
Q21334827,2021:data_allsettlements_anon_156_v20251217.parquet:parquet:164533,50.766435,37.0373995,/workspace/settlements-raw/data/interim/2021_tochno/data_allsettlements_anon_156_v20251217.parquet,86c197cd522e0b63669e9c6e7f43fd3d82b3704c6a126c800a9968ecd16cae14,"parquet_row_1based=164533;latitude_dadata,longitude_dadata",/workspace/settlements-work/continuation_20261004/accepted_graph25_bounded_cases_20261005/accepted_point_uses.parquet,accepted current ownrepresentative point; retrospective physical-place context
Q21335794,2021:data_allsettlements_anon_156_v20251217.parquet:parquet:164643,50.7481383,37.0646159,/workspace/settlements-raw/data/interim/2021_tochno/data_allsettlements_anon_156_v20251217.parquet,86c197cd522e0b63669e9c6e7f43fd3d82b3704c6a126c800a9968ecd16cae14,"parquet_row_1based=164643;latitude_dadata,longitude_dadata",/workspace/settlements-work/continuation_20261004/accepted_graph25_bounded_cases_20261005/accepted_point_uses.parquet,accepted current ownrepresentative point; retrospective physical-place context
Q21343694,2021:data_allsettlements_anon_156_v20251217.parquet:parquet:164286,50.6224729,36.1002657,/workspace/settlements-raw/data/interim/2021_tochno/data_allsettlements_anon_156_v20251217.parquet,86c197cd522e0b63669e9c6e7f43fd3d82b3704c6a126c800a9968ecd16cae14,"parquet_row_1based=164286;latitude_dadata,longitude_dadata",/workspace/settlements-work/continuation_20261004/accepted_graph25_bounded_cases_20261005/accepted_point_uses.parquet,accepted current ownrepresentative point; retrospective physical-place context
Q21636945,2021:data_allsettlements_anon_156_v20251217.parquet:parquet:92764,53.0050696,36.9386302,/workspace/settlements-raw/data/interim/2021_tochno/data_allsettlements_anon_156_v20251217.parquet,86c197cd522e0b63669e9c6e7f43fd3d82b3704c6a126c800a9968ecd16cae14,"parquet_row_1based=92764;latitude_dadata,longitude_dadata",/workspace/settlements-work/continuation_20261004/accepted_graph25_bounded_cases_20261005/accepted_point_uses.parquet,accepted current ownrepresentative point; retrospective physical-place context
Q21637740,2021:data_allsettlements_anon_156_v20251217.parquet:parquet:17784,41.9225607,47.884738,/workspace/settlements-raw/data/interim/2021_tochno/data_allsettlements_anon_156_v20251217.parquet,86c197cd522e0b63669e9c6e7f43fd3d82b3704c6a126c800a9968ecd16cae14,"parquet_row_1based=17784;latitude_dadata,longitude_dadata",/workspace/settlements-work/continuation_20261004/accepted_graph25_bounded_cases_20261005/accepted_point_uses.parquet,accepted current ownrepresentative point; retrospective physical-place context
Q21638839,2021:data_allsettlements_anon_156_v20251217.parquet:parquet:17781,41.954119,47.8973703,/workspace/settlements-raw/data/interim/2021_tochno/data_allsettlements_anon_156_v20251217.parquet,86c197cd522e0b63669e9c6e7f43fd3d82b3704c6a126c800a9968ecd16cae14,"parquet_row_1based=17781;latitude_dadata,longitude_dadata",/workspace/settlements-work/continuation_20261004/accepted_graph25_bounded_cases_20261005/accepted_point_uses.parquet,accepted current ownrepresentative point; retrospective physical-place context
Q21640554,2021:data_allsettlements_anon_156_v20251217.parquet:parquet:92823,53.0481913,37.1329783,/workspace/settlements-raw/data/interim/2021_tochno/data_allsettlements_anon_156_v20251217.parquet,86c197cd522e0b63669e9c6e7f43fd3d82b3704c6a126c800a9968ecd16cae14,"parquet_row_1based=92823;latitude_dadata,longitude_dadata",/workspace/settlements-work/continuation_20261004/accepted_graph25_bounded_cases_20261005/accepted_point_uses.parquet,accepted current ownrepresentative point; retrospective physical-place context
Q21644542,2021:data_allsettlements_anon_156_v20251217.parquet:parquet:59048,52.22995,40.5549529,/workspace/settlements-raw/data/interim/2021_tochno/data_allsettlements_anon_156_v20251217.parquet,86c197cd522e0b63669e9c6e7f43fd3d82b3704c6a126c800a9968ecd16cae14,"parquet_row_1based=59048;latitude_dadata,longitude_dadata",/workspace/settlements-work/continuation_20261004/accepted_graph25_bounded_cases_20261005/accepted_point_uses.parquet,accepted current ownrepresentative point; retrospective physical-place context
Q21672079,2021:data_allsettlements_anon_156_v20251217.parquet:parquet:165514,51.141081,37.157339,/workspace/settlements-raw/data/interim/2021_tochno/data_allsettlements_anon_156_v20251217.parquet,86c197cd522e0b63669e9c6e7f43fd3d82b3704c6a126c800a9968ecd16cae14,"parquet_row_1based=165514;latitude_dadata,longitude_dadata",/workspace/settlements-work/continuation_20261004/accepted_graph25_bounded_cases_20261005/accepted_point_uses.parquet,accepted current ownrepresentative point; retrospective physical-place context
Q21674071,2021:data_allsettlements_anon_156_v20251217.parquet:parquet:174512,52.245493,32.0708606,/workspace/settlements-raw/data/interim/2021_tochno/data_allsettlements_anon_156_v20251217.parquet,86c197cd522e0b63669e9c6e7f43fd3d82b3704c6a126c800a9968ecd16cae14,"parquet_row_1based=174512;latitude_dadata,longitude_dadata",/workspace/settlements-work/continuation_20261004/accepted_graph25_bounded_cases_20261005/accepted_point_uses.parquet,accepted current ownrepresentative point; retrospective physical-place context
Q22343864,2021:data_allsettlements_anon_156_v20251217.parquet:parquet:59904,53.1539823,39.533593,/workspace/settlements-raw/data/interim/2021_tochno/data_allsettlements_anon_156_v20251217.parquet,86c197cd522e0b63669e9c6e7f43fd3d82b3704c6a126c800a9968ecd16cae14,"parquet_row_1based=59904;latitude_dadata,longitude_dadata",/workspace/settlements-work/continuation_20261004/accepted_graph25_bounded_cases_20261005/accepted_point_uses.parquet,accepted current ownrepresentative point; retrospective physical-place context
Q23835569,2021:data_allsettlements_anon_156_v20251217.parquet:parquet:91266,52.3947644,35.3466329,/workspace/settlements-raw/data/interim/2021_tochno/data_allsettlements_anon_156_v20251217.parquet,86c197cd522e0b63669e9c6e7f43fd3d82b3704c6a126c800a9968ecd16cae14,"parquet_row_1based=91266;latitude_dadata,longitude_dadata",/workspace/settlements-work/continuation_20261004/accepted_graph25_bounded_cases_20261005/accepted_point_uses.parquet,accepted current ownrepresentative point; retrospective physical-place context
Q23838178,2021:data_allsettlements_anon_156_v20251217.parquet:parquet:16192,42.2956646,47.3593669,/workspace/settlements-raw/data/interim/2021_tochno/data_allsettlements_anon_156_v20251217.parquet,86c197cd522e0b63669e9c6e7f43fd3d82b3704c6a126c800a9968ecd16cae14,"parquet_row_1based=16192;latitude_dadata,longitude_dadata",/workspace/settlements-work/continuation_20261004/accepted_graph25_bounded_cases_20261005/accepted_point_uses.parquet,accepted current ownrepresentative point; retrospective physical-place context
Q23838908,2021:data_allsettlements_anon_156_v20251217.parquet:parquet:93926,52.9264874,35.1910985,/workspace/settlements-raw/data/interim/2021_tochno/data_allsettlements_anon_156_v20251217.parquet,86c197cd522e0b63669e9c6e7f43fd3d82b3704c6a126c800a9968ecd16cae14,"parquet_row_1based=93926;latitude_dadata,longitude_dadata",/workspace/settlements-work/continuation_20261004/accepted_graph25_bounded_cases_20261005/accepted_point_uses.parquet,accepted current ownrepresentative point; retrospective physical-place context
Q23842197,2021:data_allsettlements_anon_156_v20251217.parquet:parquet:90846,53.3044545,35.9488917,/workspace/settlements-raw/data/interim/2021_tochno/data_allsettlements_anon_156_v20251217.parquet,86c197cd522e0b63669e9c6e7f43fd3d82b3704c6a126c800a9968ecd16cae14,"parquet_row_1based=90846;latitude_dadata,longitude_dadata",/workspace/settlements-work/continuation_20261004/accepted_graph25_bounded_cases_20261005/accepted_point_uses.parquet,accepted current ownrepresentative point; retrospective physical-place context
Q23844011,2021:data_allsettlements_anon_156_v20251217.parquet:parquet:91653,53.1955468,35.8413758,/workspace/settlements-raw/data/interim/2021_tochno/data_allsettlements_anon_156_v20251217.parquet,86c197cd522e0b63669e9c6e7f43fd3d82b3704c6a126c800a9968ecd16cae14,"parquet_row_1based=91653;latitude_dadata,longitude_dadata",/workspace/settlements-work/continuation_20261004/accepted_graph25_bounded_cases_20261005/accepted_point_uses.parquet,accepted current ownrepresentative point; retrospective physical-place context
Q23845959,2021:data_allsettlements_anon_156_v20251217.parquet:parquet:92770,53.1146631,36.8616405,/workspace/settlements-raw/data/interim/2021_tochno/data_allsettlements_anon_156_v20251217.parquet,86c197cd522e0b63669e9c6e7f43fd3d82b3704c6a126c800a9968ecd16cae14,"parquet_row_1based=92770;latitude_dadata,longitude_dadata",/workspace/settlements-work/continuation_20261004/accepted_graph25_bounded_cases_20261005/accepted_point_uses.parquet,accepted current ownrepresentative point; retrospective physical-place context
Q23846103,2021:data_allsettlements_anon_156_v20251217.parquet:parquet:92821,53.0300717,37.0124827,/workspace/settlements-raw/data/interim/2021_tochno/data_allsettlements_anon_156_v20251217.parquet,86c197cd522e0b63669e9c6e7f43fd3d82b3704c6a126c800a9968ecd16cae14,"parquet_row_1based=92821;latitude_dadata,longitude_dadata",/workspace/settlements-work/continuation_20261004/accepted_graph25_bounded_cases_20261005/accepted_point_uses.parquet,accepted current ownrepresentative point; retrospective physical-place context
Q23846811,2021:data_allsettlements_anon_156_v20251217.parquet:parquet:91650,53.4386857,35.6606426,/workspace/settlements-raw/data/interim/2021_tochno/data_allsettlements_anon_156_v20251217.parquet,86c197cd522e0b63669e9c6e7f43fd3d82b3704c6a126c800a9968ecd16cae14,"parquet_row_1based=91650;latitude_dadata,longitude_dadata",/workspace/settlements-work/continuation_20261004/accepted_graph25_bounded_cases_20261005/accepted_point_uses.parquet,accepted current ownrepresentative point; retrospective physical-place context
Q23847141,2021:data_allsettlements_anon_156_v20251217.parquet:parquet:91016,52.6971378,37.3020211,/workspace/settlements-raw/data/interim/2021_tochno/data_allsettlements_anon_156_v20251217.parquet,86c197cd522e0b63669e9c6e7f43fd3d82b3704c6a126c800a9968ecd16cae14,"parquet_row_1based=91016;latitude_dadata,longitude_dadata",/workspace/settlements-work/continuation_20261004/accepted_graph25_bounded_cases_20261005/accepted_point_uses.parquet,accepted current ownrepresentative point; retrospective physical-place context
Q23847389,2021:data_allsettlements_anon_156_v20251217.parquet:parquet:93760,52.8491974,35.7062332,/workspace/settlements-raw/data/interim/2021_tochno/data_allsettlements_anon_156_v20251217.parquet,86c197cd522e0b63669e9c6e7f43fd3d82b3704c6a126c800a9968ecd16cae14,"parquet_row_1based=93760;latitude_dadata,longitude_dadata",/workspace/settlements-work/continuation_20261004/accepted_graph25_bounded_cases_20261005/accepted_point_uses.parquet,accepted current ownrepresentative point; retrospective physical-place context
Q23847606,2021:data_allsettlements_anon_156_v20251217.parquet:parquet:90989,53.4792425,35.988077,/workspace/settlements-raw/data/interim/2021_tochno/data_allsettlements_anon_156_v20251217.parquet,86c197cd522e0b63669e9c6e7f43fd3d82b3704c6a126c800a9968ecd16cae14,"parquet_row_1based=90989;latitude_dadata,longitude_dadata",/workspace/settlements-work/continuation_20261004/accepted_graph25_bounded_cases_20261005/accepted_point_uses.parquet,accepted current ownrepresentative point; retrospective physical-place context
Q23848002,2021:data_allsettlements_anon_156_v20251217.parquet:parquet:90789,53.461331,35.8321127,/workspace/settlements-raw/data/interim/2021_tochno/data_allsettlements_anon_156_v20251217.parquet,86c197cd522e0b63669e9c6e7f43fd3d82b3704c6a126c800a9968ecd16cae14,"parquet_row_1based=90789;latitude_dadata,longitude_dadata",/workspace/settlements-work/continuation_20261004/accepted_graph25_bounded_cases_20261005/accepted_point_uses.parquet,accepted current ownrepresentative point; retrospective physical-place context
Q23848629,2021:data_allsettlements_anon_156_v20251217.parquet:parquet:92470,53.1805586,36.5151329,/workspace/settlements-raw/data/interim/2021_tochno/data_allsettlements_anon_156_v20251217.parquet,86c197cd522e0b63669e9c6e7f43fd3d82b3704c6a126c800a9968ecd16cae14,"parquet_row_1based=92470;latitude_dadata,longitude_dadata",/workspace/settlements-work/continuation_20261004/accepted_graph25_bounded_cases_20261005/accepted_point_uses.parquet,accepted current ownrepresentative point; retrospective physical-place context
Q23872385,2021:data_allsettlements_anon_156_v20251217.parquet:parquet:93504,52.6968605,35.3105542,/workspace/settlements-raw/data/interim/2021_tochno/data_allsettlements_anon_156_v20251217.parquet,86c197cd522e0b63669e9c6e7f43fd3d82b3704c6a126c800a9968ecd16cae14,"parquet_row_1based=93504;latitude_dadata,longitude_dadata",/workspace/settlements-work/continuation_20261004/accepted_graph25_bounded_cases_20261005/accepted_point_uses.parquet,accepted current ownrepresentative point; retrospective physical-place context
Q23872550,2021:data_allsettlements_anon_156_v20251217.parquet:parquet:91260,52.387604,35.3916617,/workspace/settlements-raw/data/interim/2021_tochno/data_allsettlements_anon_156_v20251217.parquet,86c197cd522e0b63669e9c6e7f43fd3d82b3704c6a126c800a9968ecd16cae14,"parquet_row_1based=91260;latitude_dadata,longitude_dadata",/workspace/settlements-work/continuation_20261004/accepted_graph25_bounded_cases_20261005/accepted_point_uses.parquet,accepted current ownrepresentative point; retrospective physical-place context
Q23875906,2021:data_allsettlements_anon_156_v20251217.parquet:parquet:91595,53.1849036,35.5767871,/workspace/settlements-raw/data/interim/2021_tochno/data_allsettlements_anon_156_v20251217.parquet,86c197cd522e0b63669e9c6e7f43fd3d82b3704c6a126c800a9968ecd16cae14,"parquet_row_1based=91595;latitude_dadata,longitude_dadata",/workspace/settlements-work/continuation_20261004/accepted_graph25_bounded_cases_20261005/accepted_point_uses.parquet,accepted current ownrepresentative point; retrospective physical-place context
Q23876704,2021:data_allsettlements_anon_156_v20251217.parquet:parquet:92338,52.3152671,36.6863218,/workspace/settlements-raw/data/interim/2021_tochno/data_allsettlements_anon_156_v20251217.parquet,86c197cd522e0b63669e9c6e7f43fd3d82b3704c6a126c800a9968ecd16cae14,"parquet_row_1based=92338;latitude_dadata,longitude_dadata",/workspace/settlements-work/continuation_20261004/accepted_graph25_bounded_cases_20261005/accepted_point_uses.parquet,accepted current ownrepresentative point; retrospective physical-place context
Q23876773,2021:data_allsettlements_anon_156_v20251217.parquet:parquet:93767,52.8583501,35.7523857,/workspace/settlements-raw/data/interim/2021_tochno/data_allsettlements_anon_156_v20251217.parquet,86c197cd522e0b63669e9c6e7f43fd3d82b3704c6a126c800a9968ecd16cae14,"parquet_row_1based=93767;latitude_dadata,longitude_dadata",/workspace/settlements-work/continuation_20261004/accepted_graph25_bounded_cases_20261005/accepted_point_uses.parquet,accepted current ownrepresentative point; retrospective physical-place context
Q23876774,2021:data_allsettlements_anon_156_v20251217.parquet:parquet:91197,52.4415458,36.2056429,/workspace/settlements-raw/data/interim/2021_tochno/data_allsettlements_anon_156_v20251217.parquet,86c197cd522e0b63669e9c6e7f43fd3d82b3704c6a126c800a9968ecd16cae14,"parquet_row_1based=91197;latitude_dadata,longitude_dadata",/workspace/settlements-work/continuation_20261004/accepted_graph25_bounded_cases_20261005/accepted_point_uses.parquet,accepted current ownrepresentative point; retrospective physical-place context
Q23876984,2021:data_allsettlements_anon_156_v20251217.parquet:parquet:93481,52.8324359,35.4585943,/workspace/settlements-raw/data/interim/2021_tochno/data_allsettlements_anon_156_v20251217.parquet,86c197cd522e0b63669e9c6e7f43fd3d82b3704c6a126c800a9968ecd16cae14,"parquet_row_1based=93481;latitude_dadata,longitude_dadata",/workspace/settlements-work/continuation_20261004/accepted_graph25_bounded_cases_20261005/accepted_point_uses.parquet,accepted current ownrepresentative point; retrospective physical-place context
Q23877678,2021:data_allsettlements_anon_156_v20251217.parquet:parquet:91230,52.3649058,35.1579787,/workspace/settlements-raw/data/interim/2021_tochno/data_allsettlements_anon_156_v20251217.parquet,86c197cd522e0b63669e9c6e7f43fd3d82b3704c6a126c800a9968ecd16cae14,"parquet_row_1based=91230;latitude_dadata,longitude_dadata",/workspace/settlements-work/continuation_20261004/accepted_graph25_bounded_cases_20261005/accepted_point_uses.parquet,accepted current ownrepresentative point; retrospective physical-place context
Q23878103,2021:data_allsettlements_anon_156_v20251217.parquet:parquet:91185,52.4267378,36.2862512,/workspace/settlements-raw/data/interim/2021_tochno/data_allsettlements_anon_156_v20251217.parquet,86c197cd522e0b63669e9c6e7f43fd3d82b3704c6a126c800a9968ecd16cae14,"parquet_row_1based=91185;latitude_dadata,longitude_dadata",/workspace/settlements-work/continuation_20261004/accepted_graph25_bounded_cases_20261005/accepted_point_uses.parquet,accepted current ownrepresentative point; retrospective physical-place context
Q23878351,2021:data_allsettlements_anon_156_v20251217.parquet:parquet:92996,52.9270826,35.9314555,/workspace/settlements-raw/data/interim/2021_tochno/data_allsettlements_anon_156_v20251217.parquet,86c197cd522e0b63669e9c6e7f43fd3d82b3704c6a126c800a9968ecd16cae14,"parquet_row_1based=92996;latitude_dadata,longitude_dadata",/workspace/settlements-work/continuation_20261004/accepted_graph25_bounded_cases_20261005/accepted_point_uses.parquet,accepted current ownrepresentative point; retrospective physical-place context
Q23878420,2021:data_allsettlements_anon_156_v20251217.parquet:parquet:91521,52.8618295,36.6898373,/workspace/settlements-raw/data/interim/2021_tochno/data_allsettlements_anon_156_v20251217.parquet,86c197cd522e0b63669e9c6e7f43fd3d82b3704c6a126c800a9968ecd16cae14,"parquet_row_1based=91521;latitude_dadata,longitude_dadata",/workspace/settlements-work/continuation_20261004/accepted_graph25_bounded_cases_20261005/accepted_point_uses.parquet,accepted current ownrepresentative point; retrospective physical-place context
Q23879208,2021:data_allsettlements_anon_156_v20251217.parquet:parquet:93227,52.465469,37.1999592,/workspace/settlements-raw/data/interim/2021_tochno/data_allsettlements_anon_156_v20251217.parquet,86c197cd522e0b63669e9c6e7f43fd3d82b3704c6a126c800a9968ecd16cae14,"parquet_row_1based=93227;latitude_dadata,longitude_dadata",/workspace/settlements-work/continuation_20261004/accepted_graph25_bounded_cases_20261005/accepted_point_uses.parquet,accepted current ownrepresentative point; retrospective physical-place context
Q23879522,2021:data_allsettlements_anon_156_v20251217.parquet:parquet:93482,52.8450598,35.4618658,/workspace/settlements-raw/data/interim/2021_tochno/data_allsettlements_anon_156_v20251217.parquet,86c197cd522e0b63669e9c6e7f43fd3d82b3704c6a126c800a9968ecd16cae14,"parquet_row_1based=93482;latitude_dadata,longitude_dadata",/workspace/settlements-work/continuation_20261004/accepted_graph25_bounded_cases_20261005/accepted_point_uses.parquet,accepted current ownrepresentative point; retrospective physical-place context
Q23879996,2021:data_allsettlements_anon_156_v20251217.parquet:parquet:91129,52.6376271,37.1852905,/workspace/settlements-raw/data/interim/2021_tochno/data_allsettlements_anon_156_v20251217.parquet,86c197cd522e0b63669e9c6e7f43fd3d82b3704c6a126c800a9968ecd16cae14,"parquet_row_1based=91129;latitude_dadata,longitude_dadata",/workspace/settlements-work/continuation_20261004/accepted_graph25_bounded_cases_20261005/accepted_point_uses.parquet,accepted current ownrepresentative point; retrospective physical-place context
Q23880021,2021:data_allsettlements_anon_156_v20251217.parquet:parquet:90888,53.3244545,36.080771,/workspace/settlements-raw/data/interim/2021_tochno/data_allsettlements_anon_156_v20251217.parquet,86c197cd522e0b63669e9c6e7f43fd3d82b3704c6a126c800a9968ecd16cae14,"parquet_row_1based=90888;latitude_dadata,longitude_dadata",/workspace/settlements-work/continuation_20261004/accepted_graph25_bounded_cases_20261005/accepted_point_uses.parquet,accepted current ownrepresentative point; retrospective physical-place context
Q23880687,2021:data_allsettlements_anon_156_v20251217.parquet:parquet:90970,53.4132859,35.909963,/workspace/settlements-raw/data/interim/2021_tochno/data_allsettlements_anon_156_v20251217.parquet,86c197cd522e0b63669e9c6e7f43fd3d82b3704c6a126c800a9968ecd16cae14,"parquet_row_1based=90970;latitude_dadata,longitude_dadata",/workspace/settlements-work/continuation_20261004/accepted_graph25_bounded_cases_20261005/accepted_point_uses.parquet,accepted current ownrepresentative point; retrospective physical-place context
Q23881791,2021:data_allsettlements_anon_156_v20251217.parquet:parquet:93597,52.2634092,35.7149455,/workspace/settlements-raw/data/interim/2021_tochno/data_allsettlements_anon_156_v20251217.parquet,86c197cd522e0b63669e9c6e7f43fd3d82b3704c6a126c800a9968ecd16cae14,"parquet_row_1based=93597;latitude_dadata,longitude_dadata",/workspace/settlements-work/continuation_20261004/accepted_graph25_bounded_cases_20261005/accepted_point_uses.parquet,accepted current ownrepresentative point; retrospective physical-place context
Q23882016,2021:data_allsettlements_anon_156_v20251217.parquet:parquet:93549,52.3259649,35.7902913,/workspace/settlements-raw/data/interim/2021_tochno/data_allsettlements_anon_156_v20251217.parquet,86c197cd522e0b63669e9c6e7f43fd3d82b3704c6a126c800a9968ecd16cae14,"parquet_row_1based=93549;latitude_dadata,longitude_dadata",/workspace/settlements-work/continuation_20261004/accepted_graph25_bounded_cases_20261005/accepted_point_uses.parquet,accepted current ownrepresentative point; retrospective physical-place context
Q23882036,2021:data_allsettlements_anon_156_v20251217.parquet:parquet:112821,54.2798315,39.5841033,/workspace/settlements-raw/data/interim/2021_tochno/data_allsettlements_anon_156_v20251217.parquet,86c197cd522e0b63669e9c6e7f43fd3d82b3704c6a126c800a9968ecd16cae14,"parquet_row_1based=112821;latitude_dadata,longitude_dadata",/workspace/settlements-work/continuation_20261004/accepted_graph25_bounded_cases_20261005/accepted_point_uses.parquet,accepted current ownrepresentative point; retrospective physical-place context
Q23882845,2021:data_allsettlements_anon_156_v20251217.parquet:parquet:90971,53.4075425,35.8979951,/workspace/settlements-raw/data/interim/2021_tochno/data_allsettlements_anon_156_v20251217.parquet,86c197cd522e0b63669e9c6e7f43fd3d82b3704c6a126c800a9968ecd16cae14,"parquet_row_1based=90971;latitude_dadata,longitude_dadata",/workspace/settlements-work/continuation_20261004/accepted_graph25_bounded_cases_20261005/accepted_point_uses.parquet,accepted current ownrepresentative point; retrospective physical-place context
Q23883139,2021:data_allsettlements_anon_156_v20251217.parquet:parquet:92519,53.3458393,36.4867421,/workspace/settlements-raw/data/interim/2021_tochno/data_allsettlements_anon_156_v20251217.parquet,86c197cd522e0b63669e9c6e7f43fd3d82b3704c6a126c800a9968ecd16cae14,"parquet_row_1based=92519;latitude_dadata,longitude_dadata",/workspace/settlements-work/continuation_20261004/accepted_graph25_bounded_cases_20261005/accepted_point_uses.parquet,accepted current ownrepresentative point; retrospective physical-place context
Q23883172,2021:data_allsettlements_anon_156_v20251217.parquet:parquet:91291,52.5873722,35.5574651,/workspace/settlements-raw/data/interim/2021_tochno/data_allsettlements_anon_156_v20251217.parquet,86c197cd522e0b63669e9c6e7f43fd3d82b3704c6a126c800a9968ecd16cae14,"parquet_row_1based=91291;latitude_dadata,longitude_dadata",/workspace/settlements-work/continuation_20261004/accepted_graph25_bounded_cases_20261005/accepted_point_uses.parquet,accepted current ownrepresentative point; retrospective physical-place context
Q23884645,2021:data_allsettlements_anon_156_v20251217.parquet:parquet:90790,53.4723655,35.8564137,/workspace/settlements-raw/data/interim/2021_tochno/data_allsettlements_anon_156_v20251217.parquet,86c197cd522e0b63669e9c6e7f43fd3d82b3704c6a126c800a9968ecd16cae14,"parquet_row_1based=90790;latitude_dadata,longitude_dadata",/workspace/settlements-work/continuation_20261004/accepted_graph25_bounded_cases_20261005/accepted_point_uses.parquet,accepted current ownrepresentative point; retrospective physical-place context
Q23884858,2021:data_allsettlements_anon_156_v20251217.parquet:parquet:92119,53.2042375,37.1013748,/workspace/settlements-raw/data/interim/2021_tochno/data_allsettlements_anon_156_v20251217.parquet,86c197cd522e0b63669e9c6e7f43fd3d82b3704c6a126c800a9968ecd16cae14,"parquet_row_1based=92119;latitude_dadata,longitude_dadata",/workspace/settlements-work/continuation_20261004/accepted_graph25_bounded_cases_20261005/accepted_point_uses.parquet,accepted current ownrepresentative point; retrospective physical-place context
Q23885169,2021:data_allsettlements_anon_156_v20251217.parquet:parquet:91645,53.4359514,35.7064317,/workspace/settlements-raw/data/interim/2021_tochno/data_allsettlements_anon_156_v20251217.parquet,86c197cd522e0b63669e9c6e7f43fd3d82b3704c6a126c800a9968ecd16cae14,"parquet_row_1based=91645;latitude_dadata,longitude_dadata",/workspace/settlements-work/continuation_20261004/accepted_graph25_bounded_cases_20261005/accepted_point_uses.parquet,accepted current ownrepresentative point; retrospective physical-place context
Q23953295,2021:data_allsettlements_anon_156_v20251217.parquet:parquet:90801,53.4526459,35.9167555,/workspace/settlements-raw/data/interim/2021_tochno/data_allsettlements_anon_156_v20251217.parquet,86c197cd522e0b63669e9c6e7f43fd3d82b3704c6a126c800a9968ecd16cae14,"parquet_row_1based=90801;latitude_dadata,longitude_dadata",/workspace/settlements-work/continuation_20261004/accepted_graph25_bounded_cases_20261005/accepted_point_uses.parquet,accepted current ownrepresentative point; retrospective physical-place context
Q23953366,2021:data_allsettlements_anon_156_v20251217.parquet:parquet:91231,52.3539154,35.0872258,/workspace/settlements-raw/data/interim/2021_tochno/data_allsettlements_anon_156_v20251217.parquet,86c197cd522e0b63669e9c6e7f43fd3d82b3704c6a126c800a9968ecd16cae14,"parquet_row_1based=91231;latitude_dadata,longitude_dadata",/workspace/settlements-work/continuation_20261004/accepted_graph25_bounded_cases_20261005/accepted_point_uses.parquet,accepted current ownrepresentative point; retrospective physical-place context
Q23953408,2021:data_allsettlements_anon_156_v20251217.parquet:parquet:91640,53.4428964,35.5751189,/workspace/settlements-raw/data/interim/2021_tochno/data_allsettlements_anon_156_v20251217.parquet,86c197cd522e0b63669e9c6e7f43fd3d82b3704c6a126c800a9968ecd16cae14,"parquet_row_1based=91640;latitude_dadata,longitude_dadata",/workspace/settlements-work/continuation_20261004/accepted_graph25_bounded_cases_20261005/accepted_point_uses.parquet,accepted current ownrepresentative point; retrospective physical-place context
Q23953432,2021:data_allsettlements_anon_156_v20251217.parquet:parquet:91863,52.8390041,37.7852246,/workspace/settlements-raw/data/interim/2021_tochno/data_allsettlements_anon_156_v20251217.parquet,86c197cd522e0b63669e9c6e7f43fd3d82b3704c6a126c800a9968ecd16cae14,"parquet_row_1based=91863;latitude_dadata,longitude_dadata",/workspace/settlements-work/continuation_20261004/accepted_graph25_bounded_cases_20261005/accepted_point_uses.parquet,accepted current ownrepresentative point; retrospective physical-place context
Q23953464,2021:data_allsettlements_anon_156_v20251217.parquet:parquet:92093,53.1369743,37.3383352,/workspace/settlements-raw/data/interim/2021_tochno/data_allsettlements_anon_156_v20251217.parquet,86c197cd522e0b63669e9c6e7f43fd3d82b3704c6a126c800a9968ecd16cae14,"parquet_row_1based=92093;latitude_dadata,longitude_dadata",/workspace/settlements-work/continuation_20261004/accepted_graph25_bounded_cases_20261005/accepted_point_uses.parquet,accepted current ownrepresentative point; retrospective physical-place context
Q23953486,2021:data_allsettlements_anon_156_v20251217.parquet:parquet:92172,52.5065145,37.4016445,/workspace/settlements-raw/data/interim/2021_tochno/data_allsettlements_anon_156_v20251217.parquet,86c197cd522e0b63669e9c6e7f43fd3d82b3704c6a126c800a9968ecd16cae14,"parquet_row_1based=92172;latitude_dadata,longitude_dadata",/workspace/settlements-work/continuation_20261004/accepted_graph25_bounded_cases_20261005/accepted_point_uses.parquet,accepted current ownrepresentative point; retrospective physical-place context
Q23976045,2021:data_allsettlements_anon_156_v20251217.parquet:parquet:92173,52.4419589,37.6093069,/workspace/settlements-raw/data/interim/2021_tochno/data_allsettlements_anon_156_v20251217.parquet,86c197cd522e0b63669e9c6e7f43fd3d82b3704c6a126c800a9968ecd16cae14,"parquet_row_1based=92173;latitude_dadata,longitude_dadata",/workspace/settlements-work/continuation_20261004/accepted_graph25_bounded_cases_20261005/accepted_point_uses.parquet,accepted current ownrepresentative point; retrospective physical-place context
Q23976744,2021:data_allsettlements_anon_156_v20251217.parquet:parquet:151609,53.9629329,38.2126039,/workspace/settlements-raw/data/interim/2021_tochno/data_allsettlements_anon_156_v20251217.parquet,86c197cd522e0b63669e9c6e7f43fd3d82b3704c6a126c800a9968ecd16cae14,"parquet_row_1based=151609;latitude_dadata,longitude_dadata",/workspace/settlements-work/continuation_20261004/accepted_graph25_bounded_cases_20261005/accepted_point_uses.parquet,accepted current ownrepresentative point; retrospective physical-place context
Q24070703,2021:data_allsettlements_anon_156_v20251217.parquet:parquet:16596,42.433553,46.8076949,/workspace/settlements-raw/data/interim/2021_tochno/data_allsettlements_anon_156_v20251217.parquet,86c197cd522e0b63669e9c6e7f43fd3d82b3704c6a126c800a9968ecd16cae14,"parquet_row_1based=16596;latitude_dadata,longitude_dadata",/workspace/settlements-work/continuation_20261004/accepted_graph25_bounded_cases_20261005/accepted_point_uses.parquet,accepted current ownrepresentative point; retrospective physical-place context
Q2429233,2021:data_allsettlements_anon_156_v20251217.parquet:parquet:161676,42.7363957,45.5756692,/workspace/settlements-raw/data/interim/2021_tochno/data_allsettlements_anon_156_v20251217.parquet,86c197cd522e0b63669e9c6e7f43fd3d82b3704c6a126c800a9968ecd16cae14,"parquet_row_1based=161676;latitude_dadata,longitude_dadata",/workspace/settlements-work/continuation_20261004/accepted_graph25_bounded_cases_20261005/accepted_point_uses.parquet,accepted current ownrepresentative point; retrospective physical-place context
Q24324558,2021:data_allsettlements_anon_156_v20251217.parquet:parquet:4138,50.9330775,43.6719079,/workspace/settlements-raw/data/interim/2021_tochno/data_allsettlements_anon_156_v20251217.parquet,86c197cd522e0b63669e9c6e7f43fd3d82b3704c6a126c800a9968ecd16cae14,"parquet_row_1based=4138;latitude_dadata,longitude_dadata",/workspace/settlements-work/continuation_20261004/accepted_graph25_bounded_cases_20261005/accepted_point_uses.parquet,accepted current ownrepresentative point; retrospective physical-place context
Q24324620,2021:data_allsettlements_anon_156_v20251217.parquet:parquet:4134,49.5181289,44.6290177,/workspace/settlements-raw/data/interim/2021_tochno/data_allsettlements_anon_156_v20251217.parquet,86c197cd522e0b63669e9c6e7f43fd3d82b3704c6a126c800a9968ecd16cae14,"parquet_row_1based=4134;latitude_dadata,longitude_dadata",/workspace/settlements-work/continuation_20261004/accepted_graph25_bounded_cases_20261005/accepted_point_uses.parquet,accepted current ownrepresentative point; retrospective physical-place context
Q24483317,2021:data_allsettlements_anon_156_v20251217.parquet:parquet:5217,50.7977468,44.2759976,/workspace/settlements-raw/data/interim/2021_tochno/data_allsettlements_anon_156_v20251217.parquet,86c197cd522e0b63669e9c6e7f43fd3d82b3704c6a126c800a9968ecd16cae14,"parquet_row_1based=5217;latitude_dadata,longitude_dadata",/workspace/settlements-work/continuation_20261004/accepted_graph25_bounded_cases_20261005/accepted_point_uses.parquet,accepted current ownrepresentative point; retrospective physical-place context
Q24485029,2021:data_allsettlements_anon_156_v20251217.parquet:parquet:5057,50.026742,47.0150057,/workspace/settlements-raw/data/interim/2021_tochno/data_allsettlements_anon_156_v20251217.parquet,86c197cd522e0b63669e9c6e7f43fd3d82b3704c6a126c800a9968ecd16cae14,"parquet_row_1based=5057;latitude_dadata,longitude_dadata",/workspace/settlements-work/continuation_20261004/accepted_graph25_bounded_cases_20261005/accepted_point_uses.parquet,accepted current ownrepresentative point; retrospective physical-place context
Q24637224,2021:data_allsettlements_anon_156_v20251217.parquet:parquet:59698,53.040195,38.808304,/workspace/settlements-raw/data/interim/2021_tochno/data_allsettlements_anon_156_v20251217.parquet,86c197cd522e0b63669e9c6e7f43fd3d82b3704c6a126c800a9968ecd16cae14,"parquet_row_1based=59698;latitude_dadata,longitude_dadata",/workspace/settlements-work/continuation_20261004/accepted_graph25_bounded_cases_20261005/accepted_point_uses.parquet,accepted current ownrepresentative point; retrospective physical-place context
Q24684782,2021:data_allsettlements_anon_156_v20251217.parquet:parquet:60422,53.0592598,39.8976602,/workspace/settlements-raw/data/interim/2021_tochno/data_allsettlements_anon_156_v20251217.parquet,86c197cd522e0b63669e9c6e7f43fd3d82b3704c6a126c800a9968ecd16cae14,"parquet_row_1based=60422;latitude_dadata,longitude_dadata",/workspace/settlements-work/continuation_20261004/accepted_graph25_bounded_cases_20261005/accepted_point_uses.parquet,accepted current ownrepresentative point; retrospective physical-place context
Q24684792,2021:data_allsettlements_anon_156_v20251217.parquet:parquet:60532,53.2745128,40.0645379,/workspace/settlements-raw/data/interim/2021_tochno/data_allsettlements_anon_156_v20251217.parquet,86c197cd522e0b63669e9c6e7f43fd3d82b3704c6a126c800a9968ecd16cae14,"parquet_row_1based=60532;latitude_dadata,longitude_dadata",/workspace/settlements-work/continuation_20261004/accepted_graph25_bounded_cases_20261005/accepted_point_uses.parquet,accepted current ownrepresentative point; retrospective physical-place context
Q24684852,2021:data_allsettlements_anon_156_v20251217.parquet:parquet:60536,53.1963669,39.9977776,/workspace/settlements-raw/data/interim/2021_tochno/data_allsettlements_anon_156_v20251217.parquet,86c197cd522e0b63669e9c6e7f43fd3d82b3704c6a126c800a9968ecd16cae14,"parquet_row_1based=60536;latitude_dadata,longitude_dadata",/workspace/settlements-work/continuation_20261004/accepted_graph25_bounded_cases_20261005/accepted_point_uses.parquet,accepted current ownrepresentative point; retrospective physical-place context
Q24937740,2021:data_allsettlements_anon_156_v20251217.parquet:parquet:16602,42.397076,46.837406,/workspace/settlements-raw/data/interim/2021_tochno/data_allsettlements_anon_156_v20251217.parquet,86c197cd522e0b63669e9c6e7f43fd3d82b3704c6a126c800a9968ecd16cae14,"parquet_row_1based=16602;latitude_dadata,longitude_dadata",/workspace/settlements-work/continuation_20261004/accepted_graph25_bounded_cases_20261005/accepted_point_uses.parquet,accepted current ownrepresentative point; retrospective physical-place context
Q24937796,2021:data_allsettlements_anon_156_v20251217.parquet:parquet:16667,42.0630315,47.4520394,/workspace/settlements-raw/data/interim/2021_tochno/data_allsettlements_anon_156_v20251217.parquet,86c197cd522e0b63669e9c6e7f43fd3d82b3704c6a126c800a9968ecd16cae14,"parquet_row_1based=16667;latitude_dadata,longitude_dadata",/workspace/settlements-work/continuation_20261004/accepted_graph25_bounded_cases_20261005/accepted_point_uses.parquet,accepted current ownrepresentative point; retrospective physical-place context
Q25396485,2021:data_allsettlements_anon_156_v20251217.parquet:parquet:16709,42.0614288,47.5883792,/workspace/settlements-raw/data/interim/2021_tochno/data_allsettlements_anon_156_v20251217.parquet,86c197cd522e0b63669e9c6e7f43fd3d82b3704c6a126c800a9968ecd16cae14,"parquet_row_1based=16709;latitude_dadata,longitude_dadata",/workspace/settlements-work/continuation_20261004/accepted_graph25_bounded_cases_20261005/accepted_point_uses.parquet,accepted current ownrepresentative point; retrospective physical-place context
Q25610559,2021:data_allsettlements_anon_156_v20251217.parquet:parquet:165696,51.2550467,38.1088928,/workspace/settlements-raw/data/interim/2021_tochno/data_allsettlements_anon_156_v20251217.parquet,86c197cd522e0b63669e9c6e7f43fd3d82b3704c6a126c800a9968ecd16cae14,"parquet_row_1based=165696;latitude_dadata,longitude_dadata",/workspace/settlements-work/continuation_20261004/accepted_graph25_bounded_cases_20261005/accepted_point_uses.parquet,accepted current ownrepresentative point; retrospective physical-place context
Q2569797,2021:data_allsettlements_anon_156_v20251217.parquet:parquet:144137,53.2553514,58.7932595,/workspace/settlements-raw/data/interim/2021_tochno/data_allsettlements_anon_156_v20251217.parquet,86c197cd522e0b63669e9c6e7f43fd3d82b3704c6a126c800a9968ecd16cae14,"parquet_row_1based=144137;latitude_dadata,longitude_dadata",/workspace/settlements-work/continuation_20261004/accepted_graph25_bounded_cases_20261005/accepted_point_uses.parquet,accepted current ownrepresentative point; retrospective physical-place context
Q2569903,2021:data_allsettlements_anon_156_v20251217.parquet:parquet:144270,54.4578936,56.6712259,/workspace/settlements-raw/data/interim/2021_tochno/data_allsettlements_anon_156_v20251217.parquet,86c197cd522e0b63669e9c6e7f43fd3d82b3704c6a126c800a9968ecd16cae14,"parquet_row_1based=144270;latitude_dadata,longitude_dadata",/workspace/settlements-work/continuation_20261004/accepted_graph25_bounded_cases_20261005/accepted_point_uses.parquet,accepted current ownrepresentative point; retrospective physical-place context
Q2571037,2021:data_allsettlements_anon_156_v20251217.parquet:parquet:144605,52.422504,57.8698686,/workspace/settlements-raw/data/interim/2021_tochno/data_allsettlements_anon_156_v20251217.parquet,86c197cd522e0b63669e9c6e7f43fd3d82b3704c6a126c800a9968ecd16cae14,"parquet_row_1based=144605;latitude_dadata,longitude_dadata",/workspace/settlements-work/continuation_20261004/accepted_graph25_bounded_cases_20261005/accepted_point_uses.parquet,accepted current ownrepresentative point; retrospective physical-place context
Q25735589,2021:data_allsettlements_anon_156_v20251217.parquet:parquet:82533,56.9292813,72.6296291,/workspace/settlements-raw/data/interim/2021_tochno/data_allsettlements_anon_156_v20251217.parquet,86c197cd522e0b63669e9c6e7f43fd3d82b3704c6a126c800a9968ecd16cae14,"parquet_row_1based=82533;latitude_dadata,longitude_dadata",/workspace/settlements-work/continuation_20261004/accepted_graph25_bounded_cases_20261005/accepted_point_uses.parquet,accepted current ownrepresentative point; retrospective physical-place context
Q2581309,2021:data_allsettlements_anon_156_v20251217.parquet:parquet:145298,53.8744486,54.068921,/workspace/settlements-raw/data/interim/2021_tochno/data_allsettlements_anon_156_v20251217.parquet,86c197cd522e0b63669e9c6e7f43fd3d82b3704c6a126c800a9968ecd16cae14,"parquet_row_1based=145298;latitude_dadata,longitude_dadata",/workspace/settlements-work/continuation_20261004/accepted_graph25_bounded_cases_20261005/accepted_point_uses.parquet,accepted current ownrepresentative point; retrospective physical-place context
Q2671847,2021:data_allsettlements_anon_156_v20251217.parquet:parquet:146333,51.8506148,56.7612207,/workspace/settlements-raw/data/interim/2021_tochno/data_allsettlements_anon_156_v20251217.parquet,86c197cd522e0b63669e9c6e7f43fd3d82b3704c6a126c800a9968ecd16cae14,"parquet_row_1based=146333;latitude_dadata,longitude_dadata",/workspace/settlements-work/continuation_20261004/accepted_graph25_bounded_cases_20261005/accepted_point_uses.parquet,accepted current ownrepresentative point; retrospective physical-place context
Q27061573,2021:data_allsettlements_anon_156_v20251217.parquet:parquet:17294,42.4097309,47.4564287,/workspace/settlements-raw/data/interim/2021_tochno/data_allsettlements_anon_156_v20251217.parquet,86c197cd522e0b63669e9c6e7f43fd3d82b3704c6a126c800a9968ecd16cae14,"parquet_row_1based=17294;latitude_dadata,longitude_dadata",/workspace/settlements-work/continuation_20261004/accepted_graph25_bounded_cases_20261005/accepted_point_uses.parquet,accepted current ownrepresentative point; retrospective physical-place context
Q27061584,2021:data_allsettlements_anon_156_v20251217.parquet:parquet:17258,42.3410057,47.4350392,/workspace/settlements-raw/data/interim/2021_tochno/data_allsettlements_anon_156_v20251217.parquet,86c197cd522e0b63669e9c6e7f43fd3d82b3704c6a126c800a9968ecd16cae14,"parquet_row_1based=17258;latitude_dadata,longitude_dadata",/workspace/settlements-work/continuation_20261004/accepted_graph25_bounded_cases_20261005/accepted_point_uses.parquet,accepted current ownrepresentative point; retrospective physical-place context
Q27061596,2021:data_allsettlements_anon_156_v20251217.parquet:parquet:17280,42.4243272,47.1001879,/workspace/settlements-raw/data/interim/2021_tochno/data_allsettlements_anon_156_v20251217.parquet,86c197cd522e0b63669e9c6e7f43fd3d82b3704c6a126c800a9968ecd16cae14,"parquet_row_1based=17280;latitude_dadata,longitude_dadata",/workspace/settlements-work/continuation_20261004/accepted_graph25_bounded_cases_20261005/accepted_point_uses.parquet,accepted current ownrepresentative point; retrospective physical-place context
Q27061733,2021:data_allsettlements_anon_156_v20251217.parquet:parquet:17965,42.2042718,46.3167473,/workspace/settlements-raw/data/interim/2021_tochno/data_allsettlements_anon_156_v20251217.parquet,86c197cd522e0b63669e9c6e7f43fd3d82b3704c6a126c800a9968ecd16cae14,"parquet_row_1based=17965;latitude_dadata,longitude_dadata",/workspace/settlements-work/continuation_20261004/accepted_graph25_bounded_cases_20261005/accepted_point_uses.parquet,accepted current ownrepresentative point; retrospective physical-place context
Q27061752,2021:data_allsettlements_anon_156_v20251217.parquet:parquet:17977,42.2098652,46.2985099,/workspace/settlements-raw/data/interim/2021_tochno/data_allsettlements_anon_156_v20251217.parquet,86c197cd522e0b63669e9c6e7f43fd3d82b3704c6a126c800a9968ecd16cae14,"parquet_row_1based=17977;latitude_dadata,longitude_dadata",/workspace/settlements-work/continuation_20261004/accepted_graph25_bounded_cases_20261005/accepted_point_uses.parquet,accepted current ownrepresentative point; retrospective physical-place context
Q27535185,2021:data_allsettlements_anon_156_v20251217.parquet:parquet:118744,46.2829228,48.5295605,/workspace/settlements-raw/data/interim/2021_tochno/data_allsettlements_anon_156_v20251217.parquet,86c197cd522e0b63669e9c6e7f43fd3d82b3704c6a126c800a9968ecd16cae14,"parquet_row_1based=118744;latitude_dadata,longitude_dadata",/workspace/settlements-work/continuation_20261004/accepted_graph25_bounded_cases_20261005/accepted_point_uses.parquet,accepted current ownrepresentative point; retrospective physical-place context
Q27572670,2021:data_allsettlements_anon_156_v20251217.parquet:parquet:28831,54.9876485,36.2463456,/workspace/settlements-raw/data/interim/2021_tochno/data_allsettlements_anon_156_v20251217.parquet,86c197cd522e0b63669e9c6e7f43fd3d82b3704c6a126c800a9968ecd16cae14,"parquet_row_1based=28831;latitude_dadata,longitude_dadata",/workspace/settlements-work/continuation_20261004/accepted_graph25_bounded_cases_20261005/accepted_point_uses.parquet,accepted current ownrepresentative point; retrospective physical-place context
Q27575740,2021:data_allsettlements_anon_156_v20251217.parquet:parquet:33323,56.1028405,85.5016981,/workspace/settlements-raw/data/interim/2021_tochno/data_allsettlements_anon_156_v20251217.parquet,86c197cd522e0b63669e9c6e7f43fd3d82b3704c6a126c800a9968ecd16cae14,"parquet_row_1based=33323;latitude_dadata,longitude_dadata",/workspace/settlements-work/continuation_20261004/accepted_graph25_bounded_cases_20261005/accepted_point_uses.parquet,accepted current ownrepresentative point; retrospective physical-place context
Q28482536,2021:data_allsettlements_anon_156_v20251217.parquet:parquet:153322,51.4225518,92.5956837,/workspace/settlements-raw/data/interim/2021_tochno/data_allsettlements_anon_156_v20251217.parquet,86c197cd522e0b63669e9c6e7f43fd3d82b3704c6a126c800a9968ecd16cae14,"parquet_row_1based=153322;latitude_dadata,longitude_dadata",/workspace/settlements-work/continuation_20261004/accepted_graph25_bounded_cases_20261005/accepted_point_uses.parquet,accepted current ownrepresentative point; retrospective physical-place context
Q28520482,2021:data_allsettlements_anon_156_v20251217.parquet:parquet:143990,56.6746352,84.2425161,/workspace/settlements-raw/data/interim/2021_tochno/data_allsettlements_anon_156_v20251217.parquet,86c197cd522e0b63669e9c6e7f43fd3d82b3704c6a126c800a9968ecd16cae14,"parquet_row_1based=143990;latitude_dadata,longitude_dadata",/workspace/settlements-work/continuation_20261004/accepted_graph25_bounded_cases_20261005/accepted_point_uses.parquet,accepted current ownrepresentative point; retrospective physical-place context
Q28520724,2021:data_allsettlements_anon_156_v20251217.parquet:parquet:143729,57.1086438,86.2309932,/workspace/settlements-raw/data/interim/2021_tochno/data_allsettlements_anon_156_v20251217.parquet,86c197cd522e0b63669e9c6e7f43fd3d82b3704c6a126c800a9968ecd16cae14,"parquet_row_1based=143729;latitude_dadata,longitude_dadata",/workspace/settlements-work/continuation_20261004/accepted_graph25_bounded_cases_20261005/accepted_point_uses.parquet,accepted current ownrepresentative point; retrospective physical-place context
Q28520744,2021:data_allsettlements_anon_156_v20251217.parquet:parquet:143706,57.4149446,86.0521427,/workspace/settlements-raw/data/interim/2021_tochno/data_allsettlements_anon_156_v20251217.parquet,86c197cd522e0b63669e9c6e7f43fd3d82b3704c6a126c800a9968ecd16cae14,"parquet_row_1based=143706;latitude_dadata,longitude_dadata",/workspace/settlements-work/continuation_20261004/accepted_graph25_bounded_cases_20261005/accepted_point_uses.parquet,accepted current ownrepresentative point; retrospective physical-place context
Q29628290,2021:data_allsettlements_anon_156_v20251217.parquet:parquet:143964,56.8268569,83.4630523,/workspace/settlements-raw/data/interim/2021_tochno/data_allsettlements_anon_156_v20251217.parquet,86c197cd522e0b63669e9c6e7f43fd3d82b3704c6a126c800a9968ecd16cae14,"parquet_row_1based=143964;latitude_dadata,longitude_dadata",/workspace/settlements-work/continuation_20261004/accepted_graph25_bounded_cases_20261005/accepted_point_uses.parquet,accepted current ownrepresentative point; retrospective physical-place context
Q3097569,2021:data_allsettlements_anon_156_v20251217.parquet:parquet:119528,56.8672998,60.2941707,/workspace/settlements-raw/data/interim/2021_tochno/data_allsettlements_anon_156_v20251217.parquet,86c197cd522e0b63669e9c6e7f43fd3d82b3704c6a126c800a9968ecd16cae14,"parquet_row_1based=119528;latitude_dadata,longitude_dadata",/workspace/settlements-work/continuation_20261004/accepted_graph25_bounded_cases_20261005/accepted_point_uses.parquet,accepted current ownrepresentative point; retrospective physical-place context
Q3968120,2021:data_allsettlements_anon_156_v20251217.parquet:parquet:151802,53.5677369,37.0355512,/workspace/settlements-raw/data/interim/2021_tochno/data_allsettlements_anon_156_v20251217.parquet,86c197cd522e0b63669e9c6e7f43fd3d82b3704c6a126c800a9968ecd16cae14,"parquet_row_1based=151802;latitude_dadata,longitude_dadata",/workspace/settlements-work/continuation_20261004/accepted_graph25_bounded_cases_20261005/accepted_point_uses.parquet,accepted current ownrepresentative point; retrospective physical-place context
Q4027945,2021:data_allsettlements_anon_156_v20251217.parquet:parquet:144654,52.8771926,58.516138,/workspace/settlements-raw/data/interim/2021_tochno/data_allsettlements_anon_156_v20251217.parquet,86c197cd522e0b63669e9c6e7f43fd3d82b3704c6a126c800a9968ecd16cae14,"parquet_row_1based=144654;latitude_dadata,longitude_dadata",/workspace/settlements-work/continuation_20261004/accepted_graph25_bounded_cases_20261005/accepted_point_uses.parquet,accepted current ownrepresentative point; retrospective physical-place context
Q4058720,2021:data_allsettlements_anon_156_v20251217.parquet:parquet:17872,43.994141,46.718723,/workspace/settlements-raw/data/interim/2021_tochno/data_allsettlements_anon_156_v20251217.parquet,86c197cd522e0b63669e9c6e7f43fd3d82b3704c6a126c800a9968ecd16cae14,"parquet_row_1based=17872;latitude_dadata,longitude_dadata",/workspace/settlements-work/continuation_20261004/accepted_graph25_bounded_cases_20261005/accepted_point_uses.parquet,accepted current ownrepresentative point; retrospective physical-place context
Q4061218,2021:data_allsettlements_anon_156_v20251217.parquet:parquet:84870,53.0790668,53.3303522,/workspace/settlements-raw/data/interim/2021_tochno/data_allsettlements_anon_156_v20251217.parquet,86c197cd522e0b63669e9c6e7f43fd3d82b3704c6a126c800a9968ecd16cae14,"parquet_row_1based=84870;latitude_dadata,longitude_dadata",/workspace/settlements-work/continuation_20261004/accepted_graph25_bounded_cases_20261005/accepted_point_uses.parquet,accepted current ownrepresentative point; retrospective physical-place context
Q4061323,2021:data_allsettlements_anon_156_v20251217.parquet:parquet:115792,53.355388,49.4736261,/workspace/settlements-raw/data/interim/2021_tochno/data_allsettlements_anon_156_v20251217.parquet,86c197cd522e0b63669e9c6e7f43fd3d82b3704c6a126c800a9968ecd16cae14,"parquet_row_1based=115792;latitude_dadata,longitude_dadata",/workspace/settlements-work/continuation_20261004/accepted_graph25_bounded_cases_20261005/accepted_point_uses.parquet,accepted current ownrepresentative point; retrospective physical-place context
Q4061836,2021:data_allsettlements_anon_156_v20251217.parquet:parquet:118273,52.306857,48.0271931,/workspace/settlements-raw/data/interim/2021_tochno/data_allsettlements_anon_156_v20251217.parquet,86c197cd522e0b63669e9c6e7f43fd3d82b3704c6a126c800a9968ecd16cae14,"parquet_row_1based=118273;latitude_dadata,longitude_dadata",/workspace/settlements-work/continuation_20261004/accepted_graph25_bounded_cases_20261005/accepted_point_uses.parquet,accepted current ownrepresentative point; retrospective physical-place context
Q4063173,2021:data_allsettlements_anon_156_v20251217.parquet:parquet:16932,42.3400433,47.79239,/workspace/settlements-raw/data/interim/2021_tochno/data_allsettlements_anon_156_v20251217.parquet,86c197cd522e0b63669e9c6e7f43fd3d82b3704c6a126c800a9968ecd16cae14,"parquet_row_1based=16932;latitude_dadata,longitude_dadata",/workspace/settlements-work/continuation_20261004/accepted_graph25_bounded_cases_20261005/accepted_point_uses.parquet,accepted current ownrepresentative point; retrospective physical-place context
Q4065768,2021:data_allsettlements_anon_156_v20251217.parquet:parquet:2925,56.0319914,39.6502837,/workspace/settlements-raw/data/interim/2021_tochno/data_allsettlements_anon_156_v20251217.parquet,86c197cd522e0b63669e9c6e7f43fd3d82b3704c6a126c800a9968ecd16cae14,"parquet_row_1based=2925;latitude_dadata,longitude_dadata",/workspace/settlements-work/continuation_20261004/accepted_graph25_bounded_cases_20261005/accepted_point_uses.parquet,accepted current ownrepresentative point; retrospective physical-place context
Q4066239,2021:data_allsettlements_anon_156_v20251217.parquet:parquet:146762,53.4336984,56.2415781,/workspace/settlements-raw/data/interim/2021_tochno/data_allsettlements_anon_156_v20251217.parquet,86c197cd522e0b63669e9c6e7f43fd3d82b3704c6a126c800a9968ecd16cae14,"parquet_row_1based=146762;latitude_dadata,longitude_dadata",/workspace/settlements-work/continuation_20261004/accepted_graph25_bounded_cases_20261005/accepted_point_uses.parquet,accepted current ownrepresentative point; retrospective physical-place context
Q4067479,2021:data_allsettlements_anon_156_v20251217.parquet:parquet:115708,53.9536722,51.3232158,/workspace/settlements-raw/data/interim/2021_tochno/data_allsettlements_anon_156_v20251217.parquet,86c197cd522e0b63669e9c6e7f43fd3d82b3704c6a126c800a9968ecd16cae14,"parquet_row_1based=115708;latitude_dadata,longitude_dadata",/workspace/settlements-work/continuation_20261004/accepted_graph25_bounded_cases_20261005/accepted_point_uses.parquet,accepted current ownrepresentative point; retrospective physical-place context
Q4067770,2021:data_allsettlements_anon_156_v20251217.parquet:parquet:16435,42.722908,46.2393333,/workspace/settlements-raw/data/interim/2021_tochno/data_allsettlements_anon_156_v20251217.parquet,86c197cd522e0b63669e9c6e7f43fd3d82b3704c6a126c800a9968ecd16cae14,"parquet_row_1based=16435;latitude_dadata,longitude_dadata",/workspace/settlements-work/continuation_20261004/accepted_graph25_bounded_cases_20261005/accepted_point_uses.parquet,accepted current ownrepresentative point; retrospective physical-place context
Q4067824,2021:data_allsettlements_anon_156_v20251217.parquet:parquet:16276,42.6081821,46.2724831,/workspace/settlements-raw/data/interim/2021_tochno/data_allsettlements_anon_156_v20251217.parquet,86c197cd522e0b63669e9c6e7f43fd3d82b3704c6a126c800a9968ecd16cae14,"parquet_row_1based=16276;latitude_dadata,longitude_dadata",/workspace/settlements-work/continuation_20261004/accepted_graph25_bounded_cases_20261005/accepted_point_uses.parquet,accepted current ownrepresentative point; retrospective physical-place context
Q4067891,2021:data_allsettlements_anon_156_v20251217.parquet:parquet:147992,53.6024095,54.9770491,/workspace/settlements-raw/data/interim/2021_tochno/data_allsettlements_anon_156_v20251217.parquet,86c197cd522e0b63669e9c6e7f43fd3d82b3704c6a126c800a9968ecd16cae14,"parquet_row_1based=147992;latitude_dadata,longitude_dadata",/workspace/settlements-work/continuation_20261004/accepted_graph25_bounded_cases_20261005/accepted_point_uses.parquet,accepted current ownrepresentative point; retrospective physical-place context
Q4068378,2021:data_allsettlements_anon_156_v20251217.parquet:parquet:16748,41.9659622,48.3304156,/workspace/settlements-raw/data/interim/2021_tochno/data_allsettlements_anon_156_v20251217.parquet,86c197cd522e0b63669e9c6e7f43fd3d82b3704c6a126c800a9968ecd16cae14,"parquet_row_1based=16748;latitude_dadata,longitude_dadata",/workspace/settlements-work/continuation_20261004/accepted_graph25_bounded_cases_20261005/accepted_point_uses.parquet,accepted current ownrepresentative point; retrospective physical-place context
Q4069174,2021:data_allsettlements_anon_156_v20251217.parquet:parquet:161545,42.759632,46.050255,/workspace/settlements-raw/data/interim/2021_tochno/data_allsettlements_anon_156_v20251217.parquet,86c197cd522e0b63669e9c6e7f43fd3d82b3704c6a126c800a9968ecd16cae14,"parquet_row_1based=161545;latitude_dadata,longitude_dadata",/workspace/settlements-work/continuation_20261004/accepted_graph25_bounded_cases_20261005/accepted_point_uses.parquet,accepted current ownrepresentative point; retrospective physical-place context
Q4070090,2021:data_allsettlements_anon_156_v20251217.parquet:parquet:161544,42.713142,46.063259,/workspace/settlements-raw/data/interim/2021_tochno/data_allsettlements_anon_156_v20251217.parquet,86c197cd522e0b63669e9c6e7f43fd3d82b3704c6a126c800a9968ecd16cae14,"parquet_row_1based=161544;latitude_dadata,longitude_dadata",/workspace/settlements-work/continuation_20261004/accepted_graph25_bounded_cases_20261005/accepted_point_uses.parquet,accepted current ownrepresentative point; retrospective physical-place context
Q4070212,2021:data_allsettlements_anon_156_v20251217.parquet:parquet:12764,60.3133545,39.5654087,/workspace/settlements-raw/data/interim/2021_tochno/data_allsettlements_anon_156_v20251217.parquet,86c197cd522e0b63669e9c6e7f43fd3d82b3704c6a126c800a9968ecd16cae14,"parquet_row_1based=12764;latitude_dadata,longitude_dadata",/workspace/settlements-work/continuation_20261004/accepted_graph25_bounded_cases_20261005/accepted_point_uses.parquet,accepted current ownrepresentative point; retrospective physical-place context
Q4070636,2021:data_allsettlements_anon_156_v20251217.parquet:parquet:150453,53.2639013,37.7001815,/workspace/settlements-raw/data/interim/2021_tochno/data_allsettlements_anon_156_v20251217.parquet,86c197cd522e0b63669e9c6e7f43fd3d82b3704c6a126c800a9968ecd16cae14,"parquet_row_1based=150453;latitude_dadata,longitude_dadata",/workspace/settlements-work/continuation_20261004/accepted_graph25_bounded_cases_20261005/accepted_point_uses.parquet,accepted current ownrepresentative point; retrospective physical-place context
Q4071008,2021:data_allsettlements_anon_156_v20251217.parquet:parquet:27023,46.6653156,44.5245761,/workspace/settlements-raw/data/interim/2021_tochno/data_allsettlements_anon_156_v20251217.parquet,86c197cd522e0b63669e9c6e7f43fd3d82b3704c6a126c800a9968ecd16cae14,"parquet_row_1based=27023;latitude_dadata,longitude_dadata",/workspace/settlements-work/continuation_20261004/accepted_graph25_bounded_cases_20261005/accepted_point_uses.parquet,accepted current ownrepresentative point; retrospective physical-place context
Q4073190,2021:data_allsettlements_anon_156_v20251217.parquet:parquet:16843,43.496696,47.120369,/workspace/settlements-raw/data/interim/2021_tochno/data_allsettlements_anon_156_v20251217.parquet,86c197cd522e0b63669e9c6e7f43fd3d82b3704c6a126c800a9968ecd16cae14,"parquet_row_1based=16843;latitude_dadata,longitude_dadata",/workspace/settlements-work/continuation_20261004/accepted_graph25_bounded_cases_20261005/accepted_point_uses.parquet,accepted current ownrepresentative point; retrospective physical-place context
Q4073347,2021:data_allsettlements_anon_156_v20251217.parquet:parquet:161739,43.0824546,46.1386983,/workspace/settlements-raw/data/interim/2021_tochno/data_allsettlements_anon_156_v20251217.parquet,86c197cd522e0b63669e9c6e7f43fd3d82b3704c6a126c800a9968ecd16cae14,"parquet_row_1based=161739;latitude_dadata,longitude_dadata",/workspace/settlements-work/continuation_20261004/accepted_graph25_bounded_cases_20261005/accepted_point_uses.parquet,accepted current ownrepresentative point; retrospective physical-place context
Q4074348,2021:data_allsettlements_anon_156_v20251217.parquet:parquet:75543,56.2113398,43.6040991,/workspace/settlements-raw/data/interim/2021_tochno/data_allsettlements_anon_156_v20251217.parquet,86c197cd522e0b63669e9c6e7f43fd3d82b3704c6a126c800a9968ecd16cae14,"parquet_row_1based=75543;latitude_dadata,longitude_dadata",/workspace/settlements-work/continuation_20261004/accepted_graph25_bounded_cases_20261005/accepted_point_uses.parquet,accepted current ownrepresentative point; retrospective physical-place context
Q4077183,2021:data_allsettlements_anon_156_v20251217.parquet:parquet:17446,43.1488196,46.4496738,/workspace/settlements-raw/data/interim/2021_tochno/data_allsettlements_anon_156_v20251217.parquet,86c197cd522e0b63669e9c6e7f43fd3d82b3704c6a126c800a9968ecd16cae14,"parquet_row_1based=17446;latitude_dadata,longitude_dadata",/workspace/settlements-work/continuation_20261004/accepted_graph25_bounded_cases_20261005/accepted_point_uses.parquet,accepted current ownrepresentative point; retrospective physical-place context
Q4080088,2021:data_allsettlements_anon_156_v20251217.parquet:parquet:161685,42.8044863,45.6213994,/workspace/settlements-raw/data/interim/2021_tochno/data_allsettlements_anon_156_v20251217.parquet,86c197cd522e0b63669e9c6e7f43fd3d82b3704c6a126c800a9968ecd16cae14,"parquet_row_1based=161685;latitude_dadata,longitude_dadata",/workspace/settlements-work/continuation_20261004/accepted_graph25_bounded_cases_20261005/accepted_point_uses.parquet,accepted current ownrepresentative point; retrospective physical-place context
Q4080344,2021:data_allsettlements_anon_156_v20251217.parquet:parquet:598,50.7004854,103.4693502,/workspace/settlements-raw/data/interim/2021_tochno/data_allsettlements_anon_156_v20251217.parquet,86c197cd522e0b63669e9c6e7f43fd3d82b3704c6a126c800a9968ecd16cae14,"parquet_row_1based=598;latitude_dadata,longitude_dadata",/workspace/settlements-work/continuation_20261004/accepted_graph25_bounded_cases_20261005/accepted_point_uses.parquet,accepted current ownrepresentative point; retrospective physical-place context
Q4083848,2021:data_allsettlements_anon_156_v20251217.parquet:parquet:161901,42.8354307,45.7568774,/workspace/settlements-raw/data/interim/2021_tochno/data_allsettlements_anon_156_v20251217.parquet,86c197cd522e0b63669e9c6e7f43fd3d82b3704c6a126c800a9968ecd16cae14,"parquet_row_1based=161901;latitude_dadata,longitude_dadata",/workspace/settlements-work/continuation_20261004/accepted_graph25_bounded_cases_20261005/accepted_point_uses.parquet,accepted current ownrepresentative point; retrospective physical-place context
Q4085453,2021:data_allsettlements_anon_156_v20251217.parquet:parquet:15795,51.9699943,38.3216377,/workspace/settlements-raw/data/interim/2021_tochno/data_allsettlements_anon_156_v20251217.parquet,86c197cd522e0b63669e9c6e7f43fd3d82b3704c6a126c800a9968ecd16cae14,"parquet_row_1based=15795;latitude_dadata,longitude_dadata",/workspace/settlements-work/continuation_20261004/accepted_graph25_bounded_cases_20261005/accepted_point_uses.parquet,accepted current ownrepresentative point; retrospective physical-place context
Q4085456,2021:data_allsettlements_anon_156_v20251217.parquet:parquet:60166,52.013432,38.3168681,/workspace/settlements-raw/data/interim/2021_tochno/data_allsettlements_anon_156_v20251217.parquet,86c197cd522e0b63669e9c6e7f43fd3d82b3704c6a126c800a9968ecd16cae14,"parquet_row_1based=60166;latitude_dadata,longitude_dadata",/workspace/settlements-work/continuation_20261004/accepted_graph25_bounded_cases_20261005/accepted_point_uses.parquet,accepted current ownrepresentative point; retrospective physical-place context
Q4086097,2021:data_allsettlements_anon_156_v20251217.parquet:parquet:161893,43.1245618,46.3050257,/workspace/settlements-raw/data/interim/2021_tochno/data_allsettlements_anon_156_v20251217.parquet,86c197cd522e0b63669e9c6e7f43fd3d82b3704c6a126c800a9968ecd16cae14,"parquet_row_1based=161893;latitude_dadata,longitude_dadata",/workspace/settlements-work/continuation_20261004/accepted_graph25_bounded_cases_20261005/accepted_point_uses.parquet,accepted current ownrepresentative point; retrospective physical-place context
Q4086766,2021:data_allsettlements_anon_156_v20251217.parquet:parquet:16809,42.0862852,48.1350831,/workspace/settlements-raw/data/interim/2021_tochno/data_allsettlements_anon_156_v20251217.parquet,86c197cd522e0b63669e9c6e7f43fd3d82b3704c6a126c800a9968ecd16cae14,"parquet_row_1based=16809;latitude_dadata,longitude_dadata",/workspace/settlements-work/continuation_20261004/accepted_graph25_bounded_cases_20261005/accepted_point_uses.parquet,accepted current ownrepresentative point; retrospective physical-place context
Q4091879,2021:data_allsettlements_anon_156_v20251217.parquet:parquet:143338,56.890667,86.2004965,/workspace/settlements-raw/data/interim/2021_tochno/data_allsettlements_anon_156_v20251217.parquet,86c197cd522e0b63669e9c6e7f43fd3d82b3704c6a126c800a9968ecd16cae14,"parquet_row_1based=143338;latitude_dadata,longitude_dadata",/workspace/settlements-work/continuation_20261004/accepted_graph25_bounded_cases_20261005/accepted_point_uses.parquet,accepted current ownrepresentative point; retrospective physical-place context
Q4097386,2021:data_allsettlements_anon_156_v20251217.parquet:parquet:27731,54.002391,35.0615762,/workspace/settlements-raw/data/interim/2021_tochno/data_allsettlements_anon_156_v20251217.parquet,86c197cd522e0b63669e9c6e7f43fd3d82b3704c6a126c800a9968ecd16cae14,"parquet_row_1based=27731;latitude_dadata,longitude_dadata",/workspace/settlements-work/continuation_20261004/accepted_graph25_bounded_cases_20261005/accepted_point_uses.parquet,accepted current ownrepresentative point; retrospective physical-place context
Q4097556,2021:data_allsettlements_anon_156_v20251217.parquet:parquet:17020,44.3056995,47.0468242,/workspace/settlements-raw/data/interim/2021_tochno/data_allsettlements_anon_156_v20251217.parquet,86c197cd522e0b63669e9c6e7f43fd3d82b3704c6a126c800a9968ecd16cae14,"parquet_row_1based=17020;latitude_dadata,longitude_dadata",/workspace/settlements-work/continuation_20261004/accepted_graph25_bounded_cases_20261005/accepted_point_uses.parquet,accepted current ownrepresentative point; retrospective physical-place context
Q4108257,2021:data_allsettlements_anon_156_v20251217.parquet:parquet:161571,43.025661,46.033604,/workspace/settlements-raw/data/interim/2021_tochno/data_allsettlements_anon_156_v20251217.parquet,86c197cd522e0b63669e9c6e7f43fd3d82b3704c6a126c800a9968ecd16cae14,"parquet_row_1based=161571;latitude_dadata,longitude_dadata",/workspace/settlements-work/continuation_20261004/accepted_graph25_bounded_cases_20261005/accepted_point_uses.parquet,accepted current ownrepresentative point; retrospective physical-place context
Q4109823,2021:data_allsettlements_anon_156_v20251217.parquet:parquet:121405,43.7690178,44.724296,/workspace/settlements-raw/data/interim/2021_tochno/data_allsettlements_anon_156_v20251217.parquet,86c197cd522e0b63669e9c6e7f43fd3d82b3704c6a126c800a9968ecd16cae14,"parquet_row_1based=121405;latitude_dadata,longitude_dadata",/workspace/settlements-work/continuation_20261004/accepted_graph25_bounded_cases_20261005/accepted_point_uses.parquet,accepted current ownrepresentative point; retrospective physical-place context
Q4124829,2021:data_allsettlements_anon_156_v20251217.parquet:parquet:14318,51.8728191,40.2858278,/workspace/settlements-raw/data/interim/2021_tochno/data_allsettlements_anon_156_v20251217.parquet,86c197cd522e0b63669e9c6e7f43fd3d82b3704c6a126c800a9968ecd16cae14,"parquet_row_1based=14318;latitude_dadata,longitude_dadata",/workspace/settlements-work/continuation_20261004/accepted_graph25_bounded_cases_20261005/accepted_point_uses.parquet,accepted current ownrepresentative point; retrospective physical-place context
Q4126162,2021:data_allsettlements_anon_156_v20251217.parquet:parquet:162020,43.5553156,46.385869,/workspace/settlements-raw/data/interim/2021_tochno/data_allsettlements_anon_156_v20251217.parquet,86c197cd522e0b63669e9c6e7f43fd3d82b3704c6a126c800a9968ecd16cae14,"parquet_row_1based=162020;latitude_dadata,longitude_dadata",/workspace/settlements-work/continuation_20261004/accepted_graph25_bounded_cases_20261005/accepted_point_uses.parquet,accepted current ownrepresentative point; retrospective physical-place context
Q4126530,2021:data_allsettlements_anon_156_v20251217.parquet:parquet:145641,54.6492033,54.5693699,/workspace/settlements-raw/data/interim/2021_tochno/data_allsettlements_anon_156_v20251217.parquet,86c197cd522e0b63669e9c6e7f43fd3d82b3704c6a126c800a9968ecd16cae14,"parquet_row_1based=145641;latitude_dadata,longitude_dadata",/workspace/settlements-work/continuation_20261004/accepted_graph25_bounded_cases_20261005/accepted_point_uses.parquet,accepted current ownrepresentative point; retrospective physical-place context
Q4131393,2021:data_allsettlements_anon_156_v20251217.parquet:parquet:59861,53.3431226,39.6992063,/workspace/settlements-raw/data/interim/2021_tochno/data_allsettlements_anon_156_v20251217.parquet,86c197cd522e0b63669e9c6e7f43fd3d82b3704c6a126c800a9968ecd16cae14,"parquet_row_1based=59861;latitude_dadata,longitude_dadata",/workspace/settlements-work/continuation_20261004/accepted_graph25_bounded_cases_20261005/accepted_point_uses.parquet,accepted current ownrepresentative point; retrospective physical-place context
Q4134869,2021:data_allsettlements_anon_156_v20251217.parquet:parquet:23154,43.3990475,44.5991852,/workspace/settlements-raw/data/interim/2021_tochno/data_allsettlements_anon_156_v20251217.parquet,86c197cd522e0b63669e9c6e7f43fd3d82b3704c6a126c800a9968ecd16cae14,"parquet_row_1based=23154;latitude_dadata,longitude_dadata",/workspace/settlements-work/continuation_20261004/accepted_graph25_bounded_cases_20261005/accepted_point_uses.parquet,accepted current ownrepresentative point; retrospective physical-place context
Q4135043,2021:data_allsettlements_anon_156_v20251217.parquet:parquet:17347,42.7291227,47.4000616,/workspace/settlements-raw/data/interim/2021_tochno/data_allsettlements_anon_156_v20251217.parquet,86c197cd522e0b63669e9c6e7f43fd3d82b3704c6a126c800a9968ecd16cae14,"parquet_row_1based=17347;latitude_dadata,longitude_dadata",/workspace/settlements-work/continuation_20261004/accepted_graph25_bounded_cases_20261005/accepted_point_uses.parquet,accepted current ownrepresentative point; retrospective physical-place context
Q4135062,2021:data_allsettlements_anon_156_v20251217.parquet:parquet:16968,43.1508861,46.8569951,/workspace/settlements-raw/data/interim/2021_tochno/data_allsettlements_anon_156_v20251217.parquet,86c197cd522e0b63669e9c6e7f43fd3d82b3704c6a126c800a9968ecd16cae14,"parquet_row_1based=16968;latitude_dadata,longitude_dadata",/workspace/settlements-work/continuation_20261004/accepted_graph25_bounded_cases_20261005/accepted_point_uses.parquet,accepted current ownrepresentative point; retrospective physical-place context
Q4143793,2021:data_allsettlements_anon_156_v20251217.parquet:parquet:161852,43.0394203,46.2258417,/workspace/settlements-raw/data/interim/2021_tochno/data_allsettlements_anon_156_v20251217.parquet,86c197cd522e0b63669e9c6e7f43fd3d82b3704c6a126c800a9968ecd16cae14,"parquet_row_1based=161852;latitude_dadata,longitude_dadata",/workspace/settlements-work/continuation_20261004/accepted_graph25_bounded_cases_20261005/accepted_point_uses.parquet,accepted current ownrepresentative point; retrospective physical-place context
Q4144679,2021:data_allsettlements_anon_156_v20251217.parquet:parquet:161430,54.9832146,59.8678782,/workspace/settlements-raw/data/interim/2021_tochno/data_allsettlements_anon_156_v20251217.parquet,86c197cd522e0b63669e9c6e7f43fd3d82b3704c6a126c800a9968ecd16cae14,"parquet_row_1based=161430;latitude_dadata,longitude_dadata",/workspace/settlements-work/continuation_20261004/accepted_graph25_bounded_cases_20261005/accepted_point_uses.parquet,accepted current ownrepresentative point; retrospective physical-place context
Q4147134,2021:data_allsettlements_anon_156_v20251217.parquet:parquet:18209,42.5185738,46.8833034,/workspace/settlements-raw/data/interim/2021_tochno/data_allsettlements_anon_156_v20251217.parquet,86c197cd522e0b63669e9c6e7f43fd3d82b3704c6a126c800a9968ecd16cae14,"parquet_row_1based=18209;latitude_dadata,longitude_dadata",/workspace/settlements-work/continuation_20261004/accepted_graph25_bounded_cases_20261005/accepted_point_uses.parquet,accepted current ownrepresentative point; retrospective physical-place context
Q4153097,2021:data_allsettlements_anon_156_v20251217.parquet:parquet:161684,42.7991171,45.6335155,/workspace/settlements-raw/data/interim/2021_tochno/data_allsettlements_anon_156_v20251217.parquet,86c197cd522e0b63669e9c6e7f43fd3d82b3704c6a126c800a9968ecd16cae14,"parquet_row_1based=161684;latitude_dadata,longitude_dadata",/workspace/settlements-work/continuation_20261004/accepted_graph25_bounded_cases_20261005/accepted_point_uses.parquet,accepted current ownrepresentative point; retrospective physical-place context
Q4155199,2021:data_allsettlements_anon_156_v20251217.parquet:parquet:161857,43.0147535,46.4040315,/workspace/settlements-raw/data/interim/2021_tochno/data_allsettlements_anon_156_v20251217.parquet,86c197cd522e0b63669e9c6e7f43fd3d82b3704c6a126c800a9968ecd16cae14,"parquet_row_1based=161857;latitude_dadata,longitude_dadata",/workspace/settlements-work/continuation_20261004/accepted_graph25_bounded_cases_20261005/accepted_point_uses.parquet,accepted current ownrepresentative point; retrospective physical-place context
Q4156579,2021:data_allsettlements_anon_156_v20251217.parquet:parquet:161903,42.836571,45.735954,/workspace/settlements-raw/data/interim/2021_tochno/data_allsettlements_anon_156_v20251217.parquet,86c197cd522e0b63669e9c6e7f43fd3d82b3704c6a126c800a9968ecd16cae14,"parquet_row_1based=161903;latitude_dadata,longitude_dadata",/workspace/settlements-work/continuation_20261004/accepted_graph25_bounded_cases_20261005/accepted_point_uses.parquet,accepted current ownrepresentative point; retrospective physical-place context
Q4186826,2021:data_allsettlements_anon_156_v20251217.parquet:parquet:58830,53.3669192,39.0849954,/workspace/settlements-raw/data/interim/2021_tochno/data_allsettlements_anon_156_v20251217.parquet,86c197cd522e0b63669e9c6e7f43fd3d82b3704c6a126c800a9968ecd16cae14,"parquet_row_1based=58830;latitude_dadata,longitude_dadata",/workspace/settlements-work/continuation_20261004/accepted_graph25_bounded_cases_20261005/accepted_point_uses.parquet,accepted current ownrepresentative point; retrospective physical-place context
Q4190382,2021:data_allsettlements_anon_156_v20251217.parquet:parquet:17358,42.7690617,47.6896981,/workspace/settlements-raw/data/interim/2021_tochno/data_allsettlements_anon_156_v20251217.parquet,86c197cd522e0b63669e9c6e7f43fd3d82b3704c6a126c800a9968ecd16cae14,"parquet_row_1based=17358;latitude_dadata,longitude_dadata",/workspace/settlements-work/continuation_20261004/accepted_graph25_bounded_cases_20261005/accepted_point_uses.parquet,accepted current ownrepresentative point; retrospective physical-place context
Q4194504,2021:data_allsettlements_anon_156_v20251217.parquet:parquet:16976,43.1997489,46.8107509,/workspace/settlements-raw/data/interim/2021_tochno/data_allsettlements_anon_156_v20251217.parquet,86c197cd522e0b63669e9c6e7f43fd3d82b3704c6a126c800a9968ecd16cae14,"parquet_row_1based=16976;latitude_dadata,longitude_dadata",/workspace/settlements-work/continuation_20261004/accepted_graph25_bounded_cases_20261005/accepted_point_uses.parquet,accepted current ownrepresentative point; retrospective physical-place context
Q4199001,2021:data_allsettlements_anon_156_v20251217.parquet:parquet:27008,46.4195562,44.4795013,/workspace/settlements-raw/data/interim/2021_tochno/data_allsettlements_anon_156_v20251217.parquet,86c197cd522e0b63669e9c6e7f43fd3d82b3704c6a126c800a9968ecd16cae14,"parquet_row_1based=27008;latitude_dadata,longitude_dadata",/workspace/settlements-work/continuation_20261004/accepted_graph25_bounded_cases_20261005/accepted_point_uses.parquet,accepted current ownrepresentative point; retrospective physical-place context
Q4200189,2021:data_allsettlements_anon_156_v20251217.parquet:parquet:17058,43.855069,46.6931484,/workspace/settlements-raw/data/interim/2021_tochno/data_allsettlements_anon_156_v20251217.parquet,86c197cd522e0b63669e9c6e7f43fd3d82b3704c6a126c800a9968ecd16cae14,"parquet_row_1based=17058;latitude_dadata,longitude_dadata",/workspace/settlements-work/continuation_20261004/accepted_graph25_bounded_cases_20261005/accepted_point_uses.parquet,accepted current ownrepresentative point; retrospective physical-place context
Q4205721,2021:data_allsettlements_anon_156_v20251217.parquet:parquet:161875,43.0751028,46.3469127,/workspace/settlements-raw/data/interim/2021_tochno/data_allsettlements_anon_156_v20251217.parquet,86c197cd522e0b63669e9c6e7f43fd3d82b3704c6a126c800a9968ecd16cae14,"parquet_row_1based=161875;latitude_dadata,longitude_dadata",/workspace/settlements-work/continuation_20261004/accepted_graph25_bounded_cases_20261005/accepted_point_uses.parquet,accepted current ownrepresentative point; retrospective physical-place context
Q4207276,2021:data_allsettlements_anon_156_v20251217.parquet:parquet:17606,42.4958343,47.6089435,/workspace/settlements-raw/data/interim/2021_tochno/data_allsettlements_anon_156_v20251217.parquet,86c197cd522e0b63669e9c6e7f43fd3d82b3704c6a126c800a9968ecd16cae14,"parquet_row_1based=17606;latitude_dadata,longitude_dadata",/workspace/settlements-work/continuation_20261004/accepted_graph25_bounded_cases_20261005/accepted_point_uses.parquet,accepted current ownrepresentative point; retrospective physical-place context
Q4219153,2021:data_allsettlements_anon_156_v20251217.parquet:parquet:161556,42.949406,45.843918,/workspace/settlements-raw/data/interim/2021_tochno/data_allsettlements_anon_156_v20251217.parquet,86c197cd522e0b63669e9c6e7f43fd3d82b3704c6a126c800a9968ecd16cae14,"parquet_row_1based=161556;latitude_dadata,longitude_dadata",/workspace/settlements-work/continuation_20261004/accepted_graph25_bounded_cases_20261005/accepted_point_uses.parquet,accepted current ownrepresentative point; retrospective physical-place context
Q4220991,2021:data_allsettlements_anon_156_v20251217.parquet:parquet:147537,52.6596626,55.4292623,/workspace/settlements-raw/data/interim/2021_tochno/data_allsettlements_anon_156_v20251217.parquet,86c197cd522e0b63669e9c6e7f43fd3d82b3704c6a126c800a9968ecd16cae14,"parquet_row_1based=147537;latitude_dadata,longitude_dadata",/workspace/settlements-work/continuation_20261004/accepted_graph25_bounded_cases_20261005/accepted_point_uses.parquet,accepted current ownrepresentative point; retrospective physical-place context
Q4228057,2021:data_allsettlements_anon_156_v20251217.parquet:parquet:18007,42.6796721,46.6858179,/workspace/settlements-raw/data/interim/2021_tochno/data_allsettlements_anon_156_v20251217.parquet,86c197cd522e0b63669e9c6e7f43fd3d82b3704c6a126c800a9968ecd16cae14,"parquet_row_1based=18007;latitude_dadata,longitude_dadata",/workspace/settlements-work/continuation_20261004/accepted_graph25_bounded_cases_20261005/accepted_point_uses.parquet,accepted current ownrepresentative point; retrospective physical-place context
Q4231810,2021:data_allsettlements_anon_156_v20251217.parquet:parquet:26772,54.7415458,20.1880877,/workspace/settlements-raw/data/interim/2021_tochno/data_allsettlements_anon_156_v20251217.parquet,86c197cd522e0b63669e9c6e7f43fd3d82b3704c6a126c800a9968ecd16cae14,"parquet_row_1based=26772;latitude_dadata,longitude_dadata",/workspace/settlements-work/continuation_20261004/accepted_graph25_bounded_cases_20261005/accepted_point_uses.parquet,accepted current ownrepresentative point; retrospective physical-place context
Q4232854,2021:data_allsettlements_anon_156_v20251217.parquet:parquet:161730,43.0892951,46.1493818,/workspace/settlements-raw/data/interim/2021_tochno/data_allsettlements_anon_156_v20251217.parquet,86c197cd522e0b63669e9c6e7f43fd3d82b3704c6a126c800a9968ecd16cae14,"parquet_row_1based=161730;latitude_dadata,longitude_dadata",/workspace/settlements-work/continuation_20261004/accepted_graph25_bounded_cases_20261005/accepted_point_uses.parquet,accepted current ownrepresentative point; retrospective physical-place context
Q4235088,2021:data_allsettlements_anon_156_v20251217.parquet:parquet:43248,57.5831443,40.7632655,/workspace/settlements-raw/data/interim/2021_tochno/data_allsettlements_anon_156_v20251217.parquet,86c197cd522e0b63669e9c6e7f43fd3d82b3704c6a126c800a9968ecd16cae14,"parquet_row_1based=43248;latitude_dadata,longitude_dadata",/workspace/settlements-work/continuation_20261004/accepted_graph25_bounded_cases_20261005/accepted_point_uses.parquet,accepted current ownrepresentative point; retrospective physical-place context
Q4236911,2021:data_allsettlements_anon_156_v20251217.parquet:parquet:17144,41.5229313,47.8650368,/workspace/settlements-raw/data/interim/2021_tochno/data_allsettlements_anon_156_v20251217.parquet,86c197cd522e0b63669e9c6e7f43fd3d82b3704c6a126c800a9968ecd16cae14,"parquet_row_1based=17144;latitude_dadata,longitude_dadata",/workspace/settlements-work/continuation_20261004/accepted_graph25_bounded_cases_20261005/accepted_point_uses.parquet,accepted current ownrepresentative point; retrospective physical-place context
Q4239045,2021:data_allsettlements_anon_156_v20251217.parquet:parquet:31937,43.939851,44.0147838,/workspace/settlements-raw/data/interim/2021_tochno/data_allsettlements_anon_156_v20251217.parquet,86c197cd522e0b63669e9c6e7f43fd3d82b3704c6a126c800a9968ecd16cae14,"parquet_row_1based=31937;latitude_dadata,longitude_dadata",/workspace/settlements-work/continuation_20261004/accepted_graph25_bounded_cases_20261005/accepted_point_uses.parquet,accepted current ownrepresentative point; retrospective physical-place context
Q4239496,2021:data_allsettlements_anon_156_v20251217.parquet:parquet:59345,52.6235586,38.3285077,/workspace/settlements-raw/data/interim/2021_tochno/data_allsettlements_anon_156_v20251217.parquet,86c197cd522e0b63669e9c6e7f43fd3d82b3704c6a126c800a9968ecd16cae14,"parquet_row_1based=59345;latitude_dadata,longitude_dadata",/workspace/settlements-work/continuation_20261004/accepted_graph25_bounded_cases_20261005/accepted_point_uses.parquet,accepted current ownrepresentative point; retrospective physical-place context
Q4239544,2021:data_allsettlements_anon_156_v20251217.parquet:parquet:2311,56.1058368,41.383507,/workspace/settlements-raw/data/interim/2021_tochno/data_allsettlements_anon_156_v20251217.parquet,86c197cd522e0b63669e9c6e7f43fd3d82b3704c6a126c800a9968ecd16cae14,"parquet_row_1based=2311;latitude_dadata,longitude_dadata",/workspace/settlements-work/continuation_20261004/accepted_graph25_bounded_cases_20261005/accepted_point_uses.parquet,accepted current ownrepresentative point; retrospective physical-place context
Q4250400,2021:data_allsettlements_anon_156_v20251217.parquet:parquet:148495,54.4589267,53.623241,/workspace/settlements-raw/data/interim/2021_tochno/data_allsettlements_anon_156_v20251217.parquet,86c197cd522e0b63669e9c6e7f43fd3d82b3704c6a126c800a9968ecd16cae14,"parquet_row_1based=148495;latitude_dadata,longitude_dadata",/workspace/settlements-work/continuation_20261004/accepted_graph25_bounded_cases_20261005/accepted_point_uses.parquet,accepted current ownrepresentative point; retrospective physical-place context
Q4259675,2021:data_allsettlements_anon_156_v20251217.parquet:parquet:75549,56.2967316,43.4623972,/workspace/settlements-raw/data/interim/2021_tochno/data_allsettlements_anon_156_v20251217.parquet,86c197cd522e0b63669e9c6e7f43fd3d82b3704c6a126c800a9968ecd16cae14,"parquet_row_1based=75549;latitude_dadata,longitude_dadata",/workspace/settlements-work/continuation_20261004/accepted_graph25_bounded_cases_20261005/accepted_point_uses.parquet,accepted current ownrepresentative point; retrospective physical-place context
Q4278212,2021:data_allsettlements_anon_156_v20251217.parquet:parquet:17009,43.8992265,46.8153982,/workspace/settlements-raw/data/interim/2021_tochno/data_allsettlements_anon_156_v20251217.parquet,86c197cd522e0b63669e9c6e7f43fd3d82b3704c6a126c800a9968ecd16cae14,"parquet_row_1based=17009;latitude_dadata,longitude_dadata",/workspace/settlements-work/continuation_20261004/accepted_graph25_bounded_cases_20261005/accepted_point_uses.parquet,accepted current ownrepresentative point; retrospective physical-place context
Q4283369,2021:data_allsettlements_anon_156_v20251217.parquet:parquet:14239,51.8772963,40.3137693,/workspace/settlements-raw/data/interim/2021_tochno/data_allsettlements_anon_156_v20251217.parquet,86c197cd522e0b63669e9c6e7f43fd3d82b3704c6a126c800a9968ecd16cae14,"parquet_row_1based=14239;latitude_dadata,longitude_dadata",/workspace/settlements-work/continuation_20261004/accepted_graph25_bounded_cases_20261005/accepted_point_uses.parquet,accepted current ownrepresentative point; retrospective physical-place context
Q4283788,2021:data_allsettlements_anon_156_v20251217.parquet:parquet:161855,43.059158,46.275208,/workspace/settlements-raw/data/interim/2021_tochno/data_allsettlements_anon_156_v20251217.parquet,86c197cd522e0b63669e9c6e7f43fd3d82b3704c6a126c800a9968ecd16cae14,"parquet_row_1based=161855;latitude_dadata,longitude_dadata",/workspace/settlements-work/continuation_20261004/accepted_graph25_bounded_cases_20261005/accepted_point_uses.parquet,accepted current ownrepresentative point; retrospective physical-place context
Q4292408,2021:data_allsettlements_anon_156_v20251217.parquet:parquet:144227,53.9004455,54.9295389,/workspace/settlements-raw/data/interim/2021_tochno/data_allsettlements_anon_156_v20251217.parquet,86c197cd522e0b63669e9c6e7f43fd3d82b3704c6a126c800a9968ecd16cae14,"parquet_row_1based=144227;latitude_dadata,longitude_dadata",/workspace/settlements-work/continuation_20261004/accepted_graph25_bounded_cases_20261005/accepted_point_uses.parquet,accepted current ownrepresentative point; retrospective physical-place context
Q4293033,2021:data_allsettlements_anon_156_v20251217.parquet:parquet:17553,41.6376677,47.1672037,/workspace/settlements-raw/data/interim/2021_tochno/data_allsettlements_anon_156_v20251217.parquet,86c197cd522e0b63669e9c6e7f43fd3d82b3704c6a126c800a9968ecd16cae14,"parquet_row_1based=17553;latitude_dadata,longitude_dadata",/workspace/settlements-work/continuation_20261004/accepted_graph25_bounded_cases_20261005/accepted_point_uses.parquet,accepted current ownrepresentative point; retrospective physical-place context
Q4297989,2021:data_allsettlements_anon_156_v20251217.parquet:parquet:22681,57.2126304,41.053569,/workspace/settlements-raw/data/interim/2021_tochno/data_allsettlements_anon_156_v20251217.parquet,86c197cd522e0b63669e9c6e7f43fd3d82b3704c6a126c800a9968ecd16cae14,"parquet_row_1based=22681;latitude_dadata,longitude_dadata",/workspace/settlements-work/continuation_20261004/accepted_graph25_bounded_cases_20261005/accepted_point_uses.parquet,accepted current ownrepresentative point; retrospective physical-place context
Q4302359,2021:data_allsettlements_anon_156_v20251217.parquet:parquet:174104,53.3007848,33.6104111,/workspace/settlements-raw/data/interim/2021_tochno/data_allsettlements_anon_156_v20251217.parquet,86c197cd522e0b63669e9c6e7f43fd3d82b3704c6a126c800a9968ecd16cae14,"parquet_row_1based=174104;latitude_dadata,longitude_dadata",/workspace/settlements-work/continuation_20261004/accepted_graph25_bounded_cases_20261005/accepted_point_uses.parquet,accepted current ownrepresentative point; retrospective physical-place context
Q4305732,2021:data_allsettlements_anon_156_v20251217.parquet:parquet:21683,56.4434665,42.6305143,/workspace/settlements-raw/data/interim/2021_tochno/data_allsettlements_anon_156_v20251217.parquet,86c197cd522e0b63669e9c6e7f43fd3d82b3704c6a126c800a9968ecd16cae14,"parquet_row_1based=21683;latitude_dadata,longitude_dadata",/workspace/settlements-work/continuation_20261004/accepted_graph25_bounded_cases_20261005/accepted_point_uses.parquet,accepted current ownrepresentative point; retrospective physical-place context
Q4307845,2021:data_allsettlements_anon_156_v20251217.parquet:parquet:147524,52.4467479,55.8138013,/workspace/settlements-raw/data/interim/2021_tochno/data_allsettlements_anon_156_v20251217.parquet,86c197cd522e0b63669e9c6e7f43fd3d82b3704c6a126c800a9968ecd16cae14,"parquet_row_1based=147524;latitude_dadata,longitude_dadata",/workspace/settlements-work/continuation_20261004/accepted_graph25_bounded_cases_20261005/accepted_point_uses.parquet,accepted current ownrepresentative point; retrospective physical-place context
Q4312447,2021:data_allsettlements_anon_156_v20251217.parquet:parquet:27013,46.621237,44.0607545,/workspace/settlements-raw/data/interim/2021_tochno/data_allsettlements_anon_156_v20251217.parquet,86c197cd522e0b63669e9c6e7f43fd3d82b3704c6a126c800a9968ecd16cae14,"parquet_row_1based=27013;latitude_dadata,longitude_dadata",/workspace/settlements-work/continuation_20261004/accepted_graph25_bounded_cases_20261005/accepted_point_uses.parquet,accepted current ownrepresentative point; retrospective physical-place context
Q4312838,2021:data_allsettlements_anon_156_v20251217.parquet:parquet:16528,43.6076245,46.8691268,/workspace/settlements-raw/data/interim/2021_tochno/data_allsettlements_anon_156_v20251217.parquet,86c197cd522e0b63669e9c6e7f43fd3d82b3704c6a126c800a9968ecd16cae14,"parquet_row_1based=16528;latitude_dadata,longitude_dadata",/workspace/settlements-work/continuation_20261004/accepted_graph25_bounded_cases_20261005/accepted_point_uses.parquet,accepted current ownrepresentative point; retrospective physical-place context
Q4321026,2021:data_allsettlements_anon_156_v20251217.parquet:parquet:95587,52.5918453,43.4064164,/workspace/settlements-raw/data/interim/2021_tochno/data_allsettlements_anon_156_v20251217.parquet,86c197cd522e0b63669e9c6e7f43fd3d82b3704c6a126c800a9968ecd16cae14,"parquet_row_1based=95587;latitude_dadata,longitude_dadata",/workspace/settlements-work/continuation_20261004/accepted_graph25_bounded_cases_20261005/accepted_point_uses.parquet,accepted current ownrepresentative point; retrospective physical-place context
Q4323178,2021:data_allsettlements_anon_156_v20251217.parquet:parquet:143912,56.7118774,85.8944559,/workspace/settlements-raw/data/interim/2021_tochno/data_allsettlements_anon_156_v20251217.parquet,86c197cd522e0b63669e9c6e7f43fd3d82b3704c6a126c800a9968ecd16cae14,"parquet_row_1based=143912;latitude_dadata,longitude_dadata",/workspace/settlements-work/continuation_20261004/accepted_graph25_bounded_cases_20261005/accepted_point_uses.parquet,accepted current ownrepresentative point; retrospective physical-place context
Q4323743,2021:data_allsettlements_anon_156_v20251217.parquet:parquet:16527,42.7816959,46.6036037,/workspace/settlements-raw/data/interim/2021_tochno/data_allsettlements_anon_156_v20251217.parquet,86c197cd522e0b63669e9c6e7f43fd3d82b3704c6a126c800a9968ecd16cae14,"parquet_row_1based=16527;latitude_dadata,longitude_dadata",/workspace/settlements-work/continuation_20261004/accepted_graph25_bounded_cases_20261005/accepted_point_uses.parquet,accepted current ownrepresentative point; retrospective physical-place context
Q4324286,2021:data_allsettlements_anon_156_v20251217.parquet:parquet:17074,43.8838731,46.5692467,/workspace/settlements-raw/data/interim/2021_tochno/data_allsettlements_anon_156_v20251217.parquet,86c197cd522e0b63669e9c6e7f43fd3d82b3704c6a126c800a9968ecd16cae14,"parquet_row_1based=17074;latitude_dadata,longitude_dadata",/workspace/settlements-work/continuation_20261004/accepted_graph25_bounded_cases_20261005/accepted_point_uses.parquet,accepted current ownrepresentative point; retrospective physical-place context
Q4324355,2021:data_allsettlements_anon_156_v20251217.parquet:parquet:143356,57.0539835,86.06162,/workspace/settlements-raw/data/interim/2021_tochno/data_allsettlements_anon_156_v20251217.parquet,86c197cd522e0b63669e9c6e7f43fd3d82b3704c6a126c800a9968ecd16cae14,"parquet_row_1based=143356;latitude_dadata,longitude_dadata",/workspace/settlements-work/continuation_20261004/accepted_graph25_bounded_cases_20261005/accepted_point_uses.parquet,accepted current ownrepresentative point; retrospective physical-place context
Q4325560,2021:data_allsettlements_anon_156_v20251217.parquet:parquet:18084,43.3852582,46.5850571,/workspace/settlements-raw/data/interim/2021_tochno/data_allsettlements_anon_156_v20251217.parquet,86c197cd522e0b63669e9c6e7f43fd3d82b3704c6a126c800a9968ecd16cae14,"parquet_row_1based=18084;latitude_dadata,longitude_dadata",/workspace/settlements-work/continuation_20261004/accepted_graph25_bounded_cases_20261005/accepted_point_uses.parquet,accepted current ownrepresentative point; retrospective physical-place context
Q4325665,2021:data_allsettlements_anon_156_v20251217.parquet:parquet:26711,54.5388063,22.3122934,/workspace/settlements-raw/data/interim/2021_tochno/data_allsettlements_anon_156_v20251217.parquet,86c197cd522e0b63669e9c6e7f43fd3d82b3704c6a126c800a9968ecd16cae14,"parquet_row_1based=26711;latitude_dadata,longitude_dadata",/workspace/settlements-work/continuation_20261004/accepted_graph25_bounded_cases_20261005/accepted_point_uses.parquet,accepted current ownrepresentative point; retrospective physical-place context
Q4326647,2021:data_allsettlements_anon_156_v20251217.parquet:parquet:161866,43.134697,46.357864,/workspace/settlements-raw/data/interim/2021_tochno/data_allsettlements_anon_156_v20251217.parquet,86c197cd522e0b63669e9c6e7f43fd3d82b3704c6a126c800a9968ecd16cae14,"parquet_row_1based=161866;latitude_dadata,longitude_dadata",/workspace/settlements-work/continuation_20261004/accepted_graph25_bounded_cases_20261005/accepted_point_uses.parquet,accepted current ownrepresentative point; retrospective physical-place context
Q4332012,2021:data_allsettlements_anon_156_v20251217.parquet:parquet:91262,52.4128349,35.3192007,/workspace/settlements-raw/data/interim/2021_tochno/data_allsettlements_anon_156_v20251217.parquet,86c197cd522e0b63669e9c6e7f43fd3d82b3704c6a126c800a9968ecd16cae14,"parquet_row_1based=91262;latitude_dadata,longitude_dadata",/workspace/settlements-work/continuation_20261004/accepted_graph25_bounded_cases_20261005/accepted_point_uses.parquet,accepted current ownrepresentative point; retrospective physical-place context
Q4333066,2021:data_allsettlements_anon_156_v20251217.parquet:parquet:21200,57.1346193,40.3356188,/workspace/settlements-raw/data/interim/2021_tochno/data_allsettlements_anon_156_v20251217.parquet,86c197cd522e0b63669e9c6e7f43fd3d82b3704c6a126c800a9968ecd16cae14,"parquet_row_1based=21200;latitude_dadata,longitude_dadata",/workspace/settlements-work/continuation_20261004/accepted_graph25_bounded_cases_20261005/accepted_point_uses.parquet,accepted current ownrepresentative point; retrospective physical-place context
Q4334310,2021:data_allsettlements_anon_156_v20251217.parquet:parquet:148680,54.5520943,56.0352315,/workspace/settlements-raw/data/interim/2021_tochno/data_allsettlements_anon_156_v20251217.parquet,86c197cd522e0b63669e9c6e7f43fd3d82b3704c6a126c800a9968ecd16cae14,"parquet_row_1based=148680;latitude_dadata,longitude_dadata",/workspace/settlements-work/continuation_20261004/accepted_graph25_bounded_cases_20261005/accepted_point_uses.parquet,accepted current ownrepresentative point; retrospective physical-place context
Q4359868,2021:data_allsettlements_anon_156_v20251217.parquet:parquet:143533,56.406934,83.4538454,/workspace/settlements-raw/data/interim/2021_tochno/data_allsettlements_anon_156_v20251217.parquet,86c197cd522e0b63669e9c6e7f43fd3d82b3704c6a126c800a9968ecd16cae14,"parquet_row_1based=143533;latitude_dadata,longitude_dadata",/workspace/settlements-work/continuation_20261004/accepted_graph25_bounded_cases_20261005/accepted_point_uses.parquet,accepted current ownrepresentative point; retrospective physical-place context
Q4385711,2021:data_allsettlements_anon_156_v20251217.parquet:parquet:71384,66.192378,39.5307111,/workspace/settlements-raw/data/interim/2021_tochno/data_allsettlements_anon_156_v20251217.parquet,86c197cd522e0b63669e9c6e7f43fd3d82b3704c6a126c800a9968ecd16cae14,"parquet_row_1based=71384;latitude_dadata,longitude_dadata",/workspace/settlements-work/continuation_20261004/accepted_graph25_bounded_cases_20261005/accepted_point_uses.parquet,accepted current ownrepresentative point; retrospective physical-place context
Q4395427,2021:data_allsettlements_anon_156_v20251217.parquet:parquet:90679,71.612435,52.4483749,/workspace/settlements-raw/data/interim/2021_tochno/data_allsettlements_anon_156_v20251217.parquet,86c197cd522e0b63669e9c6e7f43fd3d82b3704c6a126c800a9968ecd16cae14,"parquet_row_1based=90679;latitude_dadata,longitude_dadata",/workspace/settlements-work/continuation_20261004/accepted_graph25_bounded_cases_20261005/accepted_point_uses.parquet,accepted current ownrepresentative point; retrospective physical-place context
Q4396569,2021:data_allsettlements_anon_156_v20251217.parquet:parquet:26808,46.0703932,42.052139,/workspace/settlements-raw/data/interim/2021_tochno/data_allsettlements_anon_156_v20251217.parquet,86c197cd522e0b63669e9c6e7f43fd3d82b3704c6a126c800a9968ecd16cae14,"parquet_row_1based=26808;latitude_dadata,longitude_dadata",/workspace/settlements-work/continuation_20261004/accepted_graph25_bounded_cases_20261005/accepted_point_uses.parquet,accepted current ownrepresentative point; retrospective physical-place context
Q4404830,2021:data_allsettlements_anon_156_v20251217.parquet:parquet:115702,52.9075015,48.6072525,/workspace/settlements-raw/data/interim/2021_tochno/data_allsettlements_anon_156_v20251217.parquet,86c197cd522e0b63669e9c6e7f43fd3d82b3704c6a126c800a9968ecd16cae14,"parquet_row_1based=115702;latitude_dadata,longitude_dadata",/workspace/settlements-work/continuation_20261004/accepted_graph25_bounded_cases_20261005/accepted_point_uses.parquet,accepted current ownrepresentative point; retrospective physical-place context
Q4412155,2021:data_allsettlements_anon_156_v20251217.parquet:parquet:26866,45.3695493,47.3317329,/workspace/settlements-raw/data/interim/2021_tochno/data_allsettlements_anon_156_v20251217.parquet,86c197cd522e0b63669e9c6e7f43fd3d82b3704c6a126c800a9968ecd16cae14,"parquet_row_1based=26866;latitude_dadata,longitude_dadata",/workspace/settlements-work/continuation_20261004/accepted_graph25_bounded_cases_20261005/accepted_point_uses.parquet,accepted current ownrepresentative point; retrospective physical-place context
Q4426684,2021:data_allsettlements_anon_156_v20251217.parquet:parquet:174173,53.0966138,34.9556836,/workspace/settlements-raw/data/interim/2021_tochno/data_allsettlements_anon_156_v20251217.parquet,86c197cd522e0b63669e9c6e7f43fd3d82b3704c6a126c800a9968ecd16cae14,"parquet_row_1based=174173;latitude_dadata,longitude_dadata",/workspace/settlements-work/continuation_20261004/accepted_graph25_bounded_cases_20261005/accepted_point_uses.parquet,accepted current ownrepresentative point; retrospective physical-place context
Q4439805,2021:data_allsettlements_anon_156_v20251217.parquet:parquet:167107,61.8155842,129.6444414,/workspace/settlements-raw/data/interim/2021_tochno/data_allsettlements_anon_156_v20251217.parquet,86c197cd522e0b63669e9c6e7f43fd3d82b3704c6a126c800a9968ecd16cae14,"parquet_row_1based=167107;latitude_dadata,longitude_dadata",/workspace/settlements-work/continuation_20261004/accepted_graph25_bounded_cases_20261005/accepted_point_uses.parquet,accepted current ownrepresentative point; retrospective physical-place context
Q4440349,2021:data_allsettlements_anon_156_v20251217.parquet:parquet:148583,54.5613608,53.8068061,/workspace/settlements-raw/data/interim/2021_tochno/data_allsettlements_anon_156_v20251217.parquet,86c197cd522e0b63669e9c6e7f43fd3d82b3704c6a126c800a9968ecd16cae14,"parquet_row_1based=148583;latitude_dadata,longitude_dadata",/workspace/settlements-work/continuation_20261004/accepted_graph25_bounded_cases_20261005/accepted_point_uses.parquet,accepted current ownrepresentative point; retrospective physical-place context
Q4445367,2021:data_allsettlements_anon_156_v20251217.parquet:parquet:92726,52.9539861,37.6346525,/workspace/settlements-raw/data/interim/2021_tochno/data_allsettlements_anon_156_v20251217.parquet,86c197cd522e0b63669e9c6e7f43fd3d82b3704c6a126c800a9968ecd16cae14,"parquet_row_1based=92726;latitude_dadata,longitude_dadata",/workspace/settlements-work/continuation_20261004/accepted_graph25_bounded_cases_20261005/accepted_point_uses.parquet,accepted current ownrepresentative point; retrospective physical-place context
Q4449171,2021:data_allsettlements_anon_156_v20251217.parquet:parquet:167108,61.8570292,129.6013489,/workspace/settlements-raw/data/interim/2021_tochno/data_allsettlements_anon_156_v20251217.parquet,86c197cd522e0b63669e9c6e7f43fd3d82b3704c6a126c800a9968ecd16cae14,"parquet_row_1based=167108;latitude_dadata,longitude_dadata",/workspace/settlements-work/continuation_20261004/accepted_graph25_bounded_cases_20261005/accepted_point_uses.parquet,accepted current ownrepresentative point; retrospective physical-place context
Q4463590,2021:data_allsettlements_anon_156_v20251217.parquet:parquet:59912,53.1863439,39.606141,/workspace/settlements-raw/data/interim/2021_tochno/data_allsettlements_anon_156_v20251217.parquet,86c197cd522e0b63669e9c6e7f43fd3d82b3704c6a126c800a9968ecd16cae14,"parquet_row_1based=59912;latitude_dadata,longitude_dadata",/workspace/settlements-work/continuation_20261004/accepted_graph25_bounded_cases_20261005/accepted_point_uses.parquet,accepted current ownrepresentative point; retrospective physical-place context
Q4465517,2021:data_allsettlements_anon_156_v20251217.parquet:parquet:161549,42.727272,46.048645,/workspace/settlements-raw/data/interim/2021_tochno/data_allsettlements_anon_156_v20251217.parquet,86c197cd522e0b63669e9c6e7f43fd3d82b3704c6a126c800a9968ecd16cae14,"parquet_row_1based=161549;latitude_dadata,longitude_dadata",/workspace/settlements-work/continuation_20261004/accepted_graph25_bounded_cases_20261005/accepted_point_uses.parquet,accepted current ownrepresentative point; retrospective physical-place context
Q4474794,2021:data_allsettlements_anon_156_v20251217.parquet:parquet:16801,42.2170097,48.0088163,/workspace/settlements-raw/data/interim/2021_tochno/data_allsettlements_anon_156_v20251217.parquet,86c197cd522e0b63669e9c6e7f43fd3d82b3704c6a126c800a9968ecd16cae14,"parquet_row_1based=16801;latitude_dadata,longitude_dadata",/workspace/settlements-work/continuation_20261004/accepted_graph25_bounded_cases_20261005/accepted_point_uses.parquet,accepted current ownrepresentative point; retrospective physical-place context
Q4476921,2021:data_allsettlements_anon_156_v20251217.parquet:parquet:148825,54.3992955,59.3907163,/workspace/settlements-raw/data/interim/2021_tochno/data_allsettlements_anon_156_v20251217.parquet,86c197cd522e0b63669e9c6e7f43fd3d82b3704c6a126c800a9968ecd16cae14,"parquet_row_1based=148825;latitude_dadata,longitude_dadata",/workspace/settlements-work/continuation_20261004/accepted_graph25_bounded_cases_20261005/accepted_point_uses.parquet,accepted current ownrepresentative point; retrospective physical-place context
Q4494532,2021:data_allsettlements_anon_156_v20251217.parquet:parquet:161526,43.03877,46.0709912,/workspace/settlements-raw/data/interim/2021_tochno/data_allsettlements_anon_156_v20251217.parquet,86c197cd522e0b63669e9c6e7f43fd3d82b3704c6a126c800a9968ecd16cae14,"parquet_row_1based=161526;latitude_dadata,longitude_dadata",/workspace/settlements-work/continuation_20261004/accepted_graph25_bounded_cases_20261005/accepted_point_uses.parquet,accepted current ownrepresentative point; retrospective physical-place context
Q4494930,2021:data_allsettlements_anon_156_v20251217.parquet:parquet:161928,42.8799239,45.677889,/workspace/settlements-raw/data/interim/2021_tochno/data_allsettlements_anon_156_v20251217.parquet,86c197cd522e0b63669e9c6e7f43fd3d82b3704c6a126c800a9968ecd16cae14,"parquet_row_1based=161928;latitude_dadata,longitude_dadata",/workspace/settlements-work/continuation_20261004/accepted_graph25_bounded_cases_20261005/accepted_point_uses.parquet,accepted current ownrepresentative point; retrospective physical-place context
Q4497804,2021:data_allsettlements_anon_156_v20251217.parquet:parquet:161550,42.69814,46.0179742,/workspace/settlements-raw/data/interim/2021_tochno/data_allsettlements_anon_156_v20251217.parquet,86c197cd522e0b63669e9c6e7f43fd3d82b3704c6a126c800a9968ecd16cae14,"parquet_row_1based=161550;latitude_dadata,longitude_dadata",/workspace/settlements-work/continuation_20261004/accepted_graph25_bounded_cases_20261005/accepted_point_uses.parquet,accepted current ownrepresentative point; retrospective physical-place context
Q4498003,2021:data_allsettlements_anon_156_v20251217.parquet:parquet:17554,41.6485007,47.1530493,/workspace/settlements-raw/data/interim/2021_tochno/data_allsettlements_anon_156_v20251217.parquet,86c197cd522e0b63669e9c6e7f43fd3d82b3704c6a126c800a9968ecd16cae14,"parquet_row_1based=17554;latitude_dadata,longitude_dadata",/workspace/settlements-work/continuation_20261004/accepted_graph25_bounded_cases_20261005/accepted_point_uses.parquet,accepted current ownrepresentative point; retrospective physical-place context
Q4503066,2021:data_allsettlements_anon_156_v20251217.parquet:parquet:161693,42.691895,45.67775,/workspace/settlements-raw/data/interim/2021_tochno/data_allsettlements_anon_156_v20251217.parquet,86c197cd522e0b63669e9c6e7f43fd3d82b3704c6a126c800a9968ecd16cae14,"parquet_row_1based=161693;latitude_dadata,longitude_dadata",/workspace/settlements-work/continuation_20261004/accepted_graph25_bounded_cases_20261005/accepted_point_uses.parquet,accepted current ownrepresentative point; retrospective physical-place context
Q4503929,2021:data_allsettlements_anon_156_v20251217.parquet:parquet:161879,43.0061929,46.2182428,/workspace/settlements-raw/data/interim/2021_tochno/data_allsettlements_anon_156_v20251217.parquet,86c197cd522e0b63669e9c6e7f43fd3d82b3704c6a126c800a9968ecd16cae14,"parquet_row_1based=161879;latitude_dadata,longitude_dadata",/workspace/settlements-work/continuation_20261004/accepted_graph25_bounded_cases_20261005/accepted_point_uses.parquet,accepted current ownrepresentative point; retrospective physical-place context
Q4506015,2021:data_allsettlements_anon_156_v20251217.parquet:parquet:16554,43.4863172,46.6789033,/workspace/settlements-raw/data/interim/2021_tochno/data_allsettlements_anon_156_v20251217.parquet,86c197cd522e0b63669e9c6e7f43fd3d82b3704c6a126c800a9968ecd16cae14,"parquet_row_1based=16554;latitude_dadata,longitude_dadata",/workspace/settlements-work/continuation_20261004/accepted_graph25_bounded_cases_20261005/accepted_point_uses.parquet,accepted current ownrepresentative point; retrospective physical-place context
Q4506037,2021:data_allsettlements_anon_156_v20251217.parquet:parquet:17124,42.0400085,47.152155,/workspace/settlements-raw/data/interim/2021_tochno/data_allsettlements_anon_156_v20251217.parquet,86c197cd522e0b63669e9c6e7f43fd3d82b3704c6a126c800a9968ecd16cae14,"parquet_row_1based=17124;latitude_dadata,longitude_dadata",/workspace/settlements-work/continuation_20261004/accepted_graph25_bounded_cases_20261005/accepted_point_uses.parquet,accepted current ownrepresentative point; retrospective physical-place context
Q4506038,2021:data_allsettlements_anon_156_v20251217.parquet:parquet:17122,42.0596602,47.2690029,/workspace/settlements-raw/data/interim/2021_tochno/data_allsettlements_anon_156_v20251217.parquet,86c197cd522e0b63669e9c6e7f43fd3d82b3704c6a126c800a9968ecd16cae14,"parquet_row_1based=17122;latitude_dadata,longitude_dadata",/workspace/settlements-work/continuation_20261004/accepted_graph25_bounded_cases_20261005/accepted_point_uses.parquet,accepted current ownrepresentative point; retrospective physical-place context
Q4523059,2021:data_allsettlements_anon_156_v20251217.parquet:parquet:161540,43.0389188,46.1603962,/workspace/settlements-raw/data/interim/2021_tochno/data_allsettlements_anon_156_v20251217.parquet,86c197cd522e0b63669e9c6e7f43fd3d82b3704c6a126c800a9968ecd16cae14,"parquet_row_1based=161540;latitude_dadata,longitude_dadata",/workspace/settlements-work/continuation_20261004/accepted_graph25_bounded_cases_20261005/accepted_point_uses.parquet,accepted current ownrepresentative point; retrospective physical-place context
Q4525910,2021:data_allsettlements_anon_156_v20251217.parquet:parquet:16440,42.6786898,46.1244894,/workspace/settlements-raw/data/interim/2021_tochno/data_allsettlements_anon_156_v20251217.parquet,86c197cd522e0b63669e9c6e7f43fd3d82b3704c6a126c800a9968ecd16cae14,"parquet_row_1based=16440;latitude_dadata,longitude_dadata",/workspace/settlements-work/continuation_20261004/accepted_graph25_bounded_cases_20261005/accepted_point_uses.parquet,accepted current ownrepresentative point; retrospective physical-place context
Q4527797,2021:data_allsettlements_anon_156_v20251217.parquet:parquet:17487,44.2442748,45.6908724,/workspace/settlements-raw/data/interim/2021_tochno/data_allsettlements_anon_156_v20251217.parquet,86c197cd522e0b63669e9c6e7f43fd3d82b3704c6a126c800a9968ecd16cae14,"parquet_row_1based=17487;latitude_dadata,longitude_dadata",/workspace/settlements-work/continuation_20261004/accepted_graph25_bounded_cases_20261005/accepted_point_uses.parquet,accepted current ownrepresentative point; retrospective physical-place context
Q4527860,2021:data_allsettlements_anon_156_v20251217.parquet:parquet:118685,48.2921797,46.7312064,/workspace/settlements-raw/data/interim/2021_tochno/data_allsettlements_anon_156_v20251217.parquet,86c197cd522e0b63669e9c6e7f43fd3d82b3704c6a126c800a9968ecd16cae14,"parquet_row_1based=118685;latitude_dadata,longitude_dadata",/workspace/settlements-work/continuation_20261004/accepted_graph25_bounded_cases_20261005/accepted_point_uses.parquet,accepted current ownrepresentative point; retrospective physical-place context
Q4535556,2021:data_allsettlements_anon_156_v20251217.parquet:parquet:147526,52.4921452,55.8047988,/workspace/settlements-raw/data/interim/2021_tochno/data_allsettlements_anon_156_v20251217.parquet,86c197cd522e0b63669e9c6e7f43fd3d82b3704c6a126c800a9968ecd16cae14,"parquet_row_1based=147526;latitude_dadata,longitude_dadata",/workspace/settlements-work/continuation_20261004/accepted_graph25_bounded_cases_20261005/accepted_point_uses.parquet,accepted current ownrepresentative point; retrospective physical-place context
Q4537591,2021:data_allsettlements_anon_156_v20251217.parquet:parquet:17469,43.1389949,46.4242917,/workspace/settlements-raw/data/interim/2021_tochno/data_allsettlements_anon_156_v20251217.parquet,86c197cd522e0b63669e9c6e7f43fd3d82b3704c6a126c800a9968ecd16cae14,"parquet_row_1based=17469;latitude_dadata,longitude_dadata",/workspace/settlements-work/continuation_20261004/accepted_graph25_bounded_cases_20261005/accepted_point_uses.parquet,accepted current ownrepresentative point; retrospective physical-place context
Q4537907,2021:data_allsettlements_anon_156_v20251217.parquet:parquet:148163,55.3010515,58.1384244,/workspace/settlements-raw/data/interim/2021_tochno/data_allsettlements_anon_156_v20251217.parquet,86c197cd522e0b63669e9c6e7f43fd3d82b3704c6a126c800a9968ecd16cae14,"parquet_row_1based=148163;latitude_dadata,longitude_dadata",/workspace/settlements-work/continuation_20261004/accepted_graph25_bounded_cases_20261005/accepted_point_uses.parquet,accepted current ownrepresentative point; retrospective physical-place context
Q6081313,2021:data_allsettlements_anon_156_v20251217.parquet:parquet:288,44.690371,40.0850844,/workspace/settlements-raw/data/interim/2021_tochno/data_allsettlements_anon_156_v20251217.parquet,86c197cd522e0b63669e9c6e7f43fd3d82b3704c6a126c800a9968ecd16cae14,"parquet_row_1based=288;latitude_dadata,longitude_dadata",/workspace/settlements-work/continuation_20261004/accepted_graph25_bounded_cases_20261005/accepted_point_uses.parquet,accepted current ownrepresentative point; retrospective physical-place context
