qid,year,statement_id,population,declared_date,reference_ids,reference_labels_json,census_reference_confirmed,date_class
Q4323743,2002,Q4323743$6073E326-CE76-4FD7-AB43-C903FDC9913D,1331.0,+2002-00-00T00:00:00Z,,[],False,year_only_dated_secondary_claim
Q4323743,2010,Q4323743$321C85EA-B757-4D98-A5B3-EA51C4E0772F,1463.0,+2010-00-00T00:00:00Z,Q126773691,"[""Всероссийская перепись населения 2010 года. Таблица № 11. Численность населения городских округов, муниципальных районов, городских и сельских поселений, городских и сельских населённых пунктов Республики Дагестан""]",True,year_only_dated_secondary_claim
Q4323743,2021,Q4323743$7bec6423-40d7-79a3-c6c5-4f6b576b4186,1739.0,+2021-00-00T00:00:00Z,,[],False,year_only_dated_secondary_claim
Q4131625,2002,Q4131625$5FC30212-4CBE-481D-9F7D-C14B958AF32D,2146.0,+2002-00-00T00:00:00Z,Q46574459,"[""Данные Всероссийской переписи населения 2002 года: таблица № 02c. Численность населения и преобладающая национальность по каждому сельскому населённому пункту.""]",True,year_only_dated_secondary_claim
Q4131625,2010,Q4131625$E6FFA4E4-9E13-4A3B-BA80-C88238396364,1940.0,+2010-00-00T00:00:00Z,Q129176346,"[""Всероссийская перепись населения 2010 года. Численность населения и его размещение в Тюменской области""]",True,year_only_dated_secondary_claim
Q4131625,2021,Q4131625$3CB3B9A3-51D3-4BD4-A9E7-EFB4FF669A2A,1692.0,+2021-00-00T00:00:00Z,Q130382569,"[""Итоги Всероссийской переписи населения 2020 года по Тюменской области и округам (по состоянию на 1 октября 2021 года)""]",True,year_only_dated_secondary_claim
Q16015404,2002,Q16015404$6FD7AEFD-3E9B-45BC-80E0-931909389CAD,3319.0,+2002-00-00T00:00:00Z,Q126687602,"[""Всероссийская перепись населения 2002 года. Численность населения субъектов Российской Федерации, районов, городских поселений, сельских населённых пунктов - райцентров и сельских населённых пунктов с населением 3 тысячи и более""]",True,year_only_dated_secondary_claim
Q16015404,2010,Q16015404$7E92FA80-6E31-4B52-8D48-2E7F077E3AF5,2465.0,+2010-00-00T00:00:00Z,Q127433118,"[""Приморский край. Всероссийская перепись населения 2010 года (по состоянию на 14 октября 2010 года)""]",True,year_only_dated_secondary_claim
Q16015404,2021,Q16015404$3EBFD5EB-E6B1-41A0-BF89-9DD88BDCDB46,1685.0,+2021-00-00T00:00:00Z,Q127433126,"[""Приморский край. Итоги Всероссийской переписи населения 2020 года (по состоянию на 1 октября 2021 года)""]",True,year_only_dated_secondary_claim
Q16653724,2002,Q16653724$41B92FAA-76C0-4C18-B223-EBE0B64F16F4,1678.0,+2002-00-00T00:00:00Z,Q126687602,"[""Всероссийская перепись населения 2002 года. Численность населения субъектов Российской Федерации, районов, городских поселений, сельских населённых пунктов - райцентров и сельских населённых пунктов с населением 3 тысячи и более""]",True,year_only_dated_secondary_claim
Q16653724,2010,Q16653724$A98A8147-1BFB-4F4D-BB0B-28ACFB8A8B50,1789.0,+2010-00-00T00:00:00Z,Q126945966,"[""Численность населения КБР в разрезе населённых пунктов по итогам Всероссийской переписи населения 2010 года""]",True,year_only_dated_secondary_claim
Q16653724,2021,Q16653724$696C00B7-721F-470D-90B1-DA8341EAE78C,1666.0,+2021-00-00T00:00:00Z,Q126684906,"[""Итоги Всероссийской переписи населения 2020 года (по состоянию на 1 октября 2021 года)""]",True,year_only_dated_secondary_claim
Q4535982,2002,Q4535982$0DBE00C2-C5CB-44F2-9763-559DB4961F32,2191.0,+2002-00-00T00:00:00Z,Q126687602,"[""Всероссийская перепись населения 2002 года. Численность населения субъектов Российской Федерации, районов, городских поселений, сельских населённых пунктов - райцентров и сельских населённых пунктов с населением 3 тысячи и более""]",True,year_only_dated_secondary_claim
Q4535982,2010,Q4535982$C94B171A-E360-4FEA-B1DB-2EC9517FB2E3,1825.0,+2010-00-00T00:00:00Z,Q127687500,"[""Всероссийская перепись населения 2010 года. Сахалинская область. Численность населения городских округов, муниципальных районов, городских и сельских поселений, городских населённых пунктов, сельских населённых пунктов""]",True,year_only_dated_secondary_claim
Q4535982,2021,Q4535982$6F4DD024-690A-4A05-86ED-81454234BDC3,1653.0,+2021-00-00T00:00:00Z,Q127687505,"[""Итоги Всероссийской переписи населения 2020 года по Сахалинской области""]",True,year_only_dated_secondary_claim
Q546859,2002,Q546859$BAFB307B-07AE-4496-B506-046BD6A04200,2080.0,+2002-00-00T00:00:00Z,Q126687602,"[""Всероссийская перепись населения 2002 года. Численность населения субъектов Российской Федерации, районов, городских поселений, сельских населённых пунктов - райцентров и сельских населённых пунктов с населением 3 тысячи и более""]",True,year_only_dated_secondary_claim
Q546859,2010,Q546859$4C019A65-4867-467F-9BEA-E03F6FA2AFB5,2027.0,+2010-00-00T00:00:00Z,Q126936524,"[""Итоги Всероссийской переписи населения 2010 года, том 1. Численность и размещение населения Ивановской области""]",True,year_only_dated_secondary_claim
Q546859,2021,Q546859$95840EE3-A740-4A8E-820B-47C036BED38A,1633.0,+2021-00-00T00:00:00Z,Q126684906,"[""Итоги Всероссийской переписи населения 2020 года (по состоянию на 1 октября 2021 года)""]",True,year_only_dated_secondary_claim
Q4190382,2002,Q4190382$7FBDE705-E5F8-4D21-8C7C-08CC388DCAE2,960.0,+2002-00-00T00:00:00Z,Q126687602,"[""Всероссийская перепись населения 2002 года. Численность населения субъектов Российской Федерации, районов, городских поселений, сельских населённых пунктов - райцентров и сельских населённых пунктов с населением 3 тысячи и более""]",True,year_only_dated_secondary_claim
Q4190382,2010,Q4190382$3E6E3294-D24B-4258-8A25-C52E128B9B23,1005.0,+2010-00-00T00:00:00Z,Q126773691,"[""Всероссийская перепись населения 2010 года. Таблица № 11. Численность населения городских округов, муниципальных районов, городских и сельских поселений, городских и сельских населённых пунктов Республики Дагестан""]",True,year_only_dated_secondary_claim
Q4190382,2021,Q4190382$14ED03E4-C993-48F9-BE99-DF76CAB3E124,1616.0,+2021-00-00T00:00:00Z,,[],False,year_only_dated_secondary_claim
Q4511999,2002,Q4511999$F87E2114-3825-4A10-96B6-C5F0ED284574,1328.0,+2002-00-00T00:00:00Z,Q126687602,"[""Всероссийская перепись населения 2002 года. Численность населения субъектов Российской Федерации, районов, городских поселений, сельских населённых пунктов - райцентров и сельских населённых пунктов с населением 3 тысячи и более""]",True,year_only_dated_secondary_claim
Q4511999,2010,Q4511999$C73F64D5-D1D0-4A43-9D55-0243F63CC667,1244.0,+2010-00-00T00:00:00Z,Q127414173,"[""Всероссийская перепись населения 2010 года. Том 1. Численность и размещение населения Чеченской Республики""]",True,year_only_dated_secondary_claim
Q4511999,2021,Q4511999$67D587AE-FFD6-4584-8B98-575CD4726868,1503.0,+2021-00-00T00:00:00Z,Q126684906,"[""Итоги Всероссийской переписи населения 2020 года (по состоянию на 1 октября 2021 года)""]",True,year_only_dated_secondary_claim
Q28482536,2002,Q28482536$F353259C-68DE-457A-8B1A-50FDF00B54FE,1314.0,+2002-00-00T00:00:00Z,Q46574459,"[""Данные Всероссийской переписи населения 2002 года: таблица № 02c. Численность населения и преобладающая национальность по каждому сельскому населённому пункту.""]",True,year_only_dated_secondary_claim
Q28482536,2010,Q28482536$A7BC1127-0D98-4617-88C9-212048187012,1421.0,+2010-00-00T00:00:00Z,Q128802879,"[""Всероссийская перепись населения 2010 года. 1.5. Численность населения городских округов, муниципальных районов, городских и сельских поселений, городских населенных пунктов, сельских населенных пунктов""]",True,year_only_dated_secondary_claim
Q28482536,2021,Q28482536$B5DD7630-3723-4CC6-BB01-C7CB6D431AA6,1483.0,+2021-00-00T00:00:00Z,Q126684906,"[""Итоги Всероссийской переписи населения 2020 года (по состоянию на 1 октября 2021 года)""]",True,year_only_dated_secondary_claim
Q19614334,2002,Q19614334$B8991A02-133D-4FE7-ADEE-0A2F51032244,1465.0,+2002-00-00T00:00:00Z,Q46574459,"[""Данные Всероссийской переписи населения 2002 года: таблица № 02c. Численность населения и преобладающая национальность по каждому сельскому населённому пункту.""]",True,year_only_dated_secondary_claim
Q19614334,2010,Q19614334$1DE0EE03-308A-43DF-9CC3-154EF091D7F3,1411.0,+2010-00-00T00:00:00Z,,[],False,year_only_dated_secondary_claim
Q19614334,2021,Q19614334$84CD7D63-4F80-4C9B-96C0-3E9B8B0F38B5,1430.0,+2021-00-00T00:00:00Z,,[],False,year_only_dated_secondary_claim
Q4135062,2002,Q4135062$56F84677-F89A-4981-BF34-15334B8E2E4B,746.0,+2002-00-00T00:00:00Z,,[],False,year_only_dated_secondary_claim
Q4135062,2010,Q4135062$0E0316D4-C522-43C5-A6E6-113A0120D057,1473.0,+2010-00-00T00:00:00Z,Q126773691,"[""Всероссийская перепись населения 2010 года. Таблица № 11. Численность населения городских округов, муниципальных районов, городских и сельских поселений, городских и сельских населённых пунктов Республики Дагестан""]",True,year_only_dated_secondary_claim
Q4135062,2021,Q4135062$36142A74-5000-47D6-977E-CAFE4B4ED148,1398.0,+2021-00-00T00:00:00Z,,[],False,year_only_dated_secondary_claim
Q4324355,2002,Q4324355$C44F3D64-6FFB-411C-ADB3-E67A181086CE,1534.0,+2002-00-00T00:00:00Z,Q128692818,"[""Всероссийская перепись населения 2010 года. Численность и размещение населения Томской области""]",False,year_only_dated_secondary_claim
Q4324355,2010,Q4324355$507516AB-8AF9-4047-BDAF-A16589B6EFAD,1415.0,+2010-00-00T00:00:00Z,Q128692818,"[""Всероссийская перепись населения 2010 года. Численность и размещение населения Томской области""]",True,year_only_dated_secondary_claim
Q4324355,2021,Q4324355$E03A43FA-99B6-4DE9-8003-02891CDEE31D,1386.0,+2021-00-00T00:00:00Z,Q128692963,"[""Численность и размещение населения Томской области. Итоги Всероссийской переписи населения 2020 года""]",True,year_only_dated_secondary_claim
Q4239045,2002,Q4239045$2B855951-0686-45F4-B196-0866B0D6D5B7,1239.0,+2002-00-00T00:00:00Z,Q126945916,"[""Численность населения Кабардино-Балкарской Республики по сельским населённым пунктам по итогам ВПН-2002""]",False,year_only_dated_secondary_claim
Q4239045,2010,Q4239045$65BD063C-0FA8-4B63-8D0E-3399859C243F,1270.0,+2010-00-00T00:00:00Z,Q126945966,"[""Численность населения КБР в разрезе населённых пунктов по итогам Всероссийской переписи населения 2010 года""]",True,year_only_dated_secondary_claim
Q4239045,2021,Q4239045$F5FD0F92-9554-40BA-8FAB-9D259C7EAAD6,1380.0,+2021-00-00T00:00:00Z,Q126684906,"[""Итоги Всероссийской переписи населения 2020 года (по состоянию на 1 октября 2021 года)""]",True,year_only_dated_secondary_claim
Q27061596,2002,Q27061596$BF2F87C4-9238-44BC-BB1B-972048BB1895,627.0,+2002-00-00T00:00:00Z,,[],False,year_only_dated_secondary_claim
Q27061596,2010,Q27061596$ABD14E3B-D59E-439A-AA8F-3CEE4D1C1F72,213.0,+2010-00-00T00:00:00Z,Q126773691,"[""Всероссийская перепись населения 2010 года. Таблица № 11. Численность населения городских округов, муниципальных районов, городских и сельских поселений, городских и сельских населённых пунктов Республики Дагестан""]",True,year_only_dated_secondary_claim
Q27061596,2021,Q27061596$8fc8fcc0-4c47-d3b8-2d10-ede7d1938542,1355.0,+2021-00-00T00:00:00Z,,[],False,year_only_dated_secondary_claim
Q4533522,2002,Q4533522$1A64B0FC-2E46-4FCE-A2A1-290F9BC0EBCD,739.0,+2002-00-00T00:00:00Z,,[],False,year_only_dated_secondary_claim
Q4533522,2010,Q4533522$D7CE55DE-88E1-4F7D-9715-F7BED7B4373B,777.0,+2010-00-00T00:00:00Z,Q126773691,"[""Всероссийская перепись населения 2010 года. Таблица № 11. Численность населения городских округов, муниципальных районов, городских и сельских поселений, городских и сельских населённых пунктов Республики Дагестан""]",True,year_only_dated_secondary_claim
Q4533522,2021,Q4533522$431FE8AF-E684-4BF4-A51F-34C998A5FB5F,1324.0,+2021-00-00T00:00:00Z,,[],False,year_only_dated_secondary_claim
Q702267,2002,Q702267$EC106249-1F88-4835-96BB-08D3988BB3DA,1785.0,+2002-00-00T00:00:00Z,Q126687602,"[""Всероссийская перепись населения 2002 года. Численность населения субъектов Российской Федерации, районов, городских поселений, сельских населённых пунктов - райцентров и сельских населённых пунктов с населением 3 тысячи и более""]",True,year_only_dated_secondary_claim
Q702267,2010,Q702267$F0570309-1F21-4E24-8F8D-85E15E14910D,1394.0,+2010-00-00T00:00:00Z,Q127687500,"[""Всероссийская перепись населения 2010 года. Сахалинская область. Численность населения городских округов, муниципальных районов, городских и сельских поселений, городских населённых пунктов, сельских населённых пунктов""]",True,year_only_dated_secondary_claim
Q702267,2021,Q702267$6CBE0345-C80E-4D06-AF83-41ABB160A30B,1300.0,+2021-00-00T00:00:00Z,Q127687505,"[""Итоги Всероссийской переписи населения 2020 года по Сахалинской области""]",True,year_only_dated_secondary_claim
Q15275319,2002,Q15275319$C6BEC793-7D1F-49FC-AD08-89844E20A064,2460.0,+2002-00-00T00:00:00Z,Q46574459,"[""Данные Всероссийской переписи населения 2002 года: таблица № 02c. Численность населения и преобладающая национальность по каждому сельскому населённому пункту.""]",True,year_only_dated_secondary_claim
Q15275319,2010,Q15275319$8BC9F37C-BE14-401B-AC48-2BF7C62CDD5E,2248.0,+2010-00-00T00:00:00Z,Q128032147,"[""Всероссийская перепись населения 2010 года. Численность и размещение населения Свердловской области""]",True,year_only_dated_secondary_claim
Q15275319,2021,Q15275319$0FDD0F82-95AD-4AD7-9077-2A5AA94FC65C,1270.0,+2021-00-00T00:00:00Z,Q131711677,"[""База данных «Этно-языковой состав населённых пунктов России. Перепись 2020/21 года». Свердловская область""]",True,year_only_dated_secondary_claim
Q19691861,2002,Q19691861$5DDC35BE-4F3E-4210-B1D8-476B3C79C369,1073.0,+2002-00-00T00:00:00Z,Q126945916,"[""Численность населения Кабардино-Балкарской Республики по сельским населённым пунктам по итогам ВПН-2002""]",False,year_only_dated_secondary_claim
Q19691861,2010,Q19691861$85E394BD-99FB-4030-AE90-3F329C64380F,1108.0,+2010-00-00T00:00:00Z,Q126945966,"[""Численность населения КБР в разрезе населённых пунктов по итогам Всероссийской переписи населения 2010 года""]",True,year_only_dated_secondary_claim
Q19691861,2021,Q19691861$13878054-CB8C-437A-9F75-910BF965AFB8,1264.0,+2021-00-00T00:00:00Z,Q126684906,"[""Итоги Всероссийской переписи населения 2020 года (по состоянию на 1 октября 2021 года)""]",True,year_only_dated_secondary_claim
Q4077183,2002,Q4077183$2E3CCA7F-092C-41C5-A7B7-4D67960B330E,1324.0,+2002-00-00T00:00:00Z,,[],False,year_only_dated_secondary_claim
Q4077183,2010,Q4077183$42A35C9F-44FF-4A76-B97D-45DCC1DF0B35,1036.0,+2010-00-00T00:00:00Z,Q126773691,"[""Всероссийская перепись населения 2010 года. Таблица № 11. Численность населения городских округов, муниципальных районов, городских и сельских поселений, городских и сельских населённых пунктов Республики Дагестан""]",True,year_only_dated_secondary_claim
Q4077183,2021,Q4077183$18ECA859-C15D-44AE-A7CF-7A832479CBDB,1240.0,+2021-00-00T00:00:00Z,,[],False,year_only_dated_secondary_claim
Q19612570,2002,Q19612570$B92915AA-A277-4139-89E0-047A17135D17,1253.0,+2002-00-00T00:00:00Z,,[],False,year_only_dated_secondary_claim
Q19612570,2010,Q19612570$FEA624CA-66DF-4FB1-BA6B-A0F00125EB52,1265.0,+2010-00-00T00:00:00Z,Q126773691,"[""Всероссийская перепись населения 2010 года. Таблица № 11. Численность населения городских округов, муниципальных районов, городских и сельских поселений, городских и сельских населённых пунктов Республики Дагестан""]",True,year_only_dated_secondary_claim
Q19612570,2021,Q19612570$96650b1c-483d-9277-9d38-f4181fb985f7,1232.0,+2021-00-00T00:00:00Z,,[],False,year_only_dated_secondary_claim
Q19690716,2002,Q19690716$0BF058BC-07D9-4580-8E91-82E8233102B1,1583.0,+2002-00-00T00:00:00Z,Q46574459,"[""Данные Всероссийской переписи населения 2002 года: таблица № 02c. Численность населения и преобладающая национальность по каждому сельскому населённому пункту.""]",True,year_only_dated_secondary_claim
Q19690716,2010,Q19690716$B47EC40E-2380-4988-97BF-89777BC64AAC,1483.0,+2010-00-00T00:00:00Z,,[],False,year_only_dated_secondary_claim
Q19690716,2021,Q19690716$DA90CBCB-47BC-4697-A190-524EB1EE309C,1225.0,+2021-00-00T00:00:00Z,,[],False,year_only_dated_secondary_claim
Q29628290,2002,Q29628290$ED0C3767-E0B6-401B-86F6-92DFD1092FD9,1231.0,+2002-00-00T00:00:00Z,Q128692818,"[""Всероссийская перепись населения 2010 года. Численность и размещение населения Томской области""]",False,year_only_dated_secondary_claim
Q29628290,2010,Q29628290$121769DF-BB26-415D-A993-8E170A129096,1180.0,+2010-00-00T00:00:00Z,Q128692818,"[""Всероссийская перепись населения 2010 года. Численность и размещение населения Томской области""]",True,year_only_dated_secondary_claim
Q29628290,2021,Q29628290$E7E1345C-78D9-4045-819A-E0ADB4F1955E,1213.0,+2021-00-00T00:00:00Z,Q128692963,"[""Численность и размещение населения Томской области. Итоги Всероссийской переписи населения 2020 года""]",True,year_only_dated_secondary_claim
Q24728326,2002,Q24728326$5E5FB029-DCA0-4B53-A8B3-11A365DEBB5C,1536.0,+2002-00-00T00:00:00Z,,[],False,year_only_dated_secondary_claim
Q24728326,2010,Q24728326$39F3BD2C-93DC-4CE9-ABC6-83F883B1D7ED,1398.0,+2010-00-00T00:00:00Z,,[],False,year_only_dated_secondary_claim
Q24728326,2021,Q24728326$BC1C8C0E-5FE8-4068-A67E-220B3777C563,1320.0,+2021-00-00T00:00:00Z,Q126692580,"[""Численность постоянного населения Российской Федерации по муниципальным образованиям на 1 января 2021 года""]",False,year_only_dated_secondary_claim
Q4202286,2002,Q4202286$2FC64445-0377-4A6F-ABC6-F2F1736D55FC,796.0,+2002-00-00T00:00:00Z,,[],False,year_only_dated_secondary_claim
Q4202286,2010,Q4202286$82717AE6-13F9-458A-9113-3C66B553686D,838.0,+2010-00-00T00:00:00Z,Q126773691,"[""Всероссийская перепись населения 2010 года. Таблица № 11. Численность населения городских округов, муниципальных районов, городских и сельских поселений, городских и сельских населённых пунктов Республики Дагестан""]",True,year_only_dated_secondary_claim
Q4202286,2021,Q4202286$08f648ab-4006-6156-1b09-9e75083f3ea3,1179.0,+2021-00-00T00:00:00Z,,[],False,year_only_dated_secondary_claim
Q4525910,2002,Q4525910$2EE5B3F3-00F0-4E73-AC0B-203697E7FB99,1118.0,+2002-00-00T00:00:00Z,,[],False,year_only_dated_secondary_claim
Q4525910,2010,Q4525910$559F2208-5546-4A79-85CC-A5B7458FFD49,808.0,+2010-00-00T00:00:00Z,Q126773691,"[""Всероссийская перепись населения 2010 года. Таблица № 11. Численность населения городских округов, муниципальных районов, городских и сельских поселений, городских и сельских населённых пунктов Республики Дагестан""]",True,year_only_dated_secondary_claim
Q4525910,2021,Q4525910$ba452480-4afe-32cb-8eee-7f98a05868cb,1170.0,+2021-00-00T00:00:00Z,,[],False,year_only_dated_secondary_claim
Q17623044,2002,Q17623044$E49907E1-C59D-4944-9037-A4B5E4382B23,1479.0,+2002-00-00T00:00:00Z,Q46574459,"[""Данные Всероссийской переписи населения 2002 года: таблица № 02c. Численность населения и преобладающая национальность по каждому сельскому населённому пункту.""]",True,year_only_dated_secondary_claim
Q17623044,2010,Q17623044$F475D304-96E7-4905-8820-2942417AC62B,1107.0,+2010-00-00T00:00:00Z,,[],False,year_only_dated_secondary_claim
Q17623044,2021,Q17623044$2cc95930-46b9-fe6d-5d5f-f99722dc67e6,1165.0,+2021-00-00T00:00:00Z,,[],False,year_only_dated_secondary_claim
Q13667299,2002,Q13667299$E56E97AD-35C3-4198-8823-35842A15DE9B,1097.0,+2002-00-00T00:00:00Z,Q126945916,"[""Численность населения Кабардино-Балкарской Республики по сельским населённым пунктам по итогам ВПН-2002""]",False,year_only_dated_secondary_claim
Q13667299,2010,Q13667299$B612EA0E-179A-4F54-9E8E-65F6491F99B6,863.0,+2010-00-00T00:00:00Z,Q126945966,"[""Численность населения КБР в разрезе населённых пунктов по итогам Всероссийской переписи населения 2010 года""]",True,year_only_dated_secondary_claim
Q13667299,2021,Q13667299$7A43E2F7-1040-47C7-B605-08D55C8627D2,1134.0,+2021-00-00T00:00:00Z,Q126684906,"[""Итоги Всероссийской переписи населения 2020 года (по состоянию на 1 октября 2021 года)""]",True,year_only_dated_secondary_claim
Q4474794,2002,Q4474794$0D540963-95B3-42DF-BF73-F66CDCEECE75,1304.0,+2002-00-00T00:00:00Z,,[],False,year_only_dated_secondary_claim
Q4474794,2010,Q4474794$7DD46EF6-DB46-42BD-A2B7-298649C6D8E8,1599.0,+2010-00-00T00:00:00Z,Q126773691,"[""Всероссийская перепись населения 2010 года. Таблица № 11. Численность населения городских округов, муниципальных районов, городских и сельских поселений, городских и сельских населённых пунктов Республики Дагестан""]",True,year_only_dated_secondary_claim
Q4474794,2021,Q4474794$4CEFEED9-2BF0-4680-B59F-628283FDE00D,1117.0,+2021-00-00T00:00:00Z,,[],False,year_only_dated_secondary_claim
Q1961629,2002,Q1961629$FDF4D5EF-D1C5-41C4-A4FD-88BCB830A31D,1083.0,+2002-00-00T00:00:00Z,Q126687602,"[""Всероссийская перепись населения 2002 года. Численность населения субъектов Российской Федерации, районов, городских поселений, сельских населённых пунктов - райцентров и сельских населённых пунктов с населением 3 тысячи и более""]",True,year_only_dated_secondary_claim
Q1961629,2010,Q1961629$D6C00300-DD26-40C9-BEEB-38000E855E1F,1124.0,+2010-00-00T00:00:00Z,,[],False,year_only_dated_secondary_claim
Q1961629,2021,Q1961629$4365264c-416f-4488-1c38-8947e3def2a7,1109.0,+2021-00-00T00:00:00Z,Q126684906,"[""Итоги Всероссийской переписи населения 2020 года (по состоянию на 1 октября 2021 года)""]",True,year_only_dated_secondary_claim
Q24728202,2002,Q24728202$7F7B5A9E-D3D7-4A3A-A942-DD1F3B83FE0C,1536.0,+2002-00-00T00:00:00Z,,[],False,year_only_dated_secondary_claim
Q24728202,2010,Q24728202$EB53CD02-CE34-4302-8D94-8ACD6B97817D,1332.0,+2010-00-00T00:00:00Z,,[],False,year_only_dated_secondary_claim
Q24728202,2021,Q24728202$38E317D5-1E47-40C6-AA79-41DF28C8BB8B,1206.0,+2021-00-00T00:00:00Z,Q126692580,"[""Численность постоянного населения Российской Федерации по муниципальным образованиям на 1 января 2021 года""]",False,year_only_dated_secondary_claim
Q4312453,2002,Q4312453$7999DAD4-C40A-498E-85F3-AC0189728210,1700.0,+2002-00-00T00:00:00Z,Q46574459,"[""Данные Всероссийской переписи населения 2002 года: таблица № 02c. Численность населения и преобладающая национальность по каждому сельскому населённому пункту.""]",True,year_only_dated_secondary_claim
Q4312453,2010,Q4312453$6487DF7A-70F5-4388-BE04-B81B39062D9E,1268.0,+2010-00-00T00:00:00Z,,[],False,year_only_dated_secondary_claim
Q4312453,2021,Q4312453$57840628-4cea-4628-67d7-4b3eb99e76db,1030.0,+2021-00-00T00:00:00Z,,[],False,year_only_dated_secondary_claim
Q17652077,2002,Q17652077$163B36C5-A973-41A5-8C01-14C858EE6521,954.0,+2002-00-00T00:00:00Z,Q46574459,"[""Данные Всероссийской переписи населения 2002 года: таблица № 02c. Численность населения и преобладающая национальность по каждому сельскому населённому пункту.""]",True,year_only_dated_secondary_claim
Q17652077,2010,Q17652077$816C99B1-2A56-4F47-9B9C-FDE62B82EF1C,1088.0,+2010-00-00T00:00:00Z,,[],False,year_only_dated_secondary_claim
Q17652077,2021,Q17652077$9BA8B2A8-93E5-412E-A65B-36597A129E87,1018.0,+2021-00-00T00:00:00Z,,[],False,year_only_dated_secondary_claim
Q2429233,2002,Q2429233$05FF1C35-1CEA-4DE4-A5E4-82350F159628,2916.0,+2002-00-00T00:00:00Z,Q126687602,"[""Всероссийская перепись населения 2002 года. Численность населения субъектов Российской Федерации, районов, городских поселений, сельских населённых пунктов - райцентров и сельских населённых пунктов с населением 3 тысячи и более""]",True,year_only_dated_secondary_claim
Q2429233,2010,Q2429233$8A862677-5105-4895-83F5-630077715F11,1068.0,+2010-00-00T00:00:00Z,Q127414173,"[""Всероссийская перепись населения 2010 года. Том 1. Численность и размещение населения Чеченской Республики""]",True,year_only_dated_secondary_claim
Q2429233,2021,Q2429233$AC75EAD1-A887-4E29-98CB-30432B655DE1,1009.0,+2021-00-00T00:00:00Z,Q126684906,"[""Итоги Всероссийской переписи населения 2020 года (по состоянию на 1 октября 2021 года)""]",True,year_only_dated_secondary_claim
Q18408006,2002,Q18408006$738B12AF-AB9C-41EF-9A1F-1C934F495F24,998.0,+2002-00-00T00:00:00Z,Q126945916,"[""Численность населения Кабардино-Балкарской Республики по сельским населённым пунктам по итогам ВПН-2002""]",False,year_only_dated_secondary_claim
Q18408006,2010,Q18408006$612A54BE-706D-4DBE-8928-1E9621529D5C,962.0,+2010-00-00T00:00:00Z,Q126945966,"[""Численность населения КБР в разрезе населённых пунктов по итогам Всероссийской переписи населения 2010 года""]",True,year_only_dated_secondary_claim
Q18408006,2021,Q18408006$A0FED62A-7A60-4584-9933-C4B81D937EAE,996.0,+2021-00-00T00:00:00Z,Q126684906,"[""Итоги Всероссийской переписи населения 2020 года (по состоянию на 1 октября 2021 года)""]",True,year_only_dated_secondary_claim
Q4080344,2002,Q4080344$A8161A0B-3492-432E-AA8C-683A4A959724,1245.0,+2002-00-00T00:00:00Z,,[],False,year_only_dated_secondary_claim
Q4080344,2010,Q4080344$D46654C6-9CA9-4AB6-AB53-6FDC247BE3A2,1118.0,+2010-00-00T00:00:00Z,,[],False,year_only_dated_secondary_claim
Q4080344,2021,Q4080344$DC92E51F-B4EB-4EA2-9870-E5D293D3AE34,968.0,+2021-00-00T00:00:00Z,Q126684906,"[""Итоги Всероссийской переписи населения 2020 года (по состоянию на 1 октября 2021 года)""]",True,year_only_dated_secondary_claim
Q4324286,2002,Q4324286$542086BC-0789-4A00-A41B-D8560BD0C4C3,1140.0,+2002-00-00T00:00:00Z,,[],False,year_only_dated_secondary_claim
Q4324286,2010,Q4324286$60C46847-48C3-4FB2-99CD-A62330CD0E64,965.0,+2010-00-00T00:00:00Z,Q126773691,"[""Всероссийская перепись населения 2010 года. Таблица № 11. Численность населения городских округов, муниципальных районов, городских и сельских поселений, городских и сельских населённых пунктов Республики Дагестан""]",True,year_only_dated_secondary_claim
Q4324286,2021,Q4324286$8268D10D-726D-42E3-AD6F-5A132D06CD90,966.0,+2021-00-00T00:00:00Z,,[],False,year_only_dated_secondary_claim
Q702274,2002,Q702274$7A29EB0E-7A56-4F0F-B77E-98EA6452906C,904.0,+2002-00-00T00:00:00Z,Q126687602,"[""Всероссийская перепись населения 2002 года. Численность населения субъектов Российской Федерации, районов, городских поселений, сельских населённых пунктов - райцентров и сельских населённых пунктов с населением 3 тысячи и более""]",True,year_only_dated_secondary_claim
Q702274,2010,Q702274$6FF732C9-F475-4FF0-B952-2F8915E63CB2,686.0,+2010-00-00T00:00:00Z,Q127687500,"[""Всероссийская перепись населения 2010 года. Сахалинская область. Численность населения городских округов, муниципальных районов, городских и сельских поселений, городских населённых пунктов, сельских населённых пунктов""]",True,year_only_dated_secondary_claim
Q702274,2021,Q702274$78E30C43-8E7C-44FC-977E-673DCB68DAD3,898.0,+2021-00-00T00:00:00Z,Q127687505,"[""Итоги Всероссийской переписи населения 2020 года по Сахалинской области""]",True,year_only_dated_secondary_claim
Q18400979,2002,Q18400979$F2767C6C-E598-48D6-943D-3FBACAE90A4F,918.0,+2002-00-00T00:00:00Z,Q126945916,"[""Численность населения Кабардино-Балкарской Республики по сельским населённым пунктам по итогам ВПН-2002""]",False,year_only_dated_secondary_claim
Q18400979,2010,Q18400979$5E7C50F5-99D5-4716-9083-F69A71C9637E,850.0,+2010-00-00T00:00:00Z,Q126945966,"[""Численность населения КБР в разрезе населённых пунктов по итогам Всероссийской переписи населения 2010 года""]",True,year_only_dated_secondary_claim
Q18400979,2021,Q18400979$87D707BA-7250-4511-ABC3-AD29655856EB,894.0,+2021-00-00T00:00:00Z,Q126684906,"[""Итоги Всероссийской переписи населения 2020 года (по состоянию на 1 октября 2021 года)""]",True,year_only_dated_secondary_claim
Q4464377,2002,Q4464377$BDC098F7-EB49-412F-9133-8D35EA95C43E,2062.0,+2002-00-00T00:00:00Z,,[],False,year_only_dated_secondary_claim
Q4464377,2010,Q4464377$9EF85BE8-F944-4F10-918E-5258B599D513,1708.0,+2010-00-00T00:00:00Z,,[],False,year_only_dated_secondary_claim
Q4464377,2021,Q4464377$535187B6-F96A-40FF-9C47-FB0B5ADB290A,878.0,+2021-00-00T00:00:00Z,Q126684906,"[""Итоги Всероссийской переписи населения 2020 года (по состоянию на 1 октября 2021 года)""]",True,year_only_dated_secondary_claim
Q4109823,2002,Q4109823$3BD8987D-92DE-435F-98C6-762761167DC7,868.0,+2002-00-00T00:00:00Z,Q46574459,"[""Данные Всероссийской переписи населения 2002 года: таблица № 02c. Численность населения и преобладающая национальность по каждому сельскому населённому пункту.""]",True,year_only_dated_secondary_claim
Q4109823,2010,Q4109823$A2EDF345-2C89-46F2-8B15-5AC69C6B8040,860.0,+2010-00-00T00:00:00Z,,[],False,year_only_dated_secondary_claim
Q4109823,2021,Q4109823$87201f84-4e3e-8cf4-aee1-d0df276e9764,863.0,+2021-00-00T00:00:00Z,Q126684906,"[""Итоги Всероссийской переписи населения 2020 года (по состоянию на 1 октября 2021 года)""]",True,year_only_dated_secondary_claim
Q4527797,2002,Q4527797$E37F672A-AE7E-4B02-92C6-52941ACB9E15,725.0,+2002-00-00T00:00:00Z,,[],False,year_only_dated_secondary_claim
Q4527797,2010,Q4527797$150ECD99-FE32-4DBD-AB11-375D13704862,799.0,+2010-00-00T00:00:00Z,Q126773691,"[""Всероссийская перепись населения 2010 года. Таблица № 11. Численность населения городских округов, муниципальных районов, городских и сельских поселений, городских и сельских населённых пунктов Республики Дагестан""]",True,year_only_dated_secondary_claim
Q4527797,2021,Q4527797$0aa85833-4047-f1e1-3794-fcb70f0e8fbe,838.0,+2021-00-00T00:00:00Z,,[],False,year_only_dated_secondary_claim
Q4412155,2002,Q4412155$A323B652-0923-47D6-9BE7-5C00593BFC7D,983.0,+2002-00-00T00:00:00Z,,[],False,year_only_dated_secondary_claim
Q4412155,2010,Q4412155$F6883F92-C91A-4D2F-A7B0-8AAD7465ABE1,1008.0,+2010-00-00T00:00:00Z,,[],False,year_only_dated_secondary_claim
Q4412155,2021,Q4412155$21C461A1-E1C7-4E33-93CD-88532973F690,838.0,+2021-00-00T00:00:00Z,Q126684906,"[""Итоги Всероссийской переписи населения 2020 года (по состоянию на 1 октября 2021 года)""]",True,year_only_dated_secondary_claim
Q4126162,2002,Q4126162$910E0D84-9247-4E0C-89EF-6463E243D459,694.0,+2002-00-00T00:00:00Z,Q126687602,"[""Всероссийская перепись населения 2002 года. Численность населения субъектов Российской Федерации, районов, городских поселений, сельских населённых пунктов - райцентров и сельских населённых пунктов с населением 3 тысячи и более""]",True,year_only_dated_secondary_claim
Q4126162,2010,Q4126162$06D50B1E-D2D8-4499-83AD-25CF129FF311,915.0,+2010-00-00T00:00:00Z,Q127414173,"[""Всероссийская перепись населения 2010 года. Том 1. Численность и размещение населения Чеченской Республики""]",True,year_only_dated_secondary_claim
Q4126162,2021,Q4126162$816B6EF7-7C07-4B80-8B54-DF0BA0C62E28,830.0,+2021-00-00T00:00:00Z,Q126684906,"[""Итоги Всероссийской переписи населения 2020 года (по состоянию на 1 октября 2021 года)""]",True,year_only_dated_secondary_claim
Q18406270,2002,Q18406270$58E5B7A1-87E3-40CF-873C-B874B36510A7,702.0,+2002-00-00T00:00:00Z,Q126945916,"[""Численность населения Кабардино-Балкарской Республики по сельским населённым пунктам по итогам ВПН-2002""]",False,year_only_dated_secondary_claim
Q18406270,2010,Q18406270$30C9D1C2-A4C5-4435-8F4D-5A39B8C6BD4E,750.0,+2010-00-00T00:00:00Z,Q126945966,"[""Численность населения КБР в разрезе населённых пунктов по итогам Всероссийской переписи населения 2010 года""]",True,year_only_dated_secondary_claim
Q18406270,2021,Q18406270$C97AA748-1129-4F15-B9C3-49169B22FB9A,819.0,+2021-00-00T00:00:00Z,Q126684906,"[""Итоги Всероссийской переписи населения 2020 года (по состоянию на 1 октября 2021 года)""]",True,year_only_dated_secondary_claim
Q27061584,2002,Q27061584$A793AA31-9CAD-4E04-92C0-EACC1A41B19C,843.0,+2002-00-00T00:00:00Z,,[],False,year_only_dated_secondary_claim
Q27061584,2010,Q27061584$C5DBA874-9303-414D-9DFD-4C42E935CDB4,741.0,+2010-00-00T00:00:00Z,Q126773691,"[""Всероссийская перепись населения 2010 года. Таблица № 11. Численность населения городских округов, муниципальных районов, городских и сельских поселений, городских и сельских населённых пунктов Республики Дагестан""]",True,year_only_dated_secondary_claim
Q27061584,2021,Q27061584$7a97b11c-49e7-54fd-5716-c6582dfcd42a,816.0,+2021-00-00T00:00:00Z,,[],False,year_only_dated_secondary_claim
Q4239544,2002,Q4239544$86A7338C-BA09-4A55-AE74-1AD44EC7C6F1,1217.0,+2002-00-00T00:00:00Z,Q129261321,"[""Всероссийская перепись населения 2002 года""]",True,year_only_dated_secondary_claim
Q4239544,2010,Q4239544$0C334EE7-2A9F-49CF-960C-8E409D8A2025,944.0,+2010-00-00T00:00:00Z,Q129261323,"[""Всероссийская перепись населения 2010 года. Численность населения по населённым пунктам Владимирской области""]",True,year_only_dated_secondary_claim
Q4239544,2021,Q4239544$10F7B8BC-F2D0-40BC-BCD6-211F587655B6,814.0,+2021-00-00T00:00:00Z,Q129261340,"[""Итоги Всероссийской переписи населения 2020 года. Том 1 - Численность и размещение населения Владимирской области""]",True,year_only_dated_secondary_claim
Q4506015,2002,Q4506015$4E9B504E-125C-4A3B-9715-C65019849D70,844.0,+2002-00-00T00:00:00Z,,[],False,year_only_dated_secondary_claim
Q4506015,2010,Q4506015$5523D2ED-01AF-4158-B9CB-72B9E570047D,1052.0,+2010-00-00T00:00:00Z,Q126773691,"[""Всероссийская перепись населения 2010 года. Таблица № 11. Численность населения городских округов, муниципальных районов, городских и сельских поселений, городских и сельских населённых пунктов Республики Дагестан""]",True,year_only_dated_secondary_claim
Q4506015,2021,Q4506015$5e96a046-4fea-f954-9c8f-ce20a95c8f64,811.0,+2021-00-00T00:00:00Z,,[],False,year_only_dated_secondary_claim
Q4525281,2002,Q4525281$21CC68E8-0553-45FC-BF14-4CE21E8A83A8,648.0,+2002-00-00T00:00:00Z,,[],False,year_only_dated_secondary_claim
Q4525281,2010,Q4525281$E1B37FCB-76B1-448C-A7FD-D7037C146A39,734.0,+2010-00-00T00:00:00Z,Q126773691,"[""Всероссийская перепись населения 2010 года. Таблица № 11. Численность населения городских округов, муниципальных районов, городских и сельских поселений, городских и сельских населённых пунктов Республики Дагестан""]",True,year_only_dated_secondary_claim
Q4525281,2021,Q4525281$8562810A-88E2-483B-8744-4E0CD9588321,799.0,+2021-00-00T00:00:00Z,,[],False,year_only_dated_secondary_claim
Q15918792,2002,Q15918792$783F1061-F9F2-4761-845E-63716EA6C347,824.0,+2002-00-00T00:00:00Z,Q126945916,"[""Численность населения Кабардино-Балкарской Республики по сельским населённым пунктам по итогам ВПН-2002""]",False,year_only_dated_secondary_claim
Q15918792,2010,Q15918792$835625D8-ADCE-4CD5-974E-19446A8096D0,875.0,+2010-00-00T00:00:00Z,Q126945966,"[""Численность населения КБР в разрезе населённых пунктов по итогам Всероссийской переписи населения 2010 года""]",True,year_only_dated_secondary_claim
Q15918792,2021,Q15918792$AE0BC7C3-B505-447A-9A4D-34208BB6B3E1,773.0,+2021-00-00T00:00:00Z,Q126684906,"[""Итоги Всероссийской переписи населения 2020 года (по состоянию на 1 октября 2021 года)""]",True,year_only_dated_secondary_claim
Q4067824,2002,Q4067824$E4345C36-CA26-4595-9FF3-E635814D164B,606.0,+2002-00-00T00:00:00Z,,[],False,year_only_dated_secondary_claim
Q4067824,2010,Q4067824$7FC26CA7-5E53-4FA1-8BC7-E8B84832D3F2,819.0,+2010-00-00T00:00:00Z,Q126773691,"[""Всероссийская перепись населения 2010 года. Таблица № 11. Численность населения городских округов, муниципальных районов, городских и сельских поселений, городских и сельских населённых пунктов Республики Дагестан""]",True,year_only_dated_secondary_claim
Q4067824,2021,Q4067824$d94342e8-4ee8-8ab9-ff4d-d1270cfc06b6,731.0,+2021-00-00T00:00:00Z,,[],False,year_only_dated_secondary_claim
Q4495821,2002,Q4495821$3703BB89-D0AC-4853-B54C-F870C6BB29BC,361.0,+2002-00-00T00:00:00Z,,[],False,year_only_dated_secondary_claim
Q4495821,2010,Q4495821$386D0ECF-B86A-4D63-8375-300A7B473A53,474.0,+2010-00-00T00:00:00Z,Q126773691,"[""Всероссийская перепись населения 2010 года. Таблица № 11. Численность населения городских округов, муниципальных районов, городских и сельских поселений, городских и сельских населённых пунктов Республики Дагестан""]",True,year_only_dated_secondary_claim
Q4495821,2021,Q4495821$938f57d4-4dda-0f45-0302-56aec3d74a1c,731.0,+2021-00-00T00:00:00Z,,[],False,year_only_dated_secondary_claim
Q4359868,2002,Q4359868$1B508FE6-12EE-4A3F-B410-FF256B5A6C4B,635.0,+2002-00-00T00:00:00Z,Q128692818,"[""Всероссийская перепись населения 2010 года. Численность и размещение населения Томской области""]",False,year_only_dated_secondary_claim
Q4359868,2010,Q4359868$6DCBF977-F497-47BA-9D5F-3A22F021FF15,716.0,+2010-00-00T00:00:00Z,Q128692818,"[""Всероссийская перепись населения 2010 года. Численность и размещение населения Томской области""]",True,year_only_dated_secondary_claim
Q4359868,2021,Q4359868$E4EDDC5C-B168-464E-899F-D37931B90DC4,724.0,+2021-00-00T00:00:00Z,Q128692963,"[""Численность и размещение населения Томской области. Итоги Всероссийской переписи населения 2020 года""]",True,year_only_dated_secondary_claim
Q24684072,2002,Q24684072$098701F6-C6E7-4FDA-AD01-CBE195EC03D6,1051.0,+2002-00-00T00:00:00Z,,[],False,year_only_dated_secondary_claim
Q24684072,2010,Q24684072$F7947AD6-34B4-496B-BF27-0E65218C414C,854.0,+2010-00-00T00:00:00Z,,[],False,year_only_dated_secondary_claim
Q24684072,2021,Q24684072$610A12B0-2F3B-4BD7-B0C0-DB8407F92187,732.0,+2021-00-00T00:00:00Z,Q126692580,"[""Численность постоянного населения Российской Федерации по муниципальным образованиям на 1 января 2021 года""]",False,year_only_dated_secondary_claim
Q4278212,2002,Q4278212$E2CC80C7-60B8-4EAE-BC14-DD80EAAB74D4,552.0,+2002-00-00T00:00:00Z,,[],False,year_only_dated_secondary_claim
Q4278212,2010,Q4278212$D682A550-4210-4345-9A23-C6AD23F6ED97,695.0,+2010-00-00T00:00:00Z,Q126773691,"[""Всероссийская перепись населения 2010 года. Таблица № 11. Численность населения городских округов, муниципальных районов, городских и сельских поселений, городских и сельских населённых пунктов Республики Дагестан""]",True,year_only_dated_secondary_claim
Q4278212,2021,Q4278212$28D0A386-3284-4B57-A288-3B1707B54D96,712.0,+2021-00-00T00:00:00Z,,[],False,year_only_dated_secondary_claim
Q4537591,2002,Q4537591$C53F90F8-BD4D-4BFE-9B1D-BC724E2DA86D,1132.0,+2002-00-00T00:00:00Z,,[],False,year_only_dated_secondary_claim
Q4537591,2010,Q4537591$C269F27A-E8C9-4327-9647-33F848EA8CF1,781.0,+2010-00-00T00:00:00Z,Q126773691,"[""Всероссийская перепись населения 2010 года. Таблица № 11. Численность населения городских округов, муниципальных районов, городских и сельских поселений, городских и сельских населённых пунктов Республики Дагестан""]",True,year_only_dated_secondary_claim
Q4537591,2021,Q4537591$6E6D136F-9BD6-41F4-BF68-7C45091073A0,695.0,+2021-00-00T00:00:00Z,,[],False,year_only_dated_secondary_claim
Q6664569,2002,Q6664569$9C025B3F-52C9-4D3C-9B80-59997AB8DA13,765.0,+2002-00-00T00:00:00Z,Q46574459,"[""Данные Всероссийской переписи населения 2002 года: таблица № 02c. Численность населения и преобладающая национальность по каждому сельскому населённому пункту.""]",True,year_only_dated_secondary_claim
Q6664569,2010,Q6664569$26CEB38E-DA0A-4B21-8506-937538B50A52,687.0,+2010-00-00T00:00:00Z,,[],False,year_only_dated_secondary_claim
Q6664569,2021,Q6664569$7503d778-4767-0fb4-7fb0-ed88cff2047c,688.0,+2021-00-00T00:00:00Z,Q126684906,"[""Итоги Всероссийской переписи населения 2020 года (по состоянию на 1 октября 2021 года)""]",True,year_only_dated_secondary_claim
Q4378066,2002,Q4378066$F81A6062-ADA9-4CE4-9590-C985F09D7A10,361.0,+2002-00-00T00:00:00Z,,[],False,year_only_dated_secondary_claim
Q4378066,2010,Q4378066$D78B4399-5C85-417B-A5B4-5928DB9CAE36,484.0,+2010-00-00T00:00:00Z,Q126773691,"[""Всероссийская перепись населения 2010 года. Таблица № 11. Численность населения городских округов, муниципальных районов, городских и сельских поселений, городских и сельских населённых пунктов Республики Дагестан""]",True,year_only_dated_secondary_claim
Q4378066,2021,Q4378066$E36D7FFF-2825-4F5D-A310-FB7548AB44AF,679.0,+2021-00-00T00:00:00Z,,[],False,year_only_dated_secondary_claim
Q4150106,2002,Q4150106$9A4BF00E-5D82-4A49-BA88-9D2E66BA4670,568.0,+2002-00-00T00:00:00Z,Q126683593,"[""Публикация данных Республики Адыгея по Всероссийской переписи населения 2002 года""]",True,year_only_dated_secondary_claim
Q4150106,2010,Q4150106$A91A63CB-E39E-4D28-AFF4-BEF8682A0F08,640.0,+2010-00-00T00:00:00Z,Q126683680,"[""Всероссийская перепись населения 2010 года. Численность населения Республики Адыгея""]",True,year_only_dated_secondary_claim
Q4150106,2021,Q4150106$dc51b686-4b5b-7957-fb82-5dd11f037b74,670.0,+2021-00-00T00:00:00Z,Q126684863,"[""Итоги Всероссийской переписи населения 2020 года по Республике Адыгея (по состоянию на 1 октября 2021 года)""]",True,year_only_dated_secondary_claim
Q25735589,2002,Q25735589$9BD9721A-8262-4833-8F69-813A3EA0C3C0,927.0,+2002-00-00T00:00:00Z,Q127368175,"[""База данных Этно-языковой состав населённых пунктов России""]",False,year_only_dated_secondary_claim
Q25735589,2010,Q25735589$B218A747-F463-4D0F-81E6-93C264F715C8,814.0,+2010-00-00T00:00:00Z,Q127368766,"[""Всероссийская перепись населения 2010 года. Численность населения городских и сельских населённых пунктов Омской области""]",True,year_only_dated_secondary_claim
Q25735589,2021,Q25735589$7C942011-8539-466B-BF3E-99DCC067A9F6,652.0,+2021-00-00T00:00:00Z,Q131453091,"[""Всероссийская перепись населения 2020 года по Омской области. База данных \""Этно-языковой состав населённых пунктов России. Перепись 2020/21 года\""""]",True,year_only_dated_secondary_claim
Q24729050,2002,Q24729050$84518069-B9BD-48D9-8340-9D95FF0CEF4D,584.0,+2002-00-00T00:00:00Z,,[],False,year_only_dated_secondary_claim
Q24729050,2010,Q24729050$729DF2F7-C36B-4AC0-84BE-5D727451B06F,691.0,+2010-00-00T00:00:00Z,,[],False,year_only_dated_secondary_claim
Q24729050,2021,Q24729050$4B0A8E1A-F7A7-4EB5-8A0A-C52BF45BE544,665.0,+2021-00-00T00:00:00Z,Q126692580,"[""Численность постоянного населения Российской Федерации по муниципальным образованиям на 1 января 2021 года""]",False,year_only_dated_secondary_claim
Q4207276,2002,Q4207276$5A47A47F-DC69-43F2-8DF8-4756C51EDC31,859.0,+2002-00-00T00:00:00Z,,[],False,year_only_dated_secondary_claim
Q4207276,2010,Q4207276$00012D8F-4582-4C12-8B8F-1B510ECA2138,868.0,+2010-00-00T00:00:00Z,Q126773691,"[""Всероссийская перепись населения 2010 года. Таблица № 11. Численность населения городских округов, муниципальных районов, городских и сельских поселений, городских и сельских населённых пунктов Республики Дагестан""]",True,year_only_dated_secondary_claim
Q4207276,2021,Q4207276$7D6F5B44-10CD-4FC6-9B63-ED58E89AC53A,644.0,+2021-00-00T00:00:00Z,,[],False,year_only_dated_secondary_claim
Q28520482,2002,Q28520482$2B19C283-F347-425C-BDC3-B06C96B70A6E,701.0,+2002-00-00T00:00:00Z,Q128692818,"[""Всероссийская перепись населения 2010 года. Численность и размещение населения Томской области""]",False,year_only_dated_secondary_claim
Q28520482,2010,Q28520482$FC99A394-BEB5-4503-982C-036DE0910921,649.0,+2010-00-00T00:00:00Z,Q128692818,"[""Всероссийская перепись населения 2010 года. Численность и размещение населения Томской области""]",True,year_only_dated_secondary_claim
Q28520482,2021,Q28520482$F7370BD0-B540-409D-A207-40A68E45641C,618.0,+2021-00-00T00:00:00Z,Q128692963,"[""Численность и размещение населения Томской области. Итоги Всероссийской переписи населения 2020 года""]",True,year_only_dated_secondary_claim
Q4439805,2002,Q4439805$F4DC0946-3C35-4F71-B3F1-7520BA3DEF22,0.0,+2002-00-00T00:00:00Z,,[],False,year_only_dated_secondary_claim
Q4439805,2010,Q4439805$D38EC4F3-690A-4A25-AFFE-19E9D7793506,692.0,+2010-00-00T00:00:00Z,,[],False,year_only_dated_secondary_claim
Q4439805,2021,Q4439805$10BA57DD-BD36-452B-96D0-12B568C64B58,616.0,+2021-00-00T00:00:00Z,,[],False,year_only_dated_secondary_claim
Q17622042,2002,Q17622042$2BEC3FC7-EA76-47B4-B3E3-612D731988D3,739.0,+2002-00-00T00:00:00Z,Q46574459,"[""Данные Всероссийской переписи населения 2002 года: таблица № 02c. Численность населения и преобладающая национальность по каждому сельскому населённому пункту.""]",True,year_only_dated_secondary_claim
Q17622042,2010,Q17622042$C451071D-F0B2-4DEC-BE58-5D83B67E5E70,741.0,+2010-00-00T00:00:00Z,,[],False,year_only_dated_secondary_claim
Q17622042,2021,Q17622042$640025a3-45ae-599b-b0c5-045cd6cac206,616.0,+2021-00-00T00:00:00Z,,[],False,year_only_dated_secondary_claim
Q4214377,2002,Q4214377$ED70B15B-FA85-44DD-9BAB-D4061A0B0A20,816.0,+2002-00-00T00:00:00Z,,[],False,year_only_dated_secondary_claim
Q4214377,2010,Q4214377$11C43C48-F870-40AC-ADCB-1AED5971D91E,535.0,+2010-00-00T00:00:00Z,Q126773691,"[""Всероссийская перепись населения 2010 года. Таблица № 11. Численность населения городских округов, муниципальных районов, городских и сельских поселений, городских и сельских населённых пунктов Республики Дагестан""]",True,year_only_dated_secondary_claim
Q4214377,2021,Q4214377$636f032d-4402-575e-fcfb-ff1b761150f4,615.0,+2021-00-00T00:00:00Z,,[],False,year_only_dated_secondary_claim
Q6081313,2002,Q6081313$4CA958F8-CB19-41B6-9B69-85D6B1D38FF2,765.0,+2002-00-00T00:00:00Z,Q126683593,"[""Публикация данных Республики Адыгея по Всероссийской переписи населения 2002 года""]",True,year_only_dated_secondary_claim
Q6081313,2010,Q6081313$CAFD432F-C29F-4443-A052-7E3149B0E0E2,739.0,+2010-00-00T00:00:00Z,Q126683680,"[""Всероссийская перепись населения 2010 года. Численность населения Республики Адыгея""]",True,year_only_dated_secondary_claim
Q6081313,2021,Q6081313$76588488-4091-522f-8137-35708b9a923a,615.0,+2021-00-00T00:00:00Z,Q126684863,"[""Итоги Всероссийской переписи населения 2020 года по Республике Адыгея (по состоянию на 1 октября 2021 года)""]",True,year_only_dated_secondary_claim
Q18409830,2002,Q18409830$4D1A8ADD-D1D7-4D94-9135-92F6E83D05DA,500.0,+2002-00-00T00:00:00Z,Q126945916,"[""Численность населения Кабардино-Балкарской Республики по сельским населённым пунктам по итогам ВПН-2002""]",False,year_only_dated_secondary_claim
Q18409830,2010,Q18409830$ECEE99F4-63C3-40A5-94AB-98CEE9EE7627,492.0,+2010-00-00T00:00:00Z,Q126945966,"[""Численность населения КБР в разрезе населённых пунктов по итогам Всероссийской переписи населения 2010 года""]",True,year_only_dated_secondary_claim
Q18409830,2021,Q18409830$3B236AFB-5896-49F0-80AF-3D57206DD8E3,605.0,+2021-00-00T00:00:00Z,Q126684906,"[""Итоги Всероссийской переписи населения 2020 года (по состоянию на 1 октября 2021 года)""]",True,year_only_dated_secondary_claim
Q4324536,2002,Q4324536$30A44846-FC7E-4927-AD95-062B2D4E81CA,277.0,+2002-00-00T00:00:00Z,Q128692818,"[""Всероссийская перепись населения 2010 года. Численность и размещение населения Томской области""]",False,year_only_dated_secondary_claim
Q4324536,2010,Q4324536$2798EE54-58EF-49A1-A594-96B1525793A9,289.0,+2010-00-00T00:00:00Z,Q128692818,"[""Всероссийская перепись населения 2010 года. Численность и размещение населения Томской области""]",True,year_only_dated_secondary_claim
Q4324536,2021,Q4324536$F6A97B01-4A63-4A9F-A3F1-46F691236D0E,604.0,+2021-00-00T00:00:00Z,Q128692963,"[""Численность и размещение населения Томской области. Итоги Всероссийской переписи населения 2020 года""]",True,year_only_dated_secondary_claim
Q15276282,2002,Q15276282$782BC4C3-1DFD-4F5A-93C5-4050C0B55E58,774.0,+2002-00-00T00:00:00Z,Q46574459,"[""Данные Всероссийской переписи населения 2002 года: таблица № 02c. Численность населения и преобладающая национальность по каждому сельскому населённому пункту.""]",True,year_only_dated_secondary_claim
Q15276282,2010,Q15276282$59E22C98-6133-4945-A20F-120DB23C43CF,694.0,+2010-00-00T00:00:00Z,Q128032147,"[""Всероссийская перепись населения 2010 года. Численность и размещение населения Свердловской области""]",True,year_only_dated_secondary_claim
Q15276282,2021,Q15276282$68EB58D3-BC71-49EA-8489-BD65BDB8BF3E,602.0,+2021-00-00T00:00:00Z,Q131711677,"[""База данных «Этно-языковой состав населённых пунктов России. Перепись 2020/21 года». Свердловская область""]",True,year_only_dated_secondary_claim
Q27158432,2002,Q27158432$31A333B1-3E1E-49A5-9EF3-898C57DB05E3,1162.0,+2002-00-00T00:00:00Z,,[],False,year_only_dated_secondary_claim
Q27158432,2010,Q27158432$AABE10C9-EBE2-4E36-8274-443DDC15101B,991.0,+2010-00-00T00:00:00Z,,[],False,year_only_dated_secondary_claim
Q27158432,2021,Q27158432$6FF1C0E7-1859-47D1-8E0B-1CDA6BAF3718,746.0,+2021-00-00T00:00:00Z,Q126692580,"[""Численность постоянного населения Российской Федерации по муниципальным образованиям на 1 января 2021 года""]",False,year_only_dated_secondary_claim
Q4323876,2002,Q4323876$6922D15E-CE80-4262-9FF8-7CF1EAA8E37F,625.0,+2002-00-00T00:00:00Z,,[],False,year_only_dated_secondary_claim
Q4323876,2010,Q4323876$4EE52C22-26B3-4261-BD69-6CE0114EF0F2,653.0,+2010-00-00T00:00:00Z,Q126773691,"[""Всероссийская перепись населения 2010 года. Таблица № 11. Численность населения городских округов, муниципальных районов, городских и сельских поселений, городских и сельских населённых пунктов Республики Дагестан""]",True,year_only_dated_secondary_claim
Q4323876,2021,Q4323876$1bcee91c-45c6-d481-907b-627ddb6e1e26,595.0,+2021-00-00T00:00:00Z,,[],False,year_only_dated_secondary_claim
Q6160764,2002,Q6160764$B7A61615-A458-437B-9E98-6101A1740C3B,651.0,+2002-00-00T00:00:00Z,Q126683593,"[""Публикация данных Республики Адыгея по Всероссийской переписи населения 2002 года""]",True,year_only_dated_secondary_claim
Q6160764,2010,Q6160764$04A91468-6990-4B56-8855-B1E82D3E1B4D,638.0,+2010-00-00T00:00:00Z,Q126683680,"[""Всероссийская перепись населения 2010 года. Численность населения Республики Адыгея""]",True,year_only_dated_secondary_claim
Q6160764,2021,Q6160764$62dd174a-424e-4864-64a0-07f5babbb700,590.0,+2021-00-00T00:00:00Z,Q126684863,"[""Итоги Всероссийской переписи населения 2020 года по Республике Адыгея (по состоянию на 1 октября 2021 года)""]",True,year_only_dated_secondary_claim
Q4086766,2002,Q4086766$114E024B-6419-4363-9F10-497F60C07FDB,609.0,+2002-00-00T00:00:00Z,,[],False,year_only_dated_secondary_claim
Q4086766,2010,Q4086766$7967BD0D-2D15-4B2C-9A57-B52E24D1FCAC,635.0,+2010-00-00T00:00:00Z,Q126773691,"[""Всероссийская перепись населения 2010 года. Таблица № 11. Численность населения городских округов, муниципальных районов, городских и сельских поселений, городских и сельских населённых пунктов Республики Дагестан""]",True,year_only_dated_secondary_claim
Q4086766,2021,Q4086766$7F8EDDFF-3D03-4DDE-AF84-456FFEB7E5B7,579.0,+2021-00-00T00:00:00Z,,[],False,year_only_dated_secondary_claim
Q4255338,2002,Q4255338$2464188C-E545-49CE-893A-69DC1F75E8A1,1254.0,+2002-00-00T00:00:00Z,Q46574459,"[""Данные Всероссийской переписи населения 2002 года: таблица № 02c. Численность населения и преобладающая национальность по каждому сельскому населённому пункту.""]",True,year_only_dated_secondary_claim
Q4255338,2010,Q4255338$6180B2A8-3DA4-4352-9212-3C3CD65DC7E9,906.0,+2010-00-00T00:00:00Z,,[],False,year_only_dated_secondary_claim
Q4255338,2021,Q4255338$53b6de74-49f4-60f0-5d6a-26af28bd4974,543.0,+2021-00-00T00:00:00Z,,[],False,year_only_dated_secondary_claim
Q4401367,2002,Q4401367$E16A5171-D91B-4C0E-8912-DC913F076D06,591.0,+2002-00-00T00:00:00Z,,[],False,year_only_dated_secondary_claim
Q4401367,2010,Q4401367$C2E85D3A-2D57-4082-8E9E-E4A7FFEFBF93,457.0,+2010-00-00T00:00:00Z,Q126773691,"[""Всероссийская перепись населения 2010 года. Таблица № 11. Численность населения городских округов, муниципальных районов, городских и сельских поселений, городских и сельских населённых пунктов Республики Дагестан""]",True,year_only_dated_secondary_claim
Q4401367,2021,Q4401367$69a28aac-497f-dee7-c73c-76f6700a6cb4,540.0,+2021-00-00T00:00:00Z,,[],False,year_only_dated_secondary_claim
Q4224459,2002,Q4224459$94094A3D-0DA4-4465-B53B-B08A839AB6C0,464.0,+2002-00-00T00:00:00Z,Q46574459,"[""Данные Всероссийской переписи населения 2002 года: таблица № 02c. Численность населения и преобладающая национальность по каждому сельскому населённому пункту.""]",True,year_only_dated_secondary_claim
Q4224459,2010,Q4224459$CCC94EFB-2092-4DE8-9128-ECECBA23FE5D,500.0,+2010-00-00T00:00:00Z,Q127687500,"[""Всероссийская перепись населения 2010 года. Сахалинская область. Численность населения городских округов, муниципальных районов, городских и сельских поселений, городских населённых пунктов, сельских населённых пунктов""]",True,year_only_dated_secondary_claim
Q4224459,2021,Q4224459$F690C7CB-F2CB-44E7-8AA8-1532E774147D,535.0,+2021-00-00T00:00:00Z,Q127687505,"[""Итоги Всероссийской переписи населения 2020 года по Сахалинской области""]",True,year_only_dated_secondary_claim
Q18202986,2002,Q18202986$E93D4AA2-8A82-4BA3-BA33-3A02175F5297,489.0,+2002-00-00T00:00:00Z,Q126945916,"[""Численность населения Кабардино-Балкарской Республики по сельским населённым пунктам по итогам ВПН-2002""]",False,year_only_dated_secondary_claim
Q18202986,2010,Q18202986$41C97417-F37F-4C0C-85D0-E87AF8DAE0F0,697.0,+2010-00-00T00:00:00Z,Q126945966,"[""Численность населения КБР в разрезе населённых пунктов по итогам Всероссийской переписи населения 2010 года""]",True,year_only_dated_secondary_claim
Q18202986,2021,Q18202986$52703DA4-196C-448D-B7A8-3E64E98A72E2,526.0,+2021-00-00T00:00:00Z,Q126684906,"[""Итоги Всероссийской переписи населения 2020 года (по состоянию на 1 октября 2021 года)""]",True,year_only_dated_secondary_claim
Q18402018,2002,Q18402018$1BFA66E0-6B14-49BC-A073-43FAC1183BF8,534.0,+2002-00-00T00:00:00Z,Q126945916,"[""Численность населения Кабардино-Балкарской Республики по сельским населённым пунктам по итогам ВПН-2002""]",False,year_only_dated_secondary_claim
Q18402018,2010,Q18402018$7475A938-6D48-49C7-ADFC-D12781D21038,527.0,+2010-00-00T00:00:00Z,Q126945966,"[""Численность населения КБР в разрезе населённых пунктов по итогам Всероссийской переписи населения 2010 года""]",True,year_only_dated_secondary_claim
Q18402018,2021,Q18402018$A72FB0D9-13D0-4079-B640-1A9F5E331BDE,523.0,+2021-00-00T00:00:00Z,Q126684906,"[""Итоги Всероссийской переписи населения 2020 года (по состоянию на 1 октября 2021 года)""]",True,year_only_dated_secondary_claim
Q18170558,2002,Q18170558$B5133EB2-CB64-4A17-9463-F77898CB9C48,548.0,+2002-00-00T00:00:00Z,Q126945916,"[""Численность населения Кабардино-Балкарской Республики по сельским населённым пунктам по итогам ВПН-2002""]",False,year_only_dated_secondary_claim
Q18170558,2010,Q18170558$459D230F-3E05-4862-B7F2-05F453370EEA,538.0,+2010-00-00T00:00:00Z,Q126945966,"[""Численность населения КБР в разрезе населённых пунктов по итогам Всероссийской переписи населения 2010 года""]",True,year_only_dated_secondary_claim
Q18170558,2021,Q18170558$82ACC3E0-5F91-4C20-8C01-353CCD770592,518.0,+2021-00-00T00:00:00Z,Q126684906,"[""Итоги Всероссийской переписи населения 2020 года (по состоянию на 1 октября 2021 года)""]",True,year_only_dated_secondary_claim
Q18407880,2002,Q18407880$CF5F461D-748E-441A-8F22-FCC41CE4E46B,486.0,+2002-00-00T00:00:00Z,Q126945916,"[""Численность населения Кабардино-Балкарской Республики по сельским населённым пунктам по итогам ВПН-2002""]",False,year_only_dated_secondary_claim
Q18407880,2010,Q18407880$0F066D23-D775-4B92-AE39-D79B4866CC0E,512.0,+2010-00-00T00:00:00Z,Q126945966,"[""Численность населения КБР в разрезе населённых пунктов по итогам Всероссийской переписи населения 2010 года""]",True,year_only_dated_secondary_claim
Q18407880,2021,Q18407880$CA420690-9A39-4DAF-8107-CA7A583D1F6B,516.0,+2021-00-00T00:00:00Z,Q126684906,"[""Итоги Всероссийской переписи населения 2020 года (по состоянию на 1 октября 2021 года)""]",True,year_only_dated_secondary_claim
Q21637740,2002,Q21637740$B8500C4F-433B-4E9D-AFE5-5833B9070767,365.0,+2002-00-00T00:00:00Z,,[],False,year_only_dated_secondary_claim
Q21637740,2010,Q21637740$C59758BF-C07C-42E1-B67B-E1937ACCEAF1,403.0,+2010-00-00T00:00:00Z,Q126773691,"[""Всероссийская перепись населения 2010 года. Таблица № 11. Численность населения городских округов, муниципальных районов, городских и сельских поселений, городских и сельских населённых пунктов Республики Дагестан""]",True,year_only_dated_secondary_claim
Q21637740,2021,Q21637740$51c36cf3-4ec6-6a95-73de-30dce3d2e7bf,514.0,+2021-00-00T00:00:00Z,,[],False,year_only_dated_secondary_claim
Q18400957,2002,Q18400957$1E6016A2-29B3-41F8-8A12-84871CD52535,495.0,+2002-00-00T00:00:00Z,Q126945916,"[""Численность населения Кабардино-Балкарской Республики по сельским населённым пунктам по итогам ВПН-2002""]",False,year_only_dated_secondary_claim
Q18400957,2010,Q18400957$2F8F8DC6-F0D0-4EC8-9698-1989EBECF87E,408.0,+2010-00-00T00:00:00Z,Q126945966,"[""Численность населения КБР в разрезе населённых пунктов по итогам Всероссийской переписи населения 2010 года""]",True,year_only_dated_secondary_claim
Q18400957,2021,Q18400957$4BED1228-D0FC-44C7-BD6B-CCDD8B40EB40,510.0,+2021-00-00T00:00:00Z,Q126684906,"[""Итоги Всероссийской переписи населения 2020 года (по состоянию на 1 октября 2021 года)""]",True,year_only_dated_secondary_claim
Q23835824,2002,Q23835824$4467F7FD-101A-41A4-9F3C-648B07C3A2AF,394.0,+2002-00-00T00:00:00Z,,[],False,year_only_dated_secondary_claim
Q23835824,2010,Q23835824$AFF8CE23-A9AE-47DF-AE58-DA3FFB96D656,455.0,+2010-00-00T00:00:00Z,Q126773691,"[""Всероссийская перепись населения 2010 года. Таблица № 11. Численность населения городских округов, муниципальных районов, городских и сельских поселений, городских и сельских населённых пунктов Республики Дагестан""]",True,year_only_dated_secondary_claim
Q23835824,2021,Q23835824$0a897564-41bf-1930-319c-1a5f3ce3a634,506.0,+2021-00-00T00:00:00Z,,[],False,year_only_dated_secondary_claim
Q4312838,2002,Q4312838$4BE6C796-4020-4A3D-9E5C-9905E7C1C70F,503.0,+2002-00-00T00:00:00Z,,[],False,year_only_dated_secondary_claim
Q4312838,2010,Q4312838$5E45F8FA-86E1-47BE-8B4C-3A1C43768B40,494.0,+2010-00-00T00:00:00Z,Q126773691,"[""Всероссийская перепись населения 2010 года. Таблица № 11. Численность населения городских округов, муниципальных районов, городских и сельских поселений, городских и сельских населённых пунктов Республики Дагестан""]",True,year_only_dated_secondary_claim
Q4312838,2021,Q4312838$0ee41143-4e31-63bb-79e1-a111bbf702dc,504.0,+2021-00-00T00:00:00Z,,[],False,year_only_dated_secondary_claim
Q24239692,2002,Q24239692$10CF67A4-14F6-4774-87BA-94D8B9A13385,696.0,+2002-00-00T00:00:00Z,,[],False,year_only_dated_secondary_claim
Q24239692,2010,Q24239692$FCD7DDDF-2BB3-4658-A381-8341AF777073,575.0,+2010-00-00T00:00:00Z,,[],False,year_only_dated_secondary_claim
Q24239692,2021,Q24239692$91466957-FD32-4529-91F5-B7F609E774BE,471.0,+2021-00-00T00:00:00Z,Q126692580,"[""Численность постоянного населения Российской Федерации по муниципальным образованиям на 1 января 2021 года""]",False,year_only_dated_secondary_claim
Q4506038,2002,Q4506038$F35C6E56-5D39-4597-98EB-060B3FA58CAE,418.0,+2002-00-00T00:00:00Z,,[],False,year_only_dated_secondary_claim
Q4506038,2010,Q4506038$BC2D6687-CD05-4C88-87A2-FE740BF4C403,410.0,+2010-00-00T00:00:00Z,Q126773691,"[""Всероссийская перепись населения 2010 года. Таблица № 11. Численность населения городских округов, муниципальных районов, городских и сельских поселений, городских и сельских населённых пунктов Республики Дагестан""]",True,year_only_dated_secondary_claim
Q4506038,2021,Q4506038$74C09869-214D-4BC5-B461-9C6E7E4989E6,481.0,+2021-00-00T00:00:00Z,,[],False,year_only_dated_secondary_claim
Q4091879,2002,Q4091879$417333C3-D31D-4633-98C9-93200E101F8D,525.0,+2002-00-00T00:00:00Z,Q128692818,"[""Всероссийская перепись населения 2010 года. Численность и размещение населения Томской области""]",False,year_only_dated_secondary_claim
Q4091879,2010,Q4091879$91BF4994-7A36-4D6B-B8BC-FA7E58ACCE18,501.0,+2010-00-00T00:00:00Z,Q128692818,"[""Всероссийская перепись населения 2010 года. Численность и размещение населения Томской области""]",True,year_only_dated_secondary_claim
Q4091879,2021,Q4091879$AE7227C1-DE89-4DA0-9B2E-FF5FE8CBE2CC,477.0,+2021-00-00T00:00:00Z,Q128692963,"[""Численность и размещение населения Томской области. Итоги Всероссийской переписи населения 2020 года""]",True,year_only_dated_secondary_claim
Q18408479,2002,Q18408479$E6D5CCBE-651F-4593-B765-32C1DE323363,442.0,+2002-00-00T00:00:00Z,Q126945916,"[""Численность населения Кабардино-Балкарской Республики по сельским населённым пунктам по итогам ВПН-2002""]",False,year_only_dated_secondary_claim
Q18408479,2010,Q18408479$7FD56845-B76E-4F87-98B9-9304BE18EC78,466.0,+2010-00-00T00:00:00Z,Q126945966,"[""Численность населения КБР в разрезе населённых пунктов по итогам Всероссийской переписи населения 2010 года""]",True,year_only_dated_secondary_claim
Q18408479,2021,Q18408479$0BAC3361-2C72-4200-816B-7FF1BDAA6849,449.0,+2021-00-00T00:00:00Z,Q126684906,"[""Итоги Всероссийской переписи населения 2020 года (по состоянию на 1 октября 2021 года)""]",True,year_only_dated_secondary_claim
Q28520865,2002,Q28520865$A75C21A5-187C-46F6-9FFF-91FF56192318,588.0,+2002-00-00T00:00:00Z,Q128692818,"[""Всероссийская перепись населения 2010 года. Численность и размещение населения Томской области""]",False,year_only_dated_secondary_claim
Q28520865,2010,Q28520865$4D70996F-1FCA-45DC-AEB7-EA3CFFD5F798,545.0,+2010-00-00T00:00:00Z,Q128692818,"[""Всероссийская перепись населения 2010 года. Численность и размещение населения Томской области""]",True,year_only_dated_secondary_claim
Q28520865,2021,Q28520865$9567AF5E-2981-41A1-9060-193864FECC70,445.0,+2021-00-00T00:00:00Z,Q128692963,"[""Численность и размещение населения Томской области. Итоги Всероссийской переписи населения 2020 года""]",True,year_only_dated_secondary_claim
Q24728979,2002,Q24728979$B85CD8B3-9BCD-4469-9E60-49E1E0EFE061,784.0,+2002-00-00T00:00:00Z,,[],False,year_only_dated_secondary_claim
Q24728979,2010,Q24728979$D202C293-683D-4BE7-9BA4-50F80E554879,680.0,+2010-00-00T00:00:00Z,,[],False,year_only_dated_secondary_claim
Q24728979,2021,Q24728979$0EF06C5A-8E68-4A5A-B4F0-77512D32D5A7,548.0,+2021-00-00T00:00:00Z,Q126692580,"[""Численность постоянного населения Российской Федерации по муниципальным образованиям на 1 января 2021 года""]",False,year_only_dated_secondary_claim
Q4407438,2002,Q4407438$D7F61BCD-A975-4B49-9216-3575369FBE6E,680.0,+2002-00-00T00:00:00Z,Q46574459,"[""Данные Всероссийской переписи населения 2002 года: таблица № 02c. Численность населения и преобладающая национальность по каждому сельскому населённому пункту.""]",True,year_only_dated_secondary_claim
Q4407438,2010,Q4407438$F8736FAD-4FB0-474F-B92B-845501E0675A,673.0,+2010-00-00T00:00:00Z,Q127687500,"[""Всероссийская перепись населения 2010 года. Сахалинская область. Численность населения городских округов, муниципальных районов, городских и сельских поселений, городских населённых пунктов, сельских населённых пунктов""]",True,year_only_dated_secondary_claim
Q4407438,2021,Q4407438$AE078456-8D82-4013-8451-7EDA5358C6CB,441.0,+2021-00-00T00:00:00Z,Q127687505,"[""Итоги Всероссийской переписи населения 2020 года по Сахалинской области""]",True,year_only_dated_secondary_claim
Q4322980,2002,Q4322980$AFBB1323-D2AA-4331-AFEE-C57B65E0D44B,396.0,+2002-00-00T00:00:00Z,Q126687602,"[""Всероссийская перепись населения 2002 года. Численность населения субъектов Российской Федерации, районов, городских поселений, сельских населённых пунктов - райцентров и сельских населённых пунктов с населением 3 тысячи и более""]",True,year_only_dated_secondary_claim
Q4322980,2010,Q4322980$E6B9E72C-ED3F-49D7-A827-80022693ADD0,410.0,+2010-00-00T00:00:00Z,Q126952645,"[""Численность постоянного населения территорий КЧР по окончательным данным Всероссийской переписи населения 2010 года""]",True,year_only_dated_secondary_claim
Q4322980,2021,Q4322980$75E2EDC5-C1F6-4CBD-804E-96ACD4C1F81B,440.0,+2021-00-00T00:00:00Z,Q126684906,"[""Итоги Всероссийской переписи населения 2020 года (по состоянию на 1 октября 2021 года)""]",True,year_only_dated_secondary_claim
Q4380537,2002,Q4380537$2D051E91-C821-4133-9110-AB44963BE37A,371.0,+2002-00-00T00:00:00Z,,[],False,year_only_dated_secondary_claim
Q4380537,2010,Q4380537$C10ED23C-64CF-4F05-AFDF-0BA8CDF95924,349.0,+2010-00-00T00:00:00Z,Q126773691,"[""Всероссийская перепись населения 2010 года. Таблица № 11. Численность населения городских округов, муниципальных районов, городских и сельских поселений, городских и сельских населённых пунктов Республики Дагестан""]",True,year_only_dated_secondary_claim
Q4380537,2021,Q4380537$1F47E0DA-6425-43A9-AB3B-4057CE13ABB6,438.0,+2021-00-00T00:00:00Z,,[],False,year_only_dated_secondary_claim
Q18408953,2002,Q18408953$834D2C85-F10A-4CE3-84BB-DB256F663690,521.0,+2002-00-00T00:00:00Z,Q126945916,"[""Численность населения Кабардино-Балкарской Республики по сельским населённым пунктам по итогам ВПН-2002""]",False,year_only_dated_secondary_claim
Q18408953,2010,Q18408953$33033555-21FD-414E-9D35-97036ADBFD5D,425.0,+2010-00-00T00:00:00Z,Q126945966,"[""Численность населения КБР в разрезе населённых пунктов по итогам Всероссийской переписи населения 2010 года""]",True,year_only_dated_secondary_claim
Q18408953,2021,Q18408953$80140D10-FAEE-4E0C-88D4-E6BC894FD9A2,433.0,+2021-00-00T00:00:00Z,Q126684906,"[""Итоги Всероссийской переписи населения 2020 года (по состоянию на 1 октября 2021 года)""]",True,year_only_dated_secondary_claim
Q16014684,2002,Q16014684$977865F2-6D50-4DF4-A978-389827CDC529,325.0,+2002-00-00T00:00:00Z,Q126945916,"[""Численность населения Кабардино-Балкарской Республики по сельским населённым пунктам по итогам ВПН-2002""]",False,year_only_dated_secondary_claim
Q16014684,2010,Q16014684$62A56F05-5CAD-4396-AFA8-7DD913EB0EC5,434.0,+2010-00-00T00:00:00Z,Q126945966,"[""Численность населения КБР в разрезе населённых пунктов по итогам Всероссийской переписи населения 2010 года""]",True,year_only_dated_secondary_claim
Q16014684,2021,Q16014684$465150D3-9EF0-42E5-9410-AE66DE7D2821,426.0,+2021-00-00T00:00:00Z,Q126684906,"[""Итоги Всероссийской переписи населения 2020 года (по состоянию на 1 октября 2021 года)""]",True,year_only_dated_secondary_claim
Q19614423,2002,Q19614423$BE622C50-1DEE-455C-9F4E-6B4DC36317DF,428.0,+2002-00-00T00:00:00Z,Q126945916,"[""Численность населения Кабардино-Балкарской Республики по сельским населённым пунктам по итогам ВПН-2002""]",False,year_only_dated_secondary_claim
Q19614423,2010,Q19614423$D760632B-A493-46AB-B8C0-D01F1AD2942F,421.0,+2010-00-00T00:00:00Z,Q126945966,"[""Численность населения КБР в разрезе населённых пунктов по итогам Всероссийской переписи населения 2010 года""]",True,year_only_dated_secondary_claim
Q19614423,2021,Q19614423$DECF1C54-BAF6-4083-A3D5-F2FC902A5596,404.0,+2021-00-00T00:00:00Z,Q126684906,"[""Итоги Всероссийской переписи населения 2020 года (по состоянию на 1 октября 2021 года)""]",True,year_only_dated_secondary_claim
Q13662246,2002,Q13662246$E4C81A01-CE5D-46A0-A295-31A8554FAAC1,884.0,+2002-00-00T00:00:00Z,Q46574459,"[""Данные Всероссийской переписи населения 2002 года: таблица № 02c. Численность населения и преобладающая национальность по каждому сельскому населённому пункту.""]",True,year_only_dated_secondary_claim
Q13662246,2010,Q13662246$5B581D41-481D-4DAC-9190-6C74F8CBB3CB,683.0,+2010-00-00T00:00:00Z,,[],False,year_only_dated_secondary_claim
Q13662246,2021,Q13662246$178f3f23-4e73-851e-a029-a059b46a69a0,400.0,+2021-00-00T00:00:00Z,,[],False,year_only_dated_secondary_claim
Q4506037,2002,Q4506037$CBD5A5B5-A8F0-49C6-AEA8-53446302484B,341.0,+2002-00-00T00:00:00Z,,[],False,year_only_dated_secondary_claim
Q4506037,2010,Q4506037$DE8A9C45-E7A8-4807-B8D4-BA408B7D4381,420.0,+2010-00-00T00:00:00Z,Q126773691,"[""Всероссийская перепись населения 2010 года. Таблица № 11. Численность населения городских округов, муниципальных районов, городских и сельских поселений, городских и сельских населённых пунктов Республики Дагестан""]",True,year_only_dated_secondary_claim
Q4506037,2021,Q4506037$BA19163E-021E-42D9-B6FE-5635858B1E8C,393.0,+2021-00-00T00:00:00Z,,[],False,year_only_dated_secondary_claim
Q4070721,2002,Q4070721$0CB495C7-3656-44B7-9A8D-71081A11AFE0,345.0,+2002-00-00T00:00:00Z,,[],False,year_only_dated_secondary_claim
Q4070721,2010,Q4070721$D8342590-5BC0-4844-9EC6-F6F3F33F842A,339.0,+2010-00-00T00:00:00Z,Q126773691,"[""Всероссийская перепись населения 2010 года. Таблица № 11. Численность населения городских округов, муниципальных районов, городских и сельских поселений, городских и сельских населённых пунктов Республики Дагестан""]",True,year_only_dated_secondary_claim
Q4070721,2021,Q4070721$ecc94e44-4e73-cb2e-0afa-6a4fe40adcb6,385.0,+2021-00-00T00:00:00Z,,[],False,year_only_dated_secondary_claim
Q4154249,2002,Q4154249$5E17C3A4-2659-4472-9B30-3ED7F5CCCDF9,363.0,+2002-00-00T00:00:00Z,,[],False,year_only_dated_secondary_claim
Q4154249,2010,Q4154249$514152B5-99E1-435B-8EC5-545592B80C13,416.0,+2010-00-00T00:00:00Z,Q126773691,"[""Всероссийская перепись населения 2010 года. Таблица № 11. Численность населения городских округов, муниципальных районов, городских и сельских поселений, городских и сельских населённых пунктов Республики Дагестан""]",True,year_only_dated_secondary_claim
Q4154249,2021,Q4154249$65B41F60-687A-41C4-B7A4-926B88F33959,380.0,+2021-00-00T00:00:00Z,,[],False,year_only_dated_secondary_claim
Q17480434,2002,Q17480434$1917F933-A105-41AB-8CE4-4C6F813B8252,576.0,+2002-00-00T00:00:00Z,Q46574459,"[""Данные Всероссийской переписи населения 2002 года: таблица № 02c. Численность населения и преобладающая национальность по каждому сельскому населённому пункту.""]",True,year_only_dated_secondary_claim
Q17480434,2010,Q17480434$65155535-2422-45D6-BC4A-D846CB770130,600.0,+2010-00-00T00:00:00Z,,[],False,year_only_dated_secondary_claim
Q17480434,2021,Q17480434$282e9af2-418f-e88f-d130-aee3eb338394,369.0,+2021-00-00T00:00:00Z,,[],False,year_only_dated_secondary_claim
Q1835864,2002,Q1835864$B99F82B5-1294-422E-A38E-5110FBB4EA1B,275.0,+2002-00-00T00:00:00Z,Q126683593,"[""Публикация данных Республики Адыгея по Всероссийской переписи населения 2002 года""]",True,year_only_dated_secondary_claim
Q1835864,2010,Q1835864$06748D77-E7F0-43BE-8CD9-B2F3CBF9925F,384.0,+2010-00-00T00:00:00Z,Q126683680,"[""Всероссийская перепись населения 2010 года. Численность населения Республики Адыгея""]",True,year_only_dated_secondary_claim
Q1835864,2021,Q1835864$0c3aee1e-40da-b1b2-6d03-c26d6b80cbd8,362.0,+2021-00-00T00:00:00Z,Q126684863,"[""Итоги Всероссийской переписи населения 2020 года по Республике Адыгея (по состоянию на 1 октября 2021 года)""]",True,year_only_dated_secondary_claim
Q4293033,2002,Q4293033$7BB4BA19-1899-4456-854E-DB596891EF88,370.0,+2002-00-00T00:00:00Z,,[],False,year_only_dated_secondary_claim
Q4293033,2010,Q4293033$2316A27D-8AE8-4453-AAB0-5AF40B97FC52,532.0,+2010-00-00T00:00:00Z,Q126773691,"[""Всероссийская перепись населения 2010 года. Таблица № 11. Численность населения городских округов, муниципальных районов, городских и сельских поселений, городских и сельских населённых пунктов Республики Дагестан""]",True,year_only_dated_secondary_claim
Q4293033,2021,Q4293033$e70bf1d1-4ba7-39e6-7b71-4a8f1b7a68f1,357.0,+2021-00-00T00:00:00Z,,[],False,year_only_dated_secondary_claim
Q21644302,2002,Q21644302$F10B7C9F-2B2D-43D7-850F-CD84C99336AA,809.0,+2002-00-00T00:00:00Z,,[],False,year_only_dated_secondary_claim
Q21644302,2010,Q21644302$DD629659-2043-4DD0-AA70-EDDFA83431B3,720.0,+2010-00-00T00:00:00Z,,[],False,year_only_dated_secondary_claim
Q21644302,2021,Q21644302$939BCEEF-B96E-4362-8524-3E60080AD0CA,493.0,+2021-00-00T00:00:00Z,Q126692580,"[""Численность постоянного населения Российской Федерации по муниципальным образованиям на 1 января 2021 года""]",False,year_only_dated_secondary_claim
Q18407588,2002,Q18407588$D015B51F-D8F6-46B0-AC5A-24D949E44AE9,303.0,+2002-00-00T00:00:00Z,,[],False,year_only_dated_secondary_claim
Q18407588,2010,Q18407588$18DA97B6-E7B0-4BD2-A93F-B6E852997D55,314.0,+2010-00-00T00:00:00Z,Q126773691,"[""Всероссийская перепись населения 2010 года. Таблица № 11. Численность населения городских округов, муниципальных районов, городских и сельских поселений, городских и сельских населённых пунктов Республики Дагестан""]",True,year_only_dated_secondary_claim
Q18407588,2021,Q18407588$2dc664c2-405a-a3f4-62d0-448e0b318a2c,352.0,+2021-00-00T00:00:00Z,,[],False,year_only_dated_secondary_claim
Q4323178,2002,Q4323178$53BBA66D-12B3-4CF7-80C8-43F00C9E39FC,467.0,+2002-00-00T00:00:00Z,Q128692818,"[""Всероссийская перепись населения 2010 года. Численность и размещение населения Томской области""]",False,year_only_dated_secondary_claim
Q4323178,2010,Q4323178$6A805DFD-9D66-4706-9787-A5ADF011D9A7,349.0,+2010-00-00T00:00:00Z,Q128692818,"[""Всероссийская перепись населения 2010 года. Численность и размещение населения Томской области""]",True,year_only_dated_secondary_claim
Q4323178,2021,Q4323178$66C100CF-4537-4EF2-BA33-6F9A469DC5F3,349.0,+2021-00-00T00:00:00Z,Q128692963,"[""Численность и размещение населения Томской области. Итоги Всероссийской переписи населения 2020 года""]",True,year_only_dated_secondary_claim
Q19884621,2002,Q19884621$0c180c33-477b-1817-1ca2-e9869394b600,101.0,+2002-00-00T00:00:00Z,,[],False,year_only_dated_secondary_claim
Q19884621,2010,Q19884621$BDD61A74-DE7D-4127-AF2E-AA07703ACB89,198.0,+2010-00-00T00:00:00Z,Q129261323,"[""Всероссийская перепись населения 2010 года. Численность населения по населённым пунктам Владимирской области""]",True,year_only_dated_secondary_claim
Q19884621,2021,Q19884621$1C7DBC53-53FD-449C-A71B-3E13550FA55B,335.0,+2021-00-00T00:00:00Z,Q129261340,"[""Итоги Всероссийской переписи населения 2020 года. Том 1 - Численность и размещение населения Владимирской области""]",True,year_only_dated_secondary_claim
Q15276398,2002,Q15276398$747F9593-6838-4651-BC7D-EE6F1F0A4E7F,513.0,+2002-00-00T00:00:00Z,Q46574459,"[""Данные Всероссийской переписи населения 2002 года: таблица № 02c. Численность населения и преобладающая национальность по каждому сельскому населённому пункту.""]",True,year_only_dated_secondary_claim
Q15276398,2010,Q15276398$74D21715-B775-4A34-8595-C73267044EEA,509.0,+2010-00-00T00:00:00Z,Q128032147,"[""Всероссийская перепись населения 2010 года. Численность и размещение населения Свердловской области""]",True,year_only_dated_secondary_claim
Q15276398,2021,Q15276398$0c08f293-4841-4eae-f341-5a672aab7fa7,328.0,+2021-00-00T00:00:00Z,Q131711677,"[""База данных «Этно-языковой состав населённых пунктов России. Перепись 2020/21 года». Свердловская область""]",True,year_only_dated_secondary_claim
Q4323695,2002,Q4323695$F30BBB3B-9349-43DC-906B-E18FAB5D65DC,261.0,+2002-00-00T00:00:00Z,,[],False,year_only_dated_secondary_claim
Q4323695,2010,Q4323695$80EE228E-DBF8-4322-BCBC-C7C11FB4D14A,316.0,+2010-00-00T00:00:00Z,Q126773691,"[""Всероссийская перепись населения 2010 года. Таблица № 11. Численность населения городских округов, муниципальных районов, городских и сельских поселений, городских и сельских населённых пунктов Республики Дагестан""]",True,year_only_dated_secondary_claim
Q4323695,2021,Q4323695$F4A1EE18-3373-4B46-9091-BD7C0EB2F476,321.0,+2021-00-00T00:00:00Z,,[],False,year_only_dated_secondary_claim
Q15271600,2002,Q15271600$75289114-B1AC-44FF-B216-71E34B893987,201.0,+2002-00-00T00:00:00Z,Q46574459,"[""Данные Всероссийской переписи населения 2002 года: таблица № 02c. Численность населения и преобладающая национальность по каждому сельскому населённому пункту.""]",True,year_only_dated_secondary_claim
Q15271600,2010,Q15271600$7319A41C-B233-402F-9F22-E25741E299D0,227.0,+2010-00-00T00:00:00Z,Q128032147,"[""Всероссийская перепись населения 2010 года. Численность и размещение населения Свердловской области""]",True,year_only_dated_secondary_claim
Q15271600,2021,Q15271600$f443bee8-42dd-2a5a-a3d5-fe1f72fe61e6,317.0,+2021-00-00T00:00:00Z,Q131711677,"[""База данных «Этно-языковой состав населённых пунктов России. Перепись 2020/21 года». Свердловская область""]",True,year_only_dated_secondary_claim
Q24729379,2002,Q24729379$3DE82EFD-C459-4C83-843E-88A81515A5D3,793.0,+2002-00-00T00:00:00Z,,[],False,year_only_dated_secondary_claim
Q24729379,2010,Q24729379$43950821-7DF1-419F-9486-73F5B50EBADE,540.0,+2010-00-00T00:00:00Z,,[],False,year_only_dated_secondary_claim
Q24729379,2021,Q24729379$8B34EF87-62B6-4012-BEFE-26CF777431DE,431.0,+2021-00-00T00:00:00Z,Q126692580,"[""Численность постоянного населения Российской Федерации по муниципальным образованиям на 1 января 2021 года""]",False,year_only_dated_secondary_claim
Q18404960,2002,Q18404960$747AD481-739D-412E-BC33-95C7D92F8094,271.0,+2002-00-00T00:00:00Z,Q126945916,"[""Численность населения Кабардино-Балкарской Республики по сельским населённым пунктам по итогам ВПН-2002""]",False,year_only_dated_secondary_claim
Q18404960,2010,Q18404960$30FD4C5D-AC2D-43B8-8096-84E664BB7375,269.0,+2010-00-00T00:00:00Z,Q126945966,"[""Численность населения КБР в разрезе населённых пунктов по итогам Всероссийской переписи населения 2010 года""]",True,year_only_dated_secondary_claim
Q18404960,2021,Q18404960$514E897A-5AFA-45EA-927E-A47E3DEC1868,306.0,+2021-00-00T00:00:00Z,Q126684906,"[""Итоги Всероссийской переписи населения 2020 года (по состоянию на 1 октября 2021 года)""]",True,year_only_dated_secondary_claim
Q18407386,2002,Q18407386$33A92A82-A729-475E-8A93-41217B93E4E9,219.0,+2002-00-00T00:00:00Z,,[],False,year_only_dated_secondary_claim
Q18407386,2010,Q18407386$09441FE5-C53F-4C8F-B942-5EA7A0CA9B2D,155.0,+2010-00-00T00:00:00Z,Q126773691,"[""Всероссийская перепись населения 2010 года. Таблица № 11. Численность населения городских округов, муниципальных районов, городских и сельских поселений, городских и сельских населённых пунктов Республики Дагестан""]",True,year_only_dated_secondary_claim
Q18407386,2021,Q18407386$1f557e3e-4c9f-03fd-3d2f-0cc344fb0169,303.0,+2021-00-00T00:00:00Z,,[],False,year_only_dated_secondary_claim
Q16023350,2002,Q16023350$AF22C450-A40F-4427-A171-D2979C15DE1B,478.0,+2002-00-00T00:00:00Z,Q46574459,"[""Данные Всероссийской переписи населения 2002 года: таблица № 02c. Численность населения и преобладающая национальность по каждому сельскому населённому пункту.""]",True,year_only_dated_secondary_claim
Q16023350,2010,Q16023350$3CDA7F2A-1177-41A9-ABA9-C931E92BF8B9,341.0,+2010-00-00T00:00:00Z,,[],False,year_only_dated_secondary_claim
Q16023350,2021,Q16023350$5a8b4b6b-4d84-d356-6b02-7a670b9d34bd,298.0,+2021-00-00T00:00:00Z,,[],False,year_only_dated_secondary_claim
Q18807158,2002,Q18807158$637A9046-D6A4-49C6-A90B-334C5472A7F0,45.0,+2002-00-00T00:00:00Z,Q46574459,"[""Данные Всероссийской переписи населения 2002 года: таблица № 02c. Численность населения и преобладающая национальность по каждому сельскому населённому пункту.""]",True,year_only_dated_secondary_claim
Q18807158,2010,Q18807158$159A9ADD-32AD-42F2-86F7-BA5B5CAB0854,135.0,+2010-00-00T00:00:00Z,Q127271490,"[""Численность сельского населения и его размещение на территории Московской области (итоги Всероссийской переписи населения 2010 года). Том III""]",True,year_only_dated_secondary_claim
Q18807158,2021,Q18807158$38A11029-E994-489B-B64A-92E91AD67B07,198.0,+2021-00-00T00:00:00Z,Q131520537,"[""База данных «Этно-языковой состав населённых пунктов России. Перепись 2020/21 года». Московская область""]",True,year_only_dated_secondary_claim
Q21638839,2002,Q21638839$60D13B3D-0F3D-4FB8-99A5-FD832F10699D,169.0,+2002-00-00T00:00:00Z,,[],False,year_only_dated_secondary_claim
Q21638839,2010,Q21638839$32346C00-C8F3-4D7F-A1B9-5E261421165F,194.0,+2010-00-00T00:00:00Z,Q126773691,"[""Всероссийская перепись населения 2010 года. Таблица № 11. Численность населения городских округов, муниципальных районов, городских и сельских поселений, городских и сельских населённых пунктов Республики Дагестан""]",True,year_only_dated_secondary_claim
Q21638839,2021,Q21638839$4eae8ae1-4199-f6ed-092d-43a9ef776aab,277.0,+2021-00-00T00:00:00Z,,[],False,year_only_dated_secondary_claim
Q4134869,2002,Q4134869$8C1246C6-FF35-49C5-B7F6-46E2291CF391,1428.0,+2002-00-00T00:00:00Z,Q126687602,"[""Всероссийская перепись населения 2002 года. Численность населения субъектов Российской Федерации, районов, городских поселений, сельских населённых пунктов - райцентров и сельских населённых пунктов с населением 3 тысячи и более""]",True,year_only_dated_secondary_claim
Q4134869,2010,Q4134869$AA922AB6-07B0-4737-B116-E7230C5A7F34,165.0,+2010-00-00T00:00:00Z,Q126938436,"[""Оценка численности населения 2010-2013""]",False,year_only_dated_secondary_claim
Q4134869,2021,Q4134869$8A45DA27-73E5-4A47-970D-7DFEC677F47A,277.0,+2021-00-00T00:00:00Z,Q126684906,"[""Итоги Всероссийской переписи населения 2020 года (по состоянию на 1 октября 2021 года)""]",True,year_only_dated_secondary_claim
Q4150104,2002,Q4150104$57512D2B-7566-4983-BE2E-446F22E53C30,349.0,+2002-00-00T00:00:00Z,Q126683593,"[""Публикация данных Республики Адыгея по Всероссийской переписи населения 2002 года""]",True,year_only_dated_secondary_claim
Q4150104,2010,Q4150104$49956F43-2E96-4921-9A07-C751CCCA27C2,414.0,+2010-00-00T00:00:00Z,Q126683680,"[""Всероссийская перепись населения 2010 года. Численность населения Республики Адыгея""]",True,year_only_dated_secondary_claim
Q4150104,2021,Q4150104$2ea3743e-459b-c824-1bb3-da4f372f1bcc,276.0,+2021-00-00T00:00:00Z,Q126684863,"[""Итоги Всероссийской переписи населения 2020 года по Республике Адыгея (по состоянию на 1 октября 2021 года)""]",True,year_only_dated_secondary_claim
Q4073190,2002,Q4073190$A6988958-BE76-421B-BD51-A84583752ECA,247.0,+2002-00-00T00:00:00Z,,[],False,year_only_dated_secondary_claim
Q4073190,2010,Q4073190$97ABB626-B923-4591-B8D0-94E2B6D69F00,262.0,+2010-00-00T00:00:00Z,Q126773691,"[""Всероссийская перепись населения 2010 года. Таблица № 11. Численность населения городских округов, муниципальных районов, городских и сельских поселений, городских и сельских населённых пунктов Республики Дагестан""]",True,year_only_dated_secondary_claim
Q4073190,2021,Q4073190$10c4a78c-44e9-90c7-9710-ce63c4239b02,268.0,+2021-00-00T00:00:00Z,,[],False,year_only_dated_secondary_claim
Q4449373,2002,Q4449373$18AB8648-67FB-4555-904D-D98BCD7023C1,470.0,+2002-00-00T00:00:00Z,Q46574459,"[""Данные Всероссийской переписи населения 2002 года: таблица № 02c. Численность населения и преобладающая национальность по каждому сельскому населённому пункту.""]",True,year_only_dated_secondary_claim
Q4449373,2010,Q4449373$7203F4EE-C6E1-4F55-8444-F93D20831A22,385.0,+2010-00-00T00:00:00Z,Q128032147,"[""Всероссийская перепись населения 2010 года. Численность и размещение населения Свердловской области""]",True,year_only_dated_secondary_claim
Q4449373,2021,Q4449373$29C8C3FC-D949-4986-9C84-6BB35295E620,263.0,+2021-00-00T00:00:00Z,Q131711677,"[""База данных «Этно-языковой состав населённых пунктов России. Перепись 2020/21 года». Свердловская область""]",True,year_only_dated_secondary_claim
Q18792439,2002,Q18792439$9641EEAA-CF3F-4EAA-80C9-8F0A94B93E7D,457.0,+2002-00-00T00:00:00Z,Q126687602,"[""Всероссийская перепись населения 2002 года. Численность населения субъектов Российской Федерации, районов, городских поселений, сельских населённых пунктов - райцентров и сельских населённых пунктов с населением 3 тысячи и более""]",True,year_only_dated_secondary_claim
Q18792439,2010,Q18792439$DF547A3E-B072-4B31-9BEF-7DA22A82BC97,375.0,+2010-00-00T00:00:00Z,Q127425697,"[""Всероссийская перепись населения 2010 года. Численность и размещение населения Пензенской области""]",True,year_only_dated_secondary_claim
Q18792439,2021,Q18792439$B5C6E342-AE40-4419-9A84-8F7F1ABA4B20,262.0,+2021-00-00T00:00:00Z,Q127425735,"[""Таблица 15. Численность населения городских округов, муниципальных районов, городских и сельских поселений, городских населенных пунктов, сельских населенных пунктов Пензенской области""]",False,year_only_dated_secondary_claim
Q16897167,2002,Q16897167$61EB2392-4922-46C2-908F-E6014E7524FB,252.0,+2002-00-00T00:00:00Z,,[],False,year_only_dated_secondary_claim
Q16897167,2010,Q16897167$DE1F8AE6-13C6-444A-86D8-A3D453B5541E,265.0,+2010-00-00T00:00:00Z,,[],False,year_only_dated_secondary_claim
Q16897167,2021,Q16897167$4316FEF1-16E1-467B-A62C-1FC306010530,259.0,+2021-00-00T00:00:00Z,,[],False,year_only_dated_secondary_claim
Q4396569,2002,Q4396569$4AD4ABB6-4E3A-4783-8321-E1464D355E02,626.0,+2002-00-00T00:00:00Z,,[],False,year_only_dated_secondary_claim
Q4396569,2010,Q4396569$F53A3F00-E757-4D96-B954-79890D0BA345,582.0,+2010-00-00T00:00:00Z,,[],False,year_only_dated_secondary_claim
Q4396569,2021,Q4396569$935AE01B-C454-442E-817C-2BC5A79BB541,256.0,+2021-00-00T00:00:00Z,Q126684906,"[""Итоги Всероссийской переписи населения 2020 года (по состоянию на 1 октября 2021 года)""]",True,year_only_dated_secondary_claim
Q19723620,2002,Q19723620$168FF7D8-2C95-4D17-94DB-CB42BAB5041F,182.0,+2002-00-00T00:00:00Z,,[],False,year_only_dated_secondary_claim
Q19723620,2010,Q19723620$9B7D6DA1-4310-4AC6-9B1C-7FAC3E52F63B,201.0,+2010-00-00T00:00:00Z,Q126773691,"[""Всероссийская перепись населения 2010 года. Таблица № 11. Численность населения городских округов, муниципальных районов, городских и сельских поселений, городских и сельских населённых пунктов Республики Дагестан""]",True,year_only_dated_secondary_claim
Q19723620,2021,Q19723620$f665d80b-47dc-0cd2-b581-49da92a9015f,254.0,+2021-00-00T00:00:00Z,,[],False,year_only_dated_secondary_claim
Q4109869,2002,Q4109869$47151D18-2299-443A-98D5-00C2D908C274,335.0,+2002-00-00T00:00:00Z,Q126683593,"[""Публикация данных Республики Адыгея по Всероссийской переписи населения 2002 года""]",True,year_only_dated_secondary_claim
Q4109869,2010,Q4109869$6953A161-91A5-4894-BC08-3F187B8A1BCA,308.0,+2010-00-00T00:00:00Z,Q126683680,"[""Всероссийская перепись населения 2010 года. Численность населения Республики Адыгея""]",True,year_only_dated_secondary_claim
Q4109869,2021,Q4109869$33a7fe68-4c91-9d81-33e5-3251d680dee8,251.0,+2021-00-00T00:00:00Z,Q126684863,"[""Итоги Всероссийской переписи населения 2020 года по Республике Адыгея (по состоянию на 1 октября 2021 года)""]",True,year_only_dated_secondary_claim
Q19884464,2002,Q19884464$9FC3353C-F9F2-4AB0-97BC-041ABBFC9F59,280.0,+2002-00-00T00:00:00Z,,[],False,year_only_dated_secondary_claim
Q19884464,2010,Q19884464$B7DA8223-AEEE-4F19-AC31-ACA4CB747358,234.0,+2010-00-00T00:00:00Z,Q129261323,"[""Всероссийская перепись населения 2010 года. Численность населения по населённым пунктам Владимирской области""]",True,year_only_dated_secondary_claim
Q19884464,2021,Q19884464$BFAE2933-65A6-41D2-AC03-C669AFC17C76,239.0,+2021-00-00T00:00:00Z,Q129261340,"[""Итоги Всероссийской переписи населения 2020 года. Том 1 - Численность и размещение населения Владимирской области""]",True,year_only_dated_secondary_claim
Q1987033,2002,Q1987033$1E88541C-3D70-4329-8ED7-A9F46B52F2A5,399.0,+2002-00-00T00:00:00Z,Q46574459,"[""Данные Всероссийской переписи населения 2002 года: таблица № 02c. Численность населения и преобладающая национальность по каждому сельскому населённому пункту.""]",True,year_only_dated_secondary_claim
Q1987033,2010,Q1987033$9156EBDD-FFA6-4E97-AF61-EA26C5A52F2D,363.0,+2010-00-00T00:00:00Z,Q127273194,"[""Всероссийская перепись населения 2010 года. Том 1 «Численность, размещение и возрастно-половой состав населения Мурманской области»""]",True,year_only_dated_secondary_claim
Q1987033,2021,Q1987033$2b7086d4-4f05-54fc-4b68-771be387b8af,237.0,+2021-00-00T00:00:00Z,,[],False,year_only_dated_secondary_claim
Q25508282,2002,Q25508282$D077EE7B-9B1F-4B52-A68B-C3B0647385F3,473.0,+2002-00-00T00:00:00Z,,[],False,year_only_dated_secondary_claim
Q25508282,2010,Q25508282$333B13EF-0A4E-4913-8277-52579748E2E8,348.0,+2010-00-00T00:00:00Z,,[],False,year_only_dated_secondary_claim
Q25508282,2021,Q25508282$F20D9354-C489-4245-8EAB-A7145A1C52F7,317.0,+2021-00-00T00:00:00Z,Q126692580,"[""Численность постоянного населения Российской Федерации по муниципальным образованиям на 1 января 2021 года""]",False,year_only_dated_secondary_claim
Q18795865,2002,Q18795865$86DD8E79-FFF3-42F2-9241-FB2AE9ED0C44,24.0,+2002-00-00T00:00:00Z,Q46574459,"[""Данные Всероссийской переписи населения 2002 года: таблица № 02c. Численность населения и преобладающая национальность по каждому сельскому населённому пункту.""]",True,year_only_dated_secondary_claim
Q18795865,2010,Q18795865$87585D8C-D1C1-4674-9AEB-6C5F37110C3B,669.0,+2010-00-00T00:00:00Z,Q127271490,"[""Численность сельского населения и его размещение на территории Московской области (итоги Всероссийской переписи населения 2010 года). Том III""]",True,year_only_dated_secondary_claim
Q18795865,2021,Q18795865$1BE58BC6-0784-43C2-8675-CE0EABE14C20,229.0,+2021-00-00T00:00:00Z,Q131520537,"[""База данных «Этно-языковой состав населённых пунктов России. Перепись 2020/21 года». Московская область""]",True,year_only_dated_secondary_claim
Q15266279,2002,Q15266279$E7D5A0EB-6ED2-4DD2-9CF6-E9BB3F21EC10,257.0,+2002-00-00T00:00:00Z,Q46574459,"[""Данные Всероссийской переписи населения 2002 года: таблица № 02c. Численность населения и преобладающая национальность по каждому сельскому населённому пункту.""]",True,year_only_dated_secondary_claim
Q15266279,2010,Q15266279$B5EB2866-EC72-470B-85FF-41122696838B,216.0,+2010-00-00T00:00:00Z,Q128032147,"[""Всероссийская перепись населения 2010 года. Численность и размещение населения Свердловской области""]",True,year_only_dated_secondary_claim
Q15266279,2021,Q15266279$E258BBF2-3E68-4C10-8281-4E01E8D370E0,224.0,+2021-00-00T00:00:00Z,Q131711677,"[""База данных «Этно-языковой состав населённых пунктов России. Перепись 2020/21 года». Свердловская область""]",True,year_only_dated_secondary_claim
Q17389490,2002,Q17389490$3FC734C6-CBCC-4549-8550-BD83743E3ECD,328.0,+2002-00-00T00:00:00Z,Q46574459,"[""Данные Всероссийской переписи населения 2002 года: таблица № 02c. Численность населения и преобладающая национальность по каждому сельскому населённому пункту.""]",True,year_only_dated_secondary_claim
Q17389490,2010,Q17389490$FC3B8F3F-D2D9-4F70-B431-935D78BD2BA9,297.0,+2010-00-00T00:00:00Z,,[],False,year_only_dated_secondary_claim
Q17389490,2021,Q17389490$8f9d03b9-4f0a-167e-81b6-f7e40bdeaeb7,221.0,+2021-00-00T00:00:00Z,,[],False,year_only_dated_secondary_claim
Q28483095,2002,Q28483095$F019E401-59E4-40FB-90C2-4D283086A777,240.0,+2002-00-00T00:00:00Z,Q46574459,"[""Данные Всероссийской переписи населения 2002 года: таблица № 02c. Численность населения и преобладающая национальность по каждому сельскому населённому пункту.""]",True,year_only_dated_secondary_claim
Q28483095,2010,Q28483095$B63F227F-D109-4EEE-9D41-BD286A630AEA,209.0,+2010-00-00T00:00:00Z,Q128802879,"[""Всероссийская перепись населения 2010 года. 1.5. Численность населения городских округов, муниципальных районов, городских и сельских поселений, городских населенных пунктов, сельских населенных пунктов""]",True,year_only_dated_secondary_claim
Q28483095,2021,Q28483095$6E0A78FF-6A38-4E61-99B5-2965D0184D8F,217.0,+2021-00-00T00:00:00Z,Q126684906,"[""Итоги Всероссийской переписи населения 2020 года (по состоянию на 1 октября 2021 года)""]",True,year_only_dated_secondary_claim
Q25613561,2002,Q25613561$6972A05F-3159-488F-8D52-061D31B274AE,196.0,+2002-00-00T00:00:00Z,Q46574459,"[""Данные Всероссийской переписи населения 2002 года: таблица № 02c. Численность населения и преобладающая национальность по каждому сельскому населённому пункту.""]",True,year_only_dated_secondary_claim
Q25613561,2010,Q25613561$56482088-4CB9-4DE1-B227-4EAEBD9E195F,159.0,+2010-00-00T00:00:00Z,Q128032147,"[""Всероссийская перепись населения 2010 года. Численность и размещение населения Свердловской области""]",True,year_only_dated_secondary_claim
Q25613561,2021,Q25613561$DE21C37D-5BE1-45F0-BB24-7232C33BE766,216.0,+2021-00-00T00:00:00Z,Q131711677,"[""База данных «Этно-языковой состав населённых пунктов России. Перепись 2020/21 года». Свердловская область""]",True,year_only_dated_secondary_claim
Q4239373,2002,Q4239373$A5A4C211-BFB9-488D-A8D1-5483B5366D9B,218.0,+2002-00-00T00:00:00Z,Q126683593,"[""Публикация данных Республики Адыгея по Всероссийской переписи населения 2002 года""]",True,year_only_dated_secondary_claim
Q4239373,2010,Q4239373$29AEFDF1-0AF2-45B8-BA35-8AF848A18E5B,209.0,+2010-00-00T00:00:00Z,Q126683680,"[""Всероссийская перепись населения 2010 года. Численность населения Республики Адыгея""]",True,year_only_dated_secondary_claim
Q4239373,2021,Q4239373$bd236195-4d9f-446d-9f4e-9b28fd7f2ea2,216.0,+2021-00-00T00:00:00Z,Q126684863,"[""Итоги Всероссийской переписи населения 2020 года по Республике Адыгея (по состоянию на 1 октября 2021 года)""]",True,year_only_dated_secondary_claim
Q4323806,2002,Q4323806$40C6F6CC-F27A-422D-9BF4-719BCC33721E,579.0,+2002-00-00T00:00:00Z,Q46574459,"[""Данные Всероссийской переписи населения 2002 года: таблица № 02c. Численность населения и преобладающая национальность по каждому сельскому населённому пункту.""]",True,year_only_dated_secondary_claim
Q4323806,2010,Q4323806$194EC6DA-9A91-4346-B9CE-28562AD76A44,408.0,+2010-00-00T00:00:00Z,,[],False,year_only_dated_secondary_claim
Q4323806,2021,Q4323806$c11604e8-4ea1-0b16-ba05-b4b8d1304c53,212.0,+2021-00-00T00:00:00Z,,[],False,year_only_dated_secondary_claim
Q16838517,2002,Q16838517$B12BD39F-ED41-4DEC-BABB-81F9A1E7CEE7,216.0,+2002-00-00T00:00:00Z,,[],False,year_only_dated_secondary_claim
Q16838517,2010,Q16838517$F9BFB1CC-8EFA-40FA-9CAD-33CD7263B97B,233.0,+2010-00-00T00:00:00Z,,[],False,year_only_dated_secondary_claim
Q16838517,2021,Q16838517$B88A23B8-7217-4A78-8A15-50BCD2E8B527,210.0,+2021-00-00T00:00:00Z,,[],False,year_only_dated_secondary_claim
Q2519272,2002,Q2519272$D1DF1D0E-0A2B-4259-8C45-FAD3BE94EC6D,118.0,+2002-00-00T00:00:00Z,Q126687602,"[""Всероссийская перепись населения 2002 года. Численность населения субъектов Российской Федерации, районов, городских поселений, сельских населённых пунктов - райцентров и сельских населённых пунктов с населением 3 тысячи и более""]",True,year_only_dated_secondary_claim
Q2519272,2010,Q2519272$520989FC-D178-4070-8C51-C7D98F68DCF5,127.0,+2010-00-00T00:00:00Z,Q128032147,"[""Всероссийская перепись населения 2010 года. Численность и размещение населения Свердловской области""]",True,year_only_dated_secondary_claim
Q2519272,2021,Q2519272$a5d2d6c9-43f2-b93c-d11f-dd33fe933c26,209.0,+2021-00-00T00:00:00Z,Q131711677,"[""База данных «Этно-языковой состав населённых пунктов России. Перепись 2020/21 года». Свердловская область""]",True,year_only_dated_secondary_claim
Q18401882,2002,Q18401882$B20444B8-315D-4FFD-9481-FF42AAA1B4CC,327.0,+2002-00-00T00:00:00Z,Q126945916,"[""Численность населения Кабардино-Балкарской Республики по сельским населённым пунктам по итогам ВПН-2002""]",False,year_only_dated_secondary_claim
Q18401882,2010,Q18401882$F565A93D-DC07-4146-9CD2-B46B9E1A457D,224.0,+2010-00-00T00:00:00Z,Q126945966,"[""Численность населения КБР в разрезе населённых пунктов по итогам Всероссийской переписи населения 2010 года""]",True,year_only_dated_secondary_claim
Q18401882,2021,Q18401882$CA2C2ABA-3C65-405C-A3DB-9E1C22F26991,200.0,+2021-00-00T00:00:00Z,Q126684906,"[""Итоги Всероссийской переписи населения 2020 года (по состоянию на 1 октября 2021 года)""]",True,year_only_dated_secondary_claim
Q18807168,2002,Q18807168$9D1A616C-4EE9-4B70-8833-B15B446C2721,147.0,+2002-00-00T00:00:00Z,Q46574459,"[""Данные Всероссийской переписи населения 2002 года: таблица № 02c. Численность населения и преобладающая национальность по каждому сельскому населённому пункту.""]",True,year_only_dated_secondary_claim
Q18807168,2010,Q18807168$823A09E9-5580-4333-9F3D-52D0064CA87C,63.0,+2010-00-00T00:00:00Z,Q127271490,"[""Численность сельского населения и его размещение на территории Московской области (итоги Всероссийской переписи населения 2010 года). Том III""]",True,year_only_dated_secondary_claim
Q18807168,2021,Q18807168$E3B047B4-2B4B-4BB7-A577-E72B75F66192,297.0,+2021-00-00T00:00:00Z,Q131520537,"[""База данных «Этно-языковой состав населённых пунктов России. Перепись 2020/21 года». Московская область""]",True,year_only_dated_secondary_claim
Q18160636,2002,Q18160636$A66AA56E-BEAB-4511-9362-BB938F3915B6,242.0,+2002-00-00T00:00:00Z,Q46574459,"[""Данные Всероссийской переписи населения 2002 года: таблица № 02c. Численность населения и преобладающая национальность по каждому сельскому населённому пункту.""]",True,year_only_dated_secondary_claim
Q18160636,2010,Q18160636$730DABE3-CC5D-4D70-B423-9312572F8F48,228.0,+2010-00-00T00:00:00Z,Q128032147,"[""Всероссийская перепись населения 2010 года. Численность и размещение населения Свердловской области""]",True,year_only_dated_secondary_claim
Q18160636,2021,Q18160636$7ad10515-4f36-1830-2e4b-8e68a0b95e0e,195.0,+2021-00-00T00:00:00Z,Q131711677,"[""База данных «Этно-языковой состав населённых пунктов России. Перепись 2020/21 года». Свердловская область""]",True,year_only_dated_secondary_claim
Q25505807,2002,Q25505807$079B0E77-8501-4690-8146-A2A5D1991B0B,467.0,+2002-00-00T00:00:00Z,,[],False,year_only_dated_secondary_claim
Q25505807,2010,Q25505807$D5A9FCC9-390A-445E-9BC6-57704EE1155C,419.0,+2010-00-00T00:00:00Z,,[],False,year_only_dated_secondary_claim
Q25505807,2021,Q25505807$C4321776-3789-4091-9DEC-0A0D06D7E869,288.0,+2021-00-00T00:00:00Z,Q126692580,"[""Численность постоянного населения Российской Федерации по муниципальным образованиям на 1 января 2021 года""]",False,year_only_dated_secondary_claim
Q16635422,2002,Q16635422$A28105B1-ED63-4320-8890-F3C79948C531,302.0,+2002-00-00T00:00:00Z,,[],False,year_only_dated_secondary_claim
Q16635422,2010,Q16635422$379899AF-C677-4779-84F8-2CA20D8EF354,377.0,+2010-00-00T00:00:00Z,Q126773691,"[""Всероссийская перепись населения 2010 года. Таблица № 11. Численность населения городских округов, муниципальных районов, городских и сельских поселений, городских и сельских населённых пунктов Республики Дагестан""]",True,year_only_dated_secondary_claim
Q16635422,2021,Q16635422$c12c5631-4587-cc00-739b-bdf509d73ed5,192.0,+2021-00-00T00:00:00Z,,[],False,year_only_dated_secondary_claim
Q15267685,2002,Q15267685$A41ACCCC-5FD6-415A-A483-EAE601779FB2,263.0,+2002-00-00T00:00:00Z,Q46574459,"[""Данные Всероссийской переписи населения 2002 года: таблица № 02c. Численность населения и преобладающая национальность по каждому сельскому населённому пункту.""]",True,year_only_dated_secondary_claim
Q15267685,2010,Q15267685$7F62AA3D-D8FF-453A-A149-6444EDB898EF,242.0,+2010-00-00T00:00:00Z,Q128032147,"[""Всероссийская перепись населения 2010 года. Численность и размещение населения Свердловской области""]",True,year_only_dated_secondary_claim
Q15267685,2021,Q15267685$23C91818-9512-457D-8F83-ACFEF952DB13,180.0,+2021-00-00T00:00:00Z,Q131711677,"[""База данных «Этно-языковой состав населённых пунктов России. Перепись 2020/21 года». Свердловская область""]",True,year_only_dated_secondary_claim
Q4359698,2002,Q4359698$15FDD486-CE53-4E81-BB66-742A41D980BD,281.0,+2002-00-00T00:00:00Z,Q46574459,"[""Данные Всероссийской переписи населения 2002 года: таблица № 02c. Численность населения и преобладающая национальность по каждому сельскому населённому пункту.""]",True,year_only_dated_secondary_claim
Q4359698,2010,Q4359698$1EA7407C-BC15-46C7-A9A7-9B6581B3934E,160.0,+2010-00-00T00:00:00Z,Q128211579,"[""Всероссийская перепись населения 2010 года. 9. Численность населения городских округов, муниципальных районов, городских и сельских поселений, городских населённых пунктов, сельских населённых пунктов Тамбовской области""]",True,year_only_dated_secondary_claim
Q4359698,2021,Q4359698$090a67f5-4793-530e-7eb6-d6ec339c8db8,174.0,+2021-00-00T00:00:00Z,,[],False,year_only_dated_secondary_claim
Q27538824,2002,Q27538824$87D65BE5-AA74-4AB1-9491-31381ECCE55D,156.0,+2002-00-00T00:00:00Z,,[],False,year_only_dated_secondary_claim
Q27538824,2010,Q27538824$FA18F63C-E18C-47C8-957F-210087DCF842,115.0,+2010-00-00T00:00:00Z,Q129261323,"[""Всероссийская перепись населения 2010 года. Численность населения по населённым пунктам Владимирской области""]",True,year_only_dated_secondary_claim
Q27538824,2021,Q27538824$FC552728-31E8-4A3B-BC31-20148382E30D,167.0,+2021-00-00T00:00:00Z,Q129261340,"[""Итоги Всероссийской переписи населения 2020 года. Том 1 - Численность и размещение населения Владимирской области""]",True,year_only_dated_secondary_claim
Q18408518,2002,Q18408518$F1C381C9-7485-42FB-92A2-902B0A8DC671,460.0,+2002-00-00T00:00:00Z,Q126945916,"[""Численность населения Кабардино-Балкарской Республики по сельским населённым пунктам по итогам ВПН-2002""]",False,year_only_dated_secondary_claim
Q18408518,2010,Q18408518$1D813960-E0C2-4C12-8D93-2383F7D89D0D,137.0,+2010-00-00T00:00:00Z,Q126945966,"[""Численность населения КБР в разрезе населённых пунктов по итогам Всероссийской переписи населения 2010 года""]",True,year_only_dated_secondary_claim
Q18408518,2021,Q18408518$874BAEF5-4064-4B3A-97B5-28C99C93191D,166.0,+2021-00-00T00:00:00Z,Q126684906,"[""Итоги Всероссийской переписи населения 2020 года (по состоянию на 1 октября 2021 года)""]",True,year_only_dated_secondary_claim
Q18803077,2002,Q18803077$3B8FA4BC-6D86-4583-8C44-2E463DF62FC0,19.0,+2002-00-00T00:00:00Z,Q46574459,"[""Данные Всероссийской переписи населения 2002 года: таблица № 02c. Численность населения и преобладающая национальность по каждому сельскому населённому пункту.""]",True,year_only_dated_secondary_claim
Q18803077,2010,Q18803077$A070643D-8BA2-46B6-A0EE-FBBB7B04B997,19.0,+2010-00-00T00:00:00Z,Q127271490,"[""Численность сельского населения и его размещение на территории Московской области (итоги Всероссийской переписи населения 2010 года). Том III""]",True,year_only_dated_secondary_claim
Q18803077,2021,Q18803077$E31EA6EC-AEF4-4C62-B523-9B7ABD6C5665,164.0,+2021-00-00T00:00:00Z,Q131520537,"[""База данных «Этно-языковой состав населённых пунктов России. Перепись 2020/21 года». Московская область""]",True,year_only_dated_secondary_claim
Q3374922,2002,Q3374922$5FBF0D8A-9923-4DC9-983A-C5D645180DDC,269.0,+2002-00-00T00:00:00Z,Q46574459,"[""Данные Всероссийской переписи населения 2002 года: таблица № 02c. Численность населения и преобладающая национальность по каждому сельскому населённому пункту.""]",True,year_only_dated_secondary_claim
Q3374922,2010,Q3374922$36A178C6-19DA-462A-98EC-9C24934BF7A2,173.0,+2010-00-00T00:00:00Z,Q127273194,"[""Всероссийская перепись населения 2010 года. Том 1 «Численность, размещение и возрастно-половой состав населения Мурманской области»""]",True,year_only_dated_secondary_claim
Q3374922,2021,Q3374922$cbf92184-467a-8ef6-9eee-44f437697170,162.0,+2021-00-00T00:00:00Z,,[],False,year_only_dated_secondary_claim
Q15254831,2002,Q15254831$855C8C4F-522D-4D7A-A4A3-B7480528BBD6,343.0,+2002-00-00T00:00:00Z,Q127401100,"[""Численность населения Челябинской области по данным Всероссийской переписи населения 2002 года""]",True,year_only_dated_secondary_claim
Q15254831,2010,Q15254831$94C6ABED-A682-44FD-ACB8-BCD77FD2E38E,273.0,+2010-00-00T00:00:00Z,Q127403083,"[""Тома официальной публикации итогов Всероссийской переписи населения 2010 года по Челябинской области. Том 1. «Численность и размещение населения Челябинской области». Таблица 11""]",True,year_only_dated_secondary_claim
Q15254831,2021,Q15254831$8889B368-AAB2-44E1-9352-A11B5DAD3763,161.0,+2021-00-00T00:00:00Z,Q126684906,"[""Итоги Всероссийской переписи населения 2020 года (по состоянию на 1 октября 2021 года)""]",True,year_only_dated_secondary_claim
Q4065768,2002,Q4065768$7EA830BE-7041-466C-93B8-F7C7579302D3,234.0,+2002-00-00T00:00:00Z,,[],False,year_only_dated_secondary_claim
Q4065768,2010,Q4065768$B5EE45AA-67E3-4065-9C4E-CDE7ED5A1C57,183.0,+2010-00-00T00:00:00Z,Q129261323,"[""Всероссийская перепись населения 2010 года. Численность населения по населённым пунктам Владимирской области""]",True,year_only_dated_secondary_claim
Q4065768,2021,Q4065768$5667C35C-DE3A-474E-B9CD-7C7F772B0802,159.0,+2021-00-00T00:00:00Z,Q129261340,"[""Итоги Всероссийской переписи населения 2020 года. Том 1 - Численность и размещение населения Владимирской области""]",True,year_only_dated_secondary_claim
Q18788184,2002,Q18788184$48A9A8B3-CE38-44B8-AE1F-3A561480C6B5,25.0,+2002-00-00T00:00:00Z,Q46574459,"[""Данные Всероссийской переписи населения 2002 года: таблица № 02c. Численность населения и преобладающая национальность по каждому сельскому населённому пункту.""]",True,year_only_dated_secondary_claim
Q18788184,2010,Q18788184$33FCB504-FF52-46B4-8501-3D66E7A31CDF,13.0,+2010-00-00T00:00:00Z,Q127271490,"[""Численность сельского населения и его размещение на территории Московской области (итоги Всероссийской переписи населения 2010 года). Том III""]",True,year_only_dated_secondary_claim
Q18788184,2021,Q18788184$4D900F99-0765-4939-9635-98B6B2CB5930,158.0,+2021-00-00T00:00:00Z,Q131520537,"[""База данных «Этно-языковой состав населённых пунктов России. Перепись 2020/21 года». Московская область""]",True,year_only_dated_secondary_claim
Q19686602,2002,Q19686602$A3E27BC0-DFD2-4E65-92A1-509D037C5E6C,228.0,+2002-00-00T00:00:00Z,Q46574459,"[""Данные Всероссийской переписи населения 2002 года: таблица № 02c. Численность населения и преобладающая национальность по каждому сельскому населённому пункту.""]",True,year_only_dated_secondary_claim
Q19686602,2010,Q19686602$8D93B749-93C6-4A62-9314-137606A9D7CD,192.0,+2010-00-00T00:00:00Z,Q128032147,"[""Всероссийская перепись населения 2010 года. Численность и размещение населения Свердловской области""]",True,year_only_dated_secondary_claim
Q19686602,2021,Q19686602$BAAE3B13-A43E-425E-9816-3983BB8D1524,154.0,+2021-00-00T00:00:00Z,Q131711677,"[""База данных «Этно-языковой состав населённых пунктов России. Перепись 2020/21 года». Свердловская область""]",True,year_only_dated_secondary_claim
Q16710333,2002,Q16710333$783DB10C-45E0-4BD5-9AE9-520613BBFBF9,151.0,+2002-00-00T00:00:00Z,,[],False,year_only_dated_secondary_claim
Q16710333,2010,Q16710333$5F77920C-E097-4299-A2B7-AFD398518AC5,186.0,+2010-00-00T00:00:00Z,Q126773691,"[""Всероссийская перепись населения 2010 года. Таблица № 11. Численность населения городских округов, муниципальных районов, городских и сельских поселений, городских и сельских населённых пунктов Республики Дагестан""]",True,year_only_dated_secondary_claim
Q16710333,2021,Q16710333$6e018746-4e95-4949-01f4-84ac6af2bf08,154.0,+2021-00-00T00:00:00Z,,[],False,year_only_dated_secondary_claim
Q23838178,2002,Q23838178$AB31F4C5-E12A-413C-A21E-B43DBCC9FDCB,116.0,+2002-00-00T00:00:00Z,,[],False,year_only_dated_secondary_claim
Q23838178,2010,Q23838178$2AEA2717-8997-43AE-8228-D059FEC03621,149.0,+2010-00-00T00:00:00Z,Q126773691,"[""Всероссийская перепись населения 2010 года. Таблица № 11. Численность населения городских округов, муниципальных районов, городских и сельских поселений, городских и сельских населённых пунктов Республики Дагестан""]",True,year_only_dated_secondary_claim
Q23838178,2021,Q23838178$2b0d5165-4894-e3e3-6aea-ebe3d9c43c62,153.0,+2021-00-00T00:00:00Z,,[],False,year_only_dated_secondary_claim
Q4366154,2002,Q4366154$EF8BA8CA-E5A8-4ED8-BFE0-2C6EFD663D7E,219.0,+2002-00-00T00:00:00Z,Q126683593,"[""Публикация данных Республики Адыгея по Всероссийской переписи населения 2002 года""]",True,year_only_dated_secondary_claim
Q4366154,2010,Q4366154$35E43C14-87EA-4234-B53C-A4A26CC7D476,167.0,+2010-00-00T00:00:00Z,Q126683680,"[""Всероссийская перепись населения 2010 года. Численность населения Республики Адыгея""]",True,year_only_dated_secondary_claim
Q4366154,2021,Q4366154$fa798a2c-4e1f-9391-8d56-f2186389c88e,151.0,+2021-00-00T00:00:00Z,Q126684863,"[""Итоги Всероссийской переписи населения 2020 года по Республике Адыгея (по состоянию на 1 октября 2021 года)""]",True,year_only_dated_secondary_claim
Q15267684,2002,Q15267684$E326D6BD-F770-4EA3-BB48-EE89FEEEAB5D,163.0,+2002-00-00T00:00:00Z,Q46574459,"[""Данные Всероссийской переписи населения 2002 года: таблица № 02c. Численность населения и преобладающая национальность по каждому сельскому населённому пункту.""]",True,year_only_dated_secondary_claim
Q15267684,2010,Q15267684$53373803-7BA4-4E43-882C-B58D51A216DE,167.0,+2010-00-00T00:00:00Z,Q128032147,"[""Всероссийская перепись населения 2010 года. Численность и размещение населения Свердловской области""]",True,year_only_dated_secondary_claim
Q15267684,2021,Q15267684$22B7E015-1726-43A2-83F1-526C044B8306,149.0,+2021-00-00T00:00:00Z,Q131711677,"[""База данных «Этно-языковой состав населённых пунктов России. Перепись 2020/21 года». Свердловская область""]",True,year_only_dated_secondary_claim
Q27061733,2002,Q27061733$F895B914-FEB8-4611-AD91-A178A5928504,96.0,+2002-00-00T00:00:00Z,,[],False,year_only_dated_secondary_claim
Q27061733,2010,Q27061733$95EA7B3C-C532-4254-8006-D17551EE83EC,54.0,+2010-00-00T00:00:00Z,Q126773691,"[""Всероссийская перепись населения 2010 года. Таблица № 11. Численность населения городских округов, муниципальных районов, городских и сельских поселений, городских и сельских населённых пунктов Республики Дагестан""]",True,year_only_dated_secondary_claim
Q27061733,2021,Q27061733$5fb1a708-4d64-ac87-99d5-858e400c88d2,148.0,+2021-00-00T00:00:00Z,,[],False,year_only_dated_secondary_claim
Q15266514,2002,Q15266514$AF50A5A6-0DD9-4F70-A7BB-511231DAB561,76.0,+2002-00-00T00:00:00Z,Q46574459,"[""Данные Всероссийской переписи населения 2002 года: таблица № 02c. Численность населения и преобладающая национальность по каждому сельскому населённому пункту.""]",True,year_only_dated_secondary_claim
Q15266514,2010,Q15266514$10BD3A62-05C6-417A-924E-B28DD3B8430A,75.0,+2010-00-00T00:00:00Z,Q128032147,"[""Всероссийская перепись населения 2010 года. Численность и размещение населения Свердловской области""]",True,year_only_dated_secondary_claim
Q15266514,2021,Q15266514$F4A118AA-4716-4A7C-8B20-B8EFD50634BC,147.0,+2021-00-00T00:00:00Z,Q131711677,"[""База данных «Этно-языковой состав населённых пунктов России. Перепись 2020/21 года». Свердловская область""]",True,year_only_dated_secondary_claim
Q16710331,2002,Q16710331$1F2DDD41-F4CA-4AEE-96E2-AE58EC6AC24A,160.0,+2002-00-00T00:00:00Z,,[],False,year_only_dated_secondary_claim
Q16710331,2010,Q16710331$F7CFCA7C-36F3-4C78-994D-58537D2597E7,156.0,+2010-00-00T00:00:00Z,Q126773691,"[""Всероссийская перепись населения 2010 года. Таблица № 11. Численность населения городских округов, муниципальных районов, городских и сельских поселений, городских и сельских населённых пунктов Республики Дагестан""]",True,year_only_dated_secondary_claim
Q16710331,2021,Q16710331$44b88a87-40d0-2336-924e-92ba08327b39,146.0,+2021-00-00T00:00:00Z,,[],False,year_only_dated_secondary_claim
Q20019214,2002,Q20019214$9AC3B629-C01E-40B9-9CE1-16E286729CD8,477.0,+2002-00-00T00:00:00Z,Q128692818,"[""Всероссийская перепись населения 2010 года. Численность и размещение населения Томской области""]",False,year_only_dated_secondary_claim
Q20019214,2010,Q20019214$B98109F3-977D-4878-9D94-2ED019CDDF96,264.0,+2010-00-00T00:00:00Z,Q128692818,"[""Всероссийская перепись населения 2010 года. Численность и размещение населения Томской области""]",True,year_only_dated_secondary_claim
Q20019214,2021,Q20019214$9D5B8BD6-E4F3-4646-A01B-8F0FE6B4BC6C,144.0,+2021-00-00T00:00:00Z,Q128692963,"[""Численность и размещение населения Томской области. Итоги Всероссийской переписи населения 2020 года""]",True,year_only_dated_secondary_claim
Q16838522,2002,Q16838522$F9AC50F5-E3EE-4AA9-90E1-5969CC3AC89C,190.0,+2002-00-00T00:00:00Z,,[],False,year_only_dated_secondary_claim
Q16838522,2010,Q16838522$FC62D4F9-C1B5-48AF-84B6-9895810498AD,190.0,+2010-00-00T00:00:00Z,,[],False,year_only_dated_secondary_claim
Q16838522,2021,Q16838522$5DC4B61E-8701-4BB5-8C5E-7642B638E79B,139.0,+2021-00-00T00:00:00Z,,[],False,year_only_dated_secondary_claim
Q16268927,2002,Q16268927$3019CD41-486A-4FBB-89E7-7617D85965A6,41.0,+2002-00-00T00:00:00Z,Q46574459,"[""Данные Всероссийской переписи населения 2002 года: таблица № 02c. Численность населения и преобладающая национальность по каждому сельскому населённому пункту.""]",True,year_only_dated_secondary_claim
Q16268927,2010,Q16268927$D6350E81-3CB4-4422-A94F-D2B1FF6CFABE,41.0,+2010-00-00T00:00:00Z,Q127271490,"[""Численность сельского населения и его размещение на территории Московской области (итоги Всероссийской переписи населения 2010 года). Том III""]",True,year_only_dated_secondary_claim
Q16268927,2021,Q16268927$DF521EB0-4294-4CC2-9E03-3802C6409FB9,139.0,+2021-00-00T00:00:00Z,Q131520537,"[""База данных «Этно-языковой состав населённых пунктов России. Перепись 2020/21 года». Московская область""]",True,year_only_dated_secondary_claim
Q15273273,2002,Q15273273$2299FBDF-1F2A-4AAA-86C2-85C62E926F95,240.0,+2002-00-00T00:00:00Z,Q46574459,"[""Данные Всероссийской переписи населения 2002 года: таблица № 02c. Численность населения и преобладающая национальность по каждому сельскому населённому пункту.""]",True,year_only_dated_secondary_claim
Q15273273,2010,Q15273273$BFC78D20-064E-40DC-8BA2-B63670F6EC43,192.0,+2010-00-00T00:00:00Z,Q128032147,"[""Всероссийская перепись населения 2010 года. Численность и размещение населения Свердловской области""]",True,year_only_dated_secondary_claim
Q15273273,2021,Q15273273$74BEFD8A-C79C-4930-B780-2E2F98CCF107,137.0,+2021-00-00T00:00:00Z,Q131711677,"[""База данных «Этно-языковой состав населённых пунктов России. Перепись 2020/21 года». Свердловская область""]",True,year_only_dated_secondary_claim
Q18798785,2002,Q18798785$28EE8C80-215B-44B3-9DD5-4FD1856176F8,47.0,+2002-00-00T00:00:00Z,Q46574459,"[""Данные Всероссийской переписи населения 2002 года: таблица № 02c. Численность населения и преобладающая национальность по каждому сельскому населённому пункту.""]",True,year_only_dated_secondary_claim
Q18798785,2010,Q18798785$A600014D-E2CB-4C3E-B181-8BAB91FA6358,22.0,+2010-00-00T00:00:00Z,Q127271490,"[""Численность сельского населения и его размещение на территории Московской области (итоги Всероссийской переписи населения 2010 года). Том III""]",True,year_only_dated_secondary_claim
Q18798785,2021,Q18798785$5A233919-7B16-4612-B091-710CA54039C4,137.0,+2021-00-00T00:00:00Z,Q131520537,"[""База данных «Этно-языковой состав населённых пунктов России. Перепись 2020/21 года». Московская область""]",True,year_only_dated_secondary_claim
Q17636701,2002,Q17636701$A80825E9-F8AB-4432-9358-6EA7A72F0B7F,244.0,+2002-00-00T00:00:00Z,Q46574459,"[""Данные Всероссийской переписи населения 2002 года: таблица № 02c. Численность населения и преобладающая национальность по каждому сельскому населённому пункту.""]",True,year_only_dated_secondary_claim
Q17636701,2010,Q17636701$393A3068-1442-49B6-838A-C77D004EA981,180.0,+2010-00-00T00:00:00Z,,[],False,year_only_dated_secondary_claim
Q17636701,2021,Q17636701$4439A345-9C59-40A7-98C3-EEB904B6E4B2,135.0,+2021-00-00T00:00:00Z,Q126684906,"[""Итоги Всероссийской переписи населения 2020 года (по состоянию на 1 октября 2021 года)""]",True,year_only_dated_secondary_claim
Q18776773,2002,Q18776773$01AD6F09-1EFC-40D4-8EC3-3F489E7F2709,3.0,+2002-00-00T00:00:00Z,Q46574459,"[""Данные Всероссийской переписи населения 2002 года: таблица № 02c. Численность населения и преобладающая национальность по каждому сельскому населённому пункту.""]",True,year_only_dated_secondary_claim
Q18776773,2010,Q18776773$004632C3-B6B0-4950-9961-0F6D727A8138,20.0,+2010-00-00T00:00:00Z,Q127271490,"[""Численность сельского населения и его размещение на территории Московской области (итоги Всероссийской переписи населения 2010 года). Том III""]",True,year_only_dated_secondary_claim
Q18776773,2021,Q18776773$89DC0E63-E730-4ED4-81EF-14D8CD198330,134.0,+2021-00-00T00:00:00Z,Q131520537,"[""База данных «Этно-языковой состав населённых пунктов России. Перепись 2020/21 года». Московская область""]",True,year_only_dated_secondary_claim
Q18792810,2002,Q18792810$D8FC5FB8-ED90-4B42-841E-3D2AB1CF7A92,228.0,+2002-00-00T00:00:00Z,Q46574459,"[""Данные Всероссийской переписи населения 2002 года: таблица № 02c. Численность населения и преобладающая национальность по каждому сельскому населённому пункту.""]",True,year_only_dated_secondary_claim
Q18792810,2010,Q18792810$A3FC4AD4-1786-439D-BB35-6EDA4085FEF2,199.0,+2010-00-00T00:00:00Z,Q127867587,"[""Всероссийская перепись населения 2010 года. Численность и размещение населения Саратовской области""]",True,year_only_dated_secondary_claim
Q18792810,2021,Q18792810$bae6bc5c-469f-7e9f-e799-e365ad3638f5,133.0,+2021-00-00T00:00:00Z,Q138388477,"[""База данных «Этно-языковой состав населённых пунктов России. Перепись 2020/21 года». Саратовская область""]",True,year_only_dated_secondary_claim
Q19859980,2002,Q19859980$824A8FA3-9820-491D-94BF-DA7149922B90,143.0,+2002-00-00T00:00:00Z,,[],False,year_only_dated_secondary_claim
Q19859980,2010,Q19859980$89578EE2-E47D-4803-9232-097737941E7E,131.0,+2010-00-00T00:00:00Z,Q129261323,"[""Всероссийская перепись населения 2010 года. Численность населения по населённым пунктам Владимирской области""]",True,year_only_dated_secondary_claim
Q19859980,2021,Q19859980$610B8CE9-9F64-42DD-8A7C-73E99A127792,129.0,+2021-00-00T00:00:00Z,Q129261340,"[""Итоги Всероссийской переписи населения 2020 года. Том 1 - Численность и размещение населения Владимирской области""]",True,year_only_dated_secondary_claim
Q18715573,2002,Q18715573$1A715EED-7933-4137-978B-059F47E1E2F1,88.0,+2002-00-00T00:00:00Z,Q46574459,"[""Данные Всероссийской переписи населения 2002 года: таблица № 02c. Численность населения и преобладающая национальность по каждому сельскому населённому пункту.""]",True,year_only_dated_secondary_claim
Q18715573,2010,Q18715573$0222D174-A383-43F8-B39C-5AC519711CE1,80.0,+2010-00-00T00:00:00Z,,[],False,year_only_dated_secondary_claim
Q18715573,2021,Q18715573$ddb0c70e-4e6f-8e02-e88c-9be071c34fd2,126.0,+2021-00-00T00:00:00Z,Q126684906,"[""Итоги Всероссийской переписи населения 2020 года (по состоянию на 1 октября 2021 года)""]",True,year_only_dated_secondary_claim
Q19887158,2002,Q19887158$2DFB142A-F651-47D4-9B4F-D84E4627ADA3,154.0,+2002-00-00T00:00:00Z,,[],False,year_only_dated_secondary_claim
Q19887158,2010,Q19887158$11A3720A-F4DA-454A-88FF-49A97970AA55,139.0,+2010-00-00T00:00:00Z,Q129261323,"[""Всероссийская перепись населения 2010 года. Численность населения по населённым пунктам Владимирской области""]",True,year_only_dated_secondary_claim
Q19887158,2021,Q19887158$08E75721-80BF-4875-8DDC-3F4CC557E278,126.0,+2021-00-00T00:00:00Z,Q129261340,"[""Итоги Всероссийской переписи населения 2020 года. Том 1 - Численность и размещение населения Владимирской области""]",True,year_only_dated_secondary_claim
Q4228057,2002,Q4228057$A7266E43-1B26-40DA-8E7D-3922DF3CA7B7,137.0,+2002-00-00T00:00:00Z,,[],False,year_only_dated_secondary_claim
Q4228057,2010,Q4228057$844BD8CA-D3F6-41EA-8108-E82F516BF4AF,241.0,+2010-00-00T00:00:00Z,Q126773691,"[""Всероссийская перепись населения 2010 года. Таблица № 11. Численность населения городских округов, муниципальных районов, городских и сельских поселений, городских и сельских населённых пунктов Республики Дагестан""]",True,year_only_dated_secondary_claim
Q4228057,2021,Q4228057$15664ff2-4f9a-65f5-957a-18fd72501047,123.0,+2021-00-00T00:00:00Z,,[],False,year_only_dated_secondary_claim
Q18774172,2002,Q18774172$BC77D365-C34A-4FE5-83A7-F0417DD8D6CF,17.0,+2002-00-00T00:00:00Z,Q46574459,"[""Данные Всероссийской переписи населения 2002 года: таблица № 02c. Численность населения и преобладающая национальность по каждому сельскому населённому пункту.""]",True,year_only_dated_secondary_claim
Q18774172,2010,Q18774172$55A4337F-92BB-497D-A948-FEEB181DAA32,18.0,+2010-00-00T00:00:00Z,Q127271490,"[""Численность сельского населения и его размещение на территории Московской области (итоги Всероссийской переписи населения 2010 года). Том III""]",True,year_only_dated_secondary_claim
Q18774172,2021,Q18774172$33C10022-C50D-45F1-A234-A3A8FDF4B806,123.0,+2021-00-00T00:00:00Z,Q131520537,"[""База данных «Этно-языковой состав населённых пунктов России. Перепись 2020/21 года». Московская область""]",True,year_only_dated_secondary_claim
Q4058720,2002,Q4058720$588168D7-D03F-4DC4-AD3E-FC4C9965B616,94.0,+2002-00-00T00:00:00Z,,[],False,year_only_dated_secondary_claim
Q4058720,2010,Q4058720$63CB69DB-1A7D-4F7F-9B17-EDD8BB191153,90.0,+2010-00-00T00:00:00Z,Q126773691,"[""Всероссийская перепись населения 2010 года. Таблица № 11. Численность населения городских округов, муниципальных районов, городских и сельских поселений, городских и сельских населённых пунктов Республики Дагестан""]",True,year_only_dated_secondary_claim
Q4058720,2021,Q4058720$4b8edab0-40a6-04e2-6477-322d37e71275,120.0,+2021-00-00T00:00:00Z,,[],False,year_only_dated_secondary_claim
Q28520724,2002,Q28520724$0F783DD1-AA24-44A7-ACE9-89FF92807109,120.0,+2002-00-00T00:00:00Z,Q128692818,"[""Всероссийская перепись населения 2010 года. Численность и размещение населения Томской области""]",False,year_only_dated_secondary_claim
Q28520724,2010,Q28520724$7FEFE5E8-22E3-4354-8F7B-9CDB0BCF34D9,104.0,+2010-00-00T00:00:00Z,Q128692818,"[""Всероссийская перепись населения 2010 года. Численность и размещение населения Томской области""]",True,year_only_dated_secondary_claim
Q28520724,2021,Q28520724$7116E3D2-5B9F-46AC-8730-DBC251DE93A1,118.0,+2021-00-00T00:00:00Z,Q128692963,"[""Численность и размещение населения Томской области. Итоги Всероссийской переписи населения 2020 года""]",True,year_only_dated_secondary_claim
Q17635940,2002,Q17635940$12B3D357-A4F6-4DE7-AAA8-E554FCBE17BF,236.0,+2002-00-00T00:00:00Z,Q46574459,"[""Данные Всероссийской переписи населения 2002 года: таблица № 02c. Численность населения и преобладающая национальность по каждому сельскому населённому пункту.""]",True,year_only_dated_secondary_claim
Q17635940,2010,Q17635940$CF7C3FA4-FC11-476D-818E-7E92BD39ECDB,201.0,+2010-00-00T00:00:00Z,,[],False,year_only_dated_secondary_claim
Q17635940,2021,Q17635940$cc452c75-4c8a-509e-1039-988c0fd43e22,117.0,+2021-00-00T00:00:00Z,,[],False,year_only_dated_secondary_claim
Q18766953,2002,Q18766953$EA9B5B5E-6883-4C13-9E3B-AB1E4A4500AC,132.0,+2002-00-00T00:00:00Z,Q46574459,"[""Данные Всероссийской переписи населения 2002 года: таблица № 02c. Численность населения и преобладающая национальность по каждому сельскому населённому пункту.""]",True,year_only_dated_secondary_claim
Q18766953,2010,Q18766953$42446FA9-9CF5-49B4-9095-F53CBAFDF0D9,95.0,+2010-00-00T00:00:00Z,Q127867587,"[""Всероссийская перепись населения 2010 года. Численность и размещение населения Саратовской области""]",True,year_only_dated_secondary_claim
Q18766953,2021,Q18766953$ba60687a-4fe3-ffef-57dd-c88a7855efa8,116.0,+2021-00-00T00:00:00Z,Q138388477,"[""База данных «Этно-языковой состав населённых пунктов России. Перепись 2020/21 года». Саратовская область""]",True,year_only_dated_secondary_claim
Q15268020,2002,Q15268020$0FAD49E4-FF6A-48F9-8810-A47A545A2A88,186.0,+2002-00-00T00:00:00Z,Q46574459,"[""Данные Всероссийской переписи населения 2002 года: таблица № 02c. Численность населения и преобладающая национальность по каждому сельскому населённому пункту.""]",True,year_only_dated_secondary_claim
Q15268020,2010,Q15268020$063781A1-0F06-49C6-8E2E-260D7A500ED8,144.0,+2010-00-00T00:00:00Z,Q128032147,"[""Всероссийская перепись населения 2010 года. Численность и размещение населения Свердловской области""]",True,year_only_dated_secondary_claim
Q15268020,2021,Q15268020$CF990C7D-B7CE-4F79-A0FF-E77DF723AA37,116.0,+2021-00-00T00:00:00Z,Q131711677,"[""База данных «Этно-языковой состав населённых пунктов России. Перепись 2020/21 года». Свердловская область""]",True,year_only_dated_secondary_claim
Q4295744,2002,Q4295744$26B9ABFB-434F-4E07-ACF9-5203B715655D,125.0,+2002-00-00T00:00:00Z,,[],False,year_only_dated_secondary_claim
Q4295744,2010,Q4295744$3391E318-B3D6-40E1-8E57-523BFFC32A02,149.0,+2010-00-00T00:00:00Z,Q126773691,"[""Всероссийская перепись населения 2010 года. Таблица № 11. Численность населения городских округов, муниципальных районов, городских и сельских поселений, городских и сельских населённых пунктов Республики Дагестан""]",True,year_only_dated_secondary_claim
Q4295744,2021,Q4295744$7ED82F80-1CCA-46F1-9559-771BB3344A0B,116.0,+2021-00-00T00:00:00Z,,[],False,year_only_dated_secondary_claim
Q18804430,2002,Q18804430$046CC7A9-407B-4360-BD72-78112ABD53B6,10.0,+2002-00-00T00:00:00Z,Q46574459,"[""Данные Всероссийской переписи населения 2002 года: таблица № 02c. Численность населения и преобладающая национальность по каждому сельскому населённому пункту.""]",True,year_only_dated_secondary_claim
Q18804430,2010,Q18804430$F9F6881F-A9A5-49A7-B62E-AB86B98C2F42,11.0,+2010-00-00T00:00:00Z,Q127271490,"[""Численность сельского населения и его размещение на территории Московской области (итоги Всероссийской переписи населения 2010 года). Том III""]",True,year_only_dated_secondary_claim
Q18804430,2021,Q18804430$580EF926-CD95-4BD1-A75D-5674B1AD22BB,115.0,+2021-00-00T00:00:00Z,Q131520537,"[""База данных «Этно-языковой состав населённых пунктов России. Перепись 2020/21 года». Московская область""]",True,year_only_dated_secondary_claim
Q19649216,2002,Q19649216$8633B128-D4E2-47F4-8260-0889DEA74C5F,17.0,+2002-00-00T00:00:00Z,Q46574459,"[""Данные Всероссийской переписи населения 2002 года: таблица № 02c. Численность населения и преобладающая национальность по каждому сельскому населённому пункту.""]",True,year_only_dated_secondary_claim
Q19649216,2010,Q19649216$B26F4D23-E2AC-4931-9EF3-2B4175226574,32.0,+2010-00-00T00:00:00Z,Q127271490,"[""Численность сельского населения и его размещение на территории Московской области (итоги Всероссийской переписи населения 2010 года). Том III""]",True,year_only_dated_secondary_claim
Q19649216,2021,Q19649216$E79200A3-67DF-4491-B3D3-B60781B81F67,114.0,+2021-00-00T00:00:00Z,Q131520537,"[""База данных «Этно-языковой состав населённых пунктов России. Перепись 2020/21 года». Московская область""]",True,year_only_dated_secondary_claim
Q19686393,2002,Q19686393$907A04A8-E243-452D-8634-D711950A207C,173.0,+2002-00-00T00:00:00Z,Q46574459,"[""Данные Всероссийской переписи населения 2002 года: таблица № 02c. Численность населения и преобладающая национальность по каждому сельскому населённому пункту.""]",True,year_only_dated_secondary_claim
Q19686393,2010,Q19686393$830347B7-B714-471F-B390-1C2B6074FFA7,141.0,+2010-00-00T00:00:00Z,Q128032147,"[""Всероссийская перепись населения 2010 года. Численность и размещение населения Свердловской области""]",True,year_only_dated_secondary_claim
Q19686393,2021,Q19686393$6BB952EE-6781-4A9B-802E-DB4212527A2E,113.0,+2021-00-00T00:00:00Z,Q131711677,"[""База данных «Этно-языковой состав населённых пунктов России. Перепись 2020/21 года». Свердловская область""]",True,year_only_dated_secondary_claim
Q28504389,2002,Q28504389$0F088C35-AE25-4972-A262-FB58340DF842,783.0,+2002-00-00T00:00:00Z,,[],False,year_only_dated_secondary_claim
Q28504389,2010,Q28504389$00836FFF-D6DA-4867-96CC-CAD0DB2CE6B5,206.0,+2010-00-00T00:00:00Z,Q126773691,"[""Всероссийская перепись населения 2010 года. Таблица № 11. Численность населения городских округов, муниципальных районов, городских и сельских поселений, городских и сельских населённых пунктов Республики Дагестан""]",True,year_only_dated_secondary_claim
Q28504389,2021,Q28504389$c16f5adb-4ba4-14e7-c16c-0973f453e5fe,112.0,+2021-00-00T00:00:00Z,,[],False,year_only_dated_secondary_claim
Q18807702,2002,Q18807702$D99E7394-63CF-408E-BA5E-5EEF9F7436E5,54.0,+2002-00-00T00:00:00Z,Q46574459,"[""Данные Всероссийской переписи населения 2002 года: таблица № 02c. Численность населения и преобладающая национальность по каждому сельскому населённому пункту.""]",True,year_only_dated_secondary_claim
Q18807702,2010,Q18807702$74596E7E-E779-4D52-8394-89CDEA8C1223,36.0,+2010-00-00T00:00:00Z,Q127271490,"[""Численность сельского населения и его размещение на территории Московской области (итоги Всероссийской переписи населения 2010 года). Том III""]",True,year_only_dated_secondary_claim
Q18807702,2021,Q18807702$F0808B66-C7A6-4B2D-BF68-8A73FB0C36EA,359.0,+2021-00-00T00:00:00Z,Q131520537,"[""База данных «Этно-языковой состав населённых пунктов России. Перепись 2020/21 года». Московская область""]",True,year_only_dated_secondary_claim
Q4059323,2002,Q4059323$72683C6B-3272-4376-9556-33C249509DD7,189.0,+2002-00-00T00:00:00Z,,[],False,year_only_dated_secondary_claim
Q4059323,2010,Q4059323$D73DB72F-17EF-4F05-A0E7-0ED2D6E52231,173.0,+2010-00-00T00:00:00Z,Q126773691,"[""Всероссийская перепись населения 2010 года. Таблица № 11. Численность населения городских округов, муниципальных районов, городских и сельских поселений, городских и сельских населённых пунктов Республики Дагестан""]",True,year_only_dated_secondary_claim
Q4059323,2021,Q4059323$afe3574a-4747-eb92-50c6-caedb2cb5847,110.0,+2021-00-00T00:00:00Z,,[],False,year_only_dated_secondary_claim
Q19961591,2002,Q19961591$6EA8DDAC-4309-4473-B358-AF7CB627EBCB,156.0,+2002-00-00T00:00:00Z,Q128692818,"[""Всероссийская перепись населения 2010 года. Численность и размещение населения Томской области""]",False,year_only_dated_secondary_claim
Q19961591,2010,Q19961591$7F1716E0-870D-4524-BE10-6A5C6F4F8705,120.0,+2010-00-00T00:00:00Z,Q128692818,"[""Всероссийская перепись населения 2010 года. Численность и размещение населения Томской области""]",True,year_only_dated_secondary_claim
Q19961591,2021,Q19961591$CA6E4681-5F6E-45CC-805D-5621B2113003,109.0,+2021-00-00T00:00:00Z,Q128692963,"[""Численность и размещение населения Томской области. Итоги Всероссийской переписи населения 2020 года""]",True,year_only_dated_secondary_claim
Q19830438,2002,Q19830438$8BD8FD5B-4A47-4905-A675-A23459D773F2,17.0,+2002-00-00T00:00:00Z,,[],False,year_only_dated_secondary_claim
Q19830438,2010,Q19830438$97E39C8C-F163-4677-8130-EE418BD00AFA,12.0,+2010-00-00T00:00:00Z,Q129261323,"[""Всероссийская перепись населения 2010 года. Численность населения по населённым пунктам Владимирской области""]",True,year_only_dated_secondary_claim
Q19830438,2021,Q19830438$39B6706A-1444-4031-B08B-73639CF6E436,109.0,+2021-00-00T00:00:00Z,Q129261340,"[""Итоги Всероссийской переписи населения 2020 года. Том 1 - Численность и размещение населения Владимирской области""]",True,year_only_dated_secondary_claim
Q16663794,2002,Q16663794$4866DD4D-C2A0-48E9-9994-E2055AB2539F,166.0,+2002-00-00T00:00:00Z,,[],False,year_only_dated_secondary_claim
Q16663794,2010,Q16663794$738B6097-E000-44A3-A08D-DD9C24376AB2,148.0,+2010-00-00T00:00:00Z,Q126773691,"[""Всероссийская перепись населения 2010 года. Таблица № 11. Численность населения городских округов, муниципальных районов, городских и сельских поселений, городских и сельских населённых пунктов Республики Дагестан""]",True,year_only_dated_secondary_claim
Q16663794,2021,Q16663794$05ce204e-4ddc-d2a1-f818-1a903424bb1e,107.0,+2021-00-00T00:00:00Z,,[],False,year_only_dated_secondary_claim
Q19798946,2002,Q19798946$C4D74842-591E-4779-8092-74EFD6A15362,185.0,+2002-00-00T00:00:00Z,Q46574459,"[""Данные Всероссийской переписи населения 2002 года: таблица № 02c. Численность населения и преобладающая национальность по каждому сельскому населённому пункту.""]",True,year_only_dated_secondary_claim
Q19798946,2010,Q19798946$DF59D1BE-E80F-45F1-82BF-CFE89884A1D8,184.0,+2010-00-00T00:00:00Z,Q127867587,"[""Всероссийская перепись населения 2010 года. Численность и размещение населения Саратовской области""]",True,year_only_dated_secondary_claim
Q19798946,2021,Q19798946$12b086a9-483f-621d-80ae-a276b76466bc,106.0,+2021-00-00T00:00:00Z,Q138388477,"[""База данных «Этно-языковой состав населённых пунктов России. Перепись 2020/21 года». Саратовская область""]",True,year_only_dated_secondary_claim
Q15276389,2002,Q15276389$0A5D8DA4-2BB4-4AF1-9C22-7CFCB0F517B3,182.0,+2002-00-00T00:00:00Z,Q46574459,"[""Данные Всероссийской переписи населения 2002 года: таблица № 02c. Численность населения и преобладающая национальность по каждому сельскому населённому пункту.""]",True,year_only_dated_secondary_claim
Q15276389,2010,Q15276389$C5314C12-66C9-438E-8D9A-C6FEA71A2677,191.0,+2010-00-00T00:00:00Z,Q128032147,"[""Всероссийская перепись населения 2010 года. Численность и размещение населения Свердловской области""]",True,year_only_dated_secondary_claim
Q15276389,2021,Q15276389$40E7B6A8-D091-440C-AEFA-8A4A68E4C502,106.0,+2021-00-00T00:00:00Z,Q131711677,"[""База данных «Этно-языковой состав населённых пунктов России. Перепись 2020/21 года». Свердловская область""]",True,year_only_dated_secondary_claim
Q19847836,2002,Q19847836$ACF4B01B-FBDF-451A-A5F1-D769997549DC,223.0,+2002-00-00T00:00:00Z,,[],False,year_only_dated_secondary_claim
Q19847836,2010,Q19847836$4D0A4C8C-B2B2-4E72-A6E8-E15308E770B6,158.0,+2010-00-00T00:00:00Z,Q129261323,"[""Всероссийская перепись населения 2010 года. Численность населения по населённым пунктам Владимирской области""]",True,year_only_dated_secondary_claim
Q19847836,2021,Q19847836$A18C7813-046B-4C53-AB39-9D70DAAB00EF,106.0,+2021-00-00T00:00:00Z,Q129261340,"[""Итоги Всероссийской переписи населения 2020 года. Том 1 - Численность и размещение населения Владимирской области""]",True,year_only_dated_secondary_claim
Q15273033,2002,Q15273033$594F7ACD-0356-44CF-A41E-0BB722F2EABD,68.0,+2002-00-00T00:00:00Z,Q46574459,"[""Данные Всероссийской переписи населения 2002 года: таблица № 02c. Численность населения и преобладающая национальность по каждому сельскому населённому пункту.""]",True,year_only_dated_secondary_claim
Q15273033,2010,Q15273033$CCDF8DA8-D6DB-4E6E-A45E-3CA0E84CB156,78.0,+2010-00-00T00:00:00Z,Q128032147,"[""Всероссийская перепись населения 2010 года. Численность и размещение населения Свердловской области""]",True,year_only_dated_secondary_claim
Q15273033,2021,Q15273033$66768345-40ce-d6af-05ea-4de187f3b50b,105.0,+2021-00-00T00:00:00Z,Q131711677,"[""База данных «Этно-языковой состав населённых пунктов России. Перепись 2020/21 года». Свердловская область""]",True,year_only_dated_secondary_claim
Q18795860,2002,Q18795860$1711F65E-0217-4B33-93A9-32AA7953B458,97.0,+2002-00-00T00:00:00Z,Q46574459,"[""Данные Всероссийской переписи населения 2002 года: таблица № 02c. Численность населения и преобладающая национальность по каждому сельскому населённому пункту.""]",True,year_only_dated_secondary_claim
Q18795860,2010,Q18795860$F902094A-3758-4CBD-81E6-6BA02DCC2C4C,135.0,+2010-00-00T00:00:00Z,Q127271490,"[""Численность сельского населения и его размещение на территории Московской области (итоги Всероссийской переписи населения 2010 года). Том III""]",True,year_only_dated_secondary_claim
Q18795860,2021,Q18795860$6F248D6E-81A4-4F62-B765-9CCCC40B5FAD,105.0,+2021-00-00T00:00:00Z,Q131520537,"[""База данных «Этно-языковой состав населённых пунктов России. Перепись 2020/21 года». Московская область""]",True,year_only_dated_secondary_claim
Q16021098,2002,Q16021098$5E8492CA-51F5-424F-8723-D4B84259F96A,96.0,+2002-00-00T00:00:00Z,,[],False,year_only_dated_secondary_claim
Q16021098,2010,Q16021098$7C39B7A2-39DF-402D-8E68-56C0736DB692,73.0,+2010-00-00T00:00:00Z,Q129261323,"[""Всероссийская перепись населения 2010 года. Численность населения по населённым пунктам Владимирской области""]",True,year_only_dated_secondary_claim
Q16021098,2021,Q16021098$D56D285A-6742-4D8B-9913-3C660A619562,103.0,+2021-00-00T00:00:00Z,Q129261340,"[""Итоги Всероссийской переписи населения 2020 года. Том 1 - Численность и размещение населения Владимирской области""]",True,year_only_dated_secondary_claim
Q18802905,2002,Q18802905$C65D14D2-D658-45C2-B876-78D9390778A8,324.0,+2002-00-00T00:00:00Z,Q46574459,"[""Данные Всероссийской переписи населения 2002 года: таблица № 02c. Численность населения и преобладающая национальность по каждому сельскому населённому пункту.""]",True,year_only_dated_secondary_claim
Q18802905,2010,Q18802905$402865D7-EA96-45F1-B5E5-D44802DD3727,253.0,+2010-00-00T00:00:00Z,,[],False,year_only_dated_secondary_claim
Q18802905,2021,Q18802905$2c57b0db-4429-377f-d49f-74b0aabbe782,98.0,+2021-00-00T00:00:00Z,,[],False,year_only_dated_secondary_claim
Q19830347,2002,Q19830347$7D806445-D50C-48B5-9FFD-3A726DF580CA,20.0,+2002-00-00T00:00:00Z,,[],False,year_only_dated_secondary_claim
Q19830347,2010,Q19830347$4AAF6CA1-8AC2-4CEB-BBC8-01E469352F4E,19.0,+2010-00-00T00:00:00Z,Q129261323,"[""Всероссийская перепись населения 2010 года. Численность населения по населённым пунктам Владимирской области""]",True,year_only_dated_secondary_claim
Q19830347,2021,Q19830347$DAEDECEA-9197-47AB-9AD6-5022F2252A75,95.0,+2021-00-00T00:00:00Z,Q129261340,"[""Итоги Всероссийской переписи населения 2020 года. Том 1 - Численность и размещение населения Владимирской области""]",True,year_only_dated_secondary_claim
Q19831325,2002,Q19831325$0DF6383D-E073-409D-923A-2A97869ED48C,129.0,+2002-00-00T00:00:00Z,,[],False,year_only_dated_secondary_claim
Q19831325,2010,Q19831325$0D63EAE6-7705-448E-8FE5-C9AC4AE6D1EB,97.0,+2010-00-00T00:00:00Z,Q129261323,"[""Всероссийская перепись населения 2010 года. Численность населения по населённым пунктам Владимирской области""]",True,year_only_dated_secondary_claim
Q19831325,2021,Q19831325$B89C3559-0463-412C-9D89-F80EC73DC1C8,95.0,+2021-00-00T00:00:00Z,Q129261340,"[""Итоги Всероссийской переписи населения 2020 года. Том 1 - Численность и размещение населения Владимирской области""]",True,year_only_dated_secondary_claim
Q4097556,2002,Q4097556$1988AB22-A933-4B91-A5C5-B539A23415F3,55.0,+2002-00-00T00:00:00Z,,[],False,year_only_dated_secondary_claim
Q4097556,2010,Q4097556$BB9EE6AB-D338-4E88-B5FA-9207F4695AAC,61.0,+2010-00-00T00:00:00Z,Q126773691,"[""Всероссийская перепись населения 2010 года. Таблица № 11. Численность населения городских округов, муниципальных районов, городских и сельских поселений, городских и сельских населённых пунктов Республики Дагестан""]",True,year_only_dated_secondary_claim
Q4097556,2021,Q4097556$4A35E69C-C831-4B0F-AF20-52E9CFC7AFF4,94.0,+2021-00-00T00:00:00Z,,[],False,year_only_dated_secondary_claim
Q19884944,2002,Q19884944$833FA861-5760-477B-BDBB-90B96DEC3B97,51.0,+2002-00-00T00:00:00Z,,[],False,year_only_dated_secondary_claim
Q19884944,2010,Q19884944$8D45D672-B8CE-41DA-80EC-11595686125D,92.0,+2010-00-00T00:00:00Z,Q129261323,"[""Всероссийская перепись населения 2010 года. Численность населения по населённым пунктам Владимирской области""]",True,year_only_dated_secondary_claim
Q19884944,2021,Q19884944$4CF1D156-211F-479B-8CE3-F18D5C239A1A,94.0,+2021-00-00T00:00:00Z,Q129261340,"[""Итоги Всероссийской переписи населения 2020 года. Том 1 - Численность и размещение населения Владимирской области""]",True,year_only_dated_secondary_claim
Q4503929,2002,Q4503929$14A5A0F7-74F6-491A-8E1A-9365093F5703,106.0,+2002-00-00T00:00:00Z,Q126687602,"[""Всероссийская перепись населения 2002 года. Численность населения субъектов Российской Федерации, районов, городских поселений, сельских населённых пунктов - райцентров и сельских населённых пунктов с населением 3 тысячи и более""]",True,year_only_dated_secondary_claim
Q4503929,2010,Q4503929$DEAD581B-B53C-4CD4-8CBF-DA83F968881A,317.0,+2010-00-00T00:00:00Z,Q127414173,"[""Всероссийская перепись населения 2010 года. Том 1. Численность и размещение населения Чеченской Республики""]",True,year_only_dated_secondary_claim
Q4503929,2021,Q4503929$81C29D4A-CD33-47AC-9733-21CF0550B78F,92.0,+2021-00-00T00:00:00Z,Q126684906,"[""Итоги Всероссийской переписи населения 2020 года (по состоянию на 1 октября 2021 года)""]",True,year_only_dated_secondary_claim
Q18788542,2002,Q18788542$984ABAD2-F094-48D5-A758-AF1C749B6003,36.0,+2002-00-00T00:00:00Z,Q46574459,"[""Данные Всероссийской переписи населения 2002 года: таблица № 02c. Численность населения и преобладающая национальность по каждому сельскому населённому пункту.""]",True,year_only_dated_secondary_claim
Q18788542,2010,Q18788542$FE00F0B5-A5C9-4CAE-BE20-28B1AC69B98D,41.0,+2010-00-00T00:00:00Z,Q127271490,"[""Численность сельского населения и его размещение на территории Московской области (итоги Всероссийской переписи населения 2010 года). Том III""]",True,year_only_dated_secondary_claim
Q18788542,2021,Q18788542$A9BF35F4-2F91-4283-8927-61652CB6F320,92.0,+2021-00-00T00:00:00Z,Q131520537,"[""База данных «Этно-языковой состав населённых пунктов России. Перепись 2020/21 года». Московская область""]",True,year_only_dated_secondary_claim
Q19847743,2002,Q19847743$A4DD481E-366E-4678-8FCD-784A49D6B732,55.0,+2002-00-00T00:00:00Z,,[],False,year_only_dated_secondary_claim
Q19847743,2010,Q19847743$788CF74A-5046-476D-AE8C-3599CAA4E490,73.0,+2010-00-00T00:00:00Z,Q129261323,"[""Всероссийская перепись населения 2010 года. Численность населения по населённым пунктам Владимирской области""]",True,year_only_dated_secondary_claim
Q19847743,2021,Q19847743$67969781-7CE8-4027-A8A3-CA5EAC785399,91.0,+2021-00-00T00:00:00Z,Q129261340,"[""Итоги Всероссийской переписи населения 2020 года. Том 1 - Численность и размещение населения Владимирской области""]",True,year_only_dated_secondary_claim
Q17637833,2002,Q17637833$47A85B3B-5BCD-484A-B1C2-5FE2A4C2072A,294.0,+2002-00-00T00:00:00Z,Q46574459,"[""Данные Всероссийской переписи населения 2002 года: таблица № 02c. Численность населения и преобладающая национальность по каждому сельскому населённому пункту.""]",True,year_only_dated_secondary_claim
Q17637833,2010,Q17637833$0515F271-92C1-4F48-85A3-CB47A7512580,211.0,+2010-00-00T00:00:00Z,,[],False,year_only_dated_secondary_claim
Q17637833,2021,Q17637833$9406aaa3-42ea-a733-8769-492791ea02bd,90.0,+2021-00-00T00:00:00Z,,[],False,year_only_dated_secondary_claim
Q112734518,2002,Q112734518$BE2219DB-615D-4B75-BE57-A87F3391CD73,9.0,+2002-00-00T00:00:00Z,Q46574459,"[""Данные Всероссийской переписи населения 2002 года: таблица № 02c. Численность населения и преобладающая национальность по каждому сельскому населённому пункту.""]",True,year_only_dated_secondary_claim
Q112734518,2010,Q112734518$9FA9C519-76EA-4CE6-88A9-7A41DF6F281C,9.0,+2010-00-00T00:00:00Z,Q127271490,"[""Численность сельского населения и его размещение на территории Московской области (итоги Всероссийской переписи населения 2010 года). Том III""]",True,year_only_dated_secondary_claim
Q112734518,2021,Q112734518$64509538-E4D9-40F3-91B0-D5DA855FA30E,90.0,+2021-00-00T00:00:00Z,Q131520537,"[""База данных «Этно-языковой состав населённых пунктов России. Перепись 2020/21 года». Московская область""]",True,year_only_dated_secondary_claim
Q18755654,2002,Q18755654$77698177-FC0A-4B43-84C4-35A2D166E709,34.0,+2002-00-00T00:00:00Z,Q46574459,"[""Данные Всероссийской переписи населения 2002 года: таблица № 02c. Численность населения и преобладающая национальность по каждому сельскому населённому пункту.""]",True,year_only_dated_secondary_claim
Q18755654,2010,Q18755654$B959E754-3E53-4E83-A60B-0B9CD463F3DF,28.0,+2010-00-00T00:00:00Z,,[],False,year_only_dated_secondary_claim
Q18755654,2021,Q18755654$90c63fb7-4e0f-91d4-3b5d-292d346e8d58,86.0,+2021-00-00T00:00:00Z,Q126684906,"[""Итоги Всероссийской переписи населения 2020 года (по состоянию на 1 октября 2021 года)""]",True,year_only_dated_secondary_claim
Q17637285,2002,Q17637285$121FB2E1-5A0A-4567-95F5-1AFB27C23DC9,56.0,+2002-00-00T00:00:00Z,Q46574459,"[""Данные Всероссийской переписи населения 2002 года: таблица № 02c. Численность населения и преобладающая национальность по каждому сельскому населённому пункту.""]",True,year_only_dated_secondary_claim
Q17637285,2010,Q17637285$68F7DA04-97DC-4DA6-8C38-F30937FBD8D1,68.0,+2010-00-00T00:00:00Z,,[],False,year_only_dated_secondary_claim
Q17637285,2021,Q17637285$7ab8f9a9-46d7-2d50-a564-7d10ab3d0fab,85.0,+2021-00-00T00:00:00Z,,[],False,year_only_dated_secondary_claim
Q15276482,2002,Q15276482$B0951CF1-98A5-4D30-9533-9D65EC30061D,80.0,+2002-00-00T00:00:00Z,Q46574459,"[""Данные Всероссийской переписи населения 2002 года: таблица № 02c. Численность населения и преобладающая национальность по каждому сельскому населённому пункту.""]",True,year_only_dated_secondary_claim
Q15276482,2010,Q15276482$F058A8CB-B5CB-4467-AF17-2567388633A2,94.0,+2010-00-00T00:00:00Z,Q128032147,"[""Всероссийская перепись населения 2010 года. Численность и размещение населения Свердловской области""]",True,year_only_dated_secondary_claim
Q15276482,2021,Q15276482$51978E64-6E3B-41BA-B50B-F47852AA1A20,84.0,+2021-00-00T00:00:00Z,Q131711677,"[""База данных «Этно-языковой состав населённых пунктов России. Перепись 2020/21 года». Свердловская область""]",True,year_only_dated_secondary_claim
Q4093963,2002,Q4093963$6C6DECC9-318F-437E-B2B9-1A1005D38752,9.0,+2002-00-00T00:00:00Z,Q46574459,"[""Данные Всероссийской переписи населения 2002 года: таблица № 02c. Численность населения и преобладающая национальность по каждому сельскому населённому пункту.""]",True,year_only_dated_secondary_claim
Q4093963,2010,Q4093963$7F25D087-33D4-498D-A917-923081E714DC,8.0,+2010-00-00T00:00:00Z,Q127271490,"[""Численность сельского населения и его размещение на территории Московской области (итоги Всероссийской переписи населения 2010 года). Том III""]",True,year_only_dated_secondary_claim
Q4093963,2021,Q4093963$DA9C86FF-65B3-43F1-AC0C-F63EA3FC07D7,84.0,+2021-00-00T00:00:00Z,Q131520537,"[""База данных «Этно-языковой состав населённых пунктов России. Перепись 2020/21 года». Московская область""]",True,year_only_dated_secondary_claim
Q18801020,2002,Q18801020$756056B0-70A7-492B-AA6B-11873E67DAFF,5.0,+2002-00-00T00:00:00Z,Q46574459,"[""Данные Всероссийской переписи населения 2002 года: таблица № 02c. Численность населения и преобладающая национальность по каждому сельскому населённому пункту.""]",True,year_only_dated_secondary_claim
Q18801020,2010,Q18801020$DDE68CE2-381A-422B-8769-519E98E14970,2.0,+2010-00-00T00:00:00Z,Q127271490,"[""Численность сельского населения и его размещение на территории Московской области (итоги Всероссийской переписи населения 2010 года). Том III""]",True,year_only_dated_secondary_claim
Q18801020,2021,Q18801020$808BD29E-0100-4835-906B-858C3B01D1BD,83.0,+2021-00-00T00:00:00Z,Q131520537,"[""База данных «Этно-языковой состав населённых пунктов России. Перепись 2020/21 года». Московская область""]",True,year_only_dated_secondary_claim
Q18795100,2002,Q18795100$2BE02255-BE30-447B-B792-3BDA85C0FD52,156.0,+2002-00-00T00:00:00Z,Q46574459,"[""Данные Всероссийской переписи населения 2002 года: таблица № 02c. Численность населения и преобладающая национальность по каждому сельскому населённому пункту.""]",True,year_only_dated_secondary_claim
Q18795100,2010,Q18795100$AAEDEEE6-1D2E-4F11-8AE1-C3785AAC6078,119.0,+2010-00-00T00:00:00Z,Q127867587,"[""Всероссийская перепись населения 2010 года. Численность и размещение населения Саратовской области""]",True,year_only_dated_secondary_claim
Q18795100,2021,Q18795100$4c3aaf69-468c-1b6b-5d10-f4a8fec5c248,80.0,+2021-00-00T00:00:00Z,Q138388477,"[""База данных «Этно-языковой состав населённых пунктов России. Перепись 2020/21 года». Саратовская область""]",True,year_only_dated_secondary_claim
Q18787844,2002,Q18787844$26E6CB24-FC03-4641-BA28-884C9D4B879D,36.0,+2002-00-00T00:00:00Z,Q46574459,"[""Данные Всероссийской переписи населения 2002 года: таблица № 02c. Численность населения и преобладающая национальность по каждому сельскому населённому пункту.""]",True,year_only_dated_secondary_claim
Q18787844,2010,Q18787844$D5226061-AF7D-4E70-83A3-979336127810,27.0,+2010-00-00T00:00:00Z,Q127271490,"[""Численность сельского населения и его размещение на территории Московской области (итоги Всероссийской переписи населения 2010 года). Том III""]",True,year_only_dated_secondary_claim
Q18787844,2021,Q18787844$388042C7-5E32-4AA7-9250-DD80EFF092C3,80.0,+2021-00-00T00:00:00Z,Q131520537,"[""База данных «Этно-языковой состав населённых пунктов России. Перепись 2020/21 года». Московская область""]",True,year_only_dated_secondary_claim
Q15275225,2002,Q15275225$C18DD5F6-2C85-4C96-9FC7-05089F6EE4B7,8.0,+2002-00-00T00:00:00Z,Q46574459,"[""Данные Всероссийской переписи населения 2002 года: таблица № 02c. Численность населения и преобладающая национальность по каждому сельскому населённому пункту.""]",True,year_only_dated_secondary_claim
Q15275225,2010,Q15275225$FD0876DF-93A8-4847-B36B-134673A792D9,40.0,+2010-00-00T00:00:00Z,Q128032147,"[""Всероссийская перепись населения 2010 года. Численность и размещение населения Свердловской области""]",True,year_only_dated_secondary_claim
Q15275225,2021,Q15275225$01F4DA0D-8052-452D-9FCD-48EFD93C585A,79.0,+2021-00-00T00:00:00Z,Q131711677,"[""База данных «Этно-языковой состав населённых пунктов России. Перепись 2020/21 года». Свердловская область""]",True,year_only_dated_secondary_claim
Q19884998,2002,Q19884998$6AB250E0-CF05-422B-A482-F603E940F4EF,24.0,+2002-00-00T00:00:00Z,,[],False,year_only_dated_secondary_claim
Q19884998,2010,Q19884998$D10FB628-4FED-4E15-B822-D82688409F0D,32.0,+2010-00-00T00:00:00Z,Q129261323,"[""Всероссийская перепись населения 2010 года. Численность населения по населённым пунктам Владимирской области""]",True,year_only_dated_secondary_claim
Q19884998,2021,Q19884998$B43DF9FC-45A8-4491-A385-09D2A53FEABE,77.0,+2021-00-00T00:00:00Z,Q129261340,"[""Итоги Всероссийской переписи населения 2020 года. Том 1 - Численность и размещение населения Владимирской области""]",True,year_only_dated_secondary_claim
Q18791226,2010,Q18791226$c637ab75-4242-9f0b-b098-20b34f42c2fc,86.0,+2010-00-00T00:00:00Z,,[],False,year_only_dated_secondary_claim
Q18791226,2002,Q18791226$304D4AC4-CF4A-4EFA-AA20-BCE85D950C93,127.0,+2002-00-00T00:00:00Z,,[],False,year_only_dated_secondary_claim
Q18791226,2021,Q18791226$15c7456c-45b4-ad76-f9d5-bc73c80b09ee,76.0,+2021-00-00T00:00:00Z,Q131681219,"[""База данных «Этно-языковой состав населённых пунктов России. Перепись 2020/21 года». Республика Татарстан""]",True,year_only_dated_secondary_claim
Q19830507,2002,Q19830507$EA7549C2-CFB0-40CF-A77F-8F0E9C4C433D,4.0,+2002-00-00T00:00:00Z,,[],False,year_only_dated_secondary_claim
Q19830507,2010,Q19830507$FDAF9B6B-5FAE-4BB1-82B1-9B2007E40DBC,6.0,+2010-00-00T00:00:00Z,Q129261323,"[""Всероссийская перепись населения 2010 года. Численность населения по населённым пунктам Владимирской области""]",True,year_only_dated_secondary_claim
Q19830507,2021,Q19830507$339C88E9-AA4C-4D17-9AA0-875E0E7AB372,76.0,+2021-00-00T00:00:00Z,Q129261340,"[""Итоги Всероссийской переписи населения 2020 года. Том 1 - Численность и размещение населения Владимирской области""]",True,year_only_dated_secondary_claim
Q108785997,2002,Q108785997$BAC9C649-21DB-4D6D-BB13-C22425151623,94.0,+2002-00-00T00:00:00Z,Q127328810,"[""Всероссийская перепись населения 2002 года. Численность населения по сельским населенным пунктам Новосибирской области""]",True,year_only_dated_secondary_claim
Q108785997,2010,Q108785997$FB8A3543-2A57-439B-B6D1-4812A6289D0A,74.0,+2010-00-00T00:00:00Z,Q127329057,"[""Всероссийская перепись населения 2010 года. Численность населения городских и сельских населенных пунктов Новосибирской области""]",True,year_only_dated_secondary_claim
Q108785997,2021,Q108785997$FC13EFFA-510C-4D5D-9EC7-A915CD7B52FA,76.0,+2021-00-00T00:00:00Z,Q126684906,"[""Итоги Всероссийской переписи населения 2020 года (по состоянию на 1 октября 2021 года)""]",True,year_only_dated_secondary_claim
Q28504446,2002,Q28504446$6FB1C2DB-A5D4-4423-8DC5-086744839925,3.0,+2002-00-00T00:00:00Z,,[],False,year_only_dated_secondary_claim
Q28504446,2010,Q28504446$58FA31A2-0B46-4067-A3D2-35028B983D0D,82.0,+2010-00-00T00:00:00Z,Q126773691,"[""Всероссийская перепись населения 2010 года. Таблица № 11. Численность населения городских округов, муниципальных районов, городских и сельских поселений, городских и сельских населённых пунктов Республики Дагестан""]",True,year_only_dated_secondary_claim
Q28504446,2021,Q28504446$3f0f4ec5-4bc7-d898-382f-c1236c74ffa4,75.0,+2021-00-00T00:00:00Z,,[],False,year_only_dated_secondary_claim
Q19848518,2002,Q19848518$81323625-7A52-46FA-B7B2-0B07D809DEDB,87.0,+2002-00-00T00:00:00Z,,[],False,year_only_dated_secondary_claim
Q19848518,2010,Q19848518$BFF45384-E3C0-4353-859C-78AFBE809199,45.0,+2010-00-00T00:00:00Z,Q129261323,"[""Всероссийская перепись населения 2010 года. Численность населения по населённым пунктам Владимирской области""]",True,year_only_dated_secondary_claim
Q19848518,2021,Q19848518$FC4B4DFF-6A80-4AA2-9401-49DF90A4BFDD,75.0,+2021-00-00T00:00:00Z,Q129261340,"[""Итоги Всероссийской переписи населения 2020 года. Том 1 - Численность и размещение населения Владимирской области""]",True,year_only_dated_secondary_claim
Q19860228,2002,Q19860228$0432EE73-A743-4355-91E2-FFD088529BFD,1.0,+2002-00-00T00:00:00Z,,[],False,year_only_dated_secondary_claim
Q19860228,2010,Q19860228$0DD3FCA6-42C5-494D-9D63-BE496AB576A2,2.0,+2010-00-00T00:00:00Z,Q129261323,"[""Всероссийская перепись населения 2010 года. Численность населения по населённым пунктам Владимирской области""]",True,year_only_dated_secondary_claim
Q19860228,2021,Q19860228$3349B0B4-5F70-42CE-95DA-F8F345559E2D,75.0,+2021-00-00T00:00:00Z,Q129261340,"[""Итоги Всероссийской переписи населения 2020 года. Том 1 - Численность и размещение населения Владимирской области""]",True,year_only_dated_secondary_claim
Q19887138,2002,Q19887138$268A4ADA-0A9D-4510-86E7-4E40AEA8DAC5,96.0,+2002-00-00T00:00:00Z,,[],False,year_only_dated_secondary_claim
Q19887138,2010,Q19887138$6750E187-3080-4673-98C0-BF66541C6558,88.0,+2010-00-00T00:00:00Z,Q129261323,"[""Всероссийская перепись населения 2010 года. Численность населения по населённым пунктам Владимирской области""]",True,year_only_dated_secondary_claim
Q19887138,2021,Q19887138$45319C06-7D50-4A8A-B6F8-BB8ABE561139,74.0,+2021-00-00T00:00:00Z,Q129261340,"[""Итоги Всероссийской переписи населения 2020 года. Том 1 - Численность и размещение населения Владимирской области""]",True,year_only_dated_secondary_claim
Q16023596,2002,Q16023596$E9820301-EC6E-4FA2-9F02-76123003EE5F,139.0,+2002-00-00T00:00:00Z,Q46574459,"[""Данные Всероссийской переписи населения 2002 года: таблица № 02c. Численность населения и преобладающая национальность по каждому сельскому населённому пункту.""]",True,year_only_dated_secondary_claim
Q16023596,2010,Q16023596$E79349A5-BFB4-4B43-A609-240453070080,72.0,+2010-00-00T00:00:00Z,,[],False,year_only_dated_secondary_claim
Q16023596,2021,Q16023596$f721aac0-450c-6bc2-a5b7-a5be2951fc0b,74.0,+2021-00-00T00:00:00Z,,[],False,year_only_dated_secondary_claim
Q19686574,2002,Q19686574$AAF1D586-482C-440D-9D1E-B6D7D7CE594F,108.0,+2002-00-00T00:00:00Z,Q46574459,"[""Данные Всероссийской переписи населения 2002 года: таблица № 02c. Численность населения и преобладающая национальность по каждому сельскому населённому пункту.""]",True,year_only_dated_secondary_claim
Q19686574,2010,Q19686574$AAB0548F-4F9D-468E-8DBA-7108851E9DA6,103.0,+2010-00-00T00:00:00Z,Q128032147,"[""Всероссийская перепись населения 2010 года. Численность и размещение населения Свердловской области""]",True,year_only_dated_secondary_claim
Q19686574,2021,Q19686574$7a5def37-48da-6ca1-f2ea-974df5e9f909,73.0,+2021-00-00T00:00:00Z,Q131711677,"[""База данных «Этно-языковой состав населённых пунктов России. Перепись 2020/21 года». Свердловская область""]",True,year_only_dated_secondary_claim
Q19886912,2002,Q19886912$30ADAB0D-B17E-49FF-BEA3-7CF91F110A14,76.0,+2002-00-00T00:00:00Z,,[],False,year_only_dated_secondary_claim
Q19886912,2010,Q19886912$4F95119D-9DCC-4AB7-897D-B7F076476E3A,84.0,+2010-00-00T00:00:00Z,Q129261323,"[""Всероссийская перепись населения 2010 года. Численность населения по населённым пунктам Владимирской области""]",True,year_only_dated_secondary_claim
Q19886912,2021,Q19886912$456748F5-C06F-4E5F-AE56-67998A3380F4,71.0,+2021-00-00T00:00:00Z,Q129261340,"[""Итоги Всероссийской переписи населения 2020 года. Том 1 - Численность и размещение населения Владимирской области""]",True,year_only_dated_secondary_claim
Q18782868,2002,Q18782868$4CFF6521-950E-44F9-9337-A02032ADA46A,37.0,+2002-00-00T00:00:00Z,Q46574459,"[""Данные Всероссийской переписи населения 2002 года: таблица № 02c. Численность населения и преобладающая национальность по каждому сельскому населённому пункту.""]",True,year_only_dated_secondary_claim
Q18782868,2010,Q18782868$B1E63CAE-BAFC-4C8A-BDDC-755416344307,27.0,+2010-00-00T00:00:00Z,Q127271490,"[""Численность сельского населения и его размещение на территории Московской области (итоги Всероссийской переписи населения 2010 года). Том III""]",True,year_only_dated_secondary_claim
Q18782868,2021,Q18782868$801A59A0-4A5A-4C8D-AE9A-45B08B633214,70.0,+2021-00-00T00:00:00Z,Q131520537,"[""База данных «Этно-языковой состав населённых пунктов России. Перепись 2020/21 года». Московская область""]",True,year_only_dated_secondary_claim
Q19830318,2002,Q19830318$1EB4C554-CFD1-4B40-8B5A-359FDCB903A6,157.0,+2002-00-00T00:00:00Z,,[],False,year_only_dated_secondary_claim
Q19830318,2010,Q19830318$62682826-320A-4C1B-96EC-D0968DB3D026,102.0,+2010-00-00T00:00:00Z,Q129261323,"[""Всероссийская перепись населения 2010 года. Численность населения по населённым пунктам Владимирской области""]",True,year_only_dated_secondary_claim
Q19830318,2021,Q19830318$8003FF6A-3B0F-4833-929D-84EA54BD32EC,69.0,+2021-00-00T00:00:00Z,Q129261340,"[""Итоги Всероссийской переписи населения 2020 года. Том 1 - Численность и размещение населения Владимирской области""]",True,year_only_dated_secondary_claim
Q18768220,2002,Q18768220$C01D9F16-5ED5-4E5F-B41D-AC102C6076E9,124.0,+2002-00-00T00:00:00Z,Q46574459,"[""Данные Всероссийской переписи населения 2002 года: таблица № 02c. Численность населения и преобладающая национальность по каждому сельскому населённому пункту.""]",True,year_only_dated_secondary_claim
Q18768220,2010,Q18768220$AF9F103F-C327-416B-A1B8-0F0FE879D797,90.0,+2010-00-00T00:00:00Z,Q127867587,"[""Всероссийская перепись населения 2010 года. Численность и размещение населения Саратовской области""]",True,year_only_dated_secondary_claim
Q18768220,2021,Q18768220$e2d98dc6-4035-0277-0beb-b1cdd5c4c1f1,68.0,+2021-00-00T00:00:00Z,Q138388477,"[""База данных «Этно-языковой состав населённых пунктов России. Перепись 2020/21 года». Саратовская область""]",True,year_only_dated_secondary_claim
Q18399897,2002,Q18399897$3BF7DBF7-25A1-4C82-A918-553D40FD34CA,68.0,+2002-00-00T00:00:00Z,Q126945916,"[""Численность населения Кабардино-Балкарской Республики по сельским населённым пунктам по итогам ВПН-2002""]",False,year_only_dated_secondary_claim
Q18399897,2010,Q18399897$938175EB-8588-4110-A700-FCCE2E1365CE,56.0,+2010-00-00T00:00:00Z,Q126945966,"[""Численность населения КБР в разрезе населённых пунктов по итогам Всероссийской переписи населения 2010 года""]",True,year_only_dated_secondary_claim
Q18399897,2021,Q18399897$E859CAC5-98D0-4FD6-B05B-3D9EA861EF35,66.0,+2021-00-00T00:00:00Z,Q126684906,"[""Итоги Всероссийской переписи населения 2020 года (по состоянию на 1 октября 2021 года)""]",True,year_only_dated_secondary_claim
Q2024273,2002,Q2024273$4F03B627-04C5-48D2-B9D1-5165F5FBA820,151.0,+2002-00-00T00:00:00Z,Q46574459,"[""Данные Всероссийской переписи населения 2002 года: таблица № 02c. Численность населения и преобладающая национальность по каждому сельскому населённому пункту.""]",True,year_only_dated_secondary_claim
Q2024273,2010,Q2024273$BFD14052-33C6-459C-AE2F-0EE48F1274D9,93.0,+2010-00-00T00:00:00Z,,[],False,year_only_dated_secondary_claim
Q2024273,2021,Q2024273$27194c46-4aab-90dd-43c7-96d525ab04b8,64.0,+2021-00-00T00:00:00Z,,[],False,year_only_dated_secondary_claim
Q4297820,2002,Q4297820$985DE102-2492-4884-BE95-A25F98B59143,26.0,+2002-00-00T00:00:00Z,Q46574459,"[""Данные Всероссийской переписи населения 2002 года: таблица № 02c. Численность населения и преобладающая национальность по каждому сельскому населённому пункту.""]",True,year_only_dated_secondary_claim
Q4297820,2010,Q4297820$7A95CD7B-76BD-4350-9FB6-4582DB7FB639,27.0,+2010-00-00T00:00:00Z,Q127271490,"[""Численность сельского населения и его размещение на территории Московской области (итоги Всероссийской переписи населения 2010 года). Том III""]",True,year_only_dated_secondary_claim
Q4297820,2021,Q4297820$69090560-2DA5-4868-A0B9-8C7FDEAC1E5E,63.0,+2021-00-00T00:00:00Z,Q131520537,"[""База данных «Этно-языковой состав населённых пунктов России. Перепись 2020/21 года». Московская область""]",True,year_only_dated_secondary_claim
Q25612689,2002,Q25612689$B151FE83-59C1-4407-B0D7-738243AED269,84.0,+2002-00-00T00:00:00Z,Q46574459,"[""Данные Всероссийской переписи населения 2002 года: таблица № 02c. Численность населения и преобладающая национальность по каждому сельскому населённому пункту.""]",True,year_only_dated_secondary_claim
Q25612689,2010,Q25612689$0C0A0D63-E7C3-41F1-B624-437575B2DC8D,65.0,+2010-00-00T00:00:00Z,Q128032147,"[""Всероссийская перепись населения 2010 года. Численность и размещение населения Свердловской области""]",True,year_only_dated_secondary_claim
Q25612689,2021,Q25612689$9A94FBE6-AC2D-45EE-9D78-27172D4E28A2,62.0,+2021-00-00T00:00:00Z,Q131711677,"[""База данных «Этно-языковой состав населённых пунктов России. Перепись 2020/21 года». Свердловская область""]",True,year_only_dated_secondary_claim
Q19847732,2002,Q19847732$E034DA7C-C935-4965-AF9F-3CEB44C893E3,22.0,+2002-00-00T00:00:00Z,,[],False,year_only_dated_secondary_claim
Q19847732,2010,Q19847732$E3136070-6C4C-4828-B947-27BD7AA05EB6,23.0,+2010-00-00T00:00:00Z,Q129261323,"[""Всероссийская перепись населения 2010 года. Численность населения по населённым пунктам Владимирской области""]",True,year_only_dated_secondary_claim
Q19847732,2021,Q19847732$48CB2D98-FBD5-4DF6-A1BE-93390F87BDD7,62.0,+2021-00-00T00:00:00Z,Q129261340,"[""Итоги Всероссийской переписи населения 2020 года. Том 1 - Численность и размещение населения Владимирской области""]",True,year_only_dated_secondary_claim
Q18797911,2002,Q18797911$63598558-56F4-4CD4-93EA-04C76AE006FE,32.0,+2002-00-00T00:00:00Z,Q46574459,"[""Данные Всероссийской переписи населения 2002 года: таблица № 02c. Численность населения и преобладающая национальность по каждому сельскому населённому пункту.""]",True,year_only_dated_secondary_claim
Q18797911,2010,Q18797911$7444F05E-DA51-4834-A48C-8181BE70DB24,36.0,+2010-00-00T00:00:00Z,Q127271490,"[""Численность сельского населения и его размещение на территории Московской области (итоги Всероссийской переписи населения 2010 года). Том III""]",True,year_only_dated_secondary_claim
Q18797911,2021,Q18797911$14888DCC-07D3-4E46-ACF9-0CDB87E166B0,62.0,+2021-00-00T00:00:00Z,Q131520537,"[""База данных «Этно-языковой состав населённых пунктов России. Перепись 2020/21 года». Московская область""]",True,year_only_dated_secondary_claim
Q27546214,2002,Q27546214$FBA48C6C-EF7F-4F5B-A6EE-355FEA03D251,65.0,+2002-00-00T00:00:00Z,,[],False,year_only_dated_secondary_claim
Q27546214,2010,Q27546214$52CE48AE-2398-4994-965C-710E0818E973,67.0,+2010-00-00T00:00:00Z,Q129261323,"[""Всероссийская перепись населения 2010 года. Численность населения по населённым пунктам Владимирской области""]",True,year_only_dated_secondary_claim
Q27546214,2021,Q27546214$F99F7965-5E05-4FE3-9570-17E56297F339,61.0,+2021-00-00T00:00:00Z,Q129261340,"[""Итоги Всероссийской переписи населения 2020 года. Том 1 - Численность и размещение населения Владимирской области""]",True,year_only_dated_secondary_claim
Q17024329,2002,Q17024329$8C9020AA-DAA8-4411-AA53-246D0F8C4B80,98.0,+2002-00-00T00:00:00Z,Q46574459,"[""Данные Всероссийской переписи населения 2002 года: таблица № 02c. Численность населения и преобладающая национальность по каждому сельскому населённому пункту.""]",True,year_only_dated_secondary_claim
Q17024329,2010,Q17024329$006ADCEC-69BC-4C91-B21A-20A642D6F948,89.0,+2010-00-00T00:00:00Z,Q128032147,"[""Всероссийская перепись населения 2010 года. Численность и размещение населения Свердловской области""]",True,year_only_dated_secondary_claim
Q17024329,2021,Q17024329$9FD6D039-FDB2-4516-A5A9-BD9B4D41FA3B,60.0,+2021-00-00T00:00:00Z,Q131711677,"[""База данных «Этно-языковой состав населённых пунктов России. Перепись 2020/21 года». Свердловская область""]",True,year_only_dated_secondary_claim
Q19887007,2002,Q19887007$DA91D3B0-1D64-4096-9575-B1A64E8089A9,123.0,+2002-00-00T00:00:00Z,,[],False,year_only_dated_secondary_claim
Q19887007,2010,Q19887007$5400E8A1-B032-4C11-AA42-BC079B7EA8CE,57.0,+2010-00-00T00:00:00Z,Q129261323,"[""Всероссийская перепись населения 2010 года. Численность населения по населённым пунктам Владимирской области""]",True,year_only_dated_secondary_claim
Q19887007,2021,Q19887007$8F042DC8-6F47-4DC6-B44B-563821302221,60.0,+2021-00-00T00:00:00Z,Q129261340,"[""Итоги Всероссийской переписи населения 2020 года. Том 1 - Численность и размещение населения Владимирской области""]",True,year_only_dated_secondary_claim
Q16020356,2002,Q16020356$E83EE59A-9118-4B6A-A4E2-663234791C22,84.0,+2002-00-00T00:00:00Z,Q46574459,"[""Данные Всероссийской переписи населения 2002 года: таблица № 02c. Численность населения и преобладающая национальность по каждому сельскому населённому пункту.""]",True,year_only_dated_secondary_claim
Q16020356,2010,Q16020356$4D4B778C-7961-4BFF-AE1A-F0203189462F,60.0,+2010-00-00T00:00:00Z,,[],False,year_only_dated_secondary_claim
Q16020356,2021,Q16020356$13320da9-4802-4b7a-4965-d1047d225e1b,60.0,+2021-00-00T00:00:00Z,,[],False,year_only_dated_secondary_claim
Q4187275,2002,Q4187275$C418C72B-740E-4672-8D97-0D0C0BC975E3,131.0,+2002-00-00T00:00:00Z,Q46574459,"[""Данные Всероссийской переписи населения 2002 года: таблица № 02c. Численность населения и преобладающая национальность по каждому сельскому населённому пункту.""]",True,year_only_dated_secondary_claim
Q4187275,2010,Q4187275$0795DD02-E328-4F05-AE56-611E5A664A77,95.0,+2010-00-00T00:00:00Z,Q127687500,"[""Всероссийская перепись населения 2010 года. Сахалинская область. Численность населения городских округов, муниципальных районов, городских и сельских поселений, городских населённых пунктов, сельских населённых пунктов""]",True,year_only_dated_secondary_claim
Q4187275,2021,Q4187275$63C79AA9-7DF7-41BA-89C8-AA2887F1D773,59.0,+2021-00-00T00:00:00Z,Q127687505,"[""Итоги Всероссийской переписи населения 2020 года по Сахалинской области""]",True,year_only_dated_secondary_claim
Q18400974,2002,Q18400974$9483F0A3-227D-40D9-9E7A-7F3A0C52D34D,116.0,+2002-00-00T00:00:00Z,Q126945916,"[""Численность населения Кабардино-Балкарской Республики по сельским населённым пунктам по итогам ВПН-2002""]",False,year_only_dated_secondary_claim
Q18400974,2010,Q18400974$47302B55-80F6-470E-880D-0FADF7803B27,65.0,+2010-00-00T00:00:00Z,Q126945966,"[""Численность населения КБР в разрезе населённых пунктов по итогам Всероссийской переписи населения 2010 года""]",True,year_only_dated_secondary_claim
Q18400974,2021,Q18400974$045D8110-DA4A-4025-81B8-02C4A4B279DD,59.0,+2021-00-00T00:00:00Z,Q126684906,"[""Итоги Всероссийской переписи населения 2020 года (по состоянию на 1 октября 2021 года)""]",True,year_only_dated_secondary_claim
Q22343759,2002,Q22343759$CCC9B16E-8B20-4A3D-9440-D82DE3DF2B0C,109.0,+2002-00-00T00:00:00Z,,[],False,year_only_dated_secondary_claim
Q22343759,2010,Q22343759$E36ECF5F-48F7-433D-B0E0-168CB1AD8C68,248.0,+2010-00-00T00:00:00Z,Q126773691,"[""Всероссийская перепись населения 2010 года. Таблица № 11. Численность населения городских округов, муниципальных районов, городских и сельских поселений, городских и сельских населённых пунктов Республики Дагестан""]",True,year_only_dated_secondary_claim
Q22343759,2021,Q22343759$c8f0551c-4848-11d3-37b9-499707d0e324,58.0,+2021-00-00T00:00:00Z,,[],False,year_only_dated_secondary_claim
Q18408576,2002,Q18408576$001A4C50-D350-4DC0-AE40-A0B3A8D74B9D,151.0,+2002-00-00T00:00:00Z,Q126945916,"[""Численность населения Кабардино-Балкарской Республики по сельским населённым пунктам по итогам ВПН-2002""]",False,year_only_dated_secondary_claim
Q18408576,2010,Q18408576$89BBC2AC-36A8-4150-AAFD-FB3500368E7B,85.0,+2010-00-00T00:00:00Z,Q126945966,"[""Численность населения КБР в разрезе населённых пунктов по итогам Всероссийской переписи населения 2010 года""]",True,year_only_dated_secondary_claim
Q18408576,2021,Q18408576$D052C7E0-DF2A-4723-B451-92B309E77DFC,56.0,+2021-00-00T00:00:00Z,Q126684906,"[""Итоги Всероссийской переписи населения 2020 года (по состоянию на 1 октября 2021 года)""]",True,year_only_dated_secondary_claim
Q18804457,2002,Q18804457$AD1AB252-1A52-4478-A183-BFE3E4F34B52,14.0,+2002-00-00T00:00:00Z,Q46574459,"[""Данные Всероссийской переписи населения 2002 года: таблица № 02c. Численность населения и преобладающая национальность по каждому сельскому населённому пункту.""]",True,year_only_dated_secondary_claim
Q18804457,2010,Q18804457$1BD9F07C-1AE8-47B2-97D9-5B4B97F41E30,8.0,+2010-00-00T00:00:00Z,Q127271490,"[""Численность сельского населения и его размещение на территории Московской области (итоги Всероссийской переписи населения 2010 года). Том III""]",True,year_only_dated_secondary_claim
Q18804457,2021,Q18804457$2AC20F38-17D9-4AF5-851D-51A389FEE40E,56.0,+2021-00-00T00:00:00Z,Q131520537,"[""База данных «Этно-языковой состав населённых пунктов России. Перепись 2020/21 года». Московская область""]",True,year_only_dated_secondary_claim
Q23835826,2002,Q23835826$EEE4A2A0-7BEE-4B50-9EBC-2572536B1A95,66.0,+2002-00-00T00:00:00Z,,[],False,year_only_dated_secondary_claim
Q23835826,2010,Q23835826$1D9A791A-C24C-4C47-B05D-5A6F9080A3BF,74.0,+2010-00-00T00:00:00Z,Q126773691,"[""Всероссийская перепись населения 2010 года. Таблица № 11. Численность населения городских округов, муниципальных районов, городских и сельских поселений, городских и сельских населённых пунктов Республики Дагестан""]",True,year_only_dated_secondary_claim
Q23835826,2021,Q23835826$5b57adfc-4650-baab-ca3c-894d3a89e375,55.0,+2021-00-00T00:00:00Z,,[],False,year_only_dated_secondary_claim
Q112734502,2002,Q112734502$EADF3939-770F-437D-BBAE-6CA682853B57,16.0,+2002-00-00T00:00:00Z,Q46574459,"[""Данные Всероссийской переписи населения 2002 года: таблица № 02c. Численность населения и преобладающая национальность по каждому сельскому населённому пункту.""]",True,year_only_dated_secondary_claim
Q112734502,2010,Q112734502$B056E822-E569-440D-AAB1-7873DA376408,14.0,+2010-00-00T00:00:00Z,Q127271490,"[""Численность сельского населения и его размещение на территории Московской области (итоги Всероссийской переписи населения 2010 года). Том III""]",True,year_only_dated_secondary_claim
Q112734502,2021,Q112734502$9CEF5FDA-5958-4B63-91CA-1D564D9D1960,55.0,+2021-00-00T00:00:00Z,Q131520537,"[""База данных «Этно-языковой состав населённых пунктов России. Перепись 2020/21 года». Московская область""]",True,year_only_dated_secondary_claim
Q15255308,2002,Q15255308$E3A9B932-DF85-40FB-883E-21530C9C3806,408.0,+2002-00-00T00:00:00Z,Q46574459,"[""Данные Всероссийской переписи населения 2002 года: таблица № 02c. Численность населения и преобладающая национальность по каждому сельскому населённому пункту.""]",True,year_only_dated_secondary_claim
Q15255308,2010,Q15255308$6F53D124-C969-4A85-BFC7-2A5D0B2EE0EA,92.0,+2010-00-00T00:00:00Z,Q127433118,"[""Приморский край. Всероссийская перепись населения 2010 года (по состоянию на 14 октября 2010 года)""]",True,year_only_dated_secondary_claim
Q15255308,2021,Q15255308$6577BC48-34FD-44D7-997B-AD2CA6BB477D,54.0,+2021-00-00T00:00:00Z,Q126684906,"[""Итоги Всероссийской переписи населения 2020 года (по состоянию на 1 октября 2021 года)""]",True,year_only_dated_secondary_claim
Q15276283,2002,Q15276283$28F543F7-D769-4233-9F4E-941D33A32790,57.0,+2002-00-00T00:00:00Z,Q46574459,"[""Данные Всероссийской переписи населения 2002 года: таблица № 02c. Численность населения и преобладающая национальность по каждому сельскому населённому пункту.""]",True,year_only_dated_secondary_claim
Q15276283,2010,Q15276283$146AED51-F74A-499F-BD6E-389C8C9EECAB,36.0,+2010-00-00T00:00:00Z,Q128032147,"[""Всероссийская перепись населения 2010 года. Численность и размещение населения Свердловской области""]",True,year_only_dated_secondary_claim
Q15276283,2021,Q15276283$657F1A8C-6C61-4BC5-8B40-50830DCBA92A,54.0,+2021-00-00T00:00:00Z,Q131711677,"[""База данных «Этно-языковой состав населённых пунктов России. Перепись 2020/21 года». Свердловская область""]",True,year_only_dated_secondary_claim
Q28520716,2002,Q28520716$D25D0A5A-6090-4861-90C7-579C6E0B5022,89.0,+2002-00-00T00:00:00Z,Q128692818,"[""Всероссийская перепись населения 2010 года. Численность и размещение населения Томской области""]",False,year_only_dated_secondary_claim
Q28520716,2010,Q28520716$DC26CDAF-348C-46AB-8DED-358A42AB4179,72.0,+2010-00-00T00:00:00Z,Q128692818,"[""Всероссийская перепись населения 2010 года. Численность и размещение населения Томской области""]",True,year_only_dated_secondary_claim
Q28520716,2021,Q28520716$D671F82C-29B6-4860-AC8F-D25F623AFCF0,54.0,+2021-00-00T00:00:00Z,Q128692963,"[""Численность и размещение населения Томской области. Итоги Всероссийской переписи населения 2020 года""]",True,year_only_dated_secondary_claim
