official_source_record_id,region,official_name,official_type,official_district,official_population,regional_selected_typed_competitors,positive_county_candidate_count,reason,rival_source_records
ROSSTAT2010:T5:p169:l46,алтайский,Лебяжье,село,,5199.0,5.0,0.0,actual_printed_county_not_unique_or_unavailable,"[{""source_record_id"": ""2010:008_342f3c208b_16._20Сиб_ФО_2010.xls:Sib:1594"", ""source_row"": 1594, ""name"": ""Лебяжье"", ""type"": ""село"", ""raw_literal_county"": """", ""actual_county_anchor"": null, ""population"": 5187}, {""source_record_id"": ""2010:008_342f3c208b_16._20Сиб_ФО_2010.xls:Sib:212"", ""source_row"": 212, ""name"": ""Лебяжье"", ""type"": ""село"", ""raw_literal_county"": """", ""actual_county_anchor"": null, ""population"": 1287}, {""source_record_id"": ""2010:008_342f3c208b_16._20Сиб_ФО_2010.xls:Sib:487"", ""source_row"": 487, ""name"": ""Лебяжье"", ""type"": ""село"", ""raw_literal_county"": """", ""actual_county_anchor"": null, ""population"": 293}, {""source_record_id"": ""2010:008_342f3c208b_16._20Сиб_ФО_2010.xls:Sib:741"", ""source_row"": 741, ""name"": ""Лебяжье"", ""type"": ""село"", ""raw_literal_county"": """", ""actual_county_anchor"": null, ""population"": 1005}, {""source_record_id"": ""2010:008_342f3c208b_16._20Сиб_ФО_2010.xls:Sib:834"", ""source_row"": 834, ""name"": ""Лебяжье"", ""type"": ""село"", ""raw_literal_county"": """", ""actual_county_anchor"": null, ""population"": 256}]"
ROSSTAT2010:T5:p169:l54,алтайский,Нагорный,поселок,,7542.0,3.0,0.0,actual_printed_county_not_unique_or_unavailable,"[{""source_record_id"": ""2010:008_342f3c208b_16._20Сиб_ФО_2010.xls:Sib:1246"", ""source_row"": 1246, ""name"": ""Нагорный"", ""type"": ""посёлок"", ""raw_literal_county"": """", ""actual_county_anchor"": null, ""population"": 14}, {""source_record_id"": ""2010:008_342f3c208b_16._20Сиб_ФО_2010.xls:Sib:1615"", ""source_row"": 1615, ""name"": ""Нагорный"", ""type"": ""посёлок"", ""raw_literal_county"": """", ""actual_county_anchor"": null, ""population"": 7545}, {""source_record_id"": ""2010:008_342f3c208b_16._20Сиб_ФО_2010.xls:Sib:751"", ""source_row"": 751, ""name"": ""Нагорный"", ""type"": ""посёлок"", ""raw_literal_county"": """", ""actual_county_anchor"": null, ""population"": 71}]"
ROSSTAT2010:T5:p170:l18,алтайский,Сибирский,поселок,,11306.0,2.0,0.0,actual_printed_county_not_unique_or_unavailable,"[{""source_record_id"": ""2010:008_342f3c208b_16._20Сиб_ФО_2010.xls:Sib:1626"", ""source_row"": 1626, ""name"": ""Сибирский"", ""type"": ""посёлок"", ""raw_literal_county"": """", ""actual_county_anchor"": null, ""population"": 8786}, {""source_record_id"": ""2010:008_342f3c208b_16._20Сиб_ФО_2010.xls:Sib:836"", ""source_row"": 836, ""name"": ""Сибирский"", ""type"": ""посёлок"", ""raw_literal_county"": """", ""actual_county_anchor"": null, ""population"": 1769}]"
ROSSTAT2010:T5:p170:l21,алтайский,Алтайское,село,Алтайский район,13713.0,2.0,0.0,actual_printed_county_not_unique_or_unavailable,"[{""source_record_id"": ""2010:008_342f3c208b_16._20Сиб_ФО_2010.xls:Sib:1158"", ""source_row"": 1158, ""name"": ""Алтайское"", ""type"": ""село"", ""raw_literal_county"": """", ""actual_county_anchor"": null, ""population"": 1387}, {""source_record_id"": ""2010:008_342f3c208b_16._20Сиб_ФО_2010.xls:Sib:55"", ""source_row"": 55, ""name"": ""Алтайское"", ""type"": ""село"", ""raw_literal_county"": """", ""actual_county_anchor"": null, ""population"": 13605}]"
ROSSTAT2010:T5:p170:l27,алтайский,Первомайское,село,Бийский район,5303.0,5.0,0.0,actual_printed_county_not_unique_or_unavailable,"[{""source_record_id"": ""2010:008_342f3c208b_16._20Сиб_ФО_2010.xls:Sib:1041"", ""source_row"": 1041, ""name"": ""Первомайское"", ""type"": ""село"", ""raw_literal_county"": """", ""actual_county_anchor"": null, ""population"": 434}, {""source_record_id"": ""2010:008_342f3c208b_16._20Сиб_ФО_2010.xls:Sib:112"", ""source_row"": 112, ""name"": ""Первомайское"", ""type"": ""село"", ""raw_literal_county"": """", ""actual_county_anchor"": null, ""population"": 5300}, {""source_record_id"": ""2010:008_342f3c208b_16._20Сиб_ФО_2010.xls:Sib:162"", ""source_row"": 162, ""name"": ""Первомайское"", ""type"": ""село"", ""raw_literal_county"": """", ""actual_county_anchor"": null, ""population"": 193}, {""source_record_id"": ""2010:008_342f3c208b_16._20Сиб_ФО_2010.xls:Sib:221"", ""source_row"": 221, ""name"": ""Первомайское"", ""type"": ""село"", ""raw_literal_county"": """", ""actual_county_anchor"": null, ""population"": 844}, {""source_record_id"": ""2010:008_342f3c208b_16._20Сиб_ФО_2010.xls:Sib:822"", ""source_row"": 822, ""name"": ""Первомайское"", ""type"": ""село"", ""raw_literal_county"": """", ""actual_county_anchor"": null, ""population"": 4755}]"
ROSSTAT2010:T5:p170:l49,алтайский,Ельцовка,село,Ельцовский район,2861.0,4.0,0.0,actual_printed_county_not_unique_or_unavailable,"[{""source_record_id"": ""2010:008_342f3c208b_16._20Сиб_ФО_2010.xls:Sib:1315"", ""source_row"": 1315, ""name"": ""Ельцовка"", ""type"": ""село"", ""raw_literal_county"": """", ""actual_county_anchor"": null, ""population"": 662}, {""source_record_id"": ""2010:008_342f3c208b_16._20Сиб_ФО_2010.xls:Sib:1385"", ""source_row"": 1385, ""name"": ""Ельцовка"", ""type"": ""село"", ""raw_literal_county"": """", ""actual_county_anchor"": null, ""population"": 196}, {""source_record_id"": ""2010:008_342f3c208b_16._20Сиб_ФО_2010.xls:Sib:1527"", ""source_row"": 1527, ""name"": ""Ельцовка"", ""type"": ""село"", ""raw_literal_county"": """", ""actual_county_anchor"": null, ""population"": 644}, {""source_record_id"": ""2010:008_342f3c208b_16._20Сиб_ФО_2010.xls:Sib:231"", ""source_row"": 231, ""name"": ""Ельцовка"", ""type"": ""село"", ""raw_literal_county"": """", ""actual_county_anchor"": null, ""population"": 2863}]"
ROSSTAT2010:T5:p171:l13,алтайский,Соколово,село,Зональный район,3181.0,2.0,0.0,actual_printed_county_not_unique_or_unavailable,"[{""source_record_id"": ""2010:008_342f3c208b_16._20Сиб_ФО_2010.xls:Sib:411"", ""source_row"": 411, ""name"": ""Соколово"", ""type"": ""село"", ""raw_literal_county"": """", ""actual_county_anchor"": null, ""population"": 6}, {""source_record_id"": ""2010:008_342f3c208b_16._20Сиб_ФО_2010.xls:Sib:722"", ""source_row"": 722, ""name"": ""Соколово"", ""type"": ""село"", ""raw_literal_county"": """", ""actual_county_anchor"": null, ""population"": 3176}]"
ROSSTAT2010:T5:p171:l21,алтайский,Ключи,село,Ключевский район,8892.0,4.0,0.0,actual_printed_county_not_unique_or_unavailable,"[{""source_record_id"": ""2010:008_342f3c208b_16._20Сиб_ФО_2010.xls:Sib:124"", ""source_row"": 124, ""name"": ""Ключи"", ""type"": ""село"", ""raw_literal_county"": """", ""actual_county_anchor"": null, ""population"": 325}, {""source_record_id"": ""2010:008_342f3c208b_16._20Сиб_ФО_2010.xls:Sib:1345"", ""source_row"": 1345, ""name"": ""Ключи"", ""type"": ""село"", ""raw_literal_county"": """", ""actual_county_anchor"": null, ""population"": 542}, {""source_record_id"": ""2010:008_342f3c208b_16._20Сиб_ФО_2010.xls:Sib:409"", ""source_row"": 409, ""name"": ""Ключи"", ""type"": ""село"", ""raw_literal_county"": """", ""actual_county_anchor"": null, ""population"": 93}, {""source_record_id"": ""2010:008_342f3c208b_16._20Сиб_ФО_2010.xls:Sib:424"", ""source_row"": 424, ""name"": ""Ключи"", ""type"": ""село"", ""raw_literal_county"": """", ""actual_county_anchor"": null, ""population"": 8820}]"
ROSSTAT2010:T5:p171:l40,алтайский,Курья,село,Курьинский район,3835.0,2.0,0.0,actual_printed_county_not_unique_or_unavailable,"[{""source_record_id"": ""2010:008_342f3c208b_16._20Сиб_ФО_2010.xls:Sib:591"", ""source_row"": 591, ""name"": ""Курья"", ""type"": ""село"", ""raw_literal_county"": """", ""actual_county_anchor"": null, ""population"": 3833}, {""source_record_id"": ""2010:008_342f3c208b_16._20Сиб_ФО_2010.xls:Sib:614"", ""source_row"": 614, ""name"": ""Курья"", ""type"": ""село"", ""raw_literal_county"": """", ""actual_county_anchor"": null, ""population"": 145}]"
ROSSTAT2010:T5:p172:l22,алтайский,Берѐзовка,село,Первомайский район,4588.0,6.0,0.0,actual_printed_county_not_unique_or_unavailable,"[{""source_record_id"": ""2010:008_342f3c208b_16._20Сиб_ФО_2010.xls:Sib:1083"", ""source_row"": 1083, ""name"": ""Берёзовка"", ""type"": ""село"", ""raw_literal_county"": """", ""actual_county_anchor"": null, ""population"": 712}, {""source_record_id"": ""2010:008_342f3c208b_16._20Сиб_ФО_2010.xls:Sib:1338"", ""source_row"": 1338, ""name"": ""Берёзовка"", ""type"": ""село"", ""raw_literal_county"": """", ""actual_county_anchor"": null, ""population"": 696}, {""source_record_id"": ""2010:008_342f3c208b_16._20Сиб_ФО_2010.xls:Sib:1481"", ""source_row"": 1481, ""name"": ""Берёзовка"", ""type"": ""село"", ""raw_literal_county"": """", ""actual_county_anchor"": null, ""population"": 718}, {""source_record_id"": ""2010:008_342f3c208b_16._20Сиб_ФО_2010.xls:Sib:464"", ""source_row"": 464, ""name"": ""Берёзовка"", ""type"": ""село"", ""raw_literal_county"": """", ""actual_county_anchor"": null, ""population"": 1187}, {""source_record_id"": ""2010:008_342f3c208b_16._20Сиб_ФО_2010.xls:Sib:501"", ""source_row"": 501, ""name"": ""Берёзовка"", ""type"": ""село"", ""raw_literal_county"": """", ""actual_county_anchor"": null, ""population"": 1476}, {""source_record_id"": ""2010:008_342f3c208b_16._20Сиб_ФО_2010.xls:Sib:799"", ""source_row"": 799, ""name"": ""Берёзовка"", ""type"": ""село"", ""raw_literal_county"": """", ""actual_county_anchor"": null, ""population"": 4588}]"
ROSSTAT2010:T5:p172:l23,алтайский,Бобровка,село,Первомайский район,3079.0,2.0,0.0,actual_printed_county_not_unique_or_unavailable,"[{""source_record_id"": ""2010:008_342f3c208b_16._20Сиб_ФО_2010.xls:Sib:1516"", ""source_row"": 1516, ""name"": ""Бобровка"", ""type"": ""село"", ""raw_literal_county"": """", ""actual_county_anchor"": null, ""population"": 873}, {""source_record_id"": ""2010:008_342f3c208b_16._20Сиб_ФО_2010.xls:Sib:803"", ""source_row"": 803, ""name"": ""Бобровка"", ""type"": ""село"", ""raw_literal_county"": """", ""actual_county_anchor"": null, ""population"": 3080}]"
ROSSTAT2010:T5:p172:l26,алтайский,Первомайское,село,Первомайский район,4796.0,5.0,0.0,actual_printed_county_not_unique_or_unavailable,"[{""source_record_id"": ""2010:008_342f3c208b_16._20Сиб_ФО_2010.xls:Sib:1041"", ""source_row"": 1041, ""name"": ""Первомайское"", ""type"": ""село"", ""raw_literal_county"": """", ""actual_county_anchor"": null, ""population"": 434}, {""source_record_id"": ""2010:008_342f3c208b_16._20Сиб_ФО_2010.xls:Sib:112"", ""source_row"": 112, ""name"": ""Первомайское"", ""type"": ""село"", ""raw_literal_county"": """", ""actual_county_anchor"": null, ""population"": 5300}, {""source_record_id"": ""2010:008_342f3c208b_16._20Сиб_ФО_2010.xls:Sib:162"", ""source_row"": 162, ""name"": ""Первомайское"", ""type"": ""село"", ""raw_literal_county"": """", ""actual_county_anchor"": null, ""population"": 193}, {""source_record_id"": ""2010:008_342f3c208b_16._20Сиб_ФО_2010.xls:Sib:221"", ""source_row"": 221, ""name"": ""Первомайское"", ""type"": ""село"", ""raw_literal_county"": """", ""actual_county_anchor"": null, ""population"": 844}, {""source_record_id"": ""2010:008_342f3c208b_16._20Сиб_ФО_2010.xls:Sib:822"", ""source_row"": 822, ""name"": ""Первомайское"", ""type"": ""село"", ""raw_literal_county"": """", ""actual_county_anchor"": null, ""population"": 4755}]"
ROSSTAT2010:T5:p172:l39,алтайский,Родино,село,Родинский район,8597.0,2.0,0.0,actual_printed_county_not_unique_or_unavailable,"[{""source_record_id"": ""2010:008_342f3c208b_16._20Сиб_ФО_2010.xls:Sib:1551"", ""source_row"": 1551, ""name"": ""Родино"", ""type"": ""село"", ""raw_literal_county"": """", ""actual_county_anchor"": null, ""population"": 1307}, {""source_record_id"": ""2010:008_342f3c208b_16._20Сиб_ФО_2010.xls:Sib:922"", ""source_row"": 922, ""name"": ""Родино"", ""type"": ""село"", ""raw_literal_county"": """", ""actual_county_anchor"": null, ""population"": 8559}]"
ROSSTAT2010:T5:p172:l42,алтайский,Романово,село,Романовский район,5624.0,4.0,0.0,actual_printed_county_not_unique_or_unavailable,"[{""source_record_id"": ""2010:008_342f3c208b_16._20Сиб_ФО_2010.xls:Sib:1405"", ""source_row"": 1405, ""name"": ""Романово"", ""type"": ""село"", ""raw_literal_county"": """", ""actual_county_anchor"": null, ""population"": 175}, {""source_record_id"": ""2010:008_342f3c208b_16._20Сиб_ФО_2010.xls:Sib:462"", ""source_row"": 462, ""name"": ""Романово"", ""type"": ""село"", ""raw_literal_county"": """", ""actual_county_anchor"": null, ""population"": 270}, {""source_record_id"": ""2010:008_342f3c208b_16._20Сиб_ФО_2010.xls:Sib:786"", ""source_row"": 786, ""name"": ""Романово"", ""type"": ""село"", ""raw_literal_county"": """", ""actual_county_anchor"": null, ""population"": 510}, {""source_record_id"": ""2010:008_342f3c208b_16._20Сиб_ФО_2010.xls:Sib:942"", ""source_row"": 942, ""name"": ""Романово"", ""type"": ""село"", ""raw_literal_county"": """", ""actual_county_anchor"": null, ""population"": 5595}]"
ROSSTAT2010:T5:p173:l23,алтайский,Озѐрки,село,Тальменский район,5082.0,2.0,0.0,actual_printed_county_not_unique_or_unavailable,"[{""source_record_id"": ""2010:008_342f3c208b_16._20Сиб_ФО_2010.xls:Sib:1214"", ""source_row"": 1214, ""name"": ""Озёрки"", ""type"": ""село"", ""raw_literal_county"": """", ""actual_county_anchor"": null, ""population"": 4986}, {""source_record_id"": ""2010:008_342f3c208b_16._20Сиб_ФО_2010.xls:Sib:1501"", ""source_row"": 1501, ""name"": ""Озёрки"", ""type"": ""село"", ""raw_literal_county"": """", ""actual_county_anchor"": null, ""population"": 110}]"
ROSSTAT2010:T5:p173:l35,алтайский,Троицкое,село,Троицкий район,10033.0,2.0,0.0,actual_printed_county_not_unique_or_unavailable,"[{""source_record_id"": ""2010:008_342f3c208b_16._20Сиб_ФО_2010.xls:Sib:1332"", ""source_row"": 1332, ""name"": ""Троицкое"", ""type"": ""село"", ""raw_literal_county"": """", ""actual_county_anchor"": null, ""population"": 9629}, {""source_record_id"": ""2010:008_342f3c208b_16._20Сиб_ФО_2010.xls:Sib:1420"", ""source_row"": 1420, ""name"": ""Троицкое"", ""type"": ""село"", ""raw_literal_county"": """", ""actual_county_anchor"": null, ""population"": 504}]"
ROSSTAT2010:T5:p174:l8,алтайский,Чарышское,село,Чарышский район,3217.0,2.0,0.0,actual_printed_county_not_unique_or_unavailable,"[{""source_record_id"": ""2010:008_342f3c208b_16._20Сиб_ФО_2010.xls:Sib:1400"", ""source_row"": 1400, ""name"": ""Чарышское"", ""type"": ""село"", ""raw_literal_county"": """", ""actual_county_anchor"": null, ""population"": 1313}, {""source_record_id"": ""2010:008_342f3c208b_16._20Сиб_ФО_2010.xls:Sib:1512"", ""source_row"": 1512, ""name"": ""Чарышское"", ""type"": ""село"", ""raw_literal_county"": """", ""actual_county_anchor"": null, ""population"": 3220}]"
ROSSTAT2010:T5:p174:l14,алтайский,Шипуново,село,Шипуновский район,12127.0,2.0,0.0,actual_printed_county_not_unique_or_unavailable,"[{""source_record_id"": ""2010:008_342f3c208b_16._20Сиб_ФО_2010.xls:Sib:1553"", ""source_row"": 1553, ""name"": ""Шипуново"", ""type"": ""село"", ""raw_literal_county"": """", ""actual_county_anchor"": null, ""population"": 1025}, {""source_record_id"": ""2010:008_342f3c208b_16._20Сиб_ФО_2010.xls:Sib:1562"", ""source_row"": 1562, ""name"": ""Шипуново"", ""type"": ""село"", ""raw_literal_county"": """", ""actual_county_anchor"": null, ""population"": 10423}]"
ROSSTAT2010:T5:p206:l11,амурская,Ивановка,село,Ивановский район,6617.0,3.0,0.0,actual_printed_county_not_unique_or_unavailable,"[{""source_record_id"": ""2010:009_81f8a0e73c_17._20ДВ_ФО_2010.xls:ДВ:1283"", ""source_row"": 1283, ""name"": ""Ивановка"", ""type"": ""село"", ""raw_literal_county"": ""архаринский"", ""actual_county_anchor"": {""source_row"": 1132, ""source_cell_column_zero_based"": 3, ""literal_county_caption"": ""Архаринский район"", ""normalized_county"": ""архаринский"", ""raw_cells"": [1127.0, ""Амурская область"", ""Амурская область"", ""Архаринский район"", ""пгт  Архара"", 9463.0, """", """", """", """", """", """"]}, ""population"": 246}, {""source_record_id"": ""2010:009_81f8a0e73c_17._20ДВ_ФО_2010.xls:ДВ:1301"", ""source_row"": 1301, ""name"": ""Ивановка"", ""type"": ""село"", ""raw_literal_county"": ""архаринский"", ""actual_county_anchor"": {""source_row"": 1132, ""source_cell_column_zero_based"": 3, ""literal_county_caption"": ""Архаринский район"", ""normalized_county"": ""архаринский"", ""raw_cells"": [1127.0, ""Амурская область"", ""Амурская область"", ""Архаринский район"", ""пгт  Архара"", 9463.0, """", """", """", """", """", """"]}, ""population"": 503}, {""source_record_id"": ""2010:009_81f8a0e73c_17._20ДВ_ФО_2010.xls:ДВ:1333"", ""source_row"": 1333, ""name"": ""Ивановка"", ""type"": ""село"", ""raw_literal_county"": ""архаринский"", ""actual_county_anchor"": {""source_row"": 1132, ""source_cell_column_zero_based"": 3, ""literal_county_caption"": ""Архаринский район"", ""normalized_county"": ""архаринский"", ""raw_cells"": [1127.0, ""Амурская область"", ""Амурская область"", ""Архаринский район"", ""пгт  Архара"", 9463.0, """", """", """", """", """", """"]}, ""population"": 6576}]"
ROSSTAT2010:T5:p206:l12,амурская,Березовка,село,Ивановский район,3435.0,2.0,0.0,actual_printed_county_not_unique_or_unavailable,"[{""source_record_id"": ""2010:009_81f8a0e73c_17._20ДВ_ФО_2010.xls:ДВ:1305"", ""source_row"": 1305, ""name"": ""Березовка"", ""type"": ""село"", ""raw_literal_county"": ""архаринский"", ""actual_county_anchor"": {""source_row"": 1132, ""source_cell_column_zero_based"": 3, ""literal_county_caption"": ""Архаринский район"", ""normalized_county"": ""архаринский"", ""raw_cells"": [1127.0, ""Амурская область"", ""Амурская область"", ""Архаринский район"", ""пгт  Архара"", 9463.0, """", """", """", """", """", """"]}, ""population"": 160}, {""source_record_id"": ""2010:009_81f8a0e73c_17._20ДВ_ФО_2010.xls:ДВ:1329"", ""source_row"": 1329, ""name"": ""Березовка"", ""type"": ""село"", ""raw_literal_county"": ""архаринский"", ""actual_county_anchor"": {""source_row"": 1132, ""source_cell_column_zero_based"": 3, ""literal_county_caption"": ""Архаринский район"", ""normalized_county"": ""архаринский"", ""raw_cells"": [1127.0, ""Амурская область"", ""Амурская область"", ""Архаринский район"", ""пгт  Архара"", 9463.0, """", """", """", """", """", """"]}, ""population"": 3136}]"
ROSSTAT2010:T5:p82:l29,астраханская,Володарский,поселок,Володарский район,10005.0,1.0,0.0,actual_printed_county_not_unique_or_unavailable,"[{""source_record_id"": ""2010:004_486e984bdc_12._20Астр_Волгог_Ростов.xls:Южный:120"", ""source_row"": 120, ""name"": ""Володарский"", ""type"": ""посёлок"", ""raw_literal_county"": ""енотаевский"", ""actual_county_anchor"": {""source_row"": 120, ""source_cell_column_zero_based"": 3, ""literal_county_caption"": ""Енотаевский район"", ""normalized_county"": ""енотаевский"", ""raw_cells"": [114.0, """", ""Астраханская обл"", ""Енотаевский район"", ""Енотаевский район"", ""посёлок  "", ""поселок Володарский"", 9912.0, ""каз"", 58.746973365617436, """", """"]}, ""population"": 9912}]"
ROSSTAT2010:T5:p109:l45,башкортостан,Архангельское,село,Архангельский район,5819.0,2.0,0.0,actual_printed_county_not_unique_or_unavailable,"[{""source_record_id"": ""2010:017_68e0e4537e_9._20Basq_Mari_Mord_Tatar_Udm_Chuv_2010.xls:!!!:1613"", ""source_row"": 1613, ""name"": ""Архангельское"", ""type"": ""село"", ""raw_literal_county"": ""бураевский"", ""actual_county_anchor"": {""source_row"": 1429, ""source_cell_column_zero_based"": 3, ""literal_county_caption"": ""Бураевский"", ""normalized_county"": ""бураевский"", ""raw_cells"": [1424.0, """", ""Башкортостан"", ""Бураевский"", """", ""село Бураево"", 9518.0, ""тат"", 75.25740701828116, 285.0, 170.0, 2512.0]}, ""population"": 148}, {""source_record_id"": ""2010:017_68e0e4537e_9._20Basq_Mari_Mord_Tatar_Udm_Chuv_2010.xls:!!!:204"", ""source_row"": 204, ""name"": ""Архангельское"", ""type"": ""село"", ""raw_literal_county"": ""абзелиловский"", ""actual_county_anchor"": {""source_row"": 6, ""source_cell_column_zero_based"": 3, ""literal_county_caption"": ""Абзелиловский"", ""normalized_county"": ""абзелиловский"", ""raw_cells"": [1.0, ""Башкортостан"", ""Башкортостан"", ""Абзелиловский"", """", ""село Целинный"", 1401.0, """", """", 284.0, 248.0, 89.0]}, ""population"": 5802}]"
ROSSTAT2010:T5:p110:l45,башкортостан,Месягутово,село,Дуванский район,10883.0,2.0,0.0,actual_printed_county_not_unique_or_unavailable,"[{""source_record_id"": ""2010:017_68e0e4537e_9._20Basq_Mari_Mord_Tatar_Udm_Chuv_2010.xls:!!!:1748"", ""source_row"": 1748, ""name"": ""Месягутово"", ""type"": ""село"", ""raw_literal_county"": ""бураевский"", ""actual_county_anchor"": {""source_row"": 1429, ""source_cell_column_zero_based"": 3, ""literal_county_caption"": ""Бураевский"", ""normalized_county"": ""бураевский"", ""raw_cells"": [1424.0, """", ""Башкортостан"", ""Бураевский"", """", ""село Бураево"", 9518.0, ""тат"", 75.25740701828116, 285.0, 170.0, 2512.0]}, ""population"": 10870}, {""source_record_id"": ""2010:017_68e0e4537e_9._20Basq_Mari_Mord_Tatar_Udm_Chuv_2010.xls:!!!:4446"", ""source_row"": 4446, ""name"": ""Месягутово"", ""type"": ""село"", ""raw_literal_county"": ""бураевский"", ""actual_county_anchor"": {""source_row"": 1429, ""source_cell_column_zero_based"": 3, ""literal_county_caption"": ""Бураевский"", ""normalized_county"": ""бураевский"", ""raw_cells"": [1424.0, """", ""Башкортостан"", ""Бураевский"", """", ""село Бураево"", 9518.0, ""тат"", 75.25740701828116, 285.0, 170.0, 2512.0]}, ""population"": 178}]"
ROSSTAT2010:T5:p111:l24,башкортостан,Кармаскалы,село,Кармаскалинский район,8540.0,2.0,0.0,actual_printed_county_not_unique_or_unavailable,"[{""source_record_id"": ""2010:017_68e0e4537e_9._20Basq_Mari_Mord_Tatar_Udm_Chuv_2010.xls:!!!:2577"", ""source_row"": 2577, ""name"": ""Кармаскалы"", ""type"": ""село"", ""raw_literal_county"": ""бураевский"", ""actual_county_anchor"": {""source_row"": 1429, ""source_cell_column_zero_based"": 3, ""literal_county_caption"": ""Бураевский"", ""normalized_county"": ""бураевский"", ""raw_cells"": [1424.0, """", ""Башкортостан"", ""Бураевский"", """", ""село Бураево"", 9518.0, ""тат"", 75.25740701828116, 285.0, 170.0, 2512.0]}, ""population"": 8542}, {""source_record_id"": ""2010:017_68e0e4537e_9._20Basq_Mari_Mord_Tatar_Udm_Chuv_2010.xls:!!!:3545"", ""source_row"": 3545, ""name"": ""Кармаскалы"", ""type"": ""село"", ""raw_literal_county"": ""бураевский"", ""actual_county_anchor"": {""source_row"": 1429, ""source_cell_column_zero_based"": 3, ""literal_county_caption"": ""Бураевский"", ""normalized_county"": ""бураевский"", ""raw_cells"": [1424.0, """", ""Башкортостан"", ""Бураевский"", """", ""село Бураево"", 9518.0, ""тат"", 75.25740701828116, 285.0, 170.0, 2512.0]}, ""population"": 591}]"
ROSSTAT2010:T5:p111:l37,башкортостан,Мраково,село,Кугарчинский район,8690.0,2.0,0.0,actual_printed_county_not_unique_or_unavailable,"[{""source_record_id"": ""2010:017_68e0e4537e_9._20Basq_Mari_Mord_Tatar_Udm_Chuv_2010.xls:!!!:1594"", ""source_row"": 1594, ""name"": ""Мраково"", ""type"": ""село"", ""raw_literal_county"": ""бураевский"", ""actual_county_anchor"": {""source_row"": 1429, ""source_cell_column_zero_based"": 3, ""literal_county_caption"": ""Бураевский"", ""normalized_county"": ""бураевский"", ""raw_cells"": [1424.0, """", ""Башкортостан"", ""Бураевский"", """", ""село Бураево"", 9518.0, ""тат"", 75.25740701828116, 285.0, 170.0, 2512.0]}, ""population"": 635}, {""source_record_id"": ""2010:017_68e0e4537e_9._20Basq_Mari_Mord_Tatar_Udm_Chuv_2010.xls:!!!:2809"", ""source_row"": 2809, ""name"": ""Мраково"", ""type"": ""село"", ""raw_literal_county"": ""бураевский"", ""actual_county_anchor"": {""source_row"": 1429, ""source_cell_column_zero_based"": 3, ""literal_county_caption"": ""Бураевский"", ""normalized_county"": ""бураевский"", ""raw_cells"": [1424.0, """", ""Башкортостан"", ""Бураевский"", """", ""село Бураево"", 9518.0, ""тат"", 75.25740701828116, 285.0, 170.0, 2512.0]}, ""population"": 8691}]"
ROSSTAT2010:T5:p112:l29,башкортостан,Алексеевка,деревня,Уфимский район,4611.0,9.0,0.0,actual_printed_county_not_unique_or_unavailable,"[{""source_record_id"": ""2010:017_68e0e4537e_9._20Basq_Mari_Mord_Tatar_Udm_Chuv_2010.xls:!!!:1143"", ""source_row"": 1143, ""name"": ""Алексеевка"", ""type"": ""деревня"", ""raw_literal_county"": ""абзелиловский"", ""actual_county_anchor"": {""source_row"": 6, ""source_cell_column_zero_based"": 3, ""literal_county_caption"": ""Абзелиловский"", ""normalized_county"": ""абзелиловский"", ""raw_cells"": [1.0, ""Башкортостан"", ""Башкортостан"", ""Абзелиловский"", """", ""село Целинный"", 1401.0, """", """", 284.0, 248.0, 89.0]}, ""population"": 372}, {""source_record_id"": ""2010:017_68e0e4537e_9._20Basq_Mari_Mord_Tatar_Udm_Chuv_2010.xls:!!!:2579"", ""source_row"": 2579, ""name"": ""Алексеевка"", ""type"": ""деревня"", ""raw_literal_county"": ""бураевский"", ""actual_county_anchor"": {""source_row"": 1429, ""source_cell_column_zero_based"": 3, ""literal_county_caption"": ""Бураевский"", ""normalized_county"": ""бураевский"", ""raw_cells"": [1424.0, """", ""Башкортостан"", ""Бураевский"", """", ""село Бураево"", 9518.0, ""тат"", 75.25740701828116, 285.0, 170.0, 2512.0]}, ""population"": 67}, {""source_record_id"": ""2010:017_68e0e4537e_9._20Basq_Mari_Mord_Tatar_Udm_Chuv_2010.xls:!!!:3288"", ""source_row"": 3288, ""name"": ""Алексеевка"", ""type"": ""деревня"", ""raw_literal_county"": ""бураевский"", ""actual_county_anchor"": {""source_row"": 1429, ""source_cell_column_zero_based"": 3, ""literal_county_caption"": ""Бураевский"", ""normalized_county"": ""бураевский"", ""raw_cells"": [1424.0, """", ""Башкортостан"", ""Бураевский"", """", ""село Бураево"", 9518.0, ""тат"", 75.25740701828116, 285.0, 170.0, 2512.0]}, ""population"": 45}, {""source_record_id"": ""2010:017_68e0e4537e_9._20Basq_Mari_Mord_Tatar_Udm_Chuv_2010.xls:!!!:3811"", ""source_row"": 3811, ""name"": ""Алексеевка"", ""type"": ""деревня"", ""raw_literal_county"": ""бураевский"", ""actual_county_anchor"": {""source_row"": 1429, ""source_cell_column_zero_based"": 3, ""literal_county_caption"": ""Бураевский"", ""normalized_county"": ""бураевский"", ""raw_cells"": [1424.0, """", ""Башкортостан"", ""Бураевский"", """", ""село Бураево"", 9518.0, ""тат"", 75.25740701828116, 285.0, 170.0, 2512.0]}, ""population"": 4609}, {""source_record_id"": ""2010:017_68e0e4537e_9._20Basq_Mari_Mord_Tatar_Udm_Chuv_2010.xls:!!!:427"", ""source_row"": 427, ""name"": ""Алексеевка"", ""type"": ""деревня"", ""raw_literal_county"": ""абзелиловский"", ""actual_county_anchor"": {""source_row"": 6, ""source_cell_column_zero_based"": 3, ""literal_county_caption"": ""Абзелиловский"", ""normalized_county"": ""абзелиловский"", ""raw_cells"": [1.0, ""Башкортостан"", ""Башкортостан"", ""Абзелиловский"", """", ""село Целинный"", 1401.0, """", """", 284.0, 248.0, 89.0]}, ""population"": 14}, {""source_record_id"": ""2010:017_68e0e4537e_9._20Basq_Mari_Mord_Tatar_Udm_Chuv_2010.xls:!!!:448"", ""source_row"": 448, ""name"": ""Алексеевка"", ""type"": ""деревня"", ""raw_literal_county"": ""абзелиловский"", ""actual_county_anchor"": {""source_row"": 6, ""source_cell_column_zero_based"": 3, ""literal_county_caption"": ""Абзелиловский"", ""normalized_county"": ""абзелиловский"", ""raw_cells"": [1.0, ""Башкортостан"", ""Башкортостан"", ""Абзелиловский"", """", ""село Целинный"", 1401.0, """", """", 284.0, 248.0, 89.0]}, ""population"": 23}, {""source_record_id"": ""2010:017_68e0e4537e_9._20Basq_Mari_Mord_Tatar_Udm_Chuv_2010.xls:!!!:4547"", ""source_row"": 4547, ""name"": ""Алексеевка"", ""type"": ""деревня"", ""raw_literal_county"": ""бураевский"", ""actual_county_anchor"": {""source_row"": 1429, ""source_cell_column_zero_based"": 3, ""literal_county_caption"": ""Бураевский"", ""normalized_county"": ""бураевский"", ""raw_cells"": [1424.0, """", ""Башкортостан"", ""Бураевский"", """", ""село Бураево"", 9518.0, ""тат"", 75.25740701828116, 285.0, 170.0, 2512.0]}, ""population"": 338}, {""source_record_id"": ""2010:017_68e0e4537e_9._20Basq_Mari_Mord_Tatar_Udm_Chuv_2010.xls:!!!:805"", ""source_row"": 805, ""name"": ""Алексеевка"", ""type"": ""деревня"", ""raw_literal_county"": ""абзелиловский"", ""actual_county_anchor"": {""source_row"": 6, ""source_cell_column_zero_based"": 3, ""literal_county_caption"": ""Абзелиловский"", ""normalized_county"": ""абзелиловский"", ""raw_cells"": [1.0, ""Башкортостан"", ""Башкортостан"", ""Абзелиловский"", """", ""село Целинный"", 1401.0, """", """", 284.0, 248.0, 89.0]}, ""population"": 574}, {""source_record_id"": ""2010:017_68e0e4537e_9._20Basq_Mari_Mord_Tatar_Udm_Chuv_2010.xls:!!!:992"", ""source_row"": 992, ""name"": ""Алексеевка"", ""type"": ""деревня"", ""raw_literal_county"": ""абзелиловский"", ""actual_county_anchor"": {""source_row"": 6, ""source_cell_column_zero_based"": 3, ""literal_county_caption"": ""Абзелиловский"", ""normalized_county"": ""абзелиловский"", ""raw_cells"": [1.0, ""Башкортостан"", ""Башкортостан"", ""Абзелиловский"", """", ""село Целинный"", 1401.0, """", """", 284.0, 248.0, 89.0]}, ""population"": 299}]"
ROSSTAT2010:T5:p112:l32,башкортостан,Михайловка,село,Уфимский район,5384.0,11.0,0.0,actual_printed_county_not_unique_or_unavailable,"[{""source_record_id"": ""2010:017_68e0e4537e_9._20Basq_Mari_Mord_Tatar_Udm_Chuv_2010.xls:!!!:1049"", ""source_row"": 1049, ""name"": ""Михайловка"", ""type"": ""село"", ""raw_literal_county"": ""абзелиловский"", ""actual_county_anchor"": {""source_row"": 6, ""source_cell_column_zero_based"": 3, ""literal_county_caption"": ""Абзелиловский"", ""normalized_county"": ""абзелиловский"", ""raw_cells"": [1.0, ""Башкортостан"", ""Башкортостан"", ""Абзелиловский"", """", ""село Целинный"", 1401.0, """", """", 284.0, 248.0, 89.0]}, ""population"": 1175}, {""source_record_id"": ""2010:017_68e0e4537e_9._20Basq_Mari_Mord_Tatar_Udm_Chuv_2010.xls:!!!:1344"", ""source_row"": 1344, ""name"": ""Михайловка"", ""type"": ""село"", ""raw_literal_county"": ""абзелиловский"", ""actual_county_anchor"": {""source_row"": 6, ""source_cell_column_zero_based"": 3, ""literal_county_caption"": ""Абзелиловский"", ""normalized_county"": ""абзелиловский"", ""raw_cells"": [1.0, ""Башкортостан"", ""Башкортостан"", ""Абзелиловский"", """", ""село Целинный"", 1401.0, """", """", 284.0, 248.0, 89.0]}, ""population"": 297}, {""source_record_id"": ""2010:017_68e0e4537e_9._20Basq_Mari_Mord_Tatar_Udm_Chuv_2010.xls:!!!:145"", ""source_row"": 145, ""name"": ""Михайловка"", ""type"": ""село"", ""raw_literal_county"": ""абзелиловский"", ""actual_county_anchor"": {""source_row"": 6, ""source_cell_column_zero_based"": 3, ""literal_county_caption"": ""Абзелиловский"", ""normalized_county"": ""абзелиловский"", ""raw_cells"": [1.0, ""Башкортостан"", ""Башкортостан"", ""Абзелиловский"", """", ""село Целинный"", 1401.0, """", """", 284.0, 248.0, 89.0]}, ""population"": 88}, {""source_record_id"": ""2010:017_68e0e4537e_9._20Basq_Mari_Mord_Tatar_Udm_Chuv_2010.xls:!!!:1754"", ""source_row"": 1754, ""name"": ""Михайловка"", ""type"": ""село"", ""raw_literal_county"": ""бураевский"", ""actual_county_anchor"": {""source_row"": 1429, ""source_cell_column_zero_based"": 3, ""literal_county_caption"": ""Бураевский"", ""normalized_county"": ""бураевский"", ""raw_cells"": [1424.0, """", ""Башкортостан"", ""Бураевский"", """", ""село Бураево"", 9518.0, ""тат"", 75.25740701828116, 285.0, 170.0, 2512.0]}, ""population"": 994}, {""source_record_id"": ""2010:017_68e0e4537e_9._20Basq_Mari_Mord_Tatar_Udm_Chuv_2010.xls:!!!:294"", ""source_row"": 294, ""name"": ""Михайловка"", ""type"": ""село"", ""raw_literal_county"": ""абзелиловский"", ""actual_county_anchor"": {""source_row"": 6, ""source_cell_column_zero_based"": 3, ""literal_county_caption"": ""Абзелиловский"", ""normalized_county"": ""абзелиловский"", ""raw_cells"": [1.0, ""Башкортостан"", ""Башкортостан"", ""Абзелиловский"", """", ""село Целинный"", 1401.0, """", """", 284.0, 248.0, 89.0]}, ""population"": 26}, {""source_record_id"": ""2010:017_68e0e4537e_9._20Basq_Mari_Mord_Tatar_Udm_Chuv_2010.xls:!!!:3854"", ""source_row"": 3854, ""name"": ""Михайловка"", ""type"": ""село"", ""raw_literal_county"": ""бураевский"", ""actual_county_anchor"": {""source_row"": 1429, ""source_cell_column_zero_based"": 3, ""literal_county_caption"": ""Бураевский"", ""normalized_county"": ""бураевский"", ""raw_cells"": [1424.0, """", ""Башкортостан"", ""Бураевский"", """", ""село Бураево"", 9518.0, ""тат"", 75.25740701828116, 285.0, 170.0, 2512.0]}, ""population"": 5367}, {""source_record_id"": ""2010:017_68e0e4537e_9._20Basq_Mari_Mord_Tatar_Udm_Chuv_2010.xls:!!!:4029"", ""source_row"": 4029, ""name"": ""Михайловка"", ""type"": ""село"", ""raw_literal_county"": ""бураевский"", ""actual_county_anchor"": {""source_row"": 1429, ""source_cell_column_zero_based"": 3, ""literal_county_caption"": ""Бураевский"", ""normalized_county"": ""бураевский"", ""raw_cells"": [1424.0, """", ""Башкортостан"", ""Бураевский"", """", ""село Бураево"", 9518.0, ""тат"", 75.25740701828116, 285.0, 170.0, 2512.0]}, ""population"": 306}, {""source_record_id"": ""2010:017_68e0e4537e_9._20Basq_Mari_Mord_Tatar_Udm_Chuv_2010.xls:!!!:4073"", ""source_row"": 4073, ""name"": ""Михайловка"", ""type"": ""село"", ""raw_literal_county"": ""бураевский"", ""actual_county_anchor"": {""source_row"": 1429, ""source_cell_column_zero_based"": 3, ""literal_county_caption"": ""Бураевский"", ""normalized_county"": ""бураевский"", ""raw_cells"": [1424.0, """", ""Башкортостан"", ""Бураевский"", """", ""село Бураево"", 9518.0, ""тат"", 75.25740701828116, 285.0, 170.0, 2512.0]}, ""population"": 149}, {""source_record_id"": ""2010:017_68e0e4537e_9._20Basq_Mari_Mord_Tatar_Udm_Chuv_2010.xls:!!!:583"", ""source_row"": 583, ""name"": ""Михайловка"", ""type"": ""село"", ""raw_literal_county"": ""абзелиловский"", ""actual_county_anchor"": {""source_row"": 6, ""source_cell_column_zero_based"": 3, ""literal_county_caption"": ""Абзелиловский"", ""normalized_county"": ""абзелиловский"", ""raw_cells"": [1.0, ""Башкортостан"", ""Башкортостан"", ""Абзелиловский"", """", ""село Целинный"", 1401.0, """", """", 284.0, 248.0, 89.0]}, ""population"": 120}, {""source_record_id"": ""2010:017_68e0e4537e_9._20Basq_Mari_Mord_Tatar_Udm_Chuv_2010.xls:!!!:596"", ""source_row"": 596, ""name"": ""Михайловка"", ""type"": ""село"", ""raw_literal_county"": ""абзелиловский"", ""actual_county_anchor"": {""source_row"": 6, ""source_cell_column_zero_based"": 3, ""literal_county_caption"": ""Абзелиловский"", ""normalized_county"": ""абзелиловский"", ""raw_cells"": [1.0, ""Башкортостан"", ""Башкортостан"", ""Абзелиловский"", """", ""село Целинный"", 1401.0, """", """", 284.0, 248.0, 89.0]}, ""population"": 163}, {""source_record_id"": ""2010:017_68e0e4537e_9._20Basq_Mari_Mord_Tatar_Udm_Chuv_2010.xls:!!!:74"", ""source_row"": 74, ""name"": ""Михайловка"", ""type"": ""село"", ""raw_literal_county"": ""абзелиловский"", ""actual_county_anchor"": {""source_row"": 6, ""source_cell_column_zero_based"": 3, ""literal_county_caption"": ""Абзелиловский"", ""normalized_county"": ""абзелиловский"", ""raw_cells"": [1.0, ""Башкортостан"", ""Башкортостан"", ""Абзелиловский"", """", ""село Целинный"", 1401.0, """", """", 284.0, 248.0, 89.0]}, ""population"": 1101}]"
ROSSTAT2010:T5:p112:l39,башкортостан,Федоровка,село,Федоровский район,4306.0,3.0,0.0,actual_printed_county_not_unique_or_unavailable,"[{""source_record_id"": ""2010:017_68e0e4537e_9._20Basq_Mari_Mord_Tatar_Udm_Chuv_2010.xls:!!!:4049"", ""source_row"": 4049, ""name"": ""Федоровка"", ""type"": ""село"", ""raw_literal_county"": ""бураевский"", ""actual_county_anchor"": {""source_row"": 1429, ""source_cell_column_zero_based"": 3, ""literal_county_caption"": ""Бураевский"", ""normalized_county"": ""бураевский"", ""raw_cells"": [1424.0, """", ""Башкортостан"", ""Бураевский"", """", ""село Бураево"", 9518.0, ""тат"", 75.25740701828116, 285.0, 170.0, 2512.0]}, ""population"": 4294}, {""source_record_id"": ""2010:017_68e0e4537e_9._20Basq_Mari_Mord_Tatar_Udm_Chuv_2010.xls:!!!:4105"", ""source_row"": 4105, ""name"": ""Федоровка"", ""type"": ""село"", ""raw_literal_county"": ""бураевский"", ""actual_county_anchor"": {""source_row"": 1429, ""source_cell_column_zero_based"": 3, ""literal_county_caption"": ""Бураевский"", ""normalized_county"": ""бураевский"", ""raw_cells"": [1424.0, """", ""Башкортостан"", ""Бураевский"", """", ""село Бураево"", 9518.0, ""тат"", 75.25740701828116, 285.0, 170.0, 2512.0]}, ""population"": 527}, {""source_record_id"": ""2010:017_68e0e4537e_9._20Basq_Mari_Mord_Tatar_Udm_Chuv_2010.xls:!!!:4510"", ""source_row"": 4510, ""name"": ""Федоровка"", ""type"": ""село"", ""raw_literal_county"": ""бураевский"", ""actual_county_anchor"": {""source_row"": 1429, ""source_cell_column_zero_based"": 3, ""literal_county_caption"": ""Бураевский"", ""normalized_county"": ""бураевский"", ""raw_cells"": [1424.0, """", ""Башкортостан"", ""Бураевский"", """", ""село Бураево"", 9518.0, ""тат"", 75.25740701828116, 285.0, 170.0, 2512.0]}, ""population"": 544}]"
ROSSTAT2010:T5:p13:l33,белгородская,Пушкарное,село,Белгородский район,3332.0,3.0,0.0,actual_printed_county_not_unique_or_unavailable,"[{""source_record_id"": ""2010:013_f60b2d2bcf_5._20Belg_Bryan_Vlad_Voron_Ivanov_Kalug_20L1_ethn_2010.xls:Data Sheet:158"", ""source_row"": 158, ""name"": ""Пушкарное"", ""type"": ""село"", ""raw_literal_county"": """", ""actual_county_anchor"": null, ""population"": 3329}, {""source_record_id"": ""2010:013_f60b2d2bcf_5._20Belg_Bryan_Vlad_Voron_Ivanov_Kalug_20L1_ethn_2010.xls:Data Sheet:1597"", ""source_row"": 1597, ""name"": ""Пушкарное"", ""type"": ""село"", ""raw_literal_county"": """", ""actual_county_anchor"": null, ""population"": 525}, {""source_record_id"": ""2010:013_f60b2d2bcf_5._20Belg_Bryan_Vlad_Voron_Ivanov_Kalug_20L1_ethn_2010.xls:Data Sheet:669"", ""source_row"": 669, ""name"": ""Пушкарное"", ""type"": ""село"", ""raw_literal_county"": """", ""actual_county_anchor"": null, ""population"": 530}]"
ROSSTAT2010:T5:p13:l34,белгородская,Стрелецкое,село,Белгородский район,6862.0,3.0,0.0,actual_printed_county_not_unique_or_unavailable,"[{""source_record_id"": ""2010:013_f60b2d2bcf_5._20Belg_Bryan_Vlad_Voron_Ivanov_Kalug_20L1_ethn_2010.xls:Data Sheet:1592"", ""source_row"": 1592, ""name"": ""Стрелецкое"", ""type"": ""село"", ""raw_literal_county"": """", ""actual_county_anchor"": null, ""population"": 797}, {""source_record_id"": ""2010:013_f60b2d2bcf_5._20Belg_Bryan_Vlad_Voron_Ivanov_Kalug_20L1_ethn_2010.xls:Data Sheet:160"", ""source_row"": 160, ""name"": ""Стрелецкое"", ""type"": ""село"", ""raw_literal_county"": """", ""actual_county_anchor"": null, ""population"": 6865}, {""source_record_id"": ""2010:013_f60b2d2bcf_5._20Belg_Bryan_Vlad_Voron_Ivanov_Kalug_20L1_ethn_2010.xls:Data Sheet:882"", ""source_row"": 882, ""name"": ""Стрелецкое"", ""type"": ""село"", ""raw_literal_county"": """", ""actual_county_anchor"": null, ""population"": 691}]"
ROSSTAT2010:T5:p14:l30,белгородская,Красное,село,Красненский район,2158.0,6.0,0.0,actual_printed_county_not_unique_or_unavailable,"[{""source_record_id"": ""2010:013_f60b2d2bcf_5._20Belg_Bryan_Vlad_Voron_Ivanov_Kalug_20L1_ethn_2010.xls:Data Sheet:1143"", ""source_row"": 1143, ""name"": ""Красное"", ""type"": ""село"", ""raw_literal_county"": """", ""actual_county_anchor"": null, ""population"": 108}, {""source_record_id"": ""2010:013_f60b2d2bcf_5._20Belg_Bryan_Vlad_Voron_Ivanov_Kalug_20L1_ethn_2010.xls:Data Sheet:132"", ""source_row"": 132, ""name"": ""Красное"", ""type"": ""село"", ""raw_literal_county"": """", ""actual_county_anchor"": null, ""population"": 94}, {""source_record_id"": ""2010:013_f60b2d2bcf_5._20Belg_Bryan_Vlad_Voron_Ivanov_Kalug_20L1_ethn_2010.xls:Data Sheet:1531"", ""source_row"": 1531, ""name"": ""Красное"", ""type"": ""село"", ""raw_literal_county"": """", ""actual_county_anchor"": null, ""population"": 143}, {""source_record_id"": ""2010:013_f60b2d2bcf_5._20Belg_Bryan_Vlad_Voron_Ivanov_Kalug_20L1_ethn_2010.xls:Data Sheet:19"", ""source_row"": 19, ""name"": ""Красное"", ""type"": ""село"", ""raw_literal_county"": """", ""actual_county_anchor"": null, ""population"": 903}, {""source_record_id"": ""2010:013_f60b2d2bcf_5._20Belg_Bryan_Vlad_Voron_Ivanov_Kalug_20L1_ethn_2010.xls:Data Sheet:794"", ""source_row"": 794, ""name"": ""Красное"", ""type"": ""село"", ""raw_literal_county"": """", ""actual_county_anchor"": null, ""population"": 2155}, {""source_record_id"": ""2010:013_f60b2d2bcf_5._20Belg_Bryan_Vlad_Voron_Ivanov_Kalug_20L1_ethn_2010.xls:Data Sheet:842"", ""source_row"": 842, ""name"": ""Красное"", ""type"": ""село"", ""raw_literal_county"": """", ""actual_county_anchor"": null, ""population"": 250}]"
ROSSTAT2010:T5:p15:l8,белгородская,Городище,село,Старооскольский район,3562.0,2.0,0.0,actual_printed_county_not_unique_or_unavailable,"[{""source_record_id"": ""2010:013_f60b2d2bcf_5._20Belg_Bryan_Vlad_Voron_Ivanov_Kalug_20L1_ethn_2010.xls:Data Sheet:1285"", ""source_row"": 1285, ""name"": ""Городище"", ""type"": ""село"", ""raw_literal_county"": """", ""actual_county_anchor"": null, ""population"": 3565}, {""source_record_id"": ""2010:013_f60b2d2bcf_5._20Belg_Bryan_Vlad_Voron_Ivanov_Kalug_20L1_ethn_2010.xls:Data Sheet:638"", ""source_row"": 638, ""name"": ""Городище"", ""type"": ""село"", ""raw_literal_county"": """", ""actual_county_anchor"": null, ""population"": 390}]"
ROSSTAT2010:T5:p83:l54,волгоградская,Алексеевская,станица,Алексеевский район,4204.0,1.0,0.0,actual_printed_county_not_unique_or_unavailable,"[{""source_record_id"": ""2010:004_486e984bdc_12._20Астр_Волгог_Ростов.xls:Южный:451"", ""source_row"": 451, ""name"": ""Алексеевская"", ""type"": ""станица"", ""raw_literal_county"": """", ""actual_county_anchor"": null, ""population"": 4203}]"
ROSSTAT2010:T5:p84:l38,волгоградская,Октябрьский,поселок,Калачевский район,3489.0,2.0,0.0,actual_printed_county_not_unique_or_unavailable,"[{""source_record_id"": ""2010:004_486e984bdc_12._20Астр_Волгог_Ростов.xls:Южный:1334"", ""source_row"": 1334, ""name"": ""Октябрьский"", ""type"": ""посёлок"", ""raw_literal_county"": """", ""actual_county_anchor"": null, ""population"": 753}, {""source_record_id"": ""2010:004_486e984bdc_12._20Астр_Волгог_Ростов.xls:Южный:795"", ""source_row"": 795, ""name"": ""Октябрьский"", ""type"": ""посёлок"", ""raw_literal_county"": """", ""actual_county_anchor"": null, ""population"": 3218}]"
ROSSTAT2010:T5:p85:l23,волгоградская,Новониколаевский,пгт,Новониколаевский район,9931.0,1.0,0.0,actual_printed_county_not_unique_or_unavailable,"[{""source_record_id"": ""2010:004_486e984bdc_12._20Астр_Волгог_Ростов.xls:Южный:1233"", ""source_row"": 1233, ""name"": ""Новониколаевский"", ""type"": ""пгт"", ""raw_literal_county"": """", ""actual_county_anchor"": null, ""population"": 9933}]"
ROSSTAT2010:T5:p20:l25,воронежская,Масловка,село,,8447.0,2.0,0.0,actual_printed_county_not_unique_or_unavailable,"[{""source_record_id"": ""2010:013_f60b2d2bcf_5._20Belg_Bryan_Vlad_Voron_Ivanov_Kalug_20L1_ethn_2010.xls:Data Sheet:7394"", ""source_row"": 7394, ""name"": ""Масловка"", ""type"": ""село"", ""raw_literal_county"": """", ""actual_county_anchor"": null, ""population"": 234}, {""source_record_id"": ""2010:013_f60b2d2bcf_5._20Belg_Bryan_Vlad_Voron_Ivanov_Kalug_20L1_ethn_2010.xls:Data Sheet:8535"", ""source_row"": 8535, ""name"": ""Масловка"", ""type"": ""село"", ""raw_literal_county"": """", ""actual_county_anchor"": null, ""population"": 8445}]"
ROSSTAT2010:T5:p20:l26,воронежская,Никольское,село,,5517.0,4.0,0.0,actual_printed_county_not_unique_or_unavailable,"[{""source_record_id"": ""2010:013_f60b2d2bcf_5._20Belg_Bryan_Vlad_Voron_Ivanov_Kalug_20L1_ethn_2010.xls:Data Sheet:7866"", ""source_row"": 7866, ""name"": ""Никольское"", ""type"": ""село"", ""raw_literal_county"": """", ""actual_county_anchor"": null, ""population"": 124}, {""source_record_id"": ""2010:013_f60b2d2bcf_5._20Belg_Bryan_Vlad_Voron_Ivanov_Kalug_20L1_ethn_2010.xls:Data Sheet:8262"", ""source_row"": 8262, ""name"": ""Никольское"", ""type"": ""село"", ""raw_literal_county"": """", ""actual_county_anchor"": null, ""population"": 16}, {""source_record_id"": ""2010:013_f60b2d2bcf_5._20Belg_Bryan_Vlad_Voron_Ivanov_Kalug_20L1_ethn_2010.xls:Data Sheet:8359"", ""source_row"": 8359, ""name"": ""Никольское"", ""type"": ""село"", ""raw_literal_county"": """", ""actual_county_anchor"": null, ""population"": 745}, {""source_record_id"": ""2010:013_f60b2d2bcf_5._20Belg_Bryan_Vlad_Voron_Ivanov_Kalug_20L1_ethn_2010.xls:Data Sheet:8545"", ""source_row"": 8545, ""name"": ""Никольское"", ""type"": ""село"", ""raw_literal_county"": """", ""actual_county_anchor"": null, ""population"": 5463}]"
ROSSTAT2010:T5:p20:l28,воронежская,Подгорное,село,,9285.0,4.0,0.0,actual_printed_county_not_unique_or_unavailable,"[{""source_record_id"": ""2010:013_f60b2d2bcf_5._20Belg_Bryan_Vlad_Voron_Ivanov_Kalug_20L1_ethn_2010.xls:Data Sheet:7207"", ""source_row"": 7207, ""name"": ""Подгорное"", ""type"": ""село"", ""raw_literal_county"": """", ""actual_county_anchor"": null, ""population"": 1844}, {""source_record_id"": ""2010:013_f60b2d2bcf_5._20Belg_Bryan_Vlad_Voron_Ivanov_Kalug_20L1_ethn_2010.xls:Data Sheet:7592"", ""source_row"": 7592, ""name"": ""Подгорное"", ""type"": ""село"", ""raw_literal_county"": """", ""actual_county_anchor"": null, ""population"": 763}, {""source_record_id"": ""2010:013_f60b2d2bcf_5._20Belg_Bryan_Vlad_Voron_Ivanov_Kalug_20L1_ethn_2010.xls:Data Sheet:8187"", ""source_row"": 8187, ""name"": ""Подгорное"", ""type"": ""село"", ""raw_literal_county"": """", ""actual_county_anchor"": null, ""population"": 2603}, {""source_record_id"": ""2010:013_f60b2d2bcf_5._20Belg_Bryan_Vlad_Voron_Ivanov_Kalug_20L1_ethn_2010.xls:Data Sheet:8547"", ""source_row"": 8547, ""name"": ""Подгорное"", ""type"": ""село"", ""raw_literal_county"": """", ""actual_county_anchor"": null, ""population"": 9288}]"
ROSSTAT2010:T5:p20:l29,воронежская,Подклетное,село,,3386.0,2.0,0.0,actual_printed_county_not_unique_or_unavailable,"[{""source_record_id"": ""2010:013_f60b2d2bcf_5._20Belg_Bryan_Vlad_Voron_Ivanov_Kalug_20L1_ethn_2010.xls:Data Sheet:7534"", ""source_row"": 7534, ""name"": ""Подклетное"", ""type"": ""село"", ""raw_literal_county"": """", ""actual_county_anchor"": null, ""population"": 178}, {""source_record_id"": ""2010:013_f60b2d2bcf_5._20Belg_Bryan_Vlad_Voron_Ivanov_Kalug_20L1_ethn_2010.xls:Data Sheet:8542"", ""source_row"": 8542, ""name"": ""Подклетное"", ""type"": ""село"", ""raw_literal_county"": """", ""actual_county_anchor"": null, ""population"": 3389}]"
ROSSTAT2010:T5:p20:l44,воронежская,Хреновое,село,Бобровский район,4875.0,2.0,0.0,actual_printed_county_not_unique_or_unavailable,"[{""source_record_id"": ""2010:013_f60b2d2bcf_5._20Belg_Bryan_Vlad_Voron_Ivanov_Kalug_20L1_ethn_2010.xls:Data Sheet:6919"", ""source_row"": 6919, ""name"": ""Хреновое"", ""type"": ""село"", ""raw_literal_county"": """", ""actual_county_anchor"": null, ""population"": 4878}, {""source_record_id"": ""2010:013_f60b2d2bcf_5._20Belg_Bryan_Vlad_Voron_Ivanov_Kalug_20L1_ethn_2010.xls:Data Sheet:7539"", ""source_row"": 7539, ""name"": ""Хреновое"", ""type"": ""село"", ""raw_literal_county"": """", ""actual_county_anchor"": null, ""population"": 891}]"
ROSSTAT2010:T5:p20:l54,воронежская,Козловка,село,Бутурлиновский район,3137.0,2.0,0.0,actual_printed_county_not_unique_or_unavailable,"[{""source_record_id"": ""2010:013_f60b2d2bcf_5._20Belg_Bryan_Vlad_Voron_Ivanov_Kalug_20L1_ethn_2010.xls:Data Sheet:7013"", ""source_row"": 7013, ""name"": ""Козловка"", ""type"": ""село"", ""raw_literal_county"": """", ""actual_county_anchor"": null, ""population"": 3138}, {""source_record_id"": ""2010:013_f60b2d2bcf_5._20Belg_Bryan_Vlad_Voron_Ivanov_Kalug_20L1_ethn_2010.xls:Data Sheet:8398"", ""source_row"": 8398, ""name"": ""Козловка"", ""type"": ""село"", ""raw_literal_county"": """", ""actual_county_anchor"": null, ""population"": 2385}]"
ROSSTAT2010:T5:p21:l49,воронежская,Воля,поселок,Новоусманский район,7803.0,2.0,0.0,actual_printed_county_not_unique_or_unavailable,"[{""source_record_id"": ""2010:013_f60b2d2bcf_5._20Belg_Bryan_Vlad_Voron_Ivanov_Kalug_20L1_ethn_2010.xls:Data Sheet:7110"", ""source_row"": 7110, ""name"": ""Воля"", ""type"": ""посёлок"", ""raw_literal_county"": """", ""actual_county_anchor"": null, ""population"": 60}, {""source_record_id"": ""2010:013_f60b2d2bcf_5._20Belg_Bryan_Vlad_Voron_Ivanov_Kalug_20L1_ethn_2010.xls:Data Sheet:7494"", ""source_row"": 7494, ""name"": ""Воля"", ""type"": ""посёлок"", ""raw_literal_county"": """", ""actual_county_anchor"": null, ""population"": 7779}]"
ROSSTAT2010:T5:p22:l27,воронежская,Лосево,село,Павловский район,4398.0,2.0,0.0,actual_printed_county_not_unique_or_unavailable,"[{""source_record_id"": ""2010:013_f60b2d2bcf_5._20Belg_Bryan_Vlad_Voron_Ivanov_Kalug_20L1_ethn_2010.xls:Data Sheet:7777"", ""source_row"": 7777, ""name"": ""Лосево"", ""type"": ""село"", ""raw_literal_county"": """", ""actual_county_anchor"": null, ""population"": 4399}, {""source_record_id"": ""2010:013_f60b2d2bcf_5._20Belg_Bryan_Vlad_Voron_Ivanov_Kalug_20L1_ethn_2010.xls:Data Sheet:8242"", ""source_row"": 8242, ""name"": ""Лосево"", ""type"": ""село"", ""raw_literal_county"": """", ""actual_county_anchor"": null, ""population"": 532}]"
ROSSTAT2010:T5:p22:l37,воронежская,Петропавловка,село,Петропавловский район,5250.0,3.0,0.0,actual_printed_county_not_unique_or_unavailable,"[{""source_record_id"": ""2010:013_f60b2d2bcf_5._20Belg_Bryan_Vlad_Voron_Ivanov_Kalug_20L1_ethn_2010.xls:Data Sheet:7402"", ""source_row"": 7402, ""name"": ""Петропавловка"", ""type"": ""село"", ""raw_literal_county"": """", ""actual_county_anchor"": null, ""population"": 616}, {""source_record_id"": ""2010:013_f60b2d2bcf_5._20Belg_Bryan_Vlad_Voron_Ivanov_Kalug_20L1_ethn_2010.xls:Data Sheet:7727"", ""source_row"": 7727, ""name"": ""Петропавловка"", ""type"": ""село"", ""raw_literal_county"": """", ""actual_county_anchor"": null, ""population"": 678}, {""source_record_id"": ""2010:013_f60b2d2bcf_5._20Belg_Bryan_Vlad_Voron_Ivanov_Kalug_20L1_ethn_2010.xls:Data Sheet:7902"", ""source_row"": 7902, ""name"": ""Петропавловка"", ""type"": ""село"", ""raw_literal_county"": """", ""actual_county_anchor"": null, ""population"": 5249}]"
ROSSTAT2010:T5:p22:l42,воронежская,Пески,село,Поворинский район,6953.0,3.0,0.0,actual_printed_county_not_unique_or_unavailable,"[{""source_record_id"": ""2010:013_f60b2d2bcf_5._20Belg_Bryan_Vlad_Voron_Ivanov_Kalug_20L1_ethn_2010.xls:Data Sheet:7780"", ""source_row"": 7780, ""name"": ""Пески"", ""type"": ""село"", ""raw_literal_county"": """", ""actual_county_anchor"": null, ""population"": 489}, {""source_record_id"": ""2010:013_f60b2d2bcf_5._20Belg_Bryan_Vlad_Voron_Ivanov_Kalug_20L1_ethn_2010.xls:Data Sheet:7901"", ""source_row"": 7901, ""name"": ""Пески"", ""type"": ""село"", ""raw_literal_county"": """", ""actual_county_anchor"": null, ""population"": 1400}, {""source_record_id"": ""2010:013_f60b2d2bcf_5._20Belg_Bryan_Vlad_Voron_Ivanov_Kalug_20L1_ethn_2010.xls:Data Sheet:7924"", ""source_row"": 7924, ""name"": ""Пески"", ""type"": ""село"", ""raw_literal_county"": """", ""actual_county_anchor"": null, ""population"": 6794}]"
ROSSTAT2010:T5:p23:l16,воронежская,Девица,село,Семилукский район,4562.0,2.0,0.0,actual_printed_county_not_unique_or_unavailable,"[{""source_record_id"": ""2010:013_f60b2d2bcf_5._20Belg_Bryan_Vlad_Voron_Ivanov_Kalug_20L1_ethn_2010.xls:Data Sheet:7694"", ""source_row"": 7694, ""name"": ""Девица"", ""type"": ""село"", ""raw_literal_county"": """", ""actual_county_anchor"": null, ""population"": 822}, {""source_record_id"": ""2010:013_f60b2d2bcf_5._20Belg_Bryan_Vlad_Voron_Ivanov_Kalug_20L1_ethn_2010.xls:Data Sheet:8217"", ""source_row"": 8217, ""name"": ""Девица"", ""type"": ""село"", ""raw_literal_county"": """", ""actual_county_anchor"": null, ""population"": 4560}]"
ROSSTAT2010:T5:p23:l26,воронежская,Терновка,село,Терновский район,5671.0,2.0,0.0,actual_printed_county_not_unique_or_unavailable,"[{""source_record_id"": ""2010:013_f60b2d2bcf_5._20Belg_Bryan_Vlad_Voron_Ivanov_Kalug_20L1_ethn_2010.xls:Data Sheet:8196"", ""source_row"": 8196, ""name"": ""Терновка"", ""type"": ""село"", ""raw_literal_county"": """", ""actual_county_anchor"": null, ""population"": 558}, {""source_record_id"": ""2010:013_f60b2d2bcf_5._20Belg_Bryan_Vlad_Voron_Ivanov_Kalug_20L1_ethn_2010.xls:Data Sheet:8420"", ""source_row"": 8420, ""name"": ""Терновка"", ""type"": ""село"", ""raw_literal_county"": """", ""actual_county_anchor"": null, ""population"": 5669}]"
ROSSTAT2010:T5:p23:l31,воронежская,Гремячье,село,Хохольский район,3373.0,2.0,0.0,actual_printed_county_not_unique_or_unavailable,"[{""source_record_id"": ""2010:013_f60b2d2bcf_5._20Belg_Bryan_Vlad_Voron_Ivanov_Kalug_20L1_ethn_2010.xls:Data Sheet:8046"", ""source_row"": 8046, ""name"": ""Гремячье"", ""type"": ""село"", ""raw_literal_county"": """", ""actual_county_anchor"": null, ""population"": 236}, {""source_record_id"": ""2010:013_f60b2d2bcf_5._20Belg_Bryan_Vlad_Voron_Ivanov_Kalug_20L1_ethn_2010.xls:Data Sheet:8431"", ""source_row"": 8431, ""name"": ""Гремячье"", ""type"": ""село"", ""raw_literal_county"": """", ""actual_county_anchor"": null, ""population"": 3375}]"
ROSSTAT2010:T5:p95:l55,дагестан,Бежта,село,Цунтинский район,3502.0,1.0,0.0,actual_printed_county_not_unique_or_unavailable,"[{""source_record_id"": ""2010:018_8eadc2d6b9_7._20Dag_2010.xls:2010:1487"", ""source_row"": 1487, ""name"": ""Бежта"", ""type"": ""село"", ""raw_literal_county"": ""цумадинский"", ""actual_county_anchor"": {""source_row"": 1486, ""source_cell_column_zero_based"": 4, ""literal_county_caption"": ""Цумадинский район"", ""normalized_county"": ""цумадинский"", ""raw_cells"": [1481.0, 43.6787841, 47.0581681, """", ""Цумадинский район"", ""Шавинский"", ""село"", ""Шугури"", 282.0, ""ав"", ""тинд"", """"]}, ""population"": 3500}]"
ROSSTAT2010:T5:p25:l48,калужская,Барятино,село,Барятинский район,2748.0,3.0,0.0,actual_printed_county_not_unique_or_unavailable,"[{""source_record_id"": ""2010:013_f60b2d2bcf_5._20Belg_Bryan_Vlad_Voron_Ivanov_Kalug_20L1_ethn_2010.xls:Data Sheet:11767"", ""source_row"": 11767, ""name"": ""Барятино"", ""type"": ""село"", ""raw_literal_county"": """", ""actual_county_anchor"": null, ""population"": 2738}, {""source_record_id"": ""2010:013_f60b2d2bcf_5._20Belg_Bryan_Vlad_Voron_Ivanov_Kalug_20L1_ethn_2010.xls:Data Sheet:12066"", ""source_row"": 12066, ""name"": ""Барятино"", ""type"": ""село"", ""raw_literal_county"": """", ""actual_county_anchor"": null, ""population"": 59}, {""source_record_id"": ""2010:013_f60b2d2bcf_5._20Belg_Bryan_Vlad_Voron_Ivanov_Kalug_20L1_ethn_2010.xls:Data Sheet:14183"", ""source_row"": 14183, ""name"": ""Барятино"", ""type"": ""село"", ""raw_literal_county"": """", ""actual_county_anchor"": null, ""population"": 401}]"
ROSSTAT2010:T5:p26:l15,калужская,Жилетово,деревня,Дзержинский район,3090.0,2.0,0.0,actual_printed_county_not_unique_or_unavailable,"[{""source_record_id"": ""2010:013_f60b2d2bcf_5._20Belg_Bryan_Vlad_Voron_Ivanov_Kalug_20L1_ethn_2010.xls:Data Sheet:11863"", ""source_row"": 11863, ""name"": ""Жилетово"", ""type"": ""деревня"", ""raw_literal_county"": """", ""actual_county_anchor"": null, ""population"": 20}, {""source_record_id"": ""2010:013_f60b2d2bcf_5._20Belg_Bryan_Vlad_Voron_Ivanov_Kalug_20L1_ethn_2010.xls:Data Sheet:12009"", ""source_row"": 12009, ""name"": ""Жилетово"", ""type"": ""деревня"", ""raw_literal_county"": """", ""actual_county_anchor"": null, ""population"": 3089}]"
ROSSTAT2010:T5:p26:l39,калужская,Выползово,деревня,Кировский район,4741.0,2.0,0.0,actual_printed_county_not_unique_or_unavailable,"[{""source_record_id"": ""2010:013_f60b2d2bcf_5._20Belg_Bryan_Vlad_Voron_Ivanov_Kalug_20L1_ethn_2010.xls:Data Sheet:12521"", ""source_row"": 12521, ""name"": ""Выползово"", ""type"": ""деревня"", ""raw_literal_county"": """", ""actual_county_anchor"": null, ""population"": 4210}, {""source_record_id"": ""2010:013_f60b2d2bcf_5._20Belg_Bryan_Vlad_Voron_Ivanov_Kalug_20L1_ethn_2010.xls:Data Sheet:14714"", ""source_row"": 14714, ""name"": ""Выползово"", ""type"": ""деревня"", ""raw_literal_county"": """", ""actual_county_anchor"": null, ""population"": 7}]"
ROSSTAT2010:T5:p187:l25,кемеровская,Малиновка,поселок,,8835.0,2.0,0.0,actual_printed_county_not_unique_or_unavailable,"[{""source_record_id"": ""2010:008_342f3c208b_16._20Сиб_ФО_2010.xls:Sib:5491"", ""source_row"": 5491, ""name"": ""Малиновка"", ""type"": ""посёлок"", ""raw_literal_county"": ""прокопьевский"", ""actual_county_anchor"": {""source_row"": 5456, ""source_cell_column_zero_based"": 3, ""literal_county_caption"": ""Прокопьевский"", ""normalized_county"": ""прокопьевский"", ""raw_cells"": [5450.0, """", ""Кемеровская обл"", ""Прокопьевский"", ""с. Большая Талда"", 1240.0, """", """", """", """", """", """"]}, ""population"": 41}, {""source_record_id"": ""2010:008_342f3c208b_16._20Сиб_ФО_2010.xls:Sib:6073"", ""source_row"": 6073, ""name"": ""Малиновка"", ""type"": ""посёлок"", ""raw_literal_county"": ""яшкинский"", ""actual_county_anchor"": {""source_row"": 5956, ""source_cell_column_zero_based"": 3, ""literal_county_caption"": ""Яшкинский "", ""normalized_county"": ""яшкинский"", ""raw_cells"": [5950.0, """", ""Кемеровская обл"", ""Яшкинский "", ""пгт Яшкино"", 14669.0, """", """", """", """", """", """"]}, ""population"": 8416}]"
ROSSTAT2010:T5:p56:l15,коми,Мульда,пгт,,0.0,1.0,0.0,actual_printed_county_not_unique_or_unavailable,"[{""source_record_id"": ""2010:015_847d50d091_6._20Komi_2010.xls:komi:632"", ""source_row"": 632, ""name"": ""Мульда"", ""type"": ""пгт"", ""raw_literal_county"": """", ""actual_county_anchor"": null, ""population"": 0}]"
ROSSTAT2010:T5:p56:l16,коми,Октябрьский,пгт,,0.0,1.0,0.0,actual_printed_county_not_unique_or_unavailable,"[{""source_record_id"": ""2010:015_847d50d091_6._20Komi_2010.xls:komi:633"", ""source_row"": 633, ""name"": ""Октябрьский"", ""type"": ""пгт"", ""raw_literal_county"": """", ""actual_county_anchor"": null, ""population"": 0}]"
ROSSTAT2010:T5:p56:l17,коми,Промышленный,пгт,,0.0,1.0,0.0,actual_printed_county_not_unique_or_unavailable,"[{""source_record_id"": ""2010:015_847d50d091_6._20Komi_2010.xls:komi:638"", ""source_row"": 638, ""name"": ""Промышленный"", ""type"": ""пгт"", ""raw_literal_county"": """", ""actual_county_anchor"": null, ""population"": 0}]"
ROSSTAT2010:T5:p28:l25,костромская,Никольское,поселок,Костромской район,4952.0,1.0,0.0,actual_printed_county_not_unique_or_unavailable,"[{""source_record_id"": ""2010:010_711691e352_2._20Kostrom_Kur_Lip_Moscow_MoscObl_Orlov_2010.xls:Data Sheet:1262"", ""source_row"": 1262, ""name"": ""Никольское"", ""type"": ""посёлок"", ""raw_literal_county"": """", ""actual_county_anchor"": null, ""population"": 3850}]"
ROSSTAT2010:T5:p28:l35,костромская,Георгиевское,село,Межевской район,2513.0,1.0,0.0,actual_printed_county_not_unique_or_unavailable,"[{""source_record_id"": ""2010:010_711691e352_2._20Kostrom_Kur_Lip_Moscow_MoscObl_Orlov_2010.xls:Data Sheet:1800"", ""source_row"": 1800, ""name"": ""Георгиевское"", ""type"": ""село"", ""raw_literal_county"": """", ""actual_county_anchor"": null, ""population"": 2509}]"
ROSSTAT2010:T5:p74:l46,краснодарский,Ленина,хутор,,7395.0,4.0,0.0,actual_printed_county_not_unique_or_unavailable,"[{""source_record_id"": ""2010:005_888282bccc_13._20Краснодарский_край_2010.xls:КК:1000"", ""source_row"": 1000, ""name"": ""Ленина"", ""type"": ""хутор"", ""raw_literal_county"": """", ""actual_county_anchor"": null, ""population"": 203}, {""source_record_id"": ""2010:005_888282bccc_13._20Краснодарский_край_2010.xls:КК:1310"", ""source_row"": 1310, ""name"": ""Ленина"", ""type"": ""хутор"", ""raw_literal_county"": """", ""actual_county_anchor"": null, ""population"": 563}, {""source_record_id"": ""2010:005_888282bccc_13._20Краснодарский_край_2010.xls:КК:1569"", ""source_row"": 1569, ""name"": ""Ленина"", ""type"": ""хутор"", ""raw_literal_county"": """", ""actual_county_anchor"": null, ""population"": 7395}, {""source_record_id"": ""2010:005_888282bccc_13._20Краснодарский_край_2010.xls:КК:839"", ""source_row"": 839, ""name"": ""Ленина"", ""type"": ""хутор"", ""raw_literal_county"": """", ""actual_county_anchor"": null, ""population"": 175}]"
ROSSTAT2010:T5:p75:l12,краснодарский,Красная Поляна,хутор,,3523.0,4.0,0.0,actual_printed_county_not_unique_or_unavailable,"[{""source_record_id"": ""2010:005_888282bccc_13._20Краснодарский_край_2010.xls:КК:1587"", ""source_row"": 1587, ""name"": ""Красная Поляна"", ""type"": ""хутор"", ""raw_literal_county"": """", ""actual_county_anchor"": null, ""population"": 3106}, {""source_record_id"": ""2010:005_888282bccc_13._20Краснодарский_край_2010.xls:КК:228"", ""source_row"": 228, ""name"": ""Красная Поляна"", ""type"": ""хутор"", ""raw_literal_county"": """", ""actual_county_anchor"": null, ""population"": 325}, {""source_record_id"": ""2010:005_888282bccc_13._20Краснодарский_край_2010.xls:КК:283"", ""source_row"": 283, ""name"": ""Красная Поляна"", ""type"": ""хутор"", ""raw_literal_county"": """", ""actual_county_anchor"": null, ""population"": 445}, {""source_record_id"": ""2010:005_888282bccc_13._20Краснодарский_край_2010.xls:КК:713"", ""source_row"": 713, ""name"": ""Красная Поляна"", ""type"": ""хутор"", ""raw_literal_county"": """", ""actual_county_anchor"": null, ""population"": 906}]"
ROSSTAT2010:T5:p75:l19,краснодарский,Южный,поселок,,3430.0,11.0,0.0,actual_printed_county_not_unique_or_unavailable,"[{""source_record_id"": ""2010:005_888282bccc_13._20Краснодарский_край_2010.xls:КК:1063"", ""source_row"": 1063, ""name"": ""Южный"", ""type"": ""посёлок"", ""raw_literal_county"": """", ""actual_county_anchor"": null, ""population"": 303}, {""source_record_id"": ""2010:005_888282bccc_13._20Краснодарский_край_2010.xls:КК:1355"", ""source_row"": 1355, ""name"": ""Южный"", ""type"": ""посёлок"", ""raw_literal_county"": """", ""actual_county_anchor"": null, ""population"": 10}, {""source_record_id"": ""2010:005_888282bccc_13._20Краснодарский_край_2010.xls:КК:1512"", ""source_row"": 1512, ""name"": ""Южный"", ""type"": ""посёлок"", ""raw_literal_county"": """", ""actual_county_anchor"": null, ""population"": 1039}, {""source_record_id"": ""2010:005_888282bccc_13._20Краснодарский_край_2010.xls:КК:1589"", ""source_row"": 1589, ""name"": ""Южный"", ""type"": ""посёлок"", ""raw_literal_county"": """", ""actual_county_anchor"": null, ""population"": 521}, {""source_record_id"": ""2010:005_888282bccc_13._20Краснодарский_край_2010.xls:КК:1595"", ""source_row"": 1595, ""name"": ""Южный"", ""type"": ""посёлок"", ""raw_literal_county"": """", ""actual_county_anchor"": null, ""population"": 3431}, {""source_record_id"": ""2010:005_888282bccc_13._20Краснодарский_край_2010.xls:КК:362"", ""source_row"": 362, ""name"": ""Южный"", ""type"": ""посёлок"", ""raw_literal_county"": """", ""actual_county_anchor"": null, ""population"": 5118}, {""source_record_id"": ""2010:005_888282bccc_13._20Краснодарский_край_2010.xls:КК:489"", ""source_row"": 489, ""name"": ""Южный"", ""type"": ""посёлок"", ""raw_literal_county"": """", ""actual_county_anchor"": null, ""population"": 718}, {""source_record_id"": ""2010:005_888282bccc_13._20Краснодарский_край_2010.xls:КК:674"", ""source_row"": 674, ""name"": ""Южный"", ""type"": ""посёлок"", ""raw_literal_county"": """", ""actual_county_anchor"": null, ""population"": 1015}, {""source_record_id"": ""2010:005_888282bccc_13._20Краснодарский_край_2010.xls:КК:949"", ""source_row"": 949, ""name"": ""Южный"", ""type"": ""посёлок"", ""raw_literal_county"": """", ""actual_county_anchor"": null, ""population"": 270}, {""source_record_id"": ""2010:005_888282bccc_13._20Краснодарский_край_2010.xls:КК:963"", ""source_row"": 963, ""name"": ""Южный"", ""type"": ""посёлок"", ""raw_literal_county"": """", ""actual_county_anchor"": null, ""population"": 323}, {""source_record_id"": ""2010:005_888282bccc_13._20Краснодарский_край_2010.xls:КК:990"", ""source_row"": 990, ""name"": ""Южный"", ""type"": ""посёлок"", ""raw_literal_county"": """", ""actual_county_anchor"": null, ""population"": 354}]"
ROSSTAT2010:T5:p76:l43,краснодарский,Виноградный,поселок,Анапский район,3354.0,3.0,0.0,actual_printed_county_not_unique_or_unavailable,"[{""source_record_id"": ""2010:005_888282bccc_13._20Краснодарский_край_2010.xls:КК:1266"", ""source_row"": 1266, ""name"": ""Виноградный"", ""type"": ""посёлок"", ""raw_literal_county"": """", ""actual_county_anchor"": null, ""population"": 1986}, {""source_record_id"": ""2010:005_888282bccc_13._20Краснодарский_край_2010.xls:КК:49"", ""source_row"": 49, ""name"": ""Виноградный"", ""type"": ""посёлок"", ""raw_literal_county"": """", ""actual_county_anchor"": null, ""population"": 3353}, {""source_record_id"": ""2010:005_888282bccc_13._20Краснодарский_край_2010.xls:КК:659"", ""source_row"": 659, ""name"": ""Виноградный"", ""type"": ""посёлок"", ""raw_literal_county"": """", ""actual_county_anchor"": null, ""population"": 591}]"
ROSSTAT2010:T5:p77:l52,краснодарский,Южный,поселок,Динской район,5121.0,11.0,0.0,actual_printed_county_not_unique_or_unavailable,"[{""source_record_id"": ""2010:005_888282bccc_13._20Краснодарский_край_2010.xls:КК:1063"", ""source_row"": 1063, ""name"": ""Южный"", ""type"": ""посёлок"", ""raw_literal_county"": """", ""actual_county_anchor"": null, ""population"": 303}, {""source_record_id"": ""2010:005_888282bccc_13._20Краснодарский_край_2010.xls:КК:1355"", ""source_row"": 1355, ""name"": ""Южный"", ""type"": ""посёлок"", ""raw_literal_county"": """", ""actual_county_anchor"": null, ""population"": 10}, {""source_record_id"": ""2010:005_888282bccc_13._20Краснодарский_край_2010.xls:КК:1512"", ""source_row"": 1512, ""name"": ""Южный"", ""type"": ""посёлок"", ""raw_literal_county"": """", ""actual_county_anchor"": null, ""population"": 1039}, {""source_record_id"": ""2010:005_888282bccc_13._20Краснодарский_край_2010.xls:КК:1589"", ""source_row"": 1589, ""name"": ""Южный"", ""type"": ""посёлок"", ""raw_literal_county"": """", ""actual_county_anchor"": null, ""population"": 521}, {""source_record_id"": ""2010:005_888282bccc_13._20Краснодарский_край_2010.xls:КК:1595"", ""source_row"": 1595, ""name"": ""Южный"", ""type"": ""посёлок"", ""raw_literal_county"": """", ""actual_county_anchor"": null, ""population"": 3431}, {""source_record_id"": ""2010:005_888282bccc_13._20Краснодарский_край_2010.xls:КК:362"", ""source_row"": 362, ""name"": ""Южный"", ""type"": ""посёлок"", ""raw_literal_county"": """", ""actual_county_anchor"": null, ""population"": 5118}, {""source_record_id"": ""2010:005_888282bccc_13._20Краснодарский_край_2010.xls:КК:489"", ""source_row"": 489, ""name"": ""Южный"", ""type"": ""посёлок"", ""raw_literal_county"": """", ""actual_county_anchor"": null, ""population"": 718}, {""source_record_id"": ""2010:005_888282bccc_13._20Краснодарский_край_2010.xls:КК:674"", ""source_row"": 674, ""name"": ""Южный"", ""type"": ""посёлок"", ""raw_literal_county"": """", ""actual_county_anchor"": null, ""population"": 1015}, {""source_record_id"": ""2010:005_888282bccc_13._20Краснодарский_край_2010.xls:КК:949"", ""source_row"": 949, ""name"": ""Южный"", ""type"": ""посёлок"", ""raw_literal_county"": """", ""actual_county_anchor"": null, ""population"": 270}, {""source_record_id"": ""2010:005_888282bccc_13._20Краснодарский_край_2010.xls:КК:963"", ""source_row"": 963, ""name"": ""Южный"", ""type"": ""посёлок"", ""raw_literal_county"": """", ""actual_county_anchor"": null, ""population"": 323}, {""source_record_id"": ""2010:005_888282bccc_13._20Краснодарский_край_2010.xls:КК:990"", ""source_row"": 990, ""name"": ""Южный"", ""type"": ""посёлок"", ""raw_literal_county"": """", ""actual_county_anchor"": null, ""population"": 354}]"
ROSSTAT2010:T5:p78:l43,краснодарский,Крыловская,станица,Крыловский район,13621.0,2.0,0.0,actual_printed_county_not_unique_or_unavailable,"[{""source_record_id"": ""2010:005_888282bccc_13._20Краснодарский_край_2010.xls:КК:561"", ""source_row"": 561, ""name"": ""Крыловская"", ""type"": ""станица"", ""raw_literal_county"": """", ""actual_county_anchor"": null, ""population"": 13621}, {""source_record_id"": ""2010:005_888282bccc_13._20Краснодарский_край_2010.xls:КК:832"", ""source_row"": 832, ""name"": ""Крыловская"", ""type"": ""станица"", ""raw_literal_county"": """", ""actual_county_anchor"": null, ""population"": 6615}]"
ROSSTAT2010:T5:p78:l44,краснодарский,Октябрьская,станица,Крыловский район,11252.0,2.0,0.0,actual_printed_county_not_unique_or_unavailable,"[{""source_record_id"": ""2010:005_888282bccc_13._20Краснодарский_край_2010.xls:КК:157"", ""source_row"": 157, ""name"": ""Октябрьская"", ""type"": ""станица"", ""raw_literal_county"": """", ""actual_county_anchor"": null, ""population"": 372}, {""source_record_id"": ""2010:005_888282bccc_13._20Краснодарский_край_2010.xls:КК:583"", ""source_row"": 583, ""name"": ""Октябрьская"", ""type"": ""станица"", ""raw_literal_county"": """", ""actual_county_anchor"": null, ""population"": 11248}]"
ROSSTAT2010:T5:p79:l20,краснодарский,Красное,село,Кущевский район,3569.0,2.0,0.0,actual_printed_county_not_unique_or_unavailable,"[{""source_record_id"": ""2010:005_888282bccc_13._20Краснодарский_край_2010.xls:КК:1424"", ""source_row"": 1424, ""name"": ""Красное"", ""type"": ""село"", ""raw_literal_county"": """", ""actual_county_anchor"": null, ""population"": 413}, {""source_record_id"": ""2010:005_888282bccc_13._20Краснодарский_край_2010.xls:КК:724"", ""source_row"": 724, ""name"": ""Красное"", ""type"": ""село"", ""raw_literal_county"": """", ""actual_county_anchor"": null, ""population"": 3568}]"
ROSSTAT2010:T5:p79:l31,краснодарский,Крыловская,станица,Ленинградский район,6615.0,2.0,0.0,actual_printed_county_not_unique_or_unavailable,"[{""source_record_id"": ""2010:005_888282bccc_13._20Краснодарский_край_2010.xls:КК:561"", ""source_row"": 561, ""name"": ""Крыловская"", ""type"": ""станица"", ""raw_literal_county"": """", ""actual_county_anchor"": null, ""population"": 13621}, {""source_record_id"": ""2010:005_888282bccc_13._20Краснодарский_край_2010.xls:КК:832"", ""source_row"": 832, ""name"": ""Крыловская"", ""type"": ""станица"", ""raw_literal_county"": """", ""actual_county_anchor"": null, ""population"": 6615}]"
ROSSTAT2010:T5:p80:l8,краснодарский,Отрадная,станица,Отрадненский район,23204.0,2.0,0.0,actual_printed_county_not_unique_or_unavailable,"[{""source_record_id"": ""2010:005_888282bccc_13._20Краснодарский_край_2010.xls:КК:1008"", ""source_row"": 1008, ""name"": ""Отрадная"", ""type"": ""станица"", ""raw_literal_county"": """", ""actual_county_anchor"": null, ""population"": 23204}, {""source_record_id"": ""2010:005_888282bccc_13._20Краснодарский_край_2010.xls:КК:1360"", ""source_row"": 1360, ""name"": ""Отрадная"", ""type"": ""станица"", ""raw_literal_county"": """", ""actual_county_anchor"": null, ""population"": 1792}]"
ROSSTAT2010:T5:p80:l41,краснодарский,Коржевский,хутор,Славянский район,3683.0,2.0,0.0,actual_printed_county_not_unique_or_unavailable,"[{""source_record_id"": ""2010:005_888282bccc_13._20Краснодарский_край_2010.xls:КК:1165"", ""source_row"": 1165, ""name"": ""Коржевский"", ""type"": ""хутор"", ""raw_literal_county"": """", ""actual_county_anchor"": null, ""population"": 3680}, {""source_record_id"": ""2010:005_888282bccc_13._20Краснодарский_край_2010.xls:КК:552"", ""source_row"": 552, ""name"": ""Коржевский"", ""type"": ""хутор"", ""raw_literal_county"": """", ""actual_county_anchor"": null, ""population"": 299}]"
ROSSTAT2010:T5:p81:l38,краснодарский,Вольное,село,Успенский район,3504.0,2.0,0.0,actual_printed_county_not_unique_or_unavailable,"[{""source_record_id"": ""2010:005_888282bccc_13._20Краснодарский_край_2010.xls:КК:1458"", ""source_row"": 1458, ""name"": ""Вольное"", ""type"": ""село"", ""raw_literal_county"": """", ""actual_county_anchor"": null, ""population"": 205}, {""source_record_id"": ""2010:005_888282bccc_13._20Краснодарский_край_2010.xls:КК:1463"", ""source_row"": 1463, ""name"": ""Вольное"", ""type"": ""село"", ""raw_literal_county"": """", ""actual_county_anchor"": null, ""population"": 3508}]"
ROSSTAT2010:T5:p148:l36,курганская,Белозерское,село,Белозерский район,4141.0,1.0,0.0,actual_printed_county_not_unique_or_unavailable,"[{""source_record_id"": ""2010:003_eb441570b1_11._20Урал_ФО_2010.xls:Урал:42"", ""source_row"": 42, ""name"": ""Белозерское"", ""type"": ""село"", ""raw_literal_county"": ""альменевский"", ""actual_county_anchor"": {""source_row"": 7, ""source_cell_column_zero_based"": 3, ""literal_county_caption"": ""Альменевский район"", ""normalized_county"": ""альменевский"", ""raw_cells"": [1.0, ""Курганская область"", ""Курганская область"", ""Альменевский район"", ""село Альменево"", ""село"", ""Альменево"", 4309.0, ""татар"", 25.43513576235786, """", """"]}, ""population"": 4123}]"
ROSSTAT2010:T5:p148:l45,курганская,Звериноголовское,село,Звериноголовский район,4060.0,1.0,0.0,actual_printed_county_not_unique_or_unavailable,"[{""source_record_id"": ""2010:003_eb441570b1_11._20Урал_ФО_2010.xls:Урал:226"", ""source_row"": 226, ""name"": ""Звериноголовское"", ""type"": ""село"", ""raw_literal_county"": ""альменевский"", ""actual_county_anchor"": {""source_row"": 7, ""source_cell_column_zero_based"": 3, ""literal_county_caption"": ""Альменевский район"", ""normalized_county"": ""альменевский"", ""raw_cells"": [1.0, ""Курганская область"", ""Курганская область"", ""Альменевский район"", ""село Альменево"", ""село"", ""Альменево"", 4309.0, ""татар"", 25.43513576235786, """", """"]}, ""population"": 4060}]"
ROSSTAT2010:T5:p149:l9,курганская,Введенское,село,Кетовский район,4537.0,2.0,0.0,actual_printed_county_not_unique_or_unavailable,"[{""source_record_id"": ""2010:003_eb441570b1_11._20Урал_ФО_2010.xls:Урал:383"", ""source_row"": 383, ""name"": ""Введенское"", ""type"": ""село"", ""raw_literal_county"": ""альменевский"", ""actual_county_anchor"": {""source_row"": 7, ""source_cell_column_zero_based"": 3, ""literal_county_caption"": ""Альменевский район"", ""normalized_county"": ""альменевский"", ""raw_cells"": [1.0, ""Курганская область"", ""Курганская область"", ""Альменевский район"", ""село Альменево"", ""село"", ""Альменево"", 4309.0, ""татар"", 25.43513576235786, """", """"]}, ""population"": 4413}, {""source_record_id"": ""2010:003_eb441570b1_11._20Урал_ФО_2010.xls:Урал:614"", ""source_row"": 614, ""name"": ""Введенское"", ""type"": ""село"", ""raw_literal_county"": ""альменевский"", ""actual_county_anchor"": {""source_row"": 7, ""source_cell_column_zero_based"": 3, ""literal_county_caption"": ""Альменевский район"", ""normalized_county"": ""альменевский"", ""raw_cells"": [1.0, ""Курганская область"", ""Курганская область"", ""Альменевский район"", ""село Альменево"", ""село"", ""Альменево"", 4309.0, ""татар"", 25.43513576235786, """", """"]}, ""population"": 592}]"
ROSSTAT2010:T5:p149:l27,курганская,Мокроусово,село,Мокроусовский район,4849.0,1.0,0.0,actual_printed_county_not_unique_or_unavailable,"[{""source_record_id"": ""2010:003_eb441570b1_11._20Урал_ФО_2010.xls:Урал:681"", ""source_row"": 681, ""name"": ""Мокроусово"", ""type"": ""село"", ""raw_literal_county"": ""альменевский"", ""actual_county_anchor"": {""source_row"": 7, ""source_cell_column_zero_based"": 3, ""literal_county_caption"": ""Альменевский район"", ""normalized_county"": ""альменевский"", ""raw_cells"": [1.0, ""Курганская область"", ""Курганская область"", ""Альменевский район"", ""село Альменево"", ""село"", ""Альменево"", 4309.0, ""татар"", 25.43513576235786, """", """"]}, ""population"": 4851}]"
ROSSTAT2010:T5:p149:l33,курганская,Половинное,село,Половинский район,4645.0,2.0,0.0,actual_printed_county_not_unique_or_unavailable,"[{""source_record_id"": ""2010:003_eb441570b1_11._20Урал_ФО_2010.xls:Урал:760"", ""source_row"": 760, ""name"": ""Половинное"", ""type"": ""село"", ""raw_literal_county"": ""альменевский"", ""actual_county_anchor"": {""source_row"": 7, ""source_cell_column_zero_based"": 3, ""literal_county_caption"": ""Альменевский район"", ""normalized_county"": ""альменевский"", ""raw_cells"": [1.0, ""Курганская область"", ""Курганская область"", ""Альменевский район"", ""село Альменево"", ""село"", ""Альменево"", 4309.0, ""татар"", 25.43513576235786, """", """"]}, ""population"": 4642}, {""source_record_id"": ""2010:003_eb441570b1_11._20Урал_ФО_2010.xls:Урал:880"", ""source_row"": 880, ""name"": ""Половинное"", ""type"": ""село"", ""raw_literal_county"": ""альменевский"", ""actual_county_anchor"": {""source_row"": 7, ""source_cell_column_zero_based"": 3, ""literal_county_caption"": ""Альменевский район"", ""normalized_county"": ""альменевский"", ""raw_cells"": [1.0, ""Курганская область"", ""Курганская область"", ""Альменевский район"", ""село Альменево"", ""село"", ""Альменево"", 4309.0, ""татар"", 25.43513576235786, """", """"]}, ""population"": 988}]"
ROSSTAT2010:T5:p149:l36,курганская,Глядянское,село,Притобольный район,3964.0,1.0,0.0,actual_printed_county_not_unique_or_unavailable,"[{""source_record_id"": ""2010:003_eb441570b1_11._20Урал_ФО_2010.xls:Урал:792"", ""source_row"": 792, ""name"": ""Глядянское"", ""type"": ""село"", ""raw_literal_county"": ""альменевский"", ""actual_county_anchor"": {""source_row"": 7, ""source_cell_column_zero_based"": 3, ""literal_county_caption"": ""Альменевский район"", ""normalized_county"": ""альменевский"", ""raw_cells"": [1.0, ""Курганская область"", ""Курганская область"", ""Альменевский район"", ""село Альменево"", ""село"", ""Альменево"", 4309.0, ""татар"", 25.43513576235786, """", """"]}, ""population"": 3964}]"
ROSSTAT2010:T5:p149:l39,курганская,Сафакулево,село,Сафакулевский район,3629.0,1.0,0.0,actual_printed_county_not_unique_or_unavailable,"[{""source_record_id"": ""2010:003_eb441570b1_11._20Урал_ФО_2010.xls:Урал:838"", ""source_row"": 838, ""name"": ""Сафакулево"", ""type"": ""село"", ""raw_literal_county"": ""альменевский"", ""actual_county_anchor"": {""source_row"": 7, ""source_cell_column_zero_based"": 3, ""literal_county_caption"": ""Альменевский район"", ""normalized_county"": ""альменевский"", ""raw_cells"": [1.0, ""Курганская область"", ""Курганская область"", ""Альменевский район"", ""село Альменево"", ""село"", ""Альменево"", 4309.0, ""татар"", 25.43513576235786, """", """"]}, ""population"": 3628}]"
ROSSTAT2010:T5:p149:l42,курганская,Целинное,село,Целинный район,5076.0,1.0,0.0,actual_printed_county_not_unique_or_unavailable,"[{""source_record_id"": ""2010:003_eb441570b1_11._20Урал_ФО_2010.xls:Урал:895"", ""source_row"": 895, ""name"": ""Целинное"", ""type"": ""село"", ""raw_literal_county"": ""альменевский"", ""actual_county_anchor"": {""source_row"": 7, ""source_cell_column_zero_based"": 3, ""literal_county_caption"": ""Альменевский район"", ""normalized_county"": ""альменевский"", ""raw_cells"": [1.0, ""Курганская область"", ""Курганская область"", ""Альменевский район"", ""село Альменево"", ""село"", ""Альменево"", 4309.0, ""татар"", 25.43513576235786, """", """"]}, ""population"": 5076}]"
ROSSTAT2010:T5:p149:l45,курганская,Частоозерье,село,Частоозерский район,2749.0,1.0,0.0,actual_printed_county_not_unique_or_unavailable,"[{""source_record_id"": ""2010:003_eb441570b1_11._20Урал_ФО_2010.xls:Урал:917"", ""source_row"": 917, ""name"": ""Частоозерье"", ""type"": ""село"", ""raw_literal_county"": ""альменевский"", ""actual_county_anchor"": {""source_row"": 7, ""source_cell_column_zero_based"": 3, ""literal_county_caption"": ""Альменевский район"", ""normalized_county"": ""альменевский"", ""raw_cells"": [1.0, ""Курганская область"", ""Курганская область"", ""Альменевский район"", ""село Альменево"", ""село"", ""Альменево"", 4309.0, ""татар"", 25.43513576235786, """", """"]}, ""population"": 2747}]"
ROSSTAT2010:T5:p149:l49,курганская,Шатрово,село,Шатровский район,5688.0,1.0,0.0,actual_printed_county_not_unique_or_unavailable,"[{""source_record_id"": ""2010:003_eb441570b1_11._20Урал_ФО_2010.xls:Урал:1067"", ""source_row"": 1067, ""name"": ""Шатрово"", ""type"": ""село"", ""raw_literal_county"": ""альменевский"", ""actual_county_anchor"": {""source_row"": 7, ""source_cell_column_zero_based"": 3, ""literal_county_caption"": ""Альменевский район"", ""normalized_county"": ""альменевский"", ""raw_cells"": [1.0, ""Курганская область"", ""Курганская область"", ""Альменевский район"", ""село Альменево"", ""село"", ""Альменево"", 4309.0, ""татар"", 25.43513576235786, """", """"]}, ""population"": 5690}]"
ROSSTAT2010:T5:p67:l16,ленинградская,Нурма,деревня,Тосненский район,3146.0,2.0,0.0,actual_printed_county_not_unique_or_unavailable,"[{""source_record_id"": ""2010:001_723371ec84_1._20NW_2010.xls:NW:5937"", ""source_row"": 5937, ""name"": ""Нурма"", ""type"": ""деревня"", ""raw_literal_county"": """", ""actual_county_anchor"": null, ""population"": 0}, {""source_record_id"": ""2010:001_723371ec84_1._20NW_2010.xls:NW:8144"", ""source_row"": 8144, ""name"": ""Нурма"", ""type"": ""деревня"", ""raw_literal_county"": ""лужский"", ""actual_county_anchor"": {""source_row"": 7294, ""source_cell_column_zero_based"": 3, ""literal_county_caption"": ""Лужский"", ""normalized_county"": ""лужский"", ""raw_cells"": [7289.0, """", ""Ленинградская"", ""Лужский"", ""деревня Лединки"", 7.0, """", """", ""эст"", 86.0, """", """"]}, ""population"": 3148}]"
ROSSTAT2010:T5:p32:l8,липецкая,Красное,село,Краснинский район,3832.0,3.0,0.0,actual_printed_county_not_unique_or_unavailable,"[{""source_record_id"": ""2010:010_711691e352_2._20Kostrom_Kur_Lip_Moscow_MoscObl_Orlov_2010.xls:Data Sheet:6816"", ""source_row"": 6816, ""name"": ""Красное"", ""type"": ""село"", ""raw_literal_county"": """", ""actual_county_anchor"": null, ""population"": 168}, {""source_record_id"": ""2010:010_711691e352_2._20Kostrom_Kur_Lip_Moscow_MoscObl_Orlov_2010.xls:Data Sheet:7246"", ""source_row"": 7246, ""name"": ""Красное"", ""type"": ""село"", ""raw_literal_county"": """", ""actual_county_anchor"": null, ""population"": 3816}, {""source_record_id"": ""2010:010_711691e352_2._20Kostrom_Kur_Lip_Moscow_MoscObl_Orlov_2010.xls:Data Sheet:7767"", ""source_row"": 7767, ""name"": ""Красное"", ""type"": ""село"", ""raw_literal_county"": """", ""actual_county_anchor"": null, ""population"": 391}]"
ROSSTAT2010:T5:p115:l14,мордовия,Парца,поселок,Зубово-Полянский район,3017.0,2.0,2.0,actual_printed_county_not_unique_or_unavailable,"[{""source_record_id"": ""2010:017_68e0e4537e_9._20Basq_Mari_Mord_Tatar_Udm_Chuv_2010.xls:!!!:6530"", ""source_row"": 6530, ""name"": ""Парца"", ""type"": ""посёлок"", ""raw_literal_county"": ""зубово полянский"", ""actual_county_anchor"": {""source_row"": 6518, ""source_cell_column_zero_based"": 3, ""literal_county_caption"": ""Зубово-Полянский район"", ""normalized_county"": ""зубово полянский"", ""raw_cells"": [6513.0, """", ""Мордовия"", ""Зубово-Полянский район"", ""мокш"", ""пгт Зубова Поляна"", 10338.0, ""мокш"", 36.49642097117431, 6383.0, 4076.0, 19.0]}, ""population"": 1006}, {""source_record_id"": ""2010:017_68e0e4537e_9._20Basq_Mari_Mord_Tatar_Udm_Chuv_2010.xls:!!!:6548"", ""source_row"": 6548, ""name"": ""Парца"", ""type"": ""посёлок"", ""raw_literal_county"": ""зубово полянский"", ""actual_county_anchor"": {""source_row"": 6518, ""source_cell_column_zero_based"": 3, ""literal_county_caption"": ""Зубово-Полянский район"", ""normalized_county"": ""зубово полянский"", ""raw_cells"": [6513.0, """", ""Мордовия"", ""Зубово-Полянский район"", ""мокш"", ""пгт Зубова Поляна"", 10338.0, ""мокш"", 36.49642097117431, 6383.0, 4076.0, 19.0]}, ""population"": 0}]"
ROSSTAT2010:T5:p34:l22,московская,Гальчино,деревня,Домодедовский район,3060.0,2.0,0.0,actual_printed_county_not_unique_or_unavailable,"[{""source_record_id"": ""2010:010_711691e352_2._20Kostrom_Kur_Lip_Moscow_MoscObl_Orlov_2010.xls:Data Sheet:11066"", ""source_row"": 11066, ""name"": ""Гальчино"", ""type"": ""деревня"", ""raw_literal_county"": """", ""actual_county_anchor"": null, ""population"": 5}, {""source_record_id"": ""2010:010_711691e352_2._20Kostrom_Kur_Lip_Moscow_MoscObl_Orlov_2010.xls:Data Sheet:8846"", ""source_row"": 8846, ""name"": ""Гальчино"", ""type"": ""деревня"", ""raw_literal_county"": """", ""actual_county_anchor"": null, ""population"": 3059}]"
ROSSTAT2010:T5:p34:l23,московская,Ильинское,село,Домодедовский район,5276.0,6.0,0.0,actual_printed_county_not_unique_or_unavailable,"[{""source_record_id"": ""2010:010_711691e352_2._20Kostrom_Kur_Lip_Moscow_MoscObl_Orlov_2010.xls:Data Sheet:10351"", ""source_row"": 10351, ""name"": ""Ильинское"", ""type"": ""село"", ""raw_literal_county"": """", ""actual_county_anchor"": null, ""population"": 479}, {""source_record_id"": ""2010:010_711691e352_2._20Kostrom_Kur_Lip_Moscow_MoscObl_Orlov_2010.xls:Data Sheet:12488"", ""source_row"": 12488, ""name"": ""Ильинское"", ""type"": ""село"", ""raw_literal_county"": """", ""actual_county_anchor"": null, ""population"": 70}, {""source_record_id"": ""2010:010_711691e352_2._20Kostrom_Kur_Lip_Moscow_MoscObl_Orlov_2010.xls:Data Sheet:8224"", ""source_row"": 8224, ""name"": ""Ильинское"", ""type"": ""село"", ""raw_literal_county"": """", ""actual_county_anchor"": null, ""population"": 100}, {""source_record_id"": ""2010:010_711691e352_2._20Kostrom_Kur_Lip_Moscow_MoscObl_Orlov_2010.xls:Data Sheet:8312"", ""source_row"": 8312, ""name"": ""Ильинское"", ""type"": ""село"", ""raw_literal_county"": """", ""actual_county_anchor"": null, ""population"": 549}, {""source_record_id"": ""2010:010_711691e352_2._20Kostrom_Kur_Lip_Moscow_MoscObl_Orlov_2010.xls:Data Sheet:8452"", ""source_row"": 8452, ""name"": ""Ильинское"", ""type"": ""село"", ""raw_literal_county"": """", ""actual_county_anchor"": null, ""population"": 57}, {""source_record_id"": ""2010:010_711691e352_2._20Kostrom_Kur_Lip_Moscow_MoscObl_Orlov_2010.xls:Data Sheet:8862"", ""source_row"": 8862, ""name"": ""Ильинское"", ""type"": ""село"", ""raw_literal_county"": """", ""actual_county_anchor"": null, ""population"": 4207}]"
ROSSTAT2010:T5:p34:l43,московская,Рождествено,село,Истринский район,3335.0,2.0,0.0,actual_printed_county_not_unique_or_unavailable,"[{""source_record_id"": ""2010:010_711691e352_2._20Kostrom_Kur_Lip_Moscow_MoscObl_Orlov_2010.xls:Data Sheet:12724"", ""source_row"": 12724, ""name"": ""Рождествено"", ""type"": ""село"", ""raw_literal_county"": """", ""actual_county_anchor"": null, ""population"": 132}, {""source_record_id"": ""2010:010_711691e352_2._20Kostrom_Kur_Lip_Moscow_MoscObl_Orlov_2010.xls:Data Sheet:9795"", ""source_row"": 9795, ""name"": ""Рождествено"", ""type"": ""село"", ""raw_literal_county"": """", ""actual_county_anchor"": null, ""population"": 3336}]"
ROSSTAT2010:T5:p35:l10,московская,Сергиевский,поселок,Коломенский район,3397.0,2.0,0.0,actual_printed_county_not_unique_or_unavailable,"[{""source_record_id"": ""2010:010_711691e352_2._20Kostrom_Kur_Lip_Moscow_MoscObl_Orlov_2010.xls:Data Sheet:10288"", ""source_row"": 10288, ""name"": ""Сергиевский"", ""type"": ""посёлок"", ""raw_literal_county"": """", ""actual_county_anchor"": null, ""population"": 3399}, {""source_record_id"": ""2010:010_711691e352_2._20Kostrom_Kur_Lip_Moscow_MoscObl_Orlov_2010.xls:Data Sheet:9015"", ""source_row"": 9015, ""name"": ""Сергиевский"", ""type"": ""посёлок"", ""raw_literal_county"": """", ""actual_county_anchor"": null, ""population"": 99}]"
ROSSTAT2010:T5:p36:l26,московская,Яковлевское,деревня,Наро-Фоминский район,4138.0,2.0,0.0,actual_printed_county_not_unique_or_unavailable,"[{""source_record_id"": ""2010:010_711691e352_2._20Kostrom_Kur_Lip_Moscow_MoscObl_Orlov_2010.xls:Data Sheet:11413"", ""source_row"": 11413, ""name"": ""Яковлевское"", ""type"": ""деревня"", ""raw_literal_county"": """", ""actual_county_anchor"": null, ""population"": 4142}, {""source_record_id"": ""2010:010_711691e352_2._20Kostrom_Kur_Lip_Moscow_MoscObl_Orlov_2010.xls:Data Sheet:12954"", ""source_row"": 12954, ""name"": ""Яковлевское"", ""type"": ""деревня"", ""raw_literal_county"": """", ""actual_county_anchor"": null, ""population"": 47}]"
ROSSTAT2010:T5:p36:l37,московская,Зеленый,поселок,Ногинский район,4066.0,2.0,0.0,actual_printed_county_not_unique_or_unavailable,"[{""source_record_id"": ""2010:010_711691e352_2._20Kostrom_Kur_Lip_Moscow_MoscObl_Orlov_2010.xls:Data Sheet:11487"", ""source_row"": 11487, ""name"": ""Зеленый"", ""type"": ""посёлок"", ""raw_literal_county"": """", ""actual_county_anchor"": null, ""population"": 4068}, {""source_record_id"": ""2010:010_711691e352_2._20Kostrom_Kur_Lip_Moscow_MoscObl_Orlov_2010.xls:Data Sheet:12386"", ""source_row"": 12386, ""name"": ""Зелёный"", ""type"": ""посёлок"", ""raw_literal_county"": """", ""actual_county_anchor"": null, ""population"": 22}]"
ROSSTAT2010:T5:p36:l55,московская,Новый Городок,поселок,Одинцовский район,9154.0,2.0,0.0,actual_printed_county_not_unique_or_unavailable,"[{""source_record_id"": ""2010:010_711691e352_2._20Kostrom_Kur_Lip_Moscow_MoscObl_Orlov_2010.xls:Data Sheet:11747"", ""source_row"": 11747, ""name"": ""Новый Городок"", ""type"": ""посёлок"", ""raw_literal_county"": """", ""actual_county_anchor"": null, ""population"": 8816}, {""source_record_id"": ""2010:010_711691e352_2._20Kostrom_Kur_Lip_Moscow_MoscObl_Orlov_2010.xls:Data Sheet:14264"", ""source_row"": 14264, ""name"": ""Новый Городок"", ""type"": ""посёлок"", ""raw_literal_county"": """", ""actual_county_anchor"": null, ""population"": 2717}]"
ROSSTAT2010:T5:p37:l17,московская,Давыдово,деревня,Орехово-Зуевский район,10918.0,4.0,0.0,actual_printed_county_not_unique_or_unavailable,"[{""source_record_id"": ""2010:010_711691e352_2._20Kostrom_Kur_Lip_Moscow_MoscObl_Orlov_2010.xls:Data Sheet:11935"", ""source_row"": 11935, ""name"": ""Давыдово"", ""type"": ""деревня"", ""raw_literal_county"": """", ""actual_county_anchor"": null, ""population"": 10919}, {""source_record_id"": ""2010:010_711691e352_2._20Kostrom_Kur_Lip_Moscow_MoscObl_Orlov_2010.xls:Data Sheet:12129"", ""source_row"": 12129, ""name"": ""Давыдово"", ""type"": ""деревня"", ""raw_literal_county"": """", ""actual_county_anchor"": null, ""population"": 74}, {""source_record_id"": ""2010:010_711691e352_2._20Kostrom_Kur_Lip_Moscow_MoscObl_Orlov_2010.xls:Data Sheet:8100"", ""source_row"": 8100, ""name"": ""Давыдово"", ""type"": ""деревня"", ""raw_literal_county"": """", ""actual_county_anchor"": null, ""population"": 3}, {""source_record_id"": ""2010:010_711691e352_2._20Kostrom_Kur_Lip_Moscow_MoscObl_Orlov_2010.xls:Data Sheet:9505"", ""source_row"": 9505, ""name"": ""Давыдово"", ""type"": ""деревня"", ""raw_literal_county"": """", ""actual_county_anchor"": null, ""population"": 6}]"
ROSSTAT2010:T5:p37:l18,московская,Демихово,деревня,Орехово-Зуевский район,5563.0,1.0,0.0,actual_printed_county_not_unique_or_unavailable,"[{""source_record_id"": ""2010:010_711691e352_2._20Kostrom_Kur_Lip_Moscow_MoscObl_Orlov_2010.xls:Data Sheet:11941"", ""source_row"": 11941, ""name"": ""Демихово"", ""type"": ""деревня"", ""raw_literal_county"": """", ""actual_county_anchor"": null, ""population"": 5564}]"
ROSSTAT2010:T5:p37:l45,московская,Лесные Поляны,поселок,Пушкинский район,4053.0,3.0,0.0,actual_printed_county_not_unique_or_unavailable,"[{""source_record_id"": ""2010:010_711691e352_2._20Kostrom_Kur_Lip_Moscow_MoscObl_Orlov_2010.xls:Data Sheet:12193"", ""source_row"": 12193, ""name"": ""Лесные Поляны"", ""type"": ""посёлок"", ""raw_literal_county"": """", ""actual_county_anchor"": null, ""population"": 216}, {""source_record_id"": ""2010:010_711691e352_2._20Kostrom_Kur_Lip_Moscow_MoscObl_Orlov_2010.xls:Data Sheet:12374"", ""source_row"": 12374, ""name"": ""Лесные Поляны"", ""type"": ""посёлок"", ""raw_literal_county"": """", ""actual_county_anchor"": null, ""population"": 4053}, {""source_record_id"": ""2010:010_711691e352_2._20Kostrom_Kur_Lip_Moscow_MoscObl_Orlov_2010.xls:Data Sheet:14205"", ""source_row"": 14205, ""name"": ""Лесные Поляны"", ""type"": ""посёлок"", ""raw_literal_county"": """", ""actual_county_anchor"": null, ""population"": 223}]"
ROSSTAT2010:T5:p37:l59,московская,Константиново,село,Раменский район,3974.0,4.0,0.0,actual_printed_county_not_unique_or_unavailable,"[{""source_record_id"": ""2010:010_711691e352_2._20Kostrom_Kur_Lip_Moscow_MoscObl_Orlov_2010.xls:Data Sheet:12489"", ""source_row"": 12489, ""name"": ""Константиново"", ""type"": ""село"", ""raw_literal_county"": """", ""actual_county_anchor"": null, ""population"": 3978}, {""source_record_id"": ""2010:010_711691e352_2._20Kostrom_Kur_Lip_Moscow_MoscObl_Orlov_2010.xls:Data Sheet:8403"", ""source_row"": 8403, ""name"": ""Константиново"", ""type"": ""село"", ""raw_literal_county"": """", ""actual_county_anchor"": null, ""population"": 232}, {""source_record_id"": ""2010:010_711691e352_2._20Kostrom_Kur_Lip_Moscow_MoscObl_Orlov_2010.xls:Data Sheet:8871"", ""source_row"": 8871, ""name"": ""Константиново"", ""type"": ""село"", ""raw_literal_county"": """", ""actual_county_anchor"": null, ""population"": 137}, {""source_record_id"": ""2010:010_711691e352_2._20Kostrom_Kur_Lip_Moscow_MoscObl_Orlov_2010.xls:Data Sheet:9413"", ""source_row"": 9413, ""name"": ""Константиново"", ""type"": ""село"", ""raw_literal_county"": """", ""actual_county_anchor"": null, ""population"": 749}]"
ROSSTAT2010:T5:p38:l29,московская,Шеметово,село,Сергиево-Посадский район,4362.0,2.0,0.0,actual_printed_county_not_unique_or_unavailable,"[{""source_record_id"": ""2010:010_711691e352_2._20Kostrom_Kur_Lip_Moscow_MoscObl_Orlov_2010.xls:Data Sheet:10272"", ""source_row"": 10272, ""name"": ""Шеметово"", ""type"": ""село"", ""raw_literal_county"": """", ""actual_county_anchor"": null, ""population"": 664}, {""source_record_id"": ""2010:010_711691e352_2._20Kostrom_Kur_Lip_Moscow_MoscObl_Orlov_2010.xls:Data Sheet:9457"", ""source_row"": 9457, ""name"": ""Шеметово"", ""type"": ""село"", ""raw_literal_county"": """", ""actual_county_anchor"": null, ""population"": 4365}]"
ROSSTAT2010:T5:p38:l32,московская,Серебряные Пруды,пгт,Серебряно-Прудский район,9705.0,1.0,0.0,actual_printed_county_not_unique_or_unavailable,"[{""source_record_id"": ""2010:010_711691e352_2._20Kostrom_Kur_Lip_Moscow_MoscObl_Orlov_2010.xls:Data Sheet:12873"", ""source_row"": 12873, ""name"": ""Серебряные Пруды"", ""type"": ""пгт"", ""raw_literal_county"": """", ""actual_county_anchor"": null, ""population"": 9709}]"
ROSSTAT2010:T5:p39:l31,московская,Троицкое,село,Чеховский район,4873.0,3.0,0.0,actual_printed_county_not_unique_or_unavailable,"[{""source_record_id"": ""2010:010_711691e352_2._20Kostrom_Kur_Lip_Moscow_MoscObl_Orlov_2010.xls:Data Sheet:11112"", ""source_row"": 11112, ""name"": ""Троицкое"", ""type"": ""село"", ""raw_literal_county"": """", ""actual_county_anchor"": null, ""population"": 138}, {""source_record_id"": ""2010:010_711691e352_2._20Kostrom_Kur_Lip_Moscow_MoscObl_Orlov_2010.xls:Data Sheet:11755"", ""source_row"": 11755, ""name"": ""Троицкое"", ""type"": ""село"", ""raw_literal_county"": """", ""actual_county_anchor"": null, ""population"": 52}, {""source_record_id"": ""2010:010_711691e352_2._20Kostrom_Kur_Lip_Moscow_MoscObl_Orlov_2010.xls:Data Sheet:13773"", ""source_row"": 13773, ""name"": ""Троицкое"", ""type"": ""село"", ""raw_literal_county"": """", ""actual_county_anchor"": null, ""population"": 3191}]"
ROSSTAT2010:T5:p130:l50,нижегородская,Чернуха,село,Арзамасский район,3364.0,4.0,0.0,actual_printed_county_not_unique_or_unavailable,"[{""source_record_id"": ""2010:014_5ca759eea0_5._20Nizheg_Kirov_202010.xls:Data Sheet:170"", ""source_row"": 170, ""name"": ""Чернуха"", ""type"": ""село"", ""raw_literal_county"": """", ""actual_county_anchor"": null, ""population"": 3321}, {""source_record_id"": ""2010:014_5ca759eea0_5._20Nizheg_Kirov_202010.xls:Data Sheet:2286"", ""source_row"": 2286, ""name"": ""Чернуха"", ""type"": ""село"", ""raw_literal_county"": ""выксунский"", ""actual_county_anchor"": {""source_row"": 1212, ""source_cell_column_zero_based"": 3, ""literal_county_caption"": ""Выксунский район"", ""normalized_county"": ""выксунский"", ""raw_cells"": [1206.0, """", ""Нижегород"", ""Выксунский район"", ""г. Выкса"", 56071.0, """", """", """", """", 7.0, """"]}, ""population"": 127}, {""source_record_id"": ""2010:014_5ca759eea0_5._20Nizheg_Kirov_202010.xls:Data Sheet:2431"", ""source_row"": 2431, ""name"": ""Чернуха"", ""type"": ""село"", ""raw_literal_county"": ""выксунский"", ""actual_county_anchor"": {""source_row"": 1212, ""source_cell_column_zero_based"": 3, ""literal_county_caption"": ""Выксунский район"", ""normalized_county"": ""выксунский"", ""raw_cells"": [1206.0, """", ""Нижегород"", ""Выксунский район"", ""г. Выкса"", 56071.0, """", """", """", """", 7.0, """"]}, ""population"": 1808}, {""source_record_id"": ""2010:014_5ca759eea0_5._20Nizheg_Kirov_202010.xls:Data Sheet:2629"", ""source_row"": 2629, ""name"": ""Чернуха"", ""type"": ""село"", ""raw_literal_county"": ""выксунский"", ""actual_county_anchor"": {""source_row"": 1212, ""source_cell_column_zero_based"": 3, ""literal_county_caption"": ""Выксунский район"", ""normalized_county"": ""выксунский"", ""raw_cells"": [1206.0, """", ""Нижегород"", ""Выксунский район"", ""г. Выкса"", 56071.0, """", """", """", """", 7.0, """"]}, ""population"": 376}]"
ROSSTAT2010:T5:p131:l10,нижегородская,Буревестник,поселок,Богородский район,3219.0,3.0,0.0,actual_printed_county_not_unique_or_unavailable,"[{""source_record_id"": ""2010:014_5ca759eea0_5._20Nizheg_Kirov_202010.xls:Data Sheet:124"", ""source_row"": 124, ""name"": ""Буревестник"", ""type"": ""посёлок"", ""raw_literal_county"": """", ""actual_county_anchor"": null, ""population"": 0}, {""source_record_id"": ""2010:014_5ca759eea0_5._20Nizheg_Kirov_202010.xls:Data Sheet:1713"", ""source_row"": 1713, ""name"": ""Буревестник"", ""type"": ""посёлок"", ""raw_literal_county"": ""выксунский"", ""actual_county_anchor"": {""source_row"": 1212, ""source_cell_column_zero_based"": 3, ""literal_county_caption"": ""Выксунский район"", ""normalized_county"": ""выксунский"", ""raw_cells"": [1206.0, """", ""Нижегород"", ""Выксунский район"", ""г. Выкса"", 56071.0, """", """", """", """", 7.0, """"]}, ""population"": 513}, {""source_record_id"": ""2010:014_5ca759eea0_5._20Nizheg_Kirov_202010.xls:Data Sheet:270"", ""source_row"": 270, ""name"": ""Буревестник"", ""type"": ""посёлок"", ""raw_literal_county"": """", ""actual_county_anchor"": null, ""population"": 3218}]"
ROSSTAT2010:T5:p132:l27,нижегородская,Дальнее Константиново,пгт,Дальнеконстантиновский район,4777.0,1.0,0.0,actual_printed_county_not_unique_or_unavailable,"[{""source_record_id"": ""2010:014_5ca759eea0_5._20Nizheg_Kirov_202010.xls:Data Sheet:1763"", ""source_row"": 1763, ""name"": ""Дальнее Константиново"", ""type"": ""пгт"", ""raw_literal_county"": ""выксунский"", ""actual_county_anchor"": {""source_row"": 1212, ""source_cell_column_zero_based"": 3, ""literal_county_caption"": ""Выксунский район"", ""normalized_county"": ""выксунский"", ""raw_cells"": [1206.0, """", ""Нижегород"", ""Выксунский район"", ""г. Выкса"", 56071.0, """", """", """", """", 7.0, """"]}, ""population"": 4744}]"
ROSSTAT2010:T5:p132:l54,нижегородская,Афонино,деревня,Кстовский район,3360.0,2.0,0.0,actual_printed_county_not_unique_or_unavailable,"[{""source_record_id"": ""2010:014_5ca759eea0_5._20Nizheg_Kirov_202010.xls:Data Sheet:2324"", ""source_row"": 2324, ""name"": ""Афонино"", ""type"": ""деревня"", ""raw_literal_county"": ""выксунский"", ""actual_county_anchor"": {""source_row"": 1212, ""source_cell_column_zero_based"": 3, ""literal_county_caption"": ""Выксунский район"", ""normalized_county"": ""выксунский"", ""raw_cells"": [1206.0, """", ""Нижегород"", ""Выксунский район"", ""г. Выкса"", 56071.0, """", """", """", """", 7.0, """"]}, ""population"": 3359}, {""source_record_id"": ""2010:014_5ca759eea0_5._20Nizheg_Kirov_202010.xls:Data Sheet:4436"", ""source_row"": 4436, ""name"": ""Афонино"", ""type"": ""деревня"", ""raw_literal_county"": ""шатковский"", ""actual_county_anchor"": {""source_row"": 4075, ""source_cell_column_zero_based"": 3, ""literal_county_caption"": ""Шатковский район"", ""normalized_county"": ""шатковский"", ""raw_cells"": [4069.0, """", ""Нижегород"", ""Шатковский район"", ""пгт Шатки"", 9650.0, """", """", """", """", """", """"]}, ""population"": 4}]"
ROSSTAT2010:T5:p133:l47,нижегородская,Починки,село,Починковский район,11891.0,2.0,0.0,actual_printed_county_not_unique_or_unavailable,"[{""source_record_id"": ""2010:014_5ca759eea0_5._20Nizheg_Kirov_202010.xls:Data Sheet:3014"", ""source_row"": 3014, ""name"": ""Починки"", ""type"": ""село"", ""raw_literal_county"": ""выксунский"", ""actual_county_anchor"": {""source_row"": 1212, ""source_cell_column_zero_based"": 3, ""literal_county_caption"": ""Выксунский район"", ""normalized_county"": ""выксунский"", ""raw_cells"": [1206.0, """", ""Нижегород"", ""Выксунский район"", ""г. Выкса"", 56071.0, """", """", """", """", 7.0, """"]}, ""population"": 11823}, {""source_record_id"": ""2010:014_5ca759eea0_5._20Nizheg_Kirov_202010.xls:Data Sheet:4128"", ""source_row"": 4128, ""name"": ""Починки"", ""type"": ""село"", ""raw_literal_county"": ""шатковский"", ""actual_county_anchor"": {""source_row"": 4075, ""source_cell_column_zero_based"": 3, ""literal_county_caption"": ""Шатковский район"", ""normalized_county"": ""шатковский"", ""raw_cells"": [4069.0, """", ""Нижегород"", ""Шатковский район"", ""пгт Шатки"", 9650.0, """", """", """", """", """", """"]}, ""population"": 19}]"
ROSSTAT2010:T5:p134:l14,нижегородская,Спасское,село,Спасский район,3947.0,4.0,0.0,actual_printed_county_not_unique_or_unavailable,"[{""source_record_id"": ""2010:014_5ca759eea0_5._20Nizheg_Kirov_202010.xls:Data Sheet:3456"", ""source_row"": 3456, ""name"": ""Спасское"", ""type"": ""село"", ""raw_literal_county"": ""выксунский"", ""actual_county_anchor"": {""source_row"": 1212, ""source_cell_column_zero_based"": 3, ""literal_county_caption"": ""Выксунский район"", ""normalized_county"": ""выксунский"", ""raw_cells"": [1206.0, """", ""Нижегород"", ""Выксунский район"", ""г. Выкса"", 56071.0, """", """", """", """", 7.0, """"]}, ""population"": 3825}, {""source_record_id"": ""2010:014_5ca759eea0_5._20Nizheg_Kirov_202010.xls:Data Sheet:4095"", ""source_row"": 4095, ""name"": ""Спасское"", ""type"": ""село"", ""raw_literal_county"": ""шатковский"", ""actual_county_anchor"": {""source_row"": 4075, ""source_cell_column_zero_based"": 3, ""literal_county_caption"": ""Шатковский район"", ""normalized_county"": ""шатковский"", ""raw_cells"": [4069.0, """", ""Нижегород"", ""Шатковский район"", ""пгт Шатки"", 9650.0, """", """", """", """", """", """"]}, ""population"": 397}, {""source_record_id"": ""2010:014_5ca759eea0_5._20Nizheg_Kirov_202010.xls:Data Sheet:4755"", ""source_row"": 4755, ""name"": ""Спасское"", ""type"": ""село"", ""raw_literal_county"": ""шатковский"", ""actual_county_anchor"": {""source_row"": 4075, ""source_cell_column_zero_based"": 3, ""literal_county_caption"": ""Шатковский район"", ""normalized_county"": ""шатковский"", ""raw_cells"": [4069.0, """", ""Нижегород"", ""Шатковский район"", ""пгт Шатки"", 9650.0, """", """", """", """", """", """"]}, ""population"": 595}, {""source_record_id"": ""2010:014_5ca759eea0_5._20Nizheg_Kirov_202010.xls:Data Sheet:874"", ""source_row"": 874, ""name"": ""Спасское"", ""type"": ""село"", ""raw_literal_county"": """", ""actual_county_anchor"": null, ""population"": 0}]"
ROSSTAT2010:T5:p69:l38,новгородская,Григорово,деревня,Новгородский район,3330.0,3.0,0.0,actual_printed_county_not_unique_or_unavailable,"[{""source_record_id"": ""2010:001_723371ec84_1._20NW_2010.xls:NW:10179"", ""source_row"": 10179, ""name"": ""Григорово"", ""type"": ""деревня"", ""raw_literal_county"": ""батецкий"", ""actual_county_anchor"": {""source_row"": 8317, ""source_cell_column_zero_based"": 3, ""literal_county_caption"": ""Батецкий"", ""normalized_county"": ""батецкий"", ""raw_cells"": [8312.0, ""Новгородская область"", ""Новгородская область"", ""Батецкий"", ""посёлок Батецкий"", 2258.0, """", """", """", """", """", """"]}, ""population"": 3}, {""source_record_id"": ""2010:001_723371ec84_1._20NW_2010.xls:NW:10313"", ""source_row"": 10313, ""name"": ""Григорово"", ""type"": ""деревня"", ""raw_literal_county"": ""батецкий"", ""actual_county_anchor"": {""source_row"": 8317, ""source_cell_column_zero_based"": 3, ""literal_county_caption"": ""Батецкий"", ""normalized_county"": ""батецкий"", ""raw_cells"": [8312.0, ""Новгородская область"", ""Новгородская область"", ""Батецкий"", ""посёлок Батецкий"", 2258.0, """", """", """", """", """", """"]}, ""population"": 3331}, {""source_record_id"": ""2010:001_723371ec84_1._20NW_2010.xls:NW:11339"", ""source_row"": 11339, ""name"": ""Григорово"", ""type"": ""деревня"", ""raw_literal_county"": ""батецкий"", ""actual_county_anchor"": {""source_row"": 8317, ""source_cell_column_zero_based"": 3, ""literal_county_caption"": ""Батецкий"", ""normalized_county"": ""батецкий"", ""raw_cells"": [8312.0, ""Новгородская область"", ""Новгородская область"", ""Батецкий"", ""посёлок Батецкий"", 2258.0, """", """", """", """", """", """"]}, ""population"": 57}]"
ROSSTAT2010:T5:p69:l39,новгородская,Подберезье,деревня,Новгородский район,3012.0,7.0,0.0,actual_printed_county_not_unique_or_unavailable,"[{""source_record_id"": ""2010:001_723371ec84_1._20NW_2010.xls:NW:10118"", ""source_row"": 10118, ""name"": ""Подберезье"", ""type"": ""деревня"", ""raw_literal_county"": ""батецкий"", ""actual_county_anchor"": {""source_row"": 8317, ""source_cell_column_zero_based"": 3, ""literal_county_caption"": ""Батецкий"", ""normalized_county"": ""батецкий"", ""raw_cells"": [8312.0, ""Новгородская область"", ""Новгородская область"", ""Батецкий"", ""посёлок Батецкий"", 2258.0, """", """", """", """", """", """"]}, ""population"": 6}, {""source_record_id"": ""2010:001_723371ec84_1._20NW_2010.xls:NW:10333"", ""source_row"": 10333, ""name"": ""Подберезье"", ""type"": ""деревня"", ""raw_literal_county"": ""батецкий"", ""actual_county_anchor"": {""source_row"": 8317, ""source_cell_column_zero_based"": 3, ""literal_county_caption"": ""Батецкий"", ""normalized_county"": ""батецкий"", ""raw_cells"": [8312.0, ""Новгородская область"", ""Новгородская область"", ""Батецкий"", ""посёлок Батецкий"", 2258.0, """", """", """", """", """", """"]}, ""population"": 2940}, {""source_record_id"": ""2010:001_723371ec84_1._20NW_2010.xls:NW:10433"", ""source_row"": 10433, ""name"": ""Подберезье"", ""type"": ""деревня"", ""raw_literal_county"": ""батецкий"", ""actual_county_anchor"": {""source_row"": 8317, ""source_cell_column_zero_based"": 3, ""literal_county_caption"": ""Батецкий"", ""normalized_county"": ""батецкий"", ""raw_cells"": [8312.0, ""Новгородская область"", ""Новгородская область"", ""Батецкий"", ""посёлок Батецкий"", 2258.0, """", """", """", """", """", """"]}, ""population"": 5}, {""source_record_id"": ""2010:001_723371ec84_1._20NW_2010.xls:NW:11146"", ""source_row"": 11146, ""name"": ""Подберезье"", ""type"": ""деревня"", ""raw_literal_county"": ""батецкий"", ""actual_county_anchor"": {""source_row"": 8317, ""source_cell_column_zero_based"": 3, ""literal_county_caption"": ""Батецкий"", ""normalized_county"": ""батецкий"", ""raw_cells"": [8312.0, ""Новгородская область"", ""Новгородская область"", ""Батецкий"", ""посёлок Батецкий"", 2258.0, """", """", """", """", """", """"]}, ""population"": 3}, {""source_record_id"": ""2010:001_723371ec84_1._20NW_2010.xls:NW:11837"", ""source_row"": 11837, ""name"": ""Подберезье"", ""type"": ""деревня"", ""raw_literal_county"": ""батецкий"", ""actual_county_anchor"": {""source_row"": 8317, ""source_cell_column_zero_based"": 3, ""literal_county_caption"": ""Батецкий"", ""normalized_county"": ""батецкий"", ""raw_cells"": [8312.0, ""Новгородская область"", ""Новгородская область"", ""Батецкий"", ""посёлок Батецкий"", 2258.0, """", """", """", """", """", """"]}, ""population"": 0}, {""source_record_id"": ""2010:001_723371ec84_1._20NW_2010.xls:NW:8424"", ""source_row"": 8424, ""name"": ""Подберезье"", ""type"": ""деревня"", ""raw_literal_county"": ""батецкий"", ""actual_county_anchor"": {""source_row"": 8317, ""source_cell_column_zero_based"": 3, ""literal_county_caption"": ""Батецкий"", ""normalized_county"": ""батецкий"", ""raw_cells"": [8312.0, ""Новгородская область"", ""Новгородская область"", ""Батецкий"", ""посёлок Батецкий"", 2258.0, """", """", """", """", """", """"]}, ""population"": 58}, {""source_record_id"": ""2010:001_723371ec84_1._20NW_2010.xls:NW:9654"", ""source_row"": 9654, ""name"": ""Подберезье"", ""type"": ""деревня"", ""raw_literal_county"": ""батецкий"", ""actual_county_anchor"": {""source_row"": 8317, ""source_cell_column_zero_based"": 3, ""literal_county_caption"": ""Батецкий"", ""normalized_county"": ""батецкий"", ""raw_cells"": [8312.0, ""Новгородская область"", ""Новгородская область"", ""Батецкий"", ""посёлок Батецкий"", 2258.0, """", """", """", """", """", """"]}, ""population"": 4}]"
ROSSTAT2010:T5:p69:l40,новгородская,Трубичино,деревня,Новгородский район,3009.0,2.0,0.0,actual_printed_county_not_unique_or_unavailable,"[{""source_record_id"": ""2010:001_723371ec84_1._20NW_2010.xls:NW:10389"", ""source_row"": 10389, ""name"": ""Трубичино"", ""type"": ""деревня"", ""raw_literal_county"": ""батецкий"", ""actual_county_anchor"": {""source_row"": 8317, ""source_cell_column_zero_based"": 3, ""literal_county_caption"": ""Батецкий"", ""normalized_county"": ""батецкий"", ""raw_cells"": [8312.0, ""Новгородская область"", ""Новгородская область"", ""Батецкий"", ""посёлок Батецкий"", 2258.0, """", """", """", """", """", """"]}, ""population"": 3004}, {""source_record_id"": ""2010:001_723371ec84_1._20NW_2010.xls:NW:11002"", ""source_row"": 11002, ""name"": ""Трубичино"", ""type"": ""деревня"", ""raw_literal_county"": ""батецкий"", ""actual_county_anchor"": {""source_row"": 8317, ""source_cell_column_zero_based"": 3, ""literal_county_caption"": ""Батецкий"", ""normalized_county"": ""батецкий"", ""raw_cells"": [8312.0, ""Новгородская область"", ""Новгородская область"", ""Батецкий"", ""посёлок Батецкий"", 2258.0, """", """", """", """", """", """"]}, ""population"": 9}]"
ROSSTAT2010:T5:p135:l60,оренбургская,Александровка,село,Александровский район,3988.0,7.0,0.0,actual_printed_county_not_unique_or_unavailable,"[{""source_record_id"": ""2010:016_802d308e41_8._20Or_Penz_Perm_Samar_Saratov_Uly_2010.xls:!!!:1480"", ""source_row"": 1480, ""name"": ""Александровка"", ""type"": ""село"", ""raw_literal_county"": """", ""actual_county_anchor"": null, ""population"": 226}, {""source_record_id"": ""2010:016_802d308e41_8._20Or_Penz_Perm_Samar_Saratov_Uly_2010.xls:!!!:1486"", ""source_row"": 1486, ""name"": ""Александровка"", ""type"": ""село"", ""raw_literal_county"": """", ""actual_county_anchor"": null, ""population"": 3987}, {""source_record_id"": ""2010:016_802d308e41_8._20Or_Penz_Perm_Samar_Saratov_Uly_2010.xls:!!!:1750"", ""source_row"": 1750, ""name"": ""Александровка"", ""type"": ""село"", ""raw_literal_county"": """", ""actual_county_anchor"": null, ""population"": 41}, {""source_record_id"": ""2010:016_802d308e41_8._20Or_Penz_Perm_Samar_Saratov_Uly_2010.xls:!!!:1827"", ""source_row"": 1827, ""name"": ""Александровка"", ""type"": ""село"", ""raw_literal_county"": """", ""actual_county_anchor"": null, ""population"": 536}, {""source_record_id"": ""2010:016_802d308e41_8._20Or_Penz_Perm_Samar_Saratov_Uly_2010.xls:!!!:2152"", ""source_row"": 2152, ""name"": ""Александровка"", ""type"": ""село"", ""raw_literal_county"": """", ""actual_county_anchor"": null, ""population"": 148}, {""source_record_id"": ""2010:016_802d308e41_8._20Or_Penz_Perm_Samar_Saratov_Uly_2010.xls:!!!:2222"", ""source_row"": 2222, ""name"": ""Александровка"", ""type"": ""село"", ""raw_literal_county"": """", ""actual_county_anchor"": null, ""population"": 87}, {""source_record_id"": ""2010:016_802d308e41_8._20Or_Penz_Perm_Samar_Saratov_Uly_2010.xls:!!!:2622"", ""source_row"": 2622, ""name"": ""Александровка"", ""type"": ""село"", ""raw_literal_county"": """", ""actual_county_anchor"": null, ""population"": 359}]"
ROSSTAT2010:T5:p136:l11,оренбургская,Беляевка,село,Беляевский район,4989.0,2.0,0.0,actual_printed_county_not_unique_or_unavailable,"[{""source_record_id"": ""2010:016_802d308e41_8._20Or_Penz_Perm_Samar_Saratov_Uly_2010.xls:!!!:1603"", ""source_row"": 1603, ""name"": ""Беляевка"", ""type"": ""село"", ""raw_literal_county"": """", ""actual_county_anchor"": null, ""population"": 4982}, {""source_record_id"": ""2010:016_802d308e41_8._20Or_Penz_Perm_Samar_Saratov_Uly_2010.xls:!!!:2747"", ""source_row"": 2747, ""name"": ""Беляевка"", ""type"": ""село"", ""raw_literal_county"": """", ""actual_county_anchor"": null, ""population"": 178}]"
ROSSTAT2010:T5:p136:l20,оренбургская,Грачѐвка,село,Грачѐвский район,6122.0,3.0,0.0,actual_printed_county_not_unique_or_unavailable,"[{""source_record_id"": ""2010:016_802d308e41_8._20Or_Penz_Perm_Samar_Saratov_Uly_2010.xls:!!!:1832"", ""source_row"": 1832, ""name"": ""Грачёвка"", ""type"": ""село"", ""raw_literal_county"": """", ""actual_county_anchor"": null, ""population"": 6120}, {""source_record_id"": ""2010:016_802d308e41_8._20Or_Penz_Perm_Samar_Saratov_Uly_2010.xls:!!!:2007"", ""source_row"": 2007, ""name"": ""Грачёвка"", ""type"": ""село"", ""raw_literal_county"": """", ""actual_county_anchor"": null, ""population"": 270}, {""source_record_id"": ""2010:016_802d308e41_8._20Or_Penz_Perm_Samar_Saratov_Uly_2010.xls:!!!:2102"", ""source_row"": 2102, ""name"": ""Грачёвка"", ""type"": ""село"", ""raw_literal_county"": """", ""actual_county_anchor"": null, ""population"": 380}]"
ROSSTAT2010:T5:p136:l39,оренбургская,Матвеевка,село,Матвеевский район,3044.0,2.0,0.0,actual_printed_county_not_unique_or_unavailable,"[{""source_record_id"": ""2010:016_802d308e41_8._20Or_Penz_Perm_Samar_Saratov_Uly_2010.xls:!!!:2136"", ""source_row"": 2136, ""name"": ""Матвеевка"", ""type"": ""село"", ""raw_literal_county"": """", ""actual_county_anchor"": null, ""population"": 3044}, {""source_record_id"": ""2010:016_802d308e41_8._20Or_Penz_Perm_Samar_Saratov_Uly_2010.xls:!!!:2789"", ""source_row"": 2789, ""name"": ""Матвеевка"", ""type"": ""село"", ""raw_literal_county"": """", ""actual_county_anchor"": null, ""population"": 397}]"
ROSSTAT2010:T5:p136:l49,оренбургская,Октябрьское,село,Октябрьский район,7701.0,2.0,0.0,actual_printed_county_not_unique_or_unavailable,"[{""source_record_id"": ""2010:016_802d308e41_8._20Or_Penz_Perm_Samar_Saratov_Uly_2010.xls:!!!:2286"", ""source_row"": 2286, ""name"": ""Октябрьское"", ""type"": ""село"", ""raw_literal_county"": """", ""actual_county_anchor"": null, ""population"": 7701}, {""source_record_id"": ""2010:016_802d308e41_8._20Or_Penz_Perm_Samar_Saratov_Uly_2010.xls:!!!:2690"", ""source_row"": 2690, ""name"": ""Октябрьское"", ""type"": ""село"", ""raw_literal_county"": """", ""actual_county_anchor"": null, ""population"": 278}]"
ROSSTAT2010:T5:p136:l55,оренбургская,Первомайский,поселок,Оренбургский район,7569.0,4.0,0.0,actual_printed_county_not_unique_or_unavailable,"[{""source_record_id"": ""2010:016_802d308e41_8._20Or_Penz_Perm_Samar_Saratov_Uly_2010.xls:!!!:1378"", ""source_row"": 1378, ""name"": ""Первомайский"", ""type"": ""посёлок"", ""raw_literal_county"": """", ""actual_county_anchor"": null, ""population"": 247}, {""source_record_id"": ""2010:016_802d308e41_8._20Or_Penz_Perm_Samar_Saratov_Uly_2010.xls:!!!:2324"", ""source_row"": 2324, ""name"": ""Первомайский"", ""type"": ""посёлок"", ""raw_literal_county"": """", ""actual_county_anchor"": null, ""population"": 6958}, {""source_record_id"": ""2010:016_802d308e41_8._20Or_Penz_Perm_Samar_Saratov_Uly_2010.xls:!!!:2388"", ""source_row"": 2388, ""name"": ""Первомайский"", ""type"": ""посёлок"", ""raw_literal_county"": """", ""actual_county_anchor"": null, ""population"": 6347}, {""source_record_id"": ""2010:016_802d308e41_8._20Or_Penz_Perm_Samar_Saratov_Uly_2010.xls:!!!:2639"", ""source_row"": 2639, ""name"": ""Первомайский"", ""type"": ""посёлок"", ""raw_literal_county"": """", ""actual_county_anchor"": null, ""population"": 535}]"
ROSSTAT2010:T5:p137:l8,оренбургская,Первомайский,поселок,Первомайский район,6346.0,4.0,0.0,actual_printed_county_not_unique_or_unavailable,"[{""source_record_id"": ""2010:016_802d308e41_8._20Or_Penz_Perm_Samar_Saratov_Uly_2010.xls:!!!:1378"", ""source_row"": 1378, ""name"": ""Первомайский"", ""type"": ""посёлок"", ""raw_literal_county"": """", ""actual_county_anchor"": null, ""population"": 247}, {""source_record_id"": ""2010:016_802d308e41_8._20Or_Penz_Perm_Samar_Saratov_Uly_2010.xls:!!!:2324"", ""source_row"": 2324, ""name"": ""Первомайский"", ""type"": ""посёлок"", ""raw_literal_county"": """", ""actual_county_anchor"": null, ""population"": 6958}, {""source_record_id"": ""2010:016_802d308e41_8._20Or_Penz_Perm_Samar_Saratov_Uly_2010.xls:!!!:2388"", ""source_row"": 2388, ""name"": ""Первомайский"", ""type"": ""посёлок"", ""raw_literal_county"": """", ""actual_county_anchor"": null, ""population"": 6347}, {""source_record_id"": ""2010:016_802d308e41_8._20Or_Penz_Perm_Samar_Saratov_Uly_2010.xls:!!!:2639"", ""source_row"": 2639, ""name"": ""Первомайский"", ""type"": ""посёлок"", ""raw_literal_county"": """", ""actual_county_anchor"": null, ""population"": 535}]"
ROSSTAT2010:T5:p137:l25,оренбургская,Светлый,поселок,Светлинский район,7992.0,2.0,0.0,actual_printed_county_not_unique_or_unavailable,"[{""source_record_id"": ""2010:016_802d308e41_8._20Or_Penz_Perm_Samar_Saratov_Uly_2010.xls:!!!:2538"", ""source_row"": 2538, ""name"": ""Светлый"", ""type"": ""посёлок"", ""raw_literal_county"": """", ""actual_county_anchor"": null, ""population"": 2174}, {""source_record_id"": ""2010:016_802d308e41_8._20Or_Penz_Perm_Samar_Saratov_Uly_2010.xls:!!!:2638"", ""source_row"": 2638, ""name"": ""Светлый"", ""type"": ""посёлок"", ""raw_literal_county"": """", ""actual_county_anchor"": null, ""population"": 7986}]"
ROSSTAT2010:T5:p137:l33,оренбургская,Ташла,село,Ташлинский район,7061.0,2.0,0.0,actual_printed_county_not_unique_or_unavailable,"[{""source_record_id"": ""2010:016_802d308e41_8._20Or_Penz_Perm_Samar_Saratov_Uly_2010.xls:!!!:2845"", ""source_row"": 2845, ""name"": ""Ташла"", ""type"": ""село"", ""raw_literal_county"": """", ""actual_county_anchor"": null, ""population"": 7058}, {""source_record_id"": ""2010:016_802d308e41_8._20Or_Penz_Perm_Samar_Saratov_Uly_2010.xls:!!!:2936"", ""source_row"": 2936, ""name"": ""Ташла"", ""type"": ""село"", ""raw_literal_county"": """", ""actual_county_anchor"": null, ""population"": 1003}]"
ROSSTAT2010:T5:p40:l37,орловская,Знаменское,село,Знаменский район,1699.0,6.0,0.0,actual_printed_county_not_unique_or_unavailable,"[{""source_record_id"": ""2010:010_711691e352_2._20Kostrom_Kur_Lip_Moscow_MoscObl_Orlov_2010.xls:Data Sheet:14898"", ""source_row"": 14898, ""name"": ""Знаменское"", ""type"": ""село"", ""raw_literal_county"": """", ""actual_county_anchor"": null, ""population"": 276}, {""source_record_id"": ""2010:010_711691e352_2._20Kostrom_Kur_Lip_Moscow_MoscObl_Orlov_2010.xls:Data Sheet:15110"", ""source_row"": 15110, ""name"": ""Знаменское"", ""type"": ""село"", ""raw_literal_county"": """", ""actual_county_anchor"": null, ""population"": 1685}, {""source_record_id"": ""2010:010_711691e352_2._20Kostrom_Kur_Lip_Moscow_MoscObl_Orlov_2010.xls:Data Sheet:15214"", ""source_row"": 15214, ""name"": ""Знаменское"", ""type"": ""село"", ""raw_literal_county"": """", ""actual_county_anchor"": null, ""population"": 285}, {""source_record_id"": ""2010:010_711691e352_2._20Kostrom_Kur_Lip_Moscow_MoscObl_Orlov_2010.xls:Data Sheet:15912"", ""source_row"": 15912, ""name"": ""Знаменское"", ""type"": ""село"", ""raw_literal_county"": """", ""actual_county_anchor"": null, ""population"": 73}, {""source_record_id"": ""2010:010_711691e352_2._20Kostrom_Kur_Lip_Moscow_MoscObl_Orlov_2010.xls:Data Sheet:16257"", ""source_row"": 16257, ""name"": ""Знаменское"", ""type"": ""село"", ""raw_literal_county"": """", ""actual_county_anchor"": null, ""population"": 50}, {""source_record_id"": ""2010:010_711691e352_2._20Kostrom_Kur_Lip_Moscow_MoscObl_Orlov_2010.xls:Data Sheet:16741"", ""source_row"": 16741, ""name"": ""Знаменское"", ""type"": ""село"", ""raw_literal_county"": """", ""actual_county_anchor"": null, ""population"": 201}]"
ROSSTAT2010:T5:p40:l46,орловская,Красная Заря,поселок,Краснозоренский район,1565.0,2.0,0.0,actual_printed_county_not_unique_or_unavailable,"[{""source_record_id"": ""2010:010_711691e352_2._20Kostrom_Kur_Lip_Moscow_MoscObl_Orlov_2010.xls:Data Sheet:15317"", ""source_row"": 15317, ""name"": ""Красная Заря"", ""type"": ""посёлок"", ""raw_literal_county"": """", ""actual_county_anchor"": null, ""population"": 1560}, {""source_record_id"": ""2010:010_711691e352_2._20Kostrom_Kur_Lip_Moscow_MoscObl_Orlov_2010.xls:Data Sheet:15464"", ""source_row"": 15464, ""name"": ""Красная Заря"", ""type"": ""посёлок"", ""raw_literal_county"": """", ""actual_county_anchor"": null, ""population"": 17}]"
ROSSTAT2010:T5:p138:l55,пензенская,Лопатино,село,Лопатинский район,4392.0,3.0,0.0,actual_printed_county_not_unique_or_unavailable,"[{""source_record_id"": ""2010:016_802d308e41_8._20Or_Penz_Perm_Samar_Saratov_Uly_2010.xls:!!!:3413"", ""source_row"": 3413, ""name"": ""Лопатино"", ""type"": ""село"", ""raw_literal_county"": """", ""actual_county_anchor"": null, ""population"": 249}, {""source_record_id"": ""2010:016_802d308e41_8._20Or_Penz_Perm_Samar_Saratov_Uly_2010.xls:!!!:3788"", ""source_row"": 3788, ""name"": ""Лопатино"", ""type"": ""село"", ""raw_literal_county"": """", ""actual_county_anchor"": null, ""population"": 4390}, {""source_record_id"": ""2010:016_802d308e41_8._20Or_Penz_Perm_Samar_Saratov_Uly_2010.xls:!!!:3947"", ""source_row"": 3947, ""name"": ""Лопатино"", ""type"": ""село"", ""raw_literal_county"": """", ""actual_county_anchor"": null, ""population"": 46}]"
ROSSTAT2010:T5:p139:l37,пензенская,Засечное,село,Пензенский район,4999.0,3.0,0.0,actual_printed_county_not_unique_or_unavailable,"[{""source_record_id"": ""2010:016_802d308e41_8._20Or_Penz_Perm_Samar_Saratov_Uly_2010.xls:!!!:3893"", ""source_row"": 3893, ""name"": ""Засечное"", ""type"": ""село"", ""raw_literal_county"": """", ""actual_county_anchor"": null, ""population"": 353}, {""source_record_id"": ""2010:016_802d308e41_8._20Or_Penz_Perm_Samar_Saratov_Uly_2010.xls:!!!:4117"", ""source_row"": 4117, ""name"": ""Засечное"", ""type"": ""село"", ""raw_literal_county"": """", ""actual_county_anchor"": null, ""population"": 117}, {""source_record_id"": ""2010:016_802d308e41_8._20Or_Penz_Perm_Samar_Saratov_Uly_2010.xls:!!!:4264"", ""source_row"": 4264, ""name"": ""Засечное"", ""type"": ""село"", ""raw_literal_county"": """", ""actual_county_anchor"": null, ""population"": 5000}]"
ROSSTAT2010:T5:p124:l22,пермский,Березовка,село,Березовский район,6904.0,2.0,0.0,actual_printed_county_not_unique_or_unavailable,"[{""source_record_id"": ""2010:016_802d308e41_8._20Or_Penz_Perm_Samar_Saratov_Uly_2010.xls:!!!:5275"", ""source_row"": 5275, ""name"": ""Березовка"", ""type"": ""село"", ""raw_literal_county"": ""бардымский"", ""actual_county_anchor"": {""source_row"": 5200, ""source_cell_column_zero_based"": 3, ""literal_county_caption"": ""Бардымский р-н"", ""normalized_county"": ""бардымский"", ""raw_cells"": [5195.0, ""Перм.кр."", ""Перм.кр."", ""Бардымский р-н"", """", ""село Акбаш"", 539.0, 539.0, ""тат"", 97.95918367346938, """", """"]}, ""population"": 6904}, {""source_record_id"": ""2010:016_802d308e41_8._20Or_Penz_Perm_Samar_Saratov_Uly_2010.xls:!!!:7464"", ""source_row"": 7464, ""name"": ""Березовка"", ""type"": ""село"", ""raw_literal_county"": ""куединский"", ""actual_county_anchor"": {""source_row"": 6147, ""source_cell_column_zero_based"": 3, ""literal_county_caption"": ""Куединский район"", ""normalized_county"": ""куединский"", ""raw_cells"": [6142.0, """", ""Перм.кр."", ""Куединский район"", """", ""село Аряж"", 389.0, 389.0, """", """", """", """"]}, ""population"": 560}]"
ROSSTAT2010:T5:p125:l14,пермский,Комсомольский,поселок,Кунгурский район,3096.0,2.0,0.0,actual_printed_county_not_unique_or_unavailable,"[{""source_record_id"": ""2010:016_802d308e41_8._20Or_Penz_Perm_Samar_Saratov_Uly_2010.xls:!!!:5010"", ""source_row"": 5010, ""name"": ""Комсомольский"", ""type"": ""посёлок"", ""raw_literal_county"": ""юрлинский"", ""actual_county_anchor"": {""source_row"": 4963, ""source_cell_column_zero_based"": 3, ""literal_county_caption"": ""Юрлинский район"", ""normalized_county"": ""юрлинский"", ""raw_cells"": [4958.0, """", ""КПАО"", ""Юрлинский район"", """", ""д. Вятчина"", 128.0, 127.0, """", """", """", """"]}, ""population"": 209}, {""source_record_id"": ""2010:016_802d308e41_8._20Or_Penz_Perm_Samar_Saratov_Uly_2010.xls:!!!:6312"", ""source_row"": 6312, ""name"": ""Комсомольский"", ""type"": ""посёлок"", ""raw_literal_county"": ""куединский"", ""actual_county_anchor"": {""source_row"": 6147, ""source_cell_column_zero_based"": 3, ""literal_county_caption"": ""Куединский район"", ""normalized_county"": ""куединский"", ""raw_cells"": [6142.0, """", ""Перм.кр."", ""Куединский район"", """", ""село Аряж"", 389.0, 389.0, """", """", """", """"]}, ""population"": 3099}]"
ROSSTAT2010:T5:p88:l11,ростовская,Старая Станица,хутор,Каменский район,8508.0,4.0,2.0,actual_printed_county_not_unique_or_unavailable,"[{""source_record_id"": ""2010:004_486e984bdc_12._20Астр_Волгог_Ростов.xls:Южный:2766"", ""source_row"": 2766, ""name"": ""Старая Станица"", ""type"": ""хутор"", ""raw_literal_county"": ""каменский"", ""actual_county_anchor"": {""source_row"": 2766, ""source_cell_column_zero_based"": 4, ""literal_county_caption"": ""Каменский"", ""normalized_county"": ""каменский"", ""raw_cells"": [2760.0, """", ""Ростовская обл."", """", ""Каменский"", ""хутор "", ""Старая Станица"", 109.0, """", """", """", """"]}, ""population"": 109}, {""source_record_id"": ""2010:004_486e984bdc_12._20Астр_Волгог_Ростов.xls:Южный:2784"", ""source_row"": 2784, ""name"": ""Старая Станица"", ""type"": ""хутор"", ""raw_literal_county"": ""каменский"", ""actual_county_anchor"": {""source_row"": 2784, ""source_cell_column_zero_based"": 4, ""literal_county_caption"": ""Каменский"", ""normalized_county"": ""каменский"", ""raw_cells"": [2778.0, """", ""Ростовская обл."", """", ""Каменский"", ""хутор "", ""Старая Станица"", 8482.0, """", """", """", """"]}, ""population"": 8482}, {""source_record_id"": ""2010:004_486e984bdc_12._20Астр_Волгог_Ростов.xls:Южный:2889"", ""source_row"": 2889, ""name"": ""Старая Станица"", ""type"": ""хутор"", ""raw_literal_county"": ""константиновский"", ""actual_county_anchor"": {""source_row"": 2889, ""source_cell_column_zero_based"": 4, ""literal_county_caption"": ""Константиновский"", ""normalized_county"": ""константиновский"", ""raw_cells"": [2883.0, """", ""Ростовская обл."", """", ""Константиновский"", ""хутор "", ""Старая Станица"", 273.0, """", """", """", """"]}, ""population"": 273}, {""source_record_id"": ""2010:004_486e984bdc_12._20Астр_Волгог_Ростов.xls:Южный:3895"", ""source_row"": 3895, ""name"": ""Старая Станица"", ""type"": ""хутор"", ""raw_literal_county"": ""семикаракорский"", ""actual_county_anchor"": {""source_row"": 3895, ""source_cell_column_zero_based"": 4, ""literal_county_caption"": ""Семикаракорский"", ""normalized_county"": ""семикаракорский"", ""raw_cells"": [3889.0, """", ""Ростовская обл."", """", ""Семикаракорский"", ""хутор "", ""Старая Станица"", 210.0, """", """", """", """"]}, ""population"": 210}]"
ROSSTAT2010:T5:p42:l54,рязанская,Поляны,село,Рязанский район,6623.0,2.0,0.0,actual_printed_county_not_unique_or_unavailable,"[{""source_record_id"": ""2010:011_040325482b_3._20Ryaz_Smol_Tambov_Tula_Jaroslavl_20L1_20ethn_2010.xls:Data Sheet:1670"", ""source_row"": 1670, ""name"": ""Поляны"", ""type"": ""село"", ""raw_literal_county"": """", ""actual_county_anchor"": null, ""population"": 6626}, {""source_record_id"": ""2010:011_040325482b_3._20Ryaz_Smol_Tambov_Tula_Jaroslavl_20L1_20ethn_2010.xls:Data Sheet:2148"", ""source_row"": 2148, ""name"": ""Поляны"", ""type"": ""село"", ""raw_literal_county"": """", ""actual_county_anchor"": null, ""population"": 513}]"
ROSSTAT2010:T5:p140:l57,самарская,Алексеевка,село,Алексеевский район,4513.0,2.0,0.0,actual_printed_county_not_unique_or_unavailable,"[{""source_record_id"": ""2010:016_802d308e41_8._20Or_Penz_Perm_Samar_Saratov_Uly_2010.xls:!!!:13"", ""source_row"": 13, ""name"": ""Алексеевка"", ""type"": ""село"", ""raw_literal_county"": """", ""actual_county_anchor"": null, ""population"": 4479}, {""source_record_id"": ""2010:016_802d308e41_8._20Or_Penz_Perm_Samar_Saratov_Uly_2010.xls:!!!:201"", ""source_row"": 201, ""name"": ""Алексеевка"", ""type"": ""село"", ""raw_literal_county"": """", ""actual_county_anchor"": null, ""population"": 632}]"
ROSSTAT2010:T5:p141:l37,самарская,Елховка,село,Елховский район,3268.0,2.0,0.0,actual_printed_county_not_unique_or_unavailable,"[{""source_record_id"": ""2010:016_802d308e41_8._20Or_Penz_Perm_Samar_Saratov_Uly_2010.xls:!!!:300"", ""source_row"": 300, ""name"": ""Елховка"", ""type"": ""село"", ""raw_literal_county"": """", ""actual_county_anchor"": null, ""population"": 3229}, {""source_record_id"": ""2010:016_802d308e41_8._20Or_Penz_Perm_Samar_Saratov_Uly_2010.xls:!!!:945"", ""source_row"": 945, ""name"": ""Елховка"", ""type"": ""село"", ""raw_literal_county"": """", ""actual_county_anchor"": null, ""population"": 0}]"
ROSSTAT2010:T5:p141:l50,самарская,Кротовка,село,Кинель-Черкасский район,5668.0,2.0,0.0,actual_printed_county_not_unique_or_unavailable,"[{""source_record_id"": ""2010:016_802d308e41_8._20Or_Penz_Perm_Samar_Saratov_Uly_2010.xls:!!!:1182"", ""source_row"": 1182, ""name"": ""Кротовка"", ""type"": ""село"", ""raw_literal_county"": """", ""actual_county_anchor"": null, ""population"": 148}, {""source_record_id"": ""2010:016_802d308e41_8._20Or_Penz_Perm_Samar_Saratov_Uly_2010.xls:!!!:497"", ""source_row"": 497, ""name"": ""Кротовка"", ""type"": ""село"", ""raw_literal_county"": """", ""actual_county_anchor"": null, ""population"": 5666}]"
ROSSTAT2010:T5:p144:l11,саратовская,Репное,село,Балашовский район,3029.0,2.0,0.0,actual_printed_county_not_unique_or_unavailable,"[{""source_record_id"": ""2010:016_802d308e41_8._20Or_Penz_Perm_Samar_Saratov_Uly_2010.xls:!!!:8530"", ""source_row"": 8530, ""name"": ""Репное"", ""type"": ""село"", ""raw_literal_county"": """", ""actual_county_anchor"": null, ""population"": 3029}, {""source_record_id"": ""2010:016_802d308e41_8._20Or_Penz_Perm_Samar_Saratov_Uly_2010.xls:!!!:8998"", ""source_row"": 8998, ""name"": ""Репное"", ""type"": ""село"", ""raw_literal_county"": """", ""actual_county_anchor"": null, ""population"": 362}]"
ROSSTAT2010:T5:p144:l55,саратовская,Подлесное,село,Марксовский район,3758.0,2.0,0.0,actual_printed_county_not_unique_or_unavailable,"[{""source_record_id"": ""2010:016_802d308e41_8._20Or_Penz_Perm_Samar_Saratov_Uly_2010.xls:!!!:9144"", ""source_row"": 9144, ""name"": ""Подлесное"", ""type"": ""село"", ""raw_literal_county"": """", ""actual_county_anchor"": null, ""population"": 3595}, {""source_record_id"": ""2010:016_802d308e41_8._20Or_Penz_Perm_Samar_Saratov_Uly_2010.xls:!!!:9963"", ""source_row"": 9963, ""name"": ""Подлесное"", ""type"": ""село"", ""raw_literal_county"": """", ""actual_county_anchor"": null, ""population"": 159}]"
ROSSTAT2010:T5:p146:l8,саратовская,Красный Яр,село,Энгельсский район,3255.0,3.0,0.0,actual_printed_county_not_unique_or_unavailable,"[{""source_record_id"": ""2010:016_802d308e41_8._20Or_Penz_Perm_Samar_Saratov_Uly_2010.xls:!!!:8279"", ""source_row"": 8279, ""name"": ""Красный Яр"", ""type"": ""село"", ""raw_literal_county"": """", ""actual_county_anchor"": null, ""population"": 82}, {""source_record_id"": ""2010:016_802d308e41_8._20Or_Penz_Perm_Samar_Saratov_Uly_2010.xls:!!!:8463"", ""source_row"": 8463, ""name"": ""Красный Яр"", ""type"": ""село"", ""raw_literal_county"": """", ""actual_county_anchor"": null, ""population"": 952}, {""source_record_id"": ""2010:016_802d308e41_8._20Or_Penz_Perm_Samar_Saratov_Uly_2010.xls:!!!:9997"", ""source_row"": 9997, ""name"": ""Красный Яр"", ""type"": ""село"", ""raw_literal_county"": """", ""actual_county_anchor"": null, ""population"": 3255}]"
ROSSTAT2010:T5:p150:l25,свердловская,Северка,поселок,,3516.0,2.0,0.0,actual_printed_county_not_unique_or_unavailable,"[{""source_record_id"": ""2010:003_eb441570b1_11._20Урал_ФО_2010.xls:Урал:3741"", ""source_row"": 3741, ""name"": ""Северка"", ""type"": ""посёлок"", ""raw_literal_county"": """", ""actual_county_anchor"": null, ""population"": 117}, {""source_record_id"": ""2010:003_eb441570b1_11._20Урал_ФО_2010.xls:Урал:4413"", ""source_row"": 4413, ""name"": ""Северка"", ""type"": ""посёлок"", ""raw_literal_county"": """", ""actual_county_anchor"": null, ""population"": 3507}]"
ROSSTAT2010:T5:p150:l26,свердловская,Совхозный,поселок,,3939.0,2.0,0.0,actual_printed_county_not_unique_or_unavailable,"[{""source_record_id"": ""2010:003_eb441570b1_11._20Урал_ФО_2010.xls:Урал:3178"", ""source_row"": 3178, ""name"": ""Совхозный"", ""type"": ""посёлок"", ""raw_literal_county"": """", ""actual_county_anchor"": null, ""population"": 2186}, {""source_record_id"": ""2010:003_eb441570b1_11._20Урал_ФО_2010.xls:Урал:4430"", ""source_row"": 4430, ""name"": ""Совхозный"", ""type"": ""посёлок"", ""raw_literal_county"": """", ""actual_county_anchor"": null, ""population"": 3941}]"
ROSSTAT2010:T5:p153:l35,свердловская,Буланаш,поселок,Артемовский район,12504.0,1.0,0.0,actual_printed_county_not_unique_or_unavailable,"[{""source_record_id"": ""2010:003_eb441570b1_11._20Урал_ФО_2010.xls:Урал:2931"", ""source_row"": 2931, ""name"": ""Буланаш"", ""type"": ""посёлок"", ""raw_literal_county"": """", ""actual_county_anchor"": null, ""population"": 12437}]"
ROSSTAT2010:T5:p153:l36,свердловская,Красногвардейский,поселок,Артемовский район,4369.0,2.0,0.0,actual_printed_county_not_unique_or_unavailable,"[{""source_record_id"": ""2010:003_eb441570b1_11._20Урал_ФО_2010.xls:Урал:2932"", ""source_row"": 2932, ""name"": ""Красногвардейский"", ""type"": ""посёлок"", ""raw_literal_county"": """", ""actual_county_anchor"": null, ""population"": 4019}, {""source_record_id"": ""2010:003_eb441570b1_11._20Урал_ФО_2010.xls:Урал:4455"", ""source_row"": 4455, ""name"": ""Красногвардейский"", ""type"": ""посёлок"", ""raw_literal_county"": """", ""actual_county_anchor"": null, ""population"": 22}]"
ROSSTAT2010:T5:p153:l44,свердловская,Уфимский,поселок,Ачитский район,3015.0,1.0,0.0,actual_printed_county_not_unique_or_unavailable,"[{""source_record_id"": ""2010:003_eb441570b1_11._20Урал_ФО_2010.xls:Урал:3023"", ""source_row"": 3023, ""name"": ""Уфимский"", ""type"": ""посёлок"", ""raw_literal_county"": """", ""actual_county_anchor"": null, ""population"": 3012}]"
ROSSTAT2010:T5:p153:l47,свердловская,Байкалово,село,Байкаловский район,5789.0,1.0,0.0,actual_printed_county_not_unique_or_unavailable,"[{""source_record_id"": ""2010:003_eb441570b1_11._20Урал_ФО_2010.xls:Урал:3077"", ""source_row"": 3077, ""name"": ""Байкалово"", ""type"": ""село"", ""raw_literal_county"": """", ""actual_county_anchor"": null, ""population"": 5789}]"
ROSSTAT2010:T5:p153:l59,свердловская,Привокзальный,поселок,Верхотурский район,4035.0,1.0,0.0,actual_printed_county_not_unique_or_unavailable,"[{""source_record_id"": ""2010:003_eb441570b1_11._20Урал_ФО_2010.xls:Урал:3249"", ""source_row"": 3249, ""name"": ""Привокзальный"", ""type"": ""посёлок"", ""raw_literal_county"": """", ""actual_county_anchor"": null, ""population"": 3997}]"
ROSSTAT2010:T5:p154:l13,свердловская,Зайково,поселок,Ирбитский район,4344.0,1.0,0.0,actual_printed_county_not_unique_or_unavailable,"[{""source_record_id"": ""2010:003_eb441570b1_11._20Урал_ФО_2010.xls:Урал:3341"", ""source_row"": 3341, ""name"": ""Зайково"", ""type"": ""посёлок"", ""raw_literal_county"": """", ""actual_county_anchor"": null, ""population"": 4345}]"
ROSSTAT2010:T5:p154:l19,свердловская,Еланский,поселок,Камышловский район,10038.0,1.0,0.0,actual_printed_county_not_unique_or_unavailable,"[{""source_record_id"": ""2010:003_eb441570b1_11._20Урал_ФО_2010.xls:Урал:3534"", ""source_row"": 3534, ""name"": ""Еланский"", ""type"": ""посёлок"", ""raw_literal_county"": """", ""actual_county_anchor"": null, ""population"": 5424}]"
ROSSTAT2010:T5:p154:l27,свердловская,Цементный,поселок,Невьянский район,5808.0,1.0,0.0,actual_printed_county_not_unique_or_unavailable,"[{""source_record_id"": ""2010:003_eb441570b1_11._20Урал_ФО_2010.xls:Урал:3640"", ""source_row"": 3640, ""name"": ""Цементный"", ""type"": ""посёлок"", ""raw_literal_county"": """", ""actual_county_anchor"": null, ""population"": 5806}]"
ROSSTAT2010:T5:p154:l41,свердловская,Лобва,поселок,Новолялинский район,8372.0,1.0,0.0,actual_printed_county_not_unique_or_unavailable,"[{""source_record_id"": ""2010:003_eb441570b1_11._20Урал_ФО_2010.xls:Урал:3717"", ""source_row"": 3717, ""name"": ""Лобва"", ""type"": ""посёлок"", ""raw_literal_county"": """", ""actual_county_anchor"": null, ""population"": 8353}]"
ROSSTAT2010:T5:p154:l57,свердловская,Восточный,поселок,Серовский район,4673.0,2.0,0.0,actual_printed_county_not_unique_or_unavailable,"[{""source_record_id"": ""2010:003_eb441570b1_11._20Урал_ФО_2010.xls:Урал:3508"", ""source_row"": 3508, ""name"": ""Восточный"", ""type"": ""посёлок"", ""raw_literal_county"": """", ""actual_county_anchor"": null, ""population"": 726}, {""source_record_id"": ""2010:003_eb441570b1_11._20Урал_ФО_2010.xls:Урал:3896"", ""source_row"": 3896, ""name"": ""Восточный"", ""type"": ""посёлок"", ""raw_literal_county"": """", ""actual_county_anchor"": null, ""population"": 4648}]"
ROSSTAT2010:T5:p155:l8,свердловская,Туринская Слобода,село,Слободо-Туринский район,5955.0,1.0,0.0,actual_printed_county_not_unique_or_unavailable,"[{""source_record_id"": ""2010:003_eb441570b1_11._20Урал_ФО_2010.xls:Урал:3982"", ""source_row"": 3982, ""name"": ""Туринская Слобода"", ""type"": ""село"", ""raw_literal_county"": """", ""actual_county_anchor"": null, ""population"": 5956}]"
ROSSTAT2010:T5:p155:l11,свердловская,Курьи,село,Сухоложский район,4810.0,1.0,0.0,actual_printed_county_not_unique_or_unavailable,"[{""source_record_id"": ""2010:003_eb441570b1_11._20Урал_ФО_2010.xls:Урал:4005"", ""source_row"": 4005, ""name"": ""Курьи"", ""type"": ""село"", ""raw_literal_county"": """", ""actual_county_anchor"": null, ""population"": 4807}]"
ROSSTAT2010:T5:p155:l24,свердловская,Таборы,село,Таборинский район,1885.0,1.0,0.0,actual_printed_county_not_unique_or_unavailable,"[{""source_record_id"": ""2010:003_eb441570b1_11._20Урал_ФО_2010.xls:Урал:4089"", ""source_row"": 4089, ""name"": ""Таборы"", ""type"": ""село"", ""raw_literal_county"": """", ""actual_county_anchor"": null, ""population"": 1883}]"
ROSSTAT2010:T5:p155:l30,свердловская,Бутка,село,Талицкий район,3077.0,1.0,0.0,actual_printed_county_not_unique_or_unavailable,"[{""source_record_id"": ""2010:003_eb441570b1_11._20Урал_ФО_2010.xls:Урал:4148"", ""source_row"": 4148, ""name"": ""Бутка"", ""type"": ""село"", ""raw_literal_county"": """", ""actual_county_anchor"": null, ""population"": 3080}]"
ROSSTAT2010:T5:p155:l36,свердловская,Юшала,поселок,Тугулымский район,3827.0,1.0,0.0,actual_printed_county_not_unique_or_unavailable,"[{""source_record_id"": ""2010:003_eb441570b1_11._20Урал_ФО_2010.xls:Урал:4246"", ""source_row"": 4246, ""name"": ""Юшала"", ""type"": ""посёлок"", ""raw_literal_county"": """", ""actual_county_anchor"": null, ""population"": 3829}]"
ROSSTAT2010:T5:p155:l46,свердловская,Шамары,поселок,Шалинский район,3398.0,1.0,0.0,actual_printed_county_not_unique_or_unavailable,"[{""source_record_id"": ""2010:003_eb441570b1_11._20Урал_ФО_2010.xls:Урал:4366"", ""source_row"": 4366, ""name"": ""Шамары"", ""type"": ""посёлок"", ""raw_literal_county"": """", ""actual_county_anchor"": null, ""population"": 3397}]"
ROSSTAT2010:T5:p46:l15,тамбовская,Заворонежское,село,Мичуринский район,6039.0,2.0,0.0,actual_printed_county_not_unique_or_unavailable,"[{""source_record_id"": ""2010:011_040325482b_3._20Ryaz_Smol_Tambov_Tula_Jaroslavl_20L1_20ethn_2010.xls:Data Sheet:8095"", ""source_row"": 8095, ""name"": ""Заворонежское"", ""type"": ""село"", ""raw_literal_county"": """", ""actual_county_anchor"": null, ""population"": 5996}, {""source_record_id"": ""2010:011_040325482b_3._20Ryaz_Smol_Tambov_Tula_Jaroslavl_20L1_20ethn_2010.xls:Data Sheet:8939"", ""source_row"": 8939, ""name"": ""Заворонежское"", ""type"": ""село"", ""raw_literal_county"": """", ""actual_county_anchor"": null, ""population"": 178}]"
ROSSTAT2010:T5:p46:l16,тамбовская,Новоникольское,село,Мичуринский район,3163.0,3.0,0.0,actual_printed_county_not_unique_or_unavailable,"[{""source_record_id"": ""2010:011_040325482b_3._20Ryaz_Smol_Tambov_Tula_Jaroslavl_20L1_20ethn_2010.xls:Data Sheet:8120"", ""source_row"": 8120, ""name"": ""Новоникольское"", ""type"": ""село"", ""raw_literal_county"": """", ""actual_county_anchor"": null, ""population"": 3168}, {""source_record_id"": ""2010:011_040325482b_3._20Ryaz_Smol_Tambov_Tula_Jaroslavl_20L1_20ethn_2010.xls:Data Sheet:8952"", ""source_row"": 8952, ""name"": ""Новоникольское"", ""type"": ""село"", ""raw_literal_county"": """", ""actual_county_anchor"": null, ""population"": 8}, {""source_record_id"": ""2010:011_040325482b_3._20Ryaz_Smol_Tambov_Tula_Jaroslavl_20L1_20ethn_2010.xls:Data Sheet:9191"", ""source_row"": 9191, ""name"": ""Новоникольское"", ""type"": ""село"", ""raw_literal_county"": """", ""actual_county_anchor"": null, ""population"": 331}]"
ROSSTAT2010:T5:p46:l24,тамбовская,Устье,село,Моршанский район,3782.0,2.0,0.0,actual_printed_county_not_unique_or_unavailable,"[{""source_record_id"": ""2010:011_040325482b_3._20Ryaz_Smol_Tambov_Tula_Jaroslavl_20L1_20ethn_2010.xls:Data Sheet:8152"", ""source_row"": 8152, ""name"": ""Устье"", ""type"": ""село"", ""raw_literal_county"": """", ""actual_county_anchor"": null, ""population"": 648}, {""source_record_id"": ""2010:011_040325482b_3._20Ryaz_Smol_Tambov_Tula_Jaroslavl_20L1_20ethn_2010.xls:Data Sheet:8339"", ""source_row"": 8339, ""name"": ""Устье"", ""type"": ""село"", ""raw_literal_county"": """", ""actual_county_anchor"": null, ""population"": 3781}]"
ROSSTAT2010:T5:p46:l37,тамбовская,Петровское,село,Петровский район,5710.0,3.0,0.0,actual_printed_county_not_unique_or_unavailable,"[{""source_record_id"": ""2010:011_040325482b_3._20Ryaz_Smol_Tambov_Tula_Jaroslavl_20L1_20ethn_2010.xls:Data Sheet:7835"", ""source_row"": 7835, ""name"": ""Петровское"", ""type"": ""село"", ""raw_literal_county"": """", ""actual_county_anchor"": null, ""population"": 200}, {""source_record_id"": ""2010:011_040325482b_3._20Ryaz_Smol_Tambov_Tula_Jaroslavl_20L1_20ethn_2010.xls:Data Sheet:8367"", ""source_row"": 8367, ""name"": ""Петровское"", ""type"": ""село"", ""raw_literal_county"": """", ""actual_county_anchor"": null, ""population"": 109}, {""source_record_id"": ""2010:011_040325482b_3._20Ryaz_Smol_Tambov_Tula_Jaroslavl_20L1_20ethn_2010.xls:Data Sheet:8554"", ""source_row"": 8554, ""name"": ""Петровское"", ""type"": ""село"", ""raw_literal_county"": """", ""actual_county_anchor"": null, ""population"": 5708}]"
ROSSTAT2010:T5:p46:l40,тамбовская,Пичаево,село,Пичаевский район,3407.0,2.0,0.0,actual_printed_county_not_unique_or_unavailable,"[{""source_record_id"": ""2010:011_040325482b_3._20Ryaz_Smol_Tambov_Tula_Jaroslavl_20L1_20ethn_2010.xls:Data Sheet:7821"", ""source_row"": 7821, ""name"": ""Пичаево"", ""type"": ""село"", ""raw_literal_county"": """", ""actual_county_anchor"": null, ""population"": 854}, {""source_record_id"": ""2010:011_040325482b_3._20Ryaz_Smol_Tambov_Tula_Jaroslavl_20L1_20ethn_2010.xls:Data Sheet:8660"", ""source_row"": 8660, ""name"": ""Пичаево"", ""type"": ""село"", ""raw_literal_county"": """", ""actual_county_anchor"": null, ""population"": 3408}]"
ROSSTAT2010:T5:p194:l23,томская,Светлый,поселок,,7479.0,2.0,0.0,actual_printed_county_not_unique_or_unavailable,"[{""source_record_id"": ""2010:008_342f3c208b_16._20Сиб_ФО_2010.xls:Sib:9195"", ""source_row"": 9195, ""name"": ""Светлый"", ""type"": ""посёлок"", ""raw_literal_county"": ""асиновский"", ""actual_county_anchor"": {""source_row"": 9183, ""source_cell_column_zero_based"": 3, ""literal_county_caption"": ""Асиновский район"", ""normalized_county"": ""асиновский"", ""raw_cells"": [9177.0, """", ""Томская область"", ""Асиновский район"", ""г. Асино"", 24273.0, """", """", """", """", """", """"]}, ""population"": 354}, {""source_record_id"": ""2010:008_342f3c208b_16._20Сиб_ФО_2010.xls:Sib:9745"", ""source_row"": 9745, ""name"": ""Светлый"", ""type"": ""посёлок"", ""raw_literal_county"": ""шегарский"", ""actual_county_anchor"": {""source_row"": 9702, ""source_cell_column_zero_based"": 3, ""literal_county_caption"": ""Шегарский район"", ""normalized_county"": ""шегарский"", ""raw_cells"": [9696.0, """", ""Томская область"", ""Шегарский район"", ""с. Анастасьевка"", 628.0, """", """", """", """", """", """"]}, ""population"": 7481}]"
ROSSTAT2010:T5:p51:l11,тульская,Архангельское,село,Каменский район,2391.0,5.0,0.0,actual_printed_county_not_unique_or_unavailable,"[{""source_record_id"": ""2010:011_040325482b_3._20Ryaz_Smol_Tambov_Tula_Jaroslavl_20L1_20ethn_2010.xls:Data Sheet:10613"", ""source_row"": 10613, ""name"": ""Архангельское"", ""type"": ""село"", ""raw_literal_county"": """", ""actual_county_anchor"": null, ""population"": 2374}, {""source_record_id"": ""2010:011_040325482b_3._20Ryaz_Smol_Tambov_Tula_Jaroslavl_20L1_20ethn_2010.xls:Data Sheet:11192"", ""source_row"": 11192, ""name"": ""Архангельское"", ""type"": ""село"", ""raw_literal_county"": """", ""actual_county_anchor"": null, ""population"": 927}, {""source_record_id"": ""2010:011_040325482b_3._20Ryaz_Smol_Tambov_Tula_Jaroslavl_20L1_20ethn_2010.xls:Data Sheet:12122"", ""source_row"": 12122, ""name"": ""Архангельское"", ""type"": ""село"", ""raw_literal_county"": """", ""actual_county_anchor"": null, ""population"": 667}, {""source_record_id"": ""2010:011_040325482b_3._20Ryaz_Smol_Tambov_Tula_Jaroslavl_20L1_20ethn_2010.xls:Data Sheet:12413"", ""source_row"": 12413, ""name"": ""Архангельское"", ""type"": ""село"", ""raw_literal_county"": """", ""actual_county_anchor"": null, ""population"": 42}, {""source_record_id"": ""2010:011_040325482b_3._20Ryaz_Smol_Tambov_Tula_Jaroslavl_20L1_20ethn_2010.xls:Data Sheet:12641"", ""source_row"": 12641, ""name"": ""Архангельское"", ""type"": ""село"", ""raw_literal_county"": """", ""actual_county_anchor"": null, ""population"": 563}]"
ROSSTAT2010:T5:p51:l27,тульская,Октябрьский,поселок,Киреевский район,3281.0,8.0,0.0,actual_printed_county_not_unique_or_unavailable,"[{""source_record_id"": ""2010:011_040325482b_3._20Ryaz_Smol_Tambov_Tula_Jaroslavl_20L1_20ethn_2010.xls:Data Sheet:10001"", ""source_row"": 10001, ""name"": ""Октябрьский"", ""type"": ""посёлок"", ""raw_literal_county"": """", ""actual_county_anchor"": null, ""population"": 144}, {""source_record_id"": ""2010:011_040325482b_3._20Ryaz_Smol_Tambov_Tula_Jaroslavl_20L1_20ethn_2010.xls:Data Sheet:10311"", ""source_row"": 10311, ""name"": ""Октябрьский"", ""type"": ""посёлок"", ""raw_literal_county"": """", ""actual_county_anchor"": null, ""population"": 9}, {""source_record_id"": ""2010:011_040325482b_3._20Ryaz_Smol_Tambov_Tula_Jaroslavl_20L1_20ethn_2010.xls:Data Sheet:10361"", ""source_row"": 10361, ""name"": ""Октябрьский"", ""type"": ""посёлок"", ""raw_literal_county"": """", ""actual_county_anchor"": null, ""population"": 329}, {""source_record_id"": ""2010:011_040325482b_3._20Ryaz_Smol_Tambov_Tula_Jaroslavl_20L1_20ethn_2010.xls:Data Sheet:11011"", ""source_row"": 11011, ""name"": ""Октябрьский"", ""type"": ""посёлок"", ""raw_literal_county"": """", ""actual_county_anchor"": null, ""population"": 3282}, {""source_record_id"": ""2010:011_040325482b_3._20Ryaz_Smol_Tambov_Tula_Jaroslavl_20L1_20ethn_2010.xls:Data Sheet:11315"", ""source_row"": 11315, ""name"": ""Октябрьский"", ""type"": ""посёлок"", ""raw_literal_county"": """", ""actual_county_anchor"": null, ""population"": 1287}, {""source_record_id"": ""2010:011_040325482b_3._20Ryaz_Smol_Tambov_Tula_Jaroslavl_20L1_20ethn_2010.xls:Data Sheet:11691"", ""source_row"": 11691, ""name"": ""Октябрьский"", ""type"": ""посёлок"", ""raw_literal_county"": """", ""actual_county_anchor"": null, ""population"": 491}, {""source_record_id"": ""2010:011_040325482b_3._20Ryaz_Smol_Tambov_Tula_Jaroslavl_20L1_20ethn_2010.xls:Data Sheet:12531"", ""source_row"": 12531, ""name"": ""Октябрьский"", ""type"": ""посёлок"", ""raw_literal_county"": """", ""actual_county_anchor"": null, ""population"": 93}, {""source_record_id"": ""2010:011_040325482b_3._20Ryaz_Smol_Tambov_Tula_Jaroslavl_20L1_20ethn_2010.xls:Data Sheet:9506"", ""source_row"": 9506, ""name"": ""Октябрьский"", ""type"": ""посёлок"", ""raw_literal_county"": """", ""actual_county_anchor"": null, ""population"": 195}]"
ROSSTAT2010:T5:p51:l38,тульская,Рассвет,поселок,Ленинский район,4165.0,2.0,0.0,actual_printed_county_not_unique_or_unavailable,"[{""source_record_id"": ""2010:011_040325482b_3._20Ryaz_Smol_Tambov_Tula_Jaroslavl_20L1_20ethn_2010.xls:Data Sheet:10003"", ""source_row"": 10003, ""name"": ""Рассвет"", ""type"": ""посёлок"", ""raw_literal_county"": """", ""actual_county_anchor"": null, ""population"": 339}, {""source_record_id"": ""2010:011_040325482b_3._20Ryaz_Smol_Tambov_Tula_Jaroslavl_20L1_20ethn_2010.xls:Data Sheet:11345"", ""source_row"": 11345, ""name"": ""Рассвет"", ""type"": ""посёлок"", ""raw_literal_county"": """", ""actual_county_anchor"": null, ""population"": 4163}]"
ROSSTAT2010:T5:p51:l56,тульская,Центральный,поселок,Суворовский район,4434.0,4.0,0.0,actual_printed_county_not_unique_or_unavailable,"[{""source_record_id"": ""2010:011_040325482b_3._20Ryaz_Smol_Tambov_Tula_Jaroslavl_20L1_20ethn_2010.xls:Data Sheet:11754"", ""source_row"": 11754, ""name"": ""Центральный"", ""type"": ""посёлок"", ""raw_literal_county"": """", ""actual_county_anchor"": null, ""population"": 4432}, {""source_record_id"": ""2010:011_040325482b_3._20Ryaz_Smol_Tambov_Tula_Jaroslavl_20L1_20ethn_2010.xls:Data Sheet:11897"", ""source_row"": 11897, ""name"": ""Центральный"", ""type"": ""посёлок"", ""raw_literal_county"": """", ""actual_county_anchor"": null, ""population"": 620}, {""source_record_id"": ""2010:011_040325482b_3._20Ryaz_Smol_Tambov_Tula_Jaroslavl_20L1_20ethn_2010.xls:Data Sheet:12527"", ""source_row"": 12527, ""name"": ""Центральный"", ""type"": ""посёлок"", ""raw_literal_county"": """", ""actual_county_anchor"": null, ""population"": 105}, {""source_record_id"": ""2010:011_040325482b_3._20Ryaz_Smol_Tambov_Tula_Jaroslavl_20L1_20ethn_2010.xls:Data Sheet:9569"", ""source_row"": 9569, ""name"": ""Центральный"", ""type"": ""посёлок"", ""raw_literal_county"": """", ""actual_county_anchor"": null, ""population"": 615}]"
ROSSTAT2010:T5:p156:l19,тюменская,Антипино,село,,5173.0,2.0,0.0,actual_printed_county_not_unique_or_unavailable,"[{""source_record_id"": ""2010:003_eb441570b1_11._20Урал_ФО_2010.xls:Урал:1865"", ""source_row"": 1865, ""name"": ""Антипино"", ""type"": ""село"", ""raw_literal_county"": ""нижнетавдинский"", ""actual_county_anchor"": {""source_row"": 1863, ""source_cell_column_zero_based"": 3, ""literal_county_caption"": ""Нижнетавдинский"", ""normalized_county"": ""нижнетавдинский"", ""raw_cells"": [1857.0, """", ""Тюменская область"", ""Нижнетавдинский"", ""село Нижняя Тавда"", ""село"", ""Нижняя Тавда"", 6842.0, """", """", """", """"]}, ""population"": 450}, {""source_record_id"": ""2010:003_eb441570b1_11._20Урал_ФО_2010.xls:Урал:2503"", ""source_row"": 2503, ""name"": ""Антипино"", ""type"": ""село"", ""raw_literal_county"": ""ярковский"", ""actual_county_anchor"": {""source_row"": 2417, ""source_cell_column_zero_based"": 3, ""literal_county_caption"": ""Ярковский"", ""normalized_county"": ""ярковский"", ""raw_cells"": [2411.0, """", ""Тюменская область"", ""Ярковский"", ""село Ярково"", ""село"", ""Ярково"", 7017.0, """", """", """", """"]}, ""population"": 5174}]"
ROSSTAT2010:T5:p148:l22,ульяновская,Октябрьский,поселок,Чердаклинский район,5678.0,2.0,0.0,actual_printed_county_not_unique_or_unavailable,"[{""source_record_id"": ""2010:016_802d308e41_8._20Or_Penz_Perm_Samar_Saratov_Uly_2010.xls:!!!:10661"", ""source_row"": 10661, ""name"": ""Октябрьский"", ""type"": ""посёлок"", ""raw_literal_county"": """", ""actual_county_anchor"": null, ""population"": 1679}, {""source_record_id"": ""2010:016_802d308e41_8._20Or_Penz_Perm_Samar_Saratov_Uly_2010.xls:!!!:10985"", ""source_row"": 10985, ""name"": ""Октябрьский"", ""type"": ""посёлок"", ""raw_literal_county"": """", ""actual_county_anchor"": null, ""population"": 5679}]"
ROSSTAT2010:T5:p162:l18,челябинская,Агаповка,село,Агаповский район,6561.0,1.0,0.0,actual_printed_county_not_unique_or_unavailable,"[{""source_record_id"": ""2010:003_eb441570b1_11._20Урал_ФО_2010.xls:Урал:4740"", ""source_row"": 4740, ""name"": ""Агаповка"", ""type"": ""село"", ""raw_literal_county"": """", ""actual_county_anchor"": null, ""population"": 6560}]"
ROSSTAT2010:T5:p162:l21,челябинская,Аргаяш,село,Аргаяшский район,10061.0,1.0,0.0,actual_printed_county_not_unique_or_unavailable,"[{""source_record_id"": ""2010:003_eb441570b1_11._20Урал_ФО_2010.xls:Урал:4795"", ""source_row"": 4795, ""name"": ""Аргаяш"", ""type"": ""село"", ""raw_literal_county"": """", ""actual_county_anchor"": null, ""population"": 10046}]"
ROSSTAT2010:T5:p162:l30,челябинская,Бреды,поселок,Брединский район,9468.0,1.0,0.0,actual_printed_county_not_unique_or_unavailable,"[{""source_record_id"": ""2010:003_eb441570b1_11._20Урал_ФО_2010.xls:Урал:4913"", ""source_row"": 4913, ""name"": ""Бреды"", ""type"": ""посёлок"", ""raw_literal_county"": """", ""actual_county_anchor"": null, ""population"": 9427}]"
ROSSTAT2010:T5:p162:l33,челябинская,Варна,село,Варненский район,9869.0,1.0,0.0,actual_printed_county_not_unique_or_unavailable,"[{""source_record_id"": ""2010:003_eb441570b1_11._20Урал_ФО_2010.xls:Урал:4939"", ""source_row"": 4939, ""name"": ""Варна"", ""type"": ""село"", ""raw_literal_county"": """", ""actual_county_anchor"": null, ""population"": 9869}]"
ROSSTAT2010:T5:p162:l47,челябинская,Еманжелинка,село,Еткульский район,4453.0,1.0,0.0,actual_printed_county_not_unique_or_unavailable,"[{""source_record_id"": ""2010:003_eb441570b1_11._20Урал_ФО_2010.xls:Урал:5033"", ""source_row"": 5033, ""name"": ""Еманжелинка"", ""type"": ""село"", ""raw_literal_county"": """", ""actual_county_anchor"": null, ""population"": 4454}]"
ROSSTAT2010:T5:p162:l48,челябинская,Коелга,село,Еткульский район,3993.0,1.0,0.0,actual_printed_county_not_unique_or_unavailable,"[{""source_record_id"": ""2010:003_eb441570b1_11._20Урал_ФО_2010.xls:Урал:5045"", ""source_row"": 5045, ""name"": ""Коелга"", ""type"": ""село"", ""raw_literal_county"": """", ""actual_county_anchor"": null, ""population"": 3992}]"
ROSSTAT2010:T5:p162:l58,челябинская,Кизильское,село,Кизильский район,6651.0,1.0,0.0,actual_printed_county_not_unique_or_unavailable,"[{""source_record_id"": ""2010:003_eb441570b1_11._20Урал_ФО_2010.xls:Урал:5197"", ""source_row"": 5197, ""name"": ""Кизильское"", ""type"": ""село"", ""raw_literal_county"": """", ""actual_county_anchor"": null, ""population"": 6604}]"
ROSSTAT2010:T5:p163:l13,челябинская,Миасское,село,Красноармейский район,9755.0,1.0,0.0,actual_printed_county_not_unique_or_unavailable,"[{""source_record_id"": ""2010:003_eb441570b1_11._20Урал_ФО_2010.xls:Урал:5282"", ""source_row"": 5282, ""name"": ""Миасское"", ""type"": ""село"", ""raw_literal_county"": """", ""actual_county_anchor"": null, ""population"": 9658}]"
ROSSTAT2010:T5:p163:l14,челябинская,Бродокалмак,село,Красноармейский район,3046.0,1.0,0.0,actual_printed_county_not_unique_or_unavailable,"[{""source_record_id"": ""2010:003_eb441570b1_11._20Урал_ФО_2010.xls:Урал:5250"", ""source_row"": 5250, ""name"": ""Бродокалмак"", ""type"": ""село"", ""raw_literal_county"": """", ""actual_county_anchor"": null, ""population"": 3045}]"
ROSSTAT2010:T5:p163:l18,челябинская,Кунашак,село,Кунашакский район,6296.0,1.0,0.0,actual_printed_county_not_unique_or_unavailable,"[{""source_record_id"": ""2010:003_eb441570b1_11._20Урал_ФО_2010.xls:Урал:5315"", ""source_row"": 5315, ""name"": ""Кунашак"", ""type"": ""село"", ""raw_literal_county"": """", ""actual_county_anchor"": null, ""population"": 6272}]"
ROSSTAT2010:T5:p163:l28,челябинская,Фершампенуаз,село,Нагайбакский район,4368.0,1.0,0.0,actual_printed_county_not_unique_or_unavailable,"[{""source_record_id"": ""2010:003_eb441570b1_11._20Урал_ФО_2010.xls:Урал:5436"", ""source_row"": 5436, ""name"": ""Фершампенуаз"", ""type"": ""село"", ""raw_literal_county"": """", ""actual_county_anchor"": null, ""population"": 4338}]"
ROSSTAT2010:T5:p163:l34,челябинская,Октябрьское,село,Октябрьский район,6780.0,1.0,0.0,actual_printed_county_not_unique_or_unavailable,"[{""source_record_id"": ""2010:003_eb441570b1_11._20Урал_ФО_2010.xls:Урал:5504"", ""source_row"": 5504, ""name"": ""Октябрьское"", ""type"": ""село"", ""raw_literal_county"": """", ""actual_county_anchor"": null, ""population"": 6781}]"
ROSSTAT2010:T5:p163:l45,челябинская,Долгодеревенское,село,Сосновский район,7700.0,1.0,0.0,actual_printed_county_not_unique_or_unavailable,"[{""source_record_id"": ""2010:003_eb441570b1_11._20Урал_ФО_2010.xls:Урал:5574"", ""source_row"": 5574, ""name"": ""Долгодеревенское"", ""type"": ""село"", ""raw_literal_county"": """", ""actual_county_anchor"": null, ""population"": 7696}]"
ROSSTAT2010:T5:p163:l47,челябинская,Рощино,поселок,Сосновский район,5710.0,1.0,0.0,actual_printed_county_not_unique_or_unavailable,"[{""source_record_id"": ""2010:003_eb441570b1_11._20Урал_ФО_2010.xls:Урал:5618"", ""source_row"": 5618, ""name"": ""Рощино"", ""type"": ""посёлок"", ""raw_literal_county"": """", ""actual_county_anchor"": null, ""population"": 5709}]"
ROSSTAT2010:T5:p163:l50,челябинская,Бобровка,село,Троицкий район,3411.0,1.0,0.0,actual_printed_county_not_unique_or_unavailable,"[{""source_record_id"": ""2010:003_eb441570b1_11._20Урал_ФО_2010.xls:Урал:5651"", ""source_row"": 5651, ""name"": ""Бобровка"", ""type"": ""село"", ""raw_literal_county"": """", ""actual_county_anchor"": null, ""population"": 3416}]"
ROSSTAT2010:T5:p163:l53,челябинская,Увельский,поселок,Увельский район,10500.0,1.0,0.0,actual_printed_county_not_unique_or_unavailable,"[{""source_record_id"": ""2010:003_eb441570b1_11._20Урал_ФО_2010.xls:Урал:5747"", ""source_row"": 5747, ""name"": ""Увельский"", ""type"": ""посёлок"", ""raw_literal_county"": """", ""actual_county_anchor"": null, ""population"": 10367}]"
ROSSTAT2010:T5:p163:l56,челябинская,Уйское,село,Уйский район,7352.0,1.0,0.0,actual_printed_county_not_unique_or_unavailable,"[{""source_record_id"": ""2010:003_eb441570b1_11._20Урал_ФО_2010.xls:Урал:5794"", ""source_row"": 5794, ""name"": ""Уйское"", ""type"": ""село"", ""raw_literal_county"": """", ""actual_county_anchor"": null, ""population"": 7350}]"
ROSSTAT2010:T5:p164:l8,челябинская,Тимирязевский,поселок,Чебаркульский район,3559.0,1.0,0.0,actual_printed_county_not_unique_or_unavailable,"[{""source_record_id"": ""2010:003_eb441570b1_11._20Урал_ФО_2010.xls:Урал:5834"", ""source_row"": 5834, ""name"": ""Тимирязевский"", ""type"": ""посёлок"", ""raw_literal_county"": """", ""actual_county_anchor"": null, ""population"": 3557}]"
ROSSTAT2010:T5:p164:l11,челябинская,Чесма,село,Чесменский район,6517.0,1.0,0.0,actual_printed_county_not_unique_or_unavailable,"[{""source_record_id"": ""2010:003_eb441570b1_11._20Урал_ФО_2010.xls:Урал:5889"", ""source_row"": 5889, ""name"": ""Чесма"", ""type"": ""село"", ""raw_literal_county"": """", ""actual_county_anchor"": null, ""population"": 6480}]"
ROSSTAT2010:T5:p102:l18,чеченская,Комсомольское,село,Грозненский район,6945.0,2.0,0.0,actual_printed_county_not_unique_or_unavailable,"[{""source_record_id"": ""2010:002_027be52979_10._20СевКаз_ФО_20(без_20Даг)_202010.xls:СК:1519"", ""source_row"": 1519, ""name"": ""Комсомольское"", ""type"": ""село"", ""raw_literal_county"": ""ачхой мартановский"", ""actual_county_anchor"": {""source_row"": 1449, ""source_cell_column_zero_based"": 3, ""literal_county_caption"": ""Ачхой-Мартановский район"", ""normalized_county"": ""ачхой мартановский"", ""raw_cells"": [3061.0, ""Чечня"", ""Чечня"", ""Ачхой-Мартановский район"", ""Ачхой-Мартановский район"", ""село Ачхой-Мартан"", 20169.0, ""чеч"", 99.64797461450742, """", """", """"]}, ""population"": 6946}, {""source_record_id"": ""2010:002_027be52979_10._20СевКаз_ФО_20(без_20Даг)_202010.xls:СК:1563"", ""source_row"": 1563, ""name"": ""Комсомольское"", ""type"": ""село"", ""raw_literal_county"": ""ачхой мартановский"", ""actual_county_anchor"": {""source_row"": 1449, ""source_cell_column_zero_based"": 3, ""literal_county_caption"": ""Ачхой-Мартановский район"", ""normalized_county"": ""ачхой мартановский"", ""raw_cells"": [3061.0, ""Чечня"", ""Чечня"", ""Ачхой-Мартановский район"", ""Ачхой-Мартановский район"", ""село Ачхой-Мартан"", 20169.0, ""чеч"", 99.64797461450742, """", """", """"]}, ""population"": 4394}]"
ROSSTAT2010:T5:p102:l37,чеченская,Комсомольское,село,Гудермесский район,4392.0,2.0,0.0,actual_printed_county_not_unique_or_unavailable,"[{""source_record_id"": ""2010:002_027be52979_10._20СевКаз_ФО_20(без_20Даг)_202010.xls:СК:1519"", ""source_row"": 1519, ""name"": ""Комсомольское"", ""type"": ""село"", ""raw_literal_county"": ""ачхой мартановский"", ""actual_county_anchor"": {""source_row"": 1449, ""source_cell_column_zero_based"": 3, ""literal_county_caption"": ""Ачхой-Мартановский район"", ""normalized_county"": ""ачхой мартановский"", ""raw_cells"": [3061.0, ""Чечня"", ""Чечня"", ""Ачхой-Мартановский район"", ""Ачхой-Мартановский район"", ""село Ачхой-Мартан"", 20169.0, ""чеч"", 99.64797461450742, """", """", """"]}, ""population"": 6946}, {""source_record_id"": ""2010:002_027be52979_10._20СевКаз_ФО_20(без_20Даг)_202010.xls:СК:1563"", ""source_row"": 1563, ""name"": ""Комсомольское"", ""type"": ""село"", ""raw_literal_county"": ""ачхой мартановский"", ""actual_county_anchor"": {""source_row"": 1449, ""source_cell_column_zero_based"": 3, ""literal_county_caption"": ""Ачхой-Мартановский район"", ""normalized_county"": ""ачхой мартановский"", ""raw_cells"": [3061.0, ""Чечня"", ""Чечня"", ""Ачхой-Мартановский район"", ""Ачхой-Мартановский район"", ""село Ачхой-Мартан"", 20169.0, ""чеч"", 99.64797461450742, """", """", """"]}, ""population"": 4394}]"
ROSSTAT2010:T5:p102:l49,чеченская,Аллерой,село,Курчалоевский район,11132.0,2.0,2.0,actual_printed_county_not_unique_or_unavailable,"[{""source_record_id"": ""2010:002_027be52979_10._20СевКаз_ФО_20(без_20Даг)_202010.xls:СК:1602"", ""source_row"": 1602, ""name"": ""Аллерой"", ""type"": ""село"", ""raw_literal_county"": ""курчалоевский"", ""actual_county_anchor"": {""source_row"": 1602, ""source_cell_column_zero_based"": 3, ""literal_county_caption"": ""Курчалоевский"", ""normalized_county"": ""курчалоевский"", ""raw_cells"": [3214.0, """", ""Чечня"", ""Курчалоевский"", ""Курчалоевский"", ""село Аллерой"", 11130.0, ""чеч"", 99.81132075471699, """", """", """"]}, ""population"": 11130}, {""source_record_id"": ""2010:002_027be52979_10._20СевКаз_ФО_20(без_20Даг)_202010.xls:СК:1664"", ""source_row"": 1664, ""name"": ""Аллерой"", ""type"": ""село"", ""raw_literal_county"": ""курчалоевский"", ""actual_county_anchor"": {""source_row"": 1602, ""source_cell_column_zero_based"": 3, ""literal_county_caption"": ""Курчалоевский"", ""normalized_county"": ""курчалоевский"", ""raw_cells"": [3214.0, """", ""Чечня"", ""Курчалоевский"", ""Курчалоевский"", ""село Аллерой"", 11130.0, ""чеч"", 99.81132075471699, """", """", """"]}, ""population"": 1083}]"
ROSSTAT2010:T5:p102:l53,чеченская,Центорой,село,Курчалоевский район,7115.0,2.0,2.0,actual_printed_county_not_unique_or_unavailable,"[{""source_record_id"": ""2010:002_027be52979_10._20СевКаз_ФО_20(без_20Даг)_202010.xls:СК:1610"", ""source_row"": 1610, ""name"": ""Центорой"", ""type"": ""село"", ""raw_literal_county"": ""курчалоевский"", ""actual_county_anchor"": {""source_row"": 1602, ""source_cell_column_zero_based"": 3, ""literal_county_caption"": ""Курчалоевский"", ""normalized_county"": ""курчалоевский"", ""raw_cells"": [3214.0, """", ""Чечня"", ""Курчалоевский"", ""Курчалоевский"", ""село Аллерой"", 11130.0, ""чеч"", 99.81132075471699, """", """", """"]}, ""population"": 7115}, {""source_record_id"": ""2010:002_027be52979_10._20СевКаз_ФО_20(без_20Даг)_202010.xls:СК:1706"", ""source_row"": 1706, ""name"": ""Центорой"", ""type"": ""село"", ""raw_literal_county"": ""курчалоевский"", ""actual_county_anchor"": {""source_row"": 1602, ""source_cell_column_zero_based"": 3, ""literal_county_caption"": ""Курчалоевский"", ""normalized_county"": ""курчалоевский"", ""raw_cells"": [3214.0, """", ""Чечня"", ""Курчалоевский"", ""Курчалоевский"", ""село Аллерой"", 11130.0, ""чеч"", 99.81132075471699, """", """", """"]}, ""population"": 316}]"
ROSSTAT2010:T5:p103:l49,чеченская,Белгатой,село,Шалинский район,4551.0,2.0,0.0,actual_printed_county_not_unique_or_unavailable,"[{""source_record_id"": ""2010:002_027be52979_10._20СевКаз_ФО_20(без_20Даг)_202010.xls:СК:1462"", ""source_row"": 1462, ""name"": ""Белгатой"", ""type"": ""село"", ""raw_literal_county"": ""ачхой мартановский"", ""actual_county_anchor"": {""source_row"": 1449, ""source_cell_column_zero_based"": 3, ""literal_county_caption"": ""Ачхой-Мартановский район"", ""normalized_county"": ""ачхой мартановский"", ""raw_cells"": [3061.0, ""Чечня"", ""Чечня"", ""Ачхой-Мартановский район"", ""Ачхой-Мартановский район"", ""село Ачхой-Мартан"", 20169.0, ""чеч"", 99.64797461450742, """", """", """"]}, ""population"": 622}, {""source_record_id"": ""2010:002_027be52979_10._20СевКаз_ФО_20(без_20Даг)_202010.xls:СК:1767"", ""source_row"": 1767, ""name"": ""Белгатой"", ""type"": ""село"", ""raw_literal_county"": ""курчалоевский"", ""actual_county_anchor"": {""source_row"": 1602, ""source_cell_column_zero_based"": 3, ""literal_county_caption"": ""Курчалоевский"", ""normalized_county"": ""курчалоевский"", ""raw_cells"": [3214.0, """", ""Чечня"", ""Курчалоевский"", ""Курчалоевский"", ""село Аллерой"", 11130.0, ""чеч"", 99.81132075471699, """", """", """"]}, ""population"": 4551}]"
ROSSTAT2010:T5:p53:l54,ярославская,Дубки,поселок,Ярославский район,3379.0,2.0,0.0,actual_printed_county_not_unique_or_unavailable,"[{""source_record_id"": ""2010:011_040325482b_3._20Ryaz_Smol_Tambov_Tula_Jaroslavl_20L1_20ethn_2010.xls:Data Sheet:15824"", ""source_row"": 15824, ""name"": ""Дубки"", ""type"": ""посёлок"", ""raw_literal_county"": """", ""actual_county_anchor"": null, ""population"": 765}, {""source_record_id"": ""2010:011_040325482b_3._20Ryaz_Smol_Tambov_Tula_Jaroslavl_20L1_20ethn_2010.xls:Data Sheet:18413"", ""source_row"": 18413, ""name"": ""Дубки"", ""type"": ""посёлок"", ""raw_literal_county"": """", ""actual_county_anchor"": null, ""population"": 3381}]"
ROSSTAT2010:T5:p53:l55,ярославская,Кузнечиха,деревня,Ярославский район,3156.0,3.0,0.0,actual_printed_county_not_unique_or_unavailable,"[{""source_record_id"": ""2010:011_040325482b_3._20Ryaz_Smol_Tambov_Tula_Jaroslavl_20L1_20ethn_2010.xls:Data Sheet:13358"", ""source_row"": 13358, ""name"": ""Кузнечиха"", ""type"": ""деревня"", ""raw_literal_county"": """", ""actual_county_anchor"": null, ""population"": 3}, {""source_record_id"": ""2010:011_040325482b_3._20Ryaz_Smol_Tambov_Tula_Jaroslavl_20L1_20ethn_2010.xls:Data Sheet:18371"", ""source_row"": 18371, ""name"": ""Кузнечиха"", ""type"": ""деревня"", ""raw_literal_county"": """", ""actual_county_anchor"": null, ""population"": 22}, {""source_record_id"": ""2010:011_040325482b_3._20Ryaz_Smol_Tambov_Tula_Jaroslavl_20L1_20ethn_2010.xls:Data Sheet:18436"", ""source_row"": 18436, ""name"": ""Кузнечиха"", ""type"": ""деревня"", ""raw_literal_county"": """", ""actual_county_anchor"": null, ""population"": 3158}]"
ROSSTAT2010:T5:p207:l42,магаданская,Беличан,,,,,,independent_official_count_readback,
ROSSTAT2010:T5:p207:l44,магаданская,Кадыкчан,,,,,,independent_official_count_readback,
ROSSTAT2010:T5:p208:l11,магаданская,Верхний Ат-Урях,,,,,,independent_official_count_readback,
