source_record_id,census_year,settlement_name,settlement_type,name_norm,type_norm,region_norm,district_raw,population,population_scope,is_additive_settlement_record,population_value_quality,latitude,longitude,oktmo,okato,source_file,source_path,source_sha256,source_locator,root,component_years,point_json
2002:016_3aa889d669_02c_Tulskaja.xls:Sheet1:1086,2002,Октябрьский,посёлок,октябрьский,поселок,тульская,Ефремовский район,19.0,,True,direct_published_census_value,,,,,data/raw/2002/016_3aa889d669_02c_Tulskaja.xls,,,,2002:016_3aa889d669_02c_Tulskaja.xls:Sheet1:1086,[2002],{}
2002:016_3aa889d669_02c_Tulskaja.xls:Sheet1:1143,2002,Октябрьский,посёлок,октябрьский,поселок,тульская,Ефремовский район,328.0,,True,direct_published_census_value,,,,,data/raw/2002/016_3aa889d669_02c_Tulskaja.xls,,,,2002:016_3aa889d669_02c_Tulskaja.xls:Sheet1:1143,[2002],{}
2002:016_3aa889d669_02c_Tulskaja.xls:Sheet1:189,2002,Октябрьский,посёлок,октябрьский,поселок,тульская,Арсеньевский район,246.0,,True,direct_published_census_value,,,,,data/raw/2002/016_3aa889d669_02c_Tulskaja.xls,,,,2002:016_3aa889d669_02c_Tulskaja.xls:Sheet1:189,"[2002, 2010, 2021]","{""target_source_record_id"": ""2002:016_3aa889d669_02c_Tulskaja.xls:Sheet1:189"", ""latitude"": 53.7237955, ""longitude"": 36.9560588, ""coordinate_admission_status"": ""reviewed_extension_rule_accepted"", ""coordinate_source_record_id"": ""2021:data_allsettlements_anon_156_v20251217.parquet:parquet:149533"", ""source_sha256"": ""d252915e50ff311f4d695e1a2f8a38da624c6b34774dc799418cf3f8d487a59f"", ""source_locator"": ""{\""source_file\"": \""data/raw/2002/016_3aa889d669_02c_Tulskaja.xls\"", \""source_sheet\"": \""Sheet1\"", \""source_row\"": 189.0}"", ""point_origin_file"": ""/workspace/settlements-raw/data/interim/2021_tochno/data_allsettlements_anon_156_v20251217.parquet"", ""point_origin_sha256"": ""86c197cd522e0b63669e9c6e7f43fd3d82b3704c6a126c800a9968ecd16cae14"", ""point_origin_locator"": ""carrier_target_source_record_id=2021:data_allsettlements_anon_156_v20251217.parquet:parquet:149533;parquet_row_1based=149533;latitude_dadata,longitude_dadata"", ""point_origin_kind"": ""retrospective_continuity_from_tochno_2021_dadata_raw_parquet_point"", ""point_ledger_path"": ""/workspace/settlements-work/continuation_20261004/accepted_graph25_bounded_cases_20261005/accepted_point_uses.parquet""}"
2002:016_3aa889d669_02c_Tulskaja.xls:Sheet1:2191,2002,Октябрьский,посёлок,октябрьский,поселок,тульская,Ленинский район,839.0,,True,direct_published_census_value,,,,,data/raw/2002/016_3aa889d669_02c_Tulskaja.xls,,,,2002:016_3aa889d669_02c_Tulskaja.xls:Sheet1:2191,[2002],{}
2002:016_3aa889d669_02c_Tulskaja.xls:Sheet1:2202,2002,Ревякино,посёлок,ревякино,поселок,тульская,Ленинский район,30.0,,True,direct_published_census_value,,,,,data/raw/2002/016_3aa889d669_02c_Tulskaja.xls,,,,2002:016_3aa889d669_02c_Tulskaja.xls:Sheet1:2202,[2002],{}
2002:016_3aa889d669_02c_Tulskaja.xls:Sheet1:2224,2002,Рассвет,посёлок,рассвет,поселок,тульская,Ленинский район,4002.0,,True,direct_published_census_value,,,,,data/raw/2002/016_3aa889d669_02c_Tulskaja.xls,,,,2002:016_3aa889d669_02c_Tulskaja.xls:Sheet1:2224,[2002],{}
2002:016_3aa889d669_02c_Tulskaja.xls:Sheet1:2475,2002,Приупский,посёлок,приупский,поселок,тульская,Одоевский район,2.0,,True,direct_published_census_value,,,,,data/raw/2002/016_3aa889d669_02c_Tulskaja.xls,,,,2002:016_3aa889d669_02c_Tulskaja.xls:Sheet1:2475,"[2002, 2010, 2021]","{""target_source_record_id"": ""2002:016_3aa889d669_02c_Tulskaja.xls:Sheet1:2475"", ""latitude"": 53.9549089, ""longitude"": 36.4893988, ""coordinate_admission_status"": ""reviewed_extension_rule_accepted"", ""coordinate_source_record_id"": ""2021:data_allsettlements_anon_156_v20251217.parquet:parquet:151135"", ""source_sha256"": ""d252915e50ff311f4d695e1a2f8a38da624c6b34774dc799418cf3f8d487a59f"", ""source_locator"": ""{\""source_file\"": \""data/raw/2002/016_3aa889d669_02c_Tulskaja.xls\"", \""source_sheet\"": \""Sheet1\"", \""source_row\"": 2475.0}"", ""point_origin_file"": ""/workspace/settlements-raw/data/interim/2021_tochno/data_allsettlements_anon_156_v20251217.parquet"", ""point_origin_sha256"": ""86c197cd522e0b63669e9c6e7f43fd3d82b3704c6a126c800a9968ecd16cae14"", ""point_origin_locator"": ""carrier_target_source_record_id=2021:data_allsettlements_anon_156_v20251217.parquet:parquet:151135;parquet_row_1based=151135;latitude_dadata,longitude_dadata"", ""point_origin_kind"": ""retrospective_continuity_from_tochno_2021_dadata_raw_parquet_point"", ""point_ledger_path"": ""/workspace/settlements-work/continuation_20261004/accepted_graph25_bounded_cases_20261005/accepted_point_uses.parquet""}"
2002:016_3aa889d669_02c_Tulskaja.xls:Sheet1:260,2002,Центральный,посёлок,центральный,поселок,тульская,Арсеньевский район,716.0,,True,direct_published_census_value,,,,,data/raw/2002/016_3aa889d669_02c_Tulskaja.xls,,,,2002:016_3aa889d669_02c_Tulskaja.xls:Sheet1:260,"[2002, 2010, 2021]","{""target_source_record_id"": ""2002:016_3aa889d669_02c_Tulskaja.xls:Sheet1:260"", ""latitude"": 53.7652842, ""longitude"": 36.4247506, ""coordinate_admission_status"": ""reviewed_extension_rule_accepted"", ""coordinate_source_record_id"": ""2021:data_allsettlements_anon_156_v20251217.parquet:parquet:149572"", ""source_sha256"": ""d252915e50ff311f4d695e1a2f8a38da624c6b34774dc799418cf3f8d487a59f"", ""source_locator"": ""{\""source_file\"": \""data/raw/2002/016_3aa889d669_02c_Tulskaja.xls\"", \""source_sheet\"": \""Sheet1\"", \""source_row\"": 260.0}"", ""point_origin_file"": ""/workspace/settlements-raw/data/interim/2021_tochno/data_allsettlements_anon_156_v20251217.parquet"", ""point_origin_sha256"": ""86c197cd522e0b63669e9c6e7f43fd3d82b3704c6a126c800a9968ecd16cae14"", ""point_origin_locator"": ""carrier_target_source_record_id=2021:data_allsettlements_anon_156_v20251217.parquet:parquet:149572;parquet_row_1based=149572;latitude_dadata,longitude_dadata"", ""point_origin_kind"": ""retrospective_continuity_from_tochno_2021_dadata_raw_parquet_point"", ""point_ledger_path"": ""/workspace/settlements-work/continuation_20261004/accepted_graph25_bounded_cases_20261005/accepted_point_uses.parquet""}"
2002:016_3aa889d669_02c_Tulskaja.xls:Sheet1:2616,2002,Октябрьский,посёлок,октябрьский,поселок,тульская,Плавский район,659.0,,True,direct_published_census_value,,,,,data/raw/2002/016_3aa889d669_02c_Tulskaja.xls,,,,2002:016_3aa889d669_02c_Tulskaja.xls:Sheet1:2616,"[2002, 2010, 2021]","{""target_source_record_id"": ""2002:016_3aa889d669_02c_Tulskaja.xls:Sheet1:2616"", ""latitude"": 53.694322, ""longitude"": 37.279015, ""coordinate_admission_status"": ""reviewed_extension_rule_accepted"", ""coordinate_source_record_id"": ""Q23872843"", ""source_sha256"": """", ""source_locator"": """", ""point_origin_file"": ""/workspace/settlements-raw/data/raw/wikidata_truthy_claims/batch_0086.jsonl.gz"", ""point_origin_sha256"": ""cf65c333665a4d00c72f3d835a42c92002957602967cea6f6f814e8c089d8769"", ""point_origin_locator"": ""{\""line_number\"": 6101, \""locator\"": \""batch_0086.jsonl.gz#line=6101\"", \""retrieved_at_utc\"": \""2026-08-31T20:58:50.738112+00:00\"", \""source_file\"": \""batch_0086.jsonl.gz\"", \""value_raw\"": \""POINT(37.279015 53.694322)\""}"", ""point_origin_kind"": ""wikidata_P625_point_claim"", ""point_ledger_path"": ""/workspace/settlements-work/continuation_20261004/accepted_graph25_bounded_cases_20261005/accepted_point_uses.parquet""}"
2002:016_3aa889d669_02c_Tulskaja.xls:Sheet1:2842,2002,Центральный,посёлок,центральный,поселок,тульская,Тепло-Огаревский район,698.0,,True,direct_published_census_value,,,,,data/raw/2002/016_3aa889d669_02c_Tulskaja.xls,,,,2002:016_3aa889d669_02c_Tulskaja.xls:Sheet1:2842,"[2002, 2010, 2021]","{""target_source_record_id"": ""2002:016_3aa889d669_02c_Tulskaja.xls:Sheet1:2842"", ""latitude"": 53.4372974, ""longitude"": 37.6149856, ""coordinate_admission_status"": ""reviewed_extension_rule_accepted"", ""coordinate_source_record_id"": ""2021:data_allsettlements_anon_156_v20251217.parquet:parquet:151464"", ""source_sha256"": """", ""source_locator"": """", ""point_origin_file"": ""/workspace/settlements-raw/data/interim/2021_tochno/data_allsettlements_anon_156_v20251217.parquet"", ""point_origin_sha256"": ""86c197cd522e0b63669e9c6e7f43fd3d82b3704c6a126c800a9968ecd16cae14"", ""point_origin_locator"": ""parquet_row_1based=151464;latitude_dadata,longitude_dadata"", ""point_origin_kind"": ""tochno_2021_dadata_raw_parquet_point"", ""point_ledger_path"": ""/workspace/settlements-work/continuation_20261004/accepted_graph25_bounded_cases_20261005/accepted_point_uses.parquet""}"
2002:016_3aa889d669_02c_Tulskaja.xls:Sheet1:3526,2002,Центральный,посёлок,центральный,поселок,тульская,Щекинский район,92.0,,True,direct_published_census_value,,,,,data/raw/2002/016_3aa889d669_02c_Tulskaja.xls,,,,2002:016_3aa889d669_02c_Tulskaja.xls:Sheet1:3526,"[2002, 2010, 2021]","{""target_source_record_id"": ""2002:016_3aa889d669_02c_Tulskaja.xls:Sheet1:3526"", ""latitude"": 53.8543198, ""longitude"": 37.5088034, ""coordinate_admission_status"": ""reviewed_extension_rule_accepted"", ""coordinate_source_record_id"": ""2021:data_allsettlements_anon_156_v20251217.parquet:parquet:152121"", ""source_sha256"": ""d252915e50ff311f4d695e1a2f8a38da624c6b34774dc799418cf3f8d487a59f"", ""source_locator"": ""{\""source_file\"": \""data/raw/2002/016_3aa889d669_02c_Tulskaja.xls\"", \""source_sheet\"": \""Sheet1\"", \""source_row\"": 3526.0}"", ""point_origin_file"": ""/workspace/settlements-raw/data/interim/2021_tochno/data_allsettlements_anon_156_v20251217.parquet"", ""point_origin_sha256"": ""86c197cd522e0b63669e9c6e7f43fd3d82b3704c6a126c800a9968ecd16cae14"", ""point_origin_locator"": ""carrier_target_source_record_id=2021:data_allsettlements_anon_156_v20251217.parquet:parquet:152121;parquet_row_1based=152121;latitude_dadata,longitude_dadata"", ""point_origin_kind"": ""retrospective_continuity_from_tochno_2021_dadata_raw_parquet_point"", ""point_ledger_path"": ""/workspace/settlements-work/continuation_20261004/accepted_graph25_bounded_cases_20261005/accepted_point_uses.parquet""}"
2002:016_3aa889d669_02c_Tulskaja.xls:Sheet1:3772,2002,Ревякино,деревня,ревякино,деревня,тульская,Ясногорский район,60.0,,True,direct_published_census_value,,,,,data/raw/2002/016_3aa889d669_02c_Tulskaja.xls,,,,2002:016_3aa889d669_02c_Tulskaja.xls:Sheet1:3772,"[2002, 2010, 2021]","{""target_source_record_id"": ""2002:016_3aa889d669_02c_Tulskaja.xls:Sheet1:3772"", ""latitude"": 54.3487816, ""longitude"": 37.6149447, ""coordinate_admission_status"": ""reviewed_extension_rule_accepted"", ""coordinate_source_record_id"": ""2021:data_allsettlements_anon_156_v20251217.parquet:parquet:152285"", ""source_sha256"": ""d252915e50ff311f4d695e1a2f8a38da624c6b34774dc799418cf3f8d487a59f"", ""source_locator"": ""{\""source_file\"": \""data/raw/2002/016_3aa889d669_02c_Tulskaja.xls\"", \""source_sheet\"": \""Sheet1\"", \""source_row\"": 3772.0}"", ""point_origin_file"": ""/workspace/settlements-raw/data/interim/2021_tochno/data_allsettlements_anon_156_v20251217.parquet"", ""point_origin_sha256"": ""86c197cd522e0b63669e9c6e7f43fd3d82b3704c6a126c800a9968ecd16cae14"", ""point_origin_locator"": ""carrier_target_source_record_id=2021:data_allsettlements_anon_156_v20251217.parquet:parquet:152285;parquet_row_1based=152285;latitude_dadata,longitude_dadata"", ""point_origin_kind"": ""retrospective_continuity_from_tochno_2021_dadata_raw_parquet_point"", ""point_ledger_path"": ""/workspace/settlements-work/continuation_20261004/accepted_graph25_bounded_cases_20261005/accepted_point_uses.parquet""}"
2002:016_3aa889d669_02c_Tulskaja.xls:Sheet1:738,2002,Октябрьский,посёлок,октябрьский,поселок,тульская,Веневский район,155.0,,True,direct_published_census_value,,,,,data/raw/2002/016_3aa889d669_02c_Tulskaja.xls,,,,2002:016_3aa889d669_02c_Tulskaja.xls:Sheet1:738,"[2002, 2010, 2021]","{""target_source_record_id"": ""2002:016_3aa889d669_02c_Tulskaja.xls:Sheet1:738"", ""latitude"": 54.2460552, ""longitude"": 38.0604815, ""coordinate_admission_status"": ""reviewed_extension_rule_accepted"", ""coordinate_source_record_id"": ""2021:data_allsettlements_anon_156_v20251217.parquet:parquet:149887"", ""source_sha256"": ""d252915e50ff311f4d695e1a2f8a38da624c6b34774dc799418cf3f8d487a59f"", ""source_locator"": ""{\""source_file\"": \""data/raw/2002/016_3aa889d669_02c_Tulskaja.xls\"", \""source_sheet\"": \""Sheet1\"", \""source_row\"": 738.0}"", ""point_origin_file"": ""/workspace/settlements-raw/data/interim/2021_tochno/data_allsettlements_anon_156_v20251217.parquet"", ""point_origin_sha256"": ""86c197cd522e0b63669e9c6e7f43fd3d82b3704c6a126c800a9968ecd16cae14"", ""point_origin_locator"": ""carrier_target_source_record_id=2021:data_allsettlements_anon_156_v20251217.parquet:parquet:149887;parquet_row_1based=149887;latitude_dadata,longitude_dadata"", ""point_origin_kind"": ""retrospective_continuity_from_tochno_2021_dadata_raw_parquet_point"", ""point_ledger_path"": ""/workspace/settlements-work/continuation_20261004/accepted_graph25_bounded_cases_20261005/accepted_point_uses.parquet""}"
2002:016_3aa889d669_02c_Tulskaja.xls:Sheet1:741,2002,Рассвет,посёлок,рассвет,поселок,тульская,Веневский район,344.0,,True,direct_published_census_value,,,,,data/raw/2002/016_3aa889d669_02c_Tulskaja.xls,,,,2002:016_3aa889d669_02c_Tulskaja.xls:Sheet1:741,"[2002, 2010, 2021]","{""target_source_record_id"": ""2002:016_3aa889d669_02c_Tulskaja.xls:Sheet1:741"", ""latitude"": 54.3048103, ""longitude"": 38.1443073, ""coordinate_admission_status"": ""reviewed_extension_rule_accepted"", ""coordinate_source_record_id"": ""2021:data_allsettlements_anon_156_v20251217.parquet:parquet:150049"", ""source_sha256"": ""d252915e50ff311f4d695e1a2f8a38da624c6b34774dc799418cf3f8d487a59f"", ""source_locator"": ""{\""source_file\"": \""data/raw/2002/016_3aa889d669_02c_Tulskaja.xls\"", \""source_sheet\"": \""Sheet1\"", \""source_row\"": 741.0}"", ""point_origin_file"": ""/workspace/settlements-raw/data/interim/2021_tochno/data_allsettlements_anon_156_v20251217.parquet"", ""point_origin_sha256"": ""86c197cd522e0b63669e9c6e7f43fd3d82b3704c6a126c800a9968ecd16cae14"", ""point_origin_locator"": ""carrier_target_source_record_id=2021:data_allsettlements_anon_156_v20251217.parquet:parquet:150049;parquet_row_1based=150049;latitude_dadata,longitude_dadata"", ""point_origin_kind"": ""retrospective_continuity_from_tochno_2021_dadata_raw_parquet_point"", ""point_ledger_path"": ""/workspace/settlements-work/continuation_20261004/accepted_graph25_bounded_cases_20261005/accepted_point_uses.parquet""}"
2002:055_430166490c_Uljanovskaja_new.xls:Sheet1:1151,2002,Белый Ключ,село,белый ключ,село,ульяновская,Сурский район,533.0,,True,direct_published_census_value,,,,,data/raw/2002/055_430166490c_Uljanovskaja_new.xls,,,,2002:055_430166490c_Uljanovskaja_new.xls:Sheet1:1151,"[2002, 2010, 2021]","{""target_source_record_id"": ""2002:055_430166490c_Uljanovskaja_new.xls:Sheet1:1151"", ""latitude"": 54.4369185, ""longitude"": 46.8264882, ""coordinate_admission_status"": ""reviewed_extension_rule_accepted"", ""coordinate_source_record_id"": ""2021:data_allsettlements_anon_156_v20251217.parquet:parquet:158494"", ""source_sha256"": ""8459b0dda0e89fc99e85b17ab862fc1bf75a273acbcf2932574ace3fed803deb"", ""source_locator"": ""{\""source_file\"": \""data/raw/2002/055_430166490c_Uljanovskaja_new.xls\"", \""source_sheet\"": \""Sheet1\"", \""source_row\"": 1151.0}"", ""point_origin_file"": ""/workspace/settlements-raw/data/interim/2021_tochno/data_allsettlements_anon_156_v20251217.parquet"", ""point_origin_sha256"": ""86c197cd522e0b63669e9c6e7f43fd3d82b3704c6a126c800a9968ecd16cae14"", ""point_origin_locator"": ""carrier_target_source_record_id=2021:data_allsettlements_anon_156_v20251217.parquet:parquet:158494;parquet_row_1based=158494;latitude_dadata,longitude_dadata"", ""point_origin_kind"": ""retrospective_continuity_from_tochno_2021_dadata_raw_parquet_point"", ""point_ledger_path"": ""/workspace/settlements-work/continuation_20261004/accepted_graph25_bounded_cases_20261005/accepted_point_uses.parquet""}"
2002:055_430166490c_Uljanovskaja_new.xls:Sheet1:249,2002,Белый Ключ,село,белый ключ,село,ульяновская,Вешкаймский район,261.0,,True,direct_published_census_value,,,,,data/raw/2002/055_430166490c_Uljanovskaja_new.xls,,,,2002:055_430166490c_Uljanovskaja_new.xls:Sheet1:249,"[2002, 2021]","{""target_source_record_id"": ""2002:055_430166490c_Uljanovskaja_new.xls:Sheet1:249"", ""latitude"": 54.1512055, ""longitude"": 47.1342572, ""coordinate_admission_status"": ""reviewed_extension_rule_accepted"", ""coordinate_source_record_id"": ""2021:data_allsettlements_anon_156_v20251217.parquet:parquet:157761"", ""source_sha256"": ""8459b0dda0e89fc99e85b17ab862fc1bf75a273acbcf2932574ace3fed803deb"", ""source_locator"": ""{\""source_file\"": \""data/raw/2002/055_430166490c_Uljanovskaja_new.xls\"", \""source_sheet\"": \""Sheet1\"", \""source_row\"": 249.0}"", ""point_origin_file"": ""/workspace/settlements-raw/data/interim/2021_tochno/data_allsettlements_anon_156_v20251217.parquet"", ""point_origin_sha256"": ""86c197cd522e0b63669e9c6e7f43fd3d82b3704c6a126c800a9968ecd16cae14"", ""point_origin_locator"": ""carrier_target_source_record_id=2021:data_allsettlements_anon_156_v20251217.parquet:parquet:157761;parquet_row_1based=157761;latitude_dadata,longitude_dadata"", ""point_origin_kind"": ""retrospective_continuity_from_tochno_2021_dadata_raw_parquet_point"", ""point_ledger_path"": ""/workspace/settlements-work/continuation_20261004/accepted_graph25_bounded_cases_20261005/accepted_point_uses.parquet""}"
2002:055_430166490c_Uljanovskaja_new.xls:Sheet1:37,2002,Карлинское,село,карлинское,село,ульяновская,,2607.0,,True,direct_published_census_value,,,,,data/raw/2002/055_430166490c_Uljanovskaja_new.xls,,,,2002:055_430166490c_Uljanovskaja_new.xls:Sheet1:37,[2002],{}
2002:055_430166490c_Uljanovskaja_new.xls:Sheet1:587,2002,Карлинское,село,карлинское,село,ульяновская,Майнский район,420.0,,True,direct_published_census_value,,,,,data/raw/2002/055_430166490c_Uljanovskaja_new.xls,,,,2002:055_430166490c_Uljanovskaja_new.xls:Sheet1:587,"[2002, 2010, 2021]","{""target_source_record_id"": ""2002:055_430166490c_Uljanovskaja_new.xls:Sheet1:587"", ""latitude"": 53.9954307, ""longitude"": 47.768735, ""coordinate_admission_status"": ""reviewed_extension_rule_accepted"", ""coordinate_source_record_id"": ""2021:data_allsettlements_anon_156_v20251217.parquet:parquet:158041"", ""source_sha256"": ""8459b0dda0e89fc99e85b17ab862fc1bf75a273acbcf2932574ace3fed803deb"", ""source_locator"": ""{\""source_file\"": \""data/raw/2002/055_430166490c_Uljanovskaja_new.xls\"", \""source_sheet\"": \""Sheet1\"", \""source_row\"": 587.0}"", ""point_origin_file"": ""/workspace/settlements-raw/data/interim/2021_tochno/data_allsettlements_anon_156_v20251217.parquet"", ""point_origin_sha256"": ""86c197cd522e0b63669e9c6e7f43fd3d82b3704c6a126c800a9968ecd16cae14"", ""point_origin_locator"": ""carrier_target_source_record_id=2021:data_allsettlements_anon_156_v20251217.parquet:parquet:158041;parquet_row_1based=158041;latitude_dadata,longitude_dadata"", ""point_origin_kind"": ""retrospective_continuity_from_tochno_2021_dadata_raw_parquet_point"", ""point_ledger_path"": ""/workspace/settlements-work/continuation_20261004/accepted_graph25_bounded_cases_20261005/accepted_point_uses.parquet""}"
2002:055_430166490c_Uljanovskaja_new.xls:Sheet1:768,2002,Белый Ключ,деревня,белый ключ,деревня,ульяновская,Николаевский район,23.0,,True,direct_published_census_value,,,,,data/raw/2002/055_430166490c_Uljanovskaja_new.xls,,,,2002:055_430166490c_Uljanovskaja_new.xls:Sheet1:768,"[2002, 2021]","{""target_source_record_id"": ""2002:055_430166490c_Uljanovskaja_new.xls:Sheet1:768"", ""target_year"": 2002, ""latitude"": 52.9889655, ""longitude"": 47.3283456, ""coordinate_source_record_id"": ""2021:data_allsettlements_anon_156_v20251217.parquet:parquet:158139"", ""coordinate_admission_status"": ""reviewed_extension_rule_accepted"", ""coordinate_origin_ledger"": ""/workspace/settlements-work/continuation_20261004/accepted_graph25_bounded_cases_20261005/accepted_point_uses.parquet"", ""coordinate_origin_ledger_sha256"": ""cc2a7cf67d7c25eec2de7f962c49478dd275646138f1303ae3410bf2a6922d23"", ""coordinate_origin_ledger_locator"": ""target_source_record_id=2021:data_allsettlements_anon_156_v20251217.parquet:parquet:158139"", ""admission_rule"": ""representative_point_continuity_over_proposed_county_name_identity"", ""direct_historical_coordinate_measurement"": false, ""native_code_binding_asserted"": false, ""boundary_comparability_asserted"": false, ""point_ledger_path"": ""/workspace/russian-settlements-research/research_rebuild/evidence/county_type_change_application_20261007/accepted_point_use_delta.csv""}"
2002:055_430166490c_Uljanovskaja_new.xls:Sheet1:8,2002,Белый Ключ,село,белый ключ,село,ульяновская,,2608.0,,True,direct_published_census_value,,,,,data/raw/2002/055_430166490c_Uljanovskaja_new.xls,,,,2002:055_430166490c_Uljanovskaja_new.xls:Sheet1:8,[2002],{}
2002:055_430166490c_Uljanovskaja_new.xls:Sheet1:9,2002,Белый Ключ,станция,белый ключ,станция,ульяновская,,138.0,,True,direct_published_census_value,,,,,data/raw/2002/055_430166490c_Uljanovskaja_new.xls,,,,2002:055_430166490c_Uljanovskaja_new.xls:Sheet1:9,"[2002, 2010, 2021]","{""target_source_record_id"": ""2002:055_430166490c_Uljanovskaja_new.xls:Sheet1:9"", ""latitude"": 54.226447, ""longitude"": 48.296705, ""coordinate_admission_status"": ""reviewed_extension_rule_accepted"", ""coordinate_source_record_id"": ""GeoKLADR2011:OKATO:73401365004"", ""source_sha256"": ""8459b0dda0e89fc99e85b17ab862fc1bf75a273acbcf2932574ace3fed803deb"", ""source_locator"": ""{\""source_file\"": \""data/raw/2002/055_430166490c_Uljanovskaja_new.xls\"", \""source_sheet\"": \""Sheet1\"", \""source_row\"": 9.0}"", ""point_origin_file"": ""/workspace/settlements-raw/data/raw/historical_geography/geokladr_okato_2011/okato.dbf"", ""point_origin_sha256"": ""d1c8b983f2489724a940bd2a64dedda73b602f6c491d5c09391deaf362fe2650"", ""point_origin_locator"": ""raw_dbf_record_number_1based=123563;byte_offset_0based=48807695"", ""point_origin_kind"": ""geokladr_2011_raw_dbf_coordinate"", ""point_ledger_path"": ""/workspace/settlements-work/continuation_20261004/accepted_graph25_bounded_cases_20261005/accepted_point_uses.parquet""}"
2002:055_430166490c_Uljanovskaja_new.xls:Sheet1:981,2002,Октябрьский,посёлок,октябрьский,поселок,ульяновская,Радищевский район,1737.0,,True,direct_published_census_value,,,,,data/raw/2002/055_430166490c_Uljanovskaja_new.xls,,,,2002:055_430166490c_Uljanovskaja_new.xls:Sheet1:981,"[2002, 2010, 2021]","{""target_source_record_id"": ""2002:055_430166490c_Uljanovskaja_new.xls:Sheet1:981"", ""latitude"": 53.0176488, ""longitude"": 47.9267189, ""coordinate_admission_status"": ""reviewed_extension_rule_accepted"", ""coordinate_source_record_id"": ""2021:data_allsettlements_anon_156_v20251217.parquet:parquet:158340"", ""source_sha256"": ""8459b0dda0e89fc99e85b17ab862fc1bf75a273acbcf2932574ace3fed803deb"", ""source_locator"": ""{\""source_file\"": \""data/raw/2002/055_430166490c_Uljanovskaja_new.xls\"", \""source_sheet\"": \""Sheet1\"", \""source_row\"": 981.0}"", ""point_origin_file"": ""/workspace/settlements-raw/data/interim/2021_tochno/data_allsettlements_anon_156_v20251217.parquet"", ""point_origin_sha256"": ""86c197cd522e0b63669e9c6e7f43fd3d82b3704c6a126c800a9968ecd16cae14"", ""point_origin_locator"": ""carrier_target_source_record_id=2021:data_allsettlements_anon_156_v20251217.parquet:parquet:158340;parquet_row_1based=158340;latitude_dadata,longitude_dadata"", ""point_origin_kind"": ""retrospective_continuity_from_tochno_2021_dadata_raw_parquet_point"", ""point_ledger_path"": ""/workspace/settlements-work/continuation_20261004/accepted_graph25_bounded_cases_20261005/accepted_point_uses.parquet""}"
2002:057_9b18a354f1_02c_Sverdlovskaja_oblast.xls:Sheet1:1292,2002,Восточный,посёлок,восточный,поселок,свердловская,Камышловский район,2460.0,,True,direct_published_census_value,,,,,data/raw/2002/057_9b18a354f1_02c_Sverdlovskaja_oblast.xls,,,,2002:057_9b18a354f1_02c_Sverdlovskaja_oblast.xls:Sheet1:1292,"[2002, 2021]","{""target_source_record_id"": ""2002:057_9b18a354f1_02c_Sverdlovskaja_oblast.xls:Sheet1:1292"", ""latitude"": 56.927035, ""longitude"": 63.021515, ""coordinate_admission_status"": ""reviewed_extension_rule_accepted"", ""coordinate_source_record_id"": ""Q15275319"", ""source_sha256"": """", ""source_locator"": """", ""point_origin_file"": ""/workspace/settlements-raw/data/raw/wikidata_truthy_claims/batch_0015.jsonl.gz"", ""point_origin_sha256"": ""cad3745110d3760ec8e3d104b2e364923c0b43ea952dce9f5367ee2fbd6b74d2"", ""point_origin_locator"": ""{\""line_number\"": 7496, \""locator\"": \""batch_0015.jsonl.gz#line=7496\"", \""retrieved_at_utc\"": \""2026-08-31T20:57:27.090420+00:00\"", \""source_file\"": \""batch_0015.jsonl.gz\"", \""value_raw\"": \""POINT(63.021515 56.927035)\""}"", ""point_origin_kind"": ""wikidata_P625_point_claim"", ""point_ledger_path"": ""/workspace/settlements-work/continuation_20261004/accepted_graph25_bounded_cases_20261005/accepted_point_uses.parquet""}"
2002:057_9b18a354f1_02c_Sverdlovskaja_oblast.xls:Sheet1:1615,2002,Северка,посёлок,северка,поселок,свердловская,Пригородный район,214.0,,True,direct_published_census_value,,,,,data/raw/2002/057_9b18a354f1_02c_Sverdlovskaja_oblast.xls,,,,2002:057_9b18a354f1_02c_Sverdlovskaja_oblast.xls:Sheet1:1615,"[2002, 2010, 2021]","{""target_source_record_id"": ""2002:057_9b18a354f1_02c_Sverdlovskaja_oblast.xls:Sheet1:1615"", ""latitude"": 57.91, ""longitude"": 59.23, ""coordinate_admission_status"": ""reviewed_extension_rule_accepted"", ""coordinate_source_record_id"": ""Q15276050"", ""source_sha256"": """", ""source_locator"": """", ""point_origin_file"": ""/workspace/settlements-raw/data/raw/wikidata_truthy_claims/batch_0015.jsonl.gz"", ""point_origin_sha256"": ""cad3745110d3760ec8e3d104b2e364923c0b43ea952dce9f5367ee2fbd6b74d2"", ""point_origin_locator"": ""{\""line_number\"": 7473, \""locator\"": \""batch_0015.jsonl.gz#line=7473\"", \""retrieved_at_utc\"": \""2026-08-31T20:57:27.090420+00:00\"", \""source_file\"": \""batch_0015.jsonl.gz\"", \""value_raw\"": \""POINT(59.230000 57.910000)\""}"", ""point_origin_kind"": ""wikidata_P625_point_claim"", ""point_ledger_path"": ""/workspace/settlements-work/continuation_20261004/accepted_graph25_bounded_cases_20261005/accepted_point_uses.parquet""}"
2002:057_9b18a354f1_02c_Sverdlovskaja_oblast.xls:Sheet1:66,2002,Красногвардейский,посёлок,красногвардейский,поселок,свердловская,,9.0,,True,direct_published_census_value,,,,,data/raw/2002/057_9b18a354f1_02c_Sverdlovskaja_oblast.xls,,,,2002:057_9b18a354f1_02c_Sverdlovskaja_oblast.xls:Sheet1:66,"[2002, 2010, 2021]","{""target_source_record_id"": ""2002:057_9b18a354f1_02c_Sverdlovskaja_oblast.xls:Sheet1:66"", ""latitude"": 57.01556, ""longitude"": 60.69333, ""coordinate_admission_status"": ""reviewed_extension_rule_accepted"", ""coordinate_source_record_id"": ""Q15267742"", ""source_sha256"": """", ""source_locator"": """", ""point_origin_file"": ""/workspace/settlements-raw/data/raw/wikidata_truthy_claims/batch_0015.jsonl.gz"", ""point_origin_sha256"": ""cad3745110d3760ec8e3d104b2e364923c0b43ea952dce9f5367ee2fbd6b74d2"", ""point_origin_locator"": ""{\""line_number\"": 6799, \""locator\"": \""batch_0015.jsonl.gz#line=6799\"", \""retrieved_at_utc\"": \""2026-08-31T20:57:27.090420+00:00\"", \""source_file\"": \""batch_0015.jsonl.gz\"", \""value_raw\"": \""POINT(60.693330 57.015560)\""}"", ""point_origin_kind"": ""wikidata_P625_point_claim"", ""point_ledger_path"": ""/workspace/settlements-work/continuation_20261004/accepted_graph25_bounded_cases_20261005/accepted_point_uses.parquet""}"
2002:1_TOM_01_04.xls:0:2022,2002,Октябрьский,пгт,октябрьский,пгт,тульская,,3358.0,settlement,True,direct_published_census_value,,,,,data/raw/2002_official_tom1/1_TOM_01_04.xls,,,,2002:1_TOM_01_04.xls:0:2022,[2002],{}
2002:1_TOM_01_04.xls:0:2023,2002,Приупский,пгт,приупский,пгт,тульская,,3421.0,settlement,True,direct_published_census_value,,,,,data/raw/2002_official_tom1/1_TOM_01_04.xls,,,,2002:1_TOM_01_04.xls:0:2023,[2002],{}
2002:1_TOM_01_04.xls:0:2075,2002,Ревякино,пгт,ревякино,пгт,тульская,,3313.0,settlement,True,direct_published_census_value,,,,,data/raw/2002_official_tom1/1_TOM_01_04.xls,,,,2002:1_TOM_01_04.xls:0:2075,[2002],{}
2002:1_TOM_01_04.xls:0:7300,2002,Октябрьский,пгт,октябрьский,пгт,ульяновская,,6738.0,settlement,True,direct_published_census_value,,,,,data/raw/2002_official_tom1/1_TOM_01_04.xls,,,,2002:1_TOM_01_04.xls:0:7300,[2002],{}
2002:1_TOM_01_04.xls:0:7403,2002,Северка,пгт,северка,пгт,свердловская,,3380.0,settlement,True,direct_published_census_value,,,,,data/raw/2002_official_tom1/1_TOM_01_04.xls,,,,2002:1_TOM_01_04.xls:0:7403,[2002],{}
2002:1_TOM_01_04.xls:0:7573,2002,Красногвардейский,пгт,красногвардейский,пгт,свердловская,,4825.0,settlement,True,direct_published_census_value,,,,,data/raw/2002_official_tom1/1_TOM_01_04.xls,,,,2002:1_TOM_01_04.xls:0:7573,[2002],{}
2002:1_TOM_01_04.xls:0:7663,2002,Восточный,пгт,восточный,пгт,свердловская,,5729.0,settlement,True,direct_published_census_value,,,,,data/raw/2002_official_tom1/1_TOM_01_04.xls,,,,2002:1_TOM_01_04.xls:0:7663,[2002],{}
2010:003_eb441570b1_11._20Урал_ФО_2010.xls:Урал:2932,2010,Красногвардейский,посёлок,красногвардейский,поселок,свердловская,,4019.0,settlement,True,secondary_confidentiality_protected_value_exact_scope_unverified,,,,,data/raw/2010/003_eb441570b1_11._20Урал_ФО_2010.xls,,,,2010:003_eb441570b1_11._20Урал_ФО_2010.xls:Урал:2932,[2010],{}
2010:003_eb441570b1_11._20Урал_ФО_2010.xls:Урал:3508,2010,Восточный,посёлок,восточный,поселок,свердловская,,726.0,settlement,True,secondary_confidentiality_protected_value_exact_scope_unverified,,,,,data/raw/2010/003_eb441570b1_11._20Урал_ФО_2010.xls,,,,2010:003_eb441570b1_11._20Урал_ФО_2010.xls:Урал:3508,[2010],{}
2010:003_eb441570b1_11._20Урал_ФО_2010.xls:Урал:3741,2010,Северка,посёлок,северка,поселок,свердловская,,117.0,settlement,True,secondary_confidentiality_protected_value_exact_scope_unverified,,,,,data/raw/2010/003_eb441570b1_11._20Урал_ФО_2010.xls,,,,2002:057_9b18a354f1_02c_Sverdlovskaja_oblast.xls:Sheet1:1615,"[2002, 2010, 2021]","{""target_source_record_id"": ""2010:003_eb441570b1_11._20Урал_ФО_2010.xls:Урал:3741"", ""latitude"": 57.91, ""longitude"": 59.23, ""coordinate_admission_status"": ""reviewed_extension_rule_accepted"", ""coordinate_source_record_id"": ""Q15276050"", ""source_sha256"": """", ""source_locator"": """", ""point_origin_file"": ""/workspace/settlements-raw/data/raw/wikidata_truthy_claims/batch_0015.jsonl.gz"", ""point_origin_sha256"": ""cad3745110d3760ec8e3d104b2e364923c0b43ea952dce9f5367ee2fbd6b74d2"", ""point_origin_locator"": ""{\""line_number\"": 7473, \""locator\"": \""batch_0015.jsonl.gz#line=7473\"", \""retrieved_at_utc\"": \""2026-08-31T20:57:27.090420+00:00\"", \""source_file\"": \""batch_0015.jsonl.gz\"", \""value_raw\"": \""POINT(59.230000 57.910000)\""}"", ""point_origin_kind"": ""wikidata_P625_point_claim"", ""point_ledger_path"": ""/workspace/settlements-work/continuation_20261004/accepted_graph25_bounded_cases_20261005/accepted_point_uses.parquet""}"
2010:003_eb441570b1_11._20Урал_ФО_2010.xls:Урал:3896,2010,Восточный,посёлок,восточный,поселок,свердловская,,4648.0,settlement,True,secondary_confidentiality_protected_value_exact_scope_unverified,,,,,data/raw/2010/003_eb441570b1_11._20Урал_ФО_2010.xls,,,,2010:003_eb441570b1_11._20Урал_ФО_2010.xls:Урал:3896,[2010],{}
2010:003_eb441570b1_11._20Урал_ФО_2010.xls:Урал:4413,2010,Северка,посёлок,северка,поселок,свердловская,,3507.0,settlement,True,secondary_confidentiality_protected_value_exact_scope_unverified,,,,,data/raw/2010/003_eb441570b1_11._20Урал_ФО_2010.xls,,,,2010:003_eb441570b1_11._20Урал_ФО_2010.xls:Урал:4413,[2010],{}
2010:003_eb441570b1_11._20Урал_ФО_2010.xls:Урал:4455,2010,Красногвардейский,посёлок,красногвардейский,поселок,свердловская,,22.0,settlement,True,secondary_confidentiality_protected_value_exact_scope_unverified,,,,,data/raw/2010/003_eb441570b1_11._20Урал_ФО_2010.xls,,,,2002:057_9b18a354f1_02c_Sverdlovskaja_oblast.xls:Sheet1:66,"[2002, 2010, 2021]","{""target_source_record_id"": ""2010:003_eb441570b1_11._20Урал_ФО_2010.xls:Урал:4455"", ""latitude"": 57.01556, ""longitude"": 60.69333, ""coordinate_admission_status"": ""reviewed_extension_rule_accepted"", ""coordinate_source_record_id"": ""Q15267742"", ""source_sha256"": """", ""source_locator"": """", ""point_origin_file"": ""/workspace/settlements-raw/data/raw/wikidata_truthy_claims/batch_0015.jsonl.gz"", ""point_origin_sha256"": ""cad3745110d3760ec8e3d104b2e364923c0b43ea952dce9f5367ee2fbd6b74d2"", ""point_origin_locator"": ""{\""line_number\"": 6799, \""locator\"": \""batch_0015.jsonl.gz#line=6799\"", \""retrieved_at_utc\"": \""2026-08-31T20:57:27.090420+00:00\"", \""source_file\"": \""batch_0015.jsonl.gz\"", \""value_raw\"": \""POINT(60.693330 57.015560)\""}"", ""point_origin_kind"": ""wikidata_P625_point_claim"", ""point_ledger_path"": ""/workspace/settlements-work/continuation_20261004/accepted_graph25_bounded_cases_20261005/accepted_point_uses.parquet""}"
2010:011_040325482b_3._20Ryaz_Smol_Tambov_Tula_Jaroslavl_20L1_20ethn_2010.xls:Data Sheet:10001,2010,Октябрьский,посёлок,октябрьский,поселок,тульская,,144.0,settlement,True,secondary_confidentiality_protected_value_exact_scope_unverified,,,,,data/raw/2010/011_040325482b_3._20Ryaz_Smol_Tambov_Tula_Jaroslavl_20L1_20ethn_2010.xls,,,,2002:016_3aa889d669_02c_Tulskaja.xls:Sheet1:738,"[2002, 2010, 2021]","{""target_source_record_id"": ""2010:011_040325482b_3._20Ryaz_Smol_Tambov_Tula_Jaroslavl_20L1_20ethn_2010.xls:Data Sheet:10001"", ""latitude"": 54.2460552, ""longitude"": 38.0604815, ""coordinate_admission_status"": ""reviewed_extension_rule_accepted"", ""coordinate_source_record_id"": ""2021:data_allsettlements_anon_156_v20251217.parquet:parquet:149887"", ""source_sha256"": """", ""source_locator"": """", ""point_origin_file"": ""/workspace/settlements-raw/data/interim/2021_tochno/data_allsettlements_anon_156_v20251217.parquet"", ""point_origin_sha256"": ""86c197cd522e0b63669e9c6e7f43fd3d82b3704c6a126c800a9968ecd16cae14"", ""point_origin_locator"": ""parquet_row_1based=149887;latitude_dadata,longitude_dadata"", ""point_origin_kind"": ""tochno_2021_dadata_raw_parquet_point"", ""point_ledger_path"": ""/workspace/settlements-work/continuation_20261004/accepted_graph25_bounded_cases_20261005/accepted_point_uses.parquet""}"
2010:011_040325482b_3._20Ryaz_Smol_Tambov_Tula_Jaroslavl_20L1_20ethn_2010.xls:Data Sheet:10003,2010,Рассвет,посёлок,рассвет,поселок,тульская,,339.0,settlement,True,secondary_confidentiality_protected_value_exact_scope_unverified,,,,,data/raw/2010/011_040325482b_3._20Ryaz_Smol_Tambov_Tula_Jaroslavl_20L1_20ethn_2010.xls,,,,2002:016_3aa889d669_02c_Tulskaja.xls:Sheet1:741,"[2002, 2010, 2021]","{""target_source_record_id"": ""2010:011_040325482b_3._20Ryaz_Smol_Tambov_Tula_Jaroslavl_20L1_20ethn_2010.xls:Data Sheet:10003"", ""latitude"": 54.3048103, ""longitude"": 38.1443073, ""coordinate_admission_status"": ""reviewed_extension_rule_accepted"", ""coordinate_source_record_id"": ""2021:data_allsettlements_anon_156_v20251217.parquet:parquet:150049"", ""source_sha256"": """", ""source_locator"": """", ""point_origin_file"": ""/workspace/settlements-raw/data/interim/2021_tochno/data_allsettlements_anon_156_v20251217.parquet"", ""point_origin_sha256"": ""86c197cd522e0b63669e9c6e7f43fd3d82b3704c6a126c800a9968ecd16cae14"", ""point_origin_locator"": ""parquet_row_1based=150049;latitude_dadata,longitude_dadata"", ""point_origin_kind"": ""tochno_2021_dadata_raw_parquet_point"", ""point_ledger_path"": ""/workspace/settlements-work/continuation_20261004/accepted_graph25_bounded_cases_20261005/accepted_point_uses.parquet""}"
2010:011_040325482b_3._20Ryaz_Smol_Tambov_Tula_Jaroslavl_20L1_20ethn_2010.xls:Data Sheet:10311,2010,Октябрьский,посёлок,октябрьский,поселок,тульская,,9.0,settlement,True,secondary_confidentiality_protected_value_exact_scope_unverified,,,,,data/raw/2010/011_040325482b_3._20Ryaz_Smol_Tambov_Tula_Jaroslavl_20L1_20ethn_2010.xls,,,,2010:011_040325482b_3._20Ryaz_Smol_Tambov_Tula_Jaroslavl_20L1_20ethn_2010.xls:Data Sheet:10311,[2010],{}
2010:011_040325482b_3._20Ryaz_Smol_Tambov_Tula_Jaroslavl_20L1_20ethn_2010.xls:Data Sheet:10361,2010,Октябрьский,посёлок,октябрьский,поселок,тульская,,329.0,settlement,True,secondary_confidentiality_protected_value_exact_scope_unverified,,,,,data/raw/2010/011_040325482b_3._20Ryaz_Smol_Tambov_Tula_Jaroslavl_20L1_20ethn_2010.xls,,,,2010:011_040325482b_3._20Ryaz_Smol_Tambov_Tula_Jaroslavl_20L1_20ethn_2010.xls:Data Sheet:10361,[2010],{}
2010:011_040325482b_3._20Ryaz_Smol_Tambov_Tula_Jaroslavl_20L1_20ethn_2010.xls:Data Sheet:11011,2010,Октябрьский,посёлок,октябрьский,поселок,тульская,,3282.0,settlement,True,secondary_confidentiality_protected_value_exact_scope_unverified,,,,,data/raw/2010/011_040325482b_3._20Ryaz_Smol_Tambov_Tula_Jaroslavl_20L1_20ethn_2010.xls,,,,2010:011_040325482b_3._20Ryaz_Smol_Tambov_Tula_Jaroslavl_20L1_20ethn_2010.xls:Data Sheet:11011,[2010],{}
2010:011_040325482b_3._20Ryaz_Smol_Tambov_Tula_Jaroslavl_20L1_20ethn_2010.xls:Data Sheet:11039,2010,Приупский,посёлок,приупский,поселок,тульская,,2132.0,settlement,True,secondary_confidentiality_protected_value_exact_scope_unverified,,,,,data/raw/2010/011_040325482b_3._20Ryaz_Smol_Tambov_Tula_Jaroslavl_20L1_20ethn_2010.xls,,,,2010:011_040325482b_3._20Ryaz_Smol_Tambov_Tula_Jaroslavl_20L1_20ethn_2010.xls:Data Sheet:11039,[2010],{}
2010:011_040325482b_3._20Ryaz_Smol_Tambov_Tula_Jaroslavl_20L1_20ethn_2010.xls:Data Sheet:11315,2010,Октябрьский,посёлок,октябрьский,поселок,тульская,,1287.0,settlement,True,secondary_confidentiality_protected_value_exact_scope_unverified,,,,,data/raw/2010/011_040325482b_3._20Ryaz_Smol_Tambov_Tula_Jaroslavl_20L1_20ethn_2010.xls,,,,2010:011_040325482b_3._20Ryaz_Smol_Tambov_Tula_Jaroslavl_20L1_20ethn_2010.xls:Data Sheet:11315,[2010],{}
2010:011_040325482b_3._20Ryaz_Smol_Tambov_Tula_Jaroslavl_20L1_20ethn_2010.xls:Data Sheet:11325,2010,Ревякино,посёлок,ревякино,поселок,тульская,,30.0,settlement,True,secondary_confidentiality_protected_value_exact_scope_unverified,,,,,data/raw/2010/011_040325482b_3._20Ryaz_Smol_Tambov_Tula_Jaroslavl_20L1_20ethn_2010.xls,,,,2010:011_040325482b_3._20Ryaz_Smol_Tambov_Tula_Jaroslavl_20L1_20ethn_2010.xls:Data Sheet:11325,[2010],{}
2010:011_040325482b_3._20Ryaz_Smol_Tambov_Tula_Jaroslavl_20L1_20ethn_2010.xls:Data Sheet:11345,2010,Рассвет,посёлок,рассвет,поселок,тульская,,4163.0,settlement,True,secondary_confidentiality_protected_value_exact_scope_unverified,,,,,data/raw/2010/011_040325482b_3._20Ryaz_Smol_Tambov_Tula_Jaroslavl_20L1_20ethn_2010.xls,,,,2010:011_040325482b_3._20Ryaz_Smol_Tambov_Tula_Jaroslavl_20L1_20ethn_2010.xls:Data Sheet:11345,[2010],{}
2010:011_040325482b_3._20Ryaz_Smol_Tambov_Tula_Jaroslavl_20L1_20ethn_2010.xls:Data Sheet:11566,2010,Приупский,посёлок,приупский,поселок,тульская,,0.0,settlement,True,secondary_confidentiality_protected_value_exact_scope_unverified,,,,,data/raw/2010/011_040325482b_3._20Ryaz_Smol_Tambov_Tula_Jaroslavl_20L1_20ethn_2010.xls,,,,2002:016_3aa889d669_02c_Tulskaja.xls:Sheet1:2475,"[2002, 2010, 2021]","{""target_source_record_id"": ""2010:011_040325482b_3._20Ryaz_Smol_Tambov_Tula_Jaroslavl_20L1_20ethn_2010.xls:Data Sheet:11566"", ""latitude"": 53.9549089, ""longitude"": 36.4893988, ""coordinate_admission_status"": ""reviewed_extension_rule_accepted"", ""coordinate_source_record_id"": ""2021:data_allsettlements_anon_156_v20251217.parquet:parquet:151135"", ""source_sha256"": """", ""source_locator"": """", ""point_origin_file"": ""/workspace/settlements-raw/data/interim/2021_tochno/data_allsettlements_anon_156_v20251217.parquet"", ""point_origin_sha256"": ""86c197cd522e0b63669e9c6e7f43fd3d82b3704c6a126c800a9968ecd16cae14"", ""point_origin_locator"": ""parquet_row_1based=151135;latitude_dadata,longitude_dadata"", ""point_origin_kind"": ""tochno_2021_dadata_raw_parquet_point"", ""point_ledger_path"": ""/workspace/settlements-work/continuation_20261004/accepted_graph25_bounded_cases_20261005/accepted_point_uses.parquet""}"
2010:011_040325482b_3._20Ryaz_Smol_Tambov_Tula_Jaroslavl_20L1_20ethn_2010.xls:Data Sheet:11691,2010,Октябрьский,посёлок,октябрьский,поселок,тульская,,491.0,settlement,True,secondary_confidentiality_protected_value_exact_scope_unverified,,,,,data/raw/2010/011_040325482b_3._20Ryaz_Smol_Tambov_Tula_Jaroslavl_20L1_20ethn_2010.xls,,,,2002:016_3aa889d669_02c_Tulskaja.xls:Sheet1:2616,"[2002, 2010, 2021]","{""target_source_record_id"": ""2010:011_040325482b_3._20Ryaz_Smol_Tambov_Tula_Jaroslavl_20L1_20ethn_2010.xls:Data Sheet:11691"", ""latitude"": 53.694322, ""longitude"": 37.279015, ""coordinate_admission_status"": ""reviewed_extension_rule_accepted"", ""coordinate_source_record_id"": ""Q23872843"", ""source_sha256"": """", ""source_locator"": """", ""point_origin_file"": ""/workspace/settlements-raw/data/raw/wikidata_truthy_claims/batch_0086.jsonl.gz"", ""point_origin_sha256"": ""cf65c333665a4d00c72f3d835a42c92002957602967cea6f6f814e8c089d8769"", ""point_origin_locator"": ""{\""line_number\"": 6101, \""locator\"": \""batch_0086.jsonl.gz#line=6101\"", \""retrieved_at_utc\"": \""2026-08-31T20:58:50.738112+00:00\"", \""source_file\"": \""batch_0086.jsonl.gz\"", \""value_raw\"": \""POINT(37.279015 53.694322)\""}"", ""point_origin_kind"": ""wikidata_P625_point_claim"", ""point_ledger_path"": ""/workspace/settlements-work/continuation_20261004/accepted_graph25_bounded_cases_20261005/accepted_point_uses.parquet""}"
2010:011_040325482b_3._20Ryaz_Smol_Tambov_Tula_Jaroslavl_20L1_20ethn_2010.xls:Data Sheet:11754,2010,Центральный,посёлок,центральный,поселок,тульская,,4432.0,settlement,True,secondary_confidentiality_protected_value_exact_scope_unverified,,,,,data/raw/2010/011_040325482b_3._20Ryaz_Smol_Tambov_Tula_Jaroslavl_20L1_20ethn_2010.xls,,,,2010:011_040325482b_3._20Ryaz_Smol_Tambov_Tula_Jaroslavl_20L1_20ethn_2010.xls:Data Sheet:11754,[2010],{}
2010:011_040325482b_3._20Ryaz_Smol_Tambov_Tula_Jaroslavl_20L1_20ethn_2010.xls:Data Sheet:11897,2010,Центральный,посёлок,центральный,поселок,тульская,,620.0,settlement,True,secondary_confidentiality_protected_value_exact_scope_unverified,,,,,data/raw/2010/011_040325482b_3._20Ryaz_Smol_Tambov_Tula_Jaroslavl_20L1_20ethn_2010.xls,,,,2002:016_3aa889d669_02c_Tulskaja.xls:Sheet1:2842,"[2002, 2010, 2021]","{""target_source_record_id"": ""2010:011_040325482b_3._20Ryaz_Smol_Tambov_Tula_Jaroslavl_20L1_20ethn_2010.xls:Data Sheet:11897"", ""latitude"": 53.4372974, ""longitude"": 37.6149856, ""coordinate_admission_status"": ""reviewed_extension_rule_accepted"", ""coordinate_source_record_id"": ""2021:data_allsettlements_anon_156_v20251217.parquet:parquet:151464"", ""source_sha256"": """", ""source_locator"": """", ""point_origin_file"": ""/workspace/settlements-raw/data/interim/2021_tochno/data_allsettlements_anon_156_v20251217.parquet"", ""point_origin_sha256"": ""86c197cd522e0b63669e9c6e7f43fd3d82b3704c6a126c800a9968ecd16cae14"", ""point_origin_locator"": ""parquet_row_1based=151464;latitude_dadata,longitude_dadata"", ""point_origin_kind"": ""tochno_2021_dadata_raw_parquet_point"", ""point_ledger_path"": ""/workspace/settlements-work/continuation_20261004/accepted_graph25_bounded_cases_20261005/accepted_point_uses.parquet""}"
2010:011_040325482b_3._20Ryaz_Smol_Tambov_Tula_Jaroslavl_20L1_20ethn_2010.xls:Data Sheet:12527,2010,Центральный,посёлок,центральный,поселок,тульская,,105.0,settlement,True,secondary_confidentiality_protected_value_exact_scope_unverified,,,,,data/raw/2010/011_040325482b_3._20Ryaz_Smol_Tambov_Tula_Jaroslavl_20L1_20ethn_2010.xls,,,,2002:016_3aa889d669_02c_Tulskaja.xls:Sheet1:3526,"[2002, 2010, 2021]","{""target_source_record_id"": ""2010:011_040325482b_3._20Ryaz_Smol_Tambov_Tula_Jaroslavl_20L1_20ethn_2010.xls:Data Sheet:12527"", ""latitude"": 53.8543198, ""longitude"": 37.5088034, ""coordinate_admission_status"": ""reviewed_extension_rule_accepted"", ""coordinate_source_record_id"": ""2021:data_allsettlements_anon_156_v20251217.parquet:parquet:152121"", ""source_sha256"": """", ""source_locator"": """", ""point_origin_file"": ""/workspace/settlements-raw/data/interim/2021_tochno/data_allsettlements_anon_156_v20251217.parquet"", ""point_origin_sha256"": ""86c197cd522e0b63669e9c6e7f43fd3d82b3704c6a126c800a9968ecd16cae14"", ""point_origin_locator"": ""parquet_row_1based=152121;latitude_dadata,longitude_dadata"", ""point_origin_kind"": ""tochno_2021_dadata_raw_parquet_point"", ""point_ledger_path"": ""/workspace/settlements-work/continuation_20261004/accepted_graph25_bounded_cases_20261005/accepted_point_uses.parquet""}"
2010:011_040325482b_3._20Ryaz_Smol_Tambov_Tula_Jaroslavl_20L1_20ethn_2010.xls:Data Sheet:12531,2010,Октябрьский,посёлок,октябрьский,поселок,тульская,,93.0,settlement,True,secondary_confidentiality_protected_value_exact_scope_unverified,,,,,data/raw/2010/011_040325482b_3._20Ryaz_Smol_Tambov_Tula_Jaroslavl_20L1_20ethn_2010.xls,,,,2010:011_040325482b_3._20Ryaz_Smol_Tambov_Tula_Jaroslavl_20L1_20ethn_2010.xls:Data Sheet:12531,[2010],{}
ROSSTAT2010:T5:p52:l31,2010,Ревякино,пгт,ревякино,пгт,тульская,Ясногорский район,2970.0,settlement,True,reviewed_primary_reported_value,,,,,data/raw/2010_official_tom1/tom-1-chislennost-i-razmeshchenie-naseleniya.pdf,/workspace/settlements-raw/data/raw/2010_official_tom1/tom-1-chislennost-i-razmeshchenie-naseleniya.pdf,42cb939d8024042ffcf8a708676cef3f159a93e4dad697086c80465d445887c3,"{""pdf_page_1based"": 52, ""printed_page"": 51, ""raw_district"": ""Ясногорский район"", ""raw_label"": ""пгт Ревякино рп"", ""table"": ""5"", ""text_line_end_1based"": 31, ""text_line_start_1based"": 31}",ROSSTAT2010:T5:p52:l31,[2010],{}
2010:011_040325482b_3._20Ryaz_Smol_Tambov_Tula_Jaroslavl_20L1_20ethn_2010.xls:Data Sheet:12754,2010,Ревякино,деревня,ревякино,деревня,тульская,,39.0,settlement,True,secondary_confidentiality_protected_value_exact_scope_unverified,,,,,data/raw/2010/011_040325482b_3._20Ryaz_Smol_Tambov_Tula_Jaroslavl_20L1_20ethn_2010.xls,,,,2002:016_3aa889d669_02c_Tulskaja.xls:Sheet1:3772,"[2002, 2010, 2021]","{""target_source_record_id"": ""2010:011_040325482b_3._20Ryaz_Smol_Tambov_Tula_Jaroslavl_20L1_20ethn_2010.xls:Data Sheet:12754"", ""latitude"": 54.3487816, ""longitude"": 37.6149447, ""coordinate_admission_status"": ""reviewed_extension_rule_accepted"", ""coordinate_source_record_id"": ""2021:data_allsettlements_anon_156_v20251217.parquet:parquet:152285"", ""source_sha256"": """", ""source_locator"": """", ""point_origin_file"": ""/workspace/settlements-raw/data/interim/2021_tochno/data_allsettlements_anon_156_v20251217.parquet"", ""point_origin_sha256"": ""86c197cd522e0b63669e9c6e7f43fd3d82b3704c6a126c800a9968ecd16cae14"", ""point_origin_locator"": ""parquet_row_1based=152285;latitude_dadata,longitude_dadata"", ""point_origin_kind"": ""tochno_2021_dadata_raw_parquet_point"", ""point_ledger_path"": ""/workspace/settlements-work/continuation_20261004/accepted_graph25_bounded_cases_20261005/accepted_point_uses.parquet""}"
2010:011_040325482b_3._20Ryaz_Smol_Tambov_Tula_Jaroslavl_20L1_20ethn_2010.xls:Data Sheet:9506,2010,Октябрьский,посёлок,октябрьский,поселок,тульская,,195.0,settlement,True,secondary_confidentiality_protected_value_exact_scope_unverified,,,,,data/raw/2010/011_040325482b_3._20Ryaz_Smol_Tambov_Tula_Jaroslavl_20L1_20ethn_2010.xls,,,,2002:016_3aa889d669_02c_Tulskaja.xls:Sheet1:189,"[2002, 2010, 2021]","{""target_source_record_id"": ""2010:011_040325482b_3._20Ryaz_Smol_Tambov_Tula_Jaroslavl_20L1_20ethn_2010.xls:Data Sheet:9506"", ""latitude"": 53.7237955, ""longitude"": 36.9560588, ""coordinate_admission_status"": ""reviewed_extension_rule_accepted"", ""coordinate_source_record_id"": ""2021:data_allsettlements_anon_156_v20251217.parquet:parquet:149533"", ""source_sha256"": """", ""source_locator"": """", ""point_origin_file"": ""/workspace/settlements-raw/data/interim/2021_tochno/data_allsettlements_anon_156_v20251217.parquet"", ""point_origin_sha256"": ""86c197cd522e0b63669e9c6e7f43fd3d82b3704c6a126c800a9968ecd16cae14"", ""point_origin_locator"": ""parquet_row_1based=149533;latitude_dadata,longitude_dadata"", ""point_origin_kind"": ""tochno_2021_dadata_raw_parquet_point"", ""point_ledger_path"": ""/workspace/settlements-work/continuation_20261004/accepted_graph25_bounded_cases_20261005/accepted_point_uses.parquet""}"
2010:011_040325482b_3._20Ryaz_Smol_Tambov_Tula_Jaroslavl_20L1_20ethn_2010.xls:Data Sheet:9569,2010,Центральный,посёлок,центральный,поселок,тульская,,615.0,settlement,True,secondary_confidentiality_protected_value_exact_scope_unverified,,,,,data/raw/2010/011_040325482b_3._20Ryaz_Smol_Tambov_Tula_Jaroslavl_20L1_20ethn_2010.xls,,,,2002:016_3aa889d669_02c_Tulskaja.xls:Sheet1:260,"[2002, 2010, 2021]","{""target_source_record_id"": ""2010:011_040325482b_3._20Ryaz_Smol_Tambov_Tula_Jaroslavl_20L1_20ethn_2010.xls:Data Sheet:9569"", ""latitude"": 53.7652842, ""longitude"": 36.4247506, ""coordinate_admission_status"": ""reviewed_extension_rule_accepted"", ""coordinate_source_record_id"": ""2021:data_allsettlements_anon_156_v20251217.parquet:parquet:149572"", ""source_sha256"": """", ""source_locator"": """", ""point_origin_file"": ""/workspace/settlements-raw/data/interim/2021_tochno/data_allsettlements_anon_156_v20251217.parquet"", ""point_origin_sha256"": ""86c197cd522e0b63669e9c6e7f43fd3d82b3704c6a126c800a9968ecd16cae14"", ""point_origin_locator"": ""parquet_row_1based=149572;latitude_dadata,longitude_dadata"", ""point_origin_kind"": ""tochno_2021_dadata_raw_parquet_point"", ""point_ledger_path"": ""/workspace/settlements-work/continuation_20261004/accepted_graph25_bounded_cases_20261005/accepted_point_uses.parquet""}"
2010:016_802d308e41_8._20Or_Penz_Perm_Samar_Saratov_Uly_2010.xls:!!!:10164,2010,Белый Ключ,село,белый ключ,село,ульяновская,,167.0,settlement,True,secondary_confidentiality_protected_value_exact_scope_unverified,,,,,data/raw/2010/016_802d308e41_8._20Or_Penz_Perm_Samar_Saratov_Uly_2010.xls,,,,2010:016_802d308e41_8._20Or_Penz_Perm_Samar_Saratov_Uly_2010.xls:!!!:10164,[2010],{}
2010:016_802d308e41_8._20Or_Penz_Perm_Samar_Saratov_Uly_2010.xls:!!!:10408,2010,Карлинское,село,карлинское,село,ульяновская,,323.0,settlement,True,secondary_confidentiality_protected_value_exact_scope_unverified,,,,,data/raw/2010/016_802d308e41_8._20Or_Penz_Perm_Samar_Saratov_Uly_2010.xls,,,,2002:055_430166490c_Uljanovskaja_new.xls:Sheet1:587,"[2002, 2010, 2021]","{""target_source_record_id"": ""2010:016_802d308e41_8._20Or_Penz_Perm_Samar_Saratov_Uly_2010.xls:!!!:10408"", ""latitude"": 53.9954307, ""longitude"": 47.768735, ""coordinate_admission_status"": ""reviewed_extension_rule_accepted"", ""coordinate_source_record_id"": ""2021:data_allsettlements_anon_156_v20251217.parquet:parquet:158041"", ""source_sha256"": """", ""source_locator"": """", ""point_origin_file"": ""/workspace/settlements-raw/data/interim/2021_tochno/data_allsettlements_anon_156_v20251217.parquet"", ""point_origin_sha256"": ""86c197cd522e0b63669e9c6e7f43fd3d82b3704c6a126c800a9968ecd16cae14"", ""point_origin_locator"": ""parquet_row_1based=158041;latitude_dadata,longitude_dadata"", ""point_origin_kind"": ""tochno_2021_dadata_raw_parquet_point"", ""point_ledger_path"": ""/workspace/settlements-work/continuation_20261004/accepted_graph25_bounded_cases_20261005/accepted_point_uses.parquet""}"
2010:016_802d308e41_8._20Or_Penz_Perm_Samar_Saratov_Uly_2010.xls:!!!:10492,2010,Белый Ключ,село,белый ключ,село,ульяновская,,10.0,settlement,True,secondary_confidentiality_protected_value_exact_scope_unverified,,,,,data/raw/2010/016_802d308e41_8._20Or_Penz_Perm_Samar_Saratov_Uly_2010.xls,,,,2010:016_802d308e41_8._20Or_Penz_Perm_Samar_Saratov_Uly_2010.xls:!!!:10492,[2010],{}
2010:016_802d308e41_8._20Or_Penz_Perm_Samar_Saratov_Uly_2010.xls:!!!:10661,2010,Октябрьский,посёлок,октябрьский,поселок,ульяновская,,1679.0,settlement,True,secondary_confidentiality_protected_value_exact_scope_unverified,,,,,data/raw/2010/016_802d308e41_8._20Or_Penz_Perm_Samar_Saratov_Uly_2010.xls,,,,2002:055_430166490c_Uljanovskaja_new.xls:Sheet1:981,"[2002, 2010, 2021]","{""target_source_record_id"": ""2010:016_802d308e41_8._20Or_Penz_Perm_Samar_Saratov_Uly_2010.xls:!!!:10661"", ""target_year"": 2010, ""latitude"": 53.0176488, ""longitude"": 47.9267189, ""coordinate_source_record_id"": ""2021:data_allsettlements_anon_156_v20251217.parquet:parquet:158340"", ""coordinate_admission_status"": ""reviewed_extension_rule_accepted"", ""coordinate_origin_ledger"": ""/workspace/settlements-work/continuation_20261004/accepted_graph25_bounded_cases_20261005/accepted_point_uses.parquet"", ""coordinate_origin_ledger_sha256"": ""cc2a7cf67d7c25eec2de7f962c49478dd275646138f1303ae3410bf2a6922d23"", ""coordinate_origin_ledger_locator"": ""target_source_record_id=2021:data_allsettlements_anon_156_v20251217.parquet:parquet:158340"", ""admission_rule"": ""representative_point_continuity_over_accepted_source_context_identity"", ""direct_historical_coordinate_measurement"": false, ""native_code_binding_asserted"": false, ""boundary_comparability_asserted"": false, ""point_ledger_path"": ""/workspace/russian-settlements-research/research_rebuild/evidence/bracketed_2010_county_application_20261007/accepted_point_use_delta.csv""}"
2010:016_802d308e41_8._20Or_Penz_Perm_Samar_Saratov_Uly_2010.xls:!!!:10788,2010,Белый Ключ,село,белый ключ,село,ульяновская,,404.0,settlement,True,secondary_confidentiality_protected_value_exact_scope_unverified,,,,,data/raw/2010/016_802d308e41_8._20Or_Penz_Perm_Samar_Saratov_Uly_2010.xls,,,,2002:055_430166490c_Uljanovskaja_new.xls:Sheet1:1151,"[2002, 2010, 2021]","{""target_source_record_id"": ""2010:016_802d308e41_8._20Or_Penz_Perm_Samar_Saratov_Uly_2010.xls:!!!:10788"", ""latitude"": 54.4369185, ""longitude"": 46.8264882, ""coordinate_admission_status"": ""reviewed_extension_rule_accepted"", ""coordinate_source_record_id"": ""2021:data_allsettlements_anon_156_v20251217.parquet:parquet:158494"", ""source_sha256"": """", ""source_locator"": """", ""point_origin_file"": ""/workspace/settlements-raw/data/interim/2021_tochno/data_allsettlements_anon_156_v20251217.parquet"", ""point_origin_sha256"": ""86c197cd522e0b63669e9c6e7f43fd3d82b3704c6a126c800a9968ecd16cae14"", ""point_origin_locator"": ""parquet_row_1based=158494;latitude_dadata,longitude_dadata"", ""point_origin_kind"": ""tochno_2021_dadata_raw_parquet_point"", ""point_ledger_path"": ""/workspace/settlements-work/continuation_20261004/accepted_graph25_bounded_cases_20261005/accepted_point_uses.parquet""}"
2010:016_802d308e41_8._20Or_Penz_Perm_Samar_Saratov_Uly_2010.xls:!!!:10985,2010,Октябрьский,посёлок,октябрьский,поселок,ульяновская,,5679.0,settlement,True,secondary_confidentiality_protected_value_exact_scope_unverified,,,,,data/raw/2010/016_802d308e41_8._20Or_Penz_Perm_Samar_Saratov_Uly_2010.xls,,,,2010:016_802d308e41_8._20Or_Penz_Perm_Samar_Saratov_Uly_2010.xls:!!!:10985,[2010],{}
2010:016_802d308e41_8._20Or_Penz_Perm_Samar_Saratov_Uly_2010.xls:!!!:11031,2010,Белый Ключ,село,белый ключ,село,ульяновская,,2330.0,settlement,True,secondary_confidentiality_protected_value_exact_scope_unverified,,,,,data/raw/2010/016_802d308e41_8._20Or_Penz_Perm_Samar_Saratov_Uly_2010.xls,,,,2010:016_802d308e41_8._20Or_Penz_Perm_Samar_Saratov_Uly_2010.xls:!!!:11031,[2010],{}
2010:016_802d308e41_8._20Or_Penz_Perm_Samar_Saratov_Uly_2010.xls:!!!:11032,2010,Белый Ключ,станция,белый ключ,станция,ульяновская,,112.0,settlement,True,secondary_confidentiality_protected_value_exact_scope_unverified,,,,,data/raw/2010/016_802d308e41_8._20Or_Penz_Perm_Samar_Saratov_Uly_2010.xls,,,,2002:055_430166490c_Uljanovskaja_new.xls:Sheet1:9,"[2002, 2010, 2021]","{""target_source_record_id"": ""2010:016_802d308e41_8._20Or_Penz_Perm_Samar_Saratov_Uly_2010.xls:!!!:11032"", ""latitude"": 54.226447, ""longitude"": 48.296705, ""coordinate_admission_status"": ""reviewed_extension_rule_accepted"", ""coordinate_source_record_id"": ""GeoKLADR2011:OKATO:73401365004"", ""source_sha256"": ""754aae620807b1275e59fc7bf8ce086ca91e7ec863d4d304f5a0a8b228a8d990"", ""source_locator"": ""{\""source_file\"": \""data/raw/2010/016_802d308e41_8._20Or_Penz_Perm_Samar_Saratov_Uly_2010.xls\"", \""source_sheet\"": \""!!!\"", \""source_row\"": 11032.0}"", ""point_origin_file"": ""/workspace/settlements-raw/data/raw/historical_geography/geokladr_okato_2011/okato.dbf"", ""point_origin_sha256"": ""d1c8b983f2489724a940bd2a64dedda73b602f6c491d5c09391deaf362fe2650"", ""point_origin_locator"": ""raw_dbf_record_number_1based=123563;byte_offset_0based=48807695"", ""point_origin_kind"": ""geokladr_2011_raw_dbf_coordinate"", ""point_ledger_path"": ""/workspace/settlements-work/continuation_20261004/accepted_graph25_bounded_cases_20261005/accepted_point_uses.parquet""}"
2010:016_802d308e41_8._20Or_Penz_Perm_Samar_Saratov_Uly_2010.xls:!!!:11049,2010,Карлинское,село,карлинское,село,ульяновская,,2503.0,settlement,True,secondary_confidentiality_protected_value_exact_scope_unverified,,,,,data/raw/2010/016_802d308e41_8._20Or_Penz_Perm_Samar_Saratov_Uly_2010.xls,,,,2010:016_802d308e41_8._20Or_Penz_Perm_Samar_Saratov_Uly_2010.xls:!!!:11049,[2010],{}
2021:data_allsettlements_anon_156_v20251217.parquet:parquet:119325,2021,Восточный,посёлок,восточный,поселок,свердловская,Камышловский муниципальный район,1270.0,settlement,True,direct_published_census_value,56.9270289,63.021442,65623405101,65223000003,data/interim/2021_tochno/data_allsettlements_anon_156_v20251217.parquet,,,,2002:057_9b18a354f1_02c_Sverdlovskaja_oblast.xls:Sheet1:1292,"[2002, 2021]","{""target_source_record_id"": ""2021:data_allsettlements_anon_156_v20251217.parquet:parquet:119325"", ""latitude"": 56.927035, ""longitude"": 63.021515, ""coordinate_admission_status"": ""reviewed_extension_rule_accepted"", ""coordinate_source_record_id"": ""Q15275319"", ""source_sha256"": ""86c197cd522e0b63669e9c6e7f43fd3d82b3704c6a126c800a9968ecd16cae14"", ""source_locator"": ""data/interim/2021_tochno/data_allsettlements_anon_156_v20251217.parquet#row=119325.0"", ""point_origin_file"": ""/workspace/settlements-raw/data/raw/wikidata_truthy_claims/batch_0015.jsonl.gz"", ""point_origin_sha256"": ""cad3745110d3760ec8e3d104b2e364923c0b43ea952dce9f5367ee2fbd6b74d2"", ""point_origin_locator"": ""{\""line_number\"": 7496, \""locator\"": \""batch_0015.jsonl.gz#line=7496\"", \""retrieved_at_utc\"": \""2026-08-31T20:57:27.090420+00:00\"", \""source_file\"": \""batch_0015.jsonl.gz\"", \""value_raw\"": \""POINT(63.021515 56.927035)\""}"", ""point_origin_kind"": ""wikidata_P625_point_claim"", ""point_ledger_path"": ""/workspace/settlements-work/continuation_20261004/accepted_graph25_bounded_cases_20261005/accepted_point_uses.parquet""}"
2021:data_allsettlements_anon_156_v20251217.parquet:parquet:119528,2021,Северка,посёлок,северка,поселок,свердловская,"Городской округ муниципальное образование ""город Екатеринбург""",2917.0,settlement,True,direct_published_census_value,56.8672998,60.2941707,65701000196,65401368001,data/interim/2021_tochno/data_allsettlements_anon_156_v20251217.parquet,,,,2021:data_allsettlements_anon_156_v20251217.parquet:parquet:119528,[2021],"{""target_source_record_id"": ""2021:data_allsettlements_anon_156_v20251217.parquet:parquet:119528"", ""latitude"": 56.8672998, ""longitude"": 60.2941707, ""coordinate_admission_status"": ""reviewed_rule_accepted"", ""coordinate_source_record_id"": ""2021:data_allsettlements_anon_156_v20251217.parquet:parquet:119528"", ""source_sha256"": """", ""source_locator"": ""data/interim/2021_tochno/data_allsettlements_anon_156_v20251217.parquet#:119528.0"", ""point_origin_file"": ""/workspace/settlements-raw/data/interim/2021_tochno/data_allsettlements_anon_156_v20251217.parquet"", ""point_origin_sha256"": ""86c197cd522e0b63669e9c6e7f43fd3d82b3704c6a126c800a9968ecd16cae14"", ""point_origin_locator"": ""parquet_row_1based=119528;latitude_dadata,longitude_dadata"", ""point_origin_kind"": ""tochno_2021_dadata_raw_parquet_point"", ""point_ledger_path"": ""/workspace/settlements-work/continuation_20261004/accepted_graph25_bounded_cases_20261005/accepted_point_uses.parquet""}"
2021:data_allsettlements_anon_156_v20251217.parquet:parquet:119557,2021,Красногвардейский,посёлок,красногвардейский,поселок,свердловская,Артемовский городской округ,3754.0,settlement,True,direct_published_census_value,57.3788659,62.3162955,65703000191,65202000003,data/interim/2021_tochno/data_allsettlements_anon_156_v20251217.parquet,,,,2021:data_allsettlements_anon_156_v20251217.parquet:parquet:119557,[2021],"{""target_source_record_id"": ""2021:data_allsettlements_anon_156_v20251217.parquet:parquet:119557"", ""latitude"": 57.3789, ""longitude"": 62.3125, ""coordinate_admission_status"": ""reviewed_extension_rule_accepted"", ""coordinate_source_record_id"": ""Q15648683"", ""source_sha256"": ""86c197cd522e0b63669e9c6e7f43fd3d82b3704c6a126c800a9968ecd16cae14"", ""source_locator"": ""data/interim/2021_tochno/data_allsettlements_anon_156_v20251217.parquet#row=119557.0"", ""point_origin_file"": ""/workspace/settlements-raw/data/raw/wikidata_truthy_claims/batch_0019.jsonl.gz"", ""point_origin_sha256"": ""fefa32a581471f6c74f260c88c5d8ee944d9281bd83de7df4d8c44dafd801468"", ""point_origin_locator"": ""{\""line_number\"": 12609, \""locator\"": \""batch_0019.jsonl.gz#line=12609\"", \""retrieved_at_utc\"": \""2026-08-31T20:57:31.292944+00:00\"", \""source_file\"": \""batch_0019.jsonl.gz\"", \""value_raw\"": \""POINT(62.312500 57.378900)\""}"", ""point_origin_kind"": ""wikidata_P625_point_claim"", ""point_ledger_path"": ""/workspace/settlements-work/continuation_20261004/accepted_graph25_bounded_cases_20261005/accepted_point_uses.parquet""}"
2021:data_allsettlements_anon_156_v20251217.parquet:parquet:120239,2021,Северка,посёлок,северка,поселок,свердловская,Горноуральский городской округ,66.0,settlement,True,direct_published_census_value,57.9110117,59.2258857,65717000296,65232000010,data/interim/2021_tochno/data_allsettlements_anon_156_v20251217.parquet,,,,2002:057_9b18a354f1_02c_Sverdlovskaja_oblast.xls:Sheet1:1615,"[2002, 2010, 2021]","{""target_source_record_id"": ""2021:data_allsettlements_anon_156_v20251217.parquet:parquet:120239"", ""latitude"": 57.91, ""longitude"": 59.23, ""coordinate_admission_status"": ""reviewed_extension_rule_accepted"", ""coordinate_source_record_id"": ""Q15276050"", ""source_sha256"": ""86c197cd522e0b63669e9c6e7f43fd3d82b3704c6a126c800a9968ecd16cae14"", ""source_locator"": ""data/interim/2021_tochno/data_allsettlements_anon_156_v20251217.parquet#row=120239.0"", ""point_origin_file"": ""/workspace/settlements-raw/data/raw/wikidata_truthy_claims/batch_0015.jsonl.gz"", ""point_origin_sha256"": ""cad3745110d3760ec8e3d104b2e364923c0b43ea952dce9f5367ee2fbd6b74d2"", ""point_origin_locator"": ""{\""line_number\"": 7473, \""locator\"": \""batch_0015.jsonl.gz#line=7473\"", \""retrieved_at_utc\"": \""2026-08-31T20:57:27.090420+00:00\"", \""source_file\"": \""batch_0015.jsonl.gz\"", \""value_raw\"": \""POINT(59.230000 57.910000)\""}"", ""point_origin_kind"": ""wikidata_P625_point_claim"", ""point_ledger_path"": ""/workspace/settlements-work/continuation_20261004/accepted_graph25_bounded_cases_20261005/accepted_point_uses.parquet""}"
2021:data_allsettlements_anon_156_v20251217.parquet:parquet:120362,2021,Восточный,посёлок,восточный,поселок,свердловская,Сосьвинский городской округ,4316.0,settlement,True,direct_published_census_value,56.9270289,63.021442,65721000176,65223000003,data/interim/2021_tochno/data_allsettlements_anon_156_v20251217.parquet,,,,2021:data_allsettlements_anon_156_v20251217.parquet:parquet:120362,[2021],"{""target_source_record_id"": ""2021:data_allsettlements_anon_156_v20251217.parquet:parquet:120362"", ""latitude"": 58.8, ""longitude"": 61.8, ""coordinate_admission_status"": ""reviewed_extension_rule_accepted"", ""coordinate_source_record_id"": ""Q4126586"", ""source_sha256"": ""86c197cd522e0b63669e9c6e7f43fd3d82b3704c6a126c800a9968ecd16cae14"", ""source_locator"": ""data/interim/2021_tochno/data_allsettlements_anon_156_v20251217.parquet#row=120362.0"", ""point_origin_file"": ""/workspace/settlements-raw/data/raw/wikidata_truthy_claims/batch_0111.jsonl.gz"", ""point_origin_sha256"": ""2205badf3a6b5960e35b8e13ef785bc95f764f52cda47e3a7e554a7b4239a1c2"", ""point_origin_locator"": ""{\""line_number\"": 11078, \""locator\"": \""batch_0111.jsonl.gz#line=11078\"", \""retrieved_at_utc\"": \""2026-08-31T20:59:24.606150+00:00\"", \""source_file\"": \""batch_0111.jsonl.gz\"", \""value_raw\"": \""POINT(61.800000 58.800000)\""}"", ""point_origin_kind"": ""wikidata_P625_point_claim"", ""point_ledger_path"": ""/workspace/settlements-work/continuation_20261004/accepted_graph25_bounded_cases_20261005/accepted_point_uses.parquet""}"
2021:data_allsettlements_anon_156_v20251217.parquet:parquet:120730,2021,Красногвардейский,посёлок,красногвардейский,поселок,свердловская,Березовский городской округ,103.0,settlement,True,direct_published_census_value,57.016158,60.6970684,65731000126,65412000005,data/interim/2021_tochno/data_allsettlements_anon_156_v20251217.parquet,,,,2002:057_9b18a354f1_02c_Sverdlovskaja_oblast.xls:Sheet1:66,"[2002, 2010, 2021]","{""target_source_record_id"": ""2021:data_allsettlements_anon_156_v20251217.parquet:parquet:120730"", ""latitude"": 57.01556, ""longitude"": 60.69333, ""coordinate_admission_status"": ""reviewed_extension_rule_accepted"", ""coordinate_source_record_id"": ""Q15267742"", ""source_sha256"": ""86c197cd522e0b63669e9c6e7f43fd3d82b3704c6a126c800a9968ecd16cae14"", ""source_locator"": ""data/interim/2021_tochno/data_allsettlements_anon_156_v20251217.parquet#row=120730.0"", ""point_origin_file"": ""/workspace/settlements-raw/data/raw/wikidata_truthy_claims/batch_0015.jsonl.gz"", ""point_origin_sha256"": ""cad3745110d3760ec8e3d104b2e364923c0b43ea952dce9f5367ee2fbd6b74d2"", ""point_origin_locator"": ""{\""line_number\"": 6799, \""locator\"": \""batch_0015.jsonl.gz#line=6799\"", \""retrieved_at_utc\"": \""2026-08-31T20:57:27.090420+00:00\"", \""source_file\"": \""batch_0015.jsonl.gz\"", \""value_raw\"": \""POINT(60.693330 57.015560)\""}"", ""point_origin_kind"": ""wikidata_P625_point_claim"", ""point_ledger_path"": ""/workspace/settlements-work/continuation_20261004/accepted_graph25_bounded_cases_20261005/accepted_point_uses.parquet""}"
2021:data_allsettlements_anon_156_v20251217.parquet:parquet:149533,2021,Октябрьский,посёлок,октябрьский,поселок,тульская,Арсеньевский муниципальный район,168.0,settlement,True,direct_published_census_value,53.7237955,36.9560588,70604410251,70204815009,data/interim/2021_tochno/data_allsettlements_anon_156_v20251217.parquet,,,,2002:016_3aa889d669_02c_Tulskaja.xls:Sheet1:189,"[2002, 2010, 2021]","{""target_source_record_id"": ""2021:data_allsettlements_anon_156_v20251217.parquet:parquet:149533"", ""latitude"": 53.7237955, ""longitude"": 36.9560588, ""coordinate_admission_status"": ""reviewed_rule_accepted"", ""coordinate_source_record_id"": ""2021:data_allsettlements_anon_156_v20251217.parquet:parquet:149533"", ""source_sha256"": """", ""source_locator"": ""data/interim/2021_tochno/data_allsettlements_anon_156_v20251217.parquet#:149533.0"", ""point_origin_file"": ""/workspace/settlements-raw/data/interim/2021_tochno/data_allsettlements_anon_156_v20251217.parquet"", ""point_origin_sha256"": ""86c197cd522e0b63669e9c6e7f43fd3d82b3704c6a126c800a9968ecd16cae14"", ""point_origin_locator"": ""parquet_row_1based=149533;latitude_dadata,longitude_dadata"", ""point_origin_kind"": ""tochno_2021_dadata_raw_parquet_point"", ""point_ledger_path"": ""/workspace/settlements-work/continuation_20261004/accepted_graph25_bounded_cases_20261005/accepted_point_uses.parquet""}"
2021:data_allsettlements_anon_156_v20251217.parquet:parquet:149572,2021,Центральный,посёлок,центральный,поселок,тульская,Арсеньевский муниципальный район,660.0,settlement,True,direct_published_census_value,53.7652842,36.4247506,70604465101,70204865001,data/interim/2021_tochno/data_allsettlements_anon_156_v20251217.parquet,,,,2002:016_3aa889d669_02c_Tulskaja.xls:Sheet1:260,"[2002, 2010, 2021]","{""target_source_record_id"": ""2021:data_allsettlements_anon_156_v20251217.parquet:parquet:149572"", ""latitude"": 53.7652842, ""longitude"": 36.4247506, ""coordinate_admission_status"": ""reviewed_rule_accepted"", ""coordinate_source_record_id"": ""2021:data_allsettlements_anon_156_v20251217.parquet:parquet:149572"", ""source_sha256"": """", ""source_locator"": ""data/interim/2021_tochno/data_allsettlements_anon_156_v20251217.parquet#:149572.0"", ""point_origin_file"": ""/workspace/settlements-raw/data/interim/2021_tochno/data_allsettlements_anon_156_v20251217.parquet"", ""point_origin_sha256"": ""86c197cd522e0b63669e9c6e7f43fd3d82b3704c6a126c800a9968ecd16cae14"", ""point_origin_locator"": ""parquet_row_1based=149572;latitude_dadata,longitude_dadata"", ""point_origin_kind"": ""tochno_2021_dadata_raw_parquet_point"", ""point_ledger_path"": ""/workspace/settlements-work/continuation_20261004/accepted_graph25_bounded_cases_20261005/accepted_point_uses.parquet""}"
2021:data_allsettlements_anon_156_v20251217.parquet:parquet:149887,2021,Октябрьский,посёлок,октябрьский,поселок,тульская,Веневский муниципальный район,112.0,settlement,True,direct_published_census_value,54.2460552,38.0604815,70612420181,70212869016,data/interim/2021_tochno/data_allsettlements_anon_156_v20251217.parquet,,,,2002:016_3aa889d669_02c_Tulskaja.xls:Sheet1:738,"[2002, 2010, 2021]","{""target_source_record_id"": ""2021:data_allsettlements_anon_156_v20251217.parquet:parquet:149887"", ""latitude"": 54.2460552, ""longitude"": 38.0604815, ""coordinate_admission_status"": ""reviewed_rule_accepted"", ""coordinate_source_record_id"": ""2021:data_allsettlements_anon_156_v20251217.parquet:parquet:149887"", ""source_sha256"": """", ""source_locator"": ""data/interim/2021_tochno/data_allsettlements_anon_156_v20251217.parquet#:149887.0"", ""point_origin_file"": ""/workspace/settlements-raw/data/interim/2021_tochno/data_allsettlements_anon_156_v20251217.parquet"", ""point_origin_sha256"": ""86c197cd522e0b63669e9c6e7f43fd3d82b3704c6a126c800a9968ecd16cae14"", ""point_origin_locator"": ""parquet_row_1based=149887;latitude_dadata,longitude_dadata"", ""point_origin_kind"": ""tochno_2021_dadata_raw_parquet_point"", ""point_ledger_path"": ""/workspace/settlements-work/continuation_20261004/accepted_graph25_bounded_cases_20261005/accepted_point_uses.parquet""}"
2021:data_allsettlements_anon_156_v20251217.parquet:parquet:150049,2021,Рассвет,посёлок,рассвет,поселок,тульская,Веневский муниципальный район,348.0,settlement,True,direct_published_census_value,54.3048103,38.1443073,70612460466,70212873001,data/interim/2021_tochno/data_allsettlements_anon_156_v20251217.parquet,,,,2002:016_3aa889d669_02c_Tulskaja.xls:Sheet1:741,"[2002, 2010, 2021]","{""target_source_record_id"": ""2021:data_allsettlements_anon_156_v20251217.parquet:parquet:150049"", ""latitude"": 54.3048103, ""longitude"": 38.1443073, ""coordinate_admission_status"": ""reviewed_rule_accepted"", ""coordinate_source_record_id"": ""2021:data_allsettlements_anon_156_v20251217.parquet:parquet:150049"", ""source_sha256"": """", ""source_locator"": ""data/interim/2021_tochno/data_allsettlements_anon_156_v20251217.parquet#:150049.0"", ""point_origin_file"": ""/workspace/settlements-raw/data/interim/2021_tochno/data_allsettlements_anon_156_v20251217.parquet"", ""point_origin_sha256"": ""86c197cd522e0b63669e9c6e7f43fd3d82b3704c6a126c800a9968ecd16cae14"", ""point_origin_locator"": ""parquet_row_1based=150049;latitude_dadata,longitude_dadata"", ""point_origin_kind"": ""tochno_2021_dadata_raw_parquet_point"", ""point_ledger_path"": ""/workspace/settlements-work/continuation_20261004/accepted_graph25_bounded_cases_20261005/accepted_point_uses.parquet""}"
2021:data_allsettlements_anon_156_v20251217.parquet:parquet:150713,2021,Октябрьский,посёлок,октябрьский,поселок,тульская,Киреевский муниципальный район,3159.0,settlement,True,direct_published_census_value,53.9622103,37.9861384,70628101111,70228864001,data/interim/2021_tochno/data_allsettlements_anon_156_v20251217.parquet,,,,2021:data_allsettlements_anon_156_v20251217.parquet:parquet:150713,[2021],"{""target_source_record_id"": ""2021:data_allsettlements_anon_156_v20251217.parquet:parquet:150713"", ""latitude"": 53.9622103, ""longitude"": 37.9861384, ""coordinate_admission_status"": ""reviewed_rule_accepted"", ""coordinate_source_record_id"": ""2021:data_allsettlements_anon_156_v20251217.parquet:parquet:150713"", ""source_sha256"": """", ""source_locator"": ""data/interim/2021_tochno/data_allsettlements_anon_156_v20251217.parquet#:150713.0"", ""point_origin_file"": ""/workspace/settlements-raw/data/interim/2021_tochno/data_allsettlements_anon_156_v20251217.parquet"", ""point_origin_sha256"": ""86c197cd522e0b63669e9c6e7f43fd3d82b3704c6a126c800a9968ecd16cae14"", ""point_origin_locator"": ""parquet_row_1based=150713;latitude_dadata,longitude_dadata"", ""point_origin_kind"": ""tochno_2021_dadata_raw_parquet_point"", ""point_ledger_path"": ""/workspace/settlements-work/continuation_20261004/accepted_graph25_bounded_cases_20261005/accepted_point_uses.parquet""}"
2021:data_allsettlements_anon_156_v20251217.parquet:parquet:150847,2021,Приупский,посёлок,приупский,поселок,тульская,Киреевский муниципальный район,1890.0,settlement,True,direct_published_census_value,53.9093301,37.735834,70628463101,70228872001,data/interim/2021_tochno/data_allsettlements_anon_156_v20251217.parquet,,,,2021:data_allsettlements_anon_156_v20251217.parquet:parquet:150847,[2021],"{""target_source_record_id"": ""2021:data_allsettlements_anon_156_v20251217.parquet:parquet:150847"", ""latitude"": 53.9093301, ""longitude"": 37.735834, ""coordinate_admission_status"": ""reviewed_rule_accepted"", ""coordinate_source_record_id"": ""2021:data_allsettlements_anon_156_v20251217.parquet:parquet:150847"", ""source_sha256"": """", ""source_locator"": ""data/interim/2021_tochno/data_allsettlements_anon_156_v20251217.parquet#:150847.0"", ""point_origin_file"": ""/workspace/settlements-raw/data/interim/2021_tochno/data_allsettlements_anon_156_v20251217.parquet"", ""point_origin_sha256"": ""86c197cd522e0b63669e9c6e7f43fd3d82b3704c6a126c800a9968ecd16cae14"", ""point_origin_locator"": ""parquet_row_1based=150847;latitude_dadata,longitude_dadata"", ""point_origin_kind"": ""tochno_2021_dadata_raw_parquet_point"", ""point_ledger_path"": ""/workspace/settlements-work/continuation_20261004/accepted_graph25_bounded_cases_20261005/accepted_point_uses.parquet""}"
2021:data_allsettlements_anon_156_v20251217.parquet:parquet:151135,2021,Приупский,посёлок,приупский,поселок,тульская,Одоевский муниципальный район,3.0,settlement,True,direct_published_census_value,53.9549089,36.4893988,70636475156,70236837011,data/interim/2021_tochno/data_allsettlements_anon_156_v20251217.parquet,,,,2002:016_3aa889d669_02c_Tulskaja.xls:Sheet1:2475,"[2002, 2010, 2021]","{""target_source_record_id"": ""2021:data_allsettlements_anon_156_v20251217.parquet:parquet:151135"", ""latitude"": 53.9549089, ""longitude"": 36.4893988, ""coordinate_admission_status"": ""reviewed_rule_accepted"", ""coordinate_source_record_id"": ""2021:data_allsettlements_anon_156_v20251217.parquet:parquet:151135"", ""source_sha256"": """", ""source_locator"": ""data/interim/2021_tochno/data_allsettlements_anon_156_v20251217.parquet#:151135.0"", ""point_origin_file"": ""/workspace/settlements-raw/data/interim/2021_tochno/data_allsettlements_anon_156_v20251217.parquet"", ""point_origin_sha256"": ""86c197cd522e0b63669e9c6e7f43fd3d82b3704c6a126c800a9968ecd16cae14"", ""point_origin_locator"": ""parquet_row_1based=151135;latitude_dadata,longitude_dadata"", ""point_origin_kind"": ""tochno_2021_dadata_raw_parquet_point"", ""point_ledger_path"": ""/workspace/settlements-work/continuation_20261004/accepted_graph25_bounded_cases_20261005/accepted_point_uses.parquet""}"
2021:data_allsettlements_anon_156_v20251217.parquet:parquet:151274,2021,Октябрьский,посёлок,октябрьский,поселок,тульская,Плавский муниципальный район,529.0,settlement,True,direct_published_census_value,53.7573273,37.2624277,70638455256,70238845001,data/interim/2021_tochno/data_allsettlements_anon_156_v20251217.parquet,,,,2002:016_3aa889d669_02c_Tulskaja.xls:Sheet1:2616,"[2002, 2010, 2021]","{""target_source_record_id"": ""2021:data_allsettlements_anon_156_v20251217.parquet:parquet:151274"", ""latitude"": 53.694322, ""longitude"": 37.279015, ""coordinate_admission_status"": ""reviewed_extension_rule_accepted"", ""coordinate_source_record_id"": ""Q23872843"", ""source_sha256"": ""86c197cd522e0b63669e9c6e7f43fd3d82b3704c6a126c800a9968ecd16cae14"", ""source_locator"": ""data/interim/2021_tochno/data_allsettlements_anon_156_v20251217.parquet#row=151274.0"", ""point_origin_file"": ""/workspace/settlements-raw/data/raw/wikidata_truthy_claims/batch_0086.jsonl.gz"", ""point_origin_sha256"": ""cf65c333665a4d00c72f3d835a42c92002957602967cea6f6f814e8c089d8769"", ""point_origin_locator"": ""{\""line_number\"": 6101, \""locator\"": \""batch_0086.jsonl.gz#line=6101\"", \""retrieved_at_utc\"": \""2026-08-31T20:58:50.738112+00:00\"", \""source_file\"": \""batch_0086.jsonl.gz\"", \""value_raw\"": \""POINT(37.279015 53.694322)\""}"", ""point_origin_kind"": ""wikidata_P625_point_claim"", ""point_ledger_path"": ""/workspace/settlements-work/continuation_20261004/accepted_graph25_bounded_cases_20261005/accepted_point_uses.parquet""}"
2021:data_allsettlements_anon_156_v20251217.parquet:parquet:151360,2021,Центральный,посёлок,центральный,поселок,тульская,Суворовский муниципальный район,3813.0,settlement,True,direct_published_census_value,54.1637547,36.4949536,70640460186,70240805019,data/interim/2021_tochno/data_allsettlements_anon_156_v20251217.parquet,,,,2021:data_allsettlements_anon_156_v20251217.parquet:parquet:151360,[2021],"{""target_source_record_id"": ""2021:data_allsettlements_anon_156_v20251217.parquet:parquet:151360"", ""latitude"": 54.1637547, ""longitude"": 36.4949536, ""coordinate_admission_status"": ""reviewed_rule_accepted"", ""coordinate_source_record_id"": ""2021:data_allsettlements_anon_156_v20251217.parquet:parquet:151360"", ""source_sha256"": """", ""source_locator"": ""data/interim/2021_tochno/data_allsettlements_anon_156_v20251217.parquet#:151360.0"", ""point_origin_file"": ""/workspace/settlements-raw/data/interim/2021_tochno/data_allsettlements_anon_156_v20251217.parquet"", ""point_origin_sha256"": ""86c197cd522e0b63669e9c6e7f43fd3d82b3704c6a126c800a9968ecd16cae14"", ""point_origin_locator"": ""parquet_row_1based=151360;latitude_dadata,longitude_dadata"", ""point_origin_kind"": ""tochno_2021_dadata_raw_parquet_point"", ""point_ledger_path"": ""/workspace/settlements-work/continuation_20261004/accepted_graph25_bounded_cases_20261005/accepted_point_uses.parquet""}"
2021:data_allsettlements_anon_156_v20251217.parquet:parquet:151464,2021,Центральный,посёлок,центральный,поселок,тульская,Тепло-Огаревский муниципальный район,610.0,settlement,True,direct_published_census_value,53.4372974,37.6149856,70642420276,70242810001,data/interim/2021_tochno/data_allsettlements_anon_156_v20251217.parquet,,,,2002:016_3aa889d669_02c_Tulskaja.xls:Sheet1:2842,"[2002, 2010, 2021]","{""target_source_record_id"": ""2021:data_allsettlements_anon_156_v20251217.parquet:parquet:151464"", ""latitude"": 53.4372974, ""longitude"": 37.6149856, ""coordinate_admission_status"": ""reviewed_rule_accepted"", ""coordinate_source_record_id"": ""2021:data_allsettlements_anon_156_v20251217.parquet:parquet:151464"", ""source_sha256"": """", ""source_locator"": ""data/interim/2021_tochno/data_allsettlements_anon_156_v20251217.parquet#:151464.0"", ""point_origin_file"": ""/workspace/settlements-raw/data/interim/2021_tochno/data_allsettlements_anon_156_v20251217.parquet"", ""point_origin_sha256"": ""86c197cd522e0b63669e9c6e7f43fd3d82b3704c6a126c800a9968ecd16cae14"", ""point_origin_locator"": ""parquet_row_1based=151464;latitude_dadata,longitude_dadata"", ""point_origin_kind"": ""tochno_2021_dadata_raw_parquet_point"", ""point_ledger_path"": ""/workspace/settlements-work/continuation_20261004/accepted_graph25_bounded_cases_20261005/accepted_point_uses.parquet""}"
2021:data_allsettlements_anon_156_v20251217.parquet:parquet:152121,2021,Центральный,посёлок,центральный,поселок,тульская,Щекинский муниципальный район,103.0,settlement,True,direct_published_census_value,53.8543198,37.5088034,70648440226,70248840017,data/interim/2021_tochno/data_allsettlements_anon_156_v20251217.parquet,,,,2002:016_3aa889d669_02c_Tulskaja.xls:Sheet1:3526,"[2002, 2010, 2021]","{""target_source_record_id"": ""2021:data_allsettlements_anon_156_v20251217.parquet:parquet:152121"", ""latitude"": 53.8543198, ""longitude"": 37.5088034, ""coordinate_admission_status"": ""reviewed_rule_accepted"", ""coordinate_source_record_id"": ""2021:data_allsettlements_anon_156_v20251217.parquet:parquet:152121"", ""source_sha256"": """", ""source_locator"": ""data/interim/2021_tochno/data_allsettlements_anon_156_v20251217.parquet#:152121.0"", ""point_origin_file"": ""/workspace/settlements-raw/data/interim/2021_tochno/data_allsettlements_anon_156_v20251217.parquet"", ""point_origin_sha256"": ""86c197cd522e0b63669e9c6e7f43fd3d82b3704c6a126c800a9968ecd16cae14"", ""point_origin_locator"": ""parquet_row_1based=152121;latitude_dadata,longitude_dadata"", ""point_origin_kind"": ""tochno_2021_dadata_raw_parquet_point"", ""point_ledger_path"": ""/workspace/settlements-work/continuation_20261004/accepted_graph25_bounded_cases_20261005/accepted_point_uses.parquet""}"
2021:data_allsettlements_anon_156_v20251217.parquet:parquet:152168,2021,Октябрьский,посёлок,октябрьский,поселок,тульская,Щекинский муниципальный район,100.0,settlement,True,direct_published_census_value,53.9697786,37.6456319,70648458131,70248842003,data/interim/2021_tochno/data_allsettlements_anon_156_v20251217.parquet,,,,2021:data_allsettlements_anon_156_v20251217.parquet:parquet:152168,[2021],"{""target_source_record_id"": ""2021:data_allsettlements_anon_156_v20251217.parquet:parquet:152168"", ""latitude"": 53.9697786, ""longitude"": 37.6456319, ""coordinate_admission_status"": ""reviewed_rule_accepted"", ""coordinate_source_record_id"": ""2021:data_allsettlements_anon_156_v20251217.parquet:parquet:152168"", ""source_sha256"": """", ""source_locator"": ""data/interim/2021_tochno/data_allsettlements_anon_156_v20251217.parquet#:152168.0"", ""point_origin_file"": ""/workspace/settlements-raw/data/interim/2021_tochno/data_allsettlements_anon_156_v20251217.parquet"", ""point_origin_sha256"": ""86c197cd522e0b63669e9c6e7f43fd3d82b3704c6a126c800a9968ecd16cae14"", ""point_origin_locator"": ""parquet_row_1based=152168;latitude_dadata,longitude_dadata"", ""point_origin_kind"": ""tochno_2021_dadata_raw_parquet_point"", ""point_ledger_path"": ""/workspace/settlements-work/continuation_20261004/accepted_graph25_bounded_cases_20261005/accepted_point_uses.parquet""}"
2021:data_allsettlements_anon_156_v20251217.parquet:parquet:152249,2021,Ревякино,посёлок,ревякино,поселок,тульская,Ясногорский муниципальный район,3423.0,settlement,True,direct_published_census_value,54.366826,37.6564512,70650436101,70250844011,data/interim/2021_tochno/data_allsettlements_anon_156_v20251217.parquet,,,,2021:data_allsettlements_anon_156_v20251217.parquet:parquet:152249,[2021],"{""target_source_record_id"": ""2021:data_allsettlements_anon_156_v20251217.parquet:parquet:152249"", ""latitude"": 54.366826, ""longitude"": 37.6564512, ""coordinate_admission_status"": ""reviewed_rule_accepted"", ""coordinate_source_record_id"": ""2021:data_allsettlements_anon_156_v20251217.parquet:parquet:152249"", ""source_sha256"": """", ""source_locator"": ""data/interim/2021_tochno/data_allsettlements_anon_156_v20251217.parquet#:152249.0"", ""point_origin_file"": ""/workspace/settlements-raw/data/interim/2021_tochno/data_allsettlements_anon_156_v20251217.parquet"", ""point_origin_sha256"": ""86c197cd522e0b63669e9c6e7f43fd3d82b3704c6a126c800a9968ecd16cae14"", ""point_origin_locator"": ""parquet_row_1based=152249;latitude_dadata,longitude_dadata"", ""point_origin_kind"": ""tochno_2021_dadata_raw_parquet_point"", ""point_ledger_path"": ""/workspace/settlements-work/continuation_20261004/accepted_graph25_bounded_cases_20261005/accepted_point_uses.parquet""}"
2021:data_allsettlements_anon_156_v20251217.parquet:parquet:152285,2021,Ревякино,деревня,ревякино,деревня,тульская,Ясногорский муниципальный район,86.0,settlement,True,direct_published_census_value,54.3487816,37.6149447,70650436281,70250844007,data/interim/2021_tochno/data_allsettlements_anon_156_v20251217.parquet,,,,2002:016_3aa889d669_02c_Tulskaja.xls:Sheet1:3772,"[2002, 2010, 2021]","{""target_source_record_id"": ""2021:data_allsettlements_anon_156_v20251217.parquet:parquet:152285"", ""latitude"": 54.3487816, ""longitude"": 37.6149447, ""coordinate_admission_status"": ""reviewed_rule_accepted"", ""coordinate_source_record_id"": ""2021:data_allsettlements_anon_156_v20251217.parquet:parquet:152285"", ""source_sha256"": """", ""source_locator"": ""data/interim/2021_tochno/data_allsettlements_anon_156_v20251217.parquet#:152285.0"", ""point_origin_file"": ""/workspace/settlements-raw/data/interim/2021_tochno/data_allsettlements_anon_156_v20251217.parquet"", ""point_origin_sha256"": ""86c197cd522e0b63669e9c6e7f43fd3d82b3704c6a126c800a9968ecd16cae14"", ""point_origin_locator"": ""parquet_row_1based=152285;latitude_dadata,longitude_dadata"", ""point_origin_kind"": ""tochno_2021_dadata_raw_parquet_point"", ""point_ledger_path"": ""/workspace/settlements-work/continuation_20261004/accepted_graph25_bounded_cases_20261005/accepted_point_uses.parquet""}"
2021:data_allsettlements_anon_156_v20251217.parquet:parquet:152518,2021,Октябрьский,посёлок,октябрьский,поселок,тульская,Городской округ город Тула,852.0,settlement,True,direct_published_census_value,54.1918898,37.6153644,70701000565,70401364000,data/interim/2021_tochno/data_allsettlements_anon_156_v20251217.parquet,,,,2021:data_allsettlements_anon_156_v20251217.parquet:parquet:152518,[2021],"{""target_source_record_id"": ""2021:data_allsettlements_anon_156_v20251217.parquet:parquet:152518"", ""latitude"": 54.33639, ""longitude"": 37.55944, ""coordinate_admission_status"": ""reviewed_extension_rule_accepted"", ""coordinate_source_record_id"": ""Q23976562"", ""source_sha256"": ""86c197cd522e0b63669e9c6e7f43fd3d82b3704c6a126c800a9968ecd16cae14"", ""source_locator"": ""data/interim/2021_tochno/data_allsettlements_anon_156_v20251217.parquet#row=152518.0"", ""point_origin_file"": ""/workspace/settlements-raw/data/raw/wikidata_truthy_claims/batch_0090.jsonl.gz"", ""point_origin_sha256"": ""fce12304fff45cdb07d5ef940c86b28d889687eb471fee234014d2cfc20885ae"", ""point_origin_locator"": ""{\""line_number\"": 7248, \""locator\"": \""batch_0090.jsonl.gz#line=7248\"", \""retrieved_at_utc\"": \""2026-08-31T20:58:55.803286+00:00\"", \""source_file\"": \""batch_0090.jsonl.gz\"", \""value_raw\"": \""POINT(37.559440 54.336390)\""}"", ""point_origin_kind"": ""wikidata_P625_point_claim"", ""point_ledger_path"": ""/workspace/settlements-work/continuation_20261004/accepted_graph25_bounded_cases_20261005/accepted_point_uses.parquet""}"
2021:data_allsettlements_anon_156_v20251217.parquet:parquet:152521,2021,Ревякино,посёлок,ревякино,поселок,тульская,Городской округ город Тула,38.0,settlement,True,direct_published_census_value,54.1918898,37.6153644,70701000574,70401368000,data/interim/2021_tochno/data_allsettlements_anon_156_v20251217.parquet,,,,2021:data_allsettlements_anon_156_v20251217.parquet:parquet:152521,[2021],{}
2021:data_allsettlements_anon_156_v20251217.parquet:parquet:152555,2021,Рассвет,посёлок,рассвет,поселок,тульская,Городской округ город Тула,3760.0,settlement,True,direct_published_census_value,54.2574919,37.6164965,70701000676,70401364000,data/interim/2021_tochno/data_allsettlements_anon_156_v20251217.parquet,,,,2021:data_allsettlements_anon_156_v20251217.parquet:parquet:152555,[2021],"{""target_source_record_id"": ""2021:data_allsettlements_anon_156_v20251217.parquet:parquet:152555"", ""latitude"": 54.16639, ""longitude"": 37.44361, ""coordinate_admission_status"": ""reviewed_extension_rule_accepted"", ""coordinate_source_record_id"": ""Q23976583"", ""point_origin_file"": ""/workspace/russian-settlements-research/research_rebuild/work/current_unpointed_own_wiki_mass_batch_20261007/top_missing_entities.json.gz"", ""point_origin_sha256"": ""a6b14539c807db0984fe567325728bec1a6d793b68cb184c60ef4f191c673941"", ""point_origin_locator"": ""entities.Q23976583.claims.P625; rank=normal; coherent_candidates=1"", ""point_origin_kind"": ""wikidata_own_physical_locality_P625"", ""coordinate_binding_rule"": ""exact_current_native_own_code_and_exact_name;leading_zero_restore_only11digit; own_entity_description; source_county_context"", ""source_county"": ""Городской округ город Тула"", ""own_description"": ""посёлок в муниципальном образовании Город Тула Тульской области России"", ""wikidata_label"": ""Рассвет"", ""own_code"": 70701000676, ""own_okato"": ""70232862001.0"", ""source_name"": ""Рассвет"", ""source_type"": ""посёлок"", ""target_year"": 2021, ""population"": 3760.0, ""bounds"": ""UNKNOWN"", ""error_rate"": ""uncalibrated"", ""point_use_inference"": ""modern_own_representative_point"", ""admission_allowed"": true, ""source_file"": ""data/interim/2021_tochno/data_allsettlements_anon_156_v20251217.parquet"", ""source_sha256"": """", ""source_locator"": """", ""population_boundary_comparability_asserted"": false, ""modern_boundary_harmonized"": false, ""own_article_title"": ""Рассвет (городской округ город Тула)"", ""own_article_revision"": 150549974, ""own_article_county"": ""город Тула"", ""own_article_region"": ""Тульская область"", ""type_variant_binding_status"": ""printed_type_compatible"", ""native_code_comparison"": ""native10digit_OKTMO leading0restore; raw double OKATO integral decode to11digits; no8vs11truncation"", ""point_ledger_path"": ""/workspace/russian-settlements-research/research_rebuild/evidence/current_unpointed_own_wiki_mass_application_20261007/accepted_point_use_delta.csv""}"
2021:data_allsettlements_anon_156_v20251217.parquet:parquet:152792,2021,Октябрьский,посёлок,октябрьский,поселок,тульская,Городской округ город Ефремов,14.0,settlement,True,direct_published_census_value,53.137603,38.117673,70714000148,70220501000,data/interim/2021_tochno/data_allsettlements_anon_156_v20251217.parquet,,,,2021:data_allsettlements_anon_156_v20251217.parquet:parquet:152792,[2021],{}
2021:data_allsettlements_anon_156_v20251217.parquet:parquet:152868,2021,Октябрьский,посёлок,октябрьский,поселок,тульская,Городской округ город Ефремов,236.0,settlement,True,direct_published_census_value,53.137603,38.117673,70714000376,70220501000,data/interim/2021_tochno/data_allsettlements_anon_156_v20251217.parquet,,,,2021:data_allsettlements_anon_156_v20251217.parquet:parquet:152868,[2021],{}
2021:data_allsettlements_anon_156_v20251217.parquet:parquet:157761,2021,Белый Ключ,село,белый ключ,село,ульяновская,Вешкаймский муниципальный район,116.0,settlement,True,direct_published_census_value,54.1512055,47.1342572,73607151106,73207551002,data/interim/2021_tochno/data_allsettlements_anon_156_v20251217.parquet,,,,2002:055_430166490c_Uljanovskaja_new.xls:Sheet1:249,"[2002, 2021]","{""target_source_record_id"": ""2021:data_allsettlements_anon_156_v20251217.parquet:parquet:157761"", ""latitude"": 54.1512055, ""longitude"": 47.1342572, ""coordinate_admission_status"": ""reviewed_rule_accepted"", ""coordinate_source_record_id"": ""2021:data_allsettlements_anon_156_v20251217.parquet:parquet:157761"", ""source_sha256"": """", ""source_locator"": ""data/interim/2021_tochno/data_allsettlements_anon_156_v20251217.parquet#:157761.0"", ""point_origin_file"": ""/workspace/settlements-raw/data/interim/2021_tochno/data_allsettlements_anon_156_v20251217.parquet"", ""point_origin_sha256"": ""86c197cd522e0b63669e9c6e7f43fd3d82b3704c6a126c800a9968ecd16cae14"", ""point_origin_locator"": ""parquet_row_1based=157761;latitude_dadata,longitude_dadata"", ""point_origin_kind"": ""tochno_2021_dadata_raw_parquet_point"", ""point_ledger_path"": ""/workspace/settlements-work/continuation_20261004/accepted_graph25_bounded_cases_20261005/accepted_point_uses.parquet""}"
2021:data_allsettlements_anon_156_v20251217.parquet:parquet:158041,2021,Карлинское,село,карлинское,село,ульяновская,Майнский муниципальный район,193.0,settlement,True,direct_published_census_value,53.9954307,47.768735,73620455136,73220855011,data/interim/2021_tochno/data_allsettlements_anon_156_v20251217.parquet,,,,2002:055_430166490c_Uljanovskaja_new.xls:Sheet1:587,"[2002, 2010, 2021]","{""target_source_record_id"": ""2021:data_allsettlements_anon_156_v20251217.parquet:parquet:158041"", ""latitude"": 53.9954307, ""longitude"": 47.768735, ""coordinate_admission_status"": ""reviewed_rule_accepted"", ""coordinate_source_record_id"": ""2021:data_allsettlements_anon_156_v20251217.parquet:parquet:158041"", ""source_sha256"": """", ""source_locator"": ""data/interim/2021_tochno/data_allsettlements_anon_156_v20251217.parquet#:158041.0"", ""point_origin_file"": ""/workspace/settlements-raw/data/interim/2021_tochno/data_allsettlements_anon_156_v20251217.parquet"", ""point_origin_sha256"": ""86c197cd522e0b63669e9c6e7f43fd3d82b3704c6a126c800a9968ecd16cae14"", ""point_origin_locator"": ""parquet_row_1based=158041;latitude_dadata,longitude_dadata"", ""point_origin_kind"": ""tochno_2021_dadata_raw_parquet_point"", ""point_ledger_path"": ""/workspace/settlements-work/continuation_20261004/accepted_graph25_bounded_cases_20261005/accepted_point_uses.parquet""}"
2021:data_allsettlements_anon_156_v20251217.parquet:parquet:158139,2021,Белый Ключ,село,белый ключ,село,ульяновская,Николаевский муниципальный район,0.0,settlement,True,direct_published_census_value,52.9889655,47.3283456,73625415106,73225815002,data/interim/2021_tochno/data_allsettlements_anon_156_v20251217.parquet,,,,2002:055_430166490c_Uljanovskaja_new.xls:Sheet1:768,"[2002, 2021]","{""target_source_record_id"": ""2021:data_allsettlements_anon_156_v20251217.parquet:parquet:158139"", ""latitude"": 52.9889655, ""longitude"": 47.3283456, ""coordinate_admission_status"": ""reviewed_rule_accepted"", ""coordinate_source_record_id"": ""2021:data_allsettlements_anon_156_v20251217.parquet:parquet:158139"", ""source_sha256"": """", ""source_locator"": ""data/interim/2021_tochno/data_allsettlements_anon_156_v20251217.parquet#:158139.0"", ""point_origin_file"": ""/workspace/settlements-raw/data/interim/2021_tochno/data_allsettlements_anon_156_v20251217.parquet"", ""point_origin_sha256"": ""86c197cd522e0b63669e9c6e7f43fd3d82b3704c6a126c800a9968ecd16cae14"", ""point_origin_locator"": ""parquet_row_1based=158139;latitude_dadata,longitude_dadata"", ""point_origin_kind"": ""tochno_2021_dadata_raw_parquet_point"", ""point_ledger_path"": ""/workspace/settlements-work/continuation_20261004/accepted_graph25_bounded_cases_20261005/accepted_point_uses.parquet""}"
2021:data_allsettlements_anon_156_v20251217.parquet:parquet:158340,2021,Октябрьский,посёлок,октябрьский,поселок,ульяновская,Радищевский муниципальный район,1363.0,settlement,True,direct_published_census_value,53.0176488,47.9267189,73634440101,73234840001,data/interim/2021_tochno/data_allsettlements_anon_156_v20251217.parquet,,,,2002:055_430166490c_Uljanovskaja_new.xls:Sheet1:981,"[2002, 2010, 2021]","{""target_source_record_id"": ""2021:data_allsettlements_anon_156_v20251217.parquet:parquet:158340"", ""latitude"": 53.0176488, ""longitude"": 47.9267189, ""coordinate_admission_status"": ""reviewed_rule_accepted"", ""coordinate_source_record_id"": ""2021:data_allsettlements_anon_156_v20251217.parquet:parquet:158340"", ""source_sha256"": """", ""source_locator"": ""data/interim/2021_tochno/data_allsettlements_anon_156_v20251217.parquet#:158340.0"", ""point_origin_file"": ""/workspace/settlements-raw/data/interim/2021_tochno/data_allsettlements_anon_156_v20251217.parquet"", ""point_origin_sha256"": ""86c197cd522e0b63669e9c6e7f43fd3d82b3704c6a126c800a9968ecd16cae14"", ""point_origin_locator"": ""parquet_row_1based=158340;latitude_dadata,longitude_dadata"", ""point_origin_kind"": ""tochno_2021_dadata_raw_parquet_point"", ""point_ledger_path"": ""/workspace/settlements-work/continuation_20261004/accepted_graph25_bounded_cases_20261005/accepted_point_uses.parquet""}"
2021:data_allsettlements_anon_156_v20251217.parquet:parquet:158494,2021,Белый Ключ,село,белый ключ,село,ульяновская,Сурский муниципальный район,285.0,settlement,True,direct_published_census_value,54.4369185,46.8264882,73644455106,73244855004,data/interim/2021_tochno/data_allsettlements_anon_156_v20251217.parquet,,,,2002:055_430166490c_Uljanovskaja_new.xls:Sheet1:1151,"[2002, 2010, 2021]","{""target_source_record_id"": ""2021:data_allsettlements_anon_156_v20251217.parquet:parquet:158494"", ""latitude"": 54.4369185, ""longitude"": 46.8264882, ""coordinate_admission_status"": ""reviewed_rule_accepted"", ""coordinate_source_record_id"": ""2021:data_allsettlements_anon_156_v20251217.parquet:parquet:158494"", ""source_sha256"": """", ""source_locator"": ""data/interim/2021_tochno/data_allsettlements_anon_156_v20251217.parquet#:158494.0"", ""point_origin_file"": ""/workspace/settlements-raw/data/interim/2021_tochno/data_allsettlements_anon_156_v20251217.parquet"", ""point_origin_sha256"": ""86c197cd522e0b63669e9c6e7f43fd3d82b3704c6a126c800a9968ecd16cae14"", ""point_origin_locator"": ""parquet_row_1based=158494;latitude_dadata,longitude_dadata"", ""point_origin_kind"": ""tochno_2021_dadata_raw_parquet_point"", ""point_ledger_path"": ""/workspace/settlements-work/continuation_20261004/accepted_graph25_bounded_cases_20261005/accepted_point_uses.parquet""}"
2021:data_allsettlements_anon_156_v20251217.parquet:parquet:158721,2021,Октябрьский,посёлок,октябрьский,поселок,ульяновская,Чердаклинский муниципальный район,5035.0,settlement,True,direct_published_census_value,54.3418139,48.7075362,73656406101,73256806001,data/interim/2021_tochno/data_allsettlements_anon_156_v20251217.parquet,,,,2021:data_allsettlements_anon_156_v20251217.parquet:parquet:158721,[2021],"{""target_source_record_id"": ""2021:data_allsettlements_anon_156_v20251217.parquet:parquet:158721"", ""latitude"": 54.3418139, ""longitude"": 48.7075362, ""coordinate_admission_status"": ""reviewed_rule_accepted"", ""coordinate_source_record_id"": ""2021:data_allsettlements_anon_156_v20251217.parquet:parquet:158721"", ""source_sha256"": """", ""source_locator"": ""data/interim/2021_tochno/data_allsettlements_anon_156_v20251217.parquet#:158721.0"", ""point_origin_file"": ""/workspace/settlements-raw/data/interim/2021_tochno/data_allsettlements_anon_156_v20251217.parquet"", ""point_origin_sha256"": ""86c197cd522e0b63669e9c6e7f43fd3d82b3704c6a126c800a9968ecd16cae14"", ""point_origin_locator"": ""parquet_row_1based=158721;latitude_dadata,longitude_dadata"", ""point_origin_kind"": ""tochno_2021_dadata_raw_parquet_point"", ""point_ledger_path"": ""/workspace/settlements-work/continuation_20261004/accepted_graph25_bounded_cases_20261005/accepted_point_uses.parquet""}"
2021:data_allsettlements_anon_156_v20251217.parquet:parquet:158773,2021,Белый Ключ,село,белый ключ,село,ульяновская,"Городской округ ""Город Ульяновск""",2208.0,settlement,True,direct_published_census_value,54.2210608,48.2949081,73701000116,73401365003,data/interim/2021_tochno/data_allsettlements_anon_156_v20251217.parquet,,,,2021:data_allsettlements_anon_156_v20251217.parquet:parquet:158773,[2021],"{""target_source_record_id"": ""2021:data_allsettlements_anon_156_v20251217.parquet:parquet:158773"", ""latitude"": 54.2210608, ""longitude"": 48.2949081, ""coordinate_admission_status"": ""reviewed_rule_accepted"", ""coordinate_source_record_id"": ""2021:data_allsettlements_anon_156_v20251217.parquet:parquet:158773"", ""source_sha256"": """", ""source_locator"": ""data/interim/2021_tochno/data_allsettlements_anon_156_v20251217.parquet#:158773.0"", ""point_origin_file"": ""/workspace/settlements-raw/data/interim/2021_tochno/data_allsettlements_anon_156_v20251217.parquet"", ""point_origin_sha256"": ""86c197cd522e0b63669e9c6e7f43fd3d82b3704c6a126c800a9968ecd16cae14"", ""point_origin_locator"": ""parquet_row_1based=158773;latitude_dadata,longitude_dadata"", ""point_origin_kind"": ""tochno_2021_dadata_raw_parquet_point"", ""point_ledger_path"": ""/workspace/settlements-work/continuation_20261004/accepted_graph25_bounded_cases_20261005/accepted_point_uses.parquet""}"
2021:data_allsettlements_anon_156_v20251217.parquet:parquet:158774,2021,Белый Ключ,станция,белый ключ,станция,ульяновская,"Городской округ ""Город Ульяновск""",120.0,settlement,True,direct_published_census_value,54.1897048,48.3060079,73701000121,73401365004,data/interim/2021_tochno/data_allsettlements_anon_156_v20251217.parquet,,,,2002:055_430166490c_Uljanovskaja_new.xls:Sheet1:9,"[2002, 2010, 2021]","{""target_source_record_id"": ""2021:data_allsettlements_anon_156_v20251217.parquet:parquet:158774"", ""latitude"": 54.1897048, ""longitude"": 48.3060079, ""coordinate_admission_status"": ""reviewed_rule_accepted"", ""coordinate_source_record_id"": ""2021:data_allsettlements_anon_156_v20251217.parquet:parquet:158774"", ""source_sha256"": """", ""source_locator"": ""data/interim/2021_tochno/data_allsettlements_anon_156_v20251217.parquet#:158774.0"", ""point_origin_file"": ""/workspace/settlements-raw/data/interim/2021_tochno/data_allsettlements_anon_156_v20251217.parquet"", ""point_origin_sha256"": ""86c197cd522e0b63669e9c6e7f43fd3d82b3704c6a126c800a9968ecd16cae14"", ""point_origin_locator"": ""parquet_row_1based=158774;latitude_dadata,longitude_dadata"", ""point_origin_kind"": ""tochno_2021_dadata_raw_parquet_point"", ""point_ledger_path"": ""/workspace/settlements-work/continuation_20261004/accepted_graph25_bounded_cases_20261005/accepted_point_uses.parquet""}"
2021:data_allsettlements_anon_156_v20251217.parquet:parquet:158791,2021,Карлинское,село,карлинское,село,ульяновская,"Городской округ ""Город Ульяновск""",2236.0,settlement,True,direct_published_census_value,54.3427669,48.2478047,73701000206,73401384002,data/interim/2021_tochno/data_allsettlements_anon_156_v20251217.parquet,,,,2021:data_allsettlements_anon_156_v20251217.parquet:parquet:158791,[2021],"{""target_source_record_id"": ""2021:data_allsettlements_anon_156_v20251217.parquet:parquet:158791"", ""latitude"": 54.3427669, ""longitude"": 48.2478047, ""coordinate_admission_status"": ""reviewed_rule_accepted"", ""coordinate_source_record_id"": ""2021:data_allsettlements_anon_156_v20251217.parquet:parquet:158791"", ""source_sha256"": """", ""source_locator"": ""data/interim/2021_tochno/data_allsettlements_anon_156_v20251217.parquet#:158791.0"", ""point_origin_file"": ""/workspace/settlements-raw/data/interim/2021_tochno/data_allsettlements_anon_156_v20251217.parquet"", ""point_origin_sha256"": ""86c197cd522e0b63669e9c6e7f43fd3d82b3704c6a126c800a9968ecd16cae14"", ""point_origin_locator"": ""parquet_row_1based=158791;latitude_dadata,longitude_dadata"", ""point_origin_kind"": ""tochno_2021_dadata_raw_parquet_point"", ""point_ledger_path"": ""/workspace/settlements-work/continuation_20261004/accepted_graph25_bounded_cases_20261005/accepted_point_uses.parquet""}"
