root,source_record_id,year,name,type,county,region,population,component_population_sum,haspoint,point_origin_kind,point_origin_file,point_origin_locator,point_ledger_path,latitude,longitude,point_json
2002:066_76aa869929_Altai_krai1.xls:Sheet1:1131,2002:066_76aa869929_Altai_krai1.xls:Sheet1:1131,2002,Мамонтово,село,Мамонтовский район,алтайский,9348.0,26145.0,False,,,,,,,{}
2002:066_76aa869929_Altai_krai1.xls:Sheet1:1131,2010:008_342f3c208b_16._20Сиб_ФО_2010.xls:Sib:669,2010,Мамонтово,село,,алтайский,8546.0,26145.0,True,geokladr_2011_raw_dbf_coordinate,/workspace/settlements-raw/data/raw/historical_geography/geokladr_okato_2011/okato.dbf,raw_dbf_record_number_1based=662;byte_offset_0based=261800,/workspace/settlements-work/continuation_20261004/accepted_graph25_bounded_cases_20261005/accepted_point_uses.parquet,52.153769,81.558274,"{""target_source_record_id"": ""2010:008_342f3c208b_16._20Сиб_ФО_2010.xls:Sib:669"", ""latitude"": 52.153769, ""longitude"": 81.558274, ""coordinate_admission_status"": ""reviewed_extension_rule_accepted"", ""coordinate_source_record_id"": ""GeoKLADR2011:OKATO:01226849001"", ""source_sha256"": ""960feadeb50c27be2d8a2084112349fb0c22ae608929716bcafed5a140c84d0e"", ""source_locator"": ""{\""source_file\"": \""data/raw/2010/008_342f3c208b_16._20Сиб_ФО_2010.xls\"", \""source_sheet\"": \""Sib\"", \""source_row\"": 669.0}"", ""point_origin_file"": ""/workspace/settlements-raw/data/raw/historical_geography/geokladr_okato_2011/okato.dbf"", ""point_origin_sha256"": ""d1c8b983f2489724a940bd2a64dedda73b602f6c491d5c09391deaf362fe2650"", ""point_origin_locator"": ""raw_dbf_record_number_1based=662;byte_offset_0based=261800"", ""point_origin_kind"": ""geokladr_2011_raw_dbf_coordinate"", ""point_ledger_path"": ""/workspace/settlements-work/continuation_20261004/accepted_graph25_bounded_cases_20261005/accepted_point_uses.parquet""}"
2002:066_76aa869929_Altai_krai1.xls:Sheet1:1131,2021:data_allsettlements_anon_156_v20251217.parquet:parquet:39818,2021,Мамонтово,село,Мамонтовский муниципальный район,алтайский,8251.0,26145.0,True,tochno_2021_dadata_raw_parquet_point,/workspace/settlements-raw/data/interim/2021_tochno/data_allsettlements_anon_156_v20251217.parquet,"parquet_row_1based=39818;latitude_dadata,longitude_dadata",/workspace/settlements-work/continuation_20261004/accepted_graph25_bounded_cases_20261005/accepted_point_uses.parquet,52.7083839,81.6275415,"{""target_source_record_id"": ""2021:data_allsettlements_anon_156_v20251217.parquet:parquet:39818"", ""latitude"": 52.7083839, ""longitude"": 81.6275415, ""coordinate_admission_status"": ""reviewed_rule_accepted"", ""coordinate_source_record_id"": ""2021:data_allsettlements_anon_156_v20251217.parquet:parquet:39818"", ""source_sha256"": """", ""source_locator"": ""data/interim/2021_tochno/data_allsettlements_anon_156_v20251217.parquet#:39818.0"", ""point_origin_file"": ""/workspace/settlements-raw/data/interim/2021_tochno/data_allsettlements_anon_156_v20251217.parquet"", ""point_origin_sha256"": ""86c197cd522e0b63669e9c6e7f43fd3d82b3704c6a126c800a9968ecd16cae14"", ""point_origin_locator"": ""parquet_row_1based=39818;latitude_dadata,longitude_dadata"", ""point_origin_kind"": ""tochno_2021_dadata_raw_parquet_point"", ""point_ledger_path"": ""/workspace/settlements-work/continuation_20261004/accepted_graph25_bounded_cases_20261005/accepted_point_uses.parquet""}"
2002:1_TOM_01_04.xls:0:7676,2002:1_TOM_01_04.xls:0:7676,2002,Бобровский,пгт,,свердловская,5285.0,16476.0,False,,,,,,,{}
2002:1_TOM_01_04.xls:0:7676,2010:003_eb441570b1_11._20Урал_ФО_2010.xls:Урал:4032,2010,Бобровский,посёлок,,свердловская,5246.0,16476.0,True,geokladr_2011_raw_dbf_coordinate,/workspace/settlements-raw/data/raw/historical_geography/geokladr_okato_2011/okato.dbf,raw_dbf_record_number_1based=109959;byte_offset_0based=43434115,/workspace/settlements-work/continuation_20261004/accepted_graph25_bounded_cases_20261005/accepted_point_uses.parquet,58.103404,62.176714,"{""target_source_record_id"": ""2010:003_eb441570b1_11._20Урал_ФО_2010.xls:Урал:4032"", ""latitude"": 58.103404, ""longitude"": 62.176714, ""coordinate_admission_status"": ""reviewed_extension_rule_accepted"", ""coordinate_source_record_id"": ""GeoKLADR2011:OKATO:65241000001"", ""source_sha256"": ""042e8e141831b431d8b7addd9674959625ddbdf6fa79986e81e968d941ab1156"", ""source_locator"": ""{\""source_file\"": \""data/raw/2010/003_eb441570b1_11._20Урал_ФО_2010.xls\"", \""source_sheet\"": \""Урал\"", \""source_row\"": 4032.0}"", ""point_origin_file"": ""/workspace/settlements-raw/data/raw/historical_geography/geokladr_okato_2011/okato.dbf"", ""point_origin_sha256"": ""d1c8b983f2489724a940bd2a64dedda73b602f6c491d5c09391deaf362fe2650"", ""point_origin_locator"": ""raw_dbf_record_number_1based=109959;byte_offset_0based=43434115"", ""point_origin_kind"": ""geokladr_2011_raw_dbf_coordinate"", ""point_ledger_path"": ""/workspace/settlements-work/continuation_20261004/accepted_graph25_bounded_cases_20261005/accepted_point_uses.parquet""}"
2002:1_TOM_01_04.xls:0:7676,2021:data_allsettlements_anon_156_v20251217.parquet:parquet:120383,2021,Бобровский,посёлок,Сысертский городской округ,свердловская,5945.0,16476.0,True,wikidata_P625_point_claim,/workspace/settlements-raw/data/raw/wikidata_truthy_claims/batch_0109.jsonl.gz,"{""line_number"": 9166, ""locator"": ""batch_0109.jsonl.gz#line=9166"", ""retrieved_at_utc"": ""2026-08-31T20:59:22.440246+00:00"", ""source_file"": ""batch_0109.jsonl.gz"", ""value_raw"": ""POINT(60.976667 56.673889)""}",/workspace/settlements-work/continuation_20261004/accepted_graph25_bounded_cases_20261005/accepted_point_uses.parquet,56.673889,60.976667,"{""target_source_record_id"": ""2021:data_allsettlements_anon_156_v20251217.parquet:parquet:120383"", ""latitude"": 56.673889, ""longitude"": 60.976667, ""coordinate_admission_status"": ""reviewed_extension_rule_accepted"", ""coordinate_source_record_id"": ""Q4088840"", ""source_sha256"": ""86c197cd522e0b63669e9c6e7f43fd3d82b3704c6a126c800a9968ecd16cae14"", ""source_locator"": ""data/interim/2021_tochno/data_allsettlements_anon_156_v20251217.parquet#row=120383.0"", ""point_origin_file"": ""/workspace/settlements-raw/data/raw/wikidata_truthy_claims/batch_0109.jsonl.gz"", ""point_origin_sha256"": ""8d3db8169c04c41f54843d8d63622150e8e0192656d246386dea175a0ed5a0ed"", ""point_origin_locator"": ""{\""line_number\"": 9166, \""locator\"": \""batch_0109.jsonl.gz#line=9166\"", \""retrieved_at_utc\"": \""2026-08-31T20:59:22.440246+00:00\"", \""source_file\"": \""batch_0109.jsonl.gz\"", \""value_raw\"": \""POINT(60.976667 56.673889)\""}"", ""point_origin_kind"": ""wikidata_P625_point_claim"", ""point_ledger_path"": ""/workspace/settlements-work/continuation_20261004/accepted_graph25_bounded_cases_20261005/accepted_point_uses.parquet""}"
2002:1_TOM_01_04.xls:0:4718,2002:1_TOM_01_04.xls:0:4718,2002,Капустин Яр,пгт,,астраханская,6506.0,16328.0,False,,,,,,,{}
2002:1_TOM_01_04.xls:0:4718,ROSSTAT2010:T5:p82:l26,2010,Капустин Яр,село,Ахтубинский район,астраханская,5724.0,16328.0,True,geokladr_2011_raw_dbf_coordinate,/workspace/settlements-raw/data/raw/historical_geography/geokladr_okato_2011/okato.dbf,raw_dbf_record_number_1based=11207;byte_offset_0based=4427075,/workspace/settlements-work/continuation_20261004/accepted_graph25_bounded_cases_20261005/accepted_point_uses.parquet,48.403704,45.707179,"{""target_source_record_id"": ""ROSSTAT2010:T5:p82:l26"", ""latitude"": 48.403704, ""longitude"": 45.707179, ""coordinate_admission_status"": ""reviewed_extension_rule_accepted"", ""coordinate_source_record_id"": ""GeoKLADR2011:OKATO:12205814001"", ""source_sha256"": ""5d6b65cf4a7df4021c2e7191aa23b5cf8bf965cbaa25e0a28dde6e83182c6ca8"", ""source_locator"": ""{\""source_file\"": \""data/raw/2010/004_486e984bdc_12._20Астр_Волгог_Ростов.xls\"", \""source_sheet\"": \""Южный\"", \""source_row\"": 27.0}"", ""point_origin_file"": ""/workspace/settlements-raw/data/raw/historical_geography/geokladr_okato_2011/okato.dbf"", ""point_origin_sha256"": ""d1c8b983f2489724a940bd2a64dedda73b602f6c491d5c09391deaf362fe2650"", ""point_origin_locator"": ""raw_dbf_record_number_1based=11207;byte_offset_0based=4427075"", ""point_origin_kind"": ""geokladr_2011_raw_dbf_coordinate"", ""point_ledger_path"": ""/workspace/settlements-work/continuation_20261004/accepted_graph25_bounded_cases_20261005/accepted_point_uses.parquet""}"
2002:1_TOM_01_04.xls:0:4718,2021:data_allsettlements_anon_156_v20251217.parquet:parquet:118699,2021,Капустин Яр,село,Ахтубинский муниципальный район,астраханская,4098.0,16328.0,True,tochno_2021_dadata_raw_parquet_point,/workspace/settlements-raw/data/interim/2021_tochno/data_allsettlements_anon_156_v20251217.parquet,"parquet_row_1based=118699;latitude_dadata,longitude_dadata",/workspace/settlements-work/continuation_20261004/accepted_graph25_bounded_cases_20261005/accepted_point_uses.parquet,48.576793,45.747433,"{""target_source_record_id"": ""2021:data_allsettlements_anon_156_v20251217.parquet:parquet:118699"", ""latitude"": 48.576793, ""longitude"": 45.747433, ""coordinate_admission_status"": ""reviewed_rule_accepted"", ""coordinate_source_record_id"": ""2021:data_allsettlements_anon_156_v20251217.parquet:parquet:118699"", ""source_sha256"": """", ""source_locator"": ""data/interim/2021_tochno/data_allsettlements_anon_156_v20251217.parquet#:118699.0"", ""point_origin_file"": ""/workspace/settlements-raw/data/interim/2021_tochno/data_allsettlements_anon_156_v20251217.parquet"", ""point_origin_sha256"": ""86c197cd522e0b63669e9c6e7f43fd3d82b3704c6a126c800a9968ecd16cae14"", ""point_origin_locator"": ""parquet_row_1based=118699;latitude_dadata,longitude_dadata"", ""point_origin_kind"": ""tochno_2021_dadata_raw_parquet_point"", ""point_ledger_path"": ""/workspace/settlements-work/continuation_20261004/accepted_graph25_bounded_cases_20261005/accepted_point_uses.parquet""}"
2002:1_TOM_01_04.xls:0:5339,2002:1_TOM_01_04.xls:0:5339,2002,Юмагузино,пгт,,башкортостан,5343.0,14506.0,False,,,,,,,{}
2002:1_TOM_01_04.xls:0:5339,2010:017_68e0e4537e_9._20Basq_Mari_Mord_Tatar_Udm_Chuv_2010.xls:!!!:2858,2010,Юмагузино,село,,башкортостан,4530.0,14506.0,True,geokladr_2011_raw_dbf_coordinate,/workspace/settlements-raw/data/raw/historical_geography/geokladr_okato_2011/okato.dbf,raw_dbf_record_number_1based=134685;byte_offset_0based=53200885,/workspace/settlements-work/continuation_20261004/accepted_graph25_bounded_cases_20261005/accepted_point_uses.parquet,52.903843,55.84752,"{""target_source_record_id"": ""2010:017_68e0e4537e_9._20Basq_Mari_Mord_Tatar_Udm_Chuv_2010.xls:!!!:2858"", ""latitude"": 52.903843, ""longitude"": 55.84752, ""coordinate_admission_status"": ""reviewed_extension_rule_accepted"", ""coordinate_source_record_id"": ""GeoKLADR2011:OKATO:80238887001"", ""source_sha256"": ""0ad9f5527c60819aa6e298bc78c5a19e7d3b09ad7f541064a8d922595854177a"", ""source_locator"": ""{\""source_file\"": \""data/raw/2010/017_68e0e4537e_9._20Basq_Mari_Mord_Tatar_Udm_Chuv_2010.xls\"", \""source_sheet\"": \""!!!\"", \""source_row\"": 2858.0}"", ""point_origin_file"": ""/workspace/settlements-raw/data/raw/historical_geography/geokladr_okato_2011/okato.dbf"", ""point_origin_sha256"": ""d1c8b983f2489724a940bd2a64dedda73b602f6c491d5c09391deaf362fe2650"", ""point_origin_locator"": ""raw_dbf_record_number_1based=134685;byte_offset_0based=53200885"", ""point_origin_kind"": ""geokladr_2011_raw_dbf_coordinate"", ""point_ledger_path"": ""/workspace/settlements-work/continuation_20261004/accepted_graph25_bounded_cases_20261005/accepted_point_uses.parquet""}"
2002:1_TOM_01_04.xls:0:5339,2021:data_allsettlements_anon_156_v20251217.parquet:parquet:147458,2021,Юмагузино,село,Кугарчинский муниципальный район,башкортостан,4633.0,14506.0,True,tochno_2021_dadata_raw_parquet_point,/workspace/settlements-raw/data/interim/2021_tochno/data_allsettlements_anon_156_v20251217.parquet,"parquet_row_1based=147458;latitude_dadata,longitude_dadata",/workspace/settlements-work/continuation_20261004/accepted_graph25_bounded_cases_20261005/accepted_point_uses.parquet,52.8994908,56.3908938,"{""target_source_record_id"": ""2021:data_allsettlements_anon_156_v20251217.parquet:parquet:147458"", ""latitude"": 52.8994908, ""longitude"": 56.3908938, ""coordinate_admission_status"": ""reviewed_rule_accepted"", ""coordinate_source_record_id"": ""2021:data_allsettlements_anon_156_v20251217.parquet:parquet:147458"", ""source_sha256"": """", ""source_locator"": ""data/interim/2021_tochno/data_allsettlements_anon_156_v20251217.parquet#:147458.0"", ""point_origin_file"": ""/workspace/settlements-raw/data/interim/2021_tochno/data_allsettlements_anon_156_v20251217.parquet"", ""point_origin_sha256"": ""86c197cd522e0b63669e9c6e7f43fd3d82b3704c6a126c800a9968ecd16cae14"", ""point_origin_locator"": ""parquet_row_1based=147458;latitude_dadata,longitude_dadata"", ""point_origin_kind"": ""tochno_2021_dadata_raw_parquet_point"", ""point_ledger_path"": ""/workspace/settlements-work/continuation_20261004/accepted_graph25_bounded_cases_20261005/accepted_point_uses.parquet""}"
2002:1_TOM_01_04.xls:0:5211,2002:1_TOM_01_04.xls:0:5211,2002,Амзя,пгт,,башкортостан,4834.0,14045.0,False,,,,,,,{}
2002:1_TOM_01_04.xls:0:5211,2010:017_68e0e4537e_9._20Basq_Mari_Mord_Tatar_Udm_Chuv_2010.xls:!!!:4554,2010,Амзя,село,,башкортостан,4997.0,14045.0,True,geokladr_2011_raw_dbf_coordinate,/workspace/settlements-raw/data/raw/historical_geography/geokladr_okato_2011/okato.dbf,raw_dbf_record_number_1based=136355;byte_offset_0based=53860535,/workspace/settlements-work/continuation_20261004/accepted_graph25_bounded_cases_20261005/accepted_point_uses.parquet,56.096463,54.274161,"{""target_source_record_id"": ""2010:017_68e0e4537e_9._20Basq_Mari_Mord_Tatar_Udm_Chuv_2010.xls:!!!:4554"", ""latitude"": 56.096463, ""longitude"": 54.274161, ""coordinate_admission_status"": ""reviewed_extension_rule_accepted"", ""coordinate_source_record_id"": ""GeoKLADR2011:OKATO:80427801001"", ""source_sha256"": ""0ad9f5527c60819aa6e298bc78c5a19e7d3b09ad7f541064a8d922595854177a"", ""source_locator"": ""{\""source_file\"": \""data/raw/2010/017_68e0e4537e_9._20Basq_Mari_Mord_Tatar_Udm_Chuv_2010.xls\"", \""source_sheet\"": \""!!!\"", \""source_row\"": 4554.0}"", ""point_origin_file"": ""/workspace/settlements-raw/data/raw/historical_geography/geokladr_okato_2011/okato.dbf"", ""point_origin_sha256"": ""d1c8b983f2489724a940bd2a64dedda73b602f6c491d5c09391deaf362fe2650"", ""point_origin_locator"": ""raw_dbf_record_number_1based=136355;byte_offset_0based=53860535"", ""point_origin_kind"": ""geokladr_2011_raw_dbf_coordinate"", ""point_ledger_path"": ""/workspace/settlements-work/continuation_20261004/accepted_graph25_bounded_cases_20261005/accepted_point_uses.parquet""}"
2002:1_TOM_01_04.xls:0:5211,2021:data_allsettlements_anon_156_v20251217.parquet:parquet:149482,2021,Амзя,село,Городской округ город Нефтекамск,башкортостан,4214.0,14045.0,True,tochno_2021_dadata_raw_parquet_point,/workspace/settlements-raw/data/interim/2021_tochno/data_allsettlements_anon_156_v20251217.parquet,"parquet_row_1based=149482;latitude_dadata,longitude_dadata",/workspace/settlements-work/continuation_20261004/accepted_graph25_bounded_cases_20261005/accepted_point_uses.parquet,56.2333176,54.3872774,"{""target_source_record_id"": ""2021:data_allsettlements_anon_156_v20251217.parquet:parquet:149482"", ""latitude"": 56.2333176, ""longitude"": 54.3872774, ""coordinate_admission_status"": ""reviewed_rule_accepted"", ""coordinate_source_record_id"": ""2021:data_allsettlements_anon_156_v20251217.parquet:parquet:149482"", ""source_sha256"": """", ""source_locator"": ""data/interim/2021_tochno/data_allsettlements_anon_156_v20251217.parquet#:149482.0"", ""point_origin_file"": ""/workspace/settlements-raw/data/interim/2021_tochno/data_allsettlements_anon_156_v20251217.parquet"", ""point_origin_sha256"": ""86c197cd522e0b63669e9c6e7f43fd3d82b3704c6a126c800a9968ecd16cae14"", ""point_origin_locator"": ""parquet_row_1based=149482;latitude_dadata,longitude_dadata"", ""point_origin_kind"": ""tochno_2021_dadata_raw_parquet_point"", ""point_ledger_path"": ""/workspace/settlements-work/continuation_20261004/accepted_graph25_bounded_cases_20261005/accepted_point_uses.parquet""}"
2002:1_TOM_01_04.xls:0:5365,2002:1_TOM_01_04.xls:0:5365,2002,Красный Ключ,пгт,,башкортостан,2344.0,6894.0,False,,,,,,,{}
2002:1_TOM_01_04.xls:0:5365,2010:017_68e0e4537e_9._20Basq_Mari_Mord_Tatar_Udm_Chuv_2010.xls:!!!:3357,2010,Красный Ключ,село,,башкортостан,2275.0,6894.0,True,geokladr_2011_raw_dbf_coordinate,/workspace/settlements-raw/data/raw/historical_geography/geokladr_okato_2011/okato.dbf,raw_dbf_record_number_1based=135183;byte_offset_0based=53397595,/workspace/settlements-work/continuation_20261004/accepted_graph25_bounded_cases_20261005/accepted_point_uses.parquet,55.43214,56.219492,"{""target_source_record_id"": ""2010:017_68e0e4537e_9._20Basq_Mari_Mord_Tatar_Udm_Chuv_2010.xls:!!!:3357"", ""latitude"": 55.43214, ""longitude"": 56.219492, ""coordinate_admission_status"": ""reviewed_extension_rule_accepted"", ""coordinate_source_record_id"": ""GeoKLADR2011:OKATO:80245816001"", ""source_sha256"": ""0ad9f5527c60819aa6e298bc78c5a19e7d3b09ad7f541064a8d922595854177a"", ""source_locator"": ""{\""source_file\"": \""data/raw/2010/017_68e0e4537e_9._20Basq_Mari_Mord_Tatar_Udm_Chuv_2010.xls\"", \""source_sheet\"": \""!!!\"", \""source_row\"": 3357.0}"", ""point_origin_file"": ""/workspace/settlements-raw/data/raw/historical_geography/geokladr_okato_2011/okato.dbf"", ""point_origin_sha256"": ""d1c8b983f2489724a940bd2a64dedda73b602f6c491d5c09391deaf362fe2650"", ""point_origin_locator"": ""raw_dbf_record_number_1based=135183;byte_offset_0based=53397595"", ""point_origin_kind"": ""geokladr_2011_raw_dbf_coordinate"", ""point_ledger_path"": ""/workspace/settlements-work/continuation_20261004/accepted_graph25_bounded_cases_20261005/accepted_point_uses.parquet""}"
2002:1_TOM_01_04.xls:0:5365,2021:data_allsettlements_anon_156_v20251217.parquet:parquet:148054,2021,Красный Ключ,село,Нуримановский муниципальный район,башкортостан,2275.0,6894.0,True,tochno_2021_dadata_raw_parquet_point,/workspace/settlements-raw/data/interim/2021_tochno/data_allsettlements_anon_156_v20251217.parquet,"parquet_row_1based=148054;latitude_dadata,longitude_dadata",/workspace/settlements-work/continuation_20261004/accepted_graph25_bounded_cases_20261005/accepted_point_uses.parquet,55.3867926,56.6524999,"{""target_source_record_id"": ""2021:data_allsettlements_anon_156_v20251217.parquet:parquet:148054"", ""latitude"": 55.3867926, ""longitude"": 56.6524999, ""coordinate_admission_status"": ""reviewed_rule_accepted"", ""coordinate_source_record_id"": ""2021:data_allsettlements_anon_156_v20251217.parquet:parquet:148054"", ""source_sha256"": """", ""source_locator"": ""data/interim/2021_tochno/data_allsettlements_anon_156_v20251217.parquet#:148054.0"", ""point_origin_file"": ""/workspace/settlements-raw/data/interim/2021_tochno/data_allsettlements_anon_156_v20251217.parquet"", ""point_origin_sha256"": ""86c197cd522e0b63669e9c6e7f43fd3d82b3704c6a126c800a9968ecd16cae14"", ""point_origin_locator"": ""parquet_row_1based=148054;latitude_dadata,longitude_dadata"", ""point_origin_kind"": ""tochno_2021_dadata_raw_parquet_point"", ""point_ledger_path"": ""/workspace/settlements-work/continuation_20261004/accepted_graph25_bounded_cases_20261005/accepted_point_uses.parquet""}"
2002:1_TOM_01_04.xls:0:5236,2002:1_TOM_01_04.xls:0:5236,2002,Шафраново,пгт,,башкортостан,2606.0,6856.0,False,,,,,,,{}
2002:1_TOM_01_04.xls:0:5236,2010:017_68e0e4537e_9._20Basq_Mari_Mord_Tatar_Udm_Chuv_2010.xls:!!!:195,2010,Шафраново,село,,башкортостан,2362.0,6856.0,True,geokladr_2011_raw_dbf_coordinate,/workspace/settlements-raw/data/raw/historical_geography/geokladr_okato_2011/okato.dbf,raw_dbf_record_number_1based=132042;byte_offset_0based=52156900,/workspace/settlements-work/continuation_20261004/accepted_graph25_bounded_cases_20261005/accepted_point_uses.parquet,53.983263,54.768152,"{""target_source_record_id"": ""2010:017_68e0e4537e_9._20Basq_Mari_Mord_Tatar_Udm_Chuv_2010.xls:!!!:195"", ""latitude"": 53.983263, ""longitude"": 54.768152, ""coordinate_admission_status"": ""reviewed_extension_rule_accepted"", ""coordinate_source_record_id"": ""GeoKLADR2011:OKATO:80202870001"", ""source_sha256"": ""0ad9f5527c60819aa6e298bc78c5a19e7d3b09ad7f541064a8d922595854177a"", ""source_locator"": ""{\""source_file\"": \""data/raw/2010/017_68e0e4537e_9._20Basq_Mari_Mord_Tatar_Udm_Chuv_2010.xls\"", \""source_sheet\"": \""!!!\"", \""source_row\"": 195.0}"", ""point_origin_file"": ""/workspace/settlements-raw/data/raw/historical_geography/geokladr_okato_2011/okato.dbf"", ""point_origin_sha256"": ""d1c8b983f2489724a940bd2a64dedda73b602f6c491d5c09391deaf362fe2650"", ""point_origin_locator"": ""raw_dbf_record_number_1based=132042;byte_offset_0based=52156900"", ""point_origin_kind"": ""geokladr_2011_raw_dbf_coordinate"", ""point_ledger_path"": ""/workspace/settlements-work/continuation_20261004/accepted_graph25_bounded_cases_20261005/accepted_point_uses.parquet""}"
2002:1_TOM_01_04.xls:0:5236,2021:data_allsettlements_anon_156_v20251217.parquet:parquet:144261,2021,Шафраново,село,Альшеевский муниципальный район,башкортостан,1888.0,6856.0,True,tochno_2021_dadata_raw_parquet_point,/workspace/settlements-raw/data/interim/2021_tochno/data_allsettlements_anon_156_v20251217.parquet,"parquet_row_1based=144261;latitude_dadata,longitude_dadata",/workspace/settlements-work/continuation_20261004/accepted_graph25_bounded_cases_20261005/accepted_point_uses.parquet,53.9346434,54.7392224,"{""target_source_record_id"": ""2021:data_allsettlements_anon_156_v20251217.parquet:parquet:144261"", ""latitude"": 53.9346434, ""longitude"": 54.7392224, ""coordinate_admission_status"": ""reviewed_rule_accepted"", ""coordinate_source_record_id"": ""2021:data_allsettlements_anon_156_v20251217.parquet:parquet:144261"", ""source_sha256"": """", ""source_locator"": ""data/interim/2021_tochno/data_allsettlements_anon_156_v20251217.parquet#:144261.0"", ""point_origin_file"": ""/workspace/settlements-raw/data/interim/2021_tochno/data_allsettlements_anon_156_v20251217.parquet"", ""point_origin_sha256"": ""86c197cd522e0b63669e9c6e7f43fd3d82b3704c6a126c800a9968ecd16cae14"", ""point_origin_locator"": ""parquet_row_1based=144261;latitude_dadata,longitude_dadata"", ""point_origin_kind"": ""tochno_2021_dadata_raw_parquet_point"", ""point_ledger_path"": ""/workspace/settlements-work/continuation_20261004/accepted_graph25_bounded_cases_20261005/accepted_point_uses.parquet""}"
2002:1_TOM_01_04.xls:0:10356,2002:1_TOM_01_04.xls:0:10356,2002,Уптар,пгт,,магаданская,2311.0,6003.0,True,raw_named_typed_geo2011_object,/workspace/settlements-raw/data/raw/historical_geography/geokladr_okato_2011/okato.dbf,DBF_record_1based=70964;DBF_byte_offset_0based=28031090;OKATO2011_raw=44401560000,/workspace/settlements-work/continuation_20261004/accepted_graph25_bounded_cases_20261005/accepted_point_uses.parquet,59.75,150.916667,"{""target_source_record_id"": ""2002:1_TOM_01_04.xls:0:10356"", ""latitude"": 59.75, ""longitude"": 150.916667, ""coordinate_admission_status"": ""reviewed_extension_rule_accepted"", ""coordinate_source_record_id"": """", ""source_sha256"": ""745a24599719c877a8ddf015aadf22d3cb859444819a32f8197ae525d91483f3"", ""source_locator"": ""selected_source_file=data/raw/2002_official_tom1/1_TOM_01_04.xls;sheet=0;row=10356.0;source_native_id=table4:10356"", ""point_origin_file"": ""/workspace/settlements-raw/data/raw/historical_geography/geokladr_okato_2011/okato.dbf"", ""point_origin_sha256"": ""d1c8b983f2489724a940bd2a64dedda73b602f6c491d5c09391deaf362fe2650"", ""point_origin_locator"": ""DBF_record_1based=70964;DBF_byte_offset_0based=28031090;OKATO2011_raw=44401560000"", ""point_origin_kind"": ""raw_named_typed_geo2011_object"", ""point_ledger_path"": ""/workspace/settlements-work/continuation_20261004/accepted_graph25_bounded_cases_20261005/accepted_point_uses.parquet""}"
2002:1_TOM_01_04.xls:0:10356,ROSSTAT2010:T5:p207:l21,2010,Уптар,пгт,,магаданская,1991.0,6003.0,False,,,,,,,{}
2002:1_TOM_01_04.xls:0:10356,2021:data_allsettlements_anon_156_v20251217.parquet:parquet:60549,2021,Уптар,пгт,Городской округ город Магадан,магаданская,1701.0,6003.0,True,tochno_2021_dadata_raw_parquet_point,/workspace/settlements-raw/data/interim/2021_tochno/data_allsettlements_anon_156_v20251217.parquet,"parquet_row_1based=60549;latitude_dadata,longitude_dadata",/workspace/settlements-work/continuation_20261004/accepted_graph25_bounded_cases_20261005/accepted_point_uses.parquet,59.8976483,150.8716159,"{""target_source_record_id"": ""2021:data_allsettlements_anon_156_v20251217.parquet:parquet:60549"", ""latitude"": 59.8976483, ""longitude"": 150.8716159, ""coordinate_admission_status"": ""reviewed_rule_accepted"", ""coordinate_source_record_id"": ""2021:data_allsettlements_anon_156_v20251217.parquet:parquet:60549"", ""source_sha256"": """", ""source_locator"": ""data/interim/2021_tochno/data_allsettlements_anon_156_v20251217.parquet#:60549.0"", ""point_origin_file"": ""/workspace/settlements-raw/data/interim/2021_tochno/data_allsettlements_anon_156_v20251217.parquet"", ""point_origin_sha256"": ""86c197cd522e0b63669e9c6e7f43fd3d82b3704c6a126c800a9968ecd16cae14"", ""point_origin_locator"": ""parquet_row_1based=60549;latitude_dadata,longitude_dadata"", ""point_origin_kind"": ""tochno_2021_dadata_raw_parquet_point"", ""point_ledger_path"": ""/workspace/settlements-work/continuation_20261004/accepted_graph25_bounded_cases_20261005/accepted_point_uses.parquet""}"
2002:1_TOM_01_04.xls:0:291,2002:1_TOM_01_04.xls:0:291,2002,Иванищи,пгт,,владимирская,2199.0,5778.0,False,,,,,,,{}
2002:1_TOM_01_04.xls:0:291,2010:013_f60b2d2bcf_5._20Belg_Bryan_Vlad_Voron_Ivanov_Kalug_20L1_ethn_2010.xls:Data Sheet:4901,2010,Иванищи,посёлок,,владимирская,1946.0,5778.0,True,geokladr_2011_raw_dbf_coordinate,/workspace/settlements-raw/data/raw/historical_geography/geokladr_okato_2011/okato.dbf,raw_dbf_record_number_1based=16433;byte_offset_0based=6491345,/workspace/settlements-work/continuation_20261004/accepted_graph25_bounded_cases_20261005/accepted_point_uses.parquet,55.7161,41.8376,"{""target_source_record_id"": ""2010:013_f60b2d2bcf_5._20Belg_Bryan_Vlad_Voron_Ivanov_Kalug_20L1_ethn_2010.xls:Data Sheet:4901"", ""latitude"": 55.7161, ""longitude"": 41.8376, ""coordinate_admission_status"": ""reviewed_extension_rule_accepted"", ""coordinate_source_record_id"": ""GeoKLADR2011:OKATO:17220000005"", ""source_sha256"": ""52a7cd38f32d03b79c20b256dfd4019e49a0f7a4bab9d96abc57cbf16e2b90ac"", ""source_locator"": ""{\""source_file\"": \""data/raw/2010/013_f60b2d2bcf_5._20Belg_Bryan_Vlad_Voron_Ivanov_Kalug_20L1_ethn_2010.xls\"", \""source_sheet\"": \""Data Sheet\"", \""source_row\"": 4901.0}"", ""point_origin_file"": ""/workspace/settlements-raw/data/raw/historical_geography/geokladr_okato_2011/okato.dbf"", ""point_origin_sha256"": ""d1c8b983f2489724a940bd2a64dedda73b602f6c491d5c09391deaf362fe2650"", ""point_origin_locator"": ""raw_dbf_record_number_1based=16433;byte_offset_0based=6491345"", ""point_origin_kind"": ""geokladr_2011_raw_dbf_coordinate"", ""point_ledger_path"": ""/workspace/settlements-work/continuation_20261004/accepted_graph25_bounded_cases_20261005/accepted_point_uses.parquet""}"
2002:1_TOM_01_04.xls:0:291,2021:data_allsettlements_anon_156_v20251217.parquet:parquet:1955,2021,Иванищи,посёлок,Гусь-Хрустальный муниципальный район,владимирская,1633.0,5778.0,True,tochno_2021_dadata_raw_parquet_point,/workspace/settlements-raw/data/interim/2021_tochno/data_allsettlements_anon_156_v20251217.parquet,"parquet_row_1based=1955;latitude_dadata,longitude_dadata",/workspace/settlements-work/continuation_20261004/accepted_graph25_bounded_cases_20261005/accepted_point_uses.parquet,55.777487,40.4280125,"{""target_source_record_id"": ""2021:data_allsettlements_anon_156_v20251217.parquet:parquet:1955"", ""latitude"": 55.777487, ""longitude"": 40.4280125, ""coordinate_admission_status"": ""reviewed_rule_accepted"", ""coordinate_source_record_id"": ""2021:data_allsettlements_anon_156_v20251217.parquet:parquet:1955"", ""source_sha256"": """", ""source_locator"": ""data/interim/2021_tochno/data_allsettlements_anon_156_v20251217.parquet#:1955.0"", ""point_origin_file"": ""/workspace/settlements-raw/data/interim/2021_tochno/data_allsettlements_anon_156_v20251217.parquet"", ""point_origin_sha256"": ""86c197cd522e0b63669e9c6e7f43fd3d82b3704c6a126c800a9968ecd16cae14"", ""point_origin_locator"": ""parquet_row_1based=1955;latitude_dadata,longitude_dadata"", ""point_origin_kind"": ""tochno_2021_dadata_raw_parquet_point"", ""point_ledger_path"": ""/workspace/settlements-work/continuation_20261004/accepted_graph25_bounded_cases_20261005/accepted_point_uses.parquet""}"
2002:086_3c3b73a0d2_EvrejskajaAO.xls:Sheet1:13,2002:086_3c3b73a0d2_EvrejskajaAO.xls:Sheet1:13,2002,Валдгейм,село,Биробиджанский район,086_3c3b73a0d2_evrejskajaao,2018.0,5173.0,False,,,,,,,{}
2002:086_3c3b73a0d2_EvrejskajaAO.xls:Sheet1:13,2010:009_81f8a0e73c_17._20ДВ_ФО_2010.xls:ДВ:2867,2010,Валдгейм,село,,еврейская,1669.0,5173.0,True,geokladr_2011_raw_dbf_coordinate,/workspace/settlements-raw/data/raw/historical_geography/geokladr_okato_2011/okato.dbf,raw_dbf_record_number_1based=151773;byte_offset_0based=59950645,/workspace/settlements-work/continuation_20261004/accepted_graph25_bounded_cases_20261005/accepted_point_uses.parquet,48.716667,132.9,"{""target_source_record_id"": ""2010:009_81f8a0e73c_17._20ДВ_ФО_2010.xls:ДВ:2867"", ""latitude"": 48.716667, ""longitude"": 132.9, ""coordinate_admission_status"": ""reviewed_extension_rule_accepted"", ""coordinate_source_record_id"": ""GeoKLADR2011:OKATO:99205812001"", ""source_sha256"": ""a8fd7aa55513e73a205ebff1da2ce35fd8ca0f61c286e54491cf49c6132470c4"", ""source_locator"": ""{\""source_file\"": \""data/raw/2010/009_81f8a0e73c_17._20ДВ_ФО_2010.xls\"", \""source_sheet\"": \""ДВ\"", \""source_row\"": 2867.0}"", ""point_origin_file"": ""/workspace/settlements-raw/data/raw/historical_geography/geokladr_okato_2011/okato.dbf"", ""point_origin_sha256"": ""d1c8b983f2489724a940bd2a64dedda73b602f6c491d5c09391deaf362fe2650"", ""point_origin_locator"": ""raw_dbf_record_number_1based=151773;byte_offset_0based=59950645"", ""point_origin_kind"": ""geokladr_2011_raw_dbf_coordinate"", ""point_ledger_path"": ""/workspace/settlements-work/continuation_20261004/accepted_graph25_bounded_cases_20261005/accepted_point_uses.parquet""}"
2002:086_3c3b73a0d2_EvrejskajaAO.xls:Sheet1:13,2021:data_allsettlements_anon_156_v20251217.parquet:parquet:18540,2021,Валдгейм,село,Биробиджанский муниципальный район,еврейская,1486.0,5173.0,True,tochno_2021_dadata_raw_parquet_point,/workspace/settlements-raw/data/interim/2021_tochno/data_allsettlements_anon_156_v20251217.parquet,"parquet_row_1based=18540;latitude_dadata,longitude_dadata",/workspace/settlements-work/continuation_20261004/accepted_graph25_bounded_cases_20261005/accepted_point_uses.parquet,48.6934715,132.9733897,"{""target_source_record_id"": ""2021:data_allsettlements_anon_156_v20251217.parquet:parquet:18540"", ""latitude"": 48.6934715, ""longitude"": 132.9733897, ""coordinate_admission_status"": ""reviewed_rule_accepted"", ""coordinate_source_record_id"": ""2021:data_allsettlements_anon_156_v20251217.parquet:parquet:18540"", ""source_sha256"": """", ""source_locator"": ""data/interim/2021_tochno/data_allsettlements_anon_156_v20251217.parquet#:18540.0"", ""point_origin_file"": ""/workspace/settlements-raw/data/interim/2021_tochno/data_allsettlements_anon_156_v20251217.parquet"", ""point_origin_sha256"": ""86c197cd522e0b63669e9c6e7f43fd3d82b3704c6a126c800a9968ecd16cae14"", ""point_origin_locator"": ""parquet_row_1based=18540;latitude_dadata,longitude_dadata"", ""point_origin_kind"": ""tochno_2021_dadata_raw_parquet_point"", ""point_ledger_path"": ""/workspace/settlements-work/continuation_20261004/accepted_graph25_bounded_cases_20261005/accepted_point_uses.parquet""}"
2002:1_TOM_01_04.xls:0:191,2002:1_TOM_01_04.xls:0:191,2002,Лопандино,пгт,,брянская,1977.0,4920.0,False,,,,,,,{}
2002:1_TOM_01_04.xls:0:191,2010:013_f60b2d2bcf_5._20Belg_Bryan_Vlad_Voron_Ivanov_Kalug_20L1_ethn_2010.xls:Data Sheet:2818,2010,Лопандино,посёлок,,брянская,1696.0,4920.0,True,geokladr_2011_raw_dbf_coordinate,/workspace/settlements-raw/data/raw/historical_geography/geokladr_okato_2011/okato.dbf,raw_dbf_record_number_1based=14330;byte_offset_0based=5660660,/workspace/settlements-work/continuation_20261004/accepted_graph25_bounded_cases_20261005/accepted_point_uses.parquet,52.364,34.8722,"{""target_source_record_id"": ""2010:013_f60b2d2bcf_5._20Belg_Bryan_Vlad_Voron_Ivanov_Kalug_20L1_ethn_2010.xls:Data Sheet:2818"", ""latitude"": 52.364, ""longitude"": 34.8722, ""coordinate_admission_status"": ""reviewed_extension_rule_accepted"", ""coordinate_source_record_id"": ""GeoKLADR2011:OKATO:15232841001"", ""source_sha256"": ""52a7cd38f32d03b79c20b256dfd4019e49a0f7a4bab9d96abc57cbf16e2b90ac"", ""source_locator"": ""{\""source_file\"": \""data/raw/2010/013_f60b2d2bcf_5._20Belg_Bryan_Vlad_Voron_Ivanov_Kalug_20L1_ethn_2010.xls\"", \""source_sheet\"": \""Data Sheet\"", \""source_row\"": 2818.0}"", ""point_origin_file"": ""/workspace/settlements-raw/data/raw/historical_geography/geokladr_okato_2011/okato.dbf"", ""point_origin_sha256"": ""d1c8b983f2489724a940bd2a64dedda73b602f6c491d5c09391deaf362fe2650"", ""point_origin_locator"": ""raw_dbf_record_number_1based=14330;byte_offset_0based=5660660"", ""point_origin_kind"": ""geokladr_2011_raw_dbf_coordinate"", ""point_ledger_path"": ""/workspace/settlements-work/continuation_20261004/accepted_graph25_bounded_cases_20261005/accepted_point_uses.parquet""}"
2002:1_TOM_01_04.xls:0:191,2021:data_allsettlements_anon_156_v20251217.parquet:parquet:174740,2021,Лопандино,посёлок,Комаричский муниципальный район,брянская,1247.0,4920.0,True,tochno_2021_dadata_raw_parquet_point,/workspace/settlements-raw/data/interim/2021_tochno/data_allsettlements_anon_156_v20251217.parquet,"parquet_row_1based=174740;latitude_dadata,longitude_dadata",/workspace/settlements-work/continuation_20261004/accepted_graph25_bounded_cases_20261005/accepted_point_uses.parquet,52.4667437,34.8102371,"{""target_source_record_id"": ""2021:data_allsettlements_anon_156_v20251217.parquet:parquet:174740"", ""latitude"": 52.4667437, ""longitude"": 34.8102371, ""coordinate_admission_status"": ""reviewed_rule_accepted"", ""coordinate_source_record_id"": ""2021:data_allsettlements_anon_156_v20251217.parquet:parquet:174740"", ""source_sha256"": """", ""source_locator"": ""data/interim/2021_tochno/data_allsettlements_anon_156_v20251217.parquet#:174740.0"", ""point_origin_file"": ""/workspace/settlements-raw/data/interim/2021_tochno/data_allsettlements_anon_156_v20251217.parquet"", ""point_origin_sha256"": ""86c197cd522e0b63669e9c6e7f43fd3d82b3704c6a126c800a9968ecd16cae14"", ""point_origin_locator"": ""parquet_row_1based=174740;latitude_dadata,longitude_dadata"", ""point_origin_kind"": ""tochno_2021_dadata_raw_parquet_point"", ""point_ledger_path"": ""/workspace/settlements-work/continuation_20261004/accepted_graph25_bounded_cases_20261005/accepted_point_uses.parquet""}"
2002:1_TOM_01_04.xls:0:6398,2002:1_TOM_01_04.xls:0:6398,2002,Аккермановка,пгт,,оренбургская,1271.0,4101.0,False,,,,,,,{}
2002:1_TOM_01_04.xls:0:6398,2010:016_802d308e41_8._20Or_Penz_Perm_Samar_Saratov_Uly_2010.xls:!!!:3052,2010,Аккермановка,посёлок,,оренбургская,1616.0,4101.0,True,geokladr_2011_raw_dbf_coordinate,/workspace/settlements-raw/data/raw/historical_geography/geokladr_okato_2011/okato.dbf,raw_dbf_record_number_1based=85700;byte_offset_0based=33851810,/workspace/settlements-work/continuation_20261004/accepted_graph25_bounded_cases_20261005/accepted_point_uses.parquet,51.247897,58.238263,"{""target_source_record_id"": ""2010:016_802d308e41_8._20Or_Penz_Perm_Samar_Saratov_Uly_2010.xls:!!!:3052"", ""latitude"": 51.247897, ""longitude"": 58.238263, ""coordinate_admission_status"": ""reviewed_extension_rule_accepted"", ""coordinate_source_record_id"": ""GeoKLADR2011:OKATO:53420000001"", ""source_sha256"": ""754aae620807b1275e59fc7bf8ce086ca91e7ec863d4d304f5a0a8b228a8d990"", ""source_locator"": ""{\""source_file\"": \""data/raw/2010/016_802d308e41_8._20Or_Penz_Perm_Samar_Saratov_Uly_2010.xls\"", \""source_sheet\"": \""!!!\"", \""source_row\"": 3052.0}"", ""point_origin_file"": ""/workspace/settlements-raw/data/raw/historical_geography/geokladr_okato_2011/okato.dbf"", ""point_origin_sha256"": ""d1c8b983f2489724a940bd2a64dedda73b602f6c491d5c09391deaf362fe2650"", ""point_origin_locator"": ""raw_dbf_record_number_1based=85700;byte_offset_0based=33851810"", ""point_origin_kind"": ""geokladr_2011_raw_dbf_coordinate"", ""point_ledger_path"": ""/workspace/settlements-work/continuation_20261004/accepted_graph25_bounded_cases_20261005/accepted_point_uses.parquet""}"
2002:1_TOM_01_04.xls:0:6398,2021:data_allsettlements_anon_156_v20251217.parquet:parquet:86421,2021,Аккермановка,посёлок,Городской округ город Новотроицк,оренбургская,1214.0,4101.0,True,tochno_2021_dadata_raw_parquet_point,/workspace/settlements-raw/data/interim/2021_tochno/data_allsettlements_anon_156_v20251217.parquet,"parquet_row_1based=86421;latitude_dadata,longitude_dadata",/workspace/settlements-work/continuation_20261004/accepted_graph25_bounded_cases_20261005/accepted_point_uses.parquet,51.1909164,58.2192486,"{""target_source_record_id"": ""2021:data_allsettlements_anon_156_v20251217.parquet:parquet:86421"", ""latitude"": 51.1909164, ""longitude"": 58.2192486, ""coordinate_admission_status"": ""reviewed_rule_accepted"", ""coordinate_source_record_id"": ""2021:data_allsettlements_anon_156_v20251217.parquet:parquet:86421"", ""source_sha256"": """", ""source_locator"": ""data/interim/2021_tochno/data_allsettlements_anon_156_v20251217.parquet#:86421.0"", ""point_origin_file"": ""/workspace/settlements-raw/data/interim/2021_tochno/data_allsettlements_anon_156_v20251217.parquet"", ""point_origin_sha256"": ""86c197cd522e0b63669e9c6e7f43fd3d82b3704c6a126c800a9968ecd16cae14"", ""point_origin_locator"": ""parquet_row_1based=86421;latitude_dadata,longitude_dadata"", ""point_origin_kind"": ""tochno_2021_dadata_raw_parquet_point"", ""point_ledger_path"": ""/workspace/settlements-work/continuation_20261004/accepted_graph25_bounded_cases_20261005/accepted_point_uses.parquet""}"
2002:020_e4f979c6c7_02c_Arxang-new.xls:Sheet1:2749,2002:020_e4f979c6c7_02c_Arxang-new.xls:Sheet1:2749,2002,Сия,посёлок,Пинежский район,архангельская,1556.0,3977.0,True,geokladr_2011_raw_dbf_coordinate,/workspace/settlements-raw/data/raw/historical_geography/geokladr_okato_2011/okato.dbf,raw_dbf_record_number_1based=9877;byte_offset_0based=3901725,/workspace/settlements-work/continuation_20261004/accepted_graph25_bounded_cases_20261005/accepted_point_uses.parquet,64.029665,43.183055,"{""target_source_record_id"": ""2002:020_e4f979c6c7_02c_Arxang-new.xls:Sheet1:2749"", ""latitude"": 64.029665, ""longitude"": 43.183055, ""coordinate_admission_status"": ""reviewed_extension_rule_accepted"", ""coordinate_source_record_id"": ""GeoKLADR2011:OKATO:11248831001"", ""source_sha256"": ""e647c6b02c6bd995581be7f699347e61b5d8c3794d769f99714b0414f119e30a"", ""source_locator"": ""{\""source_file\"": \""data/raw/2002/020_e4f979c6c7_02c_Arxang-new.xls\"", \""source_sheet\"": \""Sheet1\"", \""source_row\"": 2749.0}"", ""point_origin_file"": ""/workspace/settlements-raw/data/raw/historical_geography/geokladr_okato_2011/okato.dbf"", ""point_origin_sha256"": ""d1c8b983f2489724a940bd2a64dedda73b602f6c491d5c09391deaf362fe2650"", ""point_origin_locator"": ""raw_dbf_record_number_1based=9877;byte_offset_0based=3901725"", ""point_origin_kind"": ""geokladr_2011_raw_dbf_coordinate"", ""point_ledger_path"": ""/workspace/settlements-work/continuation_20261004/accepted_graph25_bounded_cases_20261005/accepted_point_uses.parquet""}"
2002:020_e4f979c6c7_02c_Arxang-new.xls:Sheet1:2749,ARK2010:archive20131022:html_table1_tr2775,2010,сия,село,,архангельская,1336.0,3977.0,False,,,,,,,{}
2002:020_e4f979c6c7_02c_Arxang-new.xls:Sheet1:2749,2021:data_allsettlements_anon_156_v20251217.parquet:parquet:89452,2021,Сия,посёлок,Пинежский муниципальный район,архангельская,1085.0,3977.0,True,wikidata_P625_point_claim,/workspace/settlements-raw/data/raw/wikidata_truthy_claims/batch_0131.jsonl.gz,"{""line_number"": 10141, ""locator"": ""batch_0131.jsonl.gz#line=10141"", ""retrieved_at_utc"": ""2026-08-31T20:59:51.341170+00:00"", ""source_file"": ""batch_0131.jsonl.gz"", ""value_raw"": ""POINT(45.633333 63.583333)""}",/workspace/settlements-work/continuation_20261004/accepted_graph25_bounded_cases_20261005/accepted_point_uses.parquet,63.583333,45.633333,"{""target_source_record_id"": ""2021:data_allsettlements_anon_156_v20251217.parquet:parquet:89452"", ""latitude"": 63.583333, ""longitude"": 45.633333, ""coordinate_admission_status"": ""reviewed_extension_rule_accepted"", ""coordinate_source_record_id"": ""Q4421288"", ""source_sha256"": ""86c197cd522e0b63669e9c6e7f43fd3d82b3704c6a126c800a9968ecd16cae14"", ""source_locator"": ""data/interim/2021_tochno/data_allsettlements_anon_156_v20251217.parquet#row=89452.0"", ""point_origin_file"": ""/workspace/settlements-raw/data/raw/wikidata_truthy_claims/batch_0131.jsonl.gz"", ""point_origin_sha256"": ""40cb5a7a963cb8d7ff81a4ac4e8a904aee1005828e15a44011778cf6d860dd7b"", ""point_origin_locator"": ""{\""line_number\"": 10141, \""locator\"": \""batch_0131.jsonl.gz#line=10141\"", \""retrieved_at_utc\"": \""2026-08-31T20:59:51.341170+00:00\"", \""source_file\"": \""batch_0131.jsonl.gz\"", \""value_raw\"": \""POINT(45.633333 63.583333)\""}"", ""point_origin_kind"": ""wikidata_P625_point_claim"", ""point_ledger_path"": ""/workspace/settlements-work/continuation_20261004/accepted_graph25_bounded_cases_20261005/accepted_point_uses.parquet""}"
2002:1_TOM_01_04.xls:0:5968,2002:1_TOM_01_04.xls:0:5968,2002,Созимский,пгт,,кировская,2030.0,3936.0,False,,,,,,,{}
2002:1_TOM_01_04.xls:0:5968,2010:014_5ca759eea0_5._20Nizheg_Kirov_202010.xls:Data Sheet:5271,2010,Созимский,посёлок,Верхнекамский,кировская,1257.0,3936.0,True,geokladr_2011_raw_dbf_coordinate,/workspace/settlements-raw/data/raw/historical_geography/geokladr_okato_2011/okato.dbf,raw_dbf_record_number_1based=53857;byte_offset_0based=21273825,/workspace/settlements-work/continuation_20261004/accepted_graph25_bounded_cases_20261005/accepted_point_uses.parquet,58.818938,53.441048,"{""target_source_record_id"": ""2010:014_5ca759eea0_5._20Nizheg_Kirov_202010.xls:Data Sheet:5271"", ""latitude"": 58.818938, ""longitude"": 53.441048, ""coordinate_admission_status"": ""reviewed_extension_rule_accepted"", ""coordinate_source_record_id"": ""GeoKLADR2011:OKATO:33207831001"", ""source_sha256"": ""c286aa10e8ebd8a4594b5623affa0ca1aacb6b69ac09a4a9288eeb754aa81c27"", ""source_locator"": ""{\""source_file\"": \""data/raw/2010/014_5ca759eea0_5._20Nizheg_Kirov_202010.xls\"", \""source_sheet\"": \""Data Sheet\"", \""source_row\"": 5271.0}"", ""point_origin_file"": ""/workspace/settlements-raw/data/raw/historical_geography/geokladr_okato_2011/okato.dbf"", ""point_origin_sha256"": ""d1c8b983f2489724a940bd2a64dedda73b602f6c491d5c09391deaf362fe2650"", ""point_origin_locator"": ""raw_dbf_record_number_1based=53857;byte_offset_0based=21273825"", ""point_origin_kind"": ""geokladr_2011_raw_dbf_coordinate"", ""point_ledger_path"": ""/workspace/settlements-work/continuation_20261004/accepted_graph25_bounded_cases_20261005/accepted_point_uses.parquet""}"
2002:1_TOM_01_04.xls:0:5968,2021:data_allsettlements_anon_156_v20251217.parquet:parquet:34114,2021,Созимский,посёлок,Верхнекамский муниципальный район,кировская,649.0,3936.0,True,geonames_ru_txt_named_place_point,/workspace/settlements-raw/data/raw/coordinate_candidates/geonames_RU_20260907.zip,RU.txt:line=29377;geonameid=489910,/workspace/settlements-work/continuation_20261004/accepted_graph25_bounded_cases_20261005/accepted_point_uses.parquet,59.74178,52.24821,"{""target_source_record_id"": ""2021:data_allsettlements_anon_156_v20251217.parquet:parquet:34114"", ""latitude"": 59.74178, ""longitude"": 52.24821, ""coordinate_admission_status"": ""reviewed_extension_rule_accepted"", ""coordinate_source_record_id"": ""GeoNames:geonameid:489910"", ""source_sha256"": ""9bf299daaff13de75ddbf610e113469aae80537d66a7de3437967576c6509ff4"", ""source_locator"": ""RU.txt:line=29377;geonameid=489910"", ""point_origin_file"": ""/workspace/settlements-raw/data/raw/coordinate_candidates/geonames_RU_20260907.zip"", ""point_origin_sha256"": ""9bf299daaff13de75ddbf610e113469aae80537d66a7de3437967576c6509ff4"", ""point_origin_locator"": ""RU.txt:line=29377;geonameid=489910"", ""point_origin_kind"": ""geonames_ru_txt_named_place_point"", ""point_ledger_path"": ""/workspace/settlements-work/continuation_20261004/accepted_graph25_bounded_cases_20261005/accepted_point_uses.parquet""}"
2002:1_TOM_01_04.xls:0:5217,2002:1_TOM_01_04.xls:0:5217,2002,Туяляс,пгт,,башкортостан,1062.0,2762.0,False,,,,,,,{}
2002:1_TOM_01_04.xls:0:5217,2010:017_68e0e4537e_9._20Basq_Mari_Mord_Tatar_Udm_Chuv_2010.xls:!!!:4561,2010,Туяляс,село,,башкортостан,1074.0,2762.0,True,geokladr_2011_raw_dbf_coordinate,/workspace/settlements-raw/data/raw/historical_geography/geokladr_okato_2011/okato.dbf,raw_dbf_record_number_1based=136362;byte_offset_0based=53863300,/workspace/settlements-work/continuation_20261004/accepted_graph25_bounded_cases_20261005/accepted_point_uses.parquet,52.710205,58.668378,"{""target_source_record_id"": ""2010:017_68e0e4537e_9._20Basq_Mari_Mord_Tatar_Udm_Chuv_2010.xls:!!!:4561"", ""latitude"": 52.710205, ""longitude"": 58.668378, ""coordinate_admission_status"": ""reviewed_extension_rule_accepted"", ""coordinate_source_record_id"": ""GeoKLADR2011:OKATO:80443820001"", ""source_sha256"": ""0ad9f5527c60819aa6e298bc78c5a19e7d3b09ad7f541064a8d922595854177a"", ""source_locator"": ""{\""source_file\"": \""data/raw/2010/017_68e0e4537e_9._20Basq_Mari_Mord_Tatar_Udm_Chuv_2010.xls\"", \""source_sheet\"": \""!!!\"", \""source_row\"": 4561.0}"", ""point_origin_file"": ""/workspace/settlements-raw/data/raw/historical_geography/geokladr_okato_2011/okato.dbf"", ""point_origin_sha256"": ""d1c8b983f2489724a940bd2a64dedda73b602f6c491d5c09391deaf362fe2650"", ""point_origin_locator"": ""raw_dbf_record_number_1based=136362;byte_offset_0based=53863300"", ""point_origin_kind"": ""geokladr_2011_raw_dbf_coordinate"", ""point_ledger_path"": ""/workspace/settlements-work/continuation_20261004/accepted_graph25_bounded_cases_20261005/accepted_point_uses.parquet""}"
2002:1_TOM_01_04.xls:0:5217,2021:data_allsettlements_anon_156_v20251217.parquet:parquet:149495,2021,Туяляс,село,Городской округ город Сибай,башкортостан,626.0,2762.0,True,tochno_2021_dadata_raw_parquet_point,/workspace/settlements-raw/data/interim/2021_tochno/data_allsettlements_anon_156_v20251217.parquet,"parquet_row_1based=149495;latitude_dadata,longitude_dadata",/workspace/settlements-work/continuation_20261004/accepted_graph25_bounded_cases_20261005/accepted_point_uses.parquet,52.8456672,58.6673571,"{""target_source_record_id"": ""2021:data_allsettlements_anon_156_v20251217.parquet:parquet:149495"", ""latitude"": 52.8456672, ""longitude"": 58.6673571, ""coordinate_admission_status"": ""reviewed_rule_accepted"", ""coordinate_source_record_id"": ""2021:data_allsettlements_anon_156_v20251217.parquet:parquet:149495"", ""source_sha256"": """", ""source_locator"": ""data/interim/2021_tochno/data_allsettlements_anon_156_v20251217.parquet#:149495.0"", ""point_origin_file"": ""/workspace/settlements-raw/data/interim/2021_tochno/data_allsettlements_anon_156_v20251217.parquet"", ""point_origin_sha256"": ""86c197cd522e0b63669e9c6e7f43fd3d82b3704c6a126c800a9968ecd16cae14"", ""point_origin_locator"": ""parquet_row_1based=149495;latitude_dadata,longitude_dadata"", ""point_origin_kind"": ""tochno_2021_dadata_raw_parquet_point"", ""point_ledger_path"": ""/workspace/settlements-work/continuation_20261004/accepted_graph25_bounded_cases_20261005/accepted_point_uses.parquet""}"
2002:068_41b4806e2f_02c_Taimyr.xls:Sheet1:33,2002:068_41b4806e2f_02c_Taimyr.xls:Sheet1:33,2002,Тухард,посёлок,Усть-Енисейский район,красноярский,749.0,2476.0,False,,,,,,,{}
2002:068_41b4806e2f_02c_Taimyr.xls:Sheet1:33,2010:008_342f3c208b_16._20Сиб_ФО_2010.xls:Sib:1639,2010,Тухард,посёлок,Таймырский Долгано-Ненецкий район,красноярский,814.0,2476.0,True,geokladr_2011_raw_dbf_coordinate,/workspace/settlements-raw/data/raw/historical_geography/geokladr_okato_2011/okato.dbf,raw_dbf_record_number_1based=3375;byte_offset_0based=1333435,/workspace/settlements-work/continuation_20261004/accepted_graph25_bounded_cases_20261005/accepted_point_uses.parquet,69.40834,86.181655,"{""target_source_record_id"": ""2010:008_342f3c208b_16._20Сиб_ФО_2010.xls:Sib:1639"", ""latitude"": 69.40834, ""longitude"": 86.181655, ""coordinate_admission_status"": ""reviewed_extension_rule_accepted"", ""coordinate_source_record_id"": ""GeoKLADR2011:OKATO:04121907001"", ""source_sha256"": ""960feadeb50c27be2d8a2084112349fb0c22ae608929716bcafed5a140c84d0e"", ""source_locator"": ""{\""source_file\"": \""data/raw/2010/008_342f3c208b_16._20Сиб_ФО_2010.xls\"", \""source_sheet\"": \""Sib\"", \""source_row\"": 1639.0}"", ""point_origin_file"": ""/workspace/settlements-raw/data/raw/historical_geography/geokladr_okato_2011/okato.dbf"", ""point_origin_sha256"": ""d1c8b983f2489724a940bd2a64dedda73b602f6c491d5c09391deaf362fe2650"", ""point_origin_locator"": ""raw_dbf_record_number_1based=3375;byte_offset_0based=1333435"", ""point_origin_kind"": ""geokladr_2011_raw_dbf_coordinate"", ""point_ledger_path"": ""/workspace/settlements-work/continuation_20261004/accepted_graph25_bounded_cases_20261005/accepted_point_uses.parquet""}"
2002:068_41b4806e2f_02c_Taimyr.xls:Sheet1:33,2021:data_allsettlements_anon_156_v20251217.parquet:parquet:48997,2021,Тухард,посёлок,Таймырский Долгано-Ненецкий муниципальный район,красноярский,913.0,2476.0,True,tochno_2021_dadata_raw_parquet_point,/workspace/settlements-raw/data/interim/2021_tochno/data_allsettlements_anon_156_v20251217.parquet,"parquet_row_1based=48997;latitude_dadata,longitude_dadata",/workspace/settlements-work/continuation_20261004/accepted_graph25_bounded_cases_20261005/accepted_point_uses.parquet,69.3029936,84.3355351,"{""target_source_record_id"": ""2021:data_allsettlements_anon_156_v20251217.parquet:parquet:48997"", ""latitude"": 69.3029936, ""longitude"": 84.3355351, ""coordinate_admission_status"": ""reviewed_rule_accepted"", ""coordinate_source_record_id"": ""2021:data_allsettlements_anon_156_v20251217.parquet:parquet:48997"", ""source_sha256"": """", ""source_locator"": ""data/interim/2021_tochno/data_allsettlements_anon_156_v20251217.parquet#:48997.0"", ""point_origin_file"": ""/workspace/settlements-raw/data/interim/2021_tochno/data_allsettlements_anon_156_v20251217.parquet"", ""point_origin_sha256"": ""86c197cd522e0b63669e9c6e7f43fd3d82b3704c6a126c800a9968ecd16cae14"", ""point_origin_locator"": ""parquet_row_1based=48997;latitude_dadata,longitude_dadata"", ""point_origin_kind"": ""tochno_2021_dadata_raw_parquet_point"", ""point_ledger_path"": ""/workspace/settlements-work/continuation_20261004/accepted_graph25_bounded_cases_20261005/accepted_point_uses.parquet""}"
2002:020_e4f979c6c7_02c_Arxang-new.xls:Sheet1:3285,2002:020_e4f979c6c7_02c_Arxang-new.xls:Sheet1:3285,2002,Лайский Док,посёлок,Приморский район,архангельская,767.0,2293.0,True,geokladr_2011_raw_dbf_coordinate,/workspace/settlements-raw/data/raw/historical_geography/geokladr_okato_2011/okato.dbf,raw_dbf_record_number_1based=10323;byte_offset_0based=4077895,/workspace/settlements-work/continuation_20261004/accepted_graph25_bounded_cases_20261005/accepted_point_uses.parquet,64.0044,40.3049,"{""target_source_record_id"": ""2002:020_e4f979c6c7_02c_Arxang-new.xls:Sheet1:3285"", ""latitude"": 64.0044, ""longitude"": 40.3049, ""coordinate_admission_status"": ""reviewed_extension_rule_accepted"", ""coordinate_source_record_id"": ""GeoKLADR2011:OKATO:11252852004"", ""source_sha256"": ""e647c6b02c6bd995581be7f699347e61b5d8c3794d769f99714b0414f119e30a"", ""source_locator"": ""{\""source_file\"": \""data/raw/2002/020_e4f979c6c7_02c_Arxang-new.xls\"", \""source_sheet\"": \""Sheet1\"", \""source_row\"": 3285.0}"", ""point_origin_file"": ""/workspace/settlements-raw/data/raw/historical_geography/geokladr_okato_2011/okato.dbf"", ""point_origin_sha256"": ""d1c8b983f2489724a940bd2a64dedda73b602f6c491d5c09391deaf362fe2650"", ""point_origin_locator"": ""raw_dbf_record_number_1based=10323;byte_offset_0based=4077895"", ""point_origin_kind"": ""geokladr_2011_raw_dbf_coordinate"", ""point_ledger_path"": ""/workspace/settlements-work/continuation_20261004/accepted_graph25_bounded_cases_20261005/accepted_point_uses.parquet""}"
2002:020_e4f979c6c7_02c_Arxang-new.xls:Sheet1:3285,ARK2010:archive20131022:html_table1_tr3290,2010,лайский док,село,,архангельская,728.0,2293.0,False,,,,,,,{}
2002:020_e4f979c6c7_02c_Arxang-new.xls:Sheet1:3285,2021:data_allsettlements_anon_156_v20251217.parquet:parquet:89662,2021,Лайский Док,посёлок,Приморский муниципальный район,архангельская,798.0,2293.0,True,geonames_ru_txt_named_place_point,/workspace/settlements-raw/data/raw/coordinate_candidates/geonames_RU_20260907.zip,RU.txt:line=75878;geonameid=536660,/workspace/settlements-work/continuation_20261004/accepted_graph25_bounded_cases_20261005/accepted_point_uses.parquet,64.5341,40.2593,"{""target_source_record_id"": ""2021:data_allsettlements_anon_156_v20251217.parquet:parquet:89662"", ""latitude"": 64.5341, ""longitude"": 40.2593, ""coordinate_admission_status"": ""reviewed_extension_rule_accepted"", ""coordinate_source_record_id"": ""GeoNames:geonameid:536660"", ""source_sha256"": ""9bf299daaff13de75ddbf610e113469aae80537d66a7de3437967576c6509ff4"", ""source_locator"": ""RU.txt:line=75878;geonameid=536660"", ""point_origin_file"": ""/workspace/settlements-raw/data/raw/coordinate_candidates/geonames_RU_20260907.zip"", ""point_origin_sha256"": ""9bf299daaff13de75ddbf610e113469aae80537d66a7de3437967576c6509ff4"", ""point_origin_locator"": ""RU.txt:line=75878;geonameid=536660"", ""point_origin_kind"": ""geonames_ru_txt_named_place_point"", ""point_ledger_path"": ""/workspace/settlements-work/continuation_20261004/accepted_graph25_bounded_cases_20261005/accepted_point_uses.parquet""}"
2002:029_fe8710371d_02c_Dagestan.xls:2002:1383,2002:029_fe8710371d_02c_Dagestan.xls:2002:1383,2002,Аллате,хутор,Левашинский район,дагестан,686.0,2176.0,False,,,,,,,{}
2002:029_fe8710371d_02c_Dagestan.xls:2002:1383,2010:018_8eadc2d6b9_7._20Dag_2010.xls:2010:790,2010,Аллате,село,Левашинский,дагестан,713.0,2176.0,True,geokladr_2011_raw_dbf_coordinate,/workspace/settlements-raw/data/raw/historical_geography/geokladr_okato_2011/okato.dbf,raw_dbf_record_number_1based=137539;byte_offset_0based=54328215,/workspace/settlements-work/continuation_20261004/accepted_graph25_bounded_cases_20261005/accepted_point_uses.parquet,42.359173,47.130276,"{""target_source_record_id"": ""2010:018_8eadc2d6b9_7._20Dag_2010.xls:2010:790"", ""latitude"": 42.359173, ""longitude"": 47.130276, ""coordinate_admission_status"": ""reviewed_extension_rule_accepted"", ""coordinate_source_record_id"": ""GeoKLADR2011:OKATO:82234848002"", ""source_sha256"": ""25191e97c087116199eca56d0a618b50aa2374fff214eac2941aa14d50607338"", ""source_locator"": ""{\""source_file\"": \""data/raw/2010/018_8eadc2d6b9_7._20Dag_2010.xls\"", \""source_sheet\"": \""2010\"", \""source_row\"": 790.0}"", ""point_origin_file"": ""/workspace/settlements-raw/data/raw/historical_geography/geokladr_okato_2011/okato.dbf"", ""point_origin_sha256"": ""d1c8b983f2489724a940bd2a64dedda73b602f6c491d5c09391deaf362fe2650"", ""point_origin_locator"": ""raw_dbf_record_number_1based=137539;byte_offset_0based=54328215"", ""point_origin_kind"": ""geokladr_2011_raw_dbf_coordinate"", ""point_ledger_path"": ""/workspace/settlements-work/continuation_20261004/accepted_graph25_bounded_cases_20261005/accepted_point_uses.parquet""}"
2002:029_fe8710371d_02c_Dagestan.xls:2002:1383,2021:data_allsettlements_anon_156_v20251217.parquet:parquet:17298,2021,Аллате,село,Левашинский муниципальный район,дагестан,777.0,2176.0,True,wikidata_P625_point_claim,/workspace/settlements-raw/data/raw/wikidata_truthy_claims/batch_0073.jsonl.gz,"{""line_number"": 9535, ""locator"": ""batch_0073.jsonl.gz#line=9535"", ""retrieved_at_utc"": ""2026-08-31T20:58:31.409238+00:00"", ""source_file"": ""batch_0073.jsonl.gz"", ""value_raw"": ""POINT(47.192778 42.361111)""}",/workspace/settlements-work/continuation_20261004/accepted_graph25_bounded_cases_20261005/accepted_point_uses.parquet,42.361111,47.192778,"{""target_source_record_id"": ""2021:data_allsettlements_anon_156_v20251217.parquet:parquet:17298"", ""latitude"": 42.361111, ""longitude"": 47.192778, ""coordinate_admission_status"": ""reviewed_extension_rule_accepted"", ""coordinate_source_record_id"": ""Q20923742"", ""source_sha256"": ""86c197cd522e0b63669e9c6e7f43fd3d82b3704c6a126c800a9968ecd16cae14"", ""source_locator"": ""data/interim/2021_tochno/data_allsettlements_anon_156_v20251217.parquet#row=17298.0"", ""point_origin_file"": ""/workspace/settlements-raw/data/raw/wikidata_truthy_claims/batch_0073.jsonl.gz"", ""point_origin_sha256"": ""b6f916cfdd8b57886b590c6f3c2a44e251a69680bca130bba87702ceb3c45f3d"", ""point_origin_locator"": ""{\""line_number\"": 9535, \""locator\"": \""batch_0073.jsonl.gz#line=9535\"", \""retrieved_at_utc\"": \""2026-08-31T20:58:31.409238+00:00\"", \""source_file\"": \""batch_0073.jsonl.gz\"", \""value_raw\"": \""POINT(47.192778 42.361111)\""}"", ""point_origin_kind"": ""wikidata_P625_point_claim"", ""point_ledger_path"": ""/workspace/settlements-work/continuation_20261004/accepted_graph25_bounded_cases_20261005/accepted_point_uses.parquet""}"
2002:1_TOM_01_04.xls:0:7649,2002:1_TOM_01_04.xls:0:7649,2002,Синегорский,пгт,,свердловская,895.0,1967.0,False,,,,,,,{}
2002:1_TOM_01_04.xls:0:7649,2010:003_eb441570b1_11._20Урал_ФО_2010.xls:Урал:3750,2010,Синегорский,посёлок,,свердловская,599.0,1967.0,True,geokladr_2011_raw_dbf_coordinate,/workspace/settlements-raw/data/raw/historical_geography/geokladr_okato_2011/okato.dbf,raw_dbf_record_number_1based=109686;byte_offset_0based=43326280,/workspace/settlements-work/continuation_20261004/accepted_graph25_bounded_cases_20261005/accepted_point_uses.parquet,57.894411,59.517641,"{""target_source_record_id"": ""2010:003_eb441570b1_11._20Урал_ФО_2010.xls:Урал:3750"", ""latitude"": 57.894411, ""longitude"": 59.517641, ""coordinate_admission_status"": ""reviewed_extension_rule_accepted"", ""coordinate_source_record_id"": ""GeoKLADR2011:OKATO:65232000011"", ""source_sha256"": ""042e8e141831b431d8b7addd9674959625ddbdf6fa79986e81e968d941ab1156"", ""source_locator"": ""{\""source_file\"": \""data/raw/2010/003_eb441570b1_11._20Урал_ФО_2010.xls\"", \""source_sheet\"": \""Урал\"", \""source_row\"": 3750.0}"", ""point_origin_file"": ""/workspace/settlements-raw/data/raw/historical_geography/geokladr_okato_2011/okato.dbf"", ""point_origin_sha256"": ""d1c8b983f2489724a940bd2a64dedda73b602f6c491d5c09391deaf362fe2650"", ""point_origin_locator"": ""raw_dbf_record_number_1based=109686;byte_offset_0based=43326280"", ""point_origin_kind"": ""geokladr_2011_raw_dbf_coordinate"", ""point_ledger_path"": ""/workspace/settlements-work/continuation_20261004/accepted_graph25_bounded_cases_20261005/accepted_point_uses.parquet""}"
2002:1_TOM_01_04.xls:0:7649,2021:data_allsettlements_anon_156_v20251217.parquet:parquet:120240,2021,Синегорский,посёлок,Горноуральский городской округ,свердловская,473.0,1967.0,True,wikidata_P625_point_claim,/workspace/settlements-raw/data/raw/wikidata_truthy_claims/batch_0016.jsonl.gz,"{""line_number"": 5837, ""locator"": ""batch_0016.jsonl.gz#line=5837"", ""retrieved_at_utc"": ""2026-08-31T20:57:28.123368+00:00"", ""source_file"": ""batch_0016.jsonl.gz"", ""value_raw"": ""POINT(59.483333 57.650000)""}",/workspace/settlements-work/continuation_20261004/accepted_graph25_bounded_cases_20261005/accepted_point_uses.parquet,57.65,59.483333,"{""target_source_record_id"": ""2021:data_allsettlements_anon_156_v20251217.parquet:parquet:120240"", ""latitude"": 57.65, ""longitude"": 59.483333, ""coordinate_admission_status"": ""reviewed_extension_rule_accepted"", ""coordinate_source_record_id"": ""Q15277054"", ""source_sha256"": ""86c197cd522e0b63669e9c6e7f43fd3d82b3704c6a126c800a9968ecd16cae14"", ""source_locator"": ""data/interim/2021_tochno/data_allsettlements_anon_156_v20251217.parquet#row=120240.0"", ""point_origin_file"": ""/workspace/settlements-raw/data/raw/wikidata_truthy_claims/batch_0016.jsonl.gz"", ""point_origin_sha256"": ""117cd0c52ae6ed67a3dc281fd782bc4544421cb42c6e97034f2b9c260b58e486"", ""point_origin_locator"": ""{\""line_number\"": 5837, \""locator\"": \""batch_0016.jsonl.gz#line=5837\"", \""retrieved_at_utc\"": \""2026-08-31T20:57:28.123368+00:00\"", \""source_file\"": \""batch_0016.jsonl.gz\"", \""value_raw\"": \""POINT(59.483333 57.650000)\""}"", ""point_origin_kind"": ""wikidata_P625_point_claim"", ""point_ledger_path"": ""/workspace/settlements-work/continuation_20261004/accepted_graph25_bounded_cases_20261005/accepted_point_uses.parquet""}"
2002:021_063505c1ba_02c_Nenecki_AO_new.xls:Sheet1:75,2002:021_063505c1ba_02c_Nenecki_AO_new.xls:Sheet1:75,2002,Каратайка,посёлок,,ненецкий,624.0,1597.0,True,geokladr_2011_raw_dbf_coordinate,/workspace/settlements-raw/data/raw/historical_geography/geokladr_okato_2011/okato.dbf,raw_dbf_record_number_1based=7588;byte_offset_0based=2997570,/workspace/settlements-work/continuation_20261004/accepted_graph25_bounded_cases_20261005/accepted_point_uses.parquet,68.816667,61.216667,"{""target_source_record_id"": ""2002:021_063505c1ba_02c_Nenecki_AO_new.xls:Sheet1:75"", ""latitude"": 68.816667, ""longitude"": 61.216667, ""coordinate_admission_status"": ""reviewed_extension_rule_accepted"", ""coordinate_source_record_id"": ""GeoKLADR2011:OKATO:11179000001"", ""source_sha256"": ""6ca3f4fc239111b63d4e89b95168e1286509b376eae32ff355d76fc8340fd14d"", ""source_locator"": ""{\""source_file\"": \""data/raw/2002/021_063505c1ba_02c_Nenecki_AO_new.xls\"", \""source_sheet\"": \""Sheet1\"", \""source_row\"": 75.0}"", ""point_origin_file"": ""/workspace/settlements-raw/data/raw/historical_geography/geokladr_okato_2011/okato.dbf"", ""point_origin_sha256"": ""d1c8b983f2489724a940bd2a64dedda73b602f6c491d5c09391deaf362fe2650"", ""point_origin_locator"": ""raw_dbf_record_number_1based=7588;byte_offset_0based=2997570"", ""point_origin_kind"": ""geokladr_2011_raw_dbf_coordinate"", ""point_ledger_path"": ""/workspace/settlements-work/continuation_20261004/accepted_graph25_bounded_cases_20261005/accepted_point_uses.parquet""}"
2002:021_063505c1ba_02c_Nenecki_AO_new.xls:Sheet1:75,ARK2010:archive20131022:html_table1_tr4372,2010,каратайка,село,,ненецкий,544.0,1597.0,False,,,,,,,{}
2002:021_063505c1ba_02c_Nenecki_AO_new.xls:Sheet1:75,2021:data_allsettlements_anon_156_v20251217.parquet:parquet:90752,2021,Каратайка,посёлок,Заполярный муниципальный район,ненецкий,429.0,1597.0,True,tochno_2021_dadata_raw_parquet_point,/workspace/settlements-raw/data/interim/2021_tochno/data_allsettlements_anon_156_v20251217.parquet,"parquet_row_1based=90752;latitude_dadata,longitude_dadata",/workspace/settlements-work/continuation_20261004/accepted_graph25_bounded_cases_20261005/accepted_point_uses.parquet,68.7608577,61.4095782,"{""target_source_record_id"": ""2021:data_allsettlements_anon_156_v20251217.parquet:parquet:90752"", ""latitude"": 68.7608577, ""longitude"": 61.4095782, ""coordinate_admission_status"": ""reviewed_rule_accepted"", ""coordinate_source_record_id"": ""2021:data_allsettlements_anon_156_v20251217.parquet:parquet:90752"", ""source_sha256"": """", ""source_locator"": ""data/interim/2021_tochno/data_allsettlements_anon_156_v20251217.parquet#:90752.0"", ""point_origin_file"": ""/workspace/settlements-raw/data/interim/2021_tochno/data_allsettlements_anon_156_v20251217.parquet"", ""point_origin_sha256"": ""86c197cd522e0b63669e9c6e7f43fd3d82b3704c6a126c800a9968ecd16cae14"", ""point_origin_locator"": ""parquet_row_1based=90752;latitude_dadata,longitude_dadata"", ""point_origin_kind"": ""tochno_2021_dadata_raw_parquet_point"", ""point_ledger_path"": ""/workspace/settlements-work/continuation_20261004/accepted_graph25_bounded_cases_20261005/accepted_point_uses.parquet""}"
2002:085_b44ee84c57_saxalin.xls:Sheet1:333,2002:085_b44ee84c57_saxalin.xls:Sheet1:333,2002,Пионеры,посёлок,Холмский район,сахалинская,689.0,1550.0,False,,,,,,,{}
2002:085_b44ee84c57_saxalin.xls:Sheet1:333,2010:009_81f8a0e73c_17._20ДВ_ФО_2010.xls:ДВ:2137,2010,Пионеры,село,,сахалинская,454.0,1550.0,True,geokladr_2011_raw_dbf_coordinate,/workspace/settlements-raw/data/raw/historical_geography/geokladr_okato_2011/okato.dbf,raw_dbf_record_number_1based=108734;byte_offset_0based=42950240,/workspace/settlements-work/continuation_20261004/accepted_graph25_bounded_cases_20261005/accepted_point_uses.parquet,45.1,147.7,"{""target_source_record_id"": ""2010:009_81f8a0e73c_17._20ДВ_ФО_2010.xls:ДВ:2137"", ""latitude"": 45.1, ""longitude"": 147.7, ""coordinate_admission_status"": ""reviewed_extension_rule_accepted"", ""coordinate_source_record_id"": ""GeoKLADR2011:OKATO:64254811002"", ""source_sha256"": ""a8fd7aa55513e73a205ebff1da2ce35fd8ca0f61c286e54491cf49c6132470c4"", ""source_locator"": ""{\""source_file\"": \""data/raw/2010/009_81f8a0e73c_17._20ДВ_ФО_2010.xls\"", \""source_sheet\"": \""ДВ\"", \""source_row\"": 2137.0}"", ""point_origin_file"": ""/workspace/settlements-raw/data/raw/historical_geography/geokladr_okato_2011/okato.dbf"", ""point_origin_sha256"": ""d1c8b983f2489724a940bd2a64dedda73b602f6c491d5c09391deaf362fe2650"", ""point_origin_locator"": ""raw_dbf_record_number_1based=108734;byte_offset_0based=42950240"", ""point_origin_kind"": ""geokladr_2011_raw_dbf_coordinate"", ""point_ledger_path"": ""/workspace/settlements-work/continuation_20261004/accepted_graph25_bounded_cases_20261005/accepted_point_uses.parquet""}"
2002:085_b44ee84c57_saxalin.xls:Sheet1:333,2021:data_allsettlements_anon_156_v20251217.parquet:parquet:118651,2021,Пионеры,село,"""Холмский городской округ""",сахалинская,407.0,1550.0,True,geonames_ru_txt_named_place_point,/workspace/settlements-raw/data/raw/coordinate_candidates/geonames_RU_20260907.zip,RU.txt:line=222731;geonameid=2122046,/workspace/settlements-work/continuation_20261004/accepted_graph25_bounded_cases_20261005/accepted_point_uses.parquet,47.25743,142.02727,"{""target_source_record_id"": ""2021:data_allsettlements_anon_156_v20251217.parquet:parquet:118651"", ""latitude"": 47.25743, ""longitude"": 142.02727, ""coordinate_admission_status"": ""reviewed_extension_rule_accepted"", ""coordinate_source_record_id"": ""GeoNames:geonameid:2122046"", ""source_sha256"": ""9bf299daaff13de75ddbf610e113469aae80537d66a7de3437967576c6509ff4"", ""source_locator"": ""RU.txt:line=222731;geonameid=2122046"", ""point_origin_file"": ""/workspace/settlements-raw/data/raw/coordinate_candidates/geonames_RU_20260907.zip"", ""point_origin_sha256"": ""9bf299daaff13de75ddbf610e113469aae80537d66a7de3437967576c6509ff4"", ""point_origin_locator"": ""RU.txt:line=222731;geonameid=2122046"", ""point_origin_kind"": ""geonames_ru_txt_named_place_point"", ""point_ledger_path"": ""/workspace/settlements-work/continuation_20261004/accepted_graph25_bounded_cases_20261005/accepted_point_uses.parquet""}"
2002:041_4b428edd23_Bashkiria_new.xls:Sheet1:6550,2002:041_4b428edd23_Bashkiria_new.xls:Sheet1:6550,2002,Ибрагимово,село,Чишминский район,башкортостан,355.0,990.0,False,,,,,,,{}
2002:041_4b428edd23_Bashkiria_new.xls:Sheet1:6550,2010:017_68e0e4537e_9._20Basq_Mari_Mord_Tatar_Udm_Chuv_2010.xls:!!!:4242,2010,Ибрагимово,село,,башкортостан,341.0,990.0,True,geokladr_2011_raw_dbf_coordinate,/workspace/settlements-raw/data/raw/historical_geography/geokladr_okato_2011/okato.dbf,raw_dbf_record_number_1based=136055;byte_offset_0based=53742035,/workspace/settlements-work/continuation_20261004/accepted_graph25_bounded_cases_20261005/accepted_point_uses.parquet,55.026236,55.184199,"{""target_source_record_id"": ""2010:017_68e0e4537e_9._20Basq_Mari_Mord_Tatar_Udm_Chuv_2010.xls:!!!:4242"", ""latitude"": 55.026236, ""longitude"": 55.184199, ""coordinate_admission_status"": ""reviewed_extension_rule_accepted"", ""coordinate_source_record_id"": ""GeoKLADR2011:OKATO:80257840001"", ""source_sha256"": ""0ad9f5527c60819aa6e298bc78c5a19e7d3b09ad7f541064a8d922595854177a"", ""source_locator"": ""{\""source_file\"": \""data/raw/2010/017_68e0e4537e_9._20Basq_Mari_Mord_Tatar_Udm_Chuv_2010.xls\"", \""source_sheet\"": \""!!!\"", \""source_row\"": 4242.0}"", ""point_origin_file"": ""/workspace/settlements-raw/data/raw/historical_geography/geokladr_okato_2011/okato.dbf"", ""point_origin_sha256"": ""d1c8b983f2489724a940bd2a64dedda73b602f6c491d5c09391deaf362fe2650"", ""point_origin_locator"": ""raw_dbf_record_number_1based=136055;byte_offset_0based=53742035"", ""point_origin_kind"": ""geokladr_2011_raw_dbf_coordinate"", ""point_ledger_path"": ""/workspace/settlements-work/continuation_20261004/accepted_graph25_bounded_cases_20261005/accepted_point_uses.parquet""}"
2002:041_4b428edd23_Bashkiria_new.xls:Sheet1:6550,2021:data_allsettlements_anon_156_v20251217.parquet:parquet:149137,2021,Ибрагимово,село,Чишминский муниципальный район,башкортостан,294.0,990.0,True,tochno_2021_dadata_raw_parquet_point,/workspace/settlements-raw/data/interim/2021_tochno/data_allsettlements_anon_156_v20251217.parquet,"parquet_row_1based=149137;latitude_dadata,longitude_dadata",/workspace/settlements-work/continuation_20261004/accepted_graph25_bounded_cases_20261005/accepted_point_uses.parquet,54.3978606,55.5992233,"{""target_source_record_id"": ""2021:data_allsettlements_anon_156_v20251217.parquet:parquet:149137"", ""latitude"": 54.3978606, ""longitude"": 55.5992233, ""coordinate_admission_status"": ""reviewed_rule_accepted"", ""coordinate_source_record_id"": ""2021:data_allsettlements_anon_156_v20251217.parquet:parquet:149137"", ""source_sha256"": """", ""source_locator"": ""data/interim/2021_tochno/data_allsettlements_anon_156_v20251217.parquet#:149137.0"", ""point_origin_file"": ""/workspace/settlements-raw/data/interim/2021_tochno/data_allsettlements_anon_156_v20251217.parquet"", ""point_origin_sha256"": ""86c197cd522e0b63669e9c6e7f43fd3d82b3704c6a126c800a9968ecd16cae14"", ""point_origin_locator"": ""parquet_row_1based=149137;latitude_dadata,longitude_dadata"", ""point_origin_kind"": ""tochno_2021_dadata_raw_parquet_point"", ""point_ledger_path"": ""/workspace/settlements-work/continuation_20261004/accepted_graph25_bounded_cases_20261005/accepted_point_uses.parquet""}"
2002:020_e4f979c6c7_02c_Arxang-new.xls:Sheet1:3360,2002:020_e4f979c6c7_02c_Arxang-new.xls:Sheet1:3360,2002,Богдановский,посёлок,Устьянский район,архангельская,402.0,959.0,True,geokladr_2011_raw_dbf_coordinate,/workspace/settlements-raw/data/raw/historical_geography/geokladr_okato_2011/okato.dbf,raw_dbf_record_number_1based=10370;byte_offset_0based=4096460,/workspace/settlements-work/continuation_20261004/accepted_graph25_bounded_cases_20261005/accepted_point_uses.parquet,61.24429,43.743598,"{""target_source_record_id"": ""2002:020_e4f979c6c7_02c_Arxang-new.xls:Sheet1:3360"", ""latitude"": 61.24429, ""longitude"": 43.743598, ""coordinate_admission_status"": ""reviewed_extension_rule_accepted"", ""coordinate_source_record_id"": ""GeoKLADR2011:OKATO:11254804003"", ""source_sha256"": ""e647c6b02c6bd995581be7f699347e61b5d8c3794d769f99714b0414f119e30a"", ""source_locator"": ""{\""source_file\"": \""data/raw/2002/020_e4f979c6c7_02c_Arxang-new.xls\"", \""source_sheet\"": \""Sheet1\"", \""source_row\"": 3360.0}"", ""point_origin_file"": ""/workspace/settlements-raw/data/raw/historical_geography/geokladr_okato_2011/okato.dbf"", ""point_origin_sha256"": ""d1c8b983f2489724a940bd2a64dedda73b602f6c491d5c09391deaf362fe2650"", ""point_origin_locator"": ""raw_dbf_record_number_1based=10370;byte_offset_0based=4096460"", ""point_origin_kind"": ""geokladr_2011_raw_dbf_coordinate"", ""point_ledger_path"": ""/workspace/settlements-work/continuation_20261004/accepted_graph25_bounded_cases_20261005/accepted_point_uses.parquet""}"
2002:020_e4f979c6c7_02c_Arxang-new.xls:Sheet1:3360,ARK2010:archive20131022:html_table1_tr3367,2010,богдановский,село,,архангельская,307.0,959.0,False,,,,,,,{}
2002:020_e4f979c6c7_02c_Arxang-new.xls:Sheet1:3360,2021:data_allsettlements_anon_156_v20251217.parquet:parquet:89747,2021,Богдановский,посёлок,Устьянский муниципальный район,архангельская,250.0,959.0,True,geonames_ru_txt_named_place_point,/workspace/settlements-raw/data/raw/coordinate_candidates/geonames_RU_20260907.zip,RU.txt:line=146853;geonameid=829273,/workspace/settlements-work/continuation_20261004/accepted_graph25_bounded_cases_20261005/accepted_point_uses.parquet,61.32141,43.71019,"{""target_source_record_id"": ""2021:data_allsettlements_anon_156_v20251217.parquet:parquet:89747"", ""latitude"": 61.32141, ""longitude"": 43.71019, ""coordinate_admission_status"": ""reviewed_extension_rule_accepted"", ""coordinate_source_record_id"": ""GeoNames:geonameid:829273"", ""source_sha256"": ""9bf299daaff13de75ddbf610e113469aae80537d66a7de3437967576c6509ff4"", ""source_locator"": ""RU.txt:line=146853;geonameid=829273"", ""point_origin_file"": ""/workspace/settlements-raw/data/raw/coordinate_candidates/geonames_RU_20260907.zip"", ""point_origin_sha256"": ""9bf299daaff13de75ddbf610e113469aae80537d66a7de3437967576c6509ff4"", ""point_origin_locator"": ""RU.txt:line=146853;geonameid=829273"", ""point_origin_kind"": ""geonames_ru_txt_named_place_point"", ""point_ledger_path"": ""/workspace/settlements-work/continuation_20261004/accepted_graph25_bounded_cases_20261005/accepted_point_uses.parquet""}"
2002:056_6e9d0d52b3_Kurgan.xls:Sheet1:473,2002:056_6e9d0d52b3_Kurgan.xls:Sheet1:473,2002,Гусиное,село,Катайский район,курганская,214.0,626.0,False,,,,,,,{}
2002:056_6e9d0d52b3_Kurgan.xls:Sheet1:473,2010:003_eb441570b1_11._20Урал_ФО_2010.xls:Урал:333,2010,Гусиное,деревня,,курганская,230.0,626.0,True,geokladr_2011_raw_dbf_coordinate,/workspace/settlements-raw/data/raw/historical_geography/geokladr_okato_2011/okato.dbf,raw_dbf_record_number_1based=62678;byte_offset_0based=24758120,/workspace/settlements-work/continuation_20261004/accepted_graph25_bounded_cases_20261005/accepted_point_uses.parquet,54.948333,66.296111,"{""target_source_record_id"": ""2010:003_eb441570b1_11._20Урал_ФО_2010.xls:Урал:333"", ""latitude"": 54.948333, ""longitude"": 66.296111, ""coordinate_admission_status"": ""reviewed_extension_rule_accepted"", ""coordinate_source_record_id"": ""GeoKLADR2011:OKATO:37212808002"", ""source_sha256"": ""042e8e141831b431d8b7addd9674959625ddbdf6fa79986e81e968d941ab1156"", ""source_locator"": ""{\""source_file\"": \""data/raw/2010/003_eb441570b1_11._20Урал_ФО_2010.xls\"", \""source_sheet\"": \""Урал\"", \""source_row\"": 333.0}"", ""point_origin_file"": ""/workspace/settlements-raw/data/raw/historical_geography/geokladr_okato_2011/okato.dbf"", ""point_origin_sha256"": ""d1c8b983f2489724a940bd2a64dedda73b602f6c491d5c09391deaf362fe2650"", ""point_origin_locator"": ""raw_dbf_record_number_1based=62678;byte_offset_0based=24758120"", ""point_origin_kind"": ""geokladr_2011_raw_dbf_coordinate"", ""point_ledger_path"": ""/workspace/settlements-work/continuation_20261004/accepted_graph25_bounded_cases_20261005/accepted_point_uses.parquet""}"
2002:056_6e9d0d52b3_Kurgan.xls:Sheet1:473,2021:data_allsettlements_anon_156_v20251217.parquet:parquet:51324,2021,Гусиное,деревня,Катайский муниципальный район,курганская,182.0,626.0,True,wikidata_P625_point_claim,/workspace/settlements-raw/data/raw/wikidata_truthy_claims/batch_0098.jsonl.gz,"{""line_number"": 8763, ""locator"": ""batch_0098.jsonl.gz#line=8763"", ""retrieved_at_utc"": ""2026-08-31T20:59:09.511768+00:00"", ""source_file"": ""batch_0098.jsonl.gz"", ""value_raw"": ""POINT(62.727778 56.275000)""}",/workspace/settlements-work/continuation_20261004/accepted_graph25_bounded_cases_20261005/accepted_point_uses.parquet,56.275,62.727778,"{""target_source_record_id"": ""2021:data_allsettlements_anon_156_v20251217.parquet:parquet:51324"", ""latitude"": 56.275, ""longitude"": 62.727778, ""coordinate_admission_status"": ""reviewed_extension_rule_accepted"", ""coordinate_source_record_id"": ""Q27578809"", ""source_sha256"": ""86c197cd522e0b63669e9c6e7f43fd3d82b3704c6a126c800a9968ecd16cae14"", ""source_locator"": ""data/interim/2021_tochno/data_allsettlements_anon_156_v20251217.parquet#row=51324.0"", ""point_origin_file"": ""/workspace/settlements-raw/data/raw/wikidata_truthy_claims/batch_0098.jsonl.gz"", ""point_origin_sha256"": ""95e3cc30b92c680360435d30f92bc8b6fd55f7df0c5c022febe406ca7956e9ff"", ""point_origin_locator"": ""{\""line_number\"": 8763, \""locator\"": \""batch_0098.jsonl.gz#line=8763\"", \""retrieved_at_utc\"": \""2026-08-31T20:59:09.511768+00:00\"", \""source_file\"": \""batch_0098.jsonl.gz\"", \""value_raw\"": \""POINT(62.727778 56.275000)\""}"", ""point_origin_kind"": ""wikidata_P625_point_claim"", ""point_ledger_path"": ""/workspace/settlements-work/continuation_20261004/accepted_graph25_bounded_cases_20261005/accepted_point_uses.parquet""}"
2002:056_6e9d0d52b3_Kurgan.xls:Sheet1:385,2002:056_6e9d0d52b3_Kurgan.xls:Sheet1:385,2002,Шахматова,деревня,Каргапольский район,курганская,226.0,596.0,False,,,,,,,{}
2002:056_6e9d0d52b3_Kurgan.xls:Sheet1:385,2010:003_eb441570b1_11._20Урал_ФО_2010.xls:Урал:264,2010,Шахматова,деревня,,курганская,207.0,596.0,True,geokladr_2011_raw_dbf_coordinate,/workspace/settlements-raw/data/raw/historical_geography/geokladr_okato_2011/okato.dbf,raw_dbf_record_number_1based=62610;byte_offset_0based=24731260,/workspace/settlements-work/continuation_20261004/accepted_graph25_bounded_cases_20261005/accepted_point_uses.parquet,56.024009,63.861647,"{""target_source_record_id"": ""2010:003_eb441570b1_11._20Урал_ФО_2010.xls:Урал:264"", ""latitude"": 56.024009, ""longitude"": 63.861647, ""coordinate_admission_status"": ""reviewed_extension_rule_accepted"", ""coordinate_source_record_id"": ""GeoKLADR2011:OKATO:37210816005"", ""source_sha256"": ""042e8e141831b431d8b7addd9674959625ddbdf6fa79986e81e968d941ab1156"", ""source_locator"": ""{\""source_file\"": \""data/raw/2010/003_eb441570b1_11._20Урал_ФО_2010.xls\"", \""source_sheet\"": \""Урал\"", \""source_row\"": 264.0}"", ""point_origin_file"": ""/workspace/settlements-raw/data/raw/historical_geography/geokladr_okato_2011/okato.dbf"", ""point_origin_sha256"": ""d1c8b983f2489724a940bd2a64dedda73b602f6c491d5c09391deaf362fe2650"", ""point_origin_locator"": ""raw_dbf_record_number_1based=62610;byte_offset_0based=24731260"", ""point_origin_kind"": ""geokladr_2011_raw_dbf_coordinate"", ""point_ledger_path"": ""/workspace/settlements-work/continuation_20261004/accepted_graph25_bounded_cases_20261005/accepted_point_uses.parquet""}"
2002:056_6e9d0d52b3_Kurgan.xls:Sheet1:385,2021:data_allsettlements_anon_156_v20251217.parquet:parquet:51238,2021,Шахматова,деревня,Каргапольский муниципальный район,курганская,163.0,596.0,True,geonames_ru_txt_named_place_point,/workspace/settlements-raw/data/raw/coordinate_candidates/geonames_RU_20260907.zip,RU.txt:line=167452;geonameid=1492490,/workspace/settlements-work/continuation_20261004/accepted_graph25_bounded_cases_20261005/accepted_point_uses.parquet,55.99444,64.52944,"{""target_source_record_id"": ""2021:data_allsettlements_anon_156_v20251217.parquet:parquet:51238"", ""latitude"": 55.99444, ""longitude"": 64.52944, ""coordinate_admission_status"": ""reviewed_extension_rule_accepted"", ""coordinate_source_record_id"": ""GeoNames:geonameid:1492490"", ""source_sha256"": ""9bf299daaff13de75ddbf610e113469aae80537d66a7de3437967576c6509ff4"", ""source_locator"": ""RU.txt:line=167452;geonameid=1492490"", ""point_origin_file"": ""/workspace/settlements-raw/data/raw/coordinate_candidates/geonames_RU_20260907.zip"", ""point_origin_sha256"": ""9bf299daaff13de75ddbf610e113469aae80537d66a7de3437967576c6509ff4"", ""point_origin_locator"": ""RU.txt:line=167452;geonameid=1492490"", ""point_origin_kind"": ""geonames_ru_txt_named_place_point"", ""point_ledger_path"": ""/workspace/settlements-work/continuation_20261004/accepted_graph25_bounded_cases_20261005/accepted_point_uses.parquet""}"
2002:051_46e3ecb0a0_02c_Permskaja_obl.xls:Sheet1:3572,2002:051_46e3ecb0a0_02c_Permskaja_obl.xls:Sheet1:3572,2002,Турлавы,посёлок,Усольский район,пермский,231.0,590.0,True,geokladr_2011_raw_dbf_coordinate,/workspace/settlements-raw/data/raw/historical_geography/geokladr_okato_2011/okato.dbf,raw_dbf_record_number_1based=93063;byte_offset_0based=36760195,/workspace/settlements-work/continuation_20261004/accepted_graph25_bounded_cases_20261005/accepted_point_uses.parquet,59.397895,56.473174,"{""target_source_record_id"": ""2002:051_46e3ecb0a0_02c_Permskaja_obl.xls:Sheet1:3572"", ""latitude"": 59.397895, ""longitude"": 56.473174, ""coordinate_admission_status"": ""reviewed_extension_rule_accepted"", ""coordinate_source_record_id"": ""GeoKLADR2011:OKATO:57253810001"", ""source_sha256"": ""1ef634a17c460b264838974e4de20de6ec78737314addb3f1c60b5e73058385b"", ""source_locator"": ""{\""source_file\"": \""data/raw/2002/051_46e3ecb0a0_02c_Permskaja_obl.xls\"", \""source_sheet\"": \""Sheet1\"", \""source_row\"": 3572.0}"", ""point_origin_file"": ""/workspace/settlements-raw/data/raw/historical_geography/geokladr_okato_2011/okato.dbf"", ""point_origin_sha256"": ""d1c8b983f2489724a940bd2a64dedda73b602f6c491d5c09391deaf362fe2650"", ""point_origin_locator"": ""raw_dbf_record_number_1based=93063;byte_offset_0based=36760195"", ""point_origin_kind"": ""geokladr_2011_raw_dbf_coordinate"", ""point_ledger_path"": ""/workspace/settlements-work/continuation_20261004/accepted_graph25_bounded_cases_20261005/accepted_point_uses.parquet""}"
2002:051_46e3ecb0a0_02c_Permskaja_obl.xls:Sheet1:3572,2010:016_802d308e41_8._20Or_Penz_Perm_Samar_Saratov_Uly_2010.xls:!!!:7479,2010,Турлавы,деревня,,пермский,212.0,590.0,True,,,,/workspace/russian-settlements-research/research_rebuild/evidence/unique_name_region_coordinate_bridge_20261005/accepted_point_use_delta.csv,59.397895,56.473174,"{""target_source_record_id"": ""2010:016_802d308e41_8._20Or_Penz_Perm_Samar_Saratov_Uly_2010.xls:!!!:7479"", ""latitude"": 59.397895, ""longitude"": 56.473174, ""coordinate_admission_status"": ""reviewed_rule_accepted"", ""point_ledger_path"": ""/workspace/russian-settlements-research/research_rebuild/evidence/unique_name_region_coordinate_bridge_20261005/accepted_point_use_delta.csv""}"
2002:051_46e3ecb0a0_02c_Permskaja_obl.xls:Sheet1:3572,2021:data_allsettlements_anon_156_v20251217.parquet:parquet:97851,2021,Турлавы,деревня,"Городской округ ""Город Березники""",пермский,147.0,590.0,False,,,,,,,{}
2002:007_acff9aa32d_02c_Kostromskaja.xls:Sheet1:1137,2002:007_acff9aa32d_02c_Kostromskaja.xls:Sheet1:1137,2002,Рубцово,село,Кадыйский район,костромская,279.0,557.0,False,,,,,,,{}
2002:007_acff9aa32d_02c_Kostromskaja.xls:Sheet1:1137,2010:010_711691e352_2._20Kostrom_Kur_Lip_Moscow_MoscObl_Orlov_2010.xls:Data Sheet:982,2010,Рубцово,село,,костромская,95.0,557.0,True,geokladr_2011_raw_dbf_coordinate,/workspace/settlements-raw/data/raw/historical_geography/geokladr_okato_2011/okato.dbf,raw_dbf_record_number_1based=58567;byte_offset_0based=23134275,/workspace/settlements-work/continuation_20261004/accepted_graph25_bounded_cases_20261005/accepted_point_uses.parquet,58.85,43.433333,"{""target_source_record_id"": ""2010:010_711691e352_2._20Kostrom_Kur_Lip_Moscow_MoscObl_Orlov_2010.xls:Data Sheet:982"", ""latitude"": 58.85, ""longitude"": 43.433333, ""coordinate_admission_status"": ""reviewed_extension_rule_accepted"", ""coordinate_source_record_id"": ""GeoKLADR2011:OKATO:34210820005"", ""source_sha256"": ""cf5b5d57327bf0d32723a7f49bb58db503a201af83a6e2bda4b874986f864167"", ""source_locator"": ""{\""source_file\"": \""data/raw/2010/010_711691e352_2._20Kostrom_Kur_Lip_Moscow_MoscObl_Orlov_2010.xls\"", \""source_sheet\"": \""Data Sheet\"", \""source_row\"": 982.0}"", ""point_origin_file"": ""/workspace/settlements-raw/data/raw/historical_geography/geokladr_okato_2011/okato.dbf"", ""point_origin_sha256"": ""d1c8b983f2489724a940bd2a64dedda73b602f6c491d5c09391deaf362fe2650"", ""point_origin_locator"": ""raw_dbf_record_number_1based=58567;byte_offset_0based=23134275"", ""point_origin_kind"": ""geokladr_2011_raw_dbf_coordinate"", ""point_ledger_path"": ""/workspace/settlements-work/continuation_20261004/accepted_graph25_bounded_cases_20261005/accepted_point_uses.parquet""}"
2002:007_acff9aa32d_02c_Kostromskaja.xls:Sheet1:1137,2021:data_allsettlements_anon_156_v20251217.parquet:parquet:42497,2021,Рубцово,село,Кадыйский муниципальный район,костромская,183.0,557.0,True,wikidata_P625_point_claim,/workspace/settlements-raw/data/raw/wikidata_truthy_claims/batch_0043.jsonl.gz,"{""line_number"": 6968, ""locator"": ""batch_0043.jsonl.gz#line=6968"", ""retrieved_at_utc"": ""2026-08-31T20:57:57.856034+00:00"", ""source_file"": ""batch_0043.jsonl.gz"", ""value_raw"": ""POINT(42.987926 57.806881)""}",/workspace/settlements-work/continuation_20261004/accepted_graph25_bounded_cases_20261005/accepted_point_uses.parquet,57.806881,42.987926,"{""target_source_record_id"": ""2021:data_allsettlements_anon_156_v20251217.parquet:parquet:42497"", ""latitude"": 57.806881, ""longitude"": 42.987926, ""coordinate_admission_status"": ""reviewed_extension_rule_accepted"", ""coordinate_source_record_id"": ""Q18799249"", ""source_sha256"": ""86c197cd522e0b63669e9c6e7f43fd3d82b3704c6a126c800a9968ecd16cae14"", ""source_locator"": ""data/interim/2021_tochno/data_allsettlements_anon_156_v20251217.parquet#row=42497.0"", ""point_origin_file"": ""/workspace/settlements-raw/data/raw/wikidata_truthy_claims/batch_0043.jsonl.gz"", ""point_origin_sha256"": ""de57dba2ed0029144c2e1fa4a4a99b932de4a5167b092a1351f6f05545e5aceb"", ""point_origin_locator"": ""{\""line_number\"": 6968, \""locator\"": \""batch_0043.jsonl.gz#line=6968\"", \""retrieved_at_utc\"": \""2026-08-31T20:57:57.856034+00:00\"", \""source_file\"": \""batch_0043.jsonl.gz\"", \""value_raw\"": \""POINT(42.987926 57.806881)\""}"", ""point_origin_kind"": ""wikidata_P625_point_claim"", ""point_ledger_path"": ""/workspace/settlements-work/continuation_20261004/accepted_graph25_bounded_cases_20261005/accepted_point_uses.parquet""}"
2002:041_4b428edd23_Bashkiria_new.xls:Sheet1:4830,2002:041_4b428edd23_Bashkiria_new.xls:Sheet1:4830,2002,Ключевой,посёлок,Мечетлинский район,башкортостан,210.0,547.0,False,,,,,,,{}
2002:041_4b428edd23_Bashkiria_new.xls:Sheet1:4830,2010:017_68e0e4537e_9._20Basq_Mari_Mord_Tatar_Udm_Chuv_2010.xls:!!!:3114,2010,Ключевой,деревня,,башкортостан,179.0,547.0,True,geokladr_2011_raw_dbf_coordinate,/workspace/settlements-raw/data/raw/historical_geography/geokladr_okato_2011/okato.dbf,raw_dbf_record_number_1based=134944;byte_offset_0based=53303190,/workspace/settlements-work/continuation_20261004/accepted_graph25_bounded_cases_20261005/accepted_point_uses.parquet,55.941787,58.101455,"{""target_source_record_id"": ""2010:017_68e0e4537e_9._20Basq_Mari_Mord_Tatar_Udm_Chuv_2010.xls:!!!:3114"", ""latitude"": 55.941787, ""longitude"": 58.101455, ""coordinate_admission_status"": ""reviewed_extension_rule_accepted"", ""coordinate_source_record_id"": ""GeoKLADR2011:OKATO:80242801003"", ""source_sha256"": ""0ad9f5527c60819aa6e298bc78c5a19e7d3b09ad7f541064a8d922595854177a"", ""source_locator"": ""{\""source_file\"": \""data/raw/2010/017_68e0e4537e_9._20Basq_Mari_Mord_Tatar_Udm_Chuv_2010.xls\"", \""source_sheet\"": \""!!!\"", \""source_row\"": 3114.0}"", ""point_origin_file"": ""/workspace/settlements-raw/data/raw/historical_geography/geokladr_okato_2011/okato.dbf"", ""point_origin_sha256"": ""d1c8b983f2489724a940bd2a64dedda73b602f6c491d5c09391deaf362fe2650"", ""point_origin_locator"": ""raw_dbf_record_number_1based=134944;byte_offset_0based=53303190"", ""point_origin_kind"": ""geokladr_2011_raw_dbf_coordinate"", ""point_ledger_path"": ""/workspace/settlements-work/continuation_20261004/accepted_graph25_bounded_cases_20261005/accepted_point_uses.parquet""}"
2002:041_4b428edd23_Bashkiria_new.xls:Sheet1:4830,2021:data_allsettlements_anon_156_v20251217.parquet:parquet:147767,2021,Ключевой,деревня,Мечетлинский муниципальный район,башкортостан,158.0,547.0,True,tochno_2021_dadata_raw_parquet_point,/workspace/settlements-raw/data/interim/2021_tochno/data_allsettlements_anon_156_v20251217.parquet,"parquet_row_1based=147767;latitude_dadata,longitude_dadata",/workspace/settlements-work/continuation_20261004/accepted_graph25_bounded_cases_20261005/accepted_point_uses.parquet,56.0750772,58.0695338,"{""target_source_record_id"": ""2021:data_allsettlements_anon_156_v20251217.parquet:parquet:147767"", ""latitude"": 56.0750772, ""longitude"": 58.0695338, ""coordinate_admission_status"": ""reviewed_rule_accepted"", ""coordinate_source_record_id"": ""2021:data_allsettlements_anon_156_v20251217.parquet:parquet:147767"", ""source_sha256"": """", ""source_locator"": ""data/interim/2021_tochno/data_allsettlements_anon_156_v20251217.parquet#:147767.0"", ""point_origin_file"": ""/workspace/settlements-raw/data/interim/2021_tochno/data_allsettlements_anon_156_v20251217.parquet"", ""point_origin_sha256"": ""86c197cd522e0b63669e9c6e7f43fd3d82b3704c6a126c800a9968ecd16cae14"", ""point_origin_locator"": ""parquet_row_1based=147767;latitude_dadata,longitude_dadata"", ""point_origin_kind"": ""tochno_2021_dadata_raw_parquet_point"", ""point_ledger_path"": ""/workspace/settlements-work/continuation_20261004/accepted_graph25_bounded_cases_20261005/accepted_point_uses.parquet""}"
2002:013_2dd2afccd6_02c_Smolenskaja.xls:Sheet1:3799,2002:013_2dd2afccd6_02c_Smolenskaja.xls:Sheet1:3799,2002,Новосельский,посёлок,Смоленский район,смоленская,205.0,540.0,False,,,,,,,{}
2002:013_2dd2afccd6_02c_Smolenskaja.xls:Sheet1:3799,2010:011_040325482b_3._20Ryaz_Smol_Tambov_Tula_Jaroslavl_20L1_20ethn_2010.xls:Data Sheet:6182,2010,Новосельский,деревня,,смоленская,176.0,540.0,True,geokladr_2011_raw_dbf_coordinate,/workspace/settlements-raw/data/raw/historical_geography/geokladr_okato_2011/okato.dbf,raw_dbf_record_number_1based=114023;byte_offset_0based=45039395,/workspace/settlements-work/continuation_20261004/accepted_graph25_bounded_cases_20261005/accepted_point_uses.parquet,54.966378,31.641605,"{""target_source_record_id"": ""2010:011_040325482b_3._20Ryaz_Smol_Tambov_Tula_Jaroslavl_20L1_20ethn_2010.xls:Data Sheet:6182"", ""latitude"": 54.966378, ""longitude"": 31.641605, ""coordinate_admission_status"": ""reviewed_extension_rule_accepted"", ""coordinate_source_record_id"": ""GeoKLADR2011:OKATO:66244806001"", ""source_sha256"": ""a3c69e68dfa35bfb0964a15f0f46b258500fab3e61ff3271ef9584e055d6efca"", ""source_locator"": ""{\""source_file\"": \""data/raw/2010/011_040325482b_3._20Ryaz_Smol_Tambov_Tula_Jaroslavl_20L1_20ethn_2010.xls\"", \""source_sheet\"": \""Data Sheet\"", \""source_row\"": 6182.0}"", ""point_origin_file"": ""/workspace/settlements-raw/data/raw/historical_geography/geokladr_okato_2011/okato.dbf"", ""point_origin_sha256"": ""d1c8b983f2489724a940bd2a64dedda73b602f6c491d5c09391deaf362fe2650"", ""point_origin_locator"": ""raw_dbf_record_number_1based=114023;byte_offset_0based=45039395"", ""point_origin_kind"": ""geokladr_2011_raw_dbf_coordinate"", ""point_ledger_path"": ""/workspace/settlements-work/continuation_20261004/accepted_graph25_bounded_cases_20261005/accepted_point_uses.parquet""}"
2002:013_2dd2afccd6_02c_Smolenskaja.xls:Sheet1:3799,2021:data_allsettlements_anon_156_v20251217.parquet:parquet:125118,2021,Новосельский,деревня,Смоленский муниципальный район,смоленская,159.0,540.0,True,wikidata_P625_point_claim,/workspace/settlements-raw/data/raw/wikidata_truthy_claims/batch_0125.jsonl.gz,"{""line_number"": 11401, ""locator"": ""batch_0125.jsonl.gz#line=11401"", ""retrieved_at_utc"": ""2026-08-31T20:59:44.169869+00:00"", ""source_file"": ""batch_0125.jsonl.gz"", ""value_raw"": ""POINT(31.760278 54.908333)""}",/workspace/settlements-work/continuation_20261004/accepted_graph25_bounded_cases_20261005/accepted_point_uses.parquet,54.908333,31.760278,"{""target_source_record_id"": ""2021:data_allsettlements_anon_156_v20251217.parquet:parquet:125118"", ""latitude"": 54.908333, ""longitude"": 31.760278, ""coordinate_admission_status"": ""reviewed_extension_rule_accepted"", ""coordinate_source_record_id"": ""Q4325351"", ""source_sha256"": ""86c197cd522e0b63669e9c6e7f43fd3d82b3704c6a126c800a9968ecd16cae14"", ""source_locator"": ""data/interim/2021_tochno/data_allsettlements_anon_156_v20251217.parquet#row=125118.0"", ""point_origin_file"": ""/workspace/settlements-raw/data/raw/wikidata_truthy_claims/batch_0125.jsonl.gz"", ""point_origin_sha256"": ""f97e92d43bd178f5c312b7b38de35a30756b3e41b9026fed87bce32f39f021ad"", ""point_origin_locator"": ""{\""line_number\"": 11401, \""locator\"": \""batch_0125.jsonl.gz#line=11401\"", \""retrieved_at_utc\"": \""2026-08-31T20:59:44.169869+00:00\"", \""source_file\"": \""batch_0125.jsonl.gz\"", \""value_raw\"": \""POINT(31.760278 54.908333)\""}"", ""point_origin_kind"": ""wikidata_P625_point_claim"", ""point_ledger_path"": ""/workspace/settlements-work/continuation_20261004/accepted_graph25_bounded_cases_20261005/accepted_point_uses.parquet""}"
2002:085_b44ee84c57_saxalin.xls:Sheet1:329,2002:085_b44ee84c57_saxalin.xls:Sheet1:329,2002,Совхозное,посёлок,Холмский район,сахалинская,234.0,476.0,False,,,,,,,{}
2002:085_b44ee84c57_saxalin.xls:Sheet1:329,2010:009_81f8a0e73c_17._20ДВ_ФО_2010.xls:ДВ:2132,2010,Совхозное,село,,сахалинская,150.0,476.0,True,geokladr_2011_raw_dbf_coordinate,/workspace/settlements-raw/data/raw/historical_geography/geokladr_okato_2011/okato.dbf,raw_dbf_record_number_1based=108731;byte_offset_0based=42949055,/workspace/settlements-work/continuation_20261004/accepted_graph25_bounded_cases_20261005/accepted_point_uses.parquet,47.171667,142.184167,"{""target_source_record_id"": ""2010:009_81f8a0e73c_17._20ДВ_ФО_2010.xls:ДВ:2132"", ""latitude"": 47.171667, ""longitude"": 142.184167, ""coordinate_admission_status"": ""reviewed_extension_rule_accepted"", ""coordinate_source_record_id"": ""GeoKLADR2011:OKATO:64254000009"", ""source_sha256"": ""a8fd7aa55513e73a205ebff1da2ce35fd8ca0f61c286e54491cf49c6132470c4"", ""source_locator"": ""{\""source_file\"": \""data/raw/2010/009_81f8a0e73c_17._20ДВ_ФО_2010.xls\"", \""source_sheet\"": \""ДВ\"", \""source_row\"": 2132.0}"", ""point_origin_file"": ""/workspace/settlements-raw/data/raw/historical_geography/geokladr_okato_2011/okato.dbf"", ""point_origin_sha256"": ""d1c8b983f2489724a940bd2a64dedda73b602f6c491d5c09391deaf362fe2650"", ""point_origin_locator"": ""raw_dbf_record_number_1based=108731;byte_offset_0based=42949055"", ""point_origin_kind"": ""geokladr_2011_raw_dbf_coordinate"", ""point_ledger_path"": ""/workspace/settlements-work/continuation_20261004/accepted_graph25_bounded_cases_20261005/accepted_point_uses.parquet""}"
2002:085_b44ee84c57_saxalin.xls:Sheet1:329,2021:data_allsettlements_anon_156_v20251217.parquet:parquet:118647,2021,Совхозное,село,"""Холмский городской округ""",сахалинская,92.0,476.0,True,wikidata_P625_point_claim,/workspace/settlements-raw/data/raw/wikidata_truthy_claims/batch_0132.jsonl.gz,"{""line_number"": 10057, ""locator"": ""batch_0132.jsonl.gz#line=10057"", ""retrieved_at_utc"": ""2026-08-31T20:59:52.518687+00:00"", ""source_file"": ""batch_0132.jsonl.gz"", ""value_raw"": ""POINT(142.081389 47.162222)""}",/workspace/settlements-work/continuation_20261004/accepted_graph25_bounded_cases_20261005/accepted_point_uses.parquet,47.162222,142.081389,"{""target_source_record_id"": ""2021:data_allsettlements_anon_156_v20251217.parquet:parquet:118647"", ""latitude"": 47.162222, ""longitude"": 142.081389, ""coordinate_admission_status"": ""reviewed_extension_rule_accepted"", ""coordinate_source_record_id"": ""Q4426651"", ""source_sha256"": ""86c197cd522e0b63669e9c6e7f43fd3d82b3704c6a126c800a9968ecd16cae14"", ""source_locator"": ""data/interim/2021_tochno/data_allsettlements_anon_156_v20251217.parquet#row=118647.0"", ""point_origin_file"": ""/workspace/settlements-raw/data/raw/wikidata_truthy_claims/batch_0132.jsonl.gz"", ""point_origin_sha256"": ""c72e56fddd6c782c6b7f9feffaf276e95b7458236f18a98f69e258523b46e65c"", ""point_origin_locator"": ""{\""line_number\"": 10057, \""locator\"": \""batch_0132.jsonl.gz#line=10057\"", \""retrieved_at_utc\"": \""2026-08-31T20:59:52.518687+00:00\"", \""source_file\"": \""batch_0132.jsonl.gz\"", \""value_raw\"": \""POINT(142.081389 47.162222)\""}"", ""point_origin_kind"": ""wikidata_P625_point_claim"", ""point_ledger_path"": ""/workspace/settlements-work/continuation_20261004/accepted_graph25_bounded_cases_20261005/accepted_point_uses.parquet""}"
2002:041_4b428edd23_Bashkiria_new.xls:Sheet1:1938,2002:041_4b428edd23_Bashkiria_new.xls:Sheet1:1938,2002,Троицк,посёлок,Благоварский район,башкортостан,130.0,399.0,False,,,,,,,{}
2002:041_4b428edd23_Bashkiria_new.xls:Sheet1:1938,2010:017_68e0e4537e_9._20Basq_Mari_Mord_Tatar_Udm_Chuv_2010.xls:!!!:1224,2010,Троицк,деревня,,башкортостан,161.0,399.0,True,geokladr_2011_raw_dbf_coordinate,/workspace/settlements-raw/data/raw/historical_geography/geokladr_okato_2011/okato.dbf,raw_dbf_record_number_1based=133067;byte_offset_0based=52561775,/workspace/settlements-work/continuation_20261004/accepted_graph25_bounded_cases_20261005/accepted_point_uses.parquet,54.626265,55.074284,"{""target_source_record_id"": ""2010:017_68e0e4537e_9._20Basq_Mari_Mord_Tatar_Udm_Chuv_2010.xls:!!!:1224"", ""latitude"": 54.626265, ""longitude"": 55.074284, ""coordinate_admission_status"": ""reviewed_extension_rule_accepted"", ""coordinate_source_record_id"": ""GeoKLADR2011:OKATO:80214840006"", ""source_sha256"": ""0ad9f5527c60819aa6e298bc78c5a19e7d3b09ad7f541064a8d922595854177a"", ""source_locator"": ""{\""source_file\"": \""data/raw/2010/017_68e0e4537e_9._20Basq_Mari_Mord_Tatar_Udm_Chuv_2010.xls\"", \""source_sheet\"": \""!!!\"", \""source_row\"": 1224.0}"", ""point_origin_file"": ""/workspace/settlements-raw/data/raw/historical_geography/geokladr_okato_2011/okato.dbf"", ""point_origin_sha256"": ""d1c8b983f2489724a940bd2a64dedda73b602f6c491d5c09391deaf362fe2650"", ""point_origin_locator"": ""raw_dbf_record_number_1based=133067;byte_offset_0based=52561775"", ""point_origin_kind"": ""geokladr_2011_raw_dbf_coordinate"", ""point_ledger_path"": ""/workspace/settlements-work/continuation_20261004/accepted_graph25_bounded_cases_20261005/accepted_point_uses.parquet""}"
2002:041_4b428edd23_Bashkiria_new.xls:Sheet1:1938,2021:data_allsettlements_anon_156_v20251217.parquet:parquet:145506,2021,Троицк,деревня,Благоварский муниципальный район,башкортостан,108.0,399.0,True,wikidata_P625_point_claim,/workspace/settlements-raw/data/raw/wikidata_truthy_claims/batch_0001.jsonl.gz,"{""line_number"": 10271, ""locator"": ""batch_0001.jsonl.gz#line=10271"", ""retrieved_at_utc"": ""2026-08-31T20:57:08.083834+00:00"", ""source_file"": ""batch_0001.jsonl.gz"", ""value_raw"": ""POINT(54.629577 55.071650)""}",/workspace/settlements-work/continuation_20261004/accepted_graph25_bounded_cases_20261005/accepted_point_uses.parquet,55.07165,54.629577,"{""target_source_record_id"": ""2021:data_allsettlements_anon_156_v20251217.parquet:parquet:145506"", ""latitude"": 55.07165, ""longitude"": 54.629577, ""coordinate_admission_status"": ""reviewed_extension_rule_accepted"", ""coordinate_source_record_id"": ""Q1056549"", ""source_sha256"": ""86c197cd522e0b63669e9c6e7f43fd3d82b3704c6a126c800a9968ecd16cae14"", ""source_locator"": ""data/interim/2021_tochno/data_allsettlements_anon_156_v20251217.parquet#row=145506.0"", ""point_origin_file"": ""/workspace/settlements-raw/data/raw/wikidata_truthy_claims/batch_0001.jsonl.gz"", ""point_origin_sha256"": ""941e5c97fc6532d164c633997d6c97eec4339775363cd476ef18e1f7d4cf57ff"", ""point_origin_locator"": ""{\""line_number\"": 10271, \""locator\"": \""batch_0001.jsonl.gz#line=10271\"", \""retrieved_at_utc\"": \""2026-08-31T20:57:08.083834+00:00\"", \""source_file\"": \""batch_0001.jsonl.gz\"", \""value_raw\"": \""POINT(54.629577 55.071650)\""}"", ""point_origin_kind"": ""wikidata_P625_point_claim"", ""point_ledger_path"": ""/workspace/settlements-work/continuation_20261004/accepted_graph25_bounded_cases_20261005/accepted_point_uses.parquet""}"
2002:056_6e9d0d52b3_Kurgan.xls:Sheet1:1394,2002:056_6e9d0d52b3_Kurgan.xls:Sheet1:1394,2002,Плоская,деревня,Шадринский район,курганская,144.0,301.0,False,,,,,,,{}
2002:056_6e9d0d52b3_Kurgan.xls:Sheet1:1394,2010:003_eb441570b1_11._20Урал_ФО_2010.xls:Урал:945,2010,Плоская,деревня,,курганская,90.0,301.0,True,geokladr_2011_raw_dbf_coordinate,/workspace/settlements-raw/data/raw/historical_geography/geokladr_okato_2011/okato.dbf,raw_dbf_record_number_1based=63284;byte_offset_0based=24997490,/workspace/settlements-work/continuation_20261004/accepted_graph25_bounded_cases_20261005/accepted_point_uses.parquet,55.333056,63.726389,"{""target_source_record_id"": ""2010:003_eb441570b1_11._20Урал_ФО_2010.xls:Урал:945"", ""latitude"": 55.333056, ""longitude"": 63.726389, ""coordinate_admission_status"": ""reviewed_extension_rule_accepted"", ""coordinate_source_record_id"": ""GeoKLADR2011:OKATO:37238824004"", ""source_sha256"": ""042e8e141831b431d8b7addd9674959625ddbdf6fa79986e81e968d941ab1156"", ""source_locator"": ""{\""source_file\"": \""data/raw/2010/003_eb441570b1_11._20Урал_ФО_2010.xls\"", \""source_sheet\"": \""Урал\"", \""source_row\"": 945.0}"", ""point_origin_file"": ""/workspace/settlements-raw/data/raw/historical_geography/geokladr_okato_2011/okato.dbf"", ""point_origin_sha256"": ""d1c8b983f2489724a940bd2a64dedda73b602f6c491d5c09391deaf362fe2650"", ""point_origin_locator"": ""raw_dbf_record_number_1based=63284;byte_offset_0based=24997490"", ""point_origin_kind"": ""geokladr_2011_raw_dbf_coordinate"", ""point_ledger_path"": ""/workspace/settlements-work/continuation_20261004/accepted_graph25_bounded_cases_20261005/accepted_point_uses.parquet""}"
2002:056_6e9d0d52b3_Kurgan.xls:Sheet1:1394,2021:data_allsettlements_anon_156_v20251217.parquet:parquet:51822,2021,Плоская,деревня,Шадринский муниципальный район,курганская,67.0,301.0,True,wikidata_P625_point_claim,/workspace/settlements-raw/data/raw/wikidata_truthy_claims/batch_0099.jsonl.gz,"{""line_number"": 8638, ""locator"": ""batch_0099.jsonl.gz#line=8638"", ""retrieved_at_utc"": ""2026-08-31T20:59:10.522893+00:00"", ""source_file"": ""batch_0099.jsonl.gz"", ""value_raw"": ""POINT(64.265814 56.074199)""}",/workspace/settlements-work/continuation_20261004/accepted_graph25_bounded_cases_20261005/accepted_point_uses.parquet,56.074199,64.265814,"{""target_source_record_id"": ""2021:data_allsettlements_anon_156_v20251217.parquet:parquet:51822"", ""latitude"": 56.074199, ""longitude"": 64.265814, ""coordinate_admission_status"": ""reviewed_extension_rule_accepted"", ""coordinate_source_record_id"": ""Q27581689"", ""source_sha256"": ""86c197cd522e0b63669e9c6e7f43fd3d82b3704c6a126c800a9968ecd16cae14"", ""source_locator"": ""data/interim/2021_tochno/data_allsettlements_anon_156_v20251217.parquet#row=51822.0"", ""point_origin_file"": ""/workspace/settlements-raw/data/raw/wikidata_truthy_claims/batch_0099.jsonl.gz"", ""point_origin_sha256"": ""21244a434b4a309f7802ed5d2dd0932d92baf262a510bb1e8272367113096e5b"", ""point_origin_locator"": ""{\""line_number\"": 8638, \""locator\"": \""batch_0099.jsonl.gz#line=8638\"", \""retrieved_at_utc\"": \""2026-08-31T20:59:10.522893+00:00\"", \""source_file\"": \""batch_0099.jsonl.gz\"", \""value_raw\"": \""POINT(64.265814 56.074199)\""}"", ""point_origin_kind"": ""wikidata_P625_point_claim"", ""point_ledger_path"": ""/workspace/settlements-work/continuation_20261004/accepted_graph25_bounded_cases_20261005/accepted_point_uses.parquet""}"
2002:006_1916564aaa_02c_Kaluzhskaja.xls:Sheet1:3370,2002:006_1916564aaa_02c_Kaluzhskaja.xls:Sheet1:3370,2002,Новосел,посёлок,Ферзиковский район,калужская,107.0,293.0,False,,,,,,,{}
2002:006_1916564aaa_02c_Kaluzhskaja.xls:Sheet1:3370,2010:013_f60b2d2bcf_5._20Belg_Bryan_Vlad_Voron_Ivanov_Kalug_20L1_ethn_2010.xls:Data Sheet:14502,2010,Новосел,село,,калужская,88.0,293.0,True,geokladr_2011_raw_dbf_coordinate,/workspace/settlements-raw/data/raw/historical_geography/geokladr_okato_2011/okato.dbf,raw_dbf_record_number_1based=51948;byte_offset_0based=20519770,/workspace/settlements-work/continuation_20261004/accepted_graph25_bounded_cases_20261005/accepted_point_uses.parquet,54.568564,36.539604,"{""target_source_record_id"": ""2010:013_f60b2d2bcf_5._20Belg_Bryan_Vlad_Voron_Ivanov_Kalug_20L1_ethn_2010.xls:Data Sheet:14502"", ""latitude"": 54.568564, ""longitude"": 36.539604, ""coordinate_admission_status"": ""reviewed_extension_rule_accepted"", ""coordinate_source_record_id"": ""GeoKLADR2011:OKATO:29244864008"", ""source_sha256"": ""52a7cd38f32d03b79c20b256dfd4019e49a0f7a4bab9d96abc57cbf16e2b90ac"", ""source_locator"": ""{\""source_file\"": \""data/raw/2010/013_f60b2d2bcf_5._20Belg_Bryan_Vlad_Voron_Ivanov_Kalug_20L1_ethn_2010.xls\"", \""source_sheet\"": \""Data Sheet\"", \""source_row\"": 14502.0}"", ""point_origin_file"": ""/workspace/settlements-raw/data/raw/historical_geography/geokladr_okato_2011/okato.dbf"", ""point_origin_sha256"": ""d1c8b983f2489724a940bd2a64dedda73b602f6c491d5c09391deaf362fe2650"", ""point_origin_locator"": ""raw_dbf_record_number_1based=51948;byte_offset_0based=20519770"", ""point_origin_kind"": ""geokladr_2011_raw_dbf_coordinate"", ""point_ledger_path"": ""/workspace/settlements-work/continuation_20261004/accepted_graph25_bounded_cases_20261005/accepted_point_uses.parquet""}"
2002:006_1916564aaa_02c_Kaluzhskaja.xls:Sheet1:3370,2021:data_allsettlements_anon_156_v20251217.parquet:parquet:30328,2021,Новосел,село,"Муниципальный район ""Ферзиковский район""",калужская,98.0,293.0,True,tochno_2021_dadata_raw_parquet_point,/workspace/settlements-raw/data/interim/2021_tochno/data_allsettlements_anon_156_v20251217.parquet,"parquet_row_1based=30328;latitude_dadata,longitude_dadata",/workspace/settlements-work/continuation_20261004/accepted_graph25_bounded_cases_20261005/accepted_point_uses.parquet,54.5641082,36.8301761,"{""target_source_record_id"": ""2021:data_allsettlements_anon_156_v20251217.parquet:parquet:30328"", ""latitude"": 54.5641082, ""longitude"": 36.8301761, ""coordinate_admission_status"": ""reviewed_rule_accepted"", ""coordinate_source_record_id"": ""2021:data_allsettlements_anon_156_v20251217.parquet:parquet:30328"", ""source_sha256"": """", ""source_locator"": ""data/interim/2021_tochno/data_allsettlements_anon_156_v20251217.parquet#:30328.0"", ""point_origin_file"": ""/workspace/settlements-raw/data/interim/2021_tochno/data_allsettlements_anon_156_v20251217.parquet"", ""point_origin_sha256"": ""86c197cd522e0b63669e9c6e7f43fd3d82b3704c6a126c800a9968ecd16cae14"", ""point_origin_locator"": ""parquet_row_1based=30328;latitude_dadata,longitude_dadata"", ""point_origin_kind"": ""tochno_2021_dadata_raw_parquet_point"", ""point_ledger_path"": ""/workspace/settlements-work/continuation_20261004/accepted_graph25_bounded_cases_20261005/accepted_point_uses.parquet""}"
2002:006_1916564aaa_02c_Kaluzhskaja.xls:Sheet1:25,2002:006_1916564aaa_02c_Kaluzhskaja.xls:Sheet1:25,2002,Приокское лесничество,посёлок,,калужская,97.0,281.0,False,,,,,,,{}
2002:006_1916564aaa_02c_Kaluzhskaja.xls:Sheet1:25,2010:013_f60b2d2bcf_5._20Belg_Bryan_Vlad_Voron_Ivanov_Kalug_20L1_ethn_2010.xls:Data Sheet:14782,2010,Приокское лесничество,село,,калужская,94.0,281.0,True,geokladr_2011_raw_dbf_coordinate,/workspace/settlements-raw/data/raw/historical_geography/geokladr_okato_2011/okato.dbf,raw_dbf_record_number_1based=52219;byte_offset_0based=20626815,/workspace/settlements-work/continuation_20261004/accepted_graph25_bounded_cases_20261005/accepted_point_uses.parquet,54.533832,36.237041,"{""target_source_record_id"": ""2010:013_f60b2d2bcf_5._20Belg_Bryan_Vlad_Voron_Ivanov_Kalug_20L1_ethn_2010.xls:Data Sheet:14782"", ""latitude"": 54.533832, ""longitude"": 36.237041, ""coordinate_admission_status"": ""reviewed_extension_rule_accepted"", ""coordinate_source_record_id"": ""GeoKLADR2011:OKATO:29401912021"", ""source_sha256"": ""52a7cd38f32d03b79c20b256dfd4019e49a0f7a4bab9d96abc57cbf16e2b90ac"", ""source_locator"": ""{\""source_file\"": \""data/raw/2010/013_f60b2d2bcf_5._20Belg_Bryan_Vlad_Voron_Ivanov_Kalug_20L1_ethn_2010.xls\"", \""source_sheet\"": \""Data Sheet\"", \""source_row\"": 14782.0}"", ""point_origin_file"": ""/workspace/settlements-raw/data/raw/historical_geography/geokladr_okato_2011/okato.dbf"", ""point_origin_sha256"": ""d1c8b983f2489724a940bd2a64dedda73b602f6c491d5c09391deaf362fe2650"", ""point_origin_locator"": ""raw_dbf_record_number_1based=52219;byte_offset_0based=20626815"", ""point_origin_kind"": ""geokladr_2011_raw_dbf_coordinate"", ""point_ledger_path"": ""/workspace/settlements-work/continuation_20261004/accepted_graph25_bounded_cases_20261005/accepted_point_uses.parquet""}"
2002:006_1916564aaa_02c_Kaluzhskaja.xls:Sheet1:25,2021:data_allsettlements_anon_156_v20251217.parquet:parquet:30640,2021,Приокское лесничество,село,Городской округ Город Калуга,калужская,90.0,281.0,True,tochno_2021_dadata_raw_parquet_point,/workspace/settlements-raw/data/interim/2021_tochno/data_allsettlements_anon_156_v20251217.parquet,"parquet_row_1based=30640;latitude_dadata,longitude_dadata",/workspace/settlements-work/continuation_20261004/accepted_graph25_bounded_cases_20261005/accepted_point_uses.parquet,54.4589787,36.2406661,"{""target_source_record_id"": ""2021:data_allsettlements_anon_156_v20251217.parquet:parquet:30640"", ""latitude"": 54.4589787, ""longitude"": 36.2406661, ""coordinate_admission_status"": ""reviewed_rule_accepted"", ""coordinate_source_record_id"": ""2021:data_allsettlements_anon_156_v20251217.parquet:parquet:30640"", ""source_sha256"": """", ""source_locator"": ""data/interim/2021_tochno/data_allsettlements_anon_156_v20251217.parquet#:30640.0"", ""point_origin_file"": ""/workspace/settlements-raw/data/interim/2021_tochno/data_allsettlements_anon_156_v20251217.parquet"", ""point_origin_sha256"": ""86c197cd522e0b63669e9c6e7f43fd3d82b3704c6a126c800a9968ecd16cae14"", ""point_origin_locator"": ""parquet_row_1based=30640;latitude_dadata,longitude_dadata"", ""point_origin_kind"": ""tochno_2021_dadata_raw_parquet_point"", ""point_ledger_path"": ""/workspace/settlements-work/continuation_20261004/accepted_graph25_bounded_cases_20261005/accepted_point_uses.parquet""}"
2002:011_f46bbaadfd_02c_Orlovskaja.xls:Sheet1:2714,2002:011_f46bbaadfd_02c_Orlovskaja.xls:Sheet1:2714,2002,Кубань,село,Покровский район,орловская,105.0,217.0,False,,,,,,,{}
2002:011_f46bbaadfd_02c_Orlovskaja.xls:Sheet1:2714,2010:010_711691e352_2._20Kostrom_Kur_Lip_Moscow_MoscObl_Orlov_2010.xls:Data Sheet:16658,2010,Кубань,деревня,,орловская,65.0,217.0,True,geokladr_2011_raw_dbf_coordinate,/workspace/settlements-raw/data/raw/historical_geography/geokladr_okato_2011/okato.dbf,raw_dbf_record_number_1based=88037;byte_offset_0based=34774925,/workspace/settlements-work/continuation_20261004/accepted_graph25_bounded_cases_20261005/accepted_point_uses.parquet,52.805332,36.111799,"{""target_source_record_id"": ""2010:010_711691e352_2._20Kostrom_Kur_Lip_Moscow_MoscObl_Orlov_2010.xls:Data Sheet:16658"", ""latitude"": 52.805332, ""longitude"": 36.111799, ""coordinate_admission_status"": ""reviewed_extension_rule_accepted"", ""coordinate_source_record_id"": ""GeoKLADR2011:OKATO:54250834014"", ""source_sha256"": ""cf5b5d57327bf0d32723a7f49bb58db503a201af83a6e2bda4b874986f864167"", ""source_locator"": ""{\""source_file\"": \""data/raw/2010/010_711691e352_2._20Kostrom_Kur_Lip_Moscow_MoscObl_Orlov_2010.xls\"", \""source_sheet\"": \""Data Sheet\"", \""source_row\"": 16658.0}"", ""point_origin_file"": ""/workspace/settlements-raw/data/raw/historical_geography/geokladr_okato_2011/okato.dbf"", ""point_origin_sha256"": ""d1c8b983f2489724a940bd2a64dedda73b602f6c491d5c09391deaf362fe2650"", ""point_origin_locator"": ""raw_dbf_record_number_1based=88037;byte_offset_0based=34774925"", ""point_origin_kind"": ""geokladr_2011_raw_dbf_coordinate"", ""point_ledger_path"": ""/workspace/settlements-work/continuation_20261004/accepted_graph25_bounded_cases_20261005/accepted_point_uses.parquet""}"
2002:011_f46bbaadfd_02c_Orlovskaja.xls:Sheet1:2714,2021:data_allsettlements_anon_156_v20251217.parquet:parquet:93288,2021,Кубань,деревня,Покровский муниципальный район,орловская,47.0,217.0,True,tochno_2021_dadata_raw_parquet_point,/workspace/settlements-raw/data/interim/2021_tochno/data_allsettlements_anon_156_v20251217.parquet,"parquet_row_1based=93288;latitude_dadata,longitude_dadata",/workspace/settlements-work/continuation_20261004/accepted_graph25_bounded_cases_20261005/accepted_point_uses.parquet,52.5269217,36.6730637,"{""target_source_record_id"": ""2021:data_allsettlements_anon_156_v20251217.parquet:parquet:93288"", ""latitude"": 52.5269217, ""longitude"": 36.6730637, ""coordinate_admission_status"": ""reviewed_rule_accepted"", ""coordinate_source_record_id"": ""2021:data_allsettlements_anon_156_v20251217.parquet:parquet:93288"", ""source_sha256"": """", ""source_locator"": ""data/interim/2021_tochno/data_allsettlements_anon_156_v20251217.parquet#:93288.0"", ""point_origin_file"": ""/workspace/settlements-raw/data/interim/2021_tochno/data_allsettlements_anon_156_v20251217.parquet"", ""point_origin_sha256"": ""86c197cd522e0b63669e9c6e7f43fd3d82b3704c6a126c800a9968ecd16cae14"", ""point_origin_locator"": ""parquet_row_1based=93288;latitude_dadata,longitude_dadata"", ""point_origin_kind"": ""tochno_2021_dadata_raw_parquet_point"", ""point_ledger_path"": ""/workspace/settlements-work/continuation_20261004/accepted_graph25_bounded_cases_20261005/accepted_point_uses.parquet""}"
2002:041_4b428edd23_Bashkiria_new.xls:Sheet1:3246,2002:041_4b428edd23_Bashkiria_new.xls:Sheet1:3246,2002,Калининский,посёлок,Иглинский район,башкортостан,47.0,121.0,False,,,,,,,{}
2002:041_4b428edd23_Bashkiria_new.xls:Sheet1:3246,2010:017_68e0e4537e_9._20Basq_Mari_Mord_Tatar_Udm_Chuv_2010.xls:!!!:2056,2010,Калининский,деревня,,башкортостан,34.0,121.0,True,geokladr_2011_raw_dbf_coordinate,/workspace/settlements-raw/data/raw/historical_geography/geokladr_okato_2011/okato.dbf,raw_dbf_record_number_1based=133893;byte_offset_0based=52888045,/workspace/settlements-work/continuation_20261004/accepted_graph25_bounded_cases_20261005/accepted_point_uses.parquet,54.809182,56.721631,"{""target_source_record_id"": ""2010:017_68e0e4537e_9._20Basq_Mari_Mord_Tatar_Udm_Chuv_2010.xls:!!!:2056"", ""latitude"": 54.809182, ""longitude"": 56.721631, ""coordinate_admission_status"": ""reviewed_extension_rule_accepted"", ""coordinate_source_record_id"": ""GeoKLADR2011:OKATO:80228805008"", ""source_sha256"": ""0ad9f5527c60819aa6e298bc78c5a19e7d3b09ad7f541064a8d922595854177a"", ""source_locator"": ""{\""source_file\"": \""data/raw/2010/017_68e0e4537e_9._20Basq_Mari_Mord_Tatar_Udm_Chuv_2010.xls\"", \""source_sheet\"": \""!!!\"", \""source_row\"": 2056.0}"", ""point_origin_file"": ""/workspace/settlements-raw/data/raw/historical_geography/geokladr_okato_2011/okato.dbf"", ""point_origin_sha256"": ""d1c8b983f2489724a940bd2a64dedda73b602f6c491d5c09391deaf362fe2650"", ""point_origin_locator"": ""raw_dbf_record_number_1based=133893;byte_offset_0based=52888045"", ""point_origin_kind"": ""geokladr_2011_raw_dbf_coordinate"", ""point_ledger_path"": ""/workspace/settlements-work/continuation_20261004/accepted_graph25_bounded_cases_20261005/accepted_point_uses.parquet""}"
2002:041_4b428edd23_Bashkiria_new.xls:Sheet1:3246,2021:data_allsettlements_anon_156_v20251217.parquet:parquet:146512,2021,Калининский,деревня,Иглинский муниципальный район,башкортостан,40.0,121.0,True,wikidata_P625_point_claim,/workspace/settlements-raw/data/raw/wikidata_truthy_claims/batch_0117.jsonl.gz,"{""line_number"": 10902, ""locator"": ""batch_0117.jsonl.gz#line=10902"", ""retrieved_at_utc"": ""2026-08-31T20:59:34.120278+00:00"", ""source_file"": ""batch_0117.jsonl.gz"", ""value_raw"": ""POINT(56.522500 54.677778)""}",/workspace/settlements-work/continuation_20261004/accepted_graph25_bounded_cases_20261005/accepted_point_uses.parquet,54.677778,56.5225,"{""target_source_record_id"": ""2021:data_allsettlements_anon_156_v20251217.parquet:parquet:146512"", ""latitude"": 54.677778, ""longitude"": 56.5225, ""coordinate_admission_status"": ""reviewed_extension_rule_accepted"", ""coordinate_source_record_id"": ""Q4209608"", ""source_sha256"": ""86c197cd522e0b63669e9c6e7f43fd3d82b3704c6a126c800a9968ecd16cae14"", ""source_locator"": ""data/interim/2021_tochno/data_allsettlements_anon_156_v20251217.parquet#row=146512.0"", ""point_origin_file"": ""/workspace/settlements-raw/data/raw/wikidata_truthy_claims/batch_0117.jsonl.gz"", ""point_origin_sha256"": ""6d4fb6fd550445b359921f2c93f23433d1b455af657455bb8beaab2e25f8bcb0"", ""point_origin_locator"": ""{\""line_number\"": 10902, \""locator\"": \""batch_0117.jsonl.gz#line=10902\"", \""retrieved_at_utc\"": \""2026-08-31T20:59:34.120278+00:00\"", \""source_file\"": \""batch_0117.jsonl.gz\"", \""value_raw\"": \""POINT(56.522500 54.677778)\""}"", ""point_origin_kind"": ""wikidata_P625_point_claim"", ""point_ledger_path"": ""/workspace/settlements-work/continuation_20261004/accepted_graph25_bounded_cases_20261005/accepted_point_uses.parquet""}"
2002:085_b44ee84c57_saxalin.xls:Sheet1:151,2002:085_b44ee84c57_saxalin.xls:Sheet1:151,2002,Придорожное,посёлок,Невельский район,сахалинская,44.0,104.0,False,,,,,,,{}
2002:085_b44ee84c57_saxalin.xls:Sheet1:151,2010:009_81f8a0e73c_17._20ДВ_ФО_2010.xls:ДВ:2018,2010,Придорожное,село,,сахалинская,47.0,104.0,True,geokladr_2011_raw_dbf_coordinate,/workspace/settlements-raw/data/raw/historical_geography/geokladr_okato_2011/okato.dbf,raw_dbf_record_number_1based=108626;byte_offset_0based=42907580,/workspace/settlements-work/continuation_20261004/accepted_graph25_bounded_cases_20261005/accepted_point_uses.parquet,46.7,141.933333,"{""target_source_record_id"": ""2010:009_81f8a0e73c_17._20ДВ_ФО_2010.xls:ДВ:2018"", ""latitude"": 46.7, ""longitude"": 141.933333, ""coordinate_admission_status"": ""reviewed_extension_rule_accepted"", ""coordinate_source_record_id"": ""GeoKLADR2011:OKATO:64228890002"", ""source_sha256"": ""a8fd7aa55513e73a205ebff1da2ce35fd8ca0f61c286e54491cf49c6132470c4"", ""source_locator"": ""{\""source_file\"": \""data/raw/2010/009_81f8a0e73c_17._20ДВ_ФО_2010.xls\"", \""source_sheet\"": \""ДВ\"", \""source_row\"": 2018.0}"", ""point_origin_file"": ""/workspace/settlements-raw/data/raw/historical_geography/geokladr_okato_2011/okato.dbf"", ""point_origin_sha256"": ""d1c8b983f2489724a940bd2a64dedda73b602f6c491d5c09391deaf362fe2650"", ""point_origin_locator"": ""raw_dbf_record_number_1based=108626;byte_offset_0based=42907580"", ""point_origin_kind"": ""geokladr_2011_raw_dbf_coordinate"", ""point_ledger_path"": ""/workspace/settlements-work/continuation_20261004/accepted_graph25_bounded_cases_20261005/accepted_point_uses.parquet""}"
2002:085_b44ee84c57_saxalin.xls:Sheet1:151,2021:data_allsettlements_anon_156_v20251217.parquet:parquet:118516,2021,Придорожное,село,"""Невельский городской округ""",сахалинская,13.0,104.0,True,wikidata_P625_point_claim,/workspace/settlements-raw/data/raw/wikidata_truthy_claims/batch_0129.jsonl.gz,"{""line_number"": 9848, ""locator"": ""batch_0129.jsonl.gz#line=9848"", ""retrieved_at_utc"": ""2026-08-31T20:59:48.939071+00:00"", ""source_file"": ""batch_0129.jsonl.gz"", ""value_raw"": ""POINT(141.825556 46.578611)""}",/workspace/settlements-work/continuation_20261004/accepted_graph25_bounded_cases_20261005/accepted_point_uses.parquet,46.578611,141.825556,"{""target_source_record_id"": ""2021:data_allsettlements_anon_156_v20251217.parquet:parquet:118516"", ""latitude"": 46.578611, ""longitude"": 141.825556, ""coordinate_admission_status"": ""reviewed_extension_rule_accepted"", ""coordinate_source_record_id"": ""Q4378165"", ""source_sha256"": ""86c197cd522e0b63669e9c6e7f43fd3d82b3704c6a126c800a9968ecd16cae14"", ""source_locator"": ""data/interim/2021_tochno/data_allsettlements_anon_156_v20251217.parquet#row=118516.0"", ""point_origin_file"": ""/workspace/settlements-raw/data/raw/wikidata_truthy_claims/batch_0129.jsonl.gz"", ""point_origin_sha256"": ""46c3a8bc518c3b21ab0e4a81878c0a10abb29e663a961a18357dc79a3443e221"", ""point_origin_locator"": ""{\""line_number\"": 9848, \""locator\"": \""batch_0129.jsonl.gz#line=9848\"", \""retrieved_at_utc\"": \""2026-08-31T20:59:48.939071+00:00\"", \""source_file\"": \""batch_0129.jsonl.gz\"", \""value_raw\"": \""POINT(141.825556 46.578611)\""}"", ""point_origin_kind"": ""wikidata_P625_point_claim"", ""point_ledger_path"": ""/workspace/settlements-work/continuation_20261004/accepted_graph25_bounded_cases_20261005/accepted_point_uses.parquet""}"
2002:006_1916564aaa_02c_Kaluzhskaja.xls:Sheet1:2309,2002:006_1916564aaa_02c_Kaluzhskaja.xls:Sheet1:2309,2002,Дача,посёлок,Мещовский район,калужская,17.0,60.0,False,,,,,,,{}
2002:006_1916564aaa_02c_Kaluzhskaja.xls:Sheet1:2309,2010:013_f60b2d2bcf_5._20Belg_Bryan_Vlad_Voron_Ivanov_Kalug_20L1_ethn_2010.xls:Data Sheet:13578,2010,Дача,село,,калужская,20.0,60.0,True,geokladr_2011_raw_dbf_coordinate,/workspace/settlements-raw/data/raw/historical_geography/geokladr_okato_2011/okato.dbf,raw_dbf_record_number_1based=51036;byte_offset_0based=20159530,/workspace/settlements-work/continuation_20261004/accepted_graph25_bounded_cases_20261005/accepted_point_uses.parquet,54.480371,35.328647,"{""target_source_record_id"": ""2010:013_f60b2d2bcf_5._20Belg_Bryan_Vlad_Voron_Ivanov_Kalug_20L1_ethn_2010.xls:Data Sheet:13578"", ""latitude"": 54.480371, ""longitude"": 35.328647, ""coordinate_admission_status"": ""reviewed_extension_rule_accepted"", ""coordinate_source_record_id"": ""GeoKLADR2011:OKATO:29227852013"", ""source_sha256"": ""52a7cd38f32d03b79c20b256dfd4019e49a0f7a4bab9d96abc57cbf16e2b90ac"", ""source_locator"": ""{\""source_file\"": \""data/raw/2010/013_f60b2d2bcf_5._20Belg_Bryan_Vlad_Voron_Ivanov_Kalug_20L1_ethn_2010.xls\"", \""source_sheet\"": \""Data Sheet\"", \""source_row\"": 13578.0}"", ""point_origin_file"": ""/workspace/settlements-raw/data/raw/historical_geography/geokladr_okato_2011/okato.dbf"", ""point_origin_sha256"": ""d1c8b983f2489724a940bd2a64dedda73b602f6c491d5c09391deaf362fe2650"", ""point_origin_locator"": ""raw_dbf_record_number_1based=51036;byte_offset_0based=20159530"", ""point_origin_kind"": ""geokladr_2011_raw_dbf_coordinate"", ""point_ledger_path"": ""/workspace/settlements-work/continuation_20261004/accepted_graph25_bounded_cases_20261005/accepted_point_uses.parquet""}"
2002:006_1916564aaa_02c_Kaluzhskaja.xls:Sheet1:2309,2021:data_allsettlements_anon_156_v20251217.parquet:parquet:29181,2021,Дача,село,"Муниципальный район ""Мещовский район""",калужская,23.0,60.0,True,tochno_2021_dadata_raw_parquet_point,/workspace/settlements-raw/data/interim/2021_tochno/data_allsettlements_anon_156_v20251217.parquet,"parquet_row_1based=29181;latitude_dadata,longitude_dadata",/workspace/settlements-work/continuation_20261004/accepted_graph25_bounded_cases_20261005/accepted_point_uses.parquet,54.3208095,35.2676106,"{""target_source_record_id"": ""2021:data_allsettlements_anon_156_v20251217.parquet:parquet:29181"", ""latitude"": 54.3208095, ""longitude"": 35.2676106, ""coordinate_admission_status"": ""reviewed_rule_accepted"", ""coordinate_source_record_id"": ""2021:data_allsettlements_anon_156_v20251217.parquet:parquet:29181"", ""source_sha256"": """", ""source_locator"": ""data/interim/2021_tochno/data_allsettlements_anon_156_v20251217.parquet#:29181.0"", ""point_origin_file"": ""/workspace/settlements-raw/data/interim/2021_tochno/data_allsettlements_anon_156_v20251217.parquet"", ""point_origin_sha256"": ""86c197cd522e0b63669e9c6e7f43fd3d82b3704c6a126c800a9968ecd16cae14"", ""point_origin_locator"": ""parquet_row_1based=29181;latitude_dadata,longitude_dadata"", ""point_origin_kind"": ""tochno_2021_dadata_raw_parquet_point"", ""point_ledger_path"": ""/workspace/settlements-work/continuation_20261004/accepted_graph25_bounded_cases_20261005/accepted_point_uses.parquet""}"
2002:020_e4f979c6c7_02c_Arxang-new.xls:Sheet1:2570,2002:020_e4f979c6c7_02c_Arxang-new.xls:Sheet1:2570,2002,Унежма,деревня,Онежский район,архангельская,1.0,1.0,False,,,,,,,{}
2002:020_e4f979c6c7_02c_Arxang-new.xls:Sheet1:2570,ARK2010:archive20131022:html_table1_tr2578,2010,унежма,деревня,,архангельская,0.0,1.0,True,geokladr_2011_raw_dbf_coordinate,/workspace/settlements-raw/data/raw/historical_geography/geokladr_okato_2011/okato.dbf,raw_dbf_record_number_1based=9733;byte_offset_0based=3844845,/workspace/settlements-work/continuation_20261004/accepted_graph25_bounded_cases_20261005/accepted_point_uses.parquet,63.775677,36.627874,"{""target_source_record_id"": ""ARK2010:archive20131022:html_table1_tr2578"", ""latitude"": 63.775677, ""longitude"": 36.627874, ""coordinate_admission_status"": ""reviewed_extension_rule_accepted"", ""coordinate_source_record_id"": ""GeoKLADR2011:OKATO:11246562003"", ""source_sha256"": ""729fecf5845bd9f1e049c85b2659bfd077dfd2d2a01fecbc9d21cb83b7b9e486"", ""source_locator"": ""archive HTML table 1; source row 2579"", ""point_origin_file"": ""/workspace/settlements-raw/data/raw/historical_geography/geokladr_okato_2011/okato.dbf"", ""point_origin_sha256"": ""d1c8b983f2489724a940bd2a64dedda73b602f6c491d5c09391deaf362fe2650"", ""point_origin_locator"": ""raw_dbf_record_number_1based=9733;byte_offset_0based=3844845"", ""point_origin_kind"": ""geokladr_2011_raw_dbf_coordinate"", ""point_ledger_path"": ""/workspace/settlements-work/continuation_20261004/accepted_graph25_bounded_cases_20261005/accepted_point_uses.parquet""}"
2002:020_e4f979c6c7_02c_Arxang-new.xls:Sheet1:2570,2021:data_allsettlements_anon_156_v20251217.parquet:parquet:89242,2021,Унежма,деревня,Онежский муниципальный район,архангельская,0.0,1.0,True,wikidata_P625_point_claim,/workspace/settlements-raw/data/raw/wikidata_truthy_claims/batch_0135.jsonl.gz,"{""line_number"": 10866, ""locator"": ""batch_0135.jsonl.gz#line=10866"", ""retrieved_at_utc"": ""2026-08-31T20:59:56.927901+00:00"", ""source_file"": ""batch_0135.jsonl.gz"", ""value_raw"": ""POINT(36.800000 63.900000)""}",/workspace/settlements-work/continuation_20261004/accepted_graph25_bounded_cases_20261005/accepted_point_uses.parquet,63.9,36.8,"{""target_source_record_id"": ""2021:data_allsettlements_anon_156_v20251217.parquet:parquet:89242"", ""latitude"": 63.9, ""longitude"": 36.8, ""coordinate_admission_status"": ""reviewed_extension_rule_accepted"", ""coordinate_source_record_id"": ""Q4475687"", ""source_sha256"": ""86c197cd522e0b63669e9c6e7f43fd3d82b3704c6a126c800a9968ecd16cae14"", ""source_locator"": ""data/interim/2021_tochno/data_allsettlements_anon_156_v20251217.parquet#row=89242.0"", ""point_origin_file"": ""/workspace/settlements-raw/data/raw/wikidata_truthy_claims/batch_0135.jsonl.gz"", ""point_origin_sha256"": ""d914db54f8a44b45d380b6822fed22f5a3f6da59ef074da58e2060c1c1b20bb7"", ""point_origin_locator"": ""{\""line_number\"": 10866, \""locator\"": \""batch_0135.jsonl.gz#line=10866\"", \""retrieved_at_utc\"": \""2026-08-31T20:59:56.927901+00:00\"", \""source_file\"": \""batch_0135.jsonl.gz\"", \""value_raw\"": \""POINT(36.800000 63.900000)\""}"", ""point_origin_kind"": ""wikidata_P625_point_claim"", ""point_ledger_path"": ""/workspace/settlements-work/continuation_20261004/accepted_graph25_bounded_cases_20261005/accepted_point_uses.parquet""}"
