qid,source_2002,selected_population_2002,source_2010,selected_population_2010,source_2021,selected_population_2021,all_three_in_accepted_graph24_component,component_years,accepted_point_2002,accepted_point_2010,accepted_point_2021,historical_2002_in_scope_base,historical_2010_in_scope_base,historical_2002_in_actual_year_additions,historical_2010_in_actual_year_additions
Q18777684,2002:050_a0dc3f856b_penzen_obl.xls:Sheet1:1704,4796,2010:016_802d308e41_8._20Or_Penz_Perm_Samar_Saratov_Uly_2010.xls:!!!:4264,5000,2021:data_allsettlements_anon_156_v20251217.parquet:parquet:95391,26878,True,"2002,2010,2021",True,True,True,True,True,False,False
Q3792537,2002:041_4b428edd23_Bashkiria_new.xls:Sheet1:3989,7843,2010:017_68e0e4537e_9._20Basq_Mari_Mord_Tatar_Udm_Chuv_2010.xls:!!!:2577,8542,2021:data_allsettlements_anon_156_v20251217.parquet:parquet:147126,11076,True,"2002,2010,2021",True,True,True,True,True,False,False
Q1067769,2002:041_4b428edd23_Bashkiria_new.xls:Sheet1:4343,8378,2010:017_68e0e4537e_9._20Basq_Mari_Mord_Tatar_Udm_Chuv_2010.xls:!!!:2809,8691,2021:data_allsettlements_anon_156_v20251217.parquet:parquet:147402,9092,True,"2002,2010,2021",True,True,True,True,True,False,False
Q13640243,2002:049_8bbd34a852_Orenburgskaja1.xls:Sheet1:2230,9026,2010:016_802d308e41_8._20Or_Penz_Perm_Samar_Saratov_Uly_2010.xls:!!!:2638,7986,2021:data_allsettlements_anon_156_v20251217.parquet:parquet:85863,6853,True,"2002,2010,2021",True,True,True,True,True,False,False
Q13640241,2002:049_8bbd34a852_Orenburgskaja1.xls:Sheet1:1656,7642,2010:016_802d308e41_8._20Or_Penz_Perm_Samar_Saratov_Uly_2010.xls:!!!:2286,7701,2021:data_allsettlements_anon_156_v20251217.parquet:parquet:85385,7131,True,"2002,2010,2021",True,True,True,True,True,False,False
Q4410466,2002:075_ad45d4f1e5_Tomskaya.xls:Sheet1:657,7514,2010:008_342f3c208b_16._20Сиб_ФО_2010.xls:Sib:9745,7481,2021:data_allsettlements_anon_156_v20251217.parquet:parquet:144006,7388,True,"2002,2010,2021",True,True,True,True,True,False,False
Q13640246,2002:049_8bbd34a852_Orenburgskaja1.xls:Sheet1:2598,6688,2010:016_802d308e41_8._20Or_Penz_Perm_Samar_Saratov_Uly_2010.xls:!!!:2845,7058,2021:data_allsettlements_anon_156_v20251217.parquet:parquet:86006,7352,True,"2002,2010,2021",True,True,True,True,True,False,False
Q4349383,2002:049_8bbd34a852_Orenburgskaja1.xls:Sheet1:1830,6576,2010:016_802d308e41_8._20Or_Penz_Perm_Samar_Saratov_Uly_2010.xls:!!!:2388,6347,2021:data_allsettlements_anon_156_v20251217.parquet:parquet:85527,5959,True,"2002,2010,2021",True,True,True,True,True,False,False
Q4371572,2002:012_c6dde723e8_02c_Ryazanskaja.xls:Sheet1:1971,6328,2010:011_040325482b_3._20Ryaz_Smol_Tambov_Tula_Jaroslavl_20L1_20ethn_2010.xls:Data Sheet:1670,6626,2021:data_allsettlements_anon_156_v20251217.parquet:parquet:113315,6371,True,"2002,2010,2021",True,True,True,True,True,False,False
Q4230261,2002:035_e1bf1fa87f_02c_Chechnya.xls:Sheet1:192,3105,2010:002_027be52979_10._20СевКаз_ФО_20(без_20Даг)_202010.xls:СК:1563,4394,2021:data_allsettlements_anon_156_v20251217.parquet:parquet:161653,5215,True,"2002,2010,2021",True,True,True,True,True,False,False
Q4148199,2002:049_8bbd34a852_Orenburgskaja1.xls:Sheet1:912,6521,2010:016_802d308e41_8._20Or_Penz_Perm_Samar_Saratov_Uly_2010.xls:!!!:1832,6120,2021:data_allsettlements_anon_156_v20251217.parquet:parquet:84877,5580,True,"2002,2010,2021",True,True,True,True,True,False,False
Q4300797,2002:070_48ec6f4a77_Irkut_obl_new.xls:Sheet1:445,1259,2010:008_342f3c208b_16._20Сиб_ФО_2010.xls:Sib:4045,6640,2021:data_allsettlements_anon_156_v20251217.parquet:parquet:24329,9219,True,"2002,2010,2021",True,True,True,True,True,False,False
Q4361366,2002:014_32646337ea_02c_Tambovskaja.xls:Sheet1:1145,5993,2010:011_040325482b_3._20Ryaz_Smol_Tambov_Tula_Jaroslavl_20L1_20ethn_2010.xls:Data Sheet:8554,5708,2021:data_allsettlements_anon_156_v20251217.parquet:parquet:128556,5271,True,"2002,2010,2021",True,True,True,True,True,False,False
Q4439793,2002:040_95a4475637_02c_Rostov_obl.xls:Sheet1:1132,170,2010:004_486e984bdc_12._20Астр_Волгог_Ростов.xls:Южный:2766,109,2021:data_allsettlements_anon_156_v20251217.parquet:parquet:109621,79,True,"2002,2010,2021",True,True,True,True,True,False,False
Q18782466,2002:053_f7f2b62d26_Samarskaja_new.xls:Sheet1:741,5440,2010:016_802d308e41_8._20Or_Penz_Perm_Samar_Saratov_Uly_2010.xls:!!!:497,5666,2021:data_allsettlements_anon_156_v20251217.parquet:parquet:115168,5275,True,"2002,2010,2021",True,True,True,True,True,False,False
Q4361506,2002:004_f58b08b4f6_02c_Voronezhskaja.xls:Sheet1:1737,5546,2010:013_f60b2d2bcf_5._20Belg_Bryan_Vlad_Voron_Ivanov_Kalug_20L1_ethn_2010.xls:Data Sheet:7902,5249,2021:data_allsettlements_anon_156_v20251217.parquet:parquet:15337,4819,True,"2002,2010,2021",True,True,True,True,True,False,False
Q4239215,2002:040_95a4475637_02c_Rostov_obl.xls:Sheet1:2978,5206,2010:004_486e984bdc_12._20Астр_Волгог_Ростов.xls:Южный:4153,4966,2021:data_allsettlements_anon_156_v20251217.parquet:parquet:111278,5320,True,"2002,2010,2021",True,True,True,True,True,False,False
Q4456025,2002:004_f58b08b4f6_02c_Voronezhskaja.xls:Sheet1:2477,4769,2010:013_f60b2d2bcf_5._20Belg_Bryan_Vlad_Voron_Ivanov_Kalug_20L1_ethn_2010.xls:Data Sheet:8420,5669,2021:data_allsettlements_anon_156_v20251217.parquet:parquet:15971,4977,True,"2002,2010,2021",True,True,True,True,True,False,False
Q4501328,2002:004_f58b08b4f6_02c_Voronezhskaja.xls:Sheet1:244,5553,2010:013_f60b2d2bcf_5._20Belg_Bryan_Vlad_Voron_Ivanov_Kalug_20L1_ethn_2010.xls:Data Sheet:6919,4878,2021:data_allsettlements_anon_156_v20251217.parquet:parquet:14063,4825,True,"2002,2010,2021",True,True,True,True,True,False,False
Q4426658,2002:057_9b18a354f1_02c_Sverdlovskaja_oblast.xls:Sheet1:17,3605,2010:003_eb441570b1_11._20Урал_ФО_2010.xls:Урал:4430,3941,2021:data_allsettlements_anon_156_v20251217.parquet:parquet:119529,7101,True,"2002,2010,2021",True,True,True,True,True,False,False
Q4083485,2002:049_8bbd34a852_Orenburgskaja1.xls:Sheet1:527,5138,2010:016_802d308e41_8._20Or_Penz_Perm_Samar_Saratov_Uly_2010.xls:!!!:1603,4982,2021:data_allsettlements_anon_156_v20251217.parquet:parquet:84624,4473,True,"2002,2010,2021",True,True,True,True,True,False,False
Q4156373,2002:004_f58b08b4f6_02c_Voronezhskaja.xls:Sheet1:2212,4451,2010:013_f60b2d2bcf_5._20Belg_Bryan_Vlad_Voron_Ivanov_Kalug_20L1_ethn_2010.xls:Data Sheet:8217,4560,2021:data_allsettlements_anon_156_v20251217.parquet:parquet:15735,5219,True,"2002,2010,2021",True,True,True,True,True,False,False
Q6715055,2002:064_d017f142fc_Tyva.xls:Sheet1:252,3679,2010:008_342f3c208b_16._20Сиб_ФО_2010.xls:Sib:11502,4185,2021:data_allsettlements_anon_156_v20251217.parquet:parquet:153186,6106,True,"2002,2010,2021",True,True,True,True,True,False,False
Q4322786,2002:048_4f024587eb_02c_Nizhegorod_obl_new.xls:11:396,1940,2010:014_5ca759eea0_5._20Nizheg_Kirov_202010.xls:Data Sheet:320,2195,2021:data_allsettlements_anon_156_v20251217.parquet:parquet:75111,9606,True,"2002,2010,2021",True,True,True,True,True,False,False
Q4370458,2002:056_6e9d0d52b3_Kurgan.xls:Sheet1:1103,5221,2010:003_eb441570b1_11._20Урал_ФО_2010.xls:Урал:760,4642,2021:data_allsettlements_anon_156_v20251217.parquet:parquet:51630,3791,True,"2002,2010,2021",True,True,True,True,True,False,False
Q14620775,2002:081_6a22d6b5c5_Amur.xls:Sheet1:104,474,2010:009_81f8a0e73c_17._20ДВ_ФО_2010.xls:ДВ:1301,503,2021:data_allsettlements_anon_156_v20251217.parquet:parquet:60926,232,True,"2002,2010,2021",True,True,True,True,True,False,False
Q4081691,2002:035_e1bf1fa87f_02c_Chechnya.xls:Sheet1:505,3247,2010:002_027be52979_10._20СевКаз_ФО_20(без_20Даг)_202010.xls:СК:1767,4551,2021:data_allsettlements_anon_156_v20251217.parquet:parquet:161998,5508,True,"2002,2010,2021",True,True,True,True,True,False,False
Q13636203,2002:004_f58b08b4f6_02c_Voronezhskaja.xls:Sheet1:1568,4539,2010:013_f60b2d2bcf_5._20Belg_Bryan_Vlad_Voron_Ivanov_Kalug_20L1_ethn_2010.xls:Data Sheet:7777,4399,2021:data_allsettlements_anon_156_v20251217.parquet:parquet:15185,3959,True,"2002,2010,2021",True,True,True,True,True,False,False
Q4321043,2002:007_acff9aa32d_02c_Kostromskaja.xls:Sheet1:1460,5019,2010:010_711691e352_2._20Kostrom_Kur_Lip_Moscow_MoscObl_Orlov_2010.xls:Data Sheet:1262,3850,2021:data_allsettlements_anon_156_v20251217.parquet:parquet:42708,4013,True,"2002,2010,2021",True,True,True,True,True,False,False
Q1973581,2002:050_a0dc3f856b_penzen_obl.xls:Sheet1:1349,4398,2010:016_802d308e41_8._20Or_Penz_Perm_Samar_Saratov_Uly_2010.xls:!!!:4005,4196,2021:data_allsettlements_anon_156_v20251217.parquet:parquet:95073,4057,True,"2002,2010,2021",True,True,True,True,True,False,False
Q4072790,2002:048_4f024587eb_02c_Nizhegorod_obl_new.xls:11:3036,3237,2010:014_5ca759eea0_5._20Nizheg_Kirov_202010.xls:Data Sheet:2324,3359,2021:data_allsettlements_anon_156_v20251217.parquet:parquet:74257,6020,True,"2002,2010,2021",True,True,True,True,True,False,False
Q4266649,2002:050_a0dc3f856b_penzen_obl.xls:Sheet1:1040,4376,2010:016_802d308e41_8._20Or_Penz_Perm_Samar_Saratov_Uly_2010.xls:!!!:3788,4390,2021:data_allsettlements_anon_156_v20251217.parquet:parquet:94805,3820,True,"2002,2010,2021",True,True,True,True,True,False,False
Q7575984,2002:049_8bbd34a852_Orenburgskaja1.xls:Sheet1:339,4152,2010:016_802d308e41_8._20Or_Penz_Perm_Samar_Saratov_Uly_2010.xls:!!!:1486,3987,2021:data_allsettlements_anon_156_v20251217.parquet:parquet:84470,4185,True,"2002,2010,2021",True,True,True,True,True,False,False
Q18797770,2002:048_4f024587eb_02c_Nizhegorod_obl_new.xls:11:5228,17,2010:014_5ca759eea0_5._20Nizheg_Kirov_202010.xls:Data Sheet:4128,19,2021:data_allsettlements_anon_156_v20251217.parquet:parquet:75083,2,True,"2002,2010,2021",True,True,True,True,True,False,False
Q4283036,2002:010_3e630cc803_02c_Moskovskaya-oblast.xls:Sheet1:3476,3718,2010:010_711691e352_2._20Kostrom_Kur_Lip_Moscow_MoscObl_Orlov_2010.xls:Data Sheet:11168,4232,2021:data_allsettlements_anon_156_v20251217.parquet:parquet:68079,3396,True,"2002,2010,2021",True,True,True,True,True,False,False
Q4291464,2002:041_4b428edd23_Bashkiria_new.xls:Sheet1:6859,209,2010:017_68e0e4537e_9._20Basq_Mari_Mord_Tatar_Udm_Chuv_2010.xls:!!!:4446,178,2021:data_allsettlements_anon_156_v20251217.parquet:parquet:149374,120,True,"2002,2010,2021",True,True,True,True,True,False,False
Q21673818,2002:014_32646337ea_02c_Tambovskaja.xls:Sheet1:870,3718,2010:011_040325482b_3._20Ryaz_Smol_Tambov_Tula_Jaroslavl_20L1_20ethn_2010.xls:Data Sheet:8339,3781,2021:data_allsettlements_anon_156_v20251217.parquet:parquet:128318,3567,True,"2002,2010,2021",True,True,True,True,True,False,False
Q4149191,2002:026_0eca405331_02c_Novgorodskaja.xls:Sheet1:2204,2394,2010:001_723371ec84_1._20NW_2010.xls:NW:10313,3331,2021:data_allsettlements_anon_156_v20251217.parquet:parquet:78909,4881,True,"2002,2010,2021",True,True,True,True,True,False,False
Q21857589,2002:004_f58b08b4f6_02c_Voronezhskaja.xls:Sheet1:2495,3430,2010:013_f60b2d2bcf_5._20Belg_Bryan_Vlad_Voron_Ivanov_Kalug_20L1_ethn_2010.xls:Data Sheet:8431,3375,2021:data_allsettlements_anon_156_v20251217.parquet:parquet:15996,3441,True,"2002,2010,2021",True,True,True,True,True,False,False
Q4417069,2002:010_3e630cc803_02c_Moskovskaya-oblast.xls:Sheet1:2481,3570,2010:010_711691e352_2._20Kostrom_Kur_Lip_Moscow_MoscObl_Orlov_2010.xls:Data Sheet:10288,3399,2021:data_allsettlements_anon_156_v20251217.parquet:parquet:67578,3197,True,"2002,2010,2021",True,True,True,True,True,False,False
Q4333196,2002:035_e1bf1fa87f_02c_Chechnya.xls:Sheet1:122,2576,2010:002_027be52979_10._20СевКаз_ФО_20(без_20Даг)_202010.xls:СК:1523,2969,2021:data_allsettlements_anon_156_v20251217.parquet:parquet:161598,4475,True,"2002,2010,2021",True,True,True,True,True,False,False
Q4363998,2002:014_32646337ea_02c_Tambovskaja.xls:Sheet1:1295,3568,2010:011_040325482b_3._20Ryaz_Smol_Tambov_Tula_Jaroslavl_20L1_20ethn_2010.xls:Data Sheet:8660,3408,2021:data_allsettlements_anon_156_v20251217.parquet:parquet:128674,2990,True,"2002,2010,2021",True,True,True,True,True,False,False
Q1060338,2002:041_4b428edd23_Bashkiria_new.xls:Sheet1:2494,681,2010:017_68e0e4537e_9._20Basq_Mari_Mord_Tatar_Udm_Chuv_2010.xls:!!!:1594,635,2021:data_allsettlements_anon_156_v20251217.parquet:parquet:145944,541,True,"2002,2010,2021",True,True,True,True,True,False,False
Q4215448,2002:041_4b428edd23_Bashkiria_new.xls:Sheet1:5472,603,2010:017_68e0e4537e_9._20Basq_Mari_Mord_Tatar_Udm_Chuv_2010.xls:!!!:3545,591,2021:data_allsettlements_anon_156_v20251217.parquet:parquet:148296,599,True,"2002,2010,2021",True,True,True,True,True,False,False
Q18781112,2002:053_f7f2b62d26_Samarskaja_new.xls:Sheet1:658,3223,2010:016_802d308e41_8._20Or_Penz_Perm_Samar_Saratov_Uly_2010.xls:!!!:436,2990,2021:data_allsettlements_anon_156_v20251217.parquet:parquet:115094,3520,True,"2002,2010,2021",True,True,True,True,True,False,False
Q13667243,2002:024_2d3f550c6f_02c_Leningradskaja_obl_new.xls:!!!!!!:3307,3272,2010:001_723371ec84_1._20NW_2010.xls:NW:8144,3148,2021:data_allsettlements_anon_156_v20251217.parquet:parquet:58567,3188,True,"2002,2010,2021",True,True,True,True,True,False,False
Q4239663,2002:054_0d77ecf40f_Saratovskaja1.xls:Sheet1:2707,3118,2010:016_802d308e41_8._20Or_Penz_Perm_Samar_Saratov_Uly_2010.xls:!!!:9997,3255,2021:data_allsettlements_anon_156_v20251217.parquet:parquet:118336,3232,True,"2002,2010,2021",True,True,True,True,True,False,False
Q12214758,2002:006_1916564aaa_02c_Kaluzhskaja.xls:Sheet1:524,3031,2010:013_f60b2d2bcf_5._20Belg_Bryan_Vlad_Voron_Ivanov_Kalug_20L1_ethn_2010.xls:Data Sheet:12009,3089,2021:data_allsettlements_anon_156_v20251217.parquet:parquet:27610,3052,True,"2002,2010,2021",True,True,True,True,True,False,False
Q18798831,2002:054_0d77ecf40f_Saratovskaja1.xls:Sheet1:434,3154,2010:016_802d308e41_8._20Or_Penz_Perm_Samar_Saratov_Uly_2010.xls:!!!:8530,3029,2021:data_allsettlements_anon_156_v20251217.parquet:parquet:116597,2957,True,"2002,2010,2021",True,True,True,True,True,False,False
Q4226820,2002:004_f58b08b4f6_02c_Voronezhskaja.xls:Sheet1:424,3390,2010:013_f60b2d2bcf_5._20Belg_Bryan_Vlad_Voron_Ivanov_Kalug_20L1_ethn_2010.xls:Data Sheet:7013,3138,2021:data_allsettlements_anon_156_v20251217.parquet:parquet:14187,2522,True,"2002,2010,2021",True,True,True,True,True,False,False
Q18807892,2002:010_3e630cc803_02c_Moskovskaya-oblast.xls:Sheet1:5455,44,2010:010_711691e352_2._20Kostrom_Kur_Lip_Moscow_MoscObl_Orlov_2010.xls:Data Sheet:12954,47,2021:data_allsettlements_anon_156_v20251217.parquet:parquet:70217,74,True,"2002,2010,2021",True,True,True,True,True,False,False
Q4258453,2002:073_f153ba2c6b_Novosib.xls:Sheet1:1309,2379,2010:008_342f3c208b_16._20Сиб_ФО_2010.xls:Sib:7038,2453,2021:data_allsettlements_anon_156_v20251217.parquet:parquet:81601,3480,True,"2002,2010,2021",True,True,True,True,True,False,False
Q4248347,2002:054_0d77ecf40f_Saratovskaja1.xls:Sheet1:1558,2979,2010:016_802d308e41_8._20Or_Penz_Perm_Samar_Saratov_Uly_2010.xls:!!!:9240,2745,2021:data_allsettlements_anon_156_v20251217.parquet:parquet:117463,2435,True,"2002,2010,2021",True,True,True,True,True,False,False
Q4319489,2002:024_2d3f550c6f_02c_Leningradskaja_obl_new.xls:!!!!!!:2054,2824,2010:001_723371ec84_1._20NW_2010.xls:NW:7040,2457,2021:data_allsettlements_anon_156_v20251217.parquet:parquet:57444,2799,True,"2002,2010,2021",True,True,True,True,True,False,False
Q4482332,2002:010_3e630cc803_02c_Moskovskaya-oblast.xls:Sheet1:4526,2145,2010:010_711691e352_2._20Kostrom_Kur_Lip_Moscow_MoscObl_Orlov_2010.xls:Data Sheet:12297,2784,2021:data_allsettlements_anon_156_v20251217.parquet:parquet:69288,3117,True,"2002,2010,2021",True,True,True,True,True,False,False
Q15278500,2002:057_9b18a354f1_02c_Sverdlovskaja_oblast.xls:Sheet1:2015,2534,2010:003_eb441570b1_11._20Урал_ФО_2010.xls:Урал:4041,2772,2021:data_allsettlements_anon_156_v20251217.parquet:parquet:120393,2707,True,"2002,2010,2021",True,True,True,True,True,False,False
Q4078916,2002:006_1916564aaa_02c_Kaluzhskaja.xls:Sheet1:254,2675,2010:013_f60b2d2bcf_5._20Belg_Bryan_Vlad_Voron_Ivanov_Kalug_20L1_ethn_2010.xls:Data Sheet:11767,2738,2021:data_allsettlements_anon_156_v20251217.parquet:parquet:27348,2540,True,"2002,2010,2021",True,True,True,True,True,False,False
Q4097586,2002:010_3e630cc803_02c_Moskovskaya-oblast.xls:Sheet1:5716,810,2010:010_711691e352_2._20Kostrom_Kur_Lip_Moscow_MoscObl_Orlov_2010.xls:Data Sheet:13167,886,2021:data_allsettlements_anon_156_v20251217.parquet:parquet:69957,5901,True,"2002,2010,2021",True,True,True,True,True,False,False
Q15276017,2002:057_9b18a354f1_02c_Sverdlovskaja_oblast.xls:Sheet1:859,2281,2010:003_eb441570b1_11._20Урал_ФО_2010.xls:Урал:3178,2186,2021:data_allsettlements_anon_156_v20251217.parquet:parquet:119714,1359,True,"2002,2010,2021",True,True,True,True,True,False,False
Q4126259,2002:016_3aa889d669_02c_Tulskaja.xls:Sheet1:929,2454,2010:011_040325482b_3._20Ryaz_Smol_Tambov_Tula_Jaroslavl_20L1_20ethn_2010.xls:Data Sheet:10169,2571,2021:data_allsettlements_anon_156_v20251217.parquet:parquet:150208,2490,True,"2002,2010,2021",True,True,True,True,True,False,False
Q4383946,2002:010_3e630cc803_02c_Moskovskaya-oblast.xls:Sheet1:27,2163,2010:010_711691e352_2._20Kostrom_Kur_Lip_Moscow_MoscObl_Orlov_2010.xls:Data Sheet:8065,2055,2021:data_allsettlements_anon_156_v20251217.parquet:parquet:65208,3075,True,"2002,2010,2021",True,True,True,True,True,False,False
Q16054143,2002:010_3e630cc803_02c_Moskovskaya-oblast.xls:Sheet1:1142,114,2010:010_711691e352_2._20Kostrom_Kur_Lip_Moscow_MoscObl_Orlov_2010.xls:Data Sheet:9015,99,2021:data_allsettlements_anon_156_v20251217.parquet:parquet:66336,211,True,"2002,2010,2021",True,True,True,True,True,False,False
Q4130295,2002:054_0d77ecf40f_Saratovskaja1.xls:Sheet1:2424,2509,2010:016_802d308e41_8._20Or_Penz_Perm_Samar_Saratov_Uly_2010.xls:!!!:9812,2205,2021:data_allsettlements_anon_156_v20251217.parquet:parquet:118109,2291,True,"2002,2010,2021",True,True,True,True,True,False,False
Q21853934,2002:014_32646337ea_02c_Tambovskaja.xls:Sheet1:1862,2144,2010:011_040325482b_3._20Ryaz_Smol_Tambov_Tula_Jaroslavl_20L1_20ethn_2010.xls:Data Sheet:9094,2338,2021:data_allsettlements_anon_156_v20251217.parquet:parquet:129177,2393,True,"2002,2010,2021",True,True,True,True,True,False,False
Q4369401,2002:057_9b18a354f1_02c_Sverdlovskaja_oblast.xls:Sheet1:1265,1875,2010:003_eb441570b1_11._20Урал_ФО_2010.xls:Урал:3490,1917,2021:data_allsettlements_anon_156_v20251217.parquet:parquet:120040,2172,True,"2002,2010,2021",True,True,True,True,True,False,False
Q4175151,2002:054_0d77ecf40f_Saratovskaja1.xls:Sheet1:613,2135,2010:016_802d308e41_8._20Or_Penz_Perm_Samar_Saratov_Uly_2010.xls:!!!:8650,1983,2021:data_allsettlements_anon_156_v20251217.parquet:parquet:116754,2315,True,"2002,2010,2021",True,True,True,True,True,False,False
Q15273484,2002:061_e177b0a77d_Chel_abinskaja1.xls:Sheet1:1452,2175,2010:003_eb441570b1_11._20Урал_ФО_2010.xls:Урал:5598,2083,2021:data_allsettlements_anon_156_v20251217.parquet:parquet:160990,2146,True,"2002,2010,2021",True,True,True,True,True,False,False
Q27579063,2002:006_1916564aaa_02c_Kaluzhskaja.xls:Sheet1:28,2002,2010:013_f60b2d2bcf_5._20Belg_Bryan_Vlad_Voron_Ivanov_Kalug_20L1_ethn_2010.xls:Data Sheet:14784,1976,2021:data_allsettlements_anon_156_v20251217.parquet:parquet:30641,2324,True,"2002,2010,2021",True,True,True,True,True,False,False
Q21669934,2002:006_1916564aaa_02c_Kaluzhskaja.xls:Sheet1:459,1624,2010:013_f60b2d2bcf_5._20Belg_Bryan_Vlad_Voron_Ivanov_Kalug_20L1_ethn_2010.xls:Data Sheet:11948,1690,2021:data_allsettlements_anon_156_v20251217.parquet:parquet:27529,2844,True,"2002,2010,2021",True,True,True,True,True,False,False
Q4326539,2002:010_3e630cc803_02c_Moskovskaya-oblast.xls:Sheet1:2546,1756,2010:010_711691e352_2._20Kostrom_Kur_Lip_Moscow_MoscObl_Orlov_2010.xls:Data Sheet:10358,2235,2021:data_allsettlements_anon_156_v20251217.parquet:parquet:67673,1934,True,"2002,2010,2021",True,True,True,True,True,False,False
Q21672487,2002:014_32646337ea_02c_Tambovskaja.xls:Sheet1:216,236,2010:011_040325482b_3._20Ryaz_Smol_Tambov_Tula_Jaroslavl_20L1_20ethn_2010.xls:Data Sheet:7835,200,2021:data_allsettlements_anon_156_v20251217.parquet:parquet:127756,157,True,"2002,2010,2021",True,True,True,True,True,False,False
Q15260344,2002:061_e177b0a77d_Chel_abinskaja1.xls:Sheet1:1007,1584,2010:003_eb441570b1_11._20Урал_ФО_2010.xls:Урал:5286,1738,2021:data_allsettlements_anon_156_v20251217.parquet:parquet:160589,2731,True,"2002,2010,2021",True,True,True,True,True,False,False
Q19814465,2002:050_a0dc3f856b_penzen_obl.xls:Sheet1:1215,2287,2010:016_802d308e41_8._20Or_Penz_Perm_Samar_Saratov_Uly_2010.xls:!!!:3904,1963,2021:data_allsettlements_anon_156_v20251217.parquet:parquet:94951,1785,True,"2002,2010,2021",True,True,True,True,True,False,False
Q19813695,2002:053_f7f2b62d26_Samarskaja_new.xls:Sheet1:1750,188,2010:016_802d308e41_8._20Or_Penz_Perm_Samar_Saratov_Uly_2010.xls:!!!:1182,148,2021:data_allsettlements_anon_156_v20251217.parquet:parquet:116026,149,True,"2002,2010,2021",True,True,True,True,True,False,False
Q23872643,2002:011_f46bbaadfd_02c_Orlovskaja.xls:Sheet1:2400,998,2010:010_711691e352_2._20Kostrom_Kur_Lip_Moscow_MoscObl_Orlov_2010.xls:Data Sheet:16375,902,2021:data_allsettlements_anon_156_v20251217.parquet:parquet:92983,4083,True,"2002,2010,2021",True,True,True,True,True,False,False
Q18613633,2002:081_6a22d6b5c5_Amur.xls:Sheet1:349,2088,2010:009_81f8a0e73c_17._20ДВ_ФО_2010.xls:ДВ:1683,1859,2021:data_allsettlements_anon_156_v20251217.parquet:parquet:61378,1859,True,"2002,2010,2021",True,True,True,True,True,False,False
Q27579717,2002:056_6e9d0d52b3_Kurgan.xls:Sheet1:884,771,2010:003_eb441570b1_11._20Урал_ФО_2010.xls:Урал:614,592,2021:data_allsettlements_anon_156_v20251217.parquet:parquet:51489,490,True,"2002,2010,2021",True,True,True,True,True,False,False
Q4297640,2002:041_4b428edd23_Bashkiria_new.xls:Sheet1:6265,157,2010:017_68e0e4537e_9._20Basq_Mari_Mord_Tatar_Udm_Chuv_2010.xls:!!!:4073,149,2021:data_allsettlements_anon_156_v20251217.parquet:parquet:148935,116,True,"2002,2010,2021",True,True,True,True,True,False,False
Q4533540,2002:022_862ad8a69d_02c_Vologodskaya.xls:2C:6494,1658,2010:012_5c339c0d0e_4._20Vologod_pskov_2010.xls:Data Sheet:6067,1772,2021:data_allsettlements_anon_156_v20251217.parquet:parquet:11924,2167,True,"2002,2010,2021",True,True,True,True,True,False,False
Q4297539,2002:041_4b428edd23_Bashkiria_new.xls:Sheet1:298,121,2010:017_68e0e4537e_9._20Basq_Mari_Mord_Tatar_Udm_Chuv_2010.xls:!!!:145,88,2021:data_allsettlements_anon_156_v20251217.parquet:parquet:144199,70,True,"2002,2010,2021",True,True,True,True,True,False,False
Q4333189,2002:035_e1bf1fa87f_02c_Chechnya.xls:Sheet1:39,839,2010:002_027be52979_10._20СевКаз_ФО_20(без_20Даг)_202010.xls:СК:1464,1167,2021:data_allsettlements_anon_156_v20251217.parquet:parquet:161521,1688,True,"2002,2010,2021",True,True,True,True,True,False,False
Q4455266,2002:054_0d77ecf40f_Saratovskaja1.xls:Sheet1:1495,1848,2010:016_802d308e41_8._20Or_Penz_Perm_Samar_Saratov_Uly_2010.xls:!!!:9192,1823,2021:data_allsettlements_anon_156_v20251217.parquet:parquet:117399,1819,True,"2002,2010,2021",True,True,True,True,True,False,False
Q4061764,2002:054_0d77ecf40f_Saratovskaja1.xls:Sheet1:233,2005,2010:016_802d308e41_8._20Or_Penz_Perm_Samar_Saratov_Uly_2010.xls:!!!:8399,1838,2021:data_allsettlements_anon_156_v20251217.parquet:parquet:116456,1647,True,"2002,2010,2021",True,True,True,True,True,False,False
Q18764923,2002:054_0d77ecf40f_Saratovskaja1.xls:Sheet1:2295,1686,2010:016_802d308e41_8._20Or_Penz_Perm_Samar_Saratov_Uly_2010.xls:!!!:9720,1780,2021:data_allsettlements_anon_156_v20251217.parquet:parquet:118022,1955,True,"2002,2010,2021",True,True,True,True,True,False,False
Q18782300,2002:054_0d77ecf40f_Saratovskaja1.xls:Sheet1:331,1028,2010:016_802d308e41_8._20Or_Penz_Perm_Samar_Saratov_Uly_2010.xls:!!!:8463,952,2021:data_allsettlements_anon_156_v20251217.parquet:parquet:116531,1117,True,"2002,2010,2021",True,True,True,True,True,False,False
Q19813274,2002:048_4f024587eb_02c_Nizhegorod_obl_new.xls:11:656,1868,2010:014_5ca759eea0_5._20Nizheg_Kirov_202010.xls:Data Sheet:4594,1769,2021:data_allsettlements_anon_156_v20251217.parquet:parquet:75143,1729,True,"2002,2010,2021",True,True,True,True,True,False,False
Q19887169,2002:003_308406b0ed_02c_Vladimirskaja.xls:Sheet1:2515,1530,2010:013_f60b2d2bcf_5._20Belg_Bryan_Vlad_Voron_Ivanov_Kalug_20L1_ethn_2010.xls:Data Sheet:6574,1785,2021:data_allsettlements_anon_156_v20251217.parquet:parquet:3549,1951,True,"2002,2010,2021",True,True,True,True,True,False,False
Q18777683,2002:050_a0dc3f856b_penzen_obl.xls:Sheet1:1507,160,2010:016_802d308e41_8._20Or_Penz_Perm_Samar_Saratov_Uly_2010.xls:!!!:4117,117,2021:data_allsettlements_anon_156_v20251217.parquet:parquet:95193,106,True,"2002,2010,2021",True,True,True,True,True,False,False
Q15254350,2002:061_e177b0a77d_Chel_abinskaja1.xls:Sheet1:1675,1958,2010:003_eb441570b1_11._20Урал_ФО_2010.xls:Урал:5770,1768,2021:data_allsettlements_anon_156_v20251217.parquet:parquet:161205,1539,True,"2002,2010,2021",True,True,True,True,True,False,False
Q108787389,2002:048_4f024587eb_02c_Nizhegorod_obl_new.xls:11:3184,1833,2010:014_5ca759eea0_5._20Nizheg_Kirov_202010.xls:Data Sheet:2450,1801,2021:data_allsettlements_anon_156_v20251217.parquet:parquet:75560,1579,True,"2002,2010,2021",True,True,True,True,True,False,False
Q4463580,2002:057_9b18a354f1_02c_Sverdlovskaja_oblast.xls:Sheet1:917,1723,2010:003_eb441570b1_11._20Урал_ФО_2010.xls:Урал:3218,1708,2021:data_allsettlements_anon_156_v20251217.parquet:parquet:119768,1749,True,"2002,2010,2021",True,True,True,True,True,False,False
Q4160894,2002:034_e4218f10b9_02c_N.Osetia.xls:Sheet1:40,1565,2010:002_027be52979_10._20СевКаз_ФО_20(без_20Даг)_202010.xls:СК:1078,1697,2021:data_allsettlements_anon_156_v20251217.parquet:parquet:121214,1787,True,"2002,2010,2021",True,True,True,True,True,False,False
Q19648732,2002:010_3e630cc803_02c_Moskovskaya-oblast.xls:Sheet1:2032,1669,2010:010_711691e352_2._20Kostrom_Kur_Lip_Moscow_MoscObl_Orlov_2010.xls:Data Sheet:9910,1754,2021:data_allsettlements_anon_156_v20251217.parquet:parquet:67131,1617,True,"2002,2010,2021",True,True,True,True,True,False,False
Q28483084,2002:064_d017f142fc_Tyva.xls:Sheet1:149,1306,2010:008_342f3c208b_16._20Сиб_ФО_2010.xls:Sib:11472,1334,2021:data_allsettlements_anon_156_v20251217.parquet:parquet:153132,1532,True,"2002,2010,2021",True,True,True,True,True,False,False
Q12083952,2002:024_2d3f550c6f_02c_Leningradskaja_obl_new.xls:!!!!!!:93,1699,2010:001_723371ec84_1._20NW_2010.xls:NW:5300,1614,2021:data_allsettlements_anon_156_v20251217.parquet:parquet:55622,1666,True,"2002,2010,2021",True,True,True,True,True,False,False
Q4520442,2002:010_3e630cc803_02c_Moskovskaya-oblast.xls:Sheet1:4171,1601,2010:010_711691e352_2._20Kostrom_Kur_Lip_Moscow_MoscObl_Orlov_2010.xls:Data Sheet:11757,1555,2021:data_allsettlements_anon_156_v20251217.parquet:parquet:68894,1770,True,"2002,2010,2021",True,True,True,True,True,False,False
Q23877110,2002:016_3aa889d669_02c_Tulskaja.xls:Sheet1:741,344,2010:011_040325482b_3._20Ryaz_Smol_Tambov_Tula_Jaroslavl_20L1_20ethn_2010.xls:Data Sheet:10003,339,2021:data_allsettlements_anon_156_v20251217.parquet:parquet:150049,348,True,"2002,2010,2021",True,True,True,True,True,False,False
Q18787966,2002:050_a0dc3f856b_penzen_obl.xls:Sheet1:478,218,2010:016_802d308e41_8._20Or_Penz_Perm_Samar_Saratov_Uly_2010.xls:!!!:3413,249,2021:data_allsettlements_anon_156_v20251217.parquet:parquet:94366,246,True,"2002,2010,2021",True,True,True,True,True,False,False
Q4237977,2002:011_f46bbaadfd_02c_Orlovskaja.xls:Sheet1:1190,1826,2010:010_711691e352_2._20Kostrom_Kur_Lip_Moscow_MoscObl_Orlov_2010.xls:Data Sheet:15317,1560,2021:data_allsettlements_anon_156_v20251217.parquet:parquet:91831,1399,True,"2002,2010,2021",True,True,True,True,True,False,False
Q4083847,2002:035_e1bf1fa87f_02c_Chechnya.xls:Sheet1:358,2389,2010:002_027be52979_10._20СевКаз_ФО_20(без_20Даг)_202010.xls:СК:1673,1217,2021:data_allsettlements_anon_156_v20251217.parquet:parquet:161835,1061,True,"2002,2010,2021",True,True,True,True,True,False,False
Q23883954,2002:016_3aa889d669_02c_Tulskaja.xls:Sheet1:3526,92,2010:011_040325482b_3._20Ryaz_Smol_Tambov_Tula_Jaroslavl_20L1_20ethn_2010.xls:Data Sheet:12527,105,2021:data_allsettlements_anon_156_v20251217.parquet:parquet:152121,103,True,"2002,2010,2021",True,True,True,True,True,False,False
Q18792586,2002:050_a0dc3f856b_penzen_obl.xls:Sheet1:961,1481,2010:016_802d308e41_8._20Or_Penz_Perm_Samar_Saratov_Uly_2010.xls:!!!:3732,1591,2021:data_allsettlements_anon_156_v20251217.parquet:parquet:94746,1513,True,"2002,2010,2021",True,True,True,True,True,False,False
Q23872843,2002:016_3aa889d669_02c_Tulskaja.xls:Sheet1:2616,659,2010:011_040325482b_3._20Ryaz_Smol_Tambov_Tula_Jaroslavl_20L1_20ethn_2010.xls:Data Sheet:11691,491,2021:data_allsettlements_anon_156_v20251217.parquet:parquet:151274,529,True,"2002,2010,2021",True,True,True,True,True,False,False
Q4332021,2002:054_0d77ecf40f_Saratovskaja1.xls:Sheet1:1810,1574,2010:016_802d308e41_8._20Or_Penz_Perm_Samar_Saratov_Uly_2010.xls:!!!:9393,1416,2021:data_allsettlements_anon_156_v20251217.parquet:parquet:117647,1446,True,"2002,2010,2021",True,True,True,True,True,False,False
Q4192873,2002:057_9b18a354f1_02c_Sverdlovskaja_oblast.xls:Sheet1:1962,1447,2010:003_eb441570b1_11._20Урал_ФО_2010.xls:Урал:4000,1427,2021:data_allsettlements_anon_156_v20251217.parquet:parquet:121049,1531,True,"2002,2010,2021",True,True,True,True,True,False,False
Q4429604,2002:050_a0dc3f856b_penzen_obl.xls:Sheet1:166,1392,2010:016_802d308e41_8._20Or_Penz_Perm_Samar_Saratov_Uly_2010.xls:!!!:3186,1281,2021:data_allsettlements_anon_156_v20251217.parquet:parquet:94109,998,True,"2002,2010,2021",True,True,True,True,True,False,False
Q19686634,2002:061_e177b0a77d_Chel_abinskaja1.xls:Sheet1:466,1649,2010:003_eb441570b1_11._20Урал_ФО_2010.xls:Урал:4907,1480,2021:data_allsettlements_anon_156_v20251217.parquet:parquet:160081,1261,True,"2002,2010,2021",True,True,True,True,True,False,False
Q13648822,2002:056_6e9d0d52b3_Kurgan.xls:Sheet1:190,1742,2010:003_eb441570b1_11._20Урал_ФО_2010.xls:Урал:132,1543,2021:data_allsettlements_anon_156_v20251217.parquet:parquet:51079,1052,True,"2002,2010,2021",True,True,True,True,True,False,False
Q18799784,2002:054_0d77ecf40f_Saratovskaja1.xls:Sheet1:499,1559,2010:016_802d308e41_8._20Or_Penz_Perm_Samar_Saratov_Uly_2010.xls:!!!:8572,1405,2021:data_allsettlements_anon_156_v20251217.parquet:parquet:116635,1361,True,"2002,2010,2021",True,True,True,True,True,False,False
Q21668774,2002:006_1916564aaa_02c_Kaluzhskaja.xls:Sheet1:3614,6,2010:013_f60b2d2bcf_5._20Belg_Bryan_Vlad_Voron_Ivanov_Kalug_20L1_ethn_2010.xls:Data Sheet:14714,7,2021:data_allsettlements_anon_156_v20251217.parquet:parquet:30569,28,True,"2002,2010,2021",True,True,True,True,True,False,False
Q18805868,2002:061_e177b0a77d_Chel_abinskaja1.xls:Sheet1:736,1459,2010:003_eb441570b1_11._20Урал_ФО_2010.xls:Урал:5096,1374,2021:data_allsettlements_anon_156_v20251217.parquet:parquet:160336,1384,True,"2002,2010,2021",True,True,True,True,True,False,False
Q13640884,2002:061_e177b0a77d_Chel_abinskaja1.xls:Sheet1:1155,1681,2010:003_eb441570b1_11._20Урал_ФО_2010.xls:Урал:5397,1390,2021:data_allsettlements_anon_156_v20251217.parquet:parquet:160720,1113,True,"2002,2010,2021",True,True,True,True,True,False,False
Q4099511,2002:048_4f024587eb_02c_Nizhegorod_obl_new.xls:11:2299,626,2010:014_5ca759eea0_5._20Nizheg_Kirov_202010.xls:Data Sheet:1713,513,2021:data_allsettlements_anon_156_v20251217.parquet:parquet:73823,327,True,"2002,2010,2021",True,True,True,True,True,False,False
Q15267742,2002:057_9b18a354f1_02c_Sverdlovskaja_oblast.xls:Sheet1:66,9,2010:003_eb441570b1_11._20Урал_ФО_2010.xls:Урал:4455,22,2021:data_allsettlements_anon_156_v20251217.parquet:parquet:120730,103,True,"2002,2010,2021",True,True,True,True,True,False,False
Q19638569,2002:050_a0dc3f856b_penzen_obl.xls:Sheet1:606,1795,2010:016_802d308e41_8._20Or_Penz_Perm_Samar_Saratov_Uly_2010.xls:!!!:3504,1379,2021:data_allsettlements_anon_156_v20251217.parquet:parquet:94477,893,True,"2002,2010,2021",True,True,True,True,True,False,False
Q19907380,2002:081_6a22d6b5c5_Amur.xls:Sheet1:557,54,2010:009_81f8a0e73c_17._20ДВ_ФО_2010.xls:ДВ:1739,42,2021:data_allsettlements_anon_156_v20251217.parquet:parquet:61427,54,True,"2002,2010,2021",True,True,True,True,True,False,False
Q16419148,2002:061_e177b0a77d_Chel_abinskaja1.xls:Sheet1:253,1384,2010:003_eb441570b1_11._20Урал_ФО_2010.xls:Урал:4763,1330,2021:data_allsettlements_anon_156_v20251217.parquet:parquet:159907,1279,True,"2002,2010,2021",True,True,True,True,True,False,False
Q15271213,2002:057_9b18a354f1_02c_Sverdlovskaja_oblast.xls:Sheet1:201,1553,2010:003_eb441570b1_11._20Урал_ФО_2010.xls:Урал:4584,1408,2021:data_allsettlements_anon_156_v20251217.parquet:parquet:120770,1003,True,"2002,2010,2021",True,True,True,True,True,False,False
Q18796851,2002:054_0d77ecf40f_Saratovskaja1.xls:Sheet1:2650,214,2010:016_802d308e41_8._20Or_Penz_Perm_Samar_Saratov_Uly_2010.xls:!!!:9963,159,2021:data_allsettlements_anon_156_v20251217.parquet:parquet:118267,149,True,"2002,2010,2021",True,True,True,True,True,False,False
Q4061319,2002:054_0d77ecf40f_Saratovskaja1.xls:Sheet1:2397,1160,2010:016_802d308e41_8._20Or_Penz_Perm_Samar_Saratov_Uly_2010.xls:!!!:9799,1112,2021:data_allsettlements_anon_156_v20251217.parquet:parquet:118094,987,True,"2002,2010,2021",True,True,True,True,True,False,False
Q13640184,2002:003_308406b0ed_02c_Vladimirskaja.xls:Sheet1:580,1477,2010:013_f60b2d2bcf_5._20Belg_Bryan_Vlad_Voron_Ivanov_Kalug_20L1_ethn_2010.xls:Data Sheet:4857,1259,2021:data_allsettlements_anon_156_v20251217.parquet:parquet:1705,1183,True,"2002,2010,2021",True,True,True,True,True,False,False
Q21342979,2002:001_6e5cceefdf_02c_Belgorod-obl.xls:Sheet1:1624,677,2010:013_f60b2d2bcf_5._20Belg_Bryan_Vlad_Voron_Ivanov_Kalug_20L1_ethn_2010.xls:Data Sheet:1270,587,2021:data_allsettlements_anon_156_v20251217.parquet:parquet:165160,469,True,"2002,2010,2021",True,True,True,True,True,False,False
Q15255206,2002:061_e177b0a77d_Chel_abinskaja1.xls:Sheet1:1561,1388,2010:003_eb441570b1_11._20Урал_ФО_2010.xls:Урал:5694,1206,2021:data_allsettlements_anon_156_v20251217.parquet:parquet:161108,1230,True,"2002,2010,2021",True,True,True,True,True,False,False
Q18788426,2002:008_d607cc2b0d_02c_Kurskaja.xls:Sheet1:108,1375,2010:010_711691e352_2._20Kostrom_Kur_Lip_Moscow_MoscObl_Orlov_2010.xls:Data Sheet:3589,1356,2021:data_allsettlements_anon_156_v20251217.parquet:parquet:52167,1090,True,"2002,2010,2021",True,True,True,True,True,False,False
Q16893361,2002:078_8405ea8fce_Yakutia.xls:Sheet1:238,1311,2010:009_81f8a0e73c_17._20ДВ_ФО_2010.xls:ДВ:2323,1330,2021:data_allsettlements_anon_156_v20251217.parquet:parquet:166211,1156,True,"2002,2010,2021",True,True,True,True,True,False,False
Q15276050,2002:057_9b18a354f1_02c_Sverdlovskaja_oblast.xls:Sheet1:1615,214,2010:003_eb441570b1_11._20Урал_ФО_2010.xls:Урал:3741,117,2021:data_allsettlements_anon_156_v20251217.parquet:parquet:120239,66,True,"2002,2010,2021",True,True,True,True,True,False,False
Q19848310,2002:003_308406b0ed_02c_Vladimirskaja.xls:Sheet1:1224,1385,2010:013_f60b2d2bcf_5._20Belg_Bryan_Vlad_Voron_Ivanov_Kalug_20L1_ethn_2010.xls:Data Sheet:5424,1338,2021:data_allsettlements_anon_156_v20251217.parquet:parquet:2460,1039,True,"2002,2010,2021",True,True,True,True,True,False,False
Q21852712,2002:014_32646337ea_02c_Tambovskaja.xls:Sheet1:1984,365,2010:011_040325482b_3._20Ryaz_Smol_Tambov_Tula_Jaroslavl_20L1_20ethn_2010.xls:Data Sheet:9191,331,2021:data_allsettlements_anon_156_v20251217.parquet:parquet:129280,219,True,"2002,2010,2021",True,True,True,True,True,False,False
Q19669484,2002:054_0d77ecf40f_Saratovskaja1.xls:Sheet1:1175,435,2010:016_802d308e41_8._20Or_Penz_Perm_Samar_Saratov_Uly_2010.xls:!!!:8998,362,2021:data_allsettlements_anon_156_v20251217.parquet:parquet:117175,252,True,"2002,2010,2021",True,True,True,True,True,False,False
Q16849003,2002:078_8405ea8fce_Yakutia.xls:Sheet1:69,1271,2010:009_81f8a0e73c_17._20ДВ_ФО_2010.xls:ДВ:2249,1296,2021:data_allsettlements_anon_156_v20251217.parquet:parquet:166078,1126,True,"2002,2010,2021",True,True,True,True,True,False,False
Q4078921,2002:006_1916564aaa_02c_Kaluzhskaja.xls:Sheet1:3003,471,2010:013_f60b2d2bcf_5._20Belg_Bryan_Vlad_Voron_Ivanov_Kalug_20L1_ethn_2010.xls:Data Sheet:14183,401,2021:data_allsettlements_anon_156_v20251217.parquet:parquet:29981,478,True,"2002,2010,2021",True,True,True,True,True,False,False
Q4325725,2002:048_4f024587eb_02c_Nizhegorod_obl_new.xls:11:1212,1272,2010:014_5ca759eea0_5._20Nizheg_Kirov_202010.xls:Data Sheet:724,1159,2021:data_allsettlements_anon_156_v20251217.parquet:parquet:72887,1217,True,"2002,2010,2021",True,True,True,True,True,False,False
Q18806301,2002:048_4f024587eb_02c_Nizhegorod_obl_new.xls:11:2986,170,2010:014_5ca759eea0_5._20Nizheg_Kirov_202010.xls:Data Sheet:2286,127,2021:data_allsettlements_anon_156_v20251217.parquet:parquet:74207,138,True,"2002,2010,2021",True,True,True,True,True,False,False
Q19616288,2002:063_3ec7f8316e_buriatia1.xls:Sheet1:497,318,2010:008_342f3c208b_16._20Сиб_ФО_2010.xls:Sib:10871,262,2021:data_allsettlements_anon_156_v20251217.parquet:parquet:737,236,True,"2002,2010,2021",True,True,True,True,True,False,False
Q16019945,2002:016_3aa889d669_02c_Tulskaja.xls:Sheet1:3090,676,2010:011_040325482b_3._20Ryaz_Smol_Tambov_Tula_Jaroslavl_20L1_20ethn_2010.xls:Data Sheet:12122,667,2021:data_allsettlements_anon_156_v20251217.parquet:parquet:151664,554,True,"2002,2010,2021",True,True,True,True,True,False,False
Q2619393,2002:078_8405ea8fce_Yakutia.xls:Sheet1:122,1187,2010:009_81f8a0e73c_17._20ДВ_ФО_2010.xls:ДВ:2271,1193,2021:data_allsettlements_anon_156_v20251217.parquet:parquet:166122,1185,True,"2002,2010,2021",True,True,True,True,True,False,False
Q20122619,2002:005_14871cc62a_02c_Ivanovskaja.xls:Sheet1:1150,1313,2010:013_f60b2d2bcf_5._20Belg_Bryan_Vlad_Voron_Ivanov_Kalug_20L1_ethn_2010.xls:Data Sheet:9602,1199,2021:data_allsettlements_anon_156_v20251217.parquet:parquet:20989,1033,True,"2002,2010,2021",True,True,True,True,True,False,False
Q16897133,2002:078_8405ea8fce_Yakutia.xls:Sheet1:449,1156,2010:009_81f8a0e73c_17._20ДВ_ФО_2010.xls:ДВ:2436,1220,2021:data_allsettlements_anon_156_v20251217.parquet:parquet:166404,1147,True,"2002,2010,2021",True,True,True,True,True,False,False
Q15569772,2002:057_9b18a354f1_02c_Sverdlovskaja_oblast.xls:Sheet1:1113,784,2010:003_eb441570b1_11._20Урал_ФО_2010.xls:Урал:3371,682,2021:data_allsettlements_anon_156_v20251217.parquet:parquet:119967,605,True,"2002,2010,2021",True,True,True,True,True,False,False
Q4423547,2002:022_862ad8a69d_02c_Vologodskaya.xls:2C:3602,1209,2010:012_5c339c0d0e_4._20Vologod_pskov_2010.xls:Data Sheet:3341,1159,2021:data_allsettlements_anon_156_v20251217.parquet:parquet:9192,1093,True,"2002,2010,2021",True,True,True,True,True,False,False
Q4522662,2002:027_25f0f7433c_02c_Pskovskaja.xls:!!:945,1127,2010:012_5c339c0d0e_4._20Vologod_pskov_2010.xls:Data Sheet:8931,1184,2021:data_allsettlements_anon_156_v20251217.parquet:parquet:100995,1128,True,"2002,2010,2021",True,True,True,True,True,False,False
Q21668684,2002:006_1916564aaa_02c_Kaluzhskaja.xls:Sheet1:942,779,2010:013_f60b2d2bcf_5._20Belg_Bryan_Vlad_Voron_Ivanov_Kalug_20L1_ethn_2010.xls:Data Sheet:12373,718,2021:data_allsettlements_anon_156_v20251217.parquet:parquet:27997,1938,True,"2002,2010,2021",True,True,True,True,True,False,False
Q15276760,2002:057_9b18a354f1_02c_Sverdlovskaja_oblast.xls:Sheet1:387,1374,2010:003_eb441570b1_11._20Урал_ФО_2010.xls:Урал:4736,1220,2021:data_allsettlements_anon_156_v20251217.parquet:parquet:120891,836,True,"2002,2010,2021",True,True,True,True,True,False,False
Q4061763,2002:054_0d77ecf40f_Saratovskaja1.xls:Sheet1:59,1076,2010:016_802d308e41_8._20Or_Penz_Perm_Samar_Saratov_Uly_2010.xls:!!!:8275,716,2021:data_allsettlements_anon_156_v20251217.parquet:parquet:116328,516,True,"2002,2010,2021",True,True,True,True,True,False,False
Q15266733,2002:057_9b18a354f1_02c_Sverdlovskaja_oblast.xls:Sheet1:752,1325,2010:003_eb441570b1_11._20Урал_ФО_2010.xls:Урал:3090,1102,2021:data_allsettlements_anon_156_v20251217.parquet:parquet:119320,968,True,"2002,2010,2021",True,True,True,True,True,False,False
Q15267616,2002:057_9b18a354f1_02c_Sverdlovskaja_oblast.xls:Sheet1:1785,1172,2010:003_eb441570b1_11._20Урал_ФО_2010.xls:Урал:3871,1200,2021:data_allsettlements_anon_156_v20251217.parquet:parquet:120337,1022,True,"2002,2010,2021",True,True,True,True,True,False,False
Q19810965,2002:048_4f024587eb_02c_Nizhegorod_obl_new.xls:11:5588,2,2010:014_5ca759eea0_5._20Nizheg_Kirov_202010.xls:Data Sheet:4436,4,2021:data_allsettlements_anon_156_v20251217.parquet:parquet:75998,8,True,"2002,2010,2021",True,True,True,True,True,False,False
Q18766255,2002:054_0d77ecf40f_Saratovskaja1.xls:Sheet1:516,1181,2010:016_802d308e41_8._20Or_Penz_Perm_Samar_Saratov_Uly_2010.xls:!!!:8583,1174,2021:data_allsettlements_anon_156_v20251217.parquet:parquet:116674,1003,True,"2002,2010,2021",True,True,True,True,True,False,False
Q19686744,2002:061_e177b0a77d_Chel_abinskaja1.xls:Sheet1:1606,1106,2010:003_eb441570b1_11._20Урал_ФО_2010.xls:Урал:5724,1175,2021:data_allsettlements_anon_156_v20251217.parquet:parquet:161143,1050,True,"2002,2010,2021",True,True,True,True,True,False,False
Q18793087,2002:054_0d77ecf40f_Saratovskaja1.xls:Sheet1:42,1088,2010:016_802d308e41_8._20Or_Penz_Perm_Samar_Saratov_Uly_2010.xls:!!!:8257,1062,2021:data_allsettlements_anon_156_v20251217.parquet:parquet:116295,1170,True,"2002,2010,2021",True,True,True,True,True,False,False
Q4130287,2002:054_0d77ecf40f_Saratovskaja1.xls:Sheet1:781,604,2010:016_802d308e41_8._20Or_Penz_Perm_Samar_Saratov_Uly_2010.xls:!!!:8747,576,2021:data_allsettlements_anon_156_v20251217.parquet:parquet:116920,502,True,"2002,2010,2021",True,True,True,True,True,False,False
Q18778048,2002:050_a0dc3f856b_penzen_obl.xls:Sheet1:28,1321,2010:016_802d308e41_8._20Or_Penz_Perm_Samar_Saratov_Uly_2010.xls:!!!:3088,1093,2021:data_allsettlements_anon_156_v20251217.parquet:parquet:93991,884,True,"2002,2010,2021",True,True,True,True,True,False,False
Q18802508,2002:049_8bbd34a852_Orenburgskaja1.xls:Sheet1:1949,1226,2010:016_802d308e41_8._20Or_Penz_Perm_Samar_Saratov_Uly_2010.xls:!!!:2462,1160,2021:data_allsettlements_anon_156_v20251217.parquet:parquet:85622,889,True,"2002,2010,2021",True,True,True,True,True,False,False
Q18796723,2002:054_0d77ecf40f_Saratovskaja1.xls:Sheet1:2103,1244,2010:016_802d308e41_8._20Or_Penz_Perm_Samar_Saratov_Uly_2010.xls:!!!:9578,1095,2021:data_allsettlements_anon_156_v20251217.parquet:parquet:117863,851,True,"2002,2010,2021",True,True,True,True,True,False,False
Q1071611,2002:041_4b428edd23_Bashkiria_new.xls:Sheet1:6325,1285,2010:017_68e0e4537e_9._20Basq_Mari_Mord_Tatar_Udm_Chuv_2010.xls:!!!:4175,1067,2021:data_allsettlements_anon_156_v20251217.parquet:parquet:149053,837,True,"2002,2010,2021",True,True,True,True,True,False,False
Q18406714,2002:031_70abec85e7_02c_KBR.xls:Sheet1:107,1092,2010:002_027be52979_10._20СевКаз_ФО_20(без_20Даг)_202010.xls:СК:951,988,2021:data_allsettlements_anon_156_v20251217.parquet:parquet:31927,1100,True,"2002,2010,2021",True,True,True,True,True,False,False
Q18805851,2002:054_0d77ecf40f_Saratovskaja1.xls:Sheet1:861,1272,2010:016_802d308e41_8._20Or_Penz_Perm_Samar_Saratov_Uly_2010.xls:!!!:8802,1002,2021:data_allsettlements_anon_156_v20251217.parquet:parquet:116938,873,True,"2002,2010,2021",True,True,True,True,True,False,False
Q18801289,2002:054_0d77ecf40f_Saratovskaja1.xls:Sheet1:717,1047,2010:016_802d308e41_8._20Or_Penz_Perm_Samar_Saratov_Uly_2010.xls:!!!:8710,1074,2021:data_allsettlements_anon_156_v20251217.parquet:parquet:116825,1018,True,"2002,2010,2021",True,True,True,True,True,False,False
Q4237717,2002:054_0d77ecf40f_Saratovskaja1.xls:Sheet1:2248,1226,2010:016_802d308e41_8._20Or_Penz_Perm_Samar_Saratov_Uly_2010.xls:!!!:9685,1036,2021:data_allsettlements_anon_156_v20251217.parquet:parquet:117979,845,True,"2002,2010,2021",True,True,True,True,True,False,False
Q15268273,2002:057_9b18a354f1_02c_Sverdlovskaja_oblast.xls:Sheet1:87,83,2010:003_eb441570b1_11._20Урал_ФО_2010.xls:Урал:4490,146,2021:data_allsettlements_anon_156_v20251217.parquet:parquet:120759,135,True,"2002,2010,2021",True,True,True,True,True,False,False
Q23877762,2002:016_3aa889d669_02c_Tulskaja.xls:Sheet1:2818,1206,2010:011_040325482b_3._20Ryaz_Smol_Tambov_Tula_Jaroslavl_20L1_20ethn_2010.xls:Data Sheet:11876,886,2021:data_allsettlements_anon_156_v20251217.parquet:parquet:151421,1002,True,"2002,2010,2021",True,True,True,True,True,False,False
Q4442879,2002:078_8405ea8fce_Yakutia.xls:Sheet1:705,960,2010:009_81f8a0e73c_17._20ДВ_ФО_2010.xls:ДВ:2555,1086,2021:data_allsettlements_anon_156_v20251217.parquet:parquet:166626,1043,True,"2002,2010,2021",True,True,True,True,True,False,False
Q23848122,2002:016_3aa889d669_02c_Tulskaja.xls:Sheet1:1328,734,2010:011_040325482b_3._20Ryaz_Smol_Tambov_Tula_Jaroslavl_20L1_20ethn_2010.xls:Data Sheet:10523,1034,2021:data_allsettlements_anon_156_v20251217.parquet:parquet:150372,1286,True,"2002,2010,2021",True,True,True,True,True,False,False
Q4065760,2002:003_308406b0ed_02c_Vladimirskaja.xls:Sheet1:12,1032,2010:013_f60b2d2bcf_5._20Belg_Bryan_Vlad_Voron_Ivanov_Kalug_20L1_ethn_2010.xls:Data Sheet:4295,1060,2021:data_allsettlements_anon_156_v20251217.parquet:parquet:1230,937,True,"2002,2010,2021",True,True,True,True,True,False,False
Q18778303,2002:054_0d77ecf40f_Saratovskaja1.xls:Sheet1:969,959,2010:016_802d308e41_8._20Or_Penz_Perm_Samar_Saratov_Uly_2010.xls:!!!:8865,933,2021:data_allsettlements_anon_156_v20251217.parquet:parquet:117009,782,True,"2002,2010,2021",True,True,True,True,True,False,False
Q15275202,2002:057_9b18a354f1_02c_Sverdlovskaja_oblast.xls:Sheet1:522,1103,2010:003_eb441570b1_11._20Урал_ФО_2010.xls:Урал:2920,976,2021:data_allsettlements_anon_156_v20251217.parquet:parquet:121173,932,True,"2002,2010,2021",True,True,True,True,True,False,False
Q17065168,2002:078_8405ea8fce_Yakutia.xls:Sheet1:1096,317,2010:009_81f8a0e73c_17._20ДВ_ФО_2010.xls:ДВ:2767,387,2021:data_allsettlements_anon_156_v20251217.parquet:parquet:166951,367,True,"2002,2010,2021",True,True,True,True,True,False,False
Q19685897,2002:008_d607cc2b0d_02c_Kurskaja.xls:Sheet1:362,1127,2010:010_711691e352_2._20Kostrom_Kur_Lip_Moscow_MoscObl_Orlov_2010.xls:Data Sheet:3789,998,2021:data_allsettlements_anon_156_v20251217.parquet:parquet:52384,810,True,"2002,2010,2021",True,True,True,True,True,False,False
Q4233296,2002:041_4b428edd23_Bashkiria_new.xls:Sheet1:4782,901,2010:017_68e0e4537e_9._20Basq_Mari_Mord_Tatar_Udm_Chuv_2010.xls:!!!:3100,1017,2021:data_allsettlements_anon_156_v20251217.parquet:parquet:147750,1009,True,"2002,2010,2021",True,True,True,True,True,False,False
Q13637520,2002:048_4f024587eb_02c_Nizhegorod_obl_new.xls:11:3777,1141,2010:014_5ca759eea0_5._20Nizheg_Kirov_202010.xls:Data Sheet:2932,943,2021:data_allsettlements_anon_156_v20251217.parquet:parquet:74519,822,True,"2002,2010,2021",True,True,True,True,True,False,False
Q4518165,2002:041_4b428edd23_Bashkiria_new.xls:Sheet1:4983,971,2010:017_68e0e4537e_9._20Basq_Mari_Mord_Tatar_Udm_Chuv_2010.xls:!!!:3233,985,2021:data_allsettlements_anon_156_v20251217.parquet:parquet:147912,928,True,"2002,2010,2021",True,True,True,True,True,False,False
Q18782095,2002:048_4f024587eb_02c_Nizhegorod_obl_new.xls:11:4255,315,2010:014_5ca759eea0_5._20Nizheg_Kirov_202010.xls:Data Sheet:3352,260,2021:data_allsettlements_anon_156_v20251217.parquet:parquet:74690,235,True,"2002,2010,2021",True,True,True,True,True,False,False
Q15273270,2002:057_9b18a354f1_02c_Sverdlovskaja_oblast.xls:Sheet1:173,860,2010:003_eb441570b1_11._20Урал_ФО_2010.xls:Урал:4551,956,2021:data_allsettlements_anon_156_v20251217.parquet:parquet:120822,1047,True,"2002,2010,2021",True,True,True,True,True,False,False
Q15254088,2002:061_e177b0a77d_Chel_abinskaja1.xls:Sheet1:1089,960,2010:003_eb441570b1_11._20Урал_ФО_2010.xls:Урал:5347,974,2021:data_allsettlements_anon_156_v20251217.parquet:parquet:160662,898,True,"2002,2010,2021",True,True,True,True,True,False,False
Q4420841,2002:040_95a4475637_02c_Rostov_obl.xls:Sheet1:687,1015,2010:004_486e984bdc_12._20Астр_Волгог_Ростов.xls:Южный:2459,947,2021:data_allsettlements_anon_156_v20251217.parquet:parquet:109253,861,True,"2002,2010,2021",True,True,True,True,True,False,False
Q24054394,2002:057_9b18a354f1_02c_Sverdlovskaja_oblast.xls:Sheet1:1515,29,2010:003_eb441570b1_11._20Урал_ФО_2010.xls:Урал:3675,18,2021:data_allsettlements_anon_156_v20251217.parquet:parquet:121060,8,True,"2002,2010,2021",True,True,True,True,True,False,False
Q4494168,2002:003_308406b0ed_02c_Vladimirskaja.xls:Sheet1:1114,934,2010:013_f60b2d2bcf_5._20Belg_Bryan_Vlad_Voron_Ivanov_Kalug_20L1_ethn_2010.xls:Data Sheet:5298,876,2021:data_allsettlements_anon_156_v20251217.parquet:parquet:2265,984,True,"2002,2010,2021",True,True,True,True,True,False,False
Q19686531,2002:057_9b18a354f1_02c_Sverdlovskaja_oblast.xls:Sheet1:2259,4,2010:003_eb441570b1_11._20Урал_ФО_2010.xls:Урал:4228,3,2021:data_allsettlements_anon_156_v20251217.parquet:parquet:120527,1,True,"2002,2010,2021",True,True,True,True,True,False,False
Q1067628,2002:041_4b428edd23_Bashkiria_new.xls:Sheet1:4542,891,2010:017_68e0e4537e_9._20Basq_Mari_Mord_Tatar_Udm_Chuv_2010.xls:!!!:2949,888,2021:data_allsettlements_anon_156_v20251217.parquet:parquet:147569,936,True,"2002,2010,2021",True,True,True,True,True,False,False
Q21672142,2002:014_32646337ea_02c_Tambovskaja.xls:Sheet1:986,1041,2010:011_040325482b_3._20Ryaz_Smol_Tambov_Tula_Jaroslavl_20L1_20ethn_2010.xls:Data Sheet:8425,918,2021:data_allsettlements_anon_156_v20251217.parquet:parquet:128405,741,True,"2002,2010,2021",True,True,True,True,True,False,False
Q4196751,2002:010_3e630cc803_02c_Moskovskaya-oblast.xls:Sheet1:3804,62,2010:010_711691e352_2._20Kostrom_Kur_Lip_Moscow_MoscObl_Orlov_2010.xls:Data Sheet:14319,74,2021:data_allsettlements_anon_156_v20251217.parquet:parquet:70649,256,True,"2002,2010,2021",True,True,True,True,True,False,False
Q4429615,2002:057_9b18a354f1_02c_Sverdlovskaja_oblast.xls:Sheet1:187,1091,2010:003_eb441570b1_11._20Урал_ФО_2010.xls:Урал:4568,973,2021:data_allsettlements_anon_156_v20251217.parquet:parquet:120837,614,True,"2002,2010,2021",True,True,True,True,True,False,False
Q4417681,2002:003_308406b0ed_02c_Vladimirskaja.xls:Sheet1:294,1000,2010:013_f60b2d2bcf_5._20Belg_Bryan_Vlad_Voron_Ivanov_Kalug_20L1_ethn_2010.xls:Data Sheet:4695,892,2021:data_allsettlements_anon_156_v20251217.parquet:parquet:1658,762,True,"2002,2010,2021",True,True,True,True,True,False,False
Q4088790,2002:054_0d77ecf40f_Saratovskaja1.xls:Sheet1:1154,808,2010:016_802d308e41_8._20Or_Penz_Perm_Samar_Saratov_Uly_2010.xls:!!!:8985,1042,2021:data_allsettlements_anon_156_v20251217.parquet:parquet:117159,784,True,"2002,2010,2021",True,True,True,True,True,False,False
Q4219568,2002:048_4f024587eb_02c_Nizhegorod_obl_new.xls:11:3932,941,2010:014_5ca759eea0_5._20Nizheg_Kirov_202010.xls:Data Sheet:3059,893,2021:data_allsettlements_anon_156_v20251217.parquet:parquet:75697,790,True,"2002,2010,2021",True,True,True,True,True,False,False
Q19638844,2002:050_a0dc3f856b_penzen_obl.xls:Sheet1:679,962,2010:016_802d308e41_8._20Or_Penz_Perm_Samar_Saratov_Uly_2010.xls:!!!:3559,927,2021:data_allsettlements_anon_156_v20251217.parquet:parquet:94536,690,True,"2002,2010,2021",True,True,True,True,True,False,False
Q18774156,2002:054_0d77ecf40f_Saratovskaja1.xls:Sheet1:152,956,2010:016_802d308e41_8._20Or_Penz_Perm_Samar_Saratov_Uly_2010.xls:!!!:8342,912,2021:data_allsettlements_anon_156_v20251217.parquet:parquet:116388,693,True,"2002,2010,2021",True,True,True,True,True,False,False
Q18590454,2002:081_6a22d6b5c5_Amur.xls:Sheet1:362,817,2010:009_81f8a0e73c_17._20ДВ_ФО_2010.xls:ДВ:1234,873,2021:data_allsettlements_anon_156_v20251217.parquet:parquet:60895,866,True,"2002,2010,2021",True,True,True,True,True,False,False
Q1064018,2002:041_4b428edd23_Bashkiria_new.xls:Sheet1:3399,877,2010:017_68e0e4537e_9._20Basq_Mari_Mord_Tatar_Udm_Chuv_2010.xls:!!!:2177,896,2021:data_allsettlements_anon_156_v20251217.parquet:parquet:146652,782,True,"2002,2010,2021",True,True,True,True,True,False,False
Q18788430,2002:008_d607cc2b0d_02c_Kurskaja.xls:Sheet1:1038,747,2010:010_711691e352_2._20Kostrom_Kur_Lip_Moscow_MoscObl_Orlov_2010.xls:Data Sheet:4356,562,2021:data_allsettlements_anon_156_v20251217.parquet:parquet:53018,444,True,"2002,2010,2021",True,True,True,True,True,False,False
Q6558554,2002:078_8405ea8fce_Yakutia.xls:Sheet1:865,832,2010:009_81f8a0e73c_17._20ДВ_ФО_2010.xls:ДВ:2653,849,2021:data_allsettlements_anon_156_v20251217.parquet:parquet:166757,857,True,"2002,2010,2021",True,True,True,True,True,False,False
Q18779486,2002:054_0d77ecf40f_Saratovskaja1.xls:Sheet1:1956,750,2010:016_802d308e41_8._20Or_Penz_Perm_Samar_Saratov_Uly_2010.xls:!!!:9483,771,2021:data_allsettlements_anon_156_v20251217.parquet:parquet:117756,685,True,"2002,2010,2021",True,True,True,True,True,False,False
Q18764919,2002:054_0d77ecf40f_Saratovskaja1.xls:Sheet1:2110,427,2010:016_802d308e41_8._20Or_Penz_Perm_Samar_Saratov_Uly_2010.xls:!!!:9580,412,2021:data_allsettlements_anon_156_v20251217.parquet:parquet:117873,317,True,"2002,2010,2021",True,True,True,True,True,False,False
Q23848611,2002:011_f46bbaadfd_02c_Orlovskaja.xls:Sheet1:841,938,2010:010_711691e352_2._20Kostrom_Kur_Lip_Moscow_MoscObl_Orlov_2010.xls:Data Sheet:15033,903,2021:data_allsettlements_anon_156_v20251217.parquet:parquet:91523,681,True,"2002,2010,2021",True,True,True,True,True,False,False
Q4738578,2002:041_4b428edd23_Bashkiria_new.xls:Sheet1:6677,914,2010:017_68e0e4537e_9._20Basq_Mari_Mord_Tatar_Udm_Chuv_2010.xls:!!!:4326,836,2021:data_allsettlements_anon_156_v20251217.parquet:parquet:149233,751,True,"2002,2010,2021",True,True,True,True,True,False,False
Q13641966,2002:003_308406b0ed_02c_Vladimirskaja.xls:Sheet1:797,819,2010:013_f60b2d2bcf_5._20Belg_Bryan_Vlad_Voron_Ivanov_Kalug_20L1_ethn_2010.xls:Data Sheet:4971,789,2021:data_allsettlements_anon_156_v20251217.parquet:parquet:1986,740,True,"2002,2010,2021",True,True,True,True,True,False,False
Q19618237,2002:081_6a22d6b5c5_Amur.xls:Sheet1:324,972,2010:009_81f8a0e73c_17._20ДВ_ФО_2010.xls:ДВ:1362,812,2021:data_allsettlements_anon_156_v20251217.parquet:parquet:60970,712,True,"2002,2010,2021",True,True,True,True,True,False,False
Q4503763,2002:054_0d77ecf40f_Saratovskaja1.xls:Sheet1:1756,896,2010:016_802d308e41_8._20Or_Penz_Perm_Samar_Saratov_Uly_2010.xls:!!!:9360,687,2021:data_allsettlements_anon_156_v20251217.parquet:parquet:117610,597,True,"2002,2010,2021",True,True,True,True,True,False,False
Q21673498,2002:014_32646337ea_02c_Tambovskaja.xls:Sheet1:634,126,2010:011_040325482b_3._20Ryaz_Smol_Tambov_Tula_Jaroslavl_20L1_20ethn_2010.xls:Data Sheet:8158,57,2021:data_allsettlements_anon_156_v20251217.parquet:parquet:128128,28,True,"2002,2010,2021",True,True,True,True,True,False,False
Q23976024,2002:011_f46bbaadfd_02c_Orlovskaja.xls:Sheet1:1108,617,2010:010_711691e352_2._20Kostrom_Kur_Lip_Moscow_MoscObl_Orlov_2010.xls:Data Sheet:15248,503,2021:data_allsettlements_anon_156_v20251217.parquet:parquet:91757,502,True,"2002,2010,2021",True,True,True,True,True,False,False
Q19886913,2002:003_308406b0ed_02c_Vladimirskaja.xls:Sheet1:2711,749,2010:013_f60b2d2bcf_5._20Belg_Bryan_Vlad_Voron_Ivanov_Kalug_20L1_ethn_2010.xls:Data Sheet:6642,785,2021:data_allsettlements_anon_156_v20251217.parquet:parquet:3769,642,True,"2002,2010,2021",True,True,True,True,True,False,False
Q18781094,2002:008_d607cc2b0d_02c_Kurskaja.xls:Sheet1:2365,694,2010:010_711691e352_2._20Kostrom_Kur_Lip_Moscow_MoscObl_Orlov_2010.xls:Data Sheet:5460,608,2021:data_allsettlements_anon_156_v20251217.parquet:parquet:54273,719,True,"2002,2010,2021",True,True,True,True,True,False,False
Q15275201,2002:057_9b18a354f1_02c_Sverdlovskaja_oblast.xls:Sheet1:689,802,2010:003_eb441570b1_11._20Урал_ФО_2010.xls:Урал:3042,737,2021:data_allsettlements_anon_156_v20251217.parquet:parquet:119672,666,True,"2002,2010,2021",True,True,True,True,True,False,False
Q27577801,2002:056_6e9d0d52b3_Kurgan.xls:Sheet1:73,977,2010:003_eb441570b1_11._20Урал_ФО_2010.xls:Урал:46,851,2021:data_allsettlements_anon_156_v20251217.parquet:parquet:50963,596,True,"2002,2010,2021",True,True,True,True,True,False,False
Q27580396,2002:056_6e9d0d52b3_Kurgan.xls:Sheet1:1143,1086,2010:003_eb441570b1_11._20Урал_ФО_2010.xls:Урал:786,868,2021:data_allsettlements_anon_156_v20251217.parquet:parquet:51667,480,True,"2002,2010,2021",True,True,True,True,True,False,False
Q15254550,2002:061_e177b0a77d_Chel_abinskaja1.xls:Sheet1:1197,389,2010:003_eb441570b1_11._20Урал_ФО_2010.xls:Урал:5423,328,2021:data_allsettlements_anon_156_v20251217.parquet:parquet:160753,304,True,"2002,2010,2021",True,True,True,True,True,False,False
Q18794162,2002:054_0d77ecf40f_Saratovskaja1.xls:Sheet1:748,542,2010:016_802d308e41_8._20Or_Penz_Perm_Samar_Saratov_Uly_2010.xls:!!!:8728,504,2021:data_allsettlements_anon_156_v20251217.parquet:parquet:116848,449,True,"2002,2010,2021",True,True,True,True,True,False,False
Q4279335,2002:003_308406b0ed_02c_Vladimirskaja.xls:Sheet1:1967,786,2010:013_f60b2d2bcf_5._20Belg_Bryan_Vlad_Voron_Ivanov_Kalug_20L1_ethn_2010.xls:Data Sheet:6050,798,2021:data_allsettlements_anon_156_v20251217.parquet:parquet:3033,810,True,"2002,2010,2021",True,True,True,True,True,False,False
Q4297549,2002:040_95a4475637_02c_Rostov_obl.xls:Sheet1:27,835,2010:004_486e984bdc_12._20Астр_Волгог_Ростов.xls:Южный:2972,798,2021:data_allsettlements_anon_156_v20251217.parquet:parquet:109865,756,True,"2002,2010,2021",True,True,True,True,True,False,False
Q4211879,2002:040_95a4475637_02c_Rostov_obl.xls:Sheet1:173,341,2010:004_486e984bdc_12._20Астр_Волгог_Ростов.xls:Южный:2061,671,2021:data_allsettlements_anon_156_v20251217.parquet:parquet:108840,1370,True,"2002,2010,2021",True,True,True,True,True,False,False
Q16682805,2002:031_70abec85e7_02c_KBR.xls:Sheet1:74,677,2010:002_027be52979_10._20СевКаз_ФО_20(без_20Даг)_202010.xls:СК:922,666,2021:data_allsettlements_anon_156_v20251217.parquet:parquet:31878,715,True,"2002,2010,2021",True,True,True,True,True,False,False
Q4169771,2002:050_a0dc3f856b_penzen_obl.xls:Sheet1:108,886,2010:016_802d308e41_8._20Or_Penz_Perm_Samar_Saratov_Uly_2010.xls:!!!:3145,840,2021:data_allsettlements_anon_156_v20251217.parquet:parquet:94059,645,True,"2002,2010,2021",True,True,True,True,True,False,False
Q4323709,2002:085_b44ee84c57_saxalin.xls:Sheet1:134,1052,2010:009_81f8a0e73c_17._20ДВ_ФО_2010.xls:ДВ:2009,765,2021:data_allsettlements_anon_156_v20251217.parquet:parquet:118508,553,True,"2002,2010,2021",True,True,True,True,True,False,False
Q18801974,2002:008_d607cc2b0d_02c_Kurskaja.xls:Sheet1:2662,824,2010:010_711691e352_2._20Kostrom_Kur_Lip_Moscow_MoscObl_Orlov_2010.xls:Data Sheet:5700,801,2021:data_allsettlements_anon_156_v20251217.parquet:parquet:54530,740,True,"2002,2010,2021",True,True,True,True,True,False,False
Q15267894,2002:057_9b18a354f1_02c_Sverdlovskaja_oblast.xls:Sheet1:2372,759,2010:003_eb441570b1_11._20Урал_ФО_2010.xls:Урал:4321,618,2021:data_allsettlements_anon_156_v20251217.parquet:parquet:120660,495,True,"2002,2010,2021",True,True,True,True,True,False,False
Q2581343,2002:041_4b428edd23_Bashkiria_new.xls:Sheet1:2988,819,2010:017_68e0e4537e_9._20Basq_Mari_Mord_Tatar_Udm_Chuv_2010.xls:!!!:1892,779,2021:data_allsettlements_anon_156_v20251217.parquet:parquet:146312,698,True,"2002,2010,2021",True,True,True,True,True,False,False
Q15272697,2002:057_9b18a354f1_02c_Sverdlovskaja_oblast.xls:Sheet1:1916,956,2010:003_eb441570b1_11._20Урал_ФО_2010.xls:Урал:3966,791,2021:data_allsettlements_anon_156_v20251217.parquet:parquet:119430,580,True,"2002,2010,2021",True,True,True,True,True,False,False
Q19686710,2002:061_e177b0a77d_Chel_abinskaja1.xls:Sheet1:1300,372,2010:003_eb441570b1_11._20Урал_ФО_2010.xls:Урал:5489,252,2021:data_allsettlements_anon_156_v20251217.parquet:parquet:160832,205,True,"2002,2010,2021",True,True,True,True,True,False,False
Q4111690,2002:040_95a4475637_02c_Rostov_obl.xls:Sheet1:8,965,2010:004_486e984bdc_12._20Астр_Волгог_Ростов.xls:Южный:2206,720,2021:data_allsettlements_anon_156_v20251217.parquet:parquet:109012,617,True,"2002,2010,2021",True,True,True,True,True,False,False
Q21854743,2002:014_32646337ea_02c_Tambovskaja.xls:Sheet1:1495,701,2010:011_040325482b_3._20Ryaz_Smol_Tambov_Tula_Jaroslavl_20L1_20ethn_2010.xls:Data Sheet:8809,515,2021:data_allsettlements_anon_156_v20251217.parquet:parquet:128849,552,True,"2002,2010,2021",True,True,True,True,True,False,False
Q92607,2002:041_4b428edd23_Bashkiria_new.xls:Sheet1:2574,750,2010:017_68e0e4537e_9._20Basq_Mari_Mord_Tatar_Udm_Chuv_2010.xls:!!!:1651,747,2021:data_allsettlements_anon_156_v20251217.parquet:parquet:146014,655,True,"2002,2010,2021",True,True,True,True,True,False,False
Q16686799,2002:010_3e630cc803_02c_Moskovskaya-oblast.xls:Sheet1:778,278,2010:010_711691e352_2._20Kostrom_Kur_Lip_Moscow_MoscObl_Orlov_2010.xls:Data Sheet:8593,234,2021:data_allsettlements_anon_156_v20251217.parquet:parquet:66049,237,True,"2002,2010,2021",True,True,True,True,True,False,False
Q16381037,2002:061_e177b0a77d_Chel_abinskaja1.xls:Sheet1:811,357,2010:003_eb441570b1_11._20Урал_ФО_2010.xls:Урал:5154,265,2021:data_allsettlements_anon_156_v20251217.parquet:parquet:160411,140,True,"2002,2010,2021",True,True,True,True,True,False,False
Q18771891,2002:048_4f024587eb_02c_Nizhegorod_obl_new.xls:11:4475,449,2010:014_5ca759eea0_5._20Nizheg_Kirov_202010.xls:Data Sheet:3510,401,2021:data_allsettlements_anon_156_v20251217.parquet:parquet:74875,317,True,"2002,2010,2021",True,True,True,True,True,False,False
Q4336842,2002:003_308406b0ed_02c_Vladimirskaja.xls:Sheet1:1703,770,2010:013_f60b2d2bcf_5._20Belg_Bryan_Vlad_Voron_Ivanov_Kalug_20L1_ethn_2010.xls:Data Sheet:5809,786,2021:data_allsettlements_anon_156_v20251217.parquet:parquet:3871,696,True,"2002,2010,2021",True,True,True,True,True,False,False
Q19906612,2002:081_6a22d6b5c5_Amur.xls:Sheet1:246,828,2010:009_81f8a0e73c_17._20ДВ_ФО_2010.xls:ДВ:1452,720,2021:data_allsettlements_anon_156_v20251217.parquet:parquet:61102,686,True,"2002,2010,2021",True,True,True,True,True,False,False
Q112113825,2002:016_3aa889d669_02c_Tulskaja.xls:Sheet1:888,717,2010:011_040325482b_3._20Ryaz_Smol_Tambov_Tula_Jaroslavl_20L1_20ethn_2010.xls:Data Sheet:10134,673,2021:data_allsettlements_anon_156_v20251217.parquet:parquet:150147,808,True,"2002,2010,2021",True,True,True,True,True,False,False
Q20636666,2002:005_14871cc62a_02c_Ivanovskaja.xls:Sheet1:2832,760,2010:013_f60b2d2bcf_5._20Belg_Bryan_Vlad_Voron_Ivanov_Kalug_20L1_ethn_2010.xls:Data Sheet:11144,744,2021:data_allsettlements_anon_156_v20251217.parquet:parquet:22645,692,True,"2002,2010,2021",True,True,True,True,True,False,False
Q4252255,2002:003_308406b0ed_02c_Vladimirskaja.xls:Sheet1:2394,752,2010:013_f60b2d2bcf_5._20Belg_Bryan_Vlad_Voron_Ivanov_Kalug_20L1_ethn_2010.xls:Data Sheet:6384,701,2021:data_allsettlements_anon_156_v20251217.parquet:parquet:3495,726,True,"2002,2010,2021",True,True,True,True,True,False,False
Q4295815,2002:022_862ad8a69d_02c_Vologodskaya.xls:2C:3108,1015,2010:012_5c339c0d0e_4._20Vologod_pskov_2010.xls:Data Sheet:2904,767,2021:data_allsettlements_anon_156_v20251217.parquet:parquet:8808,382,True,"2002,2010,2021",True,True,True,True,True,False,False
Q282116,2002:1_TOM_01_04.xls:0:5947,9300,ROSSTAT2010:T5:p127:l14,6147,2021:data_allsettlements_anon_156_v20251217.parquet:parquet:37917,5068,True,"2002,2010,2021",True,True,True,True,True,False,False
Q2017643,2002:1_TOM_01_04.xls:0:1544,6718,ROSSTAT2010:T5:p42:l30,6067,2021:data_allsettlements_anon_156_v20251217.parquet:parquet:112498,5811,True,"2002,2010,2021",True,True,True,True,True,False,False
Q3881411,2002:1_TOM_01_04.xls:0:9047,5865,ROSSTAT2010:T5:p185:l40,5415,2021:data_allsettlements_anon_156_v20251217.parquet:parquet:25483,3197,True,"2002,2010,2021",True,True,True,True,True,False,False
Q21341188,2002:001_6e5cceefdf_02c_Belgorod-obl.xls:Sheet1:190,2205,2010:013_f60b2d2bcf_5._20Belg_Bryan_Vlad_Voron_Ivanov_Kalug_20L1_ethn_2010.xls:Data Sheet:147,2781,2021:data_allsettlements_anon_156_v20251217.parquet:parquet:164208,7443,True,"2002,2010,2021",True,True,True,True,True,False,False
Q18772104,2002:010_3e630cc803_02c_Moskovskaya-oblast.xls:Sheet1:954,3005,2010:010_711691e352_2._20Kostrom_Kur_Lip_Moscow_MoscObl_Orlov_2010.xls:Data Sheet:8846,3059,2021:data_allsettlements_anon_156_v20251217.parquet:parquet:65568,3607,True,"2002,2010,2021",True,True,True,True,True,False,False
Q6694682,2002:026_0eca405331_02c_Novgorodskaja.xls:Sheet1:2322,2575,2010:001_723371ec84_1._20NW_2010.xls:NW:10389,3004,2021:data_allsettlements_anon_156_v20251217.parquet:parquet:79001,3589,True,"2002,2010,2021",True,True,True,True,True,False,False
Q4085414,2002:048_4f024587eb_02c_Nizhegorod_obl_new.xls:11:144,1997,2010:014_5ca759eea0_5._20Nizheg_Kirov_202010.xls:Data Sheet:108,2441,2021:data_allsettlements_anon_156_v20251217.parquet:parquet:72529,4394,True,"2002,2010,2021",True,True,True,True,True,False,False
Q1071275,2002:041_4b428edd23_Bashkiria_new.xls:Sheet1:5956,2340,2010:017_68e0e4537e_9._20Basq_Mari_Mord_Tatar_Udm_Chuv_2010.xls:!!!:3858,2740,2021:data_allsettlements_anon_156_v20251217.parquet:parquet:148671,2540,True,"2002,2010,2021",True,True,True,True,True,False,False
Q4369392,2002:057_9b18a354f1_02c_Sverdlovskaja_oblast.xls:Sheet1:565,2501,2010:003_eb441570b1_11._20Урал_ФО_2010.xls:Урал:2952,2687,2021:data_allsettlements_anon_156_v20251217.parquet:parquet:119568,2364,True,"2002,2010,2021",True,True,True,True,True,False,False
Q4324745,2002:014_32646337ea_02c_Tambovskaja.xls:Sheet1:572,1363,2010:011_040325482b_3._20Ryaz_Smol_Tambov_Tula_Jaroslavl_20L1_20ethn_2010.xls:Data Sheet:8120,3168,2021:data_allsettlements_anon_156_v20251217.parquet:parquet:128074,2897,True,"2002,2010,2021",True,True,True,True,True,False,False
Q4527106,2002:035_e1bf1fa87f_02c_Chechnya.xls:Sheet1:198,1532,2010:002_027be52979_10._20СевКаз_ФО_20(без_20Даг)_202010.xls:СК:1566,2352,2021:data_allsettlements_anon_156_v20251217.parquet:parquet:161659,3531,True,"2002,2010,2021",True,True,True,True,True,False,False
Q4297512,2002:041_4b428edd23_Bashkiria_new.xls:Sheet1:2731,1019,2010:017_68e0e4537e_9._20Basq_Mari_Mord_Tatar_Udm_Chuv_2010.xls:!!!:1754,994,2021:data_allsettlements_anon_156_v20251217.parquet:parquet:146139,789,True,"2002,2010,2021",True,True,True,True,True,False,False
Q17333423,2002:048_4f024587eb_02c_Nizhegorod_obl_new.xls:11:173,2344,2010:014_5ca759eea0_5._20Nizheg_Kirov_202010.xls:Data Sheet:135,2327,2021:data_allsettlements_anon_156_v20251217.parquet:parquet:72559,2441,True,"2002,2010,2021",True,True,True,True,True,False,False
Q18781076,2002:054_0d77ecf40f_Saratovskaja1.xls:Sheet1:2704,2218,2010:016_802d308e41_8._20Or_Penz_Perm_Samar_Saratov_Uly_2010.xls:!!!:9995,2315,2021:data_allsettlements_anon_156_v20251217.parquet:parquet:118366,2357,True,"2002,2010,2021",True,True,True,True,True,False,False
Q19521603,2002:081_6a22d6b5c5_Amur.xls:Sheet1:77,214,2010:009_81f8a0e73c_17._20ДВ_ФО_2010.xls:ДВ:1305,160,2021:data_allsettlements_anon_156_v20251217.parquet:parquet:60931,127,True,"2002,2010,2021",True,True,True,True,True,False,False
Q16054115,2002:010_3e630cc803_02c_Moskovskaya-oblast.xls:Sheet1:1089,1950,2010:010_711691e352_2._20Kostrom_Kur_Lip_Moscow_MoscObl_Orlov_2010.xls:Data Sheet:9004,2077,2021:data_allsettlements_anon_156_v20251217.parquet:parquet:66305,2194,True,"2002,2010,2021",True,True,True,True,True,False,False
Q1060841,2002:041_4b428edd23_Bashkiria_new.xls:Sheet1:2417,198,2010:017_68e0e4537e_9._20Basq_Mari_Mord_Tatar_Udm_Chuv_2010.xls:!!!:1613,148,2021:data_allsettlements_anon_156_v20251217.parquet:parquet:145960,120,True,"2002,2010,2021",True,True,True,True,True,False,False
Q19638798,2002:050_a0dc3f856b_penzen_obl.xls:Sheet1:1202,370,2010:016_802d308e41_8._20Or_Penz_Perm_Samar_Saratov_Uly_2010.xls:!!!:3893,353,2021:data_allsettlements_anon_156_v20251217.parquet:parquet:94940,280,True,"2002,2010,2021",True,True,True,True,True,False,False
Q4066501,2002:048_4f024587eb_02c_Nizhegorod_obl_new.xls:11:3037,136,2010:014_5ca759eea0_5._20Nizheg_Kirov_202010.xls:Data Sheet:2325,146,2021:data_allsettlements_anon_156_v20251217.parquet:parquet:74258,5226,True,"2002,2010,2021",True,True,True,True,True,False,False
Q4081690,2002:035_e1bf1fa87f_02c_Chechnya.xls:Sheet1:36,231,2010:002_027be52979_10._20СевКаз_ФО_20(без_20Даг)_202010.xls:СК:1462,622,2021:data_allsettlements_anon_156_v20251217.parquet:parquet:161518,671,True,"2002,2010,2021",True,True,True,True,True,False,False
Q16033337,2002:010_3e630cc803_02c_Moskovskaya-oblast.xls:Sheet1:1096,128,2010:010_711691e352_2._20Kostrom_Kur_Lip_Moscow_MoscObl_Orlov_2010.xls:Data Sheet:8979,134,2021:data_allsettlements_anon_156_v20251217.parquet:parquet:66224,155,True,"2002,2010,2021",True,True,True,True,True,False,False
Q4494128,2002:041_4b428edd23_Bashkiria_new.xls:Sheet1:6312,503,2010:017_68e0e4537e_9._20Basq_Mari_Mord_Tatar_Udm_Chuv_2010.xls:!!!:4105,527,2021:data_allsettlements_anon_156_v20251217.parquet:parquet:148975,465,True,"2002,2010,2021",True,True,True,True,True,False,False
Q4341669,2002:054_0d77ecf40f_Saratovskaja1.xls:Sheet1:1411,1620,2010:016_802d308e41_8._20Or_Penz_Perm_Samar_Saratov_Uly_2010.xls:!!!:9141,1695,2021:data_allsettlements_anon_156_v20251217.parquet:parquet:117368,1915,True,"2002,2010,2021",True,True,True,True,True,False,False
Q19691123,2002:014_32646337ea_02c_Tambovskaja.xls:Sheet1:621,681,2010:011_040325482b_3._20Ryaz_Smol_Tambov_Tula_Jaroslavl_20L1_20ethn_2010.xls:Data Sheet:8152,648,2021:data_allsettlements_anon_156_v20251217.parquet:parquet:128111,595,True,"2002,2010,2021",True,True,True,True,True,False,False
Q4363995,2002:014_32646337ea_02c_Tambovskaja.xls:Sheet1:199,970,2010:011_040325482b_3._20Ryaz_Smol_Tambov_Tula_Jaroslavl_20L1_20ethn_2010.xls:Data Sheet:7821,854,2021:data_allsettlements_anon_156_v20251217.parquet:parquet:127738,669,True,"2002,2010,2021",True,True,True,True,True,False,False
Q18801794,2002:048_4f024587eb_02c_Nizhegorod_obl_new.xls:11:864,730,2010:014_5ca759eea0_5._20Nizheg_Kirov_202010.xls:Data Sheet:4755,595,2021:data_allsettlements_anon_156_v20251217.parquet:parquet:75324,474,True,"2002,2010,2021",True,True,True,True,True,False,False
Q15273485,2002:061_e177b0a77d_Chel_abinskaja1.xls:Sheet1:1692,1664,2010:003_eb441570b1_11._20Урал_ФО_2010.xls:Урал:5782,1660,2021:data_allsettlements_anon_156_v20251217.parquet:parquet:161220,1268,True,"2002,2010,2021",True,True,True,True,True,False,False
Q13649534,2002:010_3e630cc803_02c_Moskovskaya-oblast.xls:Sheet1:920,110,2010:010_711691e352_2._20Kostrom_Kur_Lip_Moscow_MoscObl_Orlov_2010.xls:Data Sheet:8871,137,2021:data_allsettlements_anon_156_v20251217.parquet:parquet:65593,836,True,"2002,2010,2021",True,True,True,True,True,False,False
Q18804059,2002:010_3e630cc803_02c_Moskovskaya-oblast.xls:Sheet1:3394,81,2010:010_711691e352_2._20Kostrom_Kur_Lip_Moscow_MoscObl_Orlov_2010.xls:Data Sheet:11112,138,2021:data_allsettlements_anon_156_v20251217.parquet:parquet:68120,200,True,"2002,2010,2021",True,True,True,True,True,False,False
Q19690800,2002:001_6e5cceefdf_02c_Belgorod-obl.xls:Sheet1:971,1635,2010:013_f60b2d2bcf_5._20Belg_Bryan_Vlad_Voron_Ivanov_Kalug_20L1_ethn_2010.xls:Data Sheet:755,1713,2021:data_allsettlements_anon_156_v20251217.parquet:parquet:164671,1565,True,"2002,2010,2021",True,True,True,True,True,False,False
Q4156692,2002:016_3aa889d669_02c_Tulskaja.xls:Sheet1:1784,1417,2010:011_040325482b_3._20Ryaz_Smol_Tambov_Tula_Jaroslavl_20L1_20ethn_2010.xls:Data Sheet:10958,1564,2021:data_allsettlements_anon_156_v20251217.parquet:parquet:150801,1826,True,"2002,2010,2021",True,True,True,True,True,False,False
Q1066952,2002:041_4b428edd23_Bashkiria_new.xls:Sheet1:3992,88,2010:017_68e0e4537e_9._20Basq_Mari_Mord_Tatar_Udm_Chuv_2010.xls:!!!:2579,67,2021:data_allsettlements_anon_156_v20251217.parquet:parquet:147128,70,True,"2002,2010,2021",True,True,True,True,True,False,False
Q18795070,2002:010_3e630cc803_02c_Moskovskaya-oblast.xls:Sheet1:1030,1390,2010:010_711691e352_2._20Kostrom_Kur_Lip_Moscow_MoscObl_Orlov_2010.xls:Data Sheet:8909,1296,2021:data_allsettlements_anon_156_v20251217.parquet:parquet:65631,1901,True,"2002,2010,2021",True,True,True,True,True,False,False
Q19891001,2002:048_4f024587eb_02c_Nizhegorod_obl_new.xls:11:5231,479,2010:014_5ca759eea0_5._20Nizheg_Kirov_202010.xls:Data Sheet:4095,397,2021:data_allsettlements_anon_156_v20251217.parquet:parquet:75043,257,True,"2002,2010,2021",True,True,True,True,True,False,False
Q4085458,2002:054_0d77ecf40f_Saratovskaja1.xls:Sheet1:2678,1014,2010:016_802d308e41_8._20Or_Penz_Perm_Samar_Saratov_Uly_2010.xls:!!!:9979,1063,2021:data_allsettlements_anon_156_v20251217.parquet:parquet:118352,2395,True,"2002,2010,2021",True,True,True,True,True,False,False
Q18787976,2002:050_a0dc3f856b_penzen_obl.xls:Sheet1:1271,72,2010:016_802d308e41_8._20Or_Penz_Perm_Samar_Saratov_Uly_2010.xls:!!!:3947,46,2021:data_allsettlements_anon_156_v20251217.parquet:parquet:94998,8,True,"2002,2010,2021",True,True,True,True,True,False,False
Q4266252,2002:048_4f024587eb_02c_Nizhegorod_obl_new.xls:11:3173,1593,2010:014_5ca759eea0_5._20Nizheg_Kirov_202010.xls:Data Sheet:2471,1534,2021:data_allsettlements_anon_156_v20251217.parquet:parquet:75578,1338,True,"2002,2010,2021",True,True,True,True,True,False,False
Q15274778,2002:057_9b18a354f1_02c_Sverdlovskaja_oblast.xls:Sheet1:845,1500,2010:003_eb441570b1_11._20Урал_ФО_2010.xls:Урал:3168,1509,2021:data_allsettlements_anon_156_v20251217.parquet:parquet:119725,1364,True,"2002,2010,2021",True,True,True,True,True,False,False
Q4130288,2002:048_4f024587eb_02c_Nizhegorod_obl_new.xls:11:3053,1270,2010:014_5ca759eea0_5._20Nizheg_Kirov_202010.xls:Data Sheet:2337,1493,2021:data_allsettlements_anon_156_v20251217.parquet:parquet:74272,1556,True,"2002,2010,2021",True,True,True,True,True,False,False
Q4341828,2002:003_308406b0ed_02c_Vladimirskaja.xls:Sheet1:2520,1369,2010:013_f60b2d2bcf_5._20Belg_Bryan_Vlad_Voron_Ivanov_Kalug_20L1_ethn_2010.xls:Data Sheet:6584,1412,2021:data_allsettlements_anon_156_v20251217.parquet:parquet:3659,1453,True,"2002,2010,2021",True,True,True,True,True,False,False
Q18793552,2002:010_3e630cc803_02c_Moskovskaya-oblast.xls:Sheet1:2015,1453,2010:010_711691e352_2._20Kostrom_Kur_Lip_Moscow_MoscObl_Orlov_2010.xls:Data Sheet:9897,1468,2021:data_allsettlements_anon_156_v20251217.parquet:parquet:67109,1299,True,"2002,2010,2021",True,True,True,True,True,False,False
Q16910374,2002:061_e177b0a77d_Chel_abinskaja1.xls:Sheet1:949,1425,2010:003_eb441570b1_11._20Урал_ФО_2010.xls:Урал:5240,1322,2021:data_allsettlements_anon_156_v20251217.parquet:parquet:160535,1472,True,"2002,2010,2021",True,True,True,True,True,False,False
Q18798782,2002:048_4f024587eb_02c_Nizhegorod_obl_new.xls:11:818,1365,2010:014_5ca759eea0_5._20Nizheg_Kirov_202010.xls:Data Sheet:4790,1423,2021:data_allsettlements_anon_156_v20251217.parquet:parquet:75384,1383,True,"2002,2010,2021",True,True,True,True,True,False,False
Q23872695,2002:011_f46bbaadfd_02c_Orlovskaja.xls:Sheet1:2451,1273,2010:010_711691e352_2._20Kostrom_Kur_Lip_Moscow_MoscObl_Orlov_2010.xls:Data Sheet:16422,1346,2021:data_allsettlements_anon_156_v20251217.parquet:parquet:93034,1532,True,"2002,2010,2021",True,True,True,True,True,False,False
Q19884742,2002:003_308406b0ed_02c_Vladimirskaja.xls:Sheet1:2465,1378,2010:013_f60b2d2bcf_5._20Belg_Bryan_Vlad_Voron_Ivanov_Kalug_20L1_ethn_2010.xls:Data Sheet:6578,1359,2021:data_allsettlements_anon_156_v20251217.parquet:parquet:3557,1356,True,"2002,2010,2021",True,True,True,True,True,False,False
Q18804562,2002:050_a0dc3f856b_penzen_obl.xls:Sheet1:937,1356,2010:016_802d308e41_8._20Or_Penz_Perm_Samar_Saratov_Uly_2010.xls:!!!:3714,1410,2021:data_allsettlements_anon_156_v20251217.parquet:parquet:94722,1322,True,"2002,2010,2021",True,True,True,True,True,False,False
Q18399664,2002:050_a0dc3f856b_penzen_obl.xls:Sheet1:440,1459,2010:016_802d308e41_8._20Or_Penz_Perm_Samar_Saratov_Uly_2010.xls:!!!:3388,1338,2021:data_allsettlements_anon_156_v20251217.parquet:parquet:94341,1268,True,"2002,2010,2021",True,True,True,True,True,False,False
Q15254678,2002:061_e177b0a77d_Chel_abinskaja1.xls:Sheet1:454,1411,2010:003_eb441570b1_11._20Урал_ФО_2010.xls:Урал:4899,1442,2021:data_allsettlements_anon_156_v20251217.parquet:parquet:160070,1212,True,"2002,2010,2021",True,True,True,True,True,False,False
Q19686530,2002:057_9b18a354f1_02c_Sverdlovskaja_oblast.xls:Sheet1:1348,698,2010:003_eb441570b1_11._20Урал_ФО_2010.xls:Урал:3551,723,2021:data_allsettlements_anon_156_v20251217.parquet:parquet:119379,571,True,"2002,2010,2021",True,True,True,True,True,False,False
Q23847591,2002:011_f46bbaadfd_02c_Orlovskaja.xls:Sheet1:1579,1510,2010:010_711691e352_2._20Kostrom_Kur_Lip_Moscow_MoscObl_Orlov_2010.xls:Data Sheet:15647,1341,2021:data_allsettlements_anon_156_v20251217.parquet:parquet:92197,1183,True,"2002,2010,2021",True,True,True,True,True,False,False
Q4325389,2002:013_2dd2afccd6_02c_Smolenskaja.xls:Sheet1:4007,168,2010:011_040325482b_3._20Ryaz_Smol_Tambov_Tula_Jaroslavl_20L1_20ethn_2010.xls:Data Sheet:6350,181,2021:data_allsettlements_anon_156_v20251217.parquet:parquet:125296,3555,True,"2002,2010,2021",True,True,True,True,True,False,False
Q21103856,2002:054_0d77ecf40f_Saratovskaja1.xls:Sheet1:1420,1333,2010:016_802d308e41_8._20Or_Penz_Perm_Samar_Saratov_Uly_2010.xls:!!!:9147,1414,2021:data_allsettlements_anon_156_v20251217.parquet:parquet:117361,1068,True,"2002,2010,2021",True,True,True,True,True,False,False
Q4402177,2002:008_d607cc2b0d_02c_Kurskaja.xls:Sheet1:1253,1463,2010:010_711691e352_2._20Kostrom_Kur_Lip_Moscow_MoscObl_Orlov_2010.xls:Data Sheet:4543,1216,2021:data_allsettlements_anon_156_v20251217.parquet:parquet:53250,1205,True,"2002,2010,2021",True,True,True,True,True,False,False
Q15254461,2002:061_e177b0a77d_Chel_abinskaja1.xls:Sheet1:476,1407,2010:003_eb441570b1_11._20Урал_ФО_2010.xls:Урал:4915,1269,2021:data_allsettlements_anon_156_v20251217.parquet:parquet:160091,1169,True,"2002,2010,2021",True,True,True,True,True,False,False
Q4320998,2002:049_8bbd34a852_Orenburgskaja1.xls:Sheet1:1723,1293,2010:016_802d308e41_8._20Or_Penz_Perm_Samar_Saratov_Uly_2010.xls:!!!:2323,1137,2021:data_allsettlements_anon_156_v20251217.parquet:parquet:85440,1144,True,"2002,2010,2021",True,True,True,True,True,False,False
Q4268111,2002:054_0d77ecf40f_Saratovskaja1.xls:Sheet1:2048,1248,2010:016_802d308e41_8._20Or_Penz_Perm_Samar_Saratov_Uly_2010.xls:!!!:9543,1159,2021:data_allsettlements_anon_156_v20251217.parquet:parquet:117821,1373,True,"2002,2010,2021",True,True,True,True,True,False,False
Q18778278,2002:054_0d77ecf40f_Saratovskaja1.xls:Sheet1:5,1311,2010:016_802d308e41_8._20Or_Penz_Perm_Samar_Saratov_Uly_2010.xls:!!!:10036,1287,2021:data_allsettlements_anon_156_v20251217.parquet:parquet:116532,1122,True,"2002,2010,2021",True,True,True,True,True,False,False
Q23872833,2002:016_3aa889d669_02c_Tulskaja.xls:Sheet1:189,246,2010:011_040325482b_3._20Ryaz_Smol_Tambov_Tula_Jaroslavl_20L1_20ethn_2010.xls:Data Sheet:9506,195,2021:data_allsettlements_anon_156_v20251217.parquet:parquet:149533,168,True,"2002,2010,2021",True,True,True,True,True,False,False
Q4535167,2002:010_3e630cc803_02c_Moskovskaya-oblast.xls:Sheet1:1078,1018,2010:010_711691e352_2._20Kostrom_Kur_Lip_Moscow_MoscObl_Orlov_2010.xls:Data Sheet:9072,1204,2021:data_allsettlements_anon_156_v20251217.parquet:parquet:66377,1395,True,"2002,2010,2021",True,True,True,True,True,False,False
Q15260399,2002:061_e177b0a77d_Chel_abinskaja1.xls:Sheet1:484,1337,2010:003_eb441570b1_11._20Урал_ФО_2010.xls:Урал:4920,1211,2021:data_allsettlements_anon_156_v20251217.parquet:parquet:160100,1063,True,"2002,2010,2021",True,True,True,True,True,False,False
Q19686625,2002:061_e177b0a77d_Chel_abinskaja1.xls:Sheet1:1418,1118,2010:003_eb441570b1_11._20Урал_ФО_2010.xls:Урал:5571,1169,2021:data_allsettlements_anon_156_v20251217.parquet:parquet:160956,1318,True,"2002,2010,2021",True,True,True,True,True,False,False
Q23872835,2002:016_3aa889d669_02c_Tulskaja.xls:Sheet1:738,155,2010:011_040325482b_3._20Ryaz_Smol_Tambov_Tula_Jaroslavl_20L1_20ethn_2010.xls:Data Sheet:10001,144,2021:data_allsettlements_anon_156_v20251217.parquet:parquet:149887,112,True,"2002,2010,2021",True,True,True,True,True,False,False
Q4114816,2002:041_4b428edd23_Bashkiria_new.xls:Sheet1:2694,1220,2010:017_68e0e4537e_9._20Basq_Mari_Mord_Tatar_Udm_Chuv_2010.xls:!!!:1731,1219,2021:data_allsettlements_anon_156_v20251217.parquet:parquet:146110,1108,True,"2002,2010,2021",True,True,True,True,True,False,False
Q18800670,2002:049_8bbd34a852_Orenburgskaja1.xls:Sheet1:1752,1074,2010:016_802d308e41_8._20Or_Penz_Perm_Samar_Saratov_Uly_2010.xls:!!!:2340,1257,2021:data_allsettlements_anon_156_v20251217.parquet:parquet:85465,1202,True,"2002,2010,2021",True,True,True,True,True,False,False
Q15278501,2002:057_9b18a354f1_02c_Sverdlovskaja_oblast.xls:Sheet1:846,407,2010:003_eb441570b1_11._20Урал_ФО_2010.xls:Урал:3169,503,2021:data_allsettlements_anon_156_v20251217.parquet:parquet:119710,343,True,"2002,2010,2021",True,True,True,True,True,False,False
Q4061358,2002:010_3e630cc803_02c_Moskovskaya-oblast.xls:Sheet1:4714,617,2010:010_711691e352_2._20Kostrom_Kur_Lip_Moscow_MoscObl_Orlov_2010.xls:Data Sheet:12276,1220,2021:data_allsettlements_anon_156_v20251217.parquet:parquet:69293,1678,True,"2002,2010,2021",True,True,True,True,True,False,False
Q4413671,2002:010_3e630cc803_02c_Moskovskaya-oblast.xls:Sheet1:1235,1097,2010:010_711691e352_2._20Kostrom_Kur_Lip_Moscow_MoscObl_Orlov_2010.xls:Data Sheet:9013,1120,2021:data_allsettlements_anon_156_v20251217.parquet:parquet:66334,1292,True,"2002,2010,2021",True,True,True,True,True,False,False
Q19686642,2002:061_e177b0a77d_Chel_abinskaja1.xls:Sheet1:1494,1259,2010:003_eb441570b1_11._20Урал_ФО_2010.xls:Урал:5640,1217,2021:data_allsettlements_anon_156_v20251217.parquet:parquet:161040,999,True,"2002,2010,2021",True,True,True,True,True,False,False
Q15255046,2002:061_e177b0a77d_Chel_abinskaja1.xls:Sheet1:1543,1231,2010:003_eb441570b1_11._20Урал_ФО_2010.xls:Урал:5677,1220,2021:data_allsettlements_anon_156_v20251217.parquet:parquet:161086,1022,True,"2002,2010,2021",True,True,True,True,True,False,False
Q15254709,2002:061_e177b0a77d_Chel_abinskaja1.xls:Sheet1:1563,1249,2010:003_eb441570b1_11._20Урал_ФО_2010.xls:Урал:5696,1092,2021:data_allsettlements_anon_156_v20251217.parquet:parquet:161111,1122,True,"2002,2010,2021",True,True,True,True,True,False,False
Q4073021,2002:054_0d77ecf40f_Saratovskaja1.xls:Sheet1:1166,1145,2010:016_802d308e41_8._20Or_Penz_Perm_Samar_Saratov_Uly_2010.xls:!!!:8992,1187,2021:data_allsettlements_anon_156_v20251217.parquet:parquet:117208,1129,True,"2002,2010,2021",True,True,True,True,True,False,False
Q23839239,2002:016_3aa889d669_02c_Tulskaja.xls:Sheet1:3648,540,2010:011_040325482b_3._20Ryaz_Smol_Tambov_Tula_Jaroslavl_20L1_20ethn_2010.xls:Data Sheet:12641,563,2021:data_allsettlements_anon_156_v20251217.parquet:parquet:152250,538,True,"2002,2010,2021",True,True,True,True,True,False,False
Q13647286,2002:004_f58b08b4f6_02c_Voronezhskaja.xls:Sheet1:392,89,2010:013_f60b2d2bcf_5._20Belg_Bryan_Vlad_Voron_Ivanov_Kalug_20L1_ethn_2010.xls:Data Sheet:6991,60,2021:data_allsettlements_anon_156_v20251217.parquet:parquet:14157,101,True,"2002,2010,2021",True,True,True,True,True,False,False
Q23847511,2002:016_3aa889d669_02c_Tulskaja.xls:Sheet1:1808,1171,2010:011_040325482b_3._20Ryaz_Smol_Tambov_Tula_Jaroslavl_20L1_20ethn_2010.xls:Data Sheet:10970,1133,2021:data_allsettlements_anon_156_v20251217.parquet:parquet:150823,1083,True,"2002,2010,2021",True,True,True,True,True,False,False
Q18787696,2002:054_0d77ecf40f_Saratovskaja1.xls:Sheet1:1397,1146,2010:016_802d308e41_8._20Or_Penz_Perm_Samar_Saratov_Uly_2010.xls:!!!:9131,1124,2021:data_allsettlements_anon_156_v20251217.parquet:parquet:117330,1099,True,"2002,2010,2021",True,True,True,True,True,False,False
Q15274253,2002:057_9b18a354f1_02c_Sverdlovskaja_oblast.xls:Sheet1:1797,1095,2010:003_eb441570b1_11._20Урал_ФО_2010.xls:Урал:3879,1104,2021:data_allsettlements_anon_156_v20251217.parquet:parquet:120339,1148,True,"2002,2010,2021",True,True,True,True,True,False,False
Q15271844,2002:057_9b18a354f1_02c_Sverdlovskaja_oblast.xls:Sheet1:884,1277,2010:003_eb441570b1_11._20Урал_ФО_2010.xls:Урал:3194,1153,2021:data_allsettlements_anon_156_v20251217.parquet:parquet:119758,903,True,"2002,2010,2021",True,True,True,True,True,False,False
Q18773150,2002:049_8bbd34a852_Orenburgskaja1.xls:Sheet1:1693,1116,2010:016_802d308e41_8._20Or_Penz_Perm_Samar_Saratov_Uly_2010.xls:!!!:2303,1092,2021:data_allsettlements_anon_156_v20251217.parquet:parquet:85409,1091,True,"2002,2010,2021",True,True,True,True,True,False,False
Q19618443,2002:014_32646337ea_02c_Tambovskaja.xls:Sheet1:562,1166,2010:011_040325482b_3._20Ryaz_Smol_Tambov_Tula_Jaroslavl_20L1_20ethn_2010.xls:Data Sheet:8113,1140,2021:data_allsettlements_anon_156_v20251217.parquet:parquet:128065,945,True,"2002,2010,2021",True,True,True,True,True,False,False
Q13651661,2002:054_0d77ecf40f_Saratovskaja1.xls:Sheet1:2644,738,2010:016_802d308e41_8._20Or_Penz_Perm_Samar_Saratov_Uly_2010.xls:!!!:9961,583,2021:data_allsettlements_anon_156_v20251217.parquet:parquet:118289,518,True,"2002,2010,2021",True,True,True,True,True,False,False
Q1066675,2002:041_4b428edd23_Bashkiria_new.xls:Sheet1:4021,1047,2010:017_68e0e4537e_9._20Basq_Mari_Mord_Tatar_Udm_Chuv_2010.xls:!!!:2609,1010,2021:data_allsettlements_anon_156_v20251217.parquet:parquet:147163,1172,True,"2002,2010,2021",True,True,True,True,True,False,False
Q18401429,2002:048_4f024587eb_02c_Nizhegorod_obl_new.xls:11:190,3,2010:014_5ca759eea0_5._20Nizheg_Kirov_202010.xls:Data Sheet:124,0,2021:data_allsettlements_anon_156_v20251217.parquet:parquet:72547,6,True,"2002,2010,2021",True,True,True,True,True,False,False
Q18803991,2002:050_a0dc3f856b_penzen_obl.xls:Sheet1:878,1146,2010:016_802d308e41_8._20Or_Penz_Perm_Samar_Saratov_Uly_2010.xls:!!!:3702,1148,2021:data_allsettlements_anon_156_v20251217.parquet:parquet:94706,916,True,"2002,2010,2021",True,True,True,True,True,False,False
Q19906720,2002:081_6a22d6b5c5_Amur.xls:Sheet1:480,1250,2010:009_81f8a0e73c_17._20ДВ_ФО_2010.xls:ДВ:1678,1052,2021:data_allsettlements_anon_156_v20251217.parquet:parquet:61373,908,True,"2002,2010,2021",True,True,True,True,True,False,False
Q18795582,2002:054_0d77ecf40f_Saratovskaja1.xls:Sheet1:430,1253,2010:016_802d308e41_8._20Or_Penz_Perm_Samar_Saratov_Uly_2010.xls:!!!:8526,1107,2021:data_allsettlements_anon_156_v20251217.parquet:parquet:116592,811,True,"2002,2010,2021",True,True,True,True,True,False,False
Q21669245,2002:006_1916564aaa_02c_Kaluzhskaja.xls:Sheet1:366,38,2010:013_f60b2d2bcf_5._20Belg_Bryan_Vlad_Voron_Ivanov_Kalug_20L1_ethn_2010.xls:Data Sheet:11863,20,2021:data_allsettlements_anon_156_v20251217.parquet:parquet:27433,43,True,"2002,2010,2021",True,True,True,True,True,False,False
Q18790571,2002:054_0d77ecf40f_Saratovskaja1.xls:Sheet1:2331,975,2010:016_802d308e41_8._20Or_Penz_Perm_Samar_Saratov_Uly_2010.xls:!!!:9748,1016,2021:data_allsettlements_anon_156_v20251217.parquet:parquet:118047,1167,True,"2002,2010,2021",True,True,True,True,True,False,False
Q4207595,2002:048_4f024587eb_02c_Nizhegorod_obl_new.xls:11:1194,1131,2010:014_5ca759eea0_5._20Nizheg_Kirov_202010.xls:Data Sheet:696,1073,2021:data_allsettlements_anon_156_v20251217.parquet:parquet:72858,954,True,"2002,2010,2021",True,True,True,True,True,False,False
Q18796108,2002:061_e177b0a77d_Chel_abinskaja1.xls:Sheet1:1654,998,2010:003_eb441570b1_11._20Урал_ФО_2010.xls:Урал:5759,881,2021:data_allsettlements_anon_156_v20251217.parquet:parquet:161188,747,True,"2002,2010,2021",True,True,True,True,True,False,False
Q4062597,2002:035_e1bf1fa87f_02c_Chechnya.xls:Sheet1:346,906,2010:002_027be52979_10._20СевКаз_ФО_20(без_20Даг)_202010.xls:СК:1664,1083,2021:data_allsettlements_anon_156_v20251217.parquet:parquet:161823,1135,True,"2002,2010,2021",True,True,True,True,True,False,False
Q23846718,2002:016_3aa889d669_02c_Tulskaja.xls:Sheet1:3720,1175,2010:011_040325482b_3._20Ryaz_Smol_Tambov_Tula_Jaroslavl_20L1_20ethn_2010.xls:Data Sheet:12705,956,2021:data_allsettlements_anon_156_v20251217.parquet:parquet:152196,989,True,"2002,2010,2021",True,True,True,True,True,False,False
Q18787672,2002:054_0d77ecf40f_Saratovskaja1.xls:Sheet1:261,1287,2010:016_802d308e41_8._20Or_Penz_Perm_Samar_Saratov_Uly_2010.xls:!!!:8419,977,2021:data_allsettlements_anon_156_v20251217.parquet:parquet:116466,703,True,"2002,2010,2021",True,True,True,True,True,False,False
Q4326538,2002:003_308406b0ed_02c_Vladimirskaja.xls:Sheet1:1206,941,2010:013_f60b2d2bcf_5._20Belg_Bryan_Vlad_Voron_Ivanov_Kalug_20L1_ethn_2010.xls:Data Sheet:5414,878,2021:data_allsettlements_anon_156_v20251217.parquet:parquet:2432,813,True,"2002,2010,2021",True,True,True,True,True,False,False
Q15274989,2002:057_9b18a354f1_02c_Sverdlovskaja_oblast.xls:Sheet1:1229,1025,2010:003_eb441570b1_11._20Урал_ФО_2010.xls:Урал:3461,956,2021:data_allsettlements_anon_156_v20251217.parquet:parquet:120033,873,True,"2002,2010,2021",True,True,True,True,True,False,False
Q18803614,2002:054_0d77ecf40f_Saratovskaja1.xls:Sheet1:453,1216,2010:016_802d308e41_8._20Or_Penz_Perm_Samar_Saratov_Uly_2010.xls:!!!:8543,1052,2021:data_allsettlements_anon_156_v20251217.parquet:parquet:116614,823,True,"2002,2010,2021",True,True,True,True,True,False,False
Q4417680,2002:048_4f024587eb_02c_Nizhegorod_obl_new.xls:11:2179,1016,2010:014_5ca759eea0_5._20Nizheg_Kirov_202010.xls:Data Sheet:1556,1120,2021:data_allsettlements_anon_156_v20251217.parquet:parquet:73662,914,True,"2002,2010,2021",True,True,True,True,True,False,False
Q21336056,2002:001_6e5cceefdf_02c_Belgorod-obl.xls:Sheet1:205,656,2010:013_f60b2d2bcf_5._20Belg_Bryan_Vlad_Voron_Ivanov_Kalug_20L1_ethn_2010.xls:Data Sheet:159,763,2021:data_allsettlements_anon_156_v20251217.parquet:parquet:164221,1603,True,"2002,2010,2021",True,True,True,True,True,False,False
Q18778104,2002:008_d607cc2b0d_02c_Kurskaja.xls:Sheet1:1255,953,2010:010_711691e352_2._20Kostrom_Kur_Lip_Moscow_MoscObl_Orlov_2010.xls:Data Sheet:4545,1005,2021:data_allsettlements_anon_156_v20251217.parquet:parquet:53252,1057,True,"2002,2010,2021",True,True,True,True,True,False,False
Q15268121,2002:057_9b18a354f1_02c_Sverdlovskaja_oblast.xls:Sheet1:1278,134,2010:003_eb441570b1_11._20Урал_ФО_2010.xls:Урал:3500,84,2021:data_allsettlements_anon_156_v20251217.parquet:parquet:120024,88,True,"2002,2010,2021",True,True,True,True,True,False,False
Q21336020,2002:001_6e5cceefdf_02c_Belgorod-obl.xls:Sheet1:426,1130,2010:013_f60b2d2bcf_5._20Belg_Bryan_Vlad_Voron_Ivanov_Kalug_20L1_ethn_2010.xls:Data Sheet:327,908,2021:data_allsettlements_anon_156_v20251217.parquet:parquet:164318,950,True,"2002,2010,2021",True,True,True,True,True,False,False
Q19907463,2002:081_6a22d6b5c5_Amur.xls:Sheet1:137,1061,2010:009_81f8a0e73c_17._20ДВ_ФО_2010.xls:ДВ:1686,961,2021:data_allsettlements_anon_156_v20251217.parquet:parquet:61382,932,True,"2002,2010,2021",True,True,True,True,True,False,False
Q18778277,2002:054_0d77ecf40f_Saratovskaja1.xls:Sheet1:248,893,2010:016_802d308e41_8._20Or_Penz_Perm_Samar_Saratov_Uly_2010.xls:!!!:8409,849,2021:data_allsettlements_anon_156_v20251217.parquet:parquet:116457,785,True,"2002,2010,2021",True,True,True,True,True,False,False
Q23878985,2002:011_f46bbaadfd_02c_Orlovskaja.xls:Sheet1:1642,993,2010:010_711691e352_2._20Kostrom_Kur_Lip_Moscow_MoscObl_Orlov_2010.xls:Data Sheet:15701,1009,2021:data_allsettlements_anon_156_v20251217.parquet:parquet:92257,946,True,"2002,2010,2021",True,True,True,True,True,False,False
Q4230270,2002:054_0d77ecf40f_Saratovskaja1.xls:Sheet1:1187,1004,2010:016_802d308e41_8._20Or_Penz_Perm_Samar_Saratov_Uly_2010.xls:!!!:9004,1056,2021:data_allsettlements_anon_156_v20251217.parquet:parquet:117182,860,True,"2002,2010,2021",True,True,True,True,True,False,False
Q15272926,2002:057_9b18a354f1_02c_Sverdlovskaja_oblast.xls:Sheet1:2010,1083,2010:003_eb441570b1_11._20Урал_ФО_2010.xls:Урал:4037,934,2021:data_allsettlements_anon_156_v20251217.parquet:parquet:120404,886,True,"2002,2010,2021",True,True,True,True,True,False,False
Q4092600,2002:024_2d3f550c6f_02c_Leningradskaja_obl_new.xls:!!!!!!:42,1035,2010:001_723371ec84_1._20NW_2010.xls:NW:5251,1005,2021:data_allsettlements_anon_156_v20251217.parquet:parquet:55572,861,True,"2002,2010,2021",True,True,True,True,True,False,False
Q4277848,2002:054_0d77ecf40f_Saratovskaja1.xls:Sheet1:116,1144,2010:016_802d308e41_8._20Or_Penz_Perm_Samar_Saratov_Uly_2010.xls:!!!:8318,976,2021:data_allsettlements_anon_156_v20251217.parquet:parquet:116340,775,True,"2002,2010,2021",True,True,True,True,True,False,False
Q4085439,2002:054_0d77ecf40f_Saratovskaja1.xls:Sheet1:1355,898,2010:016_802d308e41_8._20Or_Penz_Perm_Samar_Saratov_Uly_2010.xls:!!!:9106,950,2021:data_allsettlements_anon_156_v20251217.parquet:parquet:117342,898,True,"2002,2010,2021",True,True,True,True,True,False,False
Q16897481,2002:078_8405ea8fce_Yakutia.xls:Sheet1:682,859,2010:009_81f8a0e73c_17._20ДВ_ФО_2010.xls:ДВ:2545,986,2021:data_allsettlements_anon_156_v20251217.parquet:parquet:166606,1009,True,"2002,2010,2021",True,True,True,True,True,False,False
Q4442116,2002:054_0d77ecf40f_Saratovskaja1.xls:Sheet1:2681,931,2010:016_802d308e41_8._20Or_Penz_Perm_Samar_Saratov_Uly_2010.xls:!!!:9982,970,2021:data_allsettlements_anon_156_v20251217.parquet:parquet:118358,952,True,"2002,2010,2021",True,True,True,True,True,False,False
Q1070964,2002:041_4b428edd23_Bashkiria_new.xls:Sheet1:5524,977,2010:017_68e0e4537e_9._20Basq_Mari_Mord_Tatar_Udm_Chuv_2010.xls:!!!:3582,918,2021:data_allsettlements_anon_156_v20251217.parquet:parquet:148342,884,True,"2002,2010,2021",True,True,True,True,True,False,False
Q4527108,2002:035_e1bf1fa87f_02c_Chechnya.xls:Sheet1:400,212,2010:002_027be52979_10._20СевКаз_ФО_20(без_20Даг)_202010.xls:СК:1707,192,2021:data_allsettlements_anon_156_v20251217.parquet:parquet:161881,278,True,"2002,2010,2021",True,True,True,True,True,False,False
Q4084305,2002:010_3e630cc803_02c_Moskovskaya-oblast.xls:Sheet1:4642,103,2010:010_711691e352_2._20Kostrom_Kur_Lip_Moscow_MoscObl_Orlov_2010.xls:Data Sheet:12183,255,2021:data_allsettlements_anon_156_v20251217.parquet:parquet:69240,2037,True,"2002,2010,2021",True,True,True,True,True,False,False
Q21335971,2002:001_6e5cceefdf_02c_Belgorod-obl.xls:Sheet1:1519,890,2010:013_f60b2d2bcf_5._20Belg_Bryan_Vlad_Voron_Ivanov_Kalug_20L1_ethn_2010.xls:Data Sheet:1196,882,2021:data_allsettlements_anon_156_v20251217.parquet:parquet:165070,899,True,"2002,2010,2021",True,True,True,True,True,False,False
Q4308037,2002:048_4f024587eb_02c_Nizhegorod_obl_new.xls:11:4270,609,2010:014_5ca759eea0_5._20Nizheg_Kirov_202010.xls:Data Sheet:3341,504,2021:data_allsettlements_anon_156_v20251217.parquet:parquet:74682,372,True,"2002,2010,2021",True,True,True,True,True,False,False
Q15956104,2002:034_e4218f10b9_02c_N.Osetia.xls:Sheet1:80,879,2010:002_027be52979_10._20СевКаз_ФО_20(без_20Даг)_202010.xls:СК:1118,933,2021:data_allsettlements_anon_156_v20251217.parquet:parquet:121263,921,True,"2002,2010,2021",True,True,True,True,True,False,False
Q18782040,2002:054_0d77ecf40f_Saratovskaja1.xls:Sheet1:2680,819,2010:016_802d308e41_8._20Or_Penz_Perm_Samar_Saratov_Uly_2010.xls:!!!:9981,956,2021:data_allsettlements_anon_156_v20251217.parquet:parquet:118354,955,True,"2002,2010,2021",True,True,True,True,True,False,False
Q18792702,2002:050_a0dc3f856b_penzen_obl.xls:Sheet1:14,1004,2010:016_802d308e41_8._20Or_Penz_Perm_Samar_Saratov_Uly_2010.xls:!!!:3077,915,2021:data_allsettlements_anon_156_v20251217.parquet:parquet:93976,793,True,"2002,2010,2021",True,True,True,True,True,False,False
Q15255209,2002:061_e177b0a77d_Chel_abinskaja1.xls:Sheet1:1649,800,2010:003_eb441570b1_11._20Урал_ФО_2010.xls:Урал:5758,797,2021:data_allsettlements_anon_156_v20251217.parquet:parquet:161185,688,True,"2002,2010,2021",True,True,True,True,True,False,False
Q4349496,2002:054_0d77ecf40f_Saratovskaja1.xls:Sheet1:1215,914,2010:016_802d308e41_8._20Or_Penz_Perm_Samar_Saratov_Uly_2010.xls:!!!:9020,912,2021:data_allsettlements_anon_156_v20251217.parquet:parquet:117207,828,True,"2002,2010,2021",True,True,True,True,True,False,False
Q19686743,2002:061_e177b0a77d_Chel_abinskaja1.xls:Sheet1:1636,299,2010:003_eb441570b1_11._20Урал_ФО_2010.xls:Урал:5748,276,2021:data_allsettlements_anon_156_v20251217.parquet:parquet:161174,296,True,"2002,2010,2021",True,True,True,True,True,False,False
Q18795589,2002:054_0d77ecf40f_Saratovskaja1.xls:Sheet1:707,905,2010:016_802d308e41_8._20Or_Penz_Perm_Samar_Saratov_Uly_2010.xls:!!!:8705,717,2021:data_allsettlements_anon_156_v20251217.parquet:parquet:116804,645,True,"2002,2010,2021",True,True,True,True,True,False,False
Q16702061,2002:010_3e630cc803_02c_Moskovskaya-oblast.xls:Sheet1:6707,865,2010:010_711691e352_2._20Kostrom_Kur_Lip_Moscow_MoscObl_Orlov_2010.xls:Data Sheet:14088,979,2021:data_allsettlements_anon_156_v20251217.parquet:parquet:71122,791,True,"2002,2010,2021",True,True,True,True,True,False,False
Q19618960,2002:081_6a22d6b5c5_Amur.xls:Sheet1:306,897,2010:009_81f8a0e73c_17._20ДВ_ФО_2010.xls:ДВ:1687,901,2021:data_allsettlements_anon_156_v20251217.parquet:parquet:61383,836,True,"2002,2010,2021",True,True,True,True,True,False,False
Q15276587,2002:057_9b18a354f1_02c_Sverdlovskaja_oblast.xls:Sheet1:2211,954,2010:003_eb441570b1_11._20Урал_ФО_2010.xls:Урал:4187,916,2021:data_allsettlements_anon_156_v20251217.parquet:parquet:120548,761,True,"2002,2010,2021",True,True,True,True,True,False,False
Q3273890,2002:016_3aa889d669_02c_Tulskaja.xls:Sheet1:3787,905,2010:011_040325482b_3._20Ryaz_Smol_Tambov_Tula_Jaroslavl_20L1_20ethn_2010.xls:Data Sheet:12767,844,2021:data_allsettlements_anon_156_v20251217.parquet:parquet:152293,849,True,"2002,2010,2021",True,True,True,True,True,False,False
Q1066774,2002:041_4b428edd23_Bashkiria_new.xls:Sheet1:4000,918,2010:017_68e0e4537e_9._20Basq_Mari_Mord_Tatar_Udm_Chuv_2010.xls:!!!:2585,854,2021:data_allsettlements_anon_156_v20251217.parquet:parquet:147135,806,True,"2002,2010,2021",True,True,True,True,True,False,False
Q18795640,2002:054_0d77ecf40f_Saratovskaja1.xls:Sheet1:2053,877,2010:016_802d308e41_8._20Or_Penz_Perm_Samar_Saratov_Uly_2010.xls:!!!:9546,757,2021:data_allsettlements_anon_156_v20251217.parquet:parquet:117825,743,True,"2002,2010,2021",True,True,True,True,True,False,False
Q19830448,2002:004_f58b08b4f6_02c_Voronezhskaja.xls:Sheet1:2586,1039,2010:013_f60b2d2bcf_5._20Belg_Bryan_Vlad_Voron_Ivanov_Kalug_20L1_ethn_2010.xls:Data Sheet:8490,884,2021:data_allsettlements_anon_156_v20251217.parquet:parquet:16067,635,True,"2002,2010,2021",True,True,True,True,True,False,False
Q15267991,2002:057_9b18a354f1_02c_Sverdlovskaja_oblast.xls:Sheet1:559,900,2010:003_eb441570b1_11._20Урал_ФО_2010.xls:Урал:2948,944,2021:data_allsettlements_anon_156_v20251217.parquet:parquet:119566,712,True,"2002,2010,2021",True,True,True,True,True,False,False
Q18803537,2002:054_0d77ecf40f_Saratovskaja1.xls:Sheet1:586,401,2010:016_802d308e41_8._20Or_Penz_Perm_Samar_Saratov_Uly_2010.xls:!!!:8633,305,2021:data_allsettlements_anon_156_v20251217.parquet:parquet:116725,328,True,"2002,2010,2021",True,True,True,True,True,False,False
Q4334389,2002:054_0d77ecf40f_Saratovskaja1.xls:Sheet1:106,901,2010:016_802d308e41_8._20Or_Penz_Perm_Samar_Saratov_Uly_2010.xls:!!!:8310,855,2021:data_allsettlements_anon_156_v20251217.parquet:parquet:116342,793,True,"2002,2010,2021",True,True,True,True,True,False,False
Q4325720,2002:048_4f024587eb_02c_Nizhegorod_obl_new.xls:11:206,703,2010:014_5ca759eea0_5._20Nizheg_Kirov_202010.xls:Data Sheet:155,753,2021:data_allsettlements_anon_156_v20251217.parquet:parquet:72585,678,True,"2002,2010,2021",True,True,True,True,True,False,False
Q15268311,2002:057_9b18a354f1_02c_Sverdlovskaja_oblast.xls:Sheet1:2017,715,2010:003_eb441570b1_11._20Урал_ФО_2010.xls:Урал:4043,827,2021:data_allsettlements_anon_156_v20251217.parquet:parquet:120394,956,True,"2002,2010,2021",True,True,True,True,True,False,False
Q15255033,2002:061_e177b0a77d_Chel_abinskaja1.xls:Sheet1:1600,878,2010:003_eb441570b1_11._20Урал_ФО_2010.xls:Урал:5719,896,2021:data_allsettlements_anon_156_v20251217.parquet:parquet:161137,763,True,"2002,2010,2021",True,True,True,True,True,False,False
Q4534453,2002:041_4b428edd23_Bashkiria_new.xls:Sheet1:6461,817,2010:017_68e0e4537e_9._20Basq_Mari_Mord_Tatar_Udm_Chuv_2010.xls:!!!:4181,864,2021:data_allsettlements_anon_156_v20251217.parquet:parquet:149066,712,True,"2002,2010,2021",True,True,True,True,True,False,False
Q18766908,2002:048_4f024587eb_02c_Nizhegorod_obl_new.xls:11:657,49,2010:014_5ca759eea0_5._20Nizheg_Kirov_202010.xls:Data Sheet:4595,42,2021:data_allsettlements_anon_156_v20251217.parquet:parquet:75133,39,True,"2002,2010,2021",True,True,True,True,True,False,False
Q4175150,2002:054_0d77ecf40f_Saratovskaja1.xls:Sheet1:1145,318,2010:016_802d308e41_8._20Or_Penz_Perm_Samar_Saratov_Uly_2010.xls:!!!:8979,258,2021:data_allsettlements_anon_156_v20251217.parquet:parquet:117153,227,True,"2002,2010,2021",True,True,True,True,True,False,False
Q15271294,2002:057_9b18a354f1_02c_Sverdlovskaja_oblast.xls:Sheet1:1654,892,2010:003_eb441570b1_11._20Урал_ФО_2010.xls:Урал:3774,867,2021:data_allsettlements_anon_156_v20251217.parquet:parquet:120237,767,True,"2002,2010,2021",True,True,True,True,True,False,False
Q15254091,2002:061_e177b0a77d_Chel_abinskaja1.xls:Sheet1:505,529,2010:003_eb441570b1_11._20Урал_ФО_2010.xls:Урал:4932,438,2021:data_allsettlements_anon_156_v20251217.parquet:parquet:160116,278,True,"2002,2010,2021",True,True,True,True,True,False,False
Q18805034,2002:054_0d77ecf40f_Saratovskaja1.xls:Sheet1:2618,917,2010:016_802d308e41_8._20Or_Penz_Perm_Samar_Saratov_Uly_2010.xls:!!!:9945,776,2021:data_allsettlements_anon_156_v20251217.parquet:parquet:118261,805,True,"2002,2010,2021",True,True,True,True,True,False,False
Q18787674,2002:050_a0dc3f856b_penzen_obl.xls:Sheet1:42,940,2010:016_802d308e41_8._20Or_Penz_Perm_Samar_Saratov_Uly_2010.xls:!!!:3099,854,2021:data_allsettlements_anon_156_v20251217.parquet:parquet:94012,704,True,"2002,2010,2021",True,True,True,True,True,False,False
Q4055585,2002:010_3e630cc803_02c_Moskovskaya-oblast.xls:Sheet1:919,54,2010:010_711691e352_2._20Kostrom_Kur_Lip_Moscow_MoscObl_Orlov_2010.xls:Data Sheet:8826,150,2021:data_allsettlements_anon_156_v20251217.parquet:parquet:65548,540,True,"2002,2010,2021",True,True,True,True,True,False,False
Q18803990,2002:050_a0dc3f856b_penzen_obl.xls:Sheet1:506,771,2010:016_802d308e41_8._20Or_Penz_Perm_Samar_Saratov_Uly_2010.xls:!!!:3435,765,2021:data_allsettlements_anon_156_v20251217.parquet:parquet:94393,566,True,"2002,2010,2021",True,True,True,True,True,False,False
Q23954139,2002:016_3aa889d669_02c_Tulskaja.xls:Sheet1:3376,98,2010:011_040325482b_3._20Ryaz_Smol_Tambov_Tula_Jaroslavl_20L1_20ethn_2010.xls:Data Sheet:12381,92,2021:data_allsettlements_anon_156_v20251217.parquet:parquet:151822,95,True,"2002,2010,2021",True,True,True,True,True,False,False
Q23879453,2002:011_f46bbaadfd_02c_Orlovskaja.xls:Sheet1:1573,902,2010:010_711691e352_2._20Kostrom_Kur_Lip_Moscow_MoscObl_Orlov_2010.xls:Data Sheet:15643,829,2021:data_allsettlements_anon_156_v20251217.parquet:parquet:92192,730,True,"2002,2010,2021",True,True,True,True,True,False,False
Q18788114,2002:061_e177b0a77d_Chel_abinskaja1.xls:Sheet1:996,751,2010:003_eb441570b1_11._20Урал_ФО_2010.xls:Урал:5277,773,2021:data_allsettlements_anon_156_v20251217.parquet:parquet:160578,934,True,"2002,2010,2021",True,True,True,True,True,False,False
Q18767332,2002:050_a0dc3f856b_penzen_obl.xls:Sheet1:1198,844,2010:016_802d308e41_8._20Or_Penz_Perm_Samar_Saratov_Uly_2010.xls:!!!:3890,846,2021:data_allsettlements_anon_156_v20251217.parquet:parquet:94936,766,True,"2002,2010,2021",True,True,True,True,True,False,False
Q4369183,2002:041_4b428edd23_Bashkiria_new.xls:Sheet1:5547,804,2010:017_68e0e4537e_9._20Basq_Mari_Mord_Tatar_Udm_Chuv_2010.xls:!!!:3550,845,2021:data_allsettlements_anon_156_v20251217.parquet:parquet:148304,803,True,"2002,2010,2021",True,True,True,True,True,False,False
Q4245202,2002:048_4f024587eb_02c_Nizhegorod_obl_new.xls:11:18,707,2010:014_5ca759eea0_5._20Nizheg_Kirov_202010.xls:Data Sheet:4541,722,2021:data_allsettlements_anon_156_v20251217.parquet:parquet:75102,1021,True,"2002,2010,2021",True,True,True,True,True,False,False
Q21342638,2002:001_6e5cceefdf_02c_Belgorod-obl.xls:Sheet1:188,803,2010:013_f60b2d2bcf_5._20Belg_Bryan_Vlad_Voron_Ivanov_Kalug_20L1_ethn_2010.xls:Data Sheet:146,820,2021:data_allsettlements_anon_156_v20251217.parquet:parquet:164206,823,True,"2002,2010,2021",True,True,True,True,True,False,False
Q19686613,2002:061_e177b0a77d_Chel_abinskaja1.xls:Sheet1:944,303,2010:003_eb441570b1_11._20Урал_ФО_2010.xls:Урал:5237,333,2021:data_allsettlements_anon_156_v20251217.parquet:parquet:160531,317,True,"2002,2010,2021",True,True,True,True,True,False,False
Q16020014,2002:010_3e630cc803_02c_Moskovskaya-oblast.xls:Sheet1:1185,14,2010:010_711691e352_2._20Kostrom_Kur_Lip_Moscow_MoscObl_Orlov_2010.xls:Data Sheet:9076,9,2021:data_allsettlements_anon_156_v20251217.parquet:parquet:66197,16,True,"2002,2010,2021",True,True,True,True,True,False,False
Q4537014,2002:010_3e630cc803_02c_Moskovskaya-oblast.xls:Sheet1:4530,59,2010:010_711691e352_2._20Kostrom_Kur_Lip_Moscow_MoscObl_Orlov_2010.xls:Data Sheet:12299,133,2021:data_allsettlements_anon_156_v20251217.parquet:parquet:69292,506,True,"2002,2010,2021",True,True,True,True,True,False,False
Q15268124,2002:057_9b18a354f1_02c_Sverdlovskaja_oblast.xls:Sheet1:1805,899,2010:003_eb441570b1_11._20Урал_ФО_2010.xls:Урал:3886,895,2021:data_allsettlements_anon_156_v20251217.parquet:parquet:120332,634,True,"2002,2010,2021",True,True,True,True,True,False,False
Q4516879,2002:054_0d77ecf40f_Saratovskaja1.xls:Sheet1:1223,927,2010:016_802d308e41_8._20Or_Penz_Perm_Samar_Saratov_Uly_2010.xls:!!!:9024,892,2021:data_allsettlements_anon_156_v20251217.parquet:parquet:117210,596,True,"2002,2010,2021",True,True,True,True,True,False,False
Q15254030,2002:061_e177b0a77d_Chel_abinskaja1.xls:Sheet1:1187,928,2010:003_eb441570b1_11._20Урал_ФО_2010.xls:Урал:5415,813,2021:data_allsettlements_anon_156_v20251217.parquet:parquet:160744,673,True,"2002,2010,2021",True,True,True,True,True,False,False
Q19686734,2002:061_e177b0a77d_Chel_abinskaja1.xls:Sheet1:1758,629,2010:003_eb441570b1_11._20Урал_ФО_2010.xls:Урал:5830,746,2021:data_allsettlements_anon_156_v20251217.parquet:parquet:161275,1035,True,"2002,2010,2021",True,True,True,True,True,False,False
Q1070390,2002:041_4b428edd23_Bashkiria_new.xls:Sheet1:5502,816,2010:017_68e0e4537e_9._20Basq_Mari_Mord_Tatar_Udm_Chuv_2010.xls:!!!:3568,828,2021:data_allsettlements_anon_156_v20251217.parquet:parquet:148325,729,True,"2002,2010,2021",True,True,True,True,True,False,False
Q1066995,2002:041_4b428edd23_Bashkiria_new.xls:Sheet1:4318,917,2010:017_68e0e4537e_9._20Basq_Mari_Mord_Tatar_Udm_Chuv_2010.xls:!!!:2788,788,2021:data_allsettlements_anon_156_v20251217.parquet:parquet:147379,625,True,"2002,2010,2021",True,True,True,True,True,False,False
Q4126148,2002:054_0d77ecf40f_Saratovskaja1.xls:Sheet1:2687,849,2010:016_802d308e41_8._20Or_Penz_Perm_Samar_Saratov_Uly_2010.xls:!!!:9985,755,2021:data_allsettlements_anon_156_v20251217.parquet:parquet:118318,785,True,"2002,2010,2021",True,True,True,True,True,False,False
Q18923795,2002:081_6a22d6b5c5_Amur.xls:Sheet1:421,214,2010:009_81f8a0e73c_17._20ДВ_ФО_2010.xls:ДВ:1738,164,2021:data_allsettlements_anon_156_v20251217.parquet:parquet:61426,221,True,"2002,2010,2021",True,True,True,True,True,False,False
Q1087339,2002:041_4b428edd23_Bashkiria_new.xls:Sheet1:5882,669,2010:017_68e0e4537e_9._20Basq_Mari_Mord_Tatar_Udm_Chuv_2010.xls:!!!:3815,758,2021:data_allsettlements_anon_156_v20251217.parquet:parquet:148621,952,True,"2002,2010,2021",True,True,True,True,True,False,False
Q15275262,2002:057_9b18a354f1_02c_Sverdlovskaja_oblast.xls:Sheet1:2188,803,2010:003_eb441570b1_11._20Урал_ФО_2010.xls:Урал:4168,620,2021:data_allsettlements_anon_156_v20251217.parquet:parquet:120539,474,True,"2002,2010,2021",True,True,True,True,True,False,False
Q4406071,2002:050_a0dc3f856b_penzen_obl.xls:Sheet1:596,925,2010:016_802d308e41_8._20Or_Penz_Perm_Samar_Saratov_Uly_2010.xls:!!!:3498,815,2021:data_allsettlements_anon_156_v20251217.parquet:parquet:94469,628,True,"2002,2010,2021",True,True,True,True,True,False,False
Q23846706,2002:011_f46bbaadfd_02c_Orlovskaja.xls:Sheet1:2491,695,2010:010_711691e352_2._20Kostrom_Kur_Lip_Moscow_MoscObl_Orlov_2010.xls:Data Sheet:16461,800,2021:data_allsettlements_anon_156_v20251217.parquet:parquet:93079,871,True,"2002,2010,2021",True,True,True,True,True,False,False
Q18799815,2002:061_e177b0a77d_Chel_abinskaja1.xls:Sheet1:1446,765,2010:003_eb441570b1_11._20Урал_ФО_2010.xls:Урал:5593,819,2021:data_allsettlements_anon_156_v20251217.parquet:parquet:160985,773,True,"2002,2010,2021",True,True,True,True,True,False,False
Q21336969,2002:001_6e5cceefdf_02c_Belgorod-obl.xls:Sheet1:171,71,2010:013_f60b2d2bcf_5._20Belg_Bryan_Vlad_Voron_Ivanov_Kalug_20L1_ethn_2010.xls:Data Sheet:132,94,2021:data_allsettlements_anon_156_v20251217.parquet:parquet:164191,113,True,"2002,2010,2021",True,True,True,True,True,False,False
Q4429610,2002:054_0d77ecf40f_Saratovskaja1.xls:Sheet1:2373,713,2010:016_802d308e41_8._20Or_Penz_Perm_Samar_Saratov_Uly_2010.xls:!!!:9781,736,2021:data_allsettlements_anon_156_v20251217.parquet:parquet:118061,887,True,"2002,2010,2021",True,True,True,True,True,False,False
Q4516474,2002:048_4f024587eb_02c_Nizhegorod_obl_new.xls:11:884,782,2010:014_5ca759eea0_5._20Nizheg_Kirov_202010.xls:Data Sheet:4767,852,2021:data_allsettlements_anon_156_v20251217.parquet:parquet:75336,701,True,"2002,2010,2021",True,True,True,True,True,False,False
Q4163876,2002:003_308406b0ed_02c_Vladimirskaja.xls:Sheet1:2482,714,2010:013_f60b2d2bcf_5._20Belg_Bryan_Vlad_Voron_Ivanov_Kalug_20L1_ethn_2010.xls:Data Sheet:6536,753,2021:data_allsettlements_anon_156_v20251217.parquet:parquet:3545,854,True,"2002,2010,2021",True,True,True,True,True,False,False
Q18795614,2002:054_0d77ecf40f_Saratovskaja1.xls:Sheet1:2177,608,2010:016_802d308e41_8._20Or_Penz_Perm_Samar_Saratov_Uly_2010.xls:!!!:9634,559,2021:data_allsettlements_anon_156_v20251217.parquet:parquet:117927,603,True,"2002,2010,2021",True,True,True,True,True,False,False
Q23846608,2002:011_f46bbaadfd_02c_Orlovskaja.xls:Sheet1:1065,358,2010:010_711691e352_2._20Kostrom_Kur_Lip_Moscow_MoscObl_Orlov_2010.xls:Data Sheet:15214,285,2021:data_allsettlements_anon_156_v20251217.parquet:parquet:91720,269,True,"2002,2010,2021",True,True,True,True,True,False,False
Q19521609,2002:081_6a22d6b5c5_Amur.xls:Sheet1:400,33,2010:009_81f8a0e73c_17._20ДВ_ФО_2010.xls:ДВ:1306,315,2021:data_allsettlements_anon_156_v20251217.parquet:parquet:60932,10,True,"2002,2010,2021",True,True,True,True,True,False,False
Q4453983,2002:050_a0dc3f856b_penzen_obl.xls:Sheet1:871,853,2010:016_802d308e41_8._20Or_Penz_Perm_Samar_Saratov_Uly_2010.xls:!!!:3696,781,2021:data_allsettlements_anon_156_v20251217.parquet:parquet:94692,675,True,"2002,2010,2021",True,True,True,True,True,False,False
Q18800488,2002:054_0d77ecf40f_Saratovskaja1.xls:Sheet1:2608,780,2010:016_802d308e41_8._20Or_Penz_Perm_Samar_Saratov_Uly_2010.xls:!!!:9940,796,2021:data_allsettlements_anon_156_v20251217.parquet:parquet:118255,727,True,"2002,2010,2021",True,True,True,True,True,False,False
Q4280631,2002:041_4b428edd23_Bashkiria_new.xls:Sheet1:6067,760,2010:017_68e0e4537e_9._20Basq_Mari_Mord_Tatar_Udm_Chuv_2010.xls:!!!:3943,738,2021:data_allsettlements_anon_156_v20251217.parquet:parquet:148776,797,True,"2002,2010,2021",True,True,True,True,True,False,False
Q4326828,2002:048_4f024587eb_02c_Nizhegorod_obl_new.xls:11:202,781,2010:014_5ca759eea0_5._20Nizheg_Kirov_202010.xls:Data Sheet:152,765,2021:data_allsettlements_anon_156_v20251217.parquet:parquet:72578,738,True,"2002,2010,2021",True,True,True,True,True,False,False
Q18766252,2002:054_0d77ecf40f_Saratovskaja1.xls:Sheet1:134,655,2010:016_802d308e41_8._20Or_Penz_Perm_Samar_Saratov_Uly_2010.xls:!!!:8329,679,2021:data_allsettlements_anon_156_v20251217.parquet:parquet:116368,455,True,"2002,2010,2021",True,True,True,True,True,False,False
Q18764891,2002:054_0d77ecf40f_Saratovskaja1.xls:Sheet1:1404,240,2010:016_802d308e41_8._20Or_Penz_Perm_Samar_Saratov_Uly_2010.xls:!!!:9136,243,2021:data_allsettlements_anon_156_v20251217.parquet:parquet:117350,250,True,"2002,2010,2021",True,True,True,True,True,False,False
Q27579149,2002:056_6e9d0d52b3_Kurgan.xls:Sheet1:624,806,2010:003_eb441570b1_11._20Урал_ФО_2010.xls:Урал:442,764,2021:data_allsettlements_anon_156_v20251217.parquet:parquet:51471,691,True,"2002,2010,2021",True,True,True,True,True,False,False
Q18801628,2002:050_a0dc3f856b_penzen_obl.xls:Sheet1:1014,150,2010:016_802d308e41_8._20Or_Penz_Perm_Samar_Saratov_Uly_2010.xls:!!!:3771,130,2021:data_allsettlements_anon_156_v20251217.parquet:parquet:94833,94,True,"2002,2010,2021",True,True,True,True,True,False,False
Q21673202,2002:014_32646337ea_02c_Tambovskaja.xls:Sheet1:1977,955,2010:011_040325482b_3._20Ryaz_Smol_Tambov_Tula_Jaroslavl_20L1_20ethn_2010.xls:Data Sheet:9185,727,2021:data_allsettlements_anon_156_v20251217.parquet:parquet:129273,571,True,"2002,2010,2021",True,True,True,True,True,False,False
Q18780204,2002:054_0d77ecf40f_Saratovskaja1.xls:Sheet1:1184,799,2010:016_802d308e41_8._20Or_Penz_Perm_Samar_Saratov_Uly_2010.xls:!!!:9003,765,2021:data_allsettlements_anon_156_v20251217.parquet:parquet:117215,687,True,"2002,2010,2021",True,True,True,True,True,False,False
Q19686735,2002:061_e177b0a77d_Chel_abinskaja1.xls:Sheet1:1280,495,2010:003_eb441570b1_11._20Урал_ФО_2010.xls:Урал:5473,326,2021:data_allsettlements_anon_156_v20251217.parquet:parquet:160813,270,True,"2002,2010,2021",True,True,True,True,True,False,False
Q16021319,2002:024_2d3f550c6f_02c_Leningradskaja_obl_new.xls:!!!!!!:2151,4,2010:001_723371ec84_1._20NW_2010.xls:NW:7127,6,2021:data_allsettlements_anon_156_v20251217.parquet:parquet:57531,14,True,"2002,2010,2021",True,True,True,True,True,False,False
Q23846487,2002:016_3aa889d669_02c_Tulskaja.xls:Sheet1:2649,313,2010:011_040325482b_3._20Ryaz_Smol_Tambov_Tula_Jaroslavl_20L1_20ethn_2010.xls:Data Sheet:11721,256,2021:data_allsettlements_anon_156_v20251217.parquet:parquet:151173,325,True,"2002,2010,2021",True,True,True,True,True,False,False
Q15271478,2002:057_9b18a354f1_02c_Sverdlovskaja_oblast.xls:Sheet1:1807,736,2010:003_eb441570b1_11._20Урал_ФО_2010.xls:Урал:3887,776,2021:data_allsettlements_anon_156_v20251217.parquet:parquet:120341,725,True,"2002,2010,2021",True,True,True,True,True,False,False
Q1062933,2002:041_4b428edd23_Bashkiria_new.xls:Sheet1:3464,832,2010:017_68e0e4537e_9._20Basq_Mari_Mord_Tatar_Udm_Chuv_2010.xls:!!!:2220,753,2021:data_allsettlements_anon_156_v20251217.parquet:parquet:146704,645,True,"2002,2010,2021",True,True,True,True,True,False,False
Q18779491,2002:054_0d77ecf40f_Saratovskaja1.xls:Sheet1:2243,627,2010:016_802d308e41_8._20Or_Penz_Perm_Samar_Saratov_Uly_2010.xls:!!!:9681,587,2021:data_allsettlements_anon_156_v20251217.parquet:parquet:117995,503,True,"2002,2010,2021",True,True,True,True,True,False,False
Q16019899,2002:010_3e630cc803_02c_Moskovskaya-oblast.xls:Sheet1:1146,177,2010:010_711691e352_2._20Kostrom_Kur_Lip_Moscow_MoscObl_Orlov_2010.xls:Data Sheet:9030,154,2021:data_allsettlements_anon_156_v20251217.parquet:parquet:66188,337,True,"2002,2010,2021",True,True,True,True,True,False,False
Q16014620,2002:050_a0dc3f856b_penzen_obl.xls:Sheet1:835,868,2010:016_802d308e41_8._20Or_Penz_Perm_Samar_Saratov_Uly_2010.xls:!!!:3667,749,2021:data_allsettlements_anon_156_v20251217.parquet:parquet:94697,598,True,"2002,2010,2021",True,True,True,True,True,False,False
Q21335513,2002:001_6e5cceefdf_02c_Belgorod-obl.xls:Sheet1:1645,833,2010:013_f60b2d2bcf_5._20Belg_Bryan_Vlad_Voron_Ivanov_Kalug_20L1_ethn_2010.xls:Data Sheet:1281,710,2021:data_allsettlements_anon_156_v20251217.parquet:parquet:165702,671,True,"2002,2010,2021",True,True,True,True,True,False,False
Q13638071,2002:050_a0dc3f856b_penzen_obl.xls:Sheet1:953,108,2010:016_802d308e41_8._20Or_Penz_Perm_Samar_Saratov_Uly_2010.xls:!!!:3726,102,2021:data_allsettlements_anon_156_v20251217.parquet:parquet:94738,92,True,"2002,2010,2021",True,True,True,True,True,False,False
Q18794496,2002:054_0d77ecf40f_Saratovskaja1.xls:Sheet1:2236,804,2010:016_802d308e41_8._20Or_Penz_Perm_Samar_Saratov_Uly_2010.xls:!!!:9678,677,2021:data_allsettlements_anon_156_v20251217.parquet:parquet:117977,552,True,"2002,2010,2021",True,True,True,True,True,False,False
Q15276767,2002:057_9b18a354f1_02c_Sverdlovskaja_oblast.xls:Sheet1:1249,297,2010:003_eb441570b1_11._20Урал_ФО_2010.xls:Урал:3478,246,2021:data_allsettlements_anon_156_v20251217.parquet:parquet:120046,206,True,"2002,2010,2021",True,True,True,True,True,False,False
Q15569861,2002:061_e177b0a77d_Chel_abinskaja1.xls:Sheet1:1057,450,2010:003_eb441570b1_11._20Урал_ФО_2010.xls:Урал:5320,454,2021:data_allsettlements_anon_156_v20251217.parquet:parquet:160632,365,True,"2002,2010,2021",True,True,True,True,True,False,False
Q18782985,2002:008_d607cc2b0d_02c_Kurskaja.xls:Sheet1:1211,393,2010:010_711691e352_2._20Kostrom_Kur_Lip_Moscow_MoscObl_Orlov_2010.xls:Data Sheet:4506,375,2021:data_allsettlements_anon_156_v20251217.parquet:parquet:53197,1435,True,"2002,2010,2021",True,True,True,True,True,False,False
Q4320955,2002:050_a0dc3f856b_penzen_obl.xls:Sheet1:146,401,2010:016_802d308e41_8._20Or_Penz_Perm_Samar_Saratov_Uly_2010.xls:!!!:3172,327,2021:data_allsettlements_anon_156_v20251217.parquet:parquet:94095,191,True,"2002,2010,2021",True,True,True,True,True,False,False
Q50829,2002:054_0d77ecf40f_Saratovskaja1.xls:Sheet1:73,589,2010:016_802d308e41_8._20Or_Penz_Perm_Samar_Saratov_Uly_2010.xls:!!!:8284,584,2021:data_allsettlements_anon_156_v20251217.parquet:parquet:116331,306,True,"2002,2010,2021",True,True,True,True,True,False,False
Q16021192,2002:024_2d3f550c6f_02c_Leningradskaja_obl_new.xls:!!!!!!:2055,597,2010:001_723371ec84_1._20NW_2010.xls:NW:7041,896,2021:data_allsettlements_anon_156_v20251217.parquet:parquet:57446,682,True,"2002,2010,2021",True,True,True,True,True,False,False
Q19812977,2002:054_0d77ecf40f_Saratovskaja1.xls:Sheet1:524,178,2010:016_802d308e41_8._20Or_Penz_Perm_Samar_Saratov_Uly_2010.xls:!!!:8589,166,2021:data_allsettlements_anon_156_v20251217.parquet:parquet:116741,174,True,"2002,2010,2021",True,True,True,True,True,False,False
Q18794354,2002:061_e177b0a77d_Chel_abinskaja1.xls:Sheet1:1713,590,2010:003_eb441570b1_11._20Урал_ФО_2010.xls:Урал:5799,477,2021:data_allsettlements_anon_156_v20251217.parquet:parquet:161238,251,True,"2002,2010,2021",True,True,True,True,True,False,False
Q18793308,2002:054_0d77ecf40f_Saratovskaja1.xls:Sheet1:746,830,2010:016_802d308e41_8._20Or_Penz_Perm_Samar_Saratov_Uly_2010.xls:!!!:8727,689,2021:data_allsettlements_anon_156_v20251217.parquet:parquet:116853,575,True,"2002,2010,2021",True,True,True,True,True,False,False
Q4262766,2002:054_0d77ecf40f_Saratovskaja1.xls:Sheet1:742,641,2010:016_802d308e41_8._20Or_Penz_Perm_Samar_Saratov_Uly_2010.xls:!!!:8725,505,2021:data_allsettlements_anon_156_v20251217.parquet:parquet:116850,396,True,"2002,2010,2021",True,True,True,True,True,False,False
Q19669000,2002:054_0d77ecf40f_Saratovskaja1.xls:Sheet1:2729,558,2010:016_802d308e41_8._20Or_Penz_Perm_Samar_Saratov_Uly_2010.xls:!!!:10012,531,2021:data_allsettlements_anon_156_v20251217.parquet:parquet:118351,548,True,"2002,2010,2021",True,True,True,True,True,False,False
Q19638812,2002:050_a0dc3f856b_penzen_obl.xls:Sheet1:340,768,2010:016_802d308e41_8._20Or_Penz_Perm_Samar_Saratov_Uly_2010.xls:!!!:3316,887,2021:data_allsettlements_anon_156_v20251217.parquet:parquet:94261,502,True,"2002,2010,2021",True,True,True,True,True,False,False
Q4367341,2002:054_0d77ecf40f_Saratovskaja1.xls:Sheet1:110,666,2010:016_802d308e41_8._20Or_Penz_Perm_Samar_Saratov_Uly_2010.xls:!!!:8313,551,2021:data_allsettlements_anon_156_v20251217.parquet:parquet:116308,395,True,"2002,2010,2021",True,True,True,True,True,False,False
Q18778347,2002:054_0d77ecf40f_Saratovskaja1.xls:Sheet1:2566,507,2010:016_802d308e41_8._20Or_Penz_Perm_Samar_Saratov_Uly_2010.xls:!!!:9917,520,2021:data_allsettlements_anon_156_v20251217.parquet:parquet:118224,362,True,"2002,2010,2021",True,True,True,True,True,False,False
Q27578804,2002:056_6e9d0d52b3_Kurgan.xls:Sheet1:472,785,2010:003_eb441570b1_11._20Урал_ФО_2010.xls:Урал:332,721,2021:data_allsettlements_anon_156_v20251217.parquet:parquet:51323,633,True,"2002,2010,2021",True,True,True,True,True,False,False
Q19848297,2002:003_308406b0ed_02c_Vladimirskaja.xls:Sheet1:1252,435,2010:013_f60b2d2bcf_5._20Belg_Bryan_Vlad_Voron_Ivanov_Kalug_20L1_ethn_2010.xls:Data Sheet:5419,448,2021:data_allsettlements_anon_156_v20251217.parquet:parquet:2318,292,True,"2002,2010,2021",True,True,True,True,True,False,False
Q18792617,2002:008_d607cc2b0d_02c_Kurskaja.xls:Sheet1:2443,713,2010:010_711691e352_2._20Kostrom_Kur_Lip_Moscow_MoscObl_Orlov_2010.xls:Data Sheet:5527,726,2021:data_allsettlements_anon_156_v20251217.parquet:parquet:54333,698,True,"2002,2010,2021",True,True,True,True,True,False,False
Q19887143,2002:003_308406b0ed_02c_Vladimirskaja.xls:Sheet1:1868,726,2010:013_f60b2d2bcf_5._20Belg_Bryan_Vlad_Voron_Ivanov_Kalug_20L1_ethn_2010.xls:Data Sheet:5942,807,2021:data_allsettlements_anon_156_v20251217.parquet:parquet:2859,604,True,"2002,2010,2021",True,True,True,True,True,False,False
Q18769537,2002:050_a0dc3f856b_penzen_obl.xls:Sheet1:1687,791,2010:016_802d308e41_8._20Or_Penz_Perm_Samar_Saratov_Uly_2010.xls:!!!:4242,860,2021:data_allsettlements_anon_156_v20251217.parquet:parquet:95351,485,True,"2002,2010,2021",True,True,True,True,True,False,False
Q15275300,2002:057_9b18a354f1_02c_Sverdlovskaja_oblast.xls:Sheet1:745,802,2010:003_eb441570b1_11._20Урал_ФО_2010.xls:Урал:3084,696,2021:data_allsettlements_anon_156_v20251217.parquet:parquet:119269,634,True,"2002,2010,2021",True,True,True,True,True,False,False
Q18764921,2002:054_0d77ecf40f_Saratovskaja1.xls:Sheet1:2231,233,2010:016_802d308e41_8._20Or_Penz_Perm_Samar_Saratov_Uly_2010.xls:!!!:9675,147,2021:data_allsettlements_anon_156_v20251217.parquet:parquet:117973,118,True,"2002,2010,2021",True,True,True,True,True,False,False
Q18774670,2002:054_0d77ecf40f_Saratovskaja1.xls:Sheet1:737,787,2010:016_802d308e41_8._20Or_Penz_Perm_Samar_Saratov_Uly_2010.xls:!!!:8722,780,2021:data_allsettlements_anon_156_v20251217.parquet:parquet:116846,563,True,"2002,2010,2021",True,True,True,True,True,False,False
Q4288016,2002:048_4f024587eb_02c_Nizhegorod_obl_new.xls:11:3001,723,2010:014_5ca759eea0_5._20Nizheg_Kirov_202010.xls:Data Sheet:2290,608,2021:data_allsettlements_anon_156_v20251217.parquet:parquet:74214,462,True,"2002,2010,2021",True,True,True,True,True,False,False
Q12141390,2002:024_2d3f550c6f_02c_Leningradskaja_obl_new.xls:!!!!!!:209,755,2010:001_723371ec84_1._20NW_2010.xls:NW:5408,714,2021:data_allsettlements_anon_156_v20251217.parquet:parquet:55685,654,True,"2002,2010,2021",True,True,True,True,True,False,False
Q4320367,2002:041_4b428edd23_Bashkiria_new.xls:Sheet1:5780,648,2010:017_68e0e4537e_9._20Basq_Mari_Mord_Tatar_Udm_Chuv_2010.xls:!!!:3761,725,2021:data_allsettlements_anon_156_v20251217.parquet:parquet:148554,621,True,"2002,2010,2021",True,True,True,True,True,False,False
Q18774689,2002:054_0d77ecf40f_Saratovskaja1.xls:Sheet1:1542,780,2010:016_802d308e41_8._20Or_Penz_Perm_Samar_Saratov_Uly_2010.xls:!!!:9230,739,2021:data_allsettlements_anon_156_v20251217.parquet:parquet:117451,562,True,"2002,2010,2021",True,True,True,True,True,False,False
Q15271393,2002:057_9b18a354f1_02c_Sverdlovskaja_oblast.xls:Sheet1:1718,722,2010:003_eb441570b1_11._20Урал_ФО_2010.xls:Урал:3822,650,2021:data_allsettlements_anon_156_v20251217.parquet:parquet:120291,532,True,"2002,2010,2021",True,True,True,True,True,False,False
Q7563867,2002:054_0d77ecf40f_Saratovskaja1.xls:Sheet1:1416,736,2010:016_802d308e41_8._20Or_Penz_Perm_Samar_Saratov_Uly_2010.xls:!!!:9145,709,2021:data_allsettlements_anon_156_v20251217.parquet:parquet:117359,646,True,"2002,2010,2021",True,True,True,True,True,False,False
Q4420245,2002:054_0d77ecf40f_Saratovskaja1.xls:Sheet1:1837,585,2010:016_802d308e41_8._20Or_Penz_Perm_Samar_Saratov_Uly_2010.xls:!!!:9411,442,2021:data_allsettlements_anon_156_v20251217.parquet:parquet:117667,342,True,"2002,2010,2021",True,True,True,True,True,False,False
Q18805447,2002:008_d607cc2b0d_02c_Kurskaja.xls:Sheet1:2458,81,2010:010_711691e352_2._20Kostrom_Kur_Lip_Moscow_MoscObl_Orlov_2010.xls:Data Sheet:5540,65,2021:data_allsettlements_anon_156_v20251217.parquet:parquet:54339,42,True,"2002,2010,2021",True,True,True,True,True,False,False
Q4514297,2002:006_1916564aaa_02c_Kaluzhskaja.xls:Sheet1:757,772,2010:013_f60b2d2bcf_5._20Belg_Bryan_Vlad_Voron_Ivanov_Kalug_20L1_ethn_2010.xls:Data Sheet:12209,726,2021:data_allsettlements_anon_156_v20251217.parquet:parquet:27817,613,True,"2002,2010,2021",True,True,True,True,True,False,False
Q4104788,2002:041_4b428edd23_Bashkiria_new.xls:Sheet1:3538,760,2010:017_68e0e4537e_9._20Basq_Mari_Mord_Tatar_Udm_Chuv_2010.xls:!!!:2310,728,2021:data_allsettlements_anon_156_v20251217.parquet:parquet:146810,621,True,"2002,2010,2021",True,True,True,True,True,False,False
Q18796101,2002:054_0d77ecf40f_Saratovskaja1.xls:Sheet1:1581,833,2010:016_802d308e41_8._20Or_Penz_Perm_Samar_Saratov_Uly_2010.xls:!!!:9256,715,2021:data_allsettlements_anon_156_v20251217.parquet:parquet:117485,561,True,"2002,2010,2021",True,True,True,True,True,False,False
Q19638929,2002:054_0d77ecf40f_Saratovskaja1.xls:Sheet1:1800,721,2010:016_802d308e41_8._20Or_Penz_Perm_Samar_Saratov_Uly_2010.xls:!!!:9387,757,2021:data_allsettlements_anon_156_v20251217.parquet:parquet:117643,625,True,"2002,2010,2021",True,True,True,True,True,False,False
Q21851725,2002:014_32646337ea_02c_Tambovskaja.xls:Sheet1:1750,767,2010:011_040325482b_3._20Ryaz_Smol_Tambov_Tula_Jaroslavl_20L1_20ethn_2010.xls:Data Sheet:9002,727,2021:data_allsettlements_anon_156_v20251217.parquet:parquet:129083,601,True,"2002,2010,2021",True,True,True,True,True,False,False
Q21335812,2002:001_6e5cceefdf_02c_Belgorod-obl.xls:Sheet1:999,696,2010:013_f60b2d2bcf_5._20Belg_Bryan_Vlad_Voron_Ivanov_Kalug_20L1_ethn_2010.xls:Data Sheet:774,652,2021:data_allsettlements_anon_156_v20251217.parquet:parquet:164694,740,True,"2002,2010,2021",True,True,True,True,True,False,False
Q19638806,2002:050_a0dc3f856b_penzen_obl.xls:Sheet1:275,761,2010:016_802d308e41_8._20Or_Penz_Perm_Samar_Saratov_Uly_2010.xls:!!!:3272,742,2021:data_allsettlements_anon_156_v20251217.parquet:parquet:94212,579,True,"2002,2010,2021",True,True,True,True,True,False,False
Q12083816,2002:024_2d3f550c6f_02c_Leningradskaja_obl_new.xls:!!!!!!:22,42,2010:001_723371ec84_1._20NW_2010.xls:NW:5232,29,2021:data_allsettlements_anon_156_v20251217.parquet:parquet:55695,41,True,"2002,2010,2021",True,True,True,True,True,False,False
Q18780778,2002:050_a0dc3f856b_penzen_obl.xls:Sheet1:1034,819,2010:016_802d308e41_8._20Or_Penz_Perm_Samar_Saratov_Uly_2010.xls:!!!:3784,719,2021:data_allsettlements_anon_156_v20251217.parquet:parquet:94799,542,True,"2002,2010,2021",True,True,True,True,True,False,False
Q4475152,2002:050_a0dc3f856b_penzen_obl.xls:Sheet1:1975,366,2010:016_802d308e41_8._20Or_Penz_Perm_Samar_Saratov_Uly_2010.xls:!!!:4477,339,2021:data_allsettlements_anon_156_v20251217.parquet:parquet:95624,304,True,"2002,2010,2021",True,True,True,True,True,False,False
Q23846612,2002:011_f46bbaadfd_02c_Orlovskaja.xls:Sheet1:2808,254,2010:010_711691e352_2._20Kostrom_Kur_Lip_Moscow_MoscObl_Orlov_2010.xls:Data Sheet:16741,201,2021:data_allsettlements_anon_156_v20251217.parquet:parquet:93376,139,True,"2002,2010,2021",True,True,True,True,True,False,False
Q27577808,2002:056_6e9d0d52b3_Kurgan.xls:Sheet1:77,761,2010:003_eb441570b1_11._20Урал_ФО_2010.xls:Урал:49,647,2021:data_allsettlements_anon_156_v20251217.parquet:parquet:50967,595,True,"2002,2010,2021",True,True,True,True,True,False,False
Q19831340,2002:003_308406b0ed_02c_Vladimirskaja.xls:Sheet1:367,425,2010:013_f60b2d2bcf_5._20Belg_Bryan_Vlad_Voron_Ivanov_Kalug_20L1_ethn_2010.xls:Data Sheet:4660,413,2021:data_allsettlements_anon_156_v20251217.parquet:parquet:1504,314,True,"2002,2010,2021",True,True,True,True,True,False,False
Q13649721,2002:011_f46bbaadfd_02c_Orlovskaja.xls:Sheet1:3135,730,2010:010_711691e352_2._20Kostrom_Kur_Lip_Moscow_MoscObl_Orlov_2010.xls:Data Sheet:17028,676,2021:data_allsettlements_anon_156_v20251217.parquet:parquet:93693,668,True,"2002,2010,2021",True,True,True,True,True,False,False
Q4477148,2002:041_4b428edd23_Bashkiria_new.xls:Sheet1:6444,830,2010:017_68e0e4537e_9._20Basq_Mari_Mord_Tatar_Udm_Chuv_2010.xls:!!!:4169,669,2021:data_allsettlements_anon_156_v20251217.parquet:parquet:149052,574,True,"2002,2010,2021",True,True,True,True,True,False,False
Q18779453,2002:010_3e630cc803_02c_Moskovskaya-oblast.xls:Sheet1:2001,748,2010:010_711691e352_2._20Kostrom_Kur_Lip_Moscow_MoscObl_Orlov_2010.xls:Data Sheet:9866,663,2021:data_allsettlements_anon_156_v20251217.parquet:parquet:67084,605,True,"2002,2010,2021",True,True,True,True,True,False,False
Q18795909,2002:054_0d77ecf40f_Saratovskaja1.xls:Sheet1:2268,869,2010:016_802d308e41_8._20Or_Penz_Perm_Samar_Saratov_Uly_2010.xls:!!!:9698,707,2021:data_allsettlements_anon_156_v20251217.parquet:parquet:117996,494,True,"2002,2010,2021",True,True,True,True,True,False,False
Q18765025,2002:054_0d77ecf40f_Saratovskaja1.xls:Sheet1:1543,179,2010:016_802d308e41_8._20Or_Penz_Perm_Samar_Saratov_Uly_2010.xls:!!!:9231,154,2021:data_allsettlements_anon_156_v20251217.parquet:parquet:117452,133,True,"2002,2010,2021",True,True,True,True,True,False,False
Q19815521,2002:048_4f024587eb_02c_Nizhegorod_obl_new.xls:11:5226,717,2010:014_5ca759eea0_5._20Nizheg_Kirov_202010.xls:Data Sheet:4126,742,2021:data_allsettlements_anon_156_v20251217.parquet:parquet:75078,600,True,"2002,2010,2021",True,True,True,True,True,False,False
Q16020507,2002:010_3e630cc803_02c_Moskovskaya-oblast.xls:Sheet1:6753,686,2010:010_711691e352_2._20Kostrom_Kur_Lip_Moscow_MoscObl_Orlov_2010.xls:Data Sheet:14153,779,2021:data_allsettlements_anon_156_v20251217.parquet:parquet:71027,593,True,"2002,2010,2021",True,True,True,True,True,False,False
Q4337783,2002:054_0d77ecf40f_Saratovskaja1.xls:Sheet1:2719,472,2010:016_802d308e41_8._20Or_Penz_Perm_Samar_Saratov_Uly_2010.xls:!!!:10006,433,2021:data_allsettlements_anon_156_v20251217.parquet:parquet:118344,408,True,"2002,2010,2021",True,True,True,True,True,False,False
Q21672315,2002:014_32646337ea_02c_Tambovskaja.xls:Sheet1:2059,770,2010:011_040325482b_3._20Ryaz_Smol_Tambov_Tula_Jaroslavl_20L1_20ethn_2010.xls:Data Sheet:9246,701,2021:data_allsettlements_anon_156_v20251217.parquet:parquet:129347,586,True,"2002,2010,2021",True,True,True,True,True,False,False
Q21670119,2002:014_32646337ea_02c_Tambovskaja.xls:Sheet1:1286,853,2010:011_040325482b_3._20Ryaz_Smol_Tambov_Tula_Jaroslavl_20L1_20ethn_2010.xls:Data Sheet:8653,710,2021:data_allsettlements_anon_156_v20251217.parquet:parquet:128667,494,True,"2002,2010,2021",True,True,True,True,True,False,False
Q18765084,2002:054_0d77ecf40f_Saratovskaja1.xls:Sheet1:2082,805,2010:016_802d308e41_8._20Or_Penz_Perm_Samar_Saratov_Uly_2010.xls:!!!:9563,682,2021:data_allsettlements_anon_156_v20251217.parquet:parquet:117853,557,True,"2002,2010,2021",True,True,True,True,True,False,False
Q19887205,2002:003_308406b0ed_02c_Vladimirskaja.xls:Sheet1:1998,400,2010:013_f60b2d2bcf_5._20Belg_Bryan_Vlad_Voron_Ivanov_Kalug_20L1_ethn_2010.xls:Data Sheet:6071,340,2021:data_allsettlements_anon_156_v20251217.parquet:parquet:3060,306,True,"2002,2010,2021",True,True,True,True,True,False,False
Q4114821,2002:041_4b428edd23_Bashkiria_new.xls:Sheet1:6088,450,2010:017_68e0e4537e_9._20Basq_Mari_Mord_Tatar_Udm_Chuv_2010.xls:!!!:3960,408,2021:data_allsettlements_anon_156_v20251217.parquet:parquet:148796,374,True,"2002,2010,2021",True,True,True,True,True,False,False
Q4099556,2002:070_48ec6f4a77_Irkut_obl_new.xls:Sheet1:1288,682,2010:008_342f3c208b_16._20Сиб_ФО_2010.xls:Sib:4678,686,2021:data_allsettlements_anon_156_v20251217.parquet:parquet:25220,674,True,"2002,2010,2021",True,True,True,True,True,False,False
Q4369166,2002:050_a0dc3f856b_penzen_obl.xls:Sheet1:160,773,2010:016_802d308e41_8._20Or_Penz_Perm_Samar_Saratov_Uly_2010.xls:!!!:3182,738,2021:data_allsettlements_anon_156_v20251217.parquet:parquet:94106,524,True,"2002,2010,2021",True,True,True,True,True,False,False
Q18796720,2002:050_a0dc3f856b_penzen_obl.xls:Sheet1:1239,679,2010:016_802d308e41_8._20Or_Penz_Perm_Samar_Saratov_Uly_2010.xls:!!!:3925,726,2021:data_allsettlements_anon_156_v20251217.parquet:parquet:94974,623,True,"2002,2010,2021",True,True,True,True,True,False,False
Q19906870,2002:081_6a22d6b5c5_Amur.xls:Sheet1:492,529,2010:009_81f8a0e73c_17._20ДВ_ФО_2010.xls:ДВ:1369,481,2021:data_allsettlements_anon_156_v20251217.parquet:parquet:60985,335,True,"2002,2010,2021",True,True,True,True,True,False,False
Q28483519,2002:081_6a22d6b5c5_Amur.xls:Sheet1:360,651,2010:009_81f8a0e73c_17._20ДВ_ФО_2010.xls:ДВ:1227,581,2021:data_allsettlements_anon_156_v20251217.parquet:parquet:60885,476,True,"2002,2010,2021",True,True,True,True,True,False,False
Q4335095,2002:048_4f024587eb_02c_Nizhegorod_obl_new.xls:11:3062,361,2010:014_5ca759eea0_5._20Nizheg_Kirov_202010.xls:Data Sheet:2345,423,2021:data_allsettlements_anon_156_v20251217.parquet:parquet:74281,1228,True,"2002,2010,2021",True,True,True,True,True,False,False
Q3876856,2002:020_e4f979c6c7_02c_Arxang-new.xls:Sheet1:4249,733,ARK2010:archive20131022:html_table1_tr4209,687,2021:data_allsettlements_anon_156_v20251217.parquet:parquet:90562,592,True,"2002,2010,2021",True,True,True,True,True,False,False
Q27582072,2002:008_d607cc2b0d_02c_Kurskaja.xls:Sheet1:1181,66,2010:010_711691e352_2._20Kostrom_Kur_Lip_Moscow_MoscObl_Orlov_2010.xls:Data Sheet:4479,62,2021:data_allsettlements_anon_156_v20251217.parquet:parquet:53230,51,True,"2002,2010,2021",True,True,True,True,True,False,False
Q1066350,2002:041_4b428edd23_Bashkiria_new.xls:Sheet1:3922,745,2010:017_68e0e4537e_9._20Basq_Mari_Mord_Tatar_Udm_Chuv_2010.xls:!!!:2600,632,2021:data_allsettlements_anon_156_v20251217.parquet:parquet:147149,631,True,"2002,2010,2021",True,True,True,True,True,False,False
Q27581951,2002:008_d607cc2b0d_02c_Kurskaja.xls:Sheet1:1129,696,2010:010_711691e352_2._20Kostrom_Kur_Lip_Moscow_MoscObl_Orlov_2010.xls:Data Sheet:4431,669,2021:data_allsettlements_anon_156_v20251217.parquet:parquet:53129,642,True,"2002,2010,2021",True,True,True,True,True,False,False
Q16680537,2002:050_a0dc3f856b_penzen_obl.xls:Sheet1:1538,42,2010:016_802d308e41_8._20Or_Penz_Perm_Samar_Saratov_Uly_2010.xls:!!!:4138,20,2021:data_allsettlements_anon_156_v20251217.parquet:parquet:95239,2,True,"2002,2010,2021",True,True,True,True,True,False,False
Q4371424,2002:041_4b428edd23_Bashkiria_new.xls:Sheet1:6086,794,2010:017_68e0e4537e_9._20Basq_Mari_Mord_Tatar_Udm_Chuv_2010.xls:!!!:3959,675,2021:data_allsettlements_anon_156_v20251217.parquet:parquet:148795,532,True,"2002,2010,2021",True,True,True,True,True,False,False
Q4085455,2002:050_a0dc3f856b_penzen_obl.xls:Sheet1:1900,401,2010:016_802d308e41_8._20Or_Penz_Perm_Samar_Saratov_Uly_2010.xls:!!!:4423,379,2021:data_allsettlements_anon_156_v20251217.parquet:parquet:95627,253,True,"2002,2010,2021",True,True,True,True,True,False,False
Q21854634,2002:006_1916564aaa_02c_Kaluzhskaja.xls:Sheet1:1012,10,2010:013_f60b2d2bcf_5._20Belg_Bryan_Vlad_Voron_Ivanov_Kalug_20L1_ethn_2010.xls:Data Sheet:12438,29,2021:data_allsettlements_anon_156_v20251217.parquet:parquet:28064,10,True,"2002,2010,2021",True,True,True,True,True,False,False
Q4324887,2002:081_6a22d6b5c5_Amur.xls:Sheet1:395,673,2010:009_81f8a0e73c_17._20ДВ_ФО_2010.xls:ДВ:1230,758,2021:data_allsettlements_anon_156_v20251217.parquet:parquet:60890,563,True,"2002,2010,2021",True,True,True,True,True,False,False
Q19686515,2002:057_9b18a354f1_02c_Sverdlovskaja_oblast.xls:Sheet1:2336,792,2010:003_eb441570b1_11._20Урал_ФО_2010.xls:Урал:4291,637,2021:data_allsettlements_anon_156_v20251217.parquet:parquet:120651,506,True,"2002,2010,2021",True,True,True,True,True,False,False
Q16849933,2002:078_8405ea8fce_Yakutia.xls:Sheet1:378,654,2010:009_81f8a0e73c_17._20ДВ_ФО_2010.xls:ДВ:2396,673,2021:data_allsettlements_anon_156_v20251217.parquet:parquet:166340,666,True,"2002,2010,2021",True,True,True,True,True,False,False
Q4221592,2002:054_0d77ecf40f_Saratovskaja1.xls:Sheet1:2701,651,2010:016_802d308e41_8._20Or_Penz_Perm_Samar_Saratov_Uly_2010.xls:!!!:9993,622,2021:data_allsettlements_anon_156_v20251217.parquet:parquet:118322,576,True,"2002,2010,2021",True,True,True,True,True,False,False
Q18794022,2002:048_4f024587eb_02c_Nizhegorod_obl_new.xls:11:832,634,2010:014_5ca759eea0_5._20Nizheg_Kirov_202010.xls:Data Sheet:4810,600,2021:data_allsettlements_anon_156_v20251217.parquet:parquet:75378,757,True,"2002,2010,2021",True,True,True,True,True,False,False
Q18800273,2002:054_0d77ecf40f_Saratovskaja1.xls:Sheet1:2652,741,2010:016_802d308e41_8._20Or_Penz_Perm_Samar_Saratov_Uly_2010.xls:!!!:9966,667,2021:data_allsettlements_anon_156_v20251217.parquet:parquet:118295,582,True,"2002,2010,2021",True,True,True,True,True,False,False
Q21851695,2002:014_32646337ea_02c_Tambovskaja.xls:Sheet1:1946,534,2010:011_040325482b_3._20Ryaz_Smol_Tambov_Tula_Jaroslavl_20L1_20ethn_2010.xls:Data Sheet:9170,456,2021:data_allsettlements_anon_156_v20251217.parquet:parquet:129261,315,True,"2002,2010,2021",True,True,True,True,True,False,False
Q4089732,2002:048_4f024587eb_02c_Nizhegorod_obl_new.xls:11:1626,732,2010:014_5ca759eea0_5._20Nizheg_Kirov_202010.xls:Data Sheet:1071,736,2021:data_allsettlements_anon_156_v20251217.parquet:parquet:73202,519,True,"2002,2010,2021",True,True,True,True,True,False,False
Q18793451,2002:048_4f024587eb_02c_Nizhegorod_obl_new.xls:11:1490,471,2010:014_5ca759eea0_5._20Nizheg_Kirov_202010.xls:Data Sheet:952,376,2021:data_allsettlements_anon_156_v20251217.parquet:parquet:73133,357,True,"2002,2010,2021",True,True,True,True,True,False,False
Q1062582,2002:041_4b428edd23_Bashkiria_new.xls:Sheet1:2936,68,2010:017_68e0e4537e_9._20Basq_Mari_Mord_Tatar_Udm_Chuv_2010.xls:!!!:1866,41,2021:data_allsettlements_anon_156_v20251217.parquet:parquet:146277,33,True,"2002,2010,2021",True,True,True,True,True,False,False
Q16686175,2002:054_0d77ecf40f_Saratovskaja1.xls:Sheet1:713,742,2010:016_802d308e41_8._20Or_Penz_Perm_Samar_Saratov_Uly_2010.xls:!!!:8708,641,2021:data_allsettlements_anon_156_v20251217.parquet:parquet:116779,525,True,"2002,2010,2021",True,True,True,True,True,False,False
Q23846854,2002:011_f46bbaadfd_02c_Orlovskaja.xls:Sheet1:2514,744,2010:010_711691e352_2._20Kostrom_Kur_Lip_Moscow_MoscObl_Orlov_2010.xls:Data Sheet:16482,728,2021:data_allsettlements_anon_156_v20251217.parquet:parquet:93094,500,True,"2002,2010,2021",True,True,True,True,True,False,False
Q18791741,2002:054_0d77ecf40f_Saratovskaja1.xls:Sheet1:656,257,2010:016_802d308e41_8._20Or_Penz_Perm_Samar_Saratov_Uly_2010.xls:!!!:8676,112,2021:data_allsettlements_anon_156_v20251217.parquet:parquet:116788,49,True,"2002,2010,2021",True,True,True,True,True,False,False
Q2752948,2002:041_4b428edd23_Bashkiria_new.xls:Sheet1:6505,635,2010:017_68e0e4537e_9._20Basq_Mari_Mord_Tatar_Udm_Chuv_2010.xls:!!!:4212,651,2021:data_allsettlements_anon_156_v20251217.parquet:parquet:149102,601,True,"2002,2010,2021",True,True,True,True,True,False,False
Q15271293,2002:057_9b18a354f1_02c_Sverdlovskaja_oblast.xls:Sheet1:1267,585,2010:003_eb441570b1_11._20Урал_ФО_2010.xls:Урал:3492,504,2021:data_allsettlements_anon_156_v20251217.parquet:parquet:120025,502,True,"2002,2010,2021",True,True,True,True,True,False,False
Q1062036,2002:041_4b428edd23_Bashkiria_new.xls:Sheet1:3206,188,2010:017_68e0e4537e_9._20Basq_Mari_Mord_Tatar_Udm_Chuv_2010.xls:!!!:2041,156,2021:data_allsettlements_anon_156_v20251217.parquet:parquet:146490,78,True,"2002,2010,2021",True,True,True,True,True,False,False
Q1068528,2002:041_4b428edd23_Bashkiria_new.xls:Sheet1:5267,633,2010:017_68e0e4537e_9._20Basq_Mari_Mord_Tatar_Udm_Chuv_2010.xls:!!!:3410,675,2021:data_allsettlements_anon_156_v20251217.parquet:parquet:148129,641,True,"2002,2010,2021",True,True,True,True,True,False,False
Q2582335,2002:041_4b428edd23_Bashkiria_new.xls:Sheet1:2391,652,2010:017_68e0e4537e_9._20Basq_Mari_Mord_Tatar_Udm_Chuv_2010.xls:!!!:1525,628,2021:data_allsettlements_anon_156_v20251217.parquet:parquet:145861,668,True,"2002,2010,2021",True,True,True,True,True,False,False
Q1066585,2002:041_4b428edd23_Bashkiria_new.xls:Sheet1:4051,758,2010:017_68e0e4537e_9._20Basq_Mari_Mord_Tatar_Udm_Chuv_2010.xls:!!!:2625,580,2021:data_allsettlements_anon_156_v20251217.parquet:parquet:147181,603,True,"2002,2010,2021",True,True,True,True,True,False,False
Q2019991,2002:041_4b428edd23_Bashkiria_new.xls:Sheet1:5696,600,2010:017_68e0e4537e_9._20Basq_Mari_Mord_Tatar_Udm_Chuv_2010.xls:!!!:3698,681,2021:data_allsettlements_anon_156_v20251217.parquet:parquet:148481,659,True,"2002,2010,2021",True,True,True,True,True,False,False
Q23848490,2002:011_f46bbaadfd_02c_Orlovskaja.xls:Sheet1:2328,730,2010:010_711691e352_2._20Kostrom_Kur_Lip_Moscow_MoscObl_Orlov_2010.xls:Data Sheet:16312,654,2021:data_allsettlements_anon_156_v20251217.parquet:parquet:92917,553,True,"2002,2010,2021",True,True,True,True,True,False,False
Q18396504,2002:043_56b84811fa_02c_mordovia.xls:!!:1645,758,2010:017_68e0e4537e_9._20Basq_Mari_Mord_Tatar_Udm_Chuv_2010.xls:!!!:7205,653,2021:data_allsettlements_anon_156_v20251217.parquet:parquet:64467,526,True,"2002,2010,2021",True,True,True,True,True,False,False
Q19813465,2002:048_4f024587eb_02c_Nizhegorod_obl_new.xls:11:2113,669,2010:014_5ca759eea0_5._20Nizheg_Kirov_202010.xls:Data Sheet:1491,671,2021:data_allsettlements_anon_156_v20251217.parquet:parquet:73596,596,True,"2002,2010,2021",True,True,True,True,True,False,False
Q15255659,2002:057_9b18a354f1_02c_Sverdlovskaja_oblast.xls:Sheet1:1338,681,2010:003_eb441570b1_11._20Урал_ФО_2010.xls:Урал:3544,575,2021:data_allsettlements_anon_156_v20251217.parquet:parquet:119332,319,True,"2002,2010,2021",True,True,True,True,True,False,False
Q18764917,2002:054_0d77ecf40f_Saratovskaja1.xls:Sheet1:2030,96,2010:016_802d308e41_8._20Or_Penz_Perm_Samar_Saratov_Uly_2010.xls:!!!:9534,69,2021:data_allsettlements_anon_156_v20251217.parquet:parquet:117809,51,True,"2002,2010,2021",True,True,True,True,True,False,False
Q19686612,2002:061_e177b0a77d_Chel_abinskaja1.xls:Sheet1:674,622,2010:003_eb441570b1_11._20Урал_ФО_2010.xls:Урал:5052,688,2021:data_allsettlements_anon_156_v20251217.parquet:parquet:160280,615,True,"2002,2010,2021",True,True,True,True,True,False,False
Q26999276,2002:006_1916564aaa_02c_Kaluzhskaja.xls:Sheet1:3453,731,2010:013_f60b2d2bcf_5._20Belg_Bryan_Vlad_Voron_Ivanov_Kalug_20L1_ethn_2010.xls:Data Sheet:14577,577,2021:data_allsettlements_anon_156_v20251217.parquet:parquet:30412,612,True,"2002,2010,2021",True,True,True,True,True,False,False
Q15275299,2002:057_9b18a354f1_02c_Sverdlovskaja_oblast.xls:Sheet1:2112,847,2010:003_eb441570b1_11._20Урал_ФО_2010.xls:Урал:4106,614,2021:data_allsettlements_anon_156_v20251217.parquet:parquet:120450,377,True,"2002,2010,2021",True,True,True,True,True,False,False
Q19615039,2002:081_6a22d6b5c5_Amur.xls:Sheet1:565,214,2010:009_81f8a0e73c_17._20ДВ_ФО_2010.xls:ДВ:1399,209,2021:data_allsettlements_anon_156_v20251217.parquet:parquet:61030,85,True,"2002,2010,2021",True,True,True,True,True,False,False
Q27580761,2002:056_6e9d0d52b3_Kurgan.xls:Sheet1:1201,776,2010:003_eb441570b1_11._20Урал_ФО_2010.xls:Урал:822,665,2021:data_allsettlements_anon_156_v20251217.parquet:parquet:51717,472,True,"2002,2010,2021",True,True,True,True,True,False,False
Q4325359,2002:054_0d77ecf40f_Saratovskaja1.xls:Sheet1:100,727,2010:016_802d308e41_8._20Or_Penz_Perm_Samar_Saratov_Uly_2010.xls:!!!:8305,707,2021:data_allsettlements_anon_156_v20251217.parquet:parquet:116349,473,True,"2002,2010,2021",True,True,True,True,True,False,False
Q27536408,2002:003_308406b0ed_02c_Vladimirskaja.xls:Sheet1:515,36,2010:013_f60b2d2bcf_5._20Belg_Bryan_Vlad_Voron_Ivanov_Kalug_20L1_ethn_2010.xls:Data Sheet:4696,21,2021:data_allsettlements_anon_156_v20251217.parquet:parquet:1688,14,True,"2002,2010,2021",True,True,True,True,True,False,False
Q15254085,2002:061_e177b0a77d_Chel_abinskaja1.xls:Sheet1:1484,349,2010:003_eb441570b1_11._20Урал_ФО_2010.xls:Урал:5635,341,2021:data_allsettlements_anon_156_v20251217.parquet:parquet:161033,375,True,"2002,2010,2021",True,True,True,True,True,False,False
Q4338478,2002:057_9b18a354f1_02c_Sverdlovskaja_oblast.xls:Sheet1:496,440,2010:003_eb441570b1_11._20Урал_ФО_2010.xls:Урал:2900,451,2021:data_allsettlements_anon_156_v20251217.parquet:parquet:121196,386,True,"2002,2010,2021",True,True,True,True,True,False,False
Q15276438,2002:057_9b18a354f1_02c_Sverdlovskaja_oblast.xls:Sheet1:2324,611,2010:003_eb441570b1_11._20Урал_ФО_2010.xls:Урал:4283,561,2021:data_allsettlements_anon_156_v20251217.parquet:parquet:120601,368,True,"2002,2010,2021",True,True,True,True,True,False,False
Q23845717,2002:011_f46bbaadfd_02c_Orlovskaja.xls:Sheet1:305,645,2010:010_711691e352_2._20Kostrom_Kur_Lip_Moscow_MoscObl_Orlov_2010.xls:Data Sheet:14590,628,2021:data_allsettlements_anon_156_v20251217.parquet:parquet:91035,615,True,"2002,2010,2021",True,True,True,True,True,False,False
Q21667848,2002:014_32646337ea_02c_Tambovskaja.xls:Sheet1:151,682,2010:011_040325482b_3._20Ryaz_Smol_Tambov_Tula_Jaroslavl_20L1_20ethn_2010.xls:Data Sheet:7782,688,2021:data_allsettlements_anon_156_v20251217.parquet:parquet:127704,515,True,"2002,2010,2021",True,True,True,True,True,False,False
Q4238647,2002:003_308406b0ed_02c_Vladimirskaja.xls:Sheet1:2671,630,2010:013_f60b2d2bcf_5._20Belg_Bryan_Vlad_Voron_Ivanov_Kalug_20L1_ethn_2010.xls:Data Sheet:6700,603,2021:data_allsettlements_anon_156_v20251217.parquet:parquet:3685,649,True,"2002,2010,2021",True,True,True,True,True,False,False
Q16896577,2002:078_8405ea8fce_Yakutia.xls:Sheet1:393,617,2010:009_81f8a0e73c_17._20ДВ_ФО_2010.xls:ДВ:2405,611,2021:data_allsettlements_anon_156_v20251217.parquet:parquet:166354,653,True,"2002,2010,2021",True,True,True,True,True,False,False
Q18780508,2002:054_0d77ecf40f_Saratovskaja1.xls:Sheet1:535,668,2010:016_802d308e41_8._20Or_Penz_Perm_Samar_Saratov_Uly_2010.xls:!!!:8595,655,2021:data_allsettlements_anon_156_v20251217.parquet:parquet:116672,556,True,"2002,2010,2021",True,True,True,True,True,False,False
Q4084586,2002:057_9b18a354f1_02c_Sverdlovskaja_oblast.xls:Sheet1:594,702,2010:003_eb441570b1_11._20Урал_ФО_2010.xls:Урал:2973,632,2021:data_allsettlements_anon_156_v20251217.parquet:parquet:119579,543,True,"2002,2010,2021",True,True,True,True,True,False,False
Q86680378,2002:054_0d77ecf40f_Saratovskaja1.xls:Sheet1:1052,527,2010:016_802d308e41_8._20Or_Penz_Perm_Samar_Saratov_Uly_2010.xls:!!!:8918,523,2021:data_allsettlements_anon_156_v20251217.parquet:parquet:117091,398,True,"2002,2010,2021",True,True,True,True,True,False,False
Q4405272,2002:041_4b428edd23_Bashkiria_new.xls:Sheet1:5795,592,2010:017_68e0e4537e_9._20Basq_Mari_Mord_Tatar_Udm_Chuv_2010.xls:!!!:3771,690,2021:data_allsettlements_anon_156_v20251217.parquet:parquet:148565,591,True,"2002,2010,2021",True,True,True,True,True,False,False
Q27546868,2002:003_308406b0ed_02c_Vladimirskaja.xls:Sheet1:2762,621,2010:013_f60b2d2bcf_5._20Belg_Bryan_Vlad_Voron_Ivanov_Kalug_20L1_ethn_2010.xls:Data Sheet:6772,634,2021:data_allsettlements_anon_156_v20251217.parquet:parquet:3799,613,True,"2002,2010,2021",True,True,True,True,True,False,False
Q18800479,2002:054_0d77ecf40f_Saratovskaja1.xls:Sheet1:1425,565,2010:016_802d308e41_8._20Or_Penz_Perm_Samar_Saratov_Uly_2010.xls:!!!:9150,507,2021:data_allsettlements_anon_156_v20251217.parquet:parquet:117318,504,True,"2002,2010,2021",True,True,True,True,True,False,False
Q18800257,2002:048_4f024587eb_02c_Nizhegorod_obl_new.xls:11:1681,227,2010:014_5ca759eea0_5._20Nizheg_Kirov_202010.xls:Data Sheet:1127,182,2021:data_allsettlements_anon_156_v20251217.parquet:parquet:73268,105,True,"2002,2010,2021",True,True,True,True,True,False,False
Q1066656,2002:041_4b428edd23_Bashkiria_new.xls:Sheet1:4094,665,2010:017_68e0e4537e_9._20Basq_Mari_Mord_Tatar_Udm_Chuv_2010.xls:!!!:2648,719,2021:data_allsettlements_anon_156_v20251217.parquet:parquet:147209,478,True,"2002,2010,2021",True,True,True,True,True,False,False
Q19686737,2002:061_e177b0a77d_Chel_abinskaja1.xls:Sheet1:1216,675,2010:003_eb441570b1_11._20Урал_ФО_2010.xls:Урал:5433,634,2021:data_allsettlements_anon_156_v20251217.parquet:parquet:160766,552,True,"2002,2010,2021",True,True,True,True,True,False,False
Q18399496,2002:008_d607cc2b0d_02c_Kurskaja.xls:Sheet1:582,314,2010:010_711691e352_2._20Kostrom_Kur_Lip_Moscow_MoscObl_Orlov_2010.xls:Data Sheet:3982,332,2021:data_allsettlements_anon_156_v20251217.parquet:parquet:52600,331,True,"2002,2010,2021",True,True,True,True,True,False,False
Q18802565,2002:010_3e630cc803_02c_Moskovskaya-oblast.xls:Sheet1:3440,18,2010:010_711691e352_2._20Kostrom_Kur_Lip_Moscow_MoscObl_Orlov_2010.xls:Data Sheet:11184,52,2021:data_allsettlements_anon_156_v20251217.parquet:parquet:68114,16,True,"2002,2010,2021",True,True,True,True,True,False,False
Q4320277,2002:054_0d77ecf40f_Saratovskaja1.xls:Sheet1:984,681,2010:016_802d308e41_8._20Or_Penz_Perm_Samar_Saratov_Uly_2010.xls:!!!:8874,625,2021:data_allsettlements_anon_156_v20251217.parquet:parquet:117021,548,True,"2002,2010,2021",True,True,True,True,True,False,False
Q4272456,2002:027_25f0f7433c_02c_Pskovskaja.xls:!!:363,681,2010:012_5c339c0d0e_4._20Vologod_pskov_2010.xls:Data Sheet:8393,600,2021:data_allsettlements_anon_156_v20251217.parquet:parquet:100415,572,True,"2002,2010,2021",True,True,True,True,True,False,False
Q4061281,2002:003_308406b0ed_02c_Vladimirskaja.xls:Sheet1:1721,543,2010:013_f60b2d2bcf_5._20Belg_Bryan_Vlad_Voron_Ivanov_Kalug_20L1_ethn_2010.xls:Data Sheet:5747,606,2021:data_allsettlements_anon_156_v20251217.parquet:parquet:3865,702,True,"2002,2010,2021",True,True,True,True,True,False,False
Q4414917,2002:010_3e630cc803_02c_Moskovskaya-oblast.xls:Sheet1:4708,291,2010:010_711691e352_2._20Kostrom_Kur_Lip_Moscow_MoscObl_Orlov_2010.xls:Data Sheet:12292,434,2021:data_allsettlements_anon_156_v20251217.parquet:parquet:69305,262,True,"2002,2010,2021",True,True,True,True,True,False,False
Q1070039,2002:041_4b428edd23_Bashkiria_new.xls:Sheet1:5509,165,2010:017_68e0e4537e_9._20Basq_Mari_Mord_Tatar_Udm_Chuv_2010.xls:!!!:3574,190,2021:data_allsettlements_anon_156_v20251217.parquet:parquet:148333,1491,True,"2002,2010,2021",True,True,True,True,True,False,False
Q4077551,2002:057_9b18a354f1_02c_Sverdlovskaja_oblast.xls:Sheet1:588,387,2010:003_eb441570b1_11._20Урал_ФО_2010.xls:Урал:2968,345,2021:data_allsettlements_anon_156_v20251217.parquet:parquet:119618,303,True,"2002,2010,2021",True,True,True,True,True,False,False
Q21852653,2002:014_32646337ea_02c_Tambovskaja.xls:Sheet1:1893,549,2010:011_040325482b_3._20Ryaz_Smol_Tambov_Tula_Jaroslavl_20L1_20ethn_2010.xls:Data Sheet:9119,565,2021:data_allsettlements_anon_156_v20251217.parquet:parquet:129208,727,True,"2002,2010,2021",True,True,True,True,True,False,False
Q15271392,2002:057_9b18a354f1_02c_Sverdlovskaja_oblast.xls:Sheet1:100,81,2010:003_eb441570b1_11._20Урал_ФО_2010.xls:Урал:4501,68,2021:data_allsettlements_anon_156_v20251217.parquet:parquet:120758,81,True,"2002,2010,2021",True,True,True,True,True,False,False
Q19906835,2002:081_6a22d6b5c5_Amur.xls:Sheet1:545,595,2010:009_81f8a0e73c_17._20ДВ_ФО_2010.xls:ДВ:1368,565,2021:data_allsettlements_anon_156_v20251217.parquet:parquet:60981,406,True,"2002,2010,2021",True,True,True,True,True,False,False
Q111286976,2002:014_32646337ea_02c_Tambovskaja.xls:Sheet1:1102,380,2010:011_040325482b_3._20Ryaz_Smol_Tambov_Tula_Jaroslavl_20L1_20ethn_2010.xls:Data Sheet:8518,308,2021:data_allsettlements_anon_156_v20251217.parquet:parquet:128521,311,True,"2002,2010,2021",True,True,True,True,True,False,False
Q18780523,2002:054_0d77ecf40f_Saratovskaja1.xls:Sheet1:1314,613,2010:016_802d308e41_8._20Or_Penz_Perm_Samar_Saratov_Uly_2010.xls:!!!:9079,603,2021:data_allsettlements_anon_156_v20251217.parquet:parquet:117275,561,True,"2002,2010,2021",True,True,True,True,True,False,False
Q19848257,2002:003_308406b0ed_02c_Vladimirskaja.xls:Sheet1:1394,9,2010:013_f60b2d2bcf_5._20Belg_Bryan_Vlad_Voron_Ivanov_Kalug_20L1_ethn_2010.xls:Data Sheet:5575,15,2021:data_allsettlements_anon_156_v20251217.parquet:parquet:2534,35,True,"2002,2010,2021",True,True,True,True,True,False,False
Q1839898,2002:023_38d853be37_02c_Kaliningrad.xls:Sheet1:414,673,KAL2010:TOM1:S4:R0425,605,2021:data_allsettlements_anon_156_v20251217.parquet:parquet:26724,550,True,"2002,2010,2021",True,True,True,True,True,False,False
Q15268001,2002:057_9b18a354f1_02c_Sverdlovskaja_oblast.xls:Sheet1:1885,33,2010:003_eb441570b1_11._20Урал_ФО_2010.xls:Урал:3944,18,2021:data_allsettlements_anon_156_v20251217.parquet:parquet:120357,10,True,"2002,2010,2021",True,True,True,True,True,False,False
Q4429597,2002:041_4b428edd23_Bashkiria_new.xls:Sheet1:4906,633,2010:017_68e0e4537e_9._20Basq_Mari_Mord_Tatar_Udm_Chuv_2010.xls:!!!:3175,615,2021:data_allsettlements_anon_156_v20251217.parquet:parquet:147843,574,True,"2002,2010,2021",True,True,True,True,True,False,False
Q16021245,2002:006_1916564aaa_02c_Kaluzhskaja.xls:Sheet1:1349,558,2010:013_f60b2d2bcf_5._20Belg_Bryan_Vlad_Voron_Ivanov_Kalug_20L1_ethn_2010.xls:Data Sheet:12735,706,2021:data_allsettlements_anon_156_v20251217.parquet:parquet:28399,558,True,"2002,2010,2021",True,True,True,True,True,False,False
Q18789049,2002:054_0d77ecf40f_Saratovskaja1.xls:Sheet1:2166,470,2010:016_802d308e41_8._20Or_Penz_Perm_Samar_Saratov_Uly_2010.xls:!!!:9625,455,2021:data_allsettlements_anon_156_v20251217.parquet:parquet:117961,373,True,"2002,2010,2021",True,True,True,True,True,False,False
Q19804306,2002:048_4f024587eb_02c_Nizhegorod_obl_new.xls:11:176,426,2010:014_5ca759eea0_5._20Nizheg_Kirov_202010.xls:Data Sheet:158,382,2021:data_allsettlements_anon_156_v20251217.parquet:parquet:72583,316,True,"2002,2010,2021",True,True,True,True,True,False,False
Q4325894,2002:003_308406b0ed_02c_Vladimirskaja.xls:Sheet1:1075,611,2010:013_f60b2d2bcf_5._20Belg_Bryan_Vlad_Voron_Ivanov_Kalug_20L1_ethn_2010.xls:Data Sheet:5271,646,2021:data_allsettlements_anon_156_v20251217.parquet:parquet:2236,557,True,"2002,2010,2021",True,True,True,True,True,False,False
Q18801505,2002:010_3e630cc803_02c_Moskovskaya-oblast.xls:Sheet1:1005,547,2010:010_711691e352_2._20Kostrom_Kur_Lip_Moscow_MoscObl_Orlov_2010.xls:Data Sheet:8929,710,2021:data_allsettlements_anon_156_v20251217.parquet:parquet:65650,556,True,"2002,2010,2021",True,True,True,True,True,False,False
Q27546752,2002:003_308406b0ed_02c_Vladimirskaja.xls:Sheet1:2673,14,2010:013_f60b2d2bcf_5._20Belg_Bryan_Vlad_Voron_Ivanov_Kalug_20L1_ethn_2010.xls:Data Sheet:6641,6,2021:data_allsettlements_anon_156_v20251217.parquet:parquet:3687,4,True,"2002,2010,2021",True,True,True,True,True,False,False
Q4105335,2002:027_25f0f7433c_02c_Pskovskaja.xls:!!:6953,613,2010:012_5c339c0d0e_4._20Vologod_pskov_2010.xls:Data Sheet:14512,661,2021:data_allsettlements_anon_156_v20251217.parquet:parquet:106770,533,True,"2002,2010,2021",True,True,True,True,True,False,False
Q23880587,2002:016_3aa889d669_02c_Tulskaja.xls:Sheet1:1393,661,2010:011_040325482b_3._20Ryaz_Smol_Tambov_Tula_Jaroslavl_20L1_20ethn_2010.xls:Data Sheet:10581,574,2021:data_allsettlements_anon_156_v20251217.parquet:parquet:150412,569,True,"2002,2010,2021",True,True,True,True,True,False,False
Q15271391,2002:057_9b18a354f1_02c_Sverdlovskaja_oblast.xls:Sheet1:1516,130,2010:003_eb441570b1_11._20Урал_ФО_2010.xls:Урал:3676,49,2021:data_allsettlements_anon_156_v20251217.parquet:parquet:121061,43,True,"2002,2010,2021",True,True,True,True,True,False,False
Q15254039,2002:061_e177b0a77d_Chel_abinskaja1.xls:Sheet1:824,698,2010:003_eb441570b1_11._20Урал_ФО_2010.xls:Урал:5163,573,2021:data_allsettlements_anon_156_v20251217.parquet:parquet:160429,530,True,"2002,2010,2021",True,True,True,True,True,False,False
Q23881811,2002:011_f46bbaadfd_02c_Orlovskaja.xls:Sheet1:1507,654,2010:010_711691e352_2._20Kostrom_Kur_Lip_Moscow_MoscObl_Orlov_2010.xls:Data Sheet:15583,596,2021:data_allsettlements_anon_156_v20251217.parquet:parquet:92123,548,True,"2002,2010,2021",True,True,True,True,True,False,False
Q2570056,2002:041_4b428edd23_Bashkiria_new.xls:Sheet1:1596,555,2010:017_68e0e4537e_9._20Basq_Mari_Mord_Tatar_Udm_Chuv_2010.xls:!!!:1019,505,2021:data_allsettlements_anon_156_v20251217.parquet:parquet:145260,401,True,"2002,2010,2021",True,True,True,True,True,False,False
Q18800271,2002:061_e177b0a77d_Chel_abinskaja1.xls:Sheet1:1447,310,2010:003_eb441570b1_11._20Урал_ФО_2010.xls:Урал:5594,450,2021:data_allsettlements_anon_156_v20251217.parquet:parquet:160986,666,True,"2002,2010,2021",True,True,True,True,True,False,False
Q23879456,2002:011_f46bbaadfd_02c_Orlovskaja.xls:Sheet1:3066,521,2010:010_711691e352_2._20Kostrom_Kur_Lip_Moscow_MoscObl_Orlov_2010.xls:Data Sheet:16966,441,2021:data_allsettlements_anon_156_v20251217.parquet:parquet:93628,437,True,"2002,2010,2021",True,True,True,True,True,False,False
Q18778348,2002:054_0d77ecf40f_Saratovskaja1.xls:Sheet1:2649,291,2010:016_802d308e41_8._20Or_Penz_Perm_Samar_Saratov_Uly_2010.xls:!!!:9962,253,2021:data_allsettlements_anon_156_v20251217.parquet:parquet:118266,208,True,"2002,2010,2021",True,True,True,True,True,False,False
Q21669389,2002:014_32646337ea_02c_Tambovskaja.xls:Sheet1:658,344,2010:011_040325482b_3._20Ryaz_Smol_Tambov_Tula_Jaroslavl_20L1_20ethn_2010.xls:Data Sheet:8178,347,2021:data_allsettlements_anon_156_v20251217.parquet:parquet:128158,285,True,"2002,2010,2021",True,True,True,True,True,False,False
Q4123441,2002:011_f46bbaadfd_02c_Orlovskaja.xls:Sheet1:1924,640,2010:010_711691e352_2._20Kostrom_Kur_Lip_Moscow_MoscObl_Orlov_2010.xls:Data Sheet:15958,602,2021:data_allsettlements_anon_156_v20251217.parquet:parquet:92533,541,True,"2002,2010,2021",True,True,True,True,True,False,False
Q4476577,2002:041_4b428edd23_Bashkiria_new.xls:Sheet1:3553,652,2010:017_68e0e4537e_9._20Basq_Mari_Mord_Tatar_Udm_Chuv_2010.xls:!!!:2277,640,2021:data_allsettlements_anon_156_v20251217.parquet:parquet:146778,489,True,"2002,2010,2021",True,True,True,True,True,False,False
Q15254401,2002:061_e177b0a77d_Chel_abinskaja1.xls:Sheet1:222,550,2010:003_eb441570b1_11._20Урал_ФО_2010.xls:Урал:4742,575,2021:data_allsettlements_anon_156_v20251217.parquet:parquet:159881,596,True,"2002,2010,2021",True,True,True,True,True,False,False
Q18767183,2002:054_0d77ecf40f_Saratovskaja1.xls:Sheet1:1371,366,2010:016_802d308e41_8._20Or_Penz_Perm_Samar_Saratov_Uly_2010.xls:!!!:9116,368,2021:data_allsettlements_anon_156_v20251217.parquet:parquet:117363,371,True,"2002,2010,2021",True,True,True,True,True,False,False
Q27575203,2002:072_970adef884_Kemerov_obl_new.xls:Sheet1:1325,634,2010:008_342f3c208b_16._20Сиб_ФО_2010.xls:Sib:6022,640,2021:data_allsettlements_anon_156_v20251217.parquet:parquet:33232,504,True,"2002,2010,2021",True,True,True,True,True,False,False
Q19686707,2002:061_e177b0a77d_Chel_abinskaja1.xls:Sheet1:698,378,2010:003_eb441570b1_11._20Урал_ФО_2010.xls:Урал:5070,395,2021:data_allsettlements_anon_156_v20251217.parquet:parquet:160304,307,True,"2002,2010,2021",True,True,True,True,True,False,False
Q4245402,2002:048_4f024587eb_02c_Nizhegorod_obl_new.xls:11:3039,596,2010:014_5ca759eea0_5._20Nizheg_Kirov_202010.xls:Data Sheet:2327,571,2021:data_allsettlements_anon_156_v20251217.parquet:parquet:74260,609,True,"2002,2010,2021",True,True,True,True,True,False,False
Q21669686,2002:014_32646337ea_02c_Tambovskaja.xls:Sheet1:118,696,2010:011_040325482b_3._20Ryaz_Smol_Tambov_Tula_Jaroslavl_20L1_20ethn_2010.xls:Data Sheet:7760,595,2021:data_allsettlements_anon_156_v20251217.parquet:parquet:127671,450,True,"2002,2010,2021",True,True,True,True,True,False,False
Q18779498,2002:054_0d77ecf40f_Saratovskaja1.xls:Sheet1:2518,374,2010:016_802d308e41_8._20Or_Penz_Perm_Samar_Saratov_Uly_2010.xls:!!!:9880,332,2021:data_allsettlements_anon_156_v20251217.parquet:parquet:118201,287,True,"2002,2010,2021",True,True,True,True,True,False,False
Q18778336,2002:008_d607cc2b0d_02c_Kurskaja.xls:Sheet1:2439,605,2010:010_711691e352_2._20Kostrom_Kur_Lip_Moscow_MoscObl_Orlov_2010.xls:Data Sheet:5523,592,2021:data_allsettlements_anon_156_v20251217.parquet:parquet:54329,559,True,"2002,2010,2021",True,True,True,True,True,False,False
Q18765549,2002:054_0d77ecf40f_Saratovskaja1.xls:Sheet1:849,671,2010:016_802d308e41_8._20Or_Penz_Perm_Samar_Saratov_Uly_2010.xls:!!!:8794,601,2021:data_allsettlements_anon_156_v20251217.parquet:parquet:116933,482,True,"2002,2010,2021",True,True,True,True,True,False,False
Q18801444,2002:054_0d77ecf40f_Saratovskaja1.xls:Sheet1:2595,586,2010:016_802d308e41_8._20Or_Penz_Perm_Samar_Saratov_Uly_2010.xls:!!!:9932,636,2021:data_allsettlements_anon_156_v20251217.parquet:parquet:118247,528,True,"2002,2010,2021",True,True,True,True,True,False,False
Q18804920,2002:008_d607cc2b0d_02c_Kurskaja.xls:Sheet1:1283,614,2010:010_711691e352_2._20Kostrom_Kur_Lip_Moscow_MoscObl_Orlov_2010.xls:Data Sheet:4569,581,2021:data_allsettlements_anon_156_v20251217.parquet:parquet:53265,552,True,"2002,2010,2021",True,True,True,True,True,False,False
Q21671671,2002:006_1916564aaa_02c_Kaluzhskaja.xls:Sheet1:1859,485,2010:013_f60b2d2bcf_5._20Belg_Bryan_Vlad_Voron_Ivanov_Kalug_20L1_ethn_2010.xls:Data Sheet:13177,518,2021:data_allsettlements_anon_156_v20251217.parquet:parquet:28879,743,True,"2002,2010,2021",True,True,True,True,True,False,False
Q16910375,2002:061_e177b0a77d_Chel_abinskaja1.xls:Sheet1:1147,266,2010:003_eb441570b1_11._20Урал_ФО_2010.xls:Урал:5392,211,2021:data_allsettlements_anon_156_v20251217.parquet:parquet:160713,157,True,"2002,2010,2021",True,True,True,True,True,False,False
Q18175608,2002:061_e177b0a77d_Chel_abinskaja1.xls:Sheet1:362,753,2010:003_eb441570b1_11._20Урал_ФО_2010.xls:Урал:4837,577,2021:data_allsettlements_anon_156_v20251217.parquet:parquet:159994,414,True,"2002,2010,2021",True,True,True,True,True,False,False
Q23874435,2002:016_3aa889d669_02c_Tulskaja.xls:Sheet1:2828,425,2010:011_040325482b_3._20Ryaz_Smol_Tambov_Tula_Jaroslavl_20L1_20ethn_2010.xls:Data Sheet:11884,448,2021:data_allsettlements_anon_156_v20251217.parquet:parquet:151337,414,True,"2002,2010,2021",True,True,True,True,True,False,False
Q15254051,2002:061_e177b0a77d_Chel_abinskaja1.xls:Sheet1:1436,284,2010:003_eb441570b1_11._20Урал_ФО_2010.xls:Урал:5585,376,2021:data_allsettlements_anon_156_v20251217.parquet:parquet:160973,1078,True,"2002,2010,2021",True,True,True,True,True,False,False
Q18792659,2002:010_3e630cc803_02c_Moskovskaya-oblast.xls:Sheet1:1985,576,2010:010_711691e352_2._20Kostrom_Kur_Lip_Moscow_MoscObl_Orlov_2010.xls:Data Sheet:9876,531,2021:data_allsettlements_anon_156_v20251217.parquet:parquet:67108,631,True,"2002,2010,2021",True,True,True,True,True,False,False
Q16897129,2002:078_8405ea8fce_Yakutia.xls:Sheet1:146,561,2010:009_81f8a0e73c_17._20ДВ_ФО_2010.xls:ДВ:2283,570,2021:data_allsettlements_anon_156_v20251217.parquet:parquet:166142,553,True,"2002,2010,2021",True,True,True,True,True,False,False
Q16910373,2002:061_e177b0a77d_Chel_abinskaja1.xls:Sheet1:464,241,2010:003_eb441570b1_11._20Урал_ФО_2010.xls:Урал:4906,176,2021:data_allsettlements_anon_156_v20251217.parquet:parquet:160079,172,True,"2002,2010,2021",True,True,True,True,True,False,False
Q18767536,2002:054_0d77ecf40f_Saratovskaja1.xls:Sheet1:2431,607,2010:016_802d308e41_8._20Or_Penz_Perm_Samar_Saratov_Uly_2010.xls:!!!:9818,537,2021:data_allsettlements_anon_156_v20251217.parquet:parquet:118128,588,True,"2002,2010,2021",True,True,True,True,True,False,False
Q23874451,2002:016_3aa889d669_02c_Tulskaja.xls:Sheet1:3748,503,2010:011_040325482b_3._20Ryaz_Smol_Tambov_Tula_Jaroslavl_20L1_20ethn_2010.xls:Data Sheet:12731,408,2021:data_allsettlements_anon_156_v20251217.parquet:parquet:152342,325,True,"2002,2010,2021",True,True,True,True,True,False,False
Q4089730,2002:048_4f024587eb_02c_Nizhegorod_obl_new.xls:11:1114,584,2010:014_5ca759eea0_5._20Nizheg_Kirov_202010.xls:Data Sheet:624,529,2021:data_allsettlements_anon_156_v20251217.parquet:parquet:72780,411,True,"2002,2010,2021",True,True,True,True,True,False,False
Q18790116,2002:050_a0dc3f856b_penzen_obl.xls:Sheet1:742,357,2010:016_802d308e41_8._20Or_Penz_Perm_Samar_Saratov_Uly_2010.xls:!!!:3605,337,2021:data_allsettlements_anon_156_v20251217.parquet:parquet:94580,247,True,"2002,2010,2021",True,True,True,True,True,False,False
Q4465030,2002:041_4b428edd23_Bashkiria_new.xls:Sheet1:5767,634,2010:017_68e0e4537e_9._20Basq_Mari_Mord_Tatar_Udm_Chuv_2010.xls:!!!:3753,584,2021:data_allsettlements_anon_156_v20251217.parquet:parquet:148543,512,True,"2002,2010,2021",True,True,True,True,True,False,False
Q18792592,2002:050_a0dc3f856b_penzen_obl.xls:Sheet1:1021,96,2010:016_802d308e41_8._20Or_Penz_Perm_Samar_Saratov_Uly_2010.xls:!!!:3776,55,2021:data_allsettlements_anon_156_v20251217.parquet:parquet:94787,42,True,"2002,2010,2021",True,True,True,True,True,False,False
Q23882754,2002:011_f46bbaadfd_02c_Orlovskaja.xls:Sheet1:749,90,2010:010_711691e352_2._20Kostrom_Kur_Lip_Moscow_MoscObl_Orlov_2010.xls:Data Sheet:14957,73,2021:data_allsettlements_anon_156_v20251217.parquet:parquet:91432,87,True,"2002,2010,2021",True,True,True,True,True,False,False
Q18802589,2002:054_0d77ecf40f_Saratovskaja1.xls:Sheet1:1392,421,2010:016_802d308e41_8._20Or_Penz_Perm_Samar_Saratov_Uly_2010.xls:!!!:9128,417,2021:data_allsettlements_anon_156_v20251217.parquet:parquet:117327,332,True,"2002,2010,2021",True,True,True,True,True,False,False
Q19907133,2002:081_6a22d6b5c5_Amur.xls:Sheet1:212,299,2010:009_81f8a0e73c_17._20ДВ_ФО_2010.xls:ДВ:1453,252,2021:data_allsettlements_anon_156_v20251217.parquet:parquet:61103,209,True,"2002,2010,2021",True,True,True,True,True,False,False
Q19813522,2002:061_e177b0a77d_Chel_abinskaja1.xls:Sheet1:855,302,2010:003_eb441570b1_11._20Урал_ФО_2010.xls:Урал:5180,271,2021:data_allsettlements_anon_156_v20251217.parquet:parquet:160453,203,True,"2002,2010,2021",True,True,True,True,True,False,False
Q19686638,2002:061_e177b0a77d_Chel_abinskaja1.xls:Sheet1:1813,270,2010:003_eb441570b1_11._20Урал_ФО_2010.xls:Урал:5870,176,2021:data_allsettlements_anon_156_v20251217.parquet:parquet:161324,53,True,"2002,2010,2021",True,True,True,True,True,False,False
Q18782017,2002:054_0d77ecf40f_Saratovskaja1.xls:Sheet1:1970,734,2010:016_802d308e41_8._20Or_Penz_Perm_Samar_Saratov_Uly_2010.xls:!!!:9492,572,2021:data_allsettlements_anon_156_v20251217.parquet:parquet:117766,406,True,"2002,2010,2021",True,True,True,True,True,False,False
Q1070441,2002:041_4b428edd23_Bashkiria_new.xls:Sheet1:5499,445,2010:017_68e0e4537e_9._20Basq_Mari_Mord_Tatar_Udm_Chuv_2010.xls:!!!:3567,559,2021:data_allsettlements_anon_156_v20251217.parquet:parquet:148323,706,True,"2002,2010,2021",True,True,True,True,True,False,False
Q19848392,2002:003_308406b0ed_02c_Vladimirskaja.xls:Sheet1:854,635,2010:013_f60b2d2bcf_5._20Belg_Bryan_Vlad_Voron_Ivanov_Kalug_20L1_ethn_2010.xls:Data Sheet:5040,594,2021:data_allsettlements_anon_156_v20251217.parquet:parquet:1981,481,True,"2002,2010,2021",True,True,True,True,True,False,False
Q4199983,2002:041_4b428edd23_Bashkiria_new.xls:Sheet1:5040,630,2010:017_68e0e4537e_9._20Basq_Mari_Mord_Tatar_Udm_Chuv_2010.xls:!!!:3272,571,2021:data_allsettlements_anon_156_v20251217.parquet:parquet:147958,508,True,"2002,2010,2021",True,True,True,True,True,False,False
Q19907287,2002:081_6a22d6b5c5_Amur.xls:Sheet1:385,646,2010:009_81f8a0e73c_17._20ДВ_ФО_2010.xls:ДВ:1682,567,2021:data_allsettlements_anon_156_v20251217.parquet:parquet:61389,495,True,"2002,2010,2021",True,True,True,True,True,False,False
Q4412235,2002:048_4f024587eb_02c_Nizhegorod_obl_new.xls:11:22,92,2010:014_5ca759eea0_5._20Nizheg_Kirov_202010.xls:Data Sheet:4552,111,2021:data_allsettlements_anon_156_v20251217.parquet:parquet:75552,83,True,"2002,2010,2021",True,True,True,True,True,False,False
Q21851783,2002:006_1916564aaa_02c_Kaluzhskaja.xls:Sheet1:2832,13,2010:013_f60b2d2bcf_5._20Belg_Bryan_Vlad_Voron_Ivanov_Kalug_20L1_ethn_2010.xls:Data Sheet:14033,4,2021:data_allsettlements_anon_156_v20251217.parquet:parquet:29812,5,True,"2002,2010,2021",True,True,True,True,True,False,False
Q18799864,2002:050_a0dc3f856b_penzen_obl.xls:Sheet1:515,362,2010:016_802d308e41_8._20Or_Penz_Perm_Samar_Saratov_Uly_2010.xls:!!!:3443,258,2021:data_allsettlements_anon_156_v20251217.parquet:parquet:94396,199,True,"2002,2010,2021",True,True,True,True,True,False,False
Q23976739,2002:016_3aa889d669_02c_Tulskaja.xls:Sheet1:2994,779,2010:011_040325482b_3._20Ryaz_Smol_Tambov_Tula_Jaroslavl_20L1_20ethn_2010.xls:Data Sheet:12033,443,2021:data_allsettlements_anon_156_v20251217.parquet:parquet:151602,483,True,"2002,2010,2021",True,True,True,True,True,False,False
Q110258612,2002:050_a0dc3f856b_penzen_obl.xls:Sheet1:1289,700,2010:016_802d308e41_8._20Or_Penz_Perm_Samar_Saratov_Uly_2010.xls:!!!:3962,532,2021:data_allsettlements_anon_156_v20251217.parquet:parquet:95022,473,True,"2002,2010,2021",True,True,True,True,True,False,False
Q16897130,2002:078_8405ea8fce_Yakutia.xls:Sheet1:343,612,2010:009_81f8a0e73c_17._20ДВ_ФО_2010.xls:ДВ:2380,551,2021:data_allsettlements_anon_156_v20251217.parquet:parquet:166311,522,True,"2002,2010,2021",True,True,True,True,True,False,False
Q23846480,2002:016_3aa889d669_02c_Tulskaja.xls:Sheet1:1455,41,2010:011_040325482b_3._20Ryaz_Smol_Tambov_Tula_Jaroslavl_20L1_20ethn_2010.xls:Data Sheet:10636,130,2021:data_allsettlements_anon_156_v20251217.parquet:parquet:150536,62,True,"2002,2010,2021",True,True,True,True,True,False,False
Q18781227,2002:054_0d77ecf40f_Saratovskaja1.xls:Sheet1:1212,614,2010:016_802d308e41_8._20Or_Penz_Perm_Samar_Saratov_Uly_2010.xls:!!!:9018,545,2021:data_allsettlements_anon_156_v20251217.parquet:parquet:117204,544,True,"2002,2010,2021",True,True,True,True,True,False,False
Q1839889,2002:023_38d853be37_02c_Kaliningrad.xls:Sheet1:403,330,KAL2010:TOM1:S4:R0428,305,2021:data_allsettlements_anon_156_v20251217.parquet:parquet:26727,306,True,"2002,2010,2021",True,True,True,True,True,False,False
Q18764679,2002:010_3e630cc803_02c_Moskovskaya-oblast.xls:Sheet1:3490,632,2010:010_711691e352_2._20Kostrom_Kur_Lip_Moscow_MoscObl_Orlov_2010.xls:Data Sheet:11151,592,2021:data_allsettlements_anon_156_v20251217.parquet:parquet:68044,476,True,"2002,2010,2021",True,True,True,True,True,False,False
Q18778300,2002:054_0d77ecf40f_Saratovskaja1.xls:Sheet1:795,203,2010:016_802d308e41_8._20Or_Penz_Perm_Samar_Saratov_Uly_2010.xls:!!!:8758,209,2021:data_allsettlements_anon_156_v20251217.parquet:parquet:116875,209,True,"2002,2010,2021",True,True,True,True,True,False,False
Q4325008,2002:048_4f024587eb_02c_Nizhegorod_obl_new.xls:11:3041,373,2010:014_5ca759eea0_5._20Nizheg_Kirov_202010.xls:Data Sheet:4542,426,2021:data_allsettlements_anon_156_v20251217.parquet:parquet:75107,897,True,"2002,2010,2021",True,True,True,True,True,False,False
Q21342494,2002:001_6e5cceefdf_02c_Belgorod-obl.xls:Sheet1:131,477,2010:013_f60b2d2bcf_5._20Belg_Bryan_Vlad_Voron_Ivanov_Kalug_20L1_ethn_2010.xls:Data Sheet:100,552,2021:data_allsettlements_anon_156_v20251217.parquet:parquet:164153,667,True,"2002,2010,2021",True,True,True,True,True,False,False
Q4130362,2002:027_25f0f7433c_02c_Pskovskaja.xls:!!:1338,669,2010:012_5c339c0d0e_4._20Vologod_pskov_2010.xls:Data Sheet:9288,538,2021:data_allsettlements_anon_156_v20251217.parquet:parquet:101480,488,True,"2002,2010,2021",True,True,True,True,True,False,False
Q18797975,2002:008_d607cc2b0d_02c_Kurskaja.xls:Sheet1:958,685,2010:010_711691e352_2._20Kostrom_Kur_Lip_Moscow_MoscObl_Orlov_2010.xls:Data Sheet:4297,584,2021:data_allsettlements_anon_156_v20251217.parquet:parquet:52980,424,True,"2002,2010,2021",True,True,True,True,True,False,False
Q18801467,2002:048_4f024587eb_02c_Nizhegorod_obl_new.xls:11:2640,606,2010:014_5ca759eea0_5._20Nizheg_Kirov_202010.xls:Data Sheet:1987,571,2021:data_allsettlements_anon_156_v20251217.parquet:parquet:74081,513,True,"2002,2010,2021",True,True,True,True,True,False,False
Q18408456,2002:081_6a22d6b5c5_Amur.xls:Sheet1:99,662,2010:009_81f8a0e73c_17._20ДВ_ФО_2010.xls:ДВ:1144,518,2021:data_allsettlements_anon_156_v20251217.parquet:parquet:60822,507,True,"2002,2010,2021",True,True,True,True,True,False,False
Q16893760,2002:078_8405ea8fce_Yakutia.xls:Sheet1:53,658,2010:009_81f8a0e73c_17._20ДВ_ФО_2010.xls:ДВ:2245,573,2021:data_allsettlements_anon_156_v20251217.parquet:parquet:166070,450,True,"2002,2010,2021",True,True,True,True,True,False,False
Q19686702,2002:061_e177b0a77d_Chel_abinskaja1.xls:Sheet1:1170,238,2010:003_eb441570b1_11._20Урал_ФО_2010.xls:Урал:5406,183,2021:data_allsettlements_anon_156_v20251217.parquet:parquet:160732,174,True,"2002,2010,2021",True,True,True,True,True,False,False
Q18765004,2002:008_d607cc2b0d_02c_Kurskaja.xls:Sheet1:163,737,2010:010_711691e352_2._20Kostrom_Kur_Lip_Moscow_MoscObl_Orlov_2010.xls:Data Sheet:3633,480,2021:data_allsettlements_anon_156_v20251217.parquet:parquet:52212,461,True,"2002,2010,2021",True,True,True,True,True,False,False
Q13641834,2002:003_308406b0ed_02c_Vladimirskaja.xls:Sheet1:747,648,2010:013_f60b2d2bcf_5._20Belg_Bryan_Vlad_Voron_Ivanov_Kalug_20L1_ethn_2010.xls:Data Sheet:4943,574,2021:data_allsettlements_anon_156_v20251217.parquet:parquet:1893,454,True,"2002,2010,2021",True,True,True,True,True,False,False
Q18806470,2002:054_0d77ecf40f_Saratovskaja1.xls:Sheet1:943,540,2010:016_802d308e41_8._20Or_Penz_Perm_Samar_Saratov_Uly_2010.xls:!!!:8850,353,2021:data_allsettlements_anon_156_v20251217.parquet:parquet:116957,244,True,"2002,2010,2021",True,True,True,True,True,False,False
Q16897426,2002:078_8405ea8fce_Yakutia.xls:Sheet1:291,578,2010:009_81f8a0e73c_17._20ДВ_ФО_2010.xls:ДВ:2351,598,2021:data_allsettlements_anon_156_v20251217.parquet:parquet:166263,499,True,"2002,2010,2021",True,True,True,True,True,False,False
Q23848581,2002:011_f46bbaadfd_02c_Orlovskaja.xls:Sheet1:2756,585,2010:010_711691e352_2._20Kostrom_Kur_Lip_Moscow_MoscObl_Orlov_2010.xls:Data Sheet:16693,560,2021:data_allsettlements_anon_156_v20251217.parquet:parquet:93334,522,True,"2002,2010,2021",True,True,True,True,True,False,False
Q18770933,2002:048_4f024587eb_02c_Nizhegorod_obl_new.xls:11:2617,589,2010:014_5ca759eea0_5._20Nizheg_Kirov_202010.xls:Data Sheet:1972,568,2021:data_allsettlements_anon_156_v20251217.parquet:parquet:74065,510,True,"2002,2010,2021",True,True,True,True,True,False,False
Q1071499,2002:041_4b428edd23_Bashkiria_new.xls:Sheet1:6499,583,2010:017_68e0e4537e_9._20Basq_Mari_Mord_Tatar_Udm_Chuv_2010.xls:!!!:4208,559,2021:data_allsettlements_anon_156_v20251217.parquet:parquet:149095,521,True,"2002,2010,2021",True,True,True,True,True,False,False
Q18765547,2002:054_0d77ecf40f_Saratovskaja1.xls:Sheet1:646,622,2010:016_802d308e41_8._20Or_Penz_Perm_Samar_Saratov_Uly_2010.xls:!!!:8670,512,2021:data_allsettlements_anon_156_v20251217.parquet:parquet:116780,440,True,"2002,2010,2021",True,True,True,True,True,False,False
Q1087285,2002:041_4b428edd23_Bashkiria_new.xls:Sheet1:6664,566,2010:017_68e0e4537e_9._20Basq_Mari_Mord_Tatar_Udm_Chuv_2010.xls:!!!:4317,584,2021:data_allsettlements_anon_156_v20251217.parquet:parquet:149224,512,True,"2002,2010,2021",True,True,True,True,True,False,False
Q4187313,2002:075_ad45d4f1e5_Tomskaya.xls:Sheet1:620,561,2010:008_342f3c208b_16._20Сиб_ФО_2010.xls:Sib:9605,538,2021:data_allsettlements_anon_156_v20251217.parquet:parquet:143852,561,True,"2002,2010,2021",True,True,True,True,True,False,False
Q1063158,2002:041_4b428edd23_Bashkiria_new.xls:Sheet1:3450,645,2010:017_68e0e4537e_9._20Basq_Mari_Mord_Tatar_Udm_Chuv_2010.xls:!!!:2209,523,2021:data_allsettlements_anon_156_v20251217.parquet:parquet:146690,491,True,"2002,2010,2021",True,True,True,True,True,False,False
Q2568830,2002:041_4b428edd23_Bashkiria_new.xls:Sheet1:193,514,2010:017_68e0e4537e_9._20Basq_Mari_Mord_Tatar_Udm_Chuv_2010.xls:!!!:84,576,2021:data_allsettlements_anon_156_v20251217.parquet:parquet:144127,515,True,"2002,2010,2021",True,True,True,True,True,False,False
Q18777905,2002:050_a0dc3f856b_penzen_obl.xls:Sheet1:1791,637,2010:016_802d308e41_8._20Or_Penz_Perm_Samar_Saratov_Uly_2010.xls:!!!:4350,549,2021:data_allsettlements_anon_156_v20251217.parquet:parquet:95490,470,True,"2002,2010,2021",True,True,True,True,True,False,False
Q1068534,2002:041_4b428edd23_Bashkiria_new.xls:Sheet1:5326,662,2010:017_68e0e4537e_9._20Basq_Mari_Mord_Tatar_Udm_Chuv_2010.xls:!!!:3452,505,2021:data_allsettlements_anon_156_v20251217.parquet:parquet:148184,486,True,"2002,2010,2021",True,True,True,True,True,False,False
Q19814700,2002:061_e177b0a77d_Chel_abinskaja1.xls:Sheet1:860,202,2010:003_eb441570b1_11._20Урал_ФО_2010.xls:Урал:5182,192,2021:data_allsettlements_anon_156_v20251217.parquet:parquet:160455,129,True,"2002,2010,2021",True,True,True,True,True,False,False
Q2946976,2002:041_4b428edd23_Bashkiria_new.xls:Sheet1:4892,579,2010:017_68e0e4537e_9._20Basq_Mari_Mord_Tatar_Udm_Chuv_2010.xls:!!!:3165,587,2021:data_allsettlements_anon_156_v20251217.parquet:parquet:147832,486,True,"2002,2010,2021",True,True,True,True,True,False,False
Q4242194,2002:008_d607cc2b0d_02c_Kurskaja.xls:Sheet1:2160,400,2010:010_711691e352_2._20Kostrom_Kur_Lip_Moscow_MoscObl_Orlov_2010.xls:Data Sheet:5287,305,2021:data_allsettlements_anon_156_v20251217.parquet:parquet:54059,253,True,"2002,2010,2021",True,True,True,True,True,False,False
Q15276020,2002:057_9b18a354f1_02c_Sverdlovskaja_oblast.xls:Sheet1:2246,736,2010:003_eb441570b1_11._20Урал_ФО_2010.xls:Урал:4217,553,2021:data_allsettlements_anon_156_v20251217.parquet:parquet:120546,360,True,"2002,2010,2021",True,True,True,True,True,False,False
Q19848402,2002:003_308406b0ed_02c_Vladimirskaja.xls:Sheet1:402,564,2010:013_f60b2d2bcf_5._20Belg_Bryan_Vlad_Voron_Ivanov_Kalug_20L1_ethn_2010.xls:Data Sheet:4693,542,2021:data_allsettlements_anon_156_v20251217.parquet:parquet:1622,542,True,"2002,2010,2021",True,True,True,True,True,False,False
Q20655573,2002:048_4f024587eb_02c_Nizhegorod_obl_new.xls:11:182,70,2010:014_5ca759eea0_5._20Nizheg_Kirov_202010.xls:Data Sheet:139,49,2021:data_allsettlements_anon_156_v20251217.parquet:parquet:72569,43,True,"2002,2010,2021",True,True,True,True,True,False,False
Q111286892,2002:014_32646337ea_02c_Tambovskaja.xls:Sheet1:1412,562,2010:011_040325482b_3._20Ryaz_Smol_Tambov_Tula_Jaroslavl_20L1_20ethn_2010.xls:Data Sheet:8745,577,2021:data_allsettlements_anon_156_v20251217.parquet:parquet:128774,506,True,"2002,2010,2021",True,True,True,True,True,False,False
Q18782565,2002:048_4f024587eb_02c_Nizhegorod_obl_new.xls:11:1317,554,2010:014_5ca759eea0_5._20Nizheg_Kirov_202010.xls:Data Sheet:821,590,2021:data_allsettlements_anon_156_v20251217.parquet:parquet:72991,499,True,"2002,2010,2021",True,True,True,True,True,False,False
Q18774864,2002:050_a0dc3f856b_penzen_obl.xls:Sheet1:1279,693,2010:016_802d308e41_8._20Or_Penz_Perm_Samar_Saratov_Uly_2010.xls:!!!:3954,570,2021:data_allsettlements_anon_156_v20251217.parquet:parquet:95010,380,True,"2002,2010,2021",True,True,True,True,True,False,False
Q4361126,2002:075_ad45d4f1e5_Tomskaya.xls:Sheet1:562,553,2010:008_342f3c208b_16._20Сиб_ФО_2010.xls:Sib:9566,495,2021:data_allsettlements_anon_156_v20251217.parquet:parquet:143807,594,True,"2002,2010,2021",True,True,True,True,True,False,False
Q21343277,2002:001_6e5cceefdf_02c_Belgorod-obl.xls:Sheet1:1174,320,2010:013_f60b2d2bcf_5._20Belg_Bryan_Vlad_Voron_Ivanov_Kalug_20L1_ethn_2010.xls:Data Sheet:914,329,2021:data_allsettlements_anon_156_v20251217.parquet:parquet:164868,323,True,"2002,2010,2021",True,True,True,True,True,False,False
Q19906608,2002:081_6a22d6b5c5_Amur.xls:Sheet1:160,150,2010:009_81f8a0e73c_17._20ДВ_ФО_2010.xls:ДВ:1406,121,2021:data_allsettlements_anon_156_v20251217.parquet:parquet:61039,89,True,"2002,2010,2021",True,True,True,True,True,False,False
Q18794173,2002:054_0d77ecf40f_Saratovskaja1.xls:Sheet1:1307,136,2010:016_802d308e41_8._20Or_Penz_Perm_Samar_Saratov_Uly_2010.xls:!!!:9074,127,2021:data_allsettlements_anon_156_v20251217.parquet:parquet:117278,85,True,"2002,2010,2021",True,True,True,True,True,False,False
Q18801493,2002:054_0d77ecf40f_Saratovskaja1.xls:Sheet1:1669,704,2010:016_802d308e41_8._20Or_Penz_Perm_Samar_Saratov_Uly_2010.xls:!!!:9309,544,2021:data_allsettlements_anon_156_v20251217.parquet:parquet:117549,387,True,"2002,2010,2021",True,True,True,True,True,False,False
Q18800274,2002:048_4f024587eb_02c_Nizhegorod_obl_new.xls:11:5294,94,2010:014_5ca759eea0_5._20Nizheg_Kirov_202010.xls:Data Sheet:4261,52,2021:data_allsettlements_anon_156_v20251217.parquet:parquet:76534,8,True,"2002,2010,2021",True,True,True,True,True,False,False
Q1069746,2002:041_4b428edd23_Bashkiria_new.xls:Sheet1:4806,553,2010:017_68e0e4537e_9._20Basq_Mari_Mord_Tatar_Udm_Chuv_2010.xls:!!!:3112,506,2021:data_allsettlements_anon_156_v20251217.parquet:parquet:147765,467,True,"2002,2010,2021",True,True,True,True,True,False,False
Q15268164,2002:057_9b18a354f1_02c_Sverdlovskaja_oblast.xls:Sheet1:1141,482,2010:003_eb441570b1_11._20Урал_ФО_2010.xls:Урал:3392,428,2021:data_allsettlements_anon_156_v20251217.parquet:parquet:119972,351,True,"2002,2010,2021",True,True,True,True,True,False,False
Q4304695,2002:057_9b18a354f1_02c_Sverdlovskaja_oblast.xls:Sheet1:96,335,2010:003_eb441570b1_11._20Урал_ФО_2010.xls:Урал:4497,365,2021:data_allsettlements_anon_156_v20251217.parquet:parquet:120766,345,True,"2002,2010,2021",True,True,True,True,True,False,False
Q21668308,2002:014_32646337ea_02c_Tambovskaja.xls:Sheet1:1997,619,2010:011_040325482b_3._20Ryaz_Smol_Tambov_Tula_Jaroslavl_20L1_20ethn_2010.xls:Data Sheet:9198,507,2021:data_allsettlements_anon_156_v20251217.parquet:parquet:129297,494,True,"2002,2010,2021",True,True,True,True,True,False,False
Q19908028,2002:081_6a22d6b5c5_Amur.xls:Sheet1:563,65,2010:009_81f8a0e73c_17._20ДВ_ФО_2010.xls:ДВ:1168,45,2021:data_allsettlements_anon_156_v20251217.parquet:parquet:60853,19,True,"2002,2010,2021",True,True,True,True,True,False,False
Q18801594,2002:054_0d77ecf40f_Saratovskaja1.xls:Sheet1:502,562,2010:016_802d308e41_8._20Or_Penz_Perm_Samar_Saratov_Uly_2010.xls:!!!:8574,470,2021:data_allsettlements_anon_156_v20251217.parquet:parquet:116644,319,True,"2002,2010,2021",True,True,True,True,True,False,False
Q15254054,2002:061_e177b0a77d_Chel_abinskaja1.xls:Sheet1:600,240,2010:003_eb441570b1_11._20Урал_ФО_2010.xls:Урал:4995,165,2021:data_allsettlements_anon_156_v20251217.parquet:parquet:160200,160,True,"2002,2010,2021",True,True,True,True,True,False,False
Q18799813,2002:054_0d77ecf40f_Saratovskaja1.xls:Sheet1:2258,695,2010:016_802d308e41_8._20Or_Penz_Perm_Samar_Saratov_Uly_2010.xls:!!!:9692,517,2021:data_allsettlements_anon_156_v20251217.parquet:parquet:118013,400,True,"2002,2010,2021",True,True,True,True,True,False,False
Q21669381,2002:014_32646337ea_02c_Tambovskaja.xls:Sheet1:92,325,2010:011_040325482b_3._20Ryaz_Smol_Tambov_Tula_Jaroslavl_20L1_20ethn_2010.xls:Data Sheet:7744,236,2021:data_allsettlements_anon_156_v20251217.parquet:parquet:127665,131,True,"2002,2010,2021",True,True,True,True,True,False,False
Q23875281,2002:011_f46bbaadfd_02c_Orlovskaja.xls:Sheet1:1977,977,2010:010_711691e352_2._20Kostrom_Kur_Lip_Moscow_MoscObl_Orlov_2010.xls:Data Sheet:16006,367,2021:data_allsettlements_anon_156_v20251217.parquet:parquet:92584,262,True,"2002,2010,2021",True,True,True,True,True,False,False
Q18792365,2002:010_3e630cc803_02c_Moskovskaya-oblast.xls:Sheet1:923,80,2010:010_711691e352_2._20Kostrom_Kur_Lip_Moscow_MoscObl_Orlov_2010.xls:Data Sheet:8901,101,2021:data_allsettlements_anon_156_v20251217.parquet:parquet:65623,356,True,"2002,2010,2021",True,True,True,True,True,False,False
Q18776910,2002:010_3e630cc803_02c_Moskovskaya-oblast.xls:Sheet1:918,76,2010:010_711691e352_2._20Kostrom_Kur_Lip_Moscow_MoscObl_Orlov_2010.xls:Data Sheet:8858,70,2021:data_allsettlements_anon_156_v20251217.parquet:parquet:65580,265,True,"2002,2010,2021",True,True,True,True,True,False,False
Q23877039,2002:011_f46bbaadfd_02c_Orlovskaja.xls:Sheet1:2761,505,2010:010_711691e352_2._20Kostrom_Kur_Lip_Moscow_MoscObl_Orlov_2010.xls:Data Sheet:16697,477,2021:data_allsettlements_anon_156_v20251217.parquet:parquet:93332,620,True,"2002,2010,2021",True,True,True,True,True,False,False
Q15260400,2002:061_e177b0a77d_Chel_abinskaja1.xls:Sheet1:527,258,2010:003_eb441570b1_11._20Урал_ФО_2010.xls:Урал:4944,218,2021:data_allsettlements_anon_156_v20251217.parquet:parquet:160135,133,True,"2002,2010,2021",True,True,True,True,True,False,False
Q21668327,2002:006_1916564aaa_02c_Kaluzhskaja.xls:Sheet1:1956,572,2010:013_f60b2d2bcf_5._20Belg_Bryan_Vlad_Voron_Ivanov_Kalug_20L1_ethn_2010.xls:Data Sheet:13263,545,2021:data_allsettlements_anon_156_v20251217.parquet:parquet:28971,483,True,"2002,2010,2021",True,True,True,True,True,False,False
Q4061284,2002:041_4b428edd23_Bashkiria_new.xls:Sheet1:4700,604,2010:017_68e0e4537e_9._20Basq_Mari_Mord_Tatar_Udm_Chuv_2010.xls:!!!:3025,521,2021:data_allsettlements_anon_156_v20251217.parquet:parquet:147661,475,True,"2002,2010,2021",True,True,True,True,True,False,False
Q4196535,2002:027_25f0f7433c_02c_Pskovskaja.xls:!!:596,630,2010:012_5c339c0d0e_4._20Vologod_pskov_2010.xls:Data Sheet:8586,515,2021:data_allsettlements_anon_156_v20251217.parquet:parquet:100800,452,True,"2002,2010,2021",True,True,True,True,True,False,False
Q18794703,2002:054_0d77ecf40f_Saratovskaja1.xls:Sheet1:564,273,2010:016_802d308e41_8._20Or_Penz_Perm_Samar_Saratov_Uly_2010.xls:!!!:8617,197,2021:data_allsettlements_anon_156_v20251217.parquet:parquet:116709,145,True,"2002,2010,2021",True,True,True,True,True,False,False
Q19686738,2002:061_e177b0a77d_Chel_abinskaja1.xls:Sheet1:551,400,2010:003_eb441570b1_11._20Урал_ФО_2010.xls:Урал:4961,319,2021:data_allsettlements_anon_156_v20251217.parquet:parquet:160157,221,True,"2002,2010,2021",True,True,True,True,True,False,False
Q18796710,2002:050_a0dc3f856b_penzen_obl.xls:Sheet1:44,503,2010:016_802d308e41_8._20Or_Penz_Perm_Samar_Saratov_Uly_2010.xls:!!!:3100,374,2021:data_allsettlements_anon_156_v20251217.parquet:parquet:94016,365,True,"2002,2010,2021",True,True,True,True,True,False,False
Q1071596,2002:041_4b428edd23_Bashkiria_new.xls:Sheet1:5750,280,2010:017_68e0e4537e_9._20Basq_Mari_Mord_Tatar_Udm_Chuv_2010.xls:!!!:3734,319,2021:data_allsettlements_anon_156_v20251217.parquet:parquet:148522,246,True,"2002,2010,2021",True,True,True,True,True,False,False
Q15254814,2002:061_e177b0a77d_Chel_abinskaja1.xls:Sheet1:639,534,2010:003_eb441570b1_11._20Урал_ФО_2010.xls:Урал:5026,521,2021:data_allsettlements_anon_156_v20251217.parquet:parquet:160246,536,True,"2002,2010,2021",True,True,True,True,True,False,False
Q4215908,2002:027_25f0f7433c_02c_Pskovskaja.xls:!!:4531,584,2010:012_5c339c0d0e_4._20Vologod_pskov_2010.xls:Data Sheet:12384,584,2021:data_allsettlements_anon_156_v20251217.parquet:parquet:104861,419,True,"2002,2010,2021",True,True,True,True,True,False,False
Q18923862,2002:081_6a22d6b5c5_Amur.xls:Sheet1:253,118,2010:009_81f8a0e73c_17._20ДВ_ФО_2010.xls:ДВ:1555,107,2021:data_allsettlements_anon_156_v20251217.parquet:parquet:61210,80,True,"2002,2010,2021",True,True,True,True,True,False,False
Q19638950,2002:054_0d77ecf40f_Saratovskaja1.xls:Sheet1:954,590,2010:016_802d308e41_8._20Or_Penz_Perm_Samar_Saratov_Uly_2010.xls:!!!:8854,529,2021:data_allsettlements_anon_156_v20251217.parquet:parquet:117024,464,True,"2002,2010,2021",True,True,True,True,True,False,False
Q18773432,2002:054_0d77ecf40f_Saratovskaja1.xls:Sheet1:1777,567,2010:016_802d308e41_8._20Or_Penz_Perm_Samar_Saratov_Uly_2010.xls:!!!:9372,566,2021:data_allsettlements_anon_156_v20251217.parquet:parquet:117630,445,True,"2002,2010,2021",True,True,True,True,True,False,False
Q4164747,2002:050_a0dc3f856b_penzen_obl.xls:Sheet1:1766,613,2010:016_802d308e41_8._20Or_Penz_Perm_Samar_Saratov_Uly_2010.xls:!!!:4330,510,2021:data_allsettlements_anon_156_v20251217.parquet:parquet:95470,391,True,"2002,2010,2021",True,True,True,True,True,False,False
Q18798899,2002:008_d607cc2b0d_02c_Kurskaja.xls:Sheet1:2766,489,2010:010_711691e352_2._20Kostrom_Kur_Lip_Moscow_MoscObl_Orlov_2010.xls:Data Sheet:5793,400,2021:data_allsettlements_anon_156_v20251217.parquet:parquet:54575,684,True,"2002,2010,2021",True,True,True,True,True,False,False
Q4482251,2002:020_e4f979c6c7_02c_Arxang-new.xls:Sheet1:1517,569,ARK2010:archive20131022:html_table1_tr1671,552,2021:data_allsettlements_anon_156_v20251217.parquet:parquet:88366,452,True,"2002,2010,2021",True,True,True,True,True,False,False
Q82070413,2002:061_e177b0a77d_Chel_abinskaja1.xls:Sheet1:875,236,2010:003_eb441570b1_11._20Урал_ФО_2010.xls:Урал:5191,149,2021:data_allsettlements_anon_156_v20251217.parquet:parquet:160466,116,True,"2002,2010,2021",True,True,True,True,True,False,False
Q16858799,2002:078_8405ea8fce_Yakutia.xls:Sheet1:451,497,2010:009_81f8a0e73c_17._20ДВ_ФО_2010.xls:ДВ:2437,543,2021:data_allsettlements_anon_156_v20251217.parquet:parquet:166406,531,True,"2002,2010,2021",True,True,True,True,True,False,False
Q28504477,2002:029_fe8710371d_02c_Dagestan.xls:2002:2058,1012,2010:018_8eadc2d6b9_7._20Dag_2010.xls:2010:1172,365,2021:data_allsettlements_anon_156_v20251217.parquet:parquet:17895,194,True,"2002,2010,2021",True,True,True,True,True,False,False
Q868371,2002:048_4f024587eb_02c_Nizhegorod_obl_new.xls:11:3046,445,2010:014_5ca759eea0_5._20Nizheg_Kirov_202010.xls:Data Sheet:2331,533,2021:data_allsettlements_anon_156_v20251217.parquet:parquet:74265,592,True,"2002,2010,2021",True,True,True,True,True,False,False
Q4189765,2002:048_4f024587eb_02c_Nizhegorod_obl_new.xls:11:1196,537,2010:014_5ca759eea0_5._20Nizheg_Kirov_202010.xls:Data Sheet:698,561,2021:data_allsettlements_anon_156_v20251217.parquet:parquet:72868,472,True,"2002,2010,2021",True,True,True,True,True,False,False
Q4283493,2002:027_25f0f7433c_02c_Pskovskaja.xls:!!:8577,616,2010:012_5c339c0d0e_4._20Vologod_pskov_2010.xls:Data Sheet:16136,511,2021:data_allsettlements_anon_156_v20251217.parquet:parquet:108427,443,True,"2002,2010,2021",True,True,True,True,True,False,False
Q18404837,2002:081_6a22d6b5c5_Amur.xls:Sheet1:449,103,2010:009_81f8a0e73c_17._20ДВ_ФО_2010.xls:ДВ:1155,48,2021:data_allsettlements_anon_156_v20251217.parquet:parquet:60836,18,True,"2002,2010,2021",True,True,True,True,True,False,False
Q4196539,2002:010_3e630cc803_02c_Moskovskaya-oblast.xls:Sheet1:1120,580,2010:010_711691e352_2._20Kostrom_Kur_Lip_Moscow_MoscObl_Orlov_2010.xls:Data Sheet:9131,519,2021:data_allsettlements_anon_156_v20251217.parquet:parquet:66247,462,True,"2002,2010,2021",True,True,True,True,True,False,False
Q18765785,2002:050_a0dc3f856b_penzen_obl.xls:Sheet1:1873,160,2010:016_802d308e41_8._20Or_Penz_Perm_Samar_Saratov_Uly_2010.xls:!!!:4405,98,2021:data_allsettlements_anon_156_v20251217.parquet:parquet:95556,63,True,"2002,2010,2021",True,True,True,True,True,False,False
Q19884435,2002:003_308406b0ed_02c_Vladimirskaja.xls:Sheet1:1925,565,2010:013_f60b2d2bcf_5._20Belg_Bryan_Vlad_Voron_Ivanov_Kalug_20L1_ethn_2010.xls:Data Sheet:6015,538,2021:data_allsettlements_anon_156_v20251217.parquet:parquet:3075,454,True,"2002,2010,2021",True,True,True,True,True,False,False
Q25610602,2002:001_6e5cceefdf_02c_Belgorod-obl.xls:Sheet1:1712,309,2010:013_f60b2d2bcf_5._20Belg_Bryan_Vlad_Voron_Ivanov_Kalug_20L1_ethn_2010.xls:Data Sheet:1336,178,2021:data_allsettlements_anon_156_v20251217.parquet:parquet:165726,249,True,"2002,2010,2021",True,True,True,True,True,False,False
Q4061796,2002:050_a0dc3f856b_penzen_obl.xls:Sheet1:996,533,2010:016_802d308e41_8._20Or_Penz_Perm_Samar_Saratov_Uly_2010.xls:!!!:3758,540,2021:data_allsettlements_anon_156_v20251217.parquet:parquet:94777,482,True,"2002,2010,2021",True,True,True,True,True,False,False
Q19638831,2002:050_a0dc3f856b_penzen_obl.xls:Sheet1:518,641,2010:016_802d308e41_8._20Or_Penz_Perm_Samar_Saratov_Uly_2010.xls:!!!:3444,521,2021:data_allsettlements_anon_156_v20251217.parquet:parquet:94398,392,True,"2002,2010,2021",True,True,True,True,True,False,False
Q4169812,2002:027_25f0f7433c_02c_Pskovskaja.xls:!!:6828,441,2010:012_5c339c0d0e_4._20Vologod_pskov_2010.xls:Data Sheet:14482,460,2021:data_allsettlements_anon_156_v20251217.parquet:parquet:106737,652,True,"2002,2010,2021",True,True,True,True,True,False,False
Q13647530,2002:022_862ad8a69d_02c_Vologodskaya.xls:2C:320,401,2010:012_5c339c0d0e_4._20Vologod_pskov_2010.xls:Data Sheet:285,334,2021:data_allsettlements_anon_156_v20251217.parquet:parquet:6151,217,True,"2002,2010,2021",True,True,True,True,True,False,False
Q4349522,2002:041_4b428edd23_Bashkiria_new.xls:Sheet1:6308,346,2010:017_68e0e4537e_9._20Basq_Mari_Mord_Tatar_Udm_Chuv_2010.xls:!!!:4102,363,2021:data_allsettlements_anon_156_v20251217.parquet:parquet:148969,217,True,"2002,2010,2021",True,True,True,True,True,False,False
Q15254189,2002:061_e177b0a77d_Chel_abinskaja1.xls:Sheet1:1812,554,2010:003_eb441570b1_11._20Урал_ФО_2010.xls:Урал:5869,438,2021:data_allsettlements_anon_156_v20251217.parquet:parquet:161323,314,True,"2002,2010,2021",True,True,True,True,True,False,False
Q18787972,2002:048_4f024587eb_02c_Nizhegorod_obl_new.xls:11:3245,551,2010:014_5ca759eea0_5._20Nizheg_Kirov_202010.xls:Data Sheet:2514,486,2021:data_allsettlements_anon_156_v20251217.parquet:parquet:74438,387,True,"2002,2010,2021",True,True,True,True,True,False,False
Q4070088,2002:041_4b428edd23_Bashkiria_new.xls:Sheet1:2084,502,2010:017_68e0e4537e_9._20Basq_Mari_Mord_Tatar_Udm_Chuv_2010.xls:!!!:1330,481,2021:data_allsettlements_anon_156_v20251217.parquet:parquet:145632,321,True,"2002,2010,2021",True,True,True,True,True,False,False
Q18793093,2002:054_0d77ecf40f_Saratovskaja1.xls:Sheet1:2255,311,2010:016_802d308e41_8._20Or_Penz_Perm_Samar_Saratov_Uly_2010.xls:!!!:9690,262,2021:data_allsettlements_anon_156_v20251217.parquet:parquet:117990,169,True,"2002,2010,2021",True,True,True,True,True,False,False
Q4075357,2002:041_4b428edd23_Bashkiria_new.xls:Sheet1:859,581,2010:017_68e0e4537e_9._20Basq_Mari_Mord_Tatar_Udm_Chuv_2010.xls:!!!:511,506,2021:data_allsettlements_anon_156_v20251217.parquet:parquet:144640,450,True,"2002,2010,2021",True,True,True,True,True,False,False
Q16033782,2002:010_3e630cc803_02c_Moskovskaya-oblast.xls:Sheet1:1240,133,2010:010_711691e352_2._20Kostrom_Kur_Lip_Moscow_MoscObl_Orlov_2010.xls:Data Sheet:8984,182,2021:data_allsettlements_anon_156_v20251217.parquet:parquet:66241,196,True,"2002,2010,2021",True,True,True,True,True,False,False
Q21669383,2002:014_32646337ea_02c_Tambovskaja.xls:Sheet1:211,246,2010:011_040325482b_3._20Ryaz_Smol_Tambov_Tula_Jaroslavl_20L1_20ethn_2010.xls:Data Sheet:7831,224,2021:data_allsettlements_anon_156_v20251217.parquet:parquet:127749,133,True,"2002,2010,2021",True,True,True,True,True,False,False
Q23874410,2002:016_3aa889d669_02c_Tulskaja.xls:Sheet1:257,344,2010:011_040325482b_3._20Ryaz_Smol_Tambov_Tula_Jaroslavl_20L1_20ethn_2010.xls:Data Sheet:9567,327,2021:data_allsettlements_anon_156_v20251217.parquet:parquet:149536,278,True,"2002,2010,2021",True,True,True,True,True,False,False
Q18778288,2002:054_0d77ecf40f_Saratovskaja1.xls:Sheet1:557,153,2010:016_802d308e41_8._20Or_Penz_Perm_Samar_Saratov_Uly_2010.xls:!!!:8612,103,2021:data_allsettlements_anon_156_v20251217.parquet:parquet:116685,86,True,"2002,2010,2021",True,True,True,True,True,False,False
Q4349526,2002:054_0d77ecf40f_Saratovskaja1.xls:Sheet1:2675,281,2010:016_802d308e41_8._20Or_Penz_Perm_Samar_Saratov_Uly_2010.xls:!!!:9978,279,2021:data_allsettlements_anon_156_v20251217.parquet:parquet:118328,292,True,"2002,2010,2021",True,True,True,True,True,False,False
Q18782810,2002:048_4f024587eb_02c_Nizhegorod_obl_new.xls:11:5614,272,2010:014_5ca759eea0_5._20Nizheg_Kirov_202010.xls:Data Sheet:4482,243,2021:data_allsettlements_anon_156_v20251217.parquet:parquet:76132,165,True,"2002,2010,2021",True,True,True,True,True,False,False
Q19860048,2002:003_308406b0ed_02c_Vladimirskaja.xls:Sheet1:1744,558,2010:013_f60b2d2bcf_5._20Belg_Bryan_Vlad_Voron_Ivanov_Kalug_20L1_ethn_2010.xls:Data Sheet:5833,516,2021:data_allsettlements_anon_156_v20251217.parquet:parquet:2789,446,True,"2002,2010,2021",True,True,True,True,True,False,False
Q19906865,2002:081_6a22d6b5c5_Amur.xls:Sheet1:46,572,2010:009_81f8a0e73c_17._20ДВ_ФО_2010.xls:ДВ:1609,493,2021:data_allsettlements_anon_156_v20251217.parquet:parquet:61282,453,True,"2002,2010,2021",True,True,True,True,True,False,False
Q18777904,2002:050_a0dc3f856b_penzen_obl.xls:Sheet1:823,513,2010:016_802d308e41_8._20Or_Penz_Perm_Samar_Saratov_Uly_2010.xls:!!!:3659,529,2021:data_allsettlements_anon_156_v20251217.parquet:parquet:94655,455,True,"2002,2010,2021",True,True,True,True,True,False,False
Q19887194,2002:003_308406b0ed_02c_Vladimirskaja.xls:Sheet1:2778,34,2010:013_f60b2d2bcf_5._20Belg_Bryan_Vlad_Voron_Ivanov_Kalug_20L1_ethn_2010.xls:Data Sheet:6732,11,2021:data_allsettlements_anon_156_v20251217.parquet:parquet:3793,71,True,"2002,2010,2021",True,True,True,True,True,False,False
Q18793461,2002:048_4f024587eb_02c_Nizhegorod_obl_new.xls:11:3286,242,2010:014_5ca759eea0_5._20Nizheg_Kirov_202010.xls:Data Sheet:2497,154,2021:data_allsettlements_anon_156_v20251217.parquet:parquet:74414,115,True,"2002,2010,2021",True,True,True,True,True,False,False
Q4209904,2002:061_e177b0a77d_Chel_abinskaja1.xls:Sheet1:1808,519,2010:003_eb441570b1_11._20Урал_ФО_2010.xls:Урал:5866,545,2021:data_allsettlements_anon_156_v20251217.parquet:parquet:161319,451,True,"2002,2010,2021",True,True,True,True,True,False,False
Q4065661,2002:041_4b428edd23_Bashkiria_new.xls:Sheet1:6923,380,2010:017_68e0e4537e_9._20Basq_Mari_Mord_Tatar_Udm_Chuv_2010.xls:!!!:4496,356,2021:data_allsettlements_anon_156_v20251217.parquet:parquet:149432,238,True,"2002,2010,2021",True,True,True,True,True,False,False
Q4262778,2002:050_a0dc3f856b_penzen_obl.xls:Sheet1:1103,426,2010:016_802d308e41_8._20Or_Penz_Perm_Samar_Saratov_Uly_2010.xls:!!!:3826,338,2021:data_allsettlements_anon_156_v20251217.parquet:parquet:94840,234,True,"2002,2010,2021",True,True,True,True,True,False,False
Q18767336,2002:048_4f024587eb_02c_Nizhegorod_obl_new.xls:11:4155,449,2010:014_5ca759eea0_5._20Nizheg_Kirov_202010.xls:Data Sheet:3267,346,2021:data_allsettlements_anon_156_v20251217.parquet:parquet:74594,327,True,"2002,2010,2021",True,True,True,True,True,False,False
Q23954155,2002:016_3aa889d669_02c_Tulskaja.xls:Sheet1:3375,512,2010:011_040325482b_3._20Ryaz_Smol_Tambov_Tula_Jaroslavl_20L1_20ethn_2010.xls:Data Sheet:12380,430,2021:data_allsettlements_anon_156_v20251217.parquet:parquet:151828,445,True,"2002,2010,2021",True,True,True,True,True,False,False
Q18407842,2002:081_6a22d6b5c5_Amur.xls:Sheet1:5,6,2010:009_81f8a0e73c_17._20ДВ_ФО_2010.xls:ДВ:1173,0,2021:data_allsettlements_anon_156_v20251217.parquet:parquet:60859,0,True,"2002,2010,2021",True,True,True,True,True,False,False
Q1709988,2002:023_38d853be37_02c_Kaliningrad.xls:Sheet1:19,481,KAL2010:TOM1:S4:R0050,579,2021:data_allsettlements_anon_156_v20251217.parquet:parquet:26785,446,True,"2002,2010,2021",True,True,True,True,True,False,False
Q23976034,2002:011_f46bbaadfd_02c_Orlovskaja.xls:Sheet1:1505,503,2010:010_711691e352_2._20Kostrom_Kur_Lip_Moscow_MoscObl_Orlov_2010.xls:Data Sheet:15581,540,2021:data_allsettlements_anon_156_v20251217.parquet:parquet:92124,462,True,"2002,2010,2021",True,True,True,True,True,False,False
Q23976290,2002:016_3aa889d669_02c_Tulskaja.xls:Sheet1:1622,558,2010:011_040325482b_3._20Ryaz_Smol_Tambov_Tula_Jaroslavl_20L1_20ethn_2010.xls:Data Sheet:10780,518,2021:data_allsettlements_anon_156_v20251217.parquet:parquet:150651,429,True,"2002,2010,2021",True,True,True,True,True,False,False
Q18771457,2002:054_0d77ecf40f_Saratovskaja1.xls:Sheet1:650,782,2010:016_802d308e41_8._20Or_Penz_Perm_Samar_Saratov_Uly_2010.xls:!!!:8672,447,2021:data_allsettlements_anon_156_v20251217.parquet:parquet:116784,276,True,"2002,2010,2021",True,True,True,True,True,False,False
Q18787695,2002:050_a0dc3f856b_penzen_obl.xls:Sheet1:1162,380,2010:016_802d308e41_8._20Or_Penz_Perm_Samar_Saratov_Uly_2010.xls:!!!:3867,319,2021:data_allsettlements_anon_156_v20251217.parquet:parquet:94913,263,True,"2002,2010,2021",True,True,True,True,True,False,False
Q18806325,2002:050_a0dc3f856b_penzen_obl.xls:Sheet1:282,648,2010:016_802d308e41_8._20Or_Penz_Perm_Samar_Saratov_Uly_2010.xls:!!!:3277,487,2021:data_allsettlements_anon_156_v20251217.parquet:parquet:94178,361,True,"2002,2010,2021",True,True,True,True,True,False,False
Q4145187,2002:027_25f0f7433c_02c_Pskovskaja.xls:!!:4623,521,2010:012_5c339c0d0e_4._20Vologod_pskov_2010.xls:Data Sheet:12578,450,2021:data_allsettlements_anon_156_v20251217.parquet:parquet:104841,523,True,"2002,2010,2021",True,True,True,True,True,False,False
Q18787694,2002:054_0d77ecf40f_Saratovskaja1.xls:Sheet1:1306,220,2010:016_802d308e41_8._20Or_Penz_Perm_Samar_Saratov_Uly_2010.xls:!!!:9073,189,2021:data_allsettlements_anon_156_v20251217.parquet:parquet:117276,149,True,"2002,2010,2021",True,True,True,True,True,False,False
Q18805141,2002:010_3e630cc803_02c_Moskovskaya-oblast.xls:Sheet1:44,157,2010:010_711691e352_2._20Kostrom_Kur_Lip_Moscow_MoscObl_Orlov_2010.xls:Data Sheet:8070,155,2021:data_allsettlements_anon_156_v20251217.parquet:parquet:65213,521,True,"2002,2010,2021",True,True,True,True,True,False,False
Q16267040,2002:070_48ec6f4a77_Irkut_obl_new.xls:Sheet1:1493,501,2010:008_342f3c208b_16._20Сиб_ФО_2010.xls:Sib:4824,492,2021:data_allsettlements_anon_156_v20251217.parquet:parquet:25410,495,True,"2002,2010,2021",True,True,True,True,True,False,False
Q23846717,2002:016_3aa889d669_02c_Tulskaja.xls:Sheet1:1673,266,2010:011_040325482b_3._20Ryaz_Smol_Tambov_Tula_Jaroslavl_20L1_20ethn_2010.xls:Data Sheet:10826,208,2021:data_allsettlements_anon_156_v20251217.parquet:parquet:150696,266,True,"2002,2010,2021",True,True,True,True,True,False,False
Q18779489,2002:054_0d77ecf40f_Saratovskaja1.xls:Sheet1:2134,230,2010:016_802d308e41_8._20Or_Penz_Perm_Samar_Saratov_Uly_2010.xls:!!!:9599,206,2021:data_allsettlements_anon_156_v20251217.parquet:parquet:117924,157,True,"2002,2010,2021",True,True,True,True,True,False,False
Q56307897,2002:061_e177b0a77d_Chel_abinskaja1.xls:Sheet1:1145,203,2010:003_eb441570b1_11._20Урал_ФО_2010.xls:Урал:5390,153,2021:data_allsettlements_anon_156_v20251217.parquet:parquet:160711,114,True,"2002,2010,2021",True,True,True,True,True,False,False
Q4061259,2002:010_3e630cc803_02c_Moskovskaya-oblast.xls:Sheet1:2554,231,2010:010_711691e352_2._20Kostrom_Kur_Lip_Moscow_MoscObl_Orlov_2010.xls:Data Sheet:10342,201,2021:data_allsettlements_anon_156_v20251217.parquet:parquet:67647,1052,True,"2002,2010,2021",True,True,True,True,True,False,False
Q16022177,2002:010_3e630cc803_02c_Moskovskaya-oblast.xls:Sheet1:6779,156,2010:010_711691e352_2._20Kostrom_Kur_Lip_Moscow_MoscObl_Orlov_2010.xls:Data Sheet:14175,172,2021:data_allsettlements_anon_156_v20251217.parquet:parquet:71083,107,True,"2002,2010,2021",True,True,True,True,True,False,False
Q13636538,2002:048_4f024587eb_02c_Nizhegorod_obl_new.xls:11:5242,586,2010:014_5ca759eea0_5._20Nizheg_Kirov_202010.xls:Data Sheet:4134,473,2021:data_allsettlements_anon_156_v20251217.parquet:parquet:75087,364,True,"2002,2010,2021",True,True,True,True,True,False,False
Q1066233,2002:041_4b428edd23_Bashkiria_new.xls:Sheet1:4132,527,2010:017_68e0e4537e_9._20Basq_Mari_Mord_Tatar_Udm_Chuv_2010.xls:!!!:2674,534,2021:data_allsettlements_anon_156_v20251217.parquet:parquet:147240,421,True,"2002,2010,2021",True,True,True,True,True,False,False
Q4349481,2002:023_38d853be37_02c_Kaliningrad.xls:Sheet1:393,500,KAL2010:TOM1:S4:R0417,475,2021:data_allsettlements_anon_156_v20251217.parquet:parquet:26713,506,True,"2002,2010,2021",True,True,True,True,True,False,False
Q4148200,2002:054_0d77ecf40f_Saratovskaja1.xls:Sheet1:67,602,2010:016_802d308e41_8._20Or_Penz_Perm_Samar_Saratov_Uly_2010.xls:!!!:8280,466,2021:data_allsettlements_anon_156_v20251217.parquet:parquet:116347,313,True,"2002,2010,2021",True,True,True,True,True,False,False
Q1061479,2002:041_4b428edd23_Bashkiria_new.xls:Sheet1:2906,453,2010:017_68e0e4537e_9._20Basq_Mari_Mord_Tatar_Udm_Chuv_2010.xls:!!!:1785,474,2021:data_allsettlements_anon_156_v20251217.parquet:parquet:146178,431,True,"2002,2010,2021",True,True,True,True,True,False,False
Q18781121,2002:054_0d77ecf40f_Saratovskaja1.xls:Sheet1:320,247,2010:016_802d308e41_8._20Or_Penz_Perm_Samar_Saratov_Uly_2010.xls:!!!:8456,182,2021:data_allsettlements_anon_156_v20251217.parquet:parquet:116512,177,True,"2002,2010,2021",True,True,True,True,True,False,False
Q18779459,2002:050_a0dc3f856b_penzen_obl.xls:Sheet1:998,485,2010:016_802d308e41_8._20Or_Penz_Perm_Samar_Saratov_Uly_2010.xls:!!!:3760,520,2021:data_allsettlements_anon_156_v20251217.parquet:parquet:94779,474,True,"2002,2010,2021",True,True,True,True,True,False,False
Q18778054,2002:050_a0dc3f856b_penzen_obl.xls:Sheet1:1228,250,2010:016_802d308e41_8._20Or_Penz_Perm_Samar_Saratov_Uly_2010.xls:!!!:3916,191,2021:data_allsettlements_anon_156_v20251217.parquet:parquet:94965,136,True,"2002,2010,2021",True,True,True,True,True,False,False
Q1071630,2002:041_4b428edd23_Bashkiria_new.xls:Sheet1:6014,490,2010:017_68e0e4537e_9._20Basq_Mari_Mord_Tatar_Udm_Chuv_2010.xls:!!!:3945,501,2021:data_allsettlements_anon_156_v20251217.parquet:parquet:148777,487,True,"2002,2010,2021",True,True,True,True,True,False,False
Q21670692,2002:006_1916564aaa_02c_Kaluzhskaja.xls:Sheet1:1705,523,2010:013_f60b2d2bcf_5._20Belg_Bryan_Vlad_Voron_Ivanov_Kalug_20L1_ethn_2010.xls:Data Sheet:13043,550,2021:data_allsettlements_anon_156_v20251217.parquet:parquet:28716,405,True,"2002,2010,2021",True,True,True,True,True,False,False
Q23847177,2002:011_f46bbaadfd_02c_Orlovskaja.xls:Sheet1:2441,363,2010:010_711691e352_2._20Kostrom_Kur_Lip_Moscow_MoscObl_Orlov_2010.xls:Data Sheet:16414,453,2021:data_allsettlements_anon_156_v20251217.parquet:parquet:93027,658,True,"2002,2010,2021",True,True,True,True,True,False,False
Q21342672,2002:001_6e5cceefdf_02c_Belgorod-obl.xls:Sheet1:1161,128,2010:013_f60b2d2bcf_5._20Belg_Bryan_Vlad_Voron_Ivanov_Kalug_20L1_ethn_2010.xls:Data Sheet:905,80,2021:data_allsettlements_anon_156_v20251217.parquet:parquet:164848,44,True,"2002,2010,2021",True,True,True,True,True,False,False
Q4214718,2002:041_4b428edd23_Bashkiria_new.xls:Sheet1:4924,540,2010:017_68e0e4537e_9._20Basq_Mari_Mord_Tatar_Udm_Chuv_2010.xls:!!!:3189,557,2021:data_allsettlements_anon_156_v20251217.parquet:parquet:147861,373,True,"2002,2010,2021",True,True,True,True,True,False,False
Q18804939,2002:050_a0dc3f856b_penzen_obl.xls:Sheet1:255,68,2010:016_802d308e41_8._20Or_Penz_Perm_Samar_Saratov_Uly_2010.xls:!!!:3256,39,2021:data_allsettlements_anon_156_v20251217.parquet:parquet:94201,23,True,"2002,2010,2021",True,True,True,True,True,False,False
Q18802586,2002:054_0d77ecf40f_Saratovskaja1.xls:Sheet1:1081,534,2010:016_802d308e41_8._20Or_Penz_Perm_Samar_Saratov_Uly_2010.xls:!!!:8938,501,2021:data_allsettlements_anon_156_v20251217.parquet:parquet:117055,434,True,"2002,2010,2021",True,True,True,True,True,False,False
Q4094096,2002:027_25f0f7433c_02c_Pskovskaja.xls:!!:514,554,2010:012_5c339c0d0e_4._20Vologod_pskov_2010.xls:Data Sheet:8506,523,2021:data_allsettlements_anon_156_v20251217.parquet:parquet:100848,392,True,"2002,2010,2021",True,True,True,True,True,False,False
Q4338398,2002:041_4b428edd23_Bashkiria_new.xls:Sheet1:46,185,2010:017_68e0e4537e_9._20Basq_Mari_Mord_Tatar_Udm_Chuv_2010.xls:!!!:3877,239,2021:data_allsettlements_anon_156_v20251217.parquet:parquet:148694,1043,True,"2002,2010,2021",True,True,True,True,True,False,False
Q18803571,2002:061_e177b0a77d_Chel_abinskaja1.xls:Sheet1:1024,649,2010:003_eb441570b1_11._20Урал_ФО_2010.xls:Урал:5299,435,2021:data_allsettlements_anon_156_v20251217.parquet:parquet:160605,382,True,"2002,2010,2021",True,True,True,True,True,False,False
Q23876656,2002:016_3aa889d669_02c_Tulskaja.xls:Sheet1:2636,524,2010:011_040325482b_3._20Ryaz_Smol_Tambov_Tula_Jaroslavl_20L1_20ethn_2010.xls:Data Sheet:11709,481,2021:data_allsettlements_anon_156_v20251217.parquet:parquet:151243,459,True,"2002,2010,2021",True,True,True,True,True,False,False
Q18790534,2002:054_0d77ecf40f_Saratovskaja1.xls:Sheet1:926,294,2010:016_802d308e41_8._20Or_Penz_Perm_Samar_Saratov_Uly_2010.xls:!!!:8839,233,2021:data_allsettlements_anon_156_v20251217.parquet:parquet:116947,154,True,"2002,2010,2021",True,True,True,True,True,False,False
Q4073138,2002:041_4b428edd23_Bashkiria_new.xls:Sheet1:6428,332,2010:017_68e0e4537e_9._20Basq_Mari_Mord_Tatar_Udm_Chuv_2010.xls:!!!:4157,324,2021:data_allsettlements_anon_156_v20251217.parquet:parquet:149038,242,True,"2002,2010,2021",True,True,True,True,True,False,False
Q23871200,2002:011_f46bbaadfd_02c_Orlovskaja.xls:Sheet1:1608,530,2010:010_711691e352_2._20Kostrom_Kur_Lip_Moscow_MoscObl_Orlov_2010.xls:Data Sheet:15671,485,2021:data_allsettlements_anon_156_v20251217.parquet:parquet:92224,387,True,"2002,2010,2021",True,True,True,True,True,False,False
Q15273480,2002:057_9b18a354f1_02c_Sverdlovskaja_oblast.xls:Sheet1:1076,461,2010:003_eb441570b1_11._20Урал_ФО_2010.xls:Урал:3339,488,2021:data_allsettlements_anon_156_v20251217.parquet:parquet:119923,509,True,"2002,2010,2021",True,True,True,True,True,False,False
Q1069499,2002:041_4b428edd23_Bashkiria_new.xls:Sheet1:5274,450,2010:017_68e0e4537e_9._20Basq_Mari_Mord_Tatar_Udm_Chuv_2010.xls:!!!:3415,420,2021:data_allsettlements_anon_156_v20251217.parquet:parquet:148134,386,True,"2002,2010,2021",True,True,True,True,True,False,False
Q18778279,2002:054_0d77ecf40f_Saratovskaja1.xls:Sheet1:432,108,2010:016_802d308e41_8._20Or_Penz_Perm_Samar_Saratov_Uly_2010.xls:!!!:8528,75,2021:data_allsettlements_anon_156_v20251217.parquet:parquet:116594,61,True,"2002,2010,2021",True,True,True,True,True,False,False
Q16890857,2002:078_8405ea8fce_Yakutia.xls:Sheet1:340,472,2010:009_81f8a0e73c_17._20ДВ_ФО_2010.xls:ДВ:2379,484,2021:data_allsettlements_anon_156_v20251217.parquet:parquet:166309,496,True,"2002,2010,2021",True,True,True,True,True,False,False
Q1063684,2002:041_4b428edd23_Bashkiria_new.xls:Sheet1:3427,469,2010:017_68e0e4537e_9._20Basq_Mari_Mord_Tatar_Udm_Chuv_2010.xls:!!!:2193,432,2021:data_allsettlements_anon_156_v20251217.parquet:parquet:146670,300,True,"2002,2010,2021",True,True,True,True,True,False,False
Q23883016,2002:016_3aa889d669_02c_Tulskaja.xls:Sheet1:3060,429,2010:011_040325482b_3._20Ryaz_Smol_Tambov_Tula_Jaroslavl_20L1_20ethn_2010.xls:Data Sheet:12097,490,2021:data_allsettlements_anon_156_v20251217.parquet:parquet:151645,530,True,"2002,2010,2021",True,True,True,True,True,False,False
Q15729034,2002:061_e177b0a77d_Chel_abinskaja1.xls:Sheet1:1252,80,2010:003_eb441570b1_11._20Урал_ФО_2010.xls:Урал:5454,48,2021:data_allsettlements_anon_156_v20251217.parquet:parquet:160793,39,True,"2002,2010,2021",True,True,True,True,True,False,False
Q19686665,2002:061_e177b0a77d_Chel_abinskaja1.xls:Sheet1:172,1,2010:003_eb441570b1_11._20Урал_ФО_2010.xls:Урал:5525,5,2021:data_allsettlements_anon_156_v20251217.parquet:parquet:160884,1,True,"2002,2010,2021",True,True,True,True,True,False,False
Q21845358,2002:006_1916564aaa_02c_Kaluzhskaja.xls:Sheet1:2901,340,2010:013_f60b2d2bcf_5._20Belg_Bryan_Vlad_Voron_Ivanov_Kalug_20L1_ethn_2010.xls:Data Sheet:14091,431,2021:data_allsettlements_anon_156_v20251217.parquet:parquet:29876,345,True,"2002,2010,2021",True,True,True,True,True,False,False
Q4176929,2002:027_25f0f7433c_02c_Pskovskaja.xls:!!:6665,515,2010:012_5c339c0d0e_4._20Vologod_pskov_2010.xls:Data Sheet:14187,537,2021:data_allsettlements_anon_156_v20251217.parquet:parquet:106439,389,True,"2002,2010,2021",True,True,True,True,True,False,False
Q18788818,2002:048_4f024587eb_02c_Nizhegorod_obl_new.xls:11:4335,540,2010:014_5ca759eea0_5._20Nizheg_Kirov_202010.xls:Data Sheet:3375,505,2021:data_allsettlements_anon_156_v20251217.parquet:parquet:74722,395,True,"2002,2010,2021",True,True,True,True,True,False,False
Q21853911,2002:014_32646337ea_02c_Tambovskaja.xls:Sheet1:669,627,2010:011_040325482b_3._20Ryaz_Smol_Tambov_Tula_Jaroslavl_20L1_20ethn_2010.xls:Data Sheet:8189,469,2021:data_allsettlements_anon_156_v20251217.parquet:parquet:128168,344,True,"2002,2010,2021",True,True,True,True,True,False,False
Q23848617,2002:011_f46bbaadfd_02c_Orlovskaja.xls:Sheet1:2154,328,2010:010_711691e352_2._20Kostrom_Kur_Lip_Moscow_MoscObl_Orlov_2010.xls:Data Sheet:16161,256,2021:data_allsettlements_anon_156_v20251217.parquet:parquet:92743,209,True,"2002,2010,2021",True,True,True,True,True,False,False
Q21671937,2002:014_32646337ea_02c_Tambovskaja.xls:Sheet1:1009,204,2010:011_040325482b_3._20Ryaz_Smol_Tambov_Tula_Jaroslavl_20L1_20ethn_2010.xls:Data Sheet:8445,144,2021:data_allsettlements_anon_156_v20251217.parquet:parquet:128429,100,True,"2002,2010,2021",True,True,True,True,True,False,False
Q4123458,2002:041_4b428edd23_Bashkiria_new.xls:Sheet1:5981,11,2010:017_68e0e4537e_9._20Basq_Mari_Mord_Tatar_Udm_Chuv_2010.xls:!!!:3881,29,2021:data_allsettlements_anon_156_v20251217.parquet:parquet:148698,86,True,"2002,2010,2021",True,True,True,True,True,False,False
Q4423522,2002:027_25f0f7433c_02c_Pskovskaja.xls:!!:1073,592,2010:012_5c339c0d0e_4._20Vologod_pskov_2010.xls:Data Sheet:9007,522,2021:data_allsettlements_anon_156_v20251217.parquet:parquet:101181,323,True,"2002,2010,2021",True,True,True,True,True,False,False
Q18800492,2002:048_4f024587eb_02c_Nizhegorod_obl_new.xls:11:228,532,2010:014_5ca759eea0_5._20Nizheg_Kirov_202010.xls:Data Sheet:166,486,2021:data_allsettlements_anon_156_v20251217.parquet:parquet:72594,324,True,"2002,2010,2021",True,True,True,True,True,False,False
Q4237986,2002:054_0d77ecf40f_Saratovskaja1.xls:Sheet1:2137,520,2010:016_802d308e41_8._20Or_Penz_Perm_Samar_Saratov_Uly_2010.xls:!!!:9601,508,2021:data_allsettlements_anon_156_v20251217.parquet:parquet:117872,407,True,"2002,2010,2021",True,True,True,True,True,False,False
Q15254641,2002:061_e177b0a77d_Chel_abinskaja1.xls:Sheet1:515,586,2010:003_eb441570b1_11._20Урал_ФО_2010.xls:Урал:4936,454,2021:data_allsettlements_anon_156_v20251217.parquet:parquet:160123,327,True,"2002,2010,2021",True,True,True,True,True,False,False
Q18799816,2002:054_0d77ecf40f_Saratovskaja1.xls:Sheet1:2466,506,2010:016_802d308e41_8._20Or_Penz_Perm_Samar_Saratov_Uly_2010.xls:!!!:9843,496,2021:data_allsettlements_anon_156_v20251217.parquet:parquet:118145,410,True,"2002,2010,2021",True,True,True,True,True,False,False
Q4242190,2002:008_d607cc2b0d_02c_Kurskaja.xls:Sheet1:36,322,2010:010_711691e352_2._20Kostrom_Kur_Lip_Moscow_MoscObl_Orlov_2010.xls:Data Sheet:3537,186,2021:data_allsettlements_anon_156_v20251217.parquet:parquet:52093,113,True,"2002,2010,2021",True,True,True,True,True,False,False
Q21669807,2002:014_32646337ea_02c_Tambovskaja.xls:Sheet1:882,436,2010:011_040325482b_3._20Ryaz_Smol_Tambov_Tula_Jaroslavl_20L1_20ethn_2010.xls:Data Sheet:8346,491,2021:data_allsettlements_anon_156_v20251217.parquet:parquet:128325,502,True,"2002,2010,2021",True,True,True,True,True,False,False
Q27580544,2002:056_6e9d0d52b3_Kurgan.xls:Sheet1:1168,480,2010:003_eb441570b1_11._20Урал_ФО_2010.xls:Урал:805,402,2021:data_allsettlements_anon_156_v20251217.parquet:parquet:51693,282,True,"2002,2010,2021",True,True,True,True,True,False,False
Q4095188,2002:010_3e630cc803_02c_Moskovskaya-oblast.xls:Sheet1:3808,161,2010:010_711691e352_2._20Kostrom_Kur_Lip_Moscow_MoscObl_Orlov_2010.xls:Data Sheet:14317,180,2021:data_allsettlements_anon_156_v20251217.parquet:parquet:70647,513,True,"2002,2010,2021",True,True,True,True,True,False,False
Q4320330,2002:048_4f024587eb_02c_Nizhegorod_obl_new.xls:11:3619,499,2010:014_5ca759eea0_5._20Nizheg_Kirov_202010.xls:Data Sheet:2830,508,2021:data_allsettlements_anon_156_v20251217.parquet:parquet:75663,417,True,"2002,2010,2021",True,True,True,True,True,False,False
Q21853037,2002:014_32646337ea_02c_Tambovskaja.xls:Sheet1:1291,556,2010:011_040325482b_3._20Ryaz_Smol_Tambov_Tula_Jaroslavl_20L1_20ethn_2010.xls:Data Sheet:8657,485,2021:data_allsettlements_anon_156_v20251217.parquet:parquet:128671,383,True,"2002,2010,2021",True,True,True,True,True,False,False
Q16266789,2002:006_1916564aaa_02c_Kaluzhskaja.xls:Sheet1:2539,200,2010:013_f60b2d2bcf_5._20Belg_Bryan_Vlad_Voron_Ivanov_Kalug_20L1_ethn_2010.xls:Data Sheet:13774,238,2021:data_allsettlements_anon_156_v20251217.parquet:parquet:29526,276,True,"2002,2010,2021",True,True,True,True,True,False,False
Q21669854,2002:014_32646337ea_02c_Tambovskaja.xls:Sheet1:1287,153,2010:011_040325482b_3._20Ryaz_Smol_Tambov_Tula_Jaroslavl_20L1_20ethn_2010.xls:Data Sheet:8654,93,2021:data_allsettlements_anon_156_v20251217.parquet:parquet:128669,51,True,"2002,2010,2021",True,True,True,True,True,False,False
Q18801543,2002:010_3e630cc803_02c_Moskovskaya-oblast.xls:Sheet1:3406,388,2010:010_711691e352_2._20Kostrom_Kur_Lip_Moscow_MoscObl_Orlov_2010.xls:Data Sheet:11145,255,2021:data_allsettlements_anon_156_v20251217.parquet:parquet:68113,780,True,"2002,2010,2021",True,True,True,True,True,False,False
Q4446183,2002:078_8405ea8fce_Yakutia.xls:Sheet1:606,515,2010:009_81f8a0e73c_17._20ДВ_ФО_2010.xls:ДВ:2512,504,2021:data_allsettlements_anon_156_v20251217.parquet:parquet:166519,404,True,"2002,2010,2021",True,True,True,True,True,False,False
Q18781104,2002:061_e177b0a77d_Chel_abinskaja1.xls:Sheet1:392,123,2010:003_eb441570b1_11._20Урал_ФО_2010.xls:Урал:4859,94,2021:data_allsettlements_anon_156_v20251217.parquet:parquet:160020,87,True,"2002,2010,2021",True,True,True,True,True,False,False
Q27579766,2002:056_6e9d0d52b3_Kurgan.xls:Sheet1:898,579,2010:003_eb441570b1_11._20Урал_ФО_2010.xls:Урал:625,485,2021:data_allsettlements_anon_156_v20251217.parquet:parquet:51506,355,True,"2002,2010,2021",True,True,True,True,True,False,False
Q21669398,2002:014_32646337ea_02c_Tambovskaja.xls:Sheet1:1999,555,2010:011_040325482b_3._20Ryaz_Smol_Tambov_Tula_Jaroslavl_20L1_20ethn_2010.xls:Data Sheet:9200,479,2021:data_allsettlements_anon_156_v20251217.parquet:parquet:129299,382,True,"2002,2010,2021",True,True,True,True,True,False,False
Q15260381,2002:061_e177b0a77d_Chel_abinskaja1.xls:Sheet1:233,470,2010:003_eb441570b1_11._20Урал_ФО_2010.xls:Урал:4750,501,2021:data_allsettlements_anon_156_v20251217.parquet:parquet:159890,444,True,"2002,2010,2021",True,True,True,True,True,False,False
Q16897427,2002:078_8405ea8fce_Yakutia.xls:Sheet1:294,454,2010:009_81f8a0e73c_17._20ДВ_ФО_2010.xls:ДВ:2353,325,2021:data_allsettlements_anon_156_v20251217.parquet:parquet:166266,237,True,"2002,2010,2021",True,True,True,True,True,False,False
Q21337286,2002:001_6e5cceefdf_02c_Belgorod-obl.xls:Sheet1:1603,511,2010:013_f60b2d2bcf_5._20Belg_Bryan_Vlad_Voron_Ivanov_Kalug_20L1_ethn_2010.xls:Data Sheet:1257,503,2021:data_allsettlements_anon_156_v20251217.parquet:parquet:165143,397,True,"2002,2010,2021",True,True,True,True,True,False,False
Q19915665,2002:081_6a22d6b5c5_Amur.xls:Sheet1:95,528,2010:009_81f8a0e73c_17._20ДВ_ФО_2010.xls:ДВ:1724,466,2021:data_allsettlements_anon_156_v20251217.parquet:parquet:61404,416,True,"2002,2010,2021",True,True,True,True,True,False,False
Q1060779,2002:041_4b428edd23_Bashkiria_new.xls:Sheet1:2631,393,2010:017_68e0e4537e_9._20Basq_Mari_Mord_Tatar_Udm_Chuv_2010.xls:!!!:1684,385,2021:data_allsettlements_anon_156_v20251217.parquet:parquet:146054,341,True,"2002,2010,2021",True,True,True,True,True,False,False
Q21672314,2002:014_32646337ea_02c_Tambovskaja.xls:Sheet1:195,430,2010:011_040325482b_3._20Ryaz_Smol_Tambov_Tula_Jaroslavl_20L1_20ethn_2010.xls:Data Sheet:7818,383,2021:data_allsettlements_anon_156_v20251217.parquet:parquet:127709,278,True,"2002,2010,2021",True,True,True,True,True,False,False
Q1059599,2002:041_4b428edd23_Bashkiria_new.xls:Sheet1:2406,469,2010:017_68e0e4537e_9._20Basq_Mari_Mord_Tatar_Udm_Chuv_2010.xls:!!!:1536,460,2021:data_allsettlements_anon_156_v20251217.parquet:parquet:145875,477,True,"2002,2010,2021",True,True,True,True,True,False,False
Q15276857,2002:057_9b18a354f1_02c_Sverdlovskaja_oblast.xls:Sheet1:2242,269,2010:003_eb441570b1_11._20Урал_ФО_2010.xls:Урал:4214,218,2021:data_allsettlements_anon_156_v20251217.parquet:parquet:120529,163,True,"2002,2010,2021",True,True,True,True,True,False,False
Q18771782,2002:008_d607cc2b0d_02c_Kurskaja.xls:Sheet1:1573,495,2010:010_711691e352_2._20Kostrom_Kur_Lip_Moscow_MoscObl_Orlov_2010.xls:Data Sheet:4802,459,2021:data_allsettlements_anon_156_v20251217.parquet:parquet:53528,449,True,"2002,2010,2021",True,True,True,True,True,False,False
Q4089742,2002:041_4b428edd23_Bashkiria_new.xls:Sheet1:4722,513,2010:017_68e0e4537e_9._20Basq_Mari_Mord_Tatar_Udm_Chuv_2010.xls:!!!:3055,508,2021:data_allsettlements_anon_156_v20251217.parquet:parquet:147697,382,True,"2002,2010,2021",True,True,True,True,True,False,False
Q21670105,2002:014_32646337ea_02c_Tambovskaja.xls:Sheet1:201,429,2010:011_040325482b_3._20Ryaz_Smol_Tambov_Tula_Jaroslavl_20L1_20ethn_2010.xls:Data Sheet:7823,385,2021:data_allsettlements_anon_156_v20251217.parquet:parquet:127739,263,True,"2002,2010,2021",True,True,True,True,True,False,False
Q23847676,2002:016_3aa889d669_02c_Tulskaja.xls:Sheet1:625,496,2010:011_040325482b_3._20Ryaz_Smol_Tambov_Tula_Jaroslavl_20L1_20ethn_2010.xls:Data Sheet:9892,472,2021:data_allsettlements_anon_156_v20251217.parquet:parquet:149893,433,True,"2002,2010,2021",True,True,True,True,True,False,False
Q4508126,2002:041_4b428edd23_Bashkiria_new.xls:Sheet1:4980,514,2010:017_68e0e4537e_9._20Basq_Mari_Mord_Tatar_Udm_Chuv_2010.xls:!!!:3190,496,2021:data_allsettlements_anon_156_v20251217.parquet:parquet:147862,390,True,"2002,2010,2021",True,True,True,True,True,False,False
Q16897419,2002:078_8405ea8fce_Yakutia.xls:Sheet1:537,250,2010:009_81f8a0e73c_17._20ДВ_ФО_2010.xls:ДВ:2477,255,2021:data_allsettlements_anon_156_v20251217.parquet:parquet:166480,239,True,"2002,2010,2021",True,True,True,True,True,False,False
Q4084495,2002:003_308406b0ed_02c_Vladimirskaja.xls:Sheet1:2047,527,2010:013_f60b2d2bcf_5._20Belg_Bryan_Vlad_Voron_Ivanov_Kalug_20L1_ethn_2010.xls:Data Sheet:6115,465,2021:data_allsettlements_anon_156_v20251217.parquet:parquet:3152,403,True,"2002,2010,2021",True,True,True,True,True,False,False
Q1060938,2002:041_4b428edd23_Bashkiria_new.xls:Sheet1:2667,463,2010:017_68e0e4537e_9._20Basq_Mari_Mord_Tatar_Udm_Chuv_2010.xls:!!!:1713,513,2021:data_allsettlements_anon_156_v20251217.parquet:parquet:146087,417,True,"2002,2010,2021",True,True,True,True,True,False,False
Q4454395,2002:041_4b428edd23_Bashkiria_new.xls:Sheet1:4874,538,2010:017_68e0e4537e_9._20Basq_Mari_Mord_Tatar_Udm_Chuv_2010.xls:!!!:3153,479,2021:data_allsettlements_anon_156_v20251217.parquet:parquet:147816,375,True,"2002,2010,2021",True,True,True,True,True,False,False
Q18799613,2002:054_0d77ecf40f_Saratovskaja1.xls:Sheet1:1352,472,2010:016_802d308e41_8._20Or_Penz_Perm_Samar_Saratov_Uly_2010.xls:!!!:9104,489,2021:data_allsettlements_anon_156_v20251217.parquet:parquet:117358,430,True,"2002,2010,2021",True,True,True,True,True,False,False
Q19691455,2002:081_6a22d6b5c5_Amur.xls:Sheet1:44,531,2010:009_81f8a0e73c_17._20ДВ_ФО_2010.xls:ДВ:1564,465,2021:data_allsettlements_anon_156_v20251217.parquet:parquet:61176,395,True,"2002,2010,2021",True,True,True,True,True,False,False
Q18798425,2002:008_d607cc2b0d_02c_Kurskaja.xls:Sheet1:1806,506,2010:010_711691e352_2._20Kostrom_Kur_Lip_Moscow_MoscObl_Orlov_2010.xls:Data Sheet:5001,456,2021:data_allsettlements_anon_156_v20251217.parquet:parquet:53734,428,True,"2002,2010,2021",True,True,True,True,True,False,False
Q21669512,2002:014_32646337ea_02c_Tambovskaja.xls:Sheet1:14,594,2010:011_040325482b_3._20Ryaz_Smol_Tambov_Tula_Jaroslavl_20L1_20ethn_2010.xls:Data Sheet:7674,513,2021:data_allsettlements_anon_156_v20251217.parquet:parquet:127599,283,True,"2002,2010,2021",True,True,True,True,True,False,False
Q19887277,2002:003_308406b0ed_02c_Vladimirskaja.xls:Sheet1:2558,456,2010:013_f60b2d2bcf_5._20Belg_Bryan_Vlad_Voron_Ivanov_Kalug_20L1_ethn_2010.xls:Data Sheet:6805,444,2021:data_allsettlements_anon_156_v20251217.parquet:parquet:3850,489,True,"2002,2010,2021",True,True,True,True,True,False,False
Q19638818,2002:050_a0dc3f856b_penzen_obl.xls:Sheet1:208,552,2010:016_802d308e41_8._20Or_Penz_Perm_Samar_Saratov_Uly_2010.xls:!!!:3219,464,2021:data_allsettlements_anon_156_v20251217.parquet:parquet:94159,371,True,"2002,2010,2021",True,True,True,True,True,False,False
Q4534329,2002:041_4b428edd23_Bashkiria_new.xls:Sheet1:6199,382,2010:017_68e0e4537e_9._20Basq_Mari_Mord_Tatar_Udm_Chuv_2010.xls:!!!:4031,391,2021:data_allsettlements_anon_156_v20251217.parquet:parquet:148882,320,True,"2002,2010,2021",True,True,True,True,True,False,False
Q21671935,2002:014_32646337ea_02c_Tambovskaja.xls:Sheet1:521,160,2010:011_040325482b_3._20Ryaz_Smol_Tambov_Tula_Jaroslavl_20L1_20ethn_2010.xls:Data Sheet:8083,127,2021:data_allsettlements_anon_156_v20251217.parquet:parquet:128030,88,True,"2002,2010,2021",True,True,True,True,True,False,False
Q16910377,2002:061_e177b0a77d_Chel_abinskaja1.xls:Sheet1:161,19,2010:003_eb441570b1_11._20Урал_ФО_2010.xls:Урал:5981,12,2021:data_allsettlements_anon_156_v20251217.parquet:parquet:161441,42,True,"2002,2010,2021",True,True,True,True,True,False,False
Q4089398,2002:041_4b428edd23_Bashkiria_new.xls:Sheet1:5001,605,2010:017_68e0e4537e_9._20Basq_Mari_Mord_Tatar_Udm_Chuv_2010.xls:!!!:3244,474,2021:data_allsettlements_anon_156_v20251217.parquet:parquet:147926,303,True,"2002,2010,2021",True,True,True,True,True,False,False
Q23879855,2002:011_f46bbaadfd_02c_Orlovskaja.xls:Sheet1:770,126,2010:010_711691e352_2._20Kostrom_Kur_Lip_Moscow_MoscObl_Orlov_2010.xls:Data Sheet:14974,106,2021:data_allsettlements_anon_156_v20251217.parquet:parquet:91455,53,True,"2002,2010,2021",True,True,True,True,True,False,False
Q15271295,2002:057_9b18a354f1_02c_Sverdlovskaja_oblast.xls:Sheet1:1873,351,2010:003_eb441570b1_11._20Урал_ФО_2010.xls:Урал:3934,302,2021:data_allsettlements_anon_156_v20251217.parquet:parquet:121016,161,True,"2002,2010,2021",True,True,True,True,True,False,False
Q18776007,2002:048_4f024587eb_02c_Nizhegorod_obl_new.xls:11:3070,24,2010:014_5ca759eea0_5._20Nizheg_Kirov_202010.xls:Data Sheet:2352,20,2021:data_allsettlements_anon_156_v20251217.parquet:parquet:74289,943,True,"2002,2010,2021",True,True,True,True,True,False,False
Q18798370,2002:050_a0dc3f856b_penzen_obl.xls:Sheet1:756,528,2010:016_802d308e41_8._20Or_Penz_Perm_Samar_Saratov_Uly_2010.xls:!!!:3615,490,2021:data_allsettlements_anon_156_v20251217.parquet:parquet:94602,356,True,"2002,2010,2021",True,True,True,True,True,False,False
Q4060027,2002:010_3e630cc803_02c_Moskovskaya-oblast.xls:Sheet1:2872,401,2010:010_711691e352_2._20Kostrom_Kur_Lip_Moscow_MoscObl_Orlov_2010.xls:Data Sheet:10686,387,2021:data_allsettlements_anon_156_v20251217.parquet:parquet:68137,425,True,"2002,2010,2021",True,True,True,True,True,False,False
Q19887318,2002:003_308406b0ed_02c_Vladimirskaja.xls:Sheet1:2753,163,2010:013_f60b2d2bcf_5._20Belg_Bryan_Vlad_Voron_Ivanov_Kalug_20L1_ethn_2010.xls:Data Sheet:6771,150,2021:data_allsettlements_anon_156_v20251217.parquet:parquet:3831,114,True,"2002,2010,2021",True,True,True,True,True,False,False
Q4741409,2002:041_4b428edd23_Bashkiria_new.xls:Sheet1:4856,489,2010:017_68e0e4537e_9._20Basq_Mari_Mord_Tatar_Udm_Chuv_2010.xls:!!!:3143,473,2021:data_allsettlements_anon_156_v20251217.parquet:parquet:147802,406,True,"2002,2010,2021",True,True,True,True,True,False,False
Q18795607,2002:054_0d77ecf40f_Saratovskaja1.xls:Sheet1:1341,144,2010:016_802d308e41_8._20Or_Penz_Perm_Samar_Saratov_Uly_2010.xls:!!!:9099,144,2021:data_allsettlements_anon_156_v20251217.parquet:parquet:117303,115,True,"2002,2010,2021",True,True,True,True,True,False,False
Q18790588,2002:054_0d77ecf40f_Saratovskaja1.xls:Sheet1:2577,199,2010:016_802d308e41_8._20Or_Penz_Perm_Samar_Saratov_Uly_2010.xls:!!!:9922,135,2021:data_allsettlements_anon_156_v20251217.parquet:parquet:118229,150,True,"2002,2010,2021",True,True,True,True,True,False,False
Q23843266,2002:011_f46bbaadfd_02c_Orlovskaja.xls:Sheet1:1896,446,2010:010_711691e352_2._20Kostrom_Kur_Lip_Moscow_MoscObl_Orlov_2010.xls:Data Sheet:15932,447,2021:data_allsettlements_anon_156_v20251217.parquet:parquet:92505,471,True,"2002,2010,2021",True,True,True,True,True,False,False
Q19848311,2002:003_308406b0ed_02c_Vladimirskaja.xls:Sheet1:863,19,2010:013_f60b2d2bcf_5._20Belg_Bryan_Vlad_Voron_Ivanov_Kalug_20L1_ethn_2010.xls:Data Sheet:5025,11,2021:data_allsettlements_anon_156_v20251217.parquet:parquet:1978,7,True,"2002,2010,2021",True,True,True,True,True,False,False
Q3207663,2002:016_3aa889d669_02c_Tulskaja.xls:Sheet1:3529,503,2010:011_040325482b_3._20Ryaz_Smol_Tambov_Tula_Jaroslavl_20L1_20ethn_2010.xls:Data Sheet:12535,448,2021:data_allsettlements_anon_156_v20251217.parquet:parquet:152133,412,True,"2002,2010,2021",True,True,True,True,True,False,False
Q18779422,2002:050_a0dc3f856b_penzen_obl.xls:Sheet1:17,555,2010:016_802d308e41_8._20Or_Penz_Perm_Samar_Saratov_Uly_2010.xls:!!!:3079,459,2021:data_allsettlements_anon_156_v20251217.parquet:parquet:93980,288,True,"2002,2010,2021",True,True,True,True,True,False,False
Q18771394,2002:054_0d77ecf40f_Saratovskaja1.xls:Sheet1:2572,353,2010:016_802d308e41_8._20Or_Penz_Perm_Samar_Saratov_Uly_2010.xls:!!!:9919,359,2021:data_allsettlements_anon_156_v20251217.parquet:parquet:118262,254,True,"2002,2010,2021",True,True,True,True,True,False,False
Q18780525,2002:050_a0dc3f856b_penzen_obl.xls:Sheet1:1157,502,2010:016_802d308e41_8._20Or_Penz_Perm_Samar_Saratov_Uly_2010.xls:!!!:3864,456,2021:data_allsettlements_anon_156_v20251217.parquet:parquet:94907,403,True,"2002,2010,2021",True,True,True,True,True,False,False
Q4209803,2002:050_a0dc3f856b_penzen_obl.xls:Sheet1:1942,509,2010:016_802d308e41_8._20Or_Penz_Perm_Samar_Saratov_Uly_2010.xls:!!!:4455,461,2021:data_allsettlements_anon_156_v20251217.parquet:parquet:95608,391,True,"2002,2010,2021",True,True,True,True,True,False,False
Q19676808,2002:008_d607cc2b0d_02c_Kurskaja.xls:Sheet1:1131,483,2010:010_711691e352_2._20Kostrom_Kur_Lip_Moscow_MoscObl_Orlov_2010.xls:Data Sheet:4433,473,2021:data_allsettlements_anon_156_v20251217.parquet:parquet:53131,404,True,"2002,2010,2021",True,True,True,True,True,False,False
Q23838757,2002:011_f46bbaadfd_02c_Orlovskaja.xls:Sheet1:754,514,2010:010_711691e352_2._20Kostrom_Kur_Lip_Moscow_MoscObl_Orlov_2010.xls:Data Sheet:14959,494,2021:data_allsettlements_anon_156_v20251217.parquet:parquet:91443,351,True,"2002,2010,2021",True,True,True,True,True,False,False
Q4245129,2002:027_25f0f7433c_02c_Pskovskaja.xls:!!:8391,553,2010:012_5c339c0d0e_4._20Vologod_pskov_2010.xls:Data Sheet:15744,440,2021:data_allsettlements_anon_156_v20251217.parquet:parquet:108025,364,True,"2002,2010,2021",True,True,True,True,True,False,False
Q23838790,2002:016_3aa889d669_02c_Tulskaja.xls:Sheet1:1261,383,2010:011_040325482b_3._20Ryaz_Smol_Tambov_Tula_Jaroslavl_20L1_20ethn_2010.xls:Data Sheet:10464,414,2021:data_allsettlements_anon_156_v20251217.parquet:parquet:150301,557,True,"2002,2010,2021",True,True,True,True,True,False,False
Q15255158,2002:061_e177b0a77d_Chel_abinskaja1.xls:Sheet1:1725,506,2010:003_eb441570b1_11._20Урал_ФО_2010.xls:Урал:5804,468,2021:data_allsettlements_anon_156_v20251217.parquet:parquet:161245,380,True,"2002,2010,2021",True,True,True,True,True,False,False
Q16019871,2002:010_3e630cc803_02c_Moskovskaya-oblast.xls:Sheet1:6689,125,2010:010_711691e352_2._20Kostrom_Kur_Lip_Moscow_MoscObl_Orlov_2010.xls:Data Sheet:14097,169,2021:data_allsettlements_anon_156_v20251217.parquet:parquet:70995,130,True,"2002,2010,2021",True,True,True,True,True,False,False
Q18767187,2002:054_0d77ecf40f_Saratovskaja1.xls:Sheet1:1945,209,2010:016_802d308e41_8._20Or_Penz_Perm_Samar_Saratov_Uly_2010.xls:!!!:9476,141,2021:data_allsettlements_anon_156_v20251217.parquet:parquet:117763,102,True,"2002,2010,2021",True,True,True,True,True,False,False
Q4326001,2002:041_4b428edd23_Bashkiria_new.xls:Sheet1:4951,536,2010:017_68e0e4537e_9._20Basq_Mari_Mord_Tatar_Udm_Chuv_2010.xls:!!!:3212,454,2021:data_allsettlements_anon_156_v20251217.parquet:parquet:147887,361,True,"2002,2010,2021",True,True,True,True,True,False,False
Q18790392,2002:054_0d77ecf40f_Saratovskaja1.xls:Sheet1:685,544,2010:016_802d308e41_8._20Or_Penz_Perm_Samar_Saratov_Uly_2010.xls:!!!:8692,478,2021:data_allsettlements_anon_156_v20251217.parquet:parquet:116798,325,True,"2002,2010,2021",True,True,True,True,True,False,False
Q4098993,2002:027_25f0f7433c_02c_Pskovskaja.xls:!!:650,460,2010:012_5c339c0d0e_4._20Vologod_pskov_2010.xls:Data Sheet:8640,482,2021:data_allsettlements_anon_156_v20251217.parquet:parquet:100689,404,True,"2002,2010,2021",True,True,True,True,True,False,False
Q18780671,2002:048_4f024587eb_02c_Nizhegorod_obl_new.xls:11:2268,10,2010:014_5ca759eea0_5._20Nizheg_Kirov_202010.xls:Data Sheet:1683,10,2021:data_allsettlements_anon_156_v20251217.parquet:parquet:73792,6,True,"2002,2010,2021",True,True,True,True,True,False,False
Q18780550,2002:048_4f024587eb_02c_Nizhegorod_obl_new.xls:11:2996,543,2010:014_5ca759eea0_5._20Nizheg_Kirov_202010.xls:Data Sheet:2287,422,2021:data_allsettlements_anon_156_v20251217.parquet:parquet:74209,379,True,"2002,2010,2021",True,True,True,True,True,False,False
Q23884282,2002:014_32646337ea_02c_Tambovskaja.xls:Sheet1:405,622,2010:011_040325482b_3._20Ryaz_Smol_Tambov_Tula_Jaroslavl_20L1_20ethn_2010.xls:Data Sheet:7989,420,2021:data_allsettlements_anon_156_v20251217.parquet:parquet:127931,301,True,"2002,2010,2021",True,True,True,True,True,False,False
Q2093108,2002:041_4b428edd23_Bashkiria_new.xls:Sheet1:5309,377,2010:017_68e0e4537e_9._20Basq_Mari_Mord_Tatar_Udm_Chuv_2010.xls:!!!:3442,379,2021:data_allsettlements_anon_156_v20251217.parquet:parquet:148168,586,True,"2002,2010,2021",True,True,True,True,True,False,False
Q19862198,2002:061_e177b0a77d_Chel_abinskaja1.xls:Sheet1:432,5,2010:003_eb441570b1_11._20Урал_ФО_2010.xls:Урал:4886,13,2021:data_allsettlements_anon_156_v20251217.parquet:parquet:160057,6,True,"2002,2010,2021",True,True,True,True,True,False,False
Q18778028,2002:008_d607cc2b0d_02c_Kurskaja.xls:Sheet1:246,544,2010:010_711691e352_2._20Kostrom_Kur_Lip_Moscow_MoscObl_Orlov_2010.xls:Data Sheet:3696,466,2021:data_allsettlements_anon_156_v20251217.parquet:parquet:52290,329,True,"2002,2010,2021",True,True,True,True,True,False,False
Q4446184,2002:078_8405ea8fce_Yakutia.xls:Sheet1:576,514,2010:009_81f8a0e73c_17._20ДВ_ФО_2010.xls:ДВ:2498,427,2021:data_allsettlements_anon_156_v20251217.parquet:parquet:166524,319,True,"2002,2010,2021",True,True,True,True,True,False,False
Q19814652,2002:048_4f024587eb_02c_Nizhegorod_obl_new.xls:11:4401,313,2010:014_5ca759eea0_5._20Nizheg_Kirov_202010.xls:Data Sheet:3438,292,2021:data_allsettlements_anon_156_v20251217.parquet:parquet:74799,258,True,"2002,2010,2021",True,True,True,True,True,False,False
Q18794322,2002:054_0d77ecf40f_Saratovskaja1.xls:Sheet1:679,449,2010:016_802d308e41_8._20Or_Penz_Perm_Samar_Saratov_Uly_2010.xls:!!!:8689,329,2021:data_allsettlements_anon_156_v20251217.parquet:parquet:116809,178,True,"2002,2010,2021",True,True,True,True,True,False,False
Q23843654,2002:016_3aa889d669_02c_Tulskaja.xls:Sheet1:2868,459,2010:011_040325482b_3._20Ryaz_Smol_Tambov_Tula_Jaroslavl_20L1_20ethn_2010.xls:Data Sheet:11920,489,2021:data_allsettlements_anon_156_v20251217.parquet:parquet:151503,386,True,"2002,2010,2021",True,True,True,True,True,False,False
Q19638941,2002:054_0d77ecf40f_Saratovskaja1.xls:Sheet1:935,418,2010:016_802d308e41_8._20Or_Penz_Perm_Samar_Saratov_Uly_2010.xls:!!!:8846,363,2021:data_allsettlements_anon_156_v20251217.parquet:parquet:116929,251,True,"2002,2010,2021",True,True,True,True,True,False,False
Q18792471,2002:054_0d77ecf40f_Saratovskaja1.xls:Sheet1:2592,418,2010:016_802d308e41_8._20Or_Penz_Perm_Samar_Saratov_Uly_2010.xls:!!!:9931,444,2021:data_allsettlements_anon_156_v20251217.parquet:parquet:118259,290,True,"2002,2010,2021",True,True,True,True,True,False,False
Q4075410,2002:041_4b428edd23_Bashkiria_new.xls:Sheet1:5148,429,2010:017_68e0e4537e_9._20Basq_Mari_Mord_Tatar_Udm_Chuv_2010.xls:!!!:3334,436,2021:data_allsettlements_anon_156_v20251217.parquet:parquet:148031,466,True,"2002,2010,2021",True,True,True,True,True,False,False
Q4497598,2002:027_25f0f7433c_02c_Pskovskaja.xls:!!:6422,642,2010:012_5c339c0d0e_4._20Vologod_pskov_2010.xls:Data Sheet:14113,499,2021:data_allsettlements_anon_156_v20251217.parquet:parquet:106275,189,True,"2002,2010,2021",True,True,True,True,True,False,False
Q2671881,2002:041_4b428edd23_Bashkiria_new.xls:Sheet1:3132,465,2010:017_68e0e4537e_9._20Basq_Mari_Mord_Tatar_Udm_Chuv_2010.xls:!!!:1987,455,2021:data_allsettlements_anon_156_v20251217.parquet:parquet:146427,409,True,"2002,2010,2021",True,True,True,True,True,False,False
Q4413820,2002:015_90ef69f659_02c_Tver_obl.xls:!!!:9569,497,2010:019_a193ec7827_Tver_L1_ethn_np_2010.xls:Data Sheet:8897,474,2021:data_allsettlements_anon_156_v20251217.parquet:parquet:141429,358,True,"2002,2010,2021",True,True,True,True,True,False,False
Q18792452,2002:054_0d77ecf40f_Saratovskaja1.xls:Sheet1:2265,514,2010:016_802d308e41_8._20Or_Penz_Perm_Samar_Saratov_Uly_2010.xls:!!!:9696,317,2021:data_allsettlements_anon_156_v20251217.parquet:parquet:117989,190,True,"2002,2010,2021",True,True,True,True,True,False,False
Q25610601,2002:001_6e5cceefdf_02c_Belgorod-obl.xls:Sheet1:1677,31,2010:013_f60b2d2bcf_5._20Belg_Bryan_Vlad_Voron_Ivanov_Kalug_20L1_ethn_2010.xls:Data Sheet:1308,37,2021:data_allsettlements_anon_156_v20251217.parquet:parquet:165725,20,True,"2002,2010,2021",True,True,True,True,True,False,False
Q19676975,2002:008_d607cc2b0d_02c_Kurskaja.xls:Sheet1:1715,231,2010:010_711691e352_2._20Kostrom_Kur_Lip_Moscow_MoscObl_Orlov_2010.xls:Data Sheet:4930,504,2021:data_allsettlements_anon_156_v20251217.parquet:parquet:53648,592,True,"2002,2010,2021",True,True,True,True,True,False,False
Q18767088,2002:008_d607cc2b0d_02c_Kurskaja.xls:Sheet1:142,524,2010:010_711691e352_2._20Kostrom_Kur_Lip_Moscow_MoscObl_Orlov_2010.xls:Data Sheet:3618,406,2021:data_allsettlements_anon_156_v20251217.parquet:parquet:52197,397,True,"2002,2010,2021",True,True,True,True,True,False,False
Q15263444,2002:061_e177b0a77d_Chel_abinskaja1.xls:Sheet1:1824,330,2010:003_eb441570b1_11._20Урал_ФО_2010.xls:Урал:5879,236,2021:data_allsettlements_anon_156_v20251217.parquet:parquet:161337,223,True,"2002,2010,2021",True,True,True,True,True,False,False
Q19831344,2002:003_308406b0ed_02c_Vladimirskaja.xls:Sheet1:330,498,2010:013_f60b2d2bcf_5._20Belg_Bryan_Vlad_Voron_Ivanov_Kalug_20L1_ethn_2010.xls:Data Sheet:4663,488,2021:data_allsettlements_anon_156_v20251217.parquet:parquet:1506,339,True,"2002,2010,2021",True,True,True,True,True,False,False
Q18781857,2002:054_0d77ecf40f_Saratovskaja1.xls:Sheet1:2580,184,2010:016_802d308e41_8._20Or_Penz_Perm_Samar_Saratov_Uly_2010.xls:!!!:9924,152,2021:data_allsettlements_anon_156_v20251217.parquet:parquet:118258,105,True,"2002,2010,2021",True,True,True,True,True,False,False
Q19814322,2002:048_4f024587eb_02c_Nizhegorod_obl_new.xls:11:4990,0,2010:014_5ca759eea0_5._20Nizheg_Kirov_202010.xls:Data Sheet:3937,0,2021:data_allsettlements_anon_156_v20251217.parquet:parquet:76356,2,True,"2002,2010,2021",True,True,True,True,True,False,False
Q18803893,2002:054_0d77ecf40f_Saratovskaja1.xls:Sheet1:1278,514,2010:016_802d308e41_8._20Or_Penz_Perm_Samar_Saratov_Uly_2010.xls:!!!:9055,430,2021:data_allsettlements_anon_156_v20251217.parquet:parquet:117236,379,True,"2002,2010,2021",True,True,True,True,True,False,False
Q18781031,2002:054_0d77ecf40f_Saratovskaja1.xls:Sheet1:818,516,2010:016_802d308e41_8._20Or_Penz_Perm_Samar_Saratov_Uly_2010.xls:!!!:8776,438,2021:data_allsettlements_anon_156_v20251217.parquet:parquet:116876,369,True,"2002,2010,2021",True,True,True,True,True,False,False
Q18789009,2002:061_e177b0a77d_Chel_abinskaja1.xls:Sheet1:255,439,2010:003_eb441570b1_11._20Урал_ФО_2010.xls:Урал:4765,449,2021:data_allsettlements_anon_156_v20251217.parquet:parquet:159909,434,True,"2002,2010,2021",True,True,True,True,True,False,False
Q4416928,2002:041_4b428edd23_Bashkiria_new.xls:Sheet1:5905,347,2010:017_68e0e4537e_9._20Basq_Mari_Mord_Tatar_Udm_Chuv_2010.xls:!!!:3828,488,2021:data_allsettlements_anon_156_v20251217.parquet:parquet:148634,486,True,"2002,2010,2021",True,True,True,True,True,False,False
Q21669268,2002:006_1916564aaa_02c_Kaluzhskaja.xls:Sheet1:1722,358,2010:013_f60b2d2bcf_5._20Belg_Bryan_Vlad_Voron_Ivanov_Kalug_20L1_ethn_2010.xls:Data Sheet:13058,346,2021:data_allsettlements_anon_156_v20251217.parquet:parquet:28732,613,True,"2002,2010,2021",True,True,True,True,True,False,False
Q23848512,2002:016_3aa889d669_02c_Tulskaja.xls:Sheet1:1928,497,2010:011_040325482b_3._20Ryaz_Smol_Tambov_Tula_Jaroslavl_20L1_20ethn_2010.xls:Data Sheet:11066,456,2021:data_allsettlements_anon_156_v20251217.parquet:parquet:150904,364,True,"2002,2010,2021",True,True,True,True,True,False,False
Q18770773,2002:050_a0dc3f856b_penzen_obl.xls:Sheet1:694,500,2010:016_802d308e41_8._20Or_Penz_Perm_Samar_Saratov_Uly_2010.xls:!!!:3570,459,2021:data_allsettlements_anon_156_v20251217.parquet:parquet:94542,357,True,"2002,2010,2021",True,True,True,True,True,False,False
Q3648002,2002:022_862ad8a69d_02c_Vologodskaya.xls:2C:6694,451,2010:012_5c339c0d0e_4._20Vologod_pskov_2010.xls:Data Sheet:6251,433,2021:data_allsettlements_anon_156_v20251217.parquet:parquet:12204,431,True,"2002,2010,2021",True,True,True,True,True,False,False
Q27582651,2002:056_6e9d0d52b3_Kurgan.xls:Sheet1:1706,585,2010:003_eb441570b1_11._20Урал_ФО_2010.xls:Урал:1167,449,2021:data_allsettlements_anon_156_v20251217.parquet:parquet:51976,281,True,"2002,2010,2021",True,True,True,True,True,False,False
Q18806184,2002:008_d607cc2b0d_02c_Kurskaja.xls:Sheet1:2480,544,2010:010_711691e352_2._20Kostrom_Kur_Lip_Moscow_MoscObl_Orlov_2010.xls:Data Sheet:5557,403,2021:data_allsettlements_anon_156_v20251217.parquet:parquet:54340,267,True,"2002,2010,2021",True,True,True,True,True,False,False
Q4076019,2002:054_0d77ecf40f_Saratovskaja1.xls:Sheet1:61,590,2010:016_802d308e41_8._20Or_Penz_Perm_Samar_Saratov_Uly_2010.xls:!!!:8276,460,2021:data_allsettlements_anon_156_v20251217.parquet:parquet:116304,262,True,"2002,2010,2021",True,True,True,True,True,False,False
Q19886936,2002:003_308406b0ed_02c_Vladimirskaja.xls:Sheet1:2218,470,2010:013_f60b2d2bcf_5._20Belg_Bryan_Vlad_Voron_Ivanov_Kalug_20L1_ethn_2010.xls:Data Sheet:6132,435,2021:data_allsettlements_anon_156_v20251217.parquet:parquet:3301,400,True,"2002,2010,2021",True,True,True,True,True,False,False
Q18804747,2002:008_d607cc2b0d_02c_Kurskaja.xls:Sheet1:1350,201,2010:010_711691e352_2._20Kostrom_Kur_Lip_Moscow_MoscObl_Orlov_2010.xls:Data Sheet:4626,524,2021:data_allsettlements_anon_156_v20251217.parquet:parquet:53330,579,True,"2002,2010,2021",True,True,True,True,True,False,False
Q18781780,2002:050_a0dc3f856b_penzen_obl.xls:Sheet1:116,470,2010:016_802d308e41_8._20Or_Penz_Perm_Samar_Saratov_Uly_2010.xls:!!!:3151,452,2021:data_allsettlements_anon_156_v20251217.parquet:parquet:94067,382,True,"2002,2010,2021",True,True,True,True,True,False,False
Q4104796,2002:041_4b428edd23_Bashkiria_new.xls:Sheet1:4719,324,2010:017_68e0e4537e_9._20Basq_Mari_Mord_Tatar_Udm_Chuv_2010.xls:!!!:3086,292,2021:data_allsettlements_anon_156_v20251217.parquet:parquet:147729,252,True,"2002,2010,2021",True,True,True,True,True,False,False
Q7499610,2002:003_308406b0ed_02c_Vladimirskaja.xls:Sheet1:694,453,2010:013_f60b2d2bcf_5._20Belg_Bryan_Vlad_Voron_Ivanov_Kalug_20L1_ethn_2010.xls:Data Sheet:4908,447,2021:data_allsettlements_anon_156_v20251217.parquet:parquet:1987,401,True,"2002,2010,2021",True,True,True,True,True,False,False
Q23843979,2002:011_f46bbaadfd_02c_Orlovskaja.xls:Sheet1:302,472,2010:010_711691e352_2._20Kostrom_Kur_Lip_Moscow_MoscObl_Orlov_2010.xls:Data Sheet:14587,464,2021:data_allsettlements_anon_156_v20251217.parquet:parquet:91031,363,True,"2002,2010,2021",True,True,True,True,True,False,False
Q23976833,2002:016_3aa889d669_02c_Tulskaja.xls:Sheet1:3455,223,2010:011_040325482b_3._20Ryaz_Smol_Tambov_Tula_Jaroslavl_20L1_20ethn_2010.xls:Data Sheet:12454,182,2021:data_allsettlements_anon_156_v20251217.parquet:parquet:152011,180,True,"2002,2010,2021",True,True,True,True,True,False,False
Q16033915,2002:010_3e630cc803_02c_Moskovskaya-oblast.xls:Sheet1:1038,247,2010:010_711691e352_2._20Kostrom_Kur_Lip_Moscow_MoscObl_Orlov_2010.xls:Data Sheet:8986,197,2021:data_allsettlements_anon_156_v20251217.parquet:parquet:66244,337,True,"2002,2010,2021",True,True,True,True,True,False,False
Q18781234,2002:054_0d77ecf40f_Saratovskaja1.xls:Sheet1:2334,321,2010:016_802d308e41_8._20Or_Penz_Perm_Samar_Saratov_Uly_2010.xls:!!!:9751,348,2021:data_allsettlements_anon_156_v20251217.parquet:parquet:118057,427,True,"2002,2010,2021",True,True,True,True,True,False,False
Q27578989,2002:006_1916564aaa_02c_Kaluzhskaja.xls:Sheet1:36,399,2010:013_f60b2d2bcf_5._20Belg_Bryan_Vlad_Voron_Ivanov_Kalug_20L1_ethn_2010.xls:Data Sheet:14790,411,2021:data_allsettlements_anon_156_v20251217.parquet:parquet:30647,482,True,"2002,2010,2021",True,True,True,True,True,False,False
Q18779335,2002:050_a0dc3f856b_penzen_obl.xls:Sheet1:1609,478,2010:016_802d308e41_8._20Or_Penz_Perm_Samar_Saratov_Uly_2010.xls:!!!:4186,388,2021:data_allsettlements_anon_156_v20251217.parquet:parquet:95299,353,True,"2002,2010,2021",True,True,True,True,True,False,False
Q15266845,2002:057_9b18a354f1_02c_Sverdlovskaja_oblast.xls:Sheet1:84,182,2010:003_eb441570b1_11._20Урал_ФО_2010.xls:Урал:4487,261,2021:data_allsettlements_anon_156_v20251217.parquet:parquet:120749,383,True,"2002,2010,2021",True,True,True,True,True,False,False
Q4094116,2002:027_25f0f7433c_02c_Pskovskaja.xls:!!:2652,407,2010:012_5c339c0d0e_4._20Vologod_pskov_2010.xls:Data Sheet:10528,400,2021:data_allsettlements_anon_156_v20251217.parquet:parquet:102733,361,True,"2002,2010,2021",True,True,True,True,True,False,False
Q4405273,2002:041_4b428edd23_Bashkiria_new.xls:Sheet1:6579,336,2010:017_68e0e4537e_9._20Basq_Mari_Mord_Tatar_Udm_Chuv_2010.xls:!!!:4262,378,2021:data_allsettlements_anon_156_v20251217.parquet:parquet:149155,265,True,"2002,2010,2021",True,True,True,True,True,False,False
Q18778344,2002:054_0d77ecf40f_Saratovskaja1.xls:Sheet1:2521,4,2010:016_802d308e41_8._20Or_Penz_Perm_Samar_Saratov_Uly_2010.xls:!!!:9882,0,2021:data_allsettlements_anon_156_v20251217.parquet:parquet:118211,0,True,"2002,2010,2021",True,True,True,True,True,False,False
Q21667794,2002:014_32646337ea_02c_Tambovskaja.xls:Sheet1:747,466,2010:011_040325482b_3._20Ryaz_Smol_Tambov_Tula_Jaroslavl_20L1_20ethn_2010.xls:Data Sheet:8253,260,2021:data_allsettlements_anon_156_v20251217.parquet:parquet:128230,198,True,"2002,2010,2021",True,True,True,True,True,False,False
Q18796727,2002:054_0d77ecf40f_Saratovskaja1.xls:Sheet1:2730,97,2010:016_802d308e41_8._20Or_Penz_Perm_Samar_Saratov_Uly_2010.xls:!!!:10013,104,2021:data_allsettlements_anon_156_v20251217.parquet:parquet:118356,97,True,"2002,2010,2021",True,True,True,True,True,False,False
Q21672539,2002:014_32646337ea_02c_Tambovskaja.xls:Sheet1:202,491,2010:011_040325482b_3._20Ryaz_Smol_Tambov_Tula_Jaroslavl_20L1_20ethn_2010.xls:Data Sheet:7824,400,2021:data_allsettlements_anon_156_v20251217.parquet:parquet:127740,310,True,"2002,2010,2021",True,True,True,True,True,False,False
Q18792565,2002:008_d607cc2b0d_02c_Kurskaja.xls:Sheet1:268,333,2010:010_711691e352_2._20Kostrom_Kur_Lip_Moscow_MoscObl_Orlov_2010.xls:Data Sheet:3714,256,2021:data_allsettlements_anon_156_v20251217.parquet:parquet:52312,223,True,"2002,2010,2021",True,True,True,True,True,False,False
Q4380502,2002:003_308406b0ed_02c_Vladimirskaja.xls:Sheet1:368,14,2010:013_f60b2d2bcf_5._20Belg_Bryan_Vlad_Voron_Ivanov_Kalug_20L1_ethn_2010.xls:Data Sheet:4672,16,2021:data_allsettlements_anon_156_v20251217.parquet:parquet:1655,9,True,"2002,2010,2021",True,True,True,True,True,False,False
Q16032588,2002:010_3e630cc803_02c_Moskovskaya-oblast.xls:Sheet1:1037,373,2010:010_711691e352_2._20Kostrom_Kur_Lip_Moscow_MoscObl_Orlov_2010.xls:Data Sheet:8971,401,2021:data_allsettlements_anon_156_v20251217.parquet:parquet:66196,506,True,"2002,2010,2021",True,True,True,True,True,False,False
Q19847755,2002:003_308406b0ed_02c_Vladimirskaja.xls:Sheet1:523,484,2010:013_f60b2d2bcf_5._20Belg_Bryan_Vlad_Voron_Ivanov_Kalug_20L1_ethn_2010.xls:Data Sheet:4755,402,2021:data_allsettlements_anon_156_v20251217.parquet:parquet:1762,394,True,"2002,2010,2021",True,True,True,True,True,False,False
Q18766551,2002:054_0d77ecf40f_Saratovskaja1.xls:Sheet1:169,519,2010:016_802d308e41_8._20Or_Penz_Perm_Samar_Saratov_Uly_2010.xls:!!!:8354,493,2021:data_allsettlements_anon_156_v20251217.parquet:parquet:116420,268,True,"2002,2010,2021",True,True,True,True,True,False,False
Q19848513,2002:003_308406b0ed_02c_Vladimirskaja.xls:Sheet1:1187,448,2010:013_f60b2d2bcf_5._20Belg_Bryan_Vlad_Voron_Ivanov_Kalug_20L1_ethn_2010.xls:Data Sheet:5453,418,2021:data_allsettlements_anon_156_v20251217.parquet:parquet:2380,411,True,"2002,2010,2021",True,True,True,True,True,False,False
Q4408909,2002:041_4b428edd23_Bashkiria_new.xls:Sheet1:4778,491,2010:017_68e0e4537e_9._20Basq_Mari_Mord_Tatar_Udm_Chuv_2010.xls:!!!:3097,407,2021:data_allsettlements_anon_156_v20251217.parquet:parquet:147746,379,True,"2002,2010,2021",True,True,True,True,True,False,False
Q1066113,2002:041_4b428edd23_Bashkiria_new.xls:Sheet1:4056,341,2010:017_68e0e4537e_9._20Basq_Mari_Mord_Tatar_Udm_Chuv_2010.xls:!!!:2628,208,2021:data_allsettlements_anon_156_v20251217.parquet:parquet:147182,215,True,"2002,2010,2021",True,True,True,True,True,False,False
Q19676542,2002:008_d607cc2b0d_02c_Kurskaja.xls:Sheet1:1052,470,2010:010_711691e352_2._20Kostrom_Kur_Lip_Moscow_MoscObl_Orlov_2010.xls:Data Sheet:4366,414,2021:data_allsettlements_anon_156_v20251217.parquet:parquet:53028,348,True,"2002,2010,2021",True,True,True,True,True,False,False
Q18399387,2002:043_56b84811fa_02c_mordovia.xls:!!:1033,472,2010:017_68e0e4537e_9._20Basq_Mari_Mord_Tatar_Udm_Chuv_2010.xls:!!!:6802,436,2021:data_allsettlements_anon_156_v20251217.parquet:parquet:63972,365,True,"2002,2010,2021",True,True,True,True,True,False,False
Q16848996,2002:078_8405ea8fce_Yakutia.xls:Sheet1:142,8,2010:009_81f8a0e73c_17._20ДВ_ФО_2010.xls:ДВ:2281,0,2021:data_allsettlements_anon_156_v20251217.parquet:parquet:166138,0,True,"2002,2010,2021",True,True,True,True,True,False,False
Q27578091,2002:056_6e9d0d52b3_Kurgan.xls:Sheet1:296,475,2010:003_eb441570b1_11._20Урал_ФО_2010.xls:Урал:207,370,2021:data_allsettlements_anon_156_v20251217.parquet:parquet:51161,195,True,"2002,2010,2021",True,True,True,True,True,False,False
Q18801290,2002:054_0d77ecf40f_Saratovskaja1.xls:Sheet1:823,152,2010:016_802d308e41_8._20Or_Penz_Perm_Samar_Saratov_Uly_2010.xls:!!!:8779,80,2021:data_allsettlements_anon_156_v20251217.parquet:parquet:116909,42,True,"2002,2010,2021",True,True,True,True,True,False,False
Q23847436,2002:011_f46bbaadfd_02c_Orlovskaja.xls:Sheet1:1092,519,2010:010_711691e352_2._20Kostrom_Kur_Lip_Moscow_MoscObl_Orlov_2010.xls:Data Sheet:15237,396,2021:data_allsettlements_anon_156_v20251217.parquet:parquet:91745,352,True,"2002,2010,2021",True,True,True,True,True,False,False
Q1061655,2002:041_4b428edd23_Bashkiria_new.xls:Sheet1:2608,306,2010:017_68e0e4537e_9._20Basq_Mari_Mord_Tatar_Udm_Chuv_2010.xls:!!!:1675,309,2021:data_allsettlements_anon_156_v20251217.parquet:parquet:146042,187,True,"2002,2010,2021",True,True,True,True,True,False,False
Q15255487,2002:061_e177b0a77d_Chel_abinskaja1.xls:Sheet1:980,372,2010:003_eb441570b1_11._20Урал_ФО_2010.xls:Урал:5267,404,2021:data_allsettlements_anon_156_v20251217.parquet:parquet:160566,464,True,"2002,2010,2021",True,True,True,True,True,False,False
Q2570048,2002:041_4b428edd23_Bashkiria_new.xls:Sheet1:1606,375,2010:017_68e0e4537e_9._20Basq_Mari_Mord_Tatar_Udm_Chuv_2010.xls:!!!:1026,354,2021:data_allsettlements_anon_156_v20251217.parquet:parquet:145269,263,True,"2002,2010,2021",True,True,True,True,True,False,False
Q15255037,2002:061_e177b0a77d_Chel_abinskaja1.xls:Sheet1:1689,209,2010:003_eb441570b1_11._20Урал_ФО_2010.xls:Урал:5780,172,2021:data_allsettlements_anon_156_v20251217.parquet:parquet:161217,157,True,"2002,2010,2021",True,True,True,True,True,False,False
Q15254169,2002:061_e177b0a77d_Chel_abinskaja1.xls:Sheet1:961,267,2010:003_eb441570b1_11._20Урал_ФО_2010.xls:Урал:5251,234,2021:data_allsettlements_anon_156_v20251217.parquet:parquet:160547,248,True,"2002,2010,2021",True,True,True,True,True,False,False
