latitude,longitude,coordinate_source_record_id,source_sha256,source_locator,point_origin_file,point_origin_sha256,point_origin_locator,point_origin_kind,target_source_record_id,coordinate_admission_status,coordinate_binding_rule,point_use_inference,point_claim_quality,population_boundary_comparability_asserted
43.2641604,45.8259721,2021:data_allsettlements_anon_156_v20251217.parquet:parquet:162088,,data/interim/2021_tochno/data_allsettlements_anon_156_v20251217.parquet#:162088.0,/workspace/settlements-raw/data/interim/2021_tochno/data_allsettlements_anon_156_v20251217.parquet,86c197cd522e0b63669e9c6e7f43fd3d82b3704c6a126c800a9968ecd16cae14,"parquet_row_1based=162088;latitude_dadata,longitude_dadata",tochno_2021_dadata_raw_parquet_point,2010:002_027be52979_10._20СевКаз_ФО_20(без_20Даг)_202010.xls:СК:1519,reviewed_extension_rule_accepted,retrospective use of independently admitted current ownNP point through source-bound native2010 identity and accepted02/21 core,retrospective_continuity_not_historical_coordinate_measurement,auto_rule,False
56.374438,41.939689,Q3866848,86c197cd522e0b63669e9c6e7f43fd3d82b3704c6a126c800a9968ecd16cae14,data/interim/2021_tochno/data_allsettlements_anon_156_v20251217.parquet#row=1528.0,/workspace/settlements-raw/data/raw/wikidata_truthy_claims/batch_0106.jsonl.gz,1673983e37393130e75aedbeac054fc936c12d62095ac2a7c078d0a6750b4f91,"{""line_number"": 14461, ""locator"": ""batch_0106.jsonl.gz#line=14461"", ""retrieved_at_utc"": ""2026-08-31T20:59:18.070573+00:00"", ""source_file"": ""batch_0106.jsonl.gz"", ""value_raw"": ""POINT(41.939689 56.374438)""}",wikidata_P625_point_claim,ROSSTAT2010:T5:p18:l37,reviewed_extension_rule_accepted,retrospective use of independently admitted current ownNP point through source-bound native2010 identity and accepted02/21 core,retrospective_continuity_not_historical_coordinate_measurement,auto_rule,False
56.144166666667,43.788333333333,Q34784552,,,/workspace/russian-settlements-research/research_rebuild/work/current_unpointed_own_wiki_mass_batch_20261007/top_missing_entities.json.gz,a6b14539c807db0984fe567325728bec1a6d793b68cb184c60ef4f191c673941,entities.Q34784552.claims.P625; rank=normal; coherent_candidates=1,wikidata_own_physical_locality_P625,2010:014_5ca759eea0_5._20Nizheg_Kirov_202010.xls:Data Sheet:270,reviewed_extension_rule_accepted,retrospective use of independently admitted current ownNP point through source-bound native2010 identity and accepted02/21 core,retrospective_continuity_not_historical_coordinate_measurement,auto_rule,False
42.9798034,45.935942,2021:data_allsettlements_anon_156_v20251217.parquet:parquet:161567,,data/interim/2021_tochno/data_allsettlements_anon_156_v20251217.parquet#:161567.0,/workspace/settlements-raw/data/interim/2021_tochno/data_allsettlements_anon_156_v20251217.parquet,86c197cd522e0b63669e9c6e7f43fd3d82b3704c6a126c800a9968ecd16cae14,"parquet_row_1based=161567;latitude_dadata,longitude_dadata",tochno_2021_dadata_raw_parquet_point,2010:002_027be52979_10._20СевКаз_ФО_20(без_20Даг)_202010.xls:СК:1499,reviewed_extension_rule_accepted,retrospective use of independently admitted current ownNP point through source-bound native2010 identity and accepted02/21 core,retrospective_continuity_not_historical_coordinate_measurement,auto_rule,False
57.8018,56.3798,GeoNames:geonameid:824095,9bf299daaff13de75ddbf610e113469aae80537d66a7de3437967576c6509ff4,RU.txt:line=143477;geonameid=824095,/workspace/settlements-raw/data/raw/coordinate_candidates/geonames_RU_20260907.zip,9bf299daaff13de75ddbf610e113469aae80537d66a7de3437967576c6509ff4,RU.txt:line=143477;geonameid=824095,geonames_ru_txt_named_place_point,2010:016_802d308e41_8._20Or_Penz_Perm_Samar_Saratov_Uly_2010.xls:!!!:7014,reviewed_extension_rule_accepted,retrospective use of independently admitted current ownNP point through source-bound native2010 identity and accepted02/21 core,retrospective_continuity_not_historical_coordinate_measurement,auto_rule,False
43.3644924,45.9473464,2021:data_allsettlements_anon_156_v20251217.parquet:parquet:161594,,data/interim/2021_tochno/data_allsettlements_anon_156_v20251217.parquet#:161594.0,/workspace/settlements-raw/data/interim/2021_tochno/data_allsettlements_anon_156_v20251217.parquet,86c197cd522e0b63669e9c6e7f43fd3d82b3704c6a126c800a9968ecd16cae14,"parquet_row_1based=161594;latitude_dadata,longitude_dadata",tochno_2021_dadata_raw_parquet_point,2010:002_027be52979_10._20СевКаз_ФО_20(без_20Даг)_202010.xls:СК:1517,reviewed_extension_rule_accepted,retrospective use of independently admitted current ownNP point through source-bound native2010 identity and accepted02/21 core,retrospective_continuity_not_historical_coordinate_measurement,auto_rule,False
55.133333,33.633333,Q4198534,86c197cd522e0b63669e9c6e7f43fd3d82b3704c6a126c800a9968ecd16cae14,data/interim/2021_tochno/data_allsettlements_anon_156_v20251217.parquet#row=124979.0,/workspace/settlements-raw/data/raw/wikidata_truthy_claims/batch_0116.jsonl.gz,3b234abbff8416463efd9044f050cb4f67d2a1762d62dc8310b9c8f4d8549946,"{""line_number"": 10516, ""locator"": ""batch_0116.jsonl.gz#line=10516"", ""retrieved_at_utc"": ""2026-08-31T20:59:33.031544+00:00"", ""source_file"": ""batch_0116.jsonl.gz"", ""value_raw"": ""POINT(33.633333 55.133333)""}",wikidata_P625_point_claim,ROSSTAT2010:T5:p45:l10,reviewed_extension_rule_accepted,retrospective use of independently admitted current ownNP point through source-bound native2010 identity and accepted02/21 core,retrospective_continuity_not_historical_coordinate_measurement,auto_rule,False
43.4284144,45.7761031,2021:data_allsettlements_anon_156_v20251217.parquet:parquet:161592,,data/interim/2021_tochno/data_allsettlements_anon_156_v20251217.parquet#:161592.0,/workspace/settlements-raw/data/interim/2021_tochno/data_allsettlements_anon_156_v20251217.parquet,86c197cd522e0b63669e9c6e7f43fd3d82b3704c6a126c800a9968ecd16cae14,"parquet_row_1based=161592;latitude_dadata,longitude_dadata",tochno_2021_dadata_raw_parquet_point,2010:002_027be52979_10._20СевКаз_ФО_20(без_20Даг)_202010.xls:СК:1515,reviewed_extension_rule_accepted,retrospective use of independently admitted current ownNP point through source-bound native2010 identity and accepted02/21 core,retrospective_continuity_not_historical_coordinate_measurement,auto_rule,False
63.347222,42.020555,Q4155776,86c197cd522e0b63669e9c6e7f43fd3d82b3704c6a126c800a9968ecd16cae14,data/interim/2021_tochno/data_allsettlements_anon_156_v20251217.parquet#row=89966.0,/workspace/settlements-raw/data/raw/wikidata_truthy_claims/batch_0113.jsonl.gz,44d54bed86ae49d995bad6e9e1c3e9a2a16fb1e7835452d2a41b542cb2b56c37,"{""line_number"": 10058, ""locator"": ""batch_0113.jsonl.gz#line=10058"", ""retrieved_at_utc"": ""2026-08-31T20:59:26.951694+00:00"", ""source_file"": ""batch_0113.jsonl.gz"", ""value_raw"": ""POINT(42.020555 63.347222)""}",wikidata_P625_point_claim,ARK2010:archive20131022:html_table1_tr3616,reviewed_extension_rule_accepted,retrospective use of independently admitted current ownNP point through source-bound native2010 identity and accepted02/21 core,retrospective_continuity_not_historical_coordinate_measurement,auto_rule,False
61.0917874,42.0972291,2021:data_allsettlements_anon_156_v20251217.parquet:parquet:87631,,data/interim/2021_tochno/data_allsettlements_anon_156_v20251217.parquet#:87631.0,/workspace/settlements-raw/data/interim/2021_tochno/data_allsettlements_anon_156_v20251217.parquet,86c197cd522e0b63669e9c6e7f43fd3d82b3704c6a126c800a9968ecd16cae14,"parquet_row_1based=87631;latitude_dadata,longitude_dadata",tochno_2021_dadata_raw_parquet_point,ARK2010:archive20131022:html_table1_tr0178,reviewed_extension_rule_accepted,retrospective use of independently admitted current ownNP point through source-bound native2010 identity and accepted02/21 core,retrospective_continuity_not_historical_coordinate_measurement,auto_rule,False
51.423725,45.5851258,2021:data_allsettlements_anon_156_v20251217.parquet:parquet:118384,,data/interim/2021_tochno/data_allsettlements_anon_156_v20251217.parquet#:118384.0,/workspace/settlements-raw/data/interim/2021_tochno/data_allsettlements_anon_156_v20251217.parquet,86c197cd522e0b63669e9c6e7f43fd3d82b3704c6a126c800a9968ecd16cae14,"parquet_row_1based=118384;latitude_dadata,longitude_dadata",tochno_2021_dadata_raw_parquet_point,2010:016_802d308e41_8._20Or_Penz_Perm_Samar_Saratov_Uly_2010.xls:!!!:9755,reviewed_extension_rule_accepted,retrospective use of independently admitted current ownNP point through source-bound native2010 identity and accepted02/21 core,retrospective_continuity_not_historical_coordinate_measurement,auto_rule,False
64.186638,41.648978,2021:data_allsettlements_anon_156_v20251217.parquet:parquet:90148,86c197cd522e0b63669e9c6e7f43fd3d82b3704c6a126c800a9968ecd16cae14,"parquet_row_1based=90148;latitude_dadata,longitude_dadata",/workspace/settlements-raw/data/interim/2021_tochno/data_allsettlements_anon_156_v20251217.parquet,86c197cd522e0b63669e9c6e7f43fd3d82b3704c6a126c800a9968ecd16cae14,"parquet_row_1based=90148;latitude_dadata,longitude_dadata",raw_2021_own_provider_named_point,ARK2010:archive20131022:html_table1_tr3854,reviewed_extension_rule_accepted,retrospective use of independently admitted current ownNP point through source-bound native2010 identity and accepted02/21 core,retrospective_continuity_not_historical_coordinate_measurement,auto_rule,False
64.1826304,41.6741562,2021:data_allsettlements_anon_156_v20251217.parquet:parquet:90162,86c197cd522e0b63669e9c6e7f43fd3d82b3704c6a126c800a9968ecd16cae14,"parquet_row_1based=90162;latitude_dadata,longitude_dadata",/workspace/settlements-raw/data/interim/2021_tochno/data_allsettlements_anon_156_v20251217.parquet,86c197cd522e0b63669e9c6e7f43fd3d82b3704c6a126c800a9968ecd16cae14,"parquet_row_1based=90162;latitude_dadata,longitude_dadata",raw_2021_own_provider_named_point,ARK2010:archive20131022:html_table1_tr3863,reviewed_extension_rule_accepted,retrospective use of independently admitted current ownNP point through source-bound native2010 identity and accepted02/21 core,retrospective_continuity_not_historical_coordinate_measurement,auto_rule,False
63.418206,46.144457,Q18801644,86c197cd522e0b63669e9c6e7f43fd3d82b3704c6a126c800a9968ecd16cae14,data/interim/2021_tochno/data_allsettlements_anon_156_v20251217.parquet#row=89455.0,/workspace/settlements-raw/data/raw/wikidata_truthy_claims/batch_0044.jsonl.gz,cb4029c914d88a4cb030c76ff3f2c1861b5209e1dd902519f1998d604725eb07,"{""line_number"": 7745, ""locator"": ""batch_0044.jsonl.gz#line=7745"", ""retrieved_at_utc"": ""2026-08-31T20:57:58.927123+00:00"", ""source_file"": ""batch_0044.jsonl.gz"", ""value_raw"": ""POINT(46.144457 63.418206)""}",wikidata_P625_point_claim,ARK2010:archive20131022:html_table1_tr2778,reviewed_extension_rule_accepted,retrospective use of independently admitted current ownNP point through source-bound native2010 identity and accepted02/21 core,retrospective_continuity_not_historical_coordinate_measurement,auto_rule,False
61.3236969,41.1395623,2021:data_allsettlements_anon_156_v20251217.parquet:parquet:87603,,data/interim/2021_tochno/data_allsettlements_anon_156_v20251217.parquet#:87603.0,/workspace/settlements-raw/data/interim/2021_tochno/data_allsettlements_anon_156_v20251217.parquet,86c197cd522e0b63669e9c6e7f43fd3d82b3704c6a126c800a9968ecd16cae14,"parquet_row_1based=87603;latitude_dadata,longitude_dadata",tochno_2021_dadata_raw_parquet_point,ARK2010:archive20131022:html_table1_tr0150,reviewed_extension_rule_accepted,retrospective use of independently admitted current ownNP point through source-bound native2010 identity and accepted02/21 core,retrospective_continuity_not_historical_coordinate_measurement,auto_rule,False
61.2660113,48.6722443,2021:data_allsettlements_anon_156_v20251217.parquet:parquet:87017,,data/interim/2021_tochno/data_allsettlements_anon_156_v20251217.parquet#:87017.0,/workspace/settlements-raw/data/interim/2021_tochno/data_allsettlements_anon_156_v20251217.parquet,86c197cd522e0b63669e9c6e7f43fd3d82b3704c6a126c800a9968ecd16cae14,"parquet_row_1based=87017;latitude_dadata,longitude_dadata",tochno_2021_dadata_raw_parquet_point,ARK2010:archive20131022:html_table1_tr0883,reviewed_extension_rule_accepted,retrospective use of independently admitted current ownNP point through source-bound native2010 identity and accepted02/21 core,retrospective_continuity_not_historical_coordinate_measurement,auto_rule,False
61.536644,46.0152988,2021:data_allsettlements_anon_156_v20251217.parquet:parquet:88671,86c197cd522e0b63669e9c6e7f43fd3d82b3704c6a126c800a9968ecd16cae14,"parquet_row_1based=88671;latitude_dadata,longitude_dadata",/workspace/settlements-raw/data/interim/2021_tochno/data_allsettlements_anon_156_v20251217.parquet,86c197cd522e0b63669e9c6e7f43fd3d82b3704c6a126c800a9968ecd16cae14,"parquet_row_1based=88671;latitude_dadata,longitude_dadata",raw_2021_own_provider_named_point,ARK2010:archive20131022:html_table1_tr1979,reviewed_extension_rule_accepted,retrospective use of independently admitted current ownNP point through source-bound native2010 identity and accepted02/21 core,retrospective_continuity_not_historical_coordinate_measurement,auto_rule,False
62.6755627,46.1940389,2021:data_allsettlements_anon_156_v20251217.parquet:parquet:86767,,data/interim/2021_tochno/data_allsettlements_anon_156_v20251217.parquet#:86767.0,/workspace/settlements-raw/data/interim/2021_tochno/data_allsettlements_anon_156_v20251217.parquet,86c197cd522e0b63669e9c6e7f43fd3d82b3704c6a126c800a9968ecd16cae14,"parquet_row_1based=86767;latitude_dadata,longitude_dadata",tochno_2021_dadata_raw_parquet_point,ARK2010:archive20131022:html_table1_tr0536,reviewed_extension_rule_accepted,retrospective use of independently admitted current ownNP point through source-bound native2010 identity and accepted02/21 core,retrospective_continuity_not_historical_coordinate_measurement,auto_rule,False
60.8895096,43.1087239,2021:data_allsettlements_anon_156_v20251217.parquet:parquet:89851,86c197cd522e0b63669e9c6e7f43fd3d82b3704c6a126c800a9968ecd16cae14,"parquet_row_1based=89851;latitude_dadata,longitude_dadata",/workspace/settlements-raw/data/interim/2021_tochno/data_allsettlements_anon_156_v20251217.parquet,86c197cd522e0b63669e9c6e7f43fd3d82b3704c6a126c800a9968ecd16cae14,"parquet_row_1based=89851;latitude_dadata,longitude_dadata",raw_2021_own_provider_named_point,ARK2010:archive20131022:html_table1_tr3471,reviewed_extension_rule_accepted,retrospective use of independently admitted current ownNP point through source-bound native2010 identity and accepted02/21 core,retrospective_continuity_not_historical_coordinate_measurement,auto_rule,False
61.5714303,45.8785343,2021:data_allsettlements_anon_156_v20251217.parquet:parquet:88502,86c197cd522e0b63669e9c6e7f43fd3d82b3704c6a126c800a9968ecd16cae14,"parquet_row_1based=88502;latitude_dadata,longitude_dadata",/workspace/settlements-raw/data/interim/2021_tochno/data_allsettlements_anon_156_v20251217.parquet,86c197cd522e0b63669e9c6e7f43fd3d82b3704c6a126c800a9968ecd16cae14,"parquet_row_1based=88502;latitude_dadata,longitude_dadata",raw_2021_own_provider_named_point,ARK2010:archive20131022:html_table1_tr1810,reviewed_extension_rule_accepted,retrospective use of independently admitted current ownNP point through source-bound native2010 identity and accepted02/21 core,retrospective_continuity_not_historical_coordinate_measurement,auto_rule,False
54.9303823,63.4194524,2021:data_allsettlements_anon_156_v20251217.parquet:parquet:50580,,data/interim/2021_tochno/data_allsettlements_anon_156_v20251217.parquet#:50580.0,/workspace/settlements-raw/data/interim/2021_tochno/data_allsettlements_anon_156_v20251217.parquet,86c197cd522e0b63669e9c6e7f43fd3d82b3704c6a126c800a9968ecd16cae14,"parquet_row_1based=50580;latitude_dadata,longitude_dadata",tochno_2021_dadata_raw_parquet_point,2010:003_eb441570b1_11._20Урал_ФО_2010.xls:Урал:18,reviewed_extension_rule_accepted,retrospective use of independently admitted current ownNP point through source-bound native2010 identity and accepted02/21 core,retrospective_continuity_not_historical_coordinate_measurement,auto_rule,False
61.657188,48.129,Q19675905,86c197cd522e0b63669e9c6e7f43fd3d82b3704c6a126c800a9968ecd16cae14,data/interim/2021_tochno/data_allsettlements_anon_156_v20251217.parquet#row=88952.0,/workspace/settlements-raw/data/raw/wikidata_truthy_claims/batch_0051.jsonl.gz,15e85972cdc7b2d2a48b63307f03e481b2aaab8e999e3325384ba2df1a0a08d4,"{""line_number"": 7762, ""locator"": ""batch_0051.jsonl.gz#line=7762"", ""retrieved_at_utc"": ""2026-08-31T20:58:06.687870+00:00"", ""source_file"": ""batch_0051.jsonl.gz"", ""value_raw"": ""POINT(48.129000 61.657188)""}",wikidata_P625_point_claim,ARK2010:archive20131022:html_table1_tr2252,reviewed_extension_rule_accepted,retrospective use of independently admitted current ownNP point through source-bound native2010 identity and accepted02/21 core,retrospective_continuity_not_historical_coordinate_measurement,auto_rule,False
61.332778,44.536111,Q18790414,86c197cd522e0b63669e9c6e7f43fd3d82b3704c6a126c800a9968ecd16cae14,data/interim/2021_tochno/data_allsettlements_anon_156_v20251217.parquet#row=89800.0,/workspace/settlements-raw/data/raw/wikidata_truthy_claims/batch_0038.jsonl.gz,f09e720ae025073547e0368de164cf9f1cb03f7bb5f75c80c077aadfb4486a51,"{""line_number"": 7631, ""locator"": ""batch_0038.jsonl.gz#line=7631"", ""retrieved_at_utc"": ""2026-08-31T20:57:52.813243+00:00"", ""source_file"": ""batch_0038.jsonl.gz"", ""value_raw"": ""POINT(44.536111 61.332778)""}",wikidata_P625_point_claim,ARK2010:archive20131022:html_table1_tr3420,reviewed_extension_rule_accepted,retrospective use of independently admitted current ownNP point through source-bound native2010 identity and accepted02/21 core,retrospective_continuity_not_historical_coordinate_measurement,auto_rule,False
63.3994809,41.8249052,2021:data_allsettlements_anon_156_v20251217.parquet:parquet:89997,86c197cd522e0b63669e9c6e7f43fd3d82b3704c6a126c800a9968ecd16cae14,"parquet_row_1based=89997;latitude_dadata,longitude_dadata",/workspace/settlements-raw/data/interim/2021_tochno/data_allsettlements_anon_156_v20251217.parquet,86c197cd522e0b63669e9c6e7f43fd3d82b3704c6a126c800a9968ecd16cae14,"parquet_row_1based=89997;latitude_dadata,longitude_dadata",raw_2021_own_provider_named_point,ARK2010:archive20131022:html_table1_tr3683,reviewed_extension_rule_accepted,retrospective use of independently admitted current ownNP point through source-bound native2010 identity and accepted02/21 core,retrospective_continuity_not_historical_coordinate_measurement,auto_rule,False
61.0693866,40.0679469,2021:data_allsettlements_anon_156_v20251217.parquet:parquet:88075,,data/interim/2021_tochno/data_allsettlements_anon_156_v20251217.parquet#:88075.0,/workspace/settlements-raw/data/interim/2021_tochno/data_allsettlements_anon_156_v20251217.parquet,86c197cd522e0b63669e9c6e7f43fd3d82b3704c6a126c800a9968ecd16cae14,"parquet_row_1based=88075;latitude_dadata,longitude_dadata",tochno_2021_dadata_raw_parquet_point,ARK2010:archive20131022:html_table1_tr1383,reviewed_extension_rule_accepted,retrospective use of independently admitted current ownNP point through source-bound native2010 identity and accepted02/21 core,retrospective_continuity_not_historical_coordinate_measurement,auto_rule,False
60.8295093,40.9687803,2021:data_allsettlements_anon_156_v20251217.parquet:parquet:88102,,data/interim/2021_tochno/data_allsettlements_anon_156_v20251217.parquet#:88102.0,/workspace/settlements-raw/data/interim/2021_tochno/data_allsettlements_anon_156_v20251217.parquet,86c197cd522e0b63669e9c6e7f43fd3d82b3704c6a126c800a9968ecd16cae14,"parquet_row_1based=88102;latitude_dadata,longitude_dadata",tochno_2021_dadata_raw_parquet_point,ARK2010:archive20131022:html_table1_tr1398,reviewed_extension_rule_accepted,retrospective use of independently admitted current ownNP point through source-bound native2010 identity and accepted02/21 core,retrospective_continuity_not_historical_coordinate_measurement,auto_rule,False
61.0134282,42.0429704,2021:data_allsettlements_anon_156_v20251217.parquet:parquet:87810,,data/interim/2021_tochno/data_allsettlements_anon_156_v20251217.parquet#:87810.0,/workspace/settlements-raw/data/interim/2021_tochno/data_allsettlements_anon_156_v20251217.parquet,86c197cd522e0b63669e9c6e7f43fd3d82b3704c6a126c800a9968ecd16cae14,"parquet_row_1based=87810;latitude_dadata,longitude_dadata",tochno_2021_dadata_raw_parquet_point,ARK2010:archive20131022:html_table1_tr0409,reviewed_extension_rule_accepted,retrospective use of independently admitted current ownNP point through source-bound native2010 identity and accepted02/21 core,retrospective_continuity_not_historical_coordinate_measurement,auto_rule,False
61.7132653,39.2349081,2021:data_allsettlements_anon_156_v20251217.parquet:parquet:87250,,data/interim/2021_tochno/data_allsettlements_anon_156_v20251217.parquet#:87250.0,/workspace/settlements-raw/data/interim/2021_tochno/data_allsettlements_anon_156_v20251217.parquet,86c197cd522e0b63669e9c6e7f43fd3d82b3704c6a126c800a9968ecd16cae14,"parquet_row_1based=87250;latitude_dadata,longitude_dadata",tochno_2021_dadata_raw_parquet_point,ARK2010:archive20131022:html_table1_tr1151,reviewed_extension_rule_accepted,retrospective use of independently admitted current ownNP point through source-bound native2010 identity and accepted02/21 core,retrospective_continuity_not_historical_coordinate_measurement,auto_rule,False
52.6061347,47.8369042,2021:data_allsettlements_anon_156_v20251217.parquet:parquet:118292,,data/interim/2021_tochno/data_allsettlements_anon_156_v20251217.parquet#:118292.0,/workspace/settlements-raw/data/interim/2021_tochno/data_allsettlements_anon_156_v20251217.parquet,86c197cd522e0b63669e9c6e7f43fd3d82b3704c6a126c800a9968ecd16cae14,"parquet_row_1based=118292;latitude_dadata,longitude_dadata",tochno_2021_dadata_raw_parquet_point,2010:016_802d308e41_8._20Or_Penz_Perm_Samar_Saratov_Uly_2010.xls:!!!:9964,reviewed_extension_rule_accepted,retrospective use of independently admitted current ownNP point through source-bound native2010 identity and accepted02/21 core,retrospective_continuity_not_historical_coordinate_measurement,auto_rule,False
61.2343698,44.6958306,2021:data_allsettlements_anon_156_v20251217.parquet:parquet:89775,86c197cd522e0b63669e9c6e7f43fd3d82b3704c6a126c800a9968ecd16cae14,"parquet_row_1based=89775;latitude_dadata,longitude_dadata",/workspace/settlements-raw/data/interim/2021_tochno/data_allsettlements_anon_156_v20251217.parquet,86c197cd522e0b63669e9c6e7f43fd3d82b3704c6a126c800a9968ecd16cae14,"parquet_row_1based=89775;latitude_dadata,longitude_dadata",raw_2021_own_provider_named_point,ARK2010:archive20131022:html_table1_tr3394,reviewed_extension_rule_accepted,retrospective use of independently admitted current ownNP point through source-bound native2010 identity and accepted02/21 core,retrospective_continuity_not_historical_coordinate_measurement,auto_rule,False
60.9450116,40.0931691,2021:data_allsettlements_anon_156_v20251217.parquet:parquet:88076,,data/interim/2021_tochno/data_allsettlements_anon_156_v20251217.parquet#:88076.0,/workspace/settlements-raw/data/interim/2021_tochno/data_allsettlements_anon_156_v20251217.parquet,86c197cd522e0b63669e9c6e7f43fd3d82b3704c6a126c800a9968ecd16cae14,"parquet_row_1based=88076;latitude_dadata,longitude_dadata",tochno_2021_dadata_raw_parquet_point,ARK2010:archive20131022:html_table1_tr1393,reviewed_extension_rule_accepted,retrospective use of independently admitted current ownNP point through source-bound native2010 identity and accepted02/21 core,retrospective_continuity_not_historical_coordinate_measurement,auto_rule,False
61.0780011,41.967322,2021:data_allsettlements_anon_156_v20251217.parquet:parquet:87801,,data/interim/2021_tochno/data_allsettlements_anon_156_v20251217.parquet#:87801.0,/workspace/settlements-raw/data/interim/2021_tochno/data_allsettlements_anon_156_v20251217.parquet,86c197cd522e0b63669e9c6e7f43fd3d82b3704c6a126c800a9968ecd16cae14,"parquet_row_1based=87801;latitude_dadata,longitude_dadata",tochno_2021_dadata_raw_parquet_point,ARK2010:archive20131022:html_table1_tr0398,reviewed_extension_rule_accepted,retrospective use of independently admitted current ownNP point through source-bound native2010 identity and accepted02/21 core,retrospective_continuity_not_historical_coordinate_measurement,auto_rule,False
61.195509,38.5681668,2021:data_allsettlements_anon_156_v20251217.parquet:parquet:87109,,data/interim/2021_tochno/data_allsettlements_anon_156_v20251217.parquet#:87109.0,/workspace/settlements-raw/data/interim/2021_tochno/data_allsettlements_anon_156_v20251217.parquet,86c197cd522e0b63669e9c6e7f43fd3d82b3704c6a126c800a9968ecd16cae14,"parquet_row_1based=87109;latitude_dadata,longitude_dadata",tochno_2021_dadata_raw_parquet_point,ARK2010:archive20131022:html_table1_tr1188,reviewed_extension_rule_accepted,retrospective use of independently admitted current ownNP point through source-bound native2010 identity and accepted02/21 core,retrospective_continuity_not_historical_coordinate_measurement,auto_rule,False
62.5243462,43.6653216,2021:data_allsettlements_anon_156_v20251217.parquet:parquet:87892,86c197cd522e0b63669e9c6e7f43fd3d82b3704c6a126c800a9968ecd16cae14,"parquet_row_1based=87892;latitude_dadata,longitude_dadata",/workspace/settlements-raw/data/interim/2021_tochno/data_allsettlements_anon_156_v20251217.parquet,86c197cd522e0b63669e9c6e7f43fd3d82b3704c6a126c800a9968ecd16cae14,"parquet_row_1based=87892;latitude_dadata,longitude_dadata",raw_2021_own_provider_named_point,ARK2010:archive20131022:html_table1_tr0924,reviewed_extension_rule_accepted,retrospective use of independently admitted current ownNP point through source-bound native2010 identity and accepted02/21 core,retrospective_continuity_not_historical_coordinate_measurement,auto_rule,False
61.9471581,38.9903909,2021:data_allsettlements_anon_156_v20251217.parquet:parquet:87229,,data/interim/2021_tochno/data_allsettlements_anon_156_v20251217.parquet#:87229.0,/workspace/settlements-raw/data/interim/2021_tochno/data_allsettlements_anon_156_v20251217.parquet,86c197cd522e0b63669e9c6e7f43fd3d82b3704c6a126c800a9968ecd16cae14,"parquet_row_1based=87229;latitude_dadata,longitude_dadata",tochno_2021_dadata_raw_parquet_point,ARK2010:archive20131022:html_table1_tr1144,reviewed_extension_rule_accepted,retrospective use of independently admitted current ownNP point through source-bound native2010 identity and accepted02/21 core,retrospective_continuity_not_historical_coordinate_measurement,auto_rule,False
59.326944,42.549167,Q4148582,86c197cd522e0b63669e9c6e7f43fd3d82b3704c6a126c800a9968ecd16cae14,data/interim/2021_tochno/data_allsettlements_anon_156_v20251217.parquet#row=11887.0,/workspace/settlements-raw/data/raw/wikidata_truthy_claims/batch_0113.jsonl.gz,44d54bed86ae49d995bad6e9e1c3e9a2a16fb1e7835452d2a41b542cb2b56c37,"{""line_number"": 9928, ""locator"": ""batch_0113.jsonl.gz#line=9928"", ""retrieved_at_utc"": ""2026-08-31T20:59:26.951694+00:00"", ""source_file"": ""batch_0113.jsonl.gz"", ""value_raw"": ""POINT(42.549167 59.326944)""}",wikidata_P625_point_claim,2010:012_5c339c0d0e_4._20Vologod_pskov_2010.xls:Data Sheet:3209,reviewed_extension_rule_accepted,retrospective use of independently admitted current ownNP point through source-bound native2010 identity and accepted02/21 core,retrospective_continuity_not_historical_coordinate_measurement,auto_rule,False
64.3237116,41.0847671,2021:data_allsettlements_anon_156_v20251217.parquet:parquet:90099,86c197cd522e0b63669e9c6e7f43fd3d82b3704c6a126c800a9968ecd16cae14,"parquet_row_1based=90099;latitude_dadata,longitude_dadata",/workspace/settlements-raw/data/interim/2021_tochno/data_allsettlements_anon_156_v20251217.parquet,86c197cd522e0b63669e9c6e7f43fd3d82b3704c6a126c800a9968ecd16cae14,"parquet_row_1based=90099;latitude_dadata,longitude_dadata",raw_2021_own_provider_named_point,ARK2010:archive20131022:html_table1_tr3736,reviewed_extension_rule_accepted,retrospective use of independently admitted current ownNP point through source-bound native2010 identity and accepted02/21 core,retrospective_continuity_not_historical_coordinate_measurement,auto_rule,False
62.5980009,43.629259,2021:data_allsettlements_anon_156_v20251217.parquet:parquet:87955,86c197cd522e0b63669e9c6e7f43fd3d82b3704c6a126c800a9968ecd16cae14,"parquet_row_1based=87955;latitude_dadata,longitude_dadata",/workspace/settlements-raw/data/interim/2021_tochno/data_allsettlements_anon_156_v20251217.parquet,86c197cd522e0b63669e9c6e7f43fd3d82b3704c6a126c800a9968ecd16cae14,"parquet_row_1based=87955;latitude_dadata,longitude_dadata",raw_2021_own_provider_named_point,ARK2010:archive20131022:html_table1_tr0992,reviewed_extension_rule_accepted,retrospective use of independently admitted current ownNP point through source-bound native2010 identity and accepted02/21 core,retrospective_continuity_not_historical_coordinate_measurement,auto_rule,False
61.3306864,40.2475259,2021:data_allsettlements_anon_156_v20251217.parquet:parquet:87996,,data/interim/2021_tochno/data_allsettlements_anon_156_v20251217.parquet#:87996.0,/workspace/settlements-raw/data/interim/2021_tochno/data_allsettlements_anon_156_v20251217.parquet,86c197cd522e0b63669e9c6e7f43fd3d82b3704c6a126c800a9968ecd16cae14,"parquet_row_1based=87996;latitude_dadata,longitude_dadata",tochno_2021_dadata_raw_parquet_point,ARK2010:archive20131022:html_table1_tr1291,reviewed_extension_rule_accepted,retrospective use of independently admitted current ownNP point through source-bound native2010 identity and accepted02/21 core,retrospective_continuity_not_historical_coordinate_measurement,auto_rule,False
64.587794,40.436461,Q18798354,86c197cd522e0b63669e9c6e7f43fd3d82b3704c6a126c800a9968ecd16cae14,data/interim/2021_tochno/data_allsettlements_anon_156_v20251217.parquet#row=89631.0,/workspace/settlements-raw/data/raw/wikidata_truthy_claims/batch_0042.jsonl.gz,7a4affa954e88b65ce5716cdb7506bdd65dd2996629b92f1f8ba7ab49e49c3f3,"{""line_number"": 7265, ""locator"": ""batch_0042.jsonl.gz#line=7265"", ""retrieved_at_utc"": ""2026-08-31T20:57:56.916071+00:00"", ""source_file"": ""batch_0042.jsonl.gz"", ""value_raw"": ""POINT(40.436461 64.587794)""}",wikidata_P625_point_claim,ARK2010:archive20131022:html_table1_tr3303,reviewed_extension_rule_accepted,retrospective use of independently admitted current ownNP point through source-bound native2010 identity and accepted02/21 core,retrospective_continuity_not_historical_coordinate_measurement,auto_rule,False
64.386796,41.028797,2021:data_allsettlements_anon_156_v20251217.parquet:parquet:89504,86c197cd522e0b63669e9c6e7f43fd3d82b3704c6a126c800a9968ecd16cae14,"parquet_row_1based=89504;latitude_dadata,longitude_dadata",/workspace/settlements-raw/data/interim/2021_tochno/data_allsettlements_anon_156_v20251217.parquet,86c197cd522e0b63669e9c6e7f43fd3d82b3704c6a126c800a9968ecd16cae14,"parquet_row_1based=89504;latitude_dadata,longitude_dadata",raw_2021_own_provider_named_point,ARK2010:archive20131022:html_table1_tr3252,reviewed_extension_rule_accepted,retrospective use of independently admitted current ownNP point through source-bound native2010 identity and accepted02/21 core,retrospective_continuity_not_historical_coordinate_measurement,auto_rule,False
62.0956043,48.8501535,2021:data_allsettlements_anon_156_v20251217.parquet:parquet:88886,,data/interim/2021_tochno/data_allsettlements_anon_156_v20251217.parquet#:88886.0,/workspace/settlements-raw/data/interim/2021_tochno/data_allsettlements_anon_156_v20251217.parquet,86c197cd522e0b63669e9c6e7f43fd3d82b3704c6a126c800a9968ecd16cae14,"parquet_row_1based=88886;latitude_dadata,longitude_dadata",tochno_2021_dadata_raw_parquet_point,ARK2010:archive20131022:html_table1_tr2148,reviewed_extension_rule_accepted,retrospective use of independently admitted current ownNP point through source-bound native2010 identity and accepted02/21 core,retrospective_continuity_not_historical_coordinate_measurement,auto_rule,False
61.1015662,47.9626199,2021:data_allsettlements_anon_156_v20251217.parquet:parquet:86981,,data/interim/2021_tochno/data_allsettlements_anon_156_v20251217.parquet#:86981.0,/workspace/settlements-raw/data/interim/2021_tochno/data_allsettlements_anon_156_v20251217.parquet,86c197cd522e0b63669e9c6e7f43fd3d82b3704c6a126c800a9968ecd16cae14,"parquet_row_1based=86981;latitude_dadata,longitude_dadata",tochno_2021_dadata_raw_parquet_point,ARK2010:archive20131022:html_table1_tr0749,reviewed_extension_rule_accepted,retrospective use of independently admitted current ownNP point through source-bound native2010 identity and accepted02/21 core,retrospective_continuity_not_historical_coordinate_measurement,auto_rule,False
56.3551182,50.1658823,2021:data_allsettlements_anon_156_v20251217.parquet:parquet:130563,,data/interim/2021_tochno/data_allsettlements_anon_156_v20251217.parquet#:130563.0,/workspace/settlements-raw/data/interim/2021_tochno/data_allsettlements_anon_156_v20251217.parquet,86c197cd522e0b63669e9c6e7f43fd3d82b3704c6a126c800a9968ecd16cae14,"parquet_row_1based=130563;latitude_dadata,longitude_dadata",tochno_2021_dadata_raw_parquet_point,2010:017_68e0e4537e_9._20Basq_Mari_Mord_Tatar_Udm_Chuv_2010.xls:!!!:8318,reviewed_extension_rule_accepted,retrospective use of independently admitted current ownNP point through source-bound native2010 identity and accepted02/21 core,retrospective_continuity_not_historical_coordinate_measurement,auto_rule,False
62.1535055,38.15939,2021:data_allsettlements_anon_156_v20251217.parquet:parquet:87507,,data/interim/2021_tochno/data_allsettlements_anon_156_v20251217.parquet#:87507.0,/workspace/settlements-raw/data/interim/2021_tochno/data_allsettlements_anon_156_v20251217.parquet,86c197cd522e0b63669e9c6e7f43fd3d82b3704c6a126c800a9968ecd16cae14,"parquet_row_1based=87507;latitude_dadata,longitude_dadata",tochno_2021_dadata_raw_parquet_point,ARK2010:archive20131022:html_table1_tr2927,reviewed_extension_rule_accepted,retrospective use of independently admitted current ownNP point through source-bound native2010 identity and accepted02/21 core,retrospective_continuity_not_historical_coordinate_measurement,auto_rule,False
61.0609569,48.0853339,2021:data_allsettlements_anon_156_v20251217.parquet:parquet:86868,,data/interim/2021_tochno/data_allsettlements_anon_156_v20251217.parquet#:86868.0,/workspace/settlements-raw/data/interim/2021_tochno/data_allsettlements_anon_156_v20251217.parquet,86c197cd522e0b63669e9c6e7f43fd3d82b3704c6a126c800a9968ecd16cae14,"parquet_row_1based=86868;latitude_dadata,longitude_dadata",tochno_2021_dadata_raw_parquet_point,ARK2010:archive20131022:html_table1_tr0853,reviewed_extension_rule_accepted,retrospective use of independently admitted current ownNP point through source-bound native2010 identity and accepted02/21 core,retrospective_continuity_not_historical_coordinate_measurement,auto_rule,False
57.291643,62.796416,Q15267685,86c197cd522e0b63669e9c6e7f43fd3d82b3704c6a126c800a9968ecd16cae14,data/interim/2021_tochno/data_allsettlements_anon_156_v20251217.parquet#row=119918.0,/workspace/settlements-raw/data/raw/wikidata_truthy_claims/batch_0015.jsonl.gz,cad3745110d3760ec8e3d104b2e364923c0b43ea952dce9f5367ee2fbd6b74d2,"{""line_number"": 6880, ""locator"": ""batch_0015.jsonl.gz#line=6880"", ""retrieved_at_utc"": ""2026-08-31T20:57:27.090420+00:00"", ""source_file"": ""batch_0015.jsonl.gz"", ""value_raw"": ""POINT(62.796416 57.291643)""}",wikidata_P625_point_claim,2010:003_eb441570b1_11._20Урал_ФО_2010.xls:Урал:3361,reviewed_extension_rule_accepted,retrospective use of independently admitted current ownNP point through source-bound native2010 identity and accepted02/21 core,retrospective_continuity_not_historical_coordinate_measurement,auto_rule,False
60.8647544,39.5163342,2021:data_allsettlements_anon_156_v20251217.parquet:parquet:88042,,data/interim/2021_tochno/data_allsettlements_anon_156_v20251217.parquet#:88042.0,/workspace/settlements-raw/data/interim/2021_tochno/data_allsettlements_anon_156_v20251217.parquet,86c197cd522e0b63669e9c6e7f43fd3d82b3704c6a126c800a9968ecd16cae14,"parquet_row_1based=88042;latitude_dadata,longitude_dadata",tochno_2021_dadata_raw_parquet_point,ARK2010:archive20131022:html_table1_tr1338,reviewed_extension_rule_accepted,retrospective use of independently admitted current ownNP point through source-bound native2010 identity and accepted02/21 core,retrospective_continuity_not_historical_coordinate_measurement,auto_rule,False
50.9985662,39.7593131,2021:data_allsettlements_anon_156_v20251217.parquet:parquet:14702,,data/interim/2021_tochno/data_allsettlements_anon_156_v20251217.parquet#:14702.0,/workspace/settlements-raw/data/interim/2021_tochno/data_allsettlements_anon_156_v20251217.parquet,86c197cd522e0b63669e9c6e7f43fd3d82b3704c6a126c800a9968ecd16cae14,"parquet_row_1based=14702;latitude_dadata,longitude_dadata",tochno_2021_dadata_raw_parquet_point,2010:013_f60b2d2bcf_5._20Belg_Bryan_Vlad_Voron_Ivanov_Kalug_20L1_ethn_2010.xls:Data Sheet:7394,reviewed_extension_rule_accepted,retrospective use of independently admitted current ownNP point through source-bound native2010 identity and accepted02/21 core,retrospective_continuity_not_historical_coordinate_measurement,auto_rule,False
61.7869098,39.1687185,2021:data_allsettlements_anon_156_v20251217.parquet:parquet:87248,,data/interim/2021_tochno/data_allsettlements_anon_156_v20251217.parquet#:87248.0,/workspace/settlements-raw/data/interim/2021_tochno/data_allsettlements_anon_156_v20251217.parquet,86c197cd522e0b63669e9c6e7f43fd3d82b3704c6a126c800a9968ecd16cae14,"parquet_row_1based=87248;latitude_dadata,longitude_dadata",tochno_2021_dadata_raw_parquet_point,ARK2010:archive20131022:html_table1_tr1150,reviewed_extension_rule_accepted,retrospective use of independently admitted current ownNP point through source-bound native2010 identity and accepted02/21 core,retrospective_continuity_not_historical_coordinate_measurement,auto_rule,False
61.9529406,41.9326137,2021:data_allsettlements_anon_156_v20251217.parquet:parquet:90408,86c197cd522e0b63669e9c6e7f43fd3d82b3704c6a126c800a9968ecd16cae14,"parquet_row_1based=90408;latitude_dadata,longitude_dadata",/workspace/settlements-raw/data/interim/2021_tochno/data_allsettlements_anon_156_v20251217.parquet,86c197cd522e0b63669e9c6e7f43fd3d82b3704c6a126c800a9968ecd16cae14,"parquet_row_1based=90408;latitude_dadata,longitude_dadata",raw_2021_own_provider_named_point,ARK2010:archive20131022:html_table1_tr4053,reviewed_extension_rule_accepted,retrospective use of independently admitted current ownNP point through source-bound native2010 identity and accepted02/21 core,retrospective_continuity_not_historical_coordinate_measurement,auto_rule,False
52.5918453,43.4064164,2021:data_allsettlements_anon_156_v20251217.parquet:parquet:95587,,data/interim/2021_tochno/data_allsettlements_anon_156_v20251217.parquet#:95587.0,/workspace/settlements-raw/data/interim/2021_tochno/data_allsettlements_anon_156_v20251217.parquet,86c197cd522e0b63669e9c6e7f43fd3d82b3704c6a126c800a9968ecd16cae14,"parquet_row_1based=95587;latitude_dadata,longitude_dadata",tochno_2021_dadata_raw_parquet_point,2010:016_802d308e41_8._20Or_Penz_Perm_Samar_Saratov_Uly_2010.xls:!!!:4437,reviewed_extension_rule_accepted,retrospective use of independently admitted current ownNP point through source-bound native2010 identity and accepted02/21 core,retrospective_continuity_not_historical_coordinate_measurement,auto_rule,False
60.0344737,57.5431131,3c78792f-4afe-49af-a49d-cce1955d88ba,None,None,/workspace/settlements-raw/data/interim/2021_tochno/data_allsettlements_anon_156_v20251217.parquet,86c197cd522e0b63669e9c6e7f43fd3d82b3704c6a126c800a9968ecd16cae14,parquet row 1-based=99216; raw row sha256=9bf180787b9fa6d8b990c0325737dcd1ca1e7821d9b890aab9b565e37b816015,exact_row_current_FIAS_level6_locality,2010:016_802d308e41_8._20Or_Penz_Perm_Samar_Saratov_Uly_2010.xls:!!!:6099,reviewed_extension_rule_accepted,retrospective use of independently admitted current ownNP point through source-bound native2010 identity and accepted02/21 core,retrospective_continuity_not_historical_coordinate_measurement,auto_rule,False
57.70333,62.79806,Q15276389,86c197cd522e0b63669e9c6e7f43fd3d82b3704c6a126c800a9968ecd16cae14,data/interim/2021_tochno/data_allsettlements_anon_156_v20251217.parquet#row=119945.0,/workspace/settlements-raw/data/raw/wikidata_truthy_claims/batch_0016.jsonl.gz,117cd0c52ae6ed67a3dc281fd782bc4544421cb42c6e97034f2b9c260b58e486,"{""line_number"": 5771, ""locator"": ""batch_0016.jsonl.gz#line=5771"", ""retrieved_at_utc"": ""2026-08-31T20:57:28.123368+00:00"", ""source_file"": ""batch_0016.jsonl.gz"", ""value_raw"": ""POINT(62.798060 57.703330)""}",wikidata_P625_point_claim,2010:003_eb441570b1_11._20Урал_ФО_2010.xls:Урал:3421,reviewed_extension_rule_accepted,retrospective use of independently admitted current ownNP point through source-bound native2010 identity and accepted02/21 core,retrospective_continuity_not_historical_coordinate_measurement,auto_rule,False
61.7841378,40.8647217,2021:data_allsettlements_anon_156_v20251217.parquet:parquet:89151,86c197cd522e0b63669e9c6e7f43fd3d82b3704c6a126c800a9968ecd16cae14,"parquet_row_1based=89151;latitude_dadata,longitude_dadata",/workspace/settlements-raw/data/interim/2021_tochno/data_allsettlements_anon_156_v20251217.parquet,86c197cd522e0b63669e9c6e7f43fd3d82b3704c6a126c800a9968ecd16cae14,"parquet_row_1based=89151;latitude_dadata,longitude_dadata",raw_2021_own_provider_named_point,ARK2010:archive20131022:html_table1_tr2484,reviewed_extension_rule_accepted,retrospective use of independently admitted current ownNP point through source-bound native2010 identity and accepted02/21 core,retrospective_continuity_not_historical_coordinate_measurement,auto_rule,False
61.1075589,42.1525455,2021:data_allsettlements_anon_156_v20251217.parquet:parquet:87633,,data/interim/2021_tochno/data_allsettlements_anon_156_v20251217.parquet#:87633.0,/workspace/settlements-raw/data/interim/2021_tochno/data_allsettlements_anon_156_v20251217.parquet,86c197cd522e0b63669e9c6e7f43fd3d82b3704c6a126c800a9968ecd16cae14,"parquet_row_1based=87633;latitude_dadata,longitude_dadata",tochno_2021_dadata_raw_parquet_point,ARK2010:archive20131022:html_table1_tr0180,reviewed_extension_rule_accepted,retrospective use of independently admitted current ownNP point through source-bound native2010 identity and accepted02/21 core,retrospective_continuity_not_historical_coordinate_measurement,auto_rule,False
62.0774046,38.1930279,2021:data_allsettlements_anon_156_v20251217.parquet:parquet:87306,,data/interim/2021_tochno/data_allsettlements_anon_156_v20251217.parquet#:87306.0,/workspace/settlements-raw/data/interim/2021_tochno/data_allsettlements_anon_156_v20251217.parquet,86c197cd522e0b63669e9c6e7f43fd3d82b3704c6a126c800a9968ecd16cae14,"parquet_row_1based=87306;latitude_dadata,longitude_dadata",tochno_2021_dadata_raw_parquet_point,ARK2010:archive20131022:html_table1_tr2901,reviewed_extension_rule_accepted,retrospective use of independently admitted current ownNP point through source-bound native2010 identity and accepted02/21 core,retrospective_continuity_not_historical_coordinate_measurement,auto_rule,False
63.873472,41.487137,Q18795141,86c197cd522e0b63669e9c6e7f43fd3d82b3704c6a126c800a9968ecd16cae14,data/interim/2021_tochno/data_allsettlements_anon_156_v20251217.parquet#row=90230.0,/workspace/settlements-raw/data/raw/wikidata_truthy_claims/batch_0041.jsonl.gz,e7ba968e98de77103d22389d14f35bb1c600069c2e462f1fa795ea0f74bf42d5,"{""line_number"": 7238, ""locator"": ""batch_0041.jsonl.gz#line=7238"", ""retrieved_at_utc"": ""2026-08-31T20:57:55.872063+00:00"", ""source_file"": ""batch_0041.jsonl.gz"", ""value_raw"": ""POINT(41.487137 63.873472)""}",wikidata_P625_point_claim,ARK2010:archive20131022:html_table1_tr3905,reviewed_extension_rule_accepted,retrospective use of independently admitted current ownNP point through source-bound native2010 identity and accepted02/21 core,retrospective_continuity_not_historical_coordinate_measurement,auto_rule,False
62.4698867,43.9385954,2021:data_allsettlements_anon_156_v20251217.parquet:parquet:87881,86c197cd522e0b63669e9c6e7f43fd3d82b3704c6a126c800a9968ecd16cae14,"parquet_row_1based=87881;latitude_dadata,longitude_dadata",/workspace/settlements-raw/data/interim/2021_tochno/data_allsettlements_anon_156_v20251217.parquet,86c197cd522e0b63669e9c6e7f43fd3d82b3704c6a126c800a9968ecd16cae14,"parquet_row_1based=87881;latitude_dadata,longitude_dadata",raw_2021_own_provider_named_point,ARK2010:archive20131022:html_table1_tr0912,reviewed_extension_rule_accepted,retrospective use of independently admitted current ownNP point through source-bound native2010 identity and accepted02/21 core,retrospective_continuity_not_historical_coordinate_measurement,auto_rule,False
61.0801351,42.059898,2021:data_allsettlements_anon_156_v20251217.parquet:parquet:87784,,data/interim/2021_tochno/data_allsettlements_anon_156_v20251217.parquet#:87784.0,/workspace/settlements-raw/data/interim/2021_tochno/data_allsettlements_anon_156_v20251217.parquet,86c197cd522e0b63669e9c6e7f43fd3d82b3704c6a126c800a9968ecd16cae14,"parquet_row_1based=87784;latitude_dadata,longitude_dadata",tochno_2021_dadata_raw_parquet_point,ARK2010:archive20131022:html_table1_tr0380,reviewed_extension_rule_accepted,retrospective use of independently admitted current ownNP point through source-bound native2010 identity and accepted02/21 core,retrospective_continuity_not_historical_coordinate_measurement,auto_rule,False
60.9959066,42.2344967,2021:data_allsettlements_anon_156_v20251217.parquet:parquet:87591,,data/interim/2021_tochno/data_allsettlements_anon_156_v20251217.parquet#:87591.0,/workspace/settlements-raw/data/interim/2021_tochno/data_allsettlements_anon_156_v20251217.parquet,86c197cd522e0b63669e9c6e7f43fd3d82b3704c6a126c800a9968ecd16cae14,"parquet_row_1based=87591;latitude_dadata,longitude_dadata",tochno_2021_dadata_raw_parquet_point,ARK2010:archive20131022:html_table1_tr0138,reviewed_extension_rule_accepted,retrospective use of independently admitted current ownNP point through source-bound native2010 identity and accepted02/21 core,retrospective_continuity_not_historical_coordinate_measurement,auto_rule,False
52.30067,47.247827,Q18806190,86c197cd522e0b63669e9c6e7f43fd3d82b3704c6a126c800a9968ecd16cae14,data/interim/2021_tochno/data_allsettlements_anon_156_v20251217.parquet#row=116706.0,/workspace/settlements-raw/data/raw/wikidata_truthy_claims/batch_0046.jsonl.gz,5206bdc85bbdd7fd01a877eb9038f120f7abf0dab9d25f0dcb74e19b1d5ed2e2,"{""line_number"": 7575, ""locator"": ""batch_0046.jsonl.gz#line=7575"", ""retrieved_at_utc"": ""2026-08-31T20:58:00.864070+00:00"", ""source_file"": ""batch_0046.jsonl.gz"", ""value_raw"": ""POINT(47.247827 52.300670)""}",wikidata_P625_point_claim,2010:016_802d308e41_8._20Or_Penz_Perm_Samar_Saratov_Uly_2010.xls:!!!:8608,reviewed_extension_rule_accepted,retrospective use of independently admitted current ownNP point through source-bound native2010 identity and accepted02/21 core,retrospective_continuity_not_historical_coordinate_measurement,auto_rule,False
62.5040297,42.7867891,2021:data_allsettlements_anon_156_v20251217.parquet:parquet:90527,86c197cd522e0b63669e9c6e7f43fd3d82b3704c6a126c800a9968ecd16cae14,"parquet_row_1based=90527;latitude_dadata,longitude_dadata",/workspace/settlements-raw/data/interim/2021_tochno/data_allsettlements_anon_156_v20251217.parquet,86c197cd522e0b63669e9c6e7f43fd3d82b3704c6a126c800a9968ecd16cae14,"parquet_row_1based=90527;latitude_dadata,longitude_dadata",raw_2021_own_provider_named_point,ARK2010:archive20131022:html_table1_tr4159,reviewed_extension_rule_accepted,retrospective use of independently admitted current ownNP point through source-bound native2010 identity and accepted02/21 core,retrospective_continuity_not_historical_coordinate_measurement,auto_rule,False
51.3164702,45.8043978,2021:data_allsettlements_anon_156_v20251217.parquet:parquet:118393,,data/interim/2021_tochno/data_allsettlements_anon_156_v20251217.parquet#:118393.0,/workspace/settlements-raw/data/interim/2021_tochno/data_allsettlements_anon_156_v20251217.parquet,86c197cd522e0b63669e9c6e7f43fd3d82b3704c6a126c800a9968ecd16cae14,"parquet_row_1based=118393;latitude_dadata,longitude_dadata",tochno_2021_dadata_raw_parquet_point,2010:016_802d308e41_8._20Or_Penz_Perm_Samar_Saratov_Uly_2010.xls:!!!:9780,reviewed_extension_rule_accepted,retrospective use of independently admitted current ownNP point through source-bound native2010 identity and accepted02/21 core,retrospective_continuity_not_historical_coordinate_measurement,auto_rule,False
64.3476601,41.3474948,2021:data_allsettlements_anon_156_v20251217.parquet:parquet:89494,86c197cd522e0b63669e9c6e7f43fd3d82b3704c6a126c800a9968ecd16cae14,"parquet_row_1based=89494;latitude_dadata,longitude_dadata",/workspace/settlements-raw/data/interim/2021_tochno/data_allsettlements_anon_156_v20251217.parquet,86c197cd522e0b63669e9c6e7f43fd3d82b3704c6a126c800a9968ecd16cae14,"parquet_row_1based=89494;latitude_dadata,longitude_dadata",raw_2021_own_provider_named_point,ARK2010:archive20131022:html_table1_tr3169,reviewed_extension_rule_accepted,retrospective use of independently admitted current ownNP point through source-bound native2010 identity and accepted02/21 core,retrospective_continuity_not_historical_coordinate_measurement,auto_rule,False
52.465,38.6,Q24637777,86c197cd522e0b63669e9c6e7f43fd3d82b3704c6a126c800a9968ecd16cae14,data/interim/2021_tochno/data_allsettlements_anon_156_v20251217.parquet#row=59373.0,/workspace/settlements-raw/data/raw/wikidata_truthy_claims/batch_0092.jsonl.gz,060766b1df6c8bfbc18abe234482972df75bcaf8e35f7448fd9e95ba16e665d9,"{""line_number"": 12412, ""locator"": ""batch_0092.jsonl.gz#line=12412"", ""retrieved_at_utc"": ""2026-08-31T20:59:03.144609+00:00"", ""source_file"": ""batch_0092.jsonl.gz"", ""value_raw"": ""POINT(38.600000 52.465000)""}",wikidata_P625_point_claim,2010:010_711691e352_2._20Kostrom_Kur_Lip_Moscow_MoscObl_Orlov_2010.xls:Data Sheet:6966,reviewed_extension_rule_accepted,retrospective use of independently admitted current ownNP point through source-bound native2010 identity and accepted02/21 core,retrospective_continuity_not_historical_coordinate_measurement,auto_rule,False
61.1458804,48.3104427,2021:data_allsettlements_anon_156_v20251217.parquet:parquet:86887,,data/interim/2021_tochno/data_allsettlements_anon_156_v20251217.parquet#:86887.0,/workspace/settlements-raw/data/interim/2021_tochno/data_allsettlements_anon_156_v20251217.parquet,86c197cd522e0b63669e9c6e7f43fd3d82b3704c6a126c800a9968ecd16cae14,"parquet_row_1based=86887;latitude_dadata,longitude_dadata",tochno_2021_dadata_raw_parquet_point,ARK2010:archive20131022:html_table1_tr0781,reviewed_extension_rule_accepted,retrospective use of independently admitted current ownNP point through source-bound native2010 identity and accepted02/21 core,retrospective_continuity_not_historical_coordinate_measurement,auto_rule,False
61.3473234,46.4187842,2021:data_allsettlements_anon_156_v20251217.parquet:parquet:88335,86c197cd522e0b63669e9c6e7f43fd3d82b3704c6a126c800a9968ecd16cae14,"parquet_row_1based=88335;latitude_dadata,longitude_dadata",/workspace/settlements-raw/data/interim/2021_tochno/data_allsettlements_anon_156_v20251217.parquet,86c197cd522e0b63669e9c6e7f43fd3d82b3704c6a126c800a9968ecd16cae14,"parquet_row_1based=88335;latitude_dadata,longitude_dadata",raw_2021_own_provider_named_point,ARK2010:archive20131022:html_table1_tr1640,reviewed_extension_rule_accepted,retrospective use of independently admitted current ownNP point through source-bound native2010 identity and accepted02/21 core,retrospective_continuity_not_historical_coordinate_measurement,auto_rule,False
57.0182759,29.9302809,2021:data_allsettlements_anon_156_v20251217.parquet:parquet:100468,86c197cd522e0b63669e9c6e7f43fd3d82b3704c6a126c800a9968ecd16cae14,"parquet_row_1based=100468;latitude_dadata,longitude_dadata",/workspace/settlements-raw/data/interim/2021_tochno/data_allsettlements_anon_156_v20251217.parquet,86c197cd522e0b63669e9c6e7f43fd3d82b3704c6a126c800a9968ecd16cae14,"parquet_row_1based=100468;latitude_dadata,longitude_dadata",raw_2021_own_provider_named_point,2010:012_5c339c0d0e_4._20Vologod_pskov_2010.xls:Data Sheet:8446,reviewed_extension_rule_accepted,retrospective use of independently admitted current ownNP point through source-bound native2010 identity and accepted02/21 core,retrospective_continuity_not_historical_coordinate_measurement,auto_rule,False
61.793323,40.846998,Q18797524,86c197cd522e0b63669e9c6e7f43fd3d82b3704c6a126c800a9968ecd16cae14,data/interim/2021_tochno/data_allsettlements_anon_156_v20251217.parquet#row=89182.0,/workspace/settlements-raw/data/raw/wikidata_truthy_claims/batch_0042.jsonl.gz,7a4affa954e88b65ce5716cdb7506bdd65dd2996629b92f1f8ba7ab49e49c3f3,"{""line_number"": 7148, ""locator"": ""batch_0042.jsonl.gz#line=7148"", ""retrieved_at_utc"": ""2026-08-31T20:57:56.916071+00:00"", ""source_file"": ""batch_0042.jsonl.gz"", ""value_raw"": ""POINT(40.846998 61.793323)""}",wikidata_P625_point_claim,ARK2010:archive20131022:html_table1_tr2516,reviewed_extension_rule_accepted,retrospective use of independently admitted current ownNP point through source-bound native2010 identity and accepted02/21 core,retrospective_continuity_not_historical_coordinate_measurement,auto_rule,False
61.5494946,38.9651445,2021:data_allsettlements_anon_156_v20251217.parquet:parquet:87274,,data/interim/2021_tochno/data_allsettlements_anon_156_v20251217.parquet#:87274.0,/workspace/settlements-raw/data/interim/2021_tochno/data_allsettlements_anon_156_v20251217.parquet,86c197cd522e0b63669e9c6e7f43fd3d82b3704c6a126c800a9968ecd16cae14,"parquet_row_1based=87274;latitude_dadata,longitude_dadata",tochno_2021_dadata_raw_parquet_point,ARK2010:archive20131022:html_table1_tr1045,reviewed_extension_rule_accepted,retrospective use of independently admitted current ownNP point through source-bound native2010 identity and accepted02/21 core,retrospective_continuity_not_historical_coordinate_measurement,auto_rule,False
62.9604783,46.6175186,2021:data_allsettlements_anon_156_v20251217.parquet:parquet:86730,,data/interim/2021_tochno/data_allsettlements_anon_156_v20251217.parquet#:86730.0,/workspace/settlements-raw/data/interim/2021_tochno/data_allsettlements_anon_156_v20251217.parquet,86c197cd522e0b63669e9c6e7f43fd3d82b3704c6a126c800a9968ecd16cae14,"parquet_row_1based=86730;latitude_dadata,longitude_dadata",tochno_2021_dadata_raw_parquet_point,ARK2010:archive20131022:html_table1_tr0505,reviewed_extension_rule_accepted,retrospective use of independently admitted current ownNP point through source-bound native2010 identity and accepted02/21 core,retrospective_continuity_not_historical_coordinate_measurement,auto_rule,False
62.2469572,44.9903778,2021:data_allsettlements_anon_156_v20251217.parquet:parquet:86745,,data/interim/2021_tochno/data_allsettlements_anon_156_v20251217.parquet#:86745.0,/workspace/settlements-raw/data/interim/2021_tochno/data_allsettlements_anon_156_v20251217.parquet,86c197cd522e0b63669e9c6e7f43fd3d82b3704c6a126c800a9968ecd16cae14,"parquet_row_1based=86745;latitude_dadata,longitude_dadata",tochno_2021_dadata_raw_parquet_point,ARK2010:archive20131022:html_table1_tr0450,reviewed_extension_rule_accepted,retrospective use of independently admitted current ownNP point through source-bound native2010 identity and accepted02/21 core,retrospective_continuity_not_historical_coordinate_measurement,auto_rule,False
63.5839738,40.0295431,2021:data_allsettlements_anon_156_v20251217.parquet:parquet:87491,,data/interim/2021_tochno/data_allsettlements_anon_156_v20251217.parquet#:87491.0,/workspace/settlements-raw/data/interim/2021_tochno/data_allsettlements_anon_156_v20251217.parquet,86c197cd522e0b63669e9c6e7f43fd3d82b3704c6a126c800a9968ecd16cae14,"parquet_row_1based=87491;latitude_dadata,longitude_dadata",tochno_2021_dadata_raw_parquet_point,ARK2010:archive20131022:html_table1_tr2845,reviewed_extension_rule_accepted,retrospective use of independently admitted current ownNP point through source-bound native2010 identity and accepted02/21 core,retrospective_continuity_not_historical_coordinate_measurement,auto_rule,False
63.2770835,40.5752881,2021:data_allsettlements_anon_156_v20251217.parquet:parquet:87485,,data/interim/2021_tochno/data_allsettlements_anon_156_v20251217.parquet#:87485.0,/workspace/settlements-raw/data/interim/2021_tochno/data_allsettlements_anon_156_v20251217.parquet,86c197cd522e0b63669e9c6e7f43fd3d82b3704c6a126c800a9968ecd16cae14,"parquet_row_1based=87485;latitude_dadata,longitude_dadata",tochno_2021_dadata_raw_parquet_point,ARK2010:archive20131022:html_table1_tr2842,reviewed_extension_rule_accepted,retrospective use of independently admitted current ownNP point through source-bound native2010 identity and accepted02/21 core,retrospective_continuity_not_historical_coordinate_measurement,auto_rule,False
62.0847895,38.2256678,2021:data_allsettlements_anon_156_v20251217.parquet:parquet:87319,,data/interim/2021_tochno/data_allsettlements_anon_156_v20251217.parquet#:87319.0,/workspace/settlements-raw/data/interim/2021_tochno/data_allsettlements_anon_156_v20251217.parquet,86c197cd522e0b63669e9c6e7f43fd3d82b3704c6a126c800a9968ecd16cae14,"parquet_row_1based=87319;latitude_dadata,longitude_dadata",tochno_2021_dadata_raw_parquet_point,ARK2010:archive20131022:html_table1_tr2904,reviewed_extension_rule_accepted,retrospective use of independently admitted current ownNP point through source-bound native2010 identity and accepted02/21 core,retrospective_continuity_not_historical_coordinate_measurement,auto_rule,False
63.045925,42.1931611,2021:data_allsettlements_anon_156_v20251217.parquet:parquet:87916,86c197cd522e0b63669e9c6e7f43fd3d82b3704c6a126c800a9968ecd16cae14,"parquet_row_1based=87916;latitude_dadata,longitude_dadata",/workspace/settlements-raw/data/interim/2021_tochno/data_allsettlements_anon_156_v20251217.parquet,86c197cd522e0b63669e9c6e7f43fd3d82b3704c6a126c800a9968ecd16cae14,"parquet_row_1based=87916;latitude_dadata,longitude_dadata",raw_2021_own_provider_named_point,ARK2010:archive20131022:html_table1_tr0952,reviewed_extension_rule_accepted,retrospective use of independently admitted current ownNP point through source-bound native2010 identity and accepted02/21 core,retrospective_continuity_not_historical_coordinate_measurement,auto_rule,False
61.6112804,38.8219306,2021:data_allsettlements_anon_156_v20251217.parquet:parquet:87198,,data/interim/2021_tochno/data_allsettlements_anon_156_v20251217.parquet#:87198.0,/workspace/settlements-raw/data/interim/2021_tochno/data_allsettlements_anon_156_v20251217.parquet,86c197cd522e0b63669e9c6e7f43fd3d82b3704c6a126c800a9968ecd16cae14,"parquet_row_1based=87198;latitude_dadata,longitude_dadata",tochno_2021_dadata_raw_parquet_point,ARK2010:archive20131022:html_table1_tr1065,reviewed_extension_rule_accepted,retrospective use of independently admitted current ownNP point through source-bound native2010 identity and accepted02/21 core,retrospective_continuity_not_historical_coordinate_measurement,auto_rule,False
61.0852444,42.079578,2021:data_allsettlements_anon_156_v20251217.parquet:parquet:87811,,data/interim/2021_tochno/data_allsettlements_anon_156_v20251217.parquet#:87811.0,/workspace/settlements-raw/data/interim/2021_tochno/data_allsettlements_anon_156_v20251217.parquet,86c197cd522e0b63669e9c6e7f43fd3d82b3704c6a126c800a9968ecd16cae14,"parquet_row_1based=87811;latitude_dadata,longitude_dadata",tochno_2021_dadata_raw_parquet_point,ARK2010:archive20131022:html_table1_tr0385,reviewed_extension_rule_accepted,retrospective use of independently admitted current ownNP point through source-bound native2010 identity and accepted02/21 core,retrospective_continuity_not_historical_coordinate_measurement,auto_rule,False
62.7572888,43.2256933,2021:data_allsettlements_anon_156_v20251217.parquet:parquet:87930,86c197cd522e0b63669e9c6e7f43fd3d82b3704c6a126c800a9968ecd16cae14,"parquet_row_1based=87930;latitude_dadata,longitude_dadata",/workspace/settlements-raw/data/interim/2021_tochno/data_allsettlements_anon_156_v20251217.parquet,86c197cd522e0b63669e9c6e7f43fd3d82b3704c6a126c800a9968ecd16cae14,"parquet_row_1based=87930;latitude_dadata,longitude_dadata",raw_2021_own_provider_named_point,ARK2010:archive20131022:html_table1_tr0967,reviewed_extension_rule_accepted,retrospective use of independently admitted current ownNP point through source-bound native2010 identity and accepted02/21 core,retrospective_continuity_not_historical_coordinate_measurement,auto_rule,False
61.698055,45.410556,Q4065689,86c197cd522e0b63669e9c6e7f43fd3d82b3704c6a126c800a9968ecd16cae14,data/interim/2021_tochno/data_allsettlements_anon_156_v20251217.parquet#row=88720.0,/workspace/settlements-raw/data/raw/wikidata_truthy_claims/batch_0107.jsonl.gz,3693e664b7d3d07b1232566fb67a85f7c05e462027243a250ab5cffe5b789287,"{""line_number"": 10267, ""locator"": ""batch_0107.jsonl.gz#line=10267"", ""retrieved_at_utc"": ""2026-08-31T20:59:19.331020+00:00"", ""source_file"": ""batch_0107.jsonl.gz"", ""value_raw"": ""POINT(45.410556 61.698055)""}",wikidata_P625_point_claim,ARK2010:archive20131022:html_table1_tr2028,reviewed_extension_rule_accepted,retrospective use of independently admitted current ownNP point through source-bound native2010 identity and accepted02/21 core,retrospective_continuity_not_historical_coordinate_measurement,auto_rule,False
61.136094,43.373392,2021:data_allsettlements_anon_156_v20251217.parquet:parquet:89939,86c197cd522e0b63669e9c6e7f43fd3d82b3704c6a126c800a9968ecd16cae14,"parquet_row_1based=89939;latitude_dadata,longitude_dadata",/workspace/settlements-raw/data/interim/2021_tochno/data_allsettlements_anon_156_v20251217.parquet,86c197cd522e0b63669e9c6e7f43fd3d82b3704c6a126c800a9968ecd16cae14,"parquet_row_1based=89939;latitude_dadata,longitude_dadata",raw_2021_own_provider_named_point,ARK2010:archive20131022:html_table1_tr3573,reviewed_extension_rule_accepted,retrospective use of independently admitted current ownNP point through source-bound native2010 identity and accepted02/21 core,retrospective_continuity_not_historical_coordinate_measurement,auto_rule,False
62.4065015,43.8877344,2021:data_allsettlements_anon_156_v20251217.parquet:parquet:86643,,data/interim/2021_tochno/data_allsettlements_anon_156_v20251217.parquet#:86643.0,/workspace/settlements-raw/data/interim/2021_tochno/data_allsettlements_anon_156_v20251217.parquet,86c197cd522e0b63669e9c6e7f43fd3d82b3704c6a126c800a9968ecd16cae14,"parquet_row_1based=86643;latitude_dadata,longitude_dadata",tochno_2021_dadata_raw_parquet_point,ARK2010:archive20131022:html_table1_tr0569,reviewed_extension_rule_accepted,retrospective use of independently admitted current ownNP point through source-bound native2010 identity and accepted02/21 core,retrospective_continuity_not_historical_coordinate_measurement,auto_rule,False
61.0887041,42.1730729,2021:data_allsettlements_anon_156_v20251217.parquet:parquet:87532,,data/interim/2021_tochno/data_allsettlements_anon_156_v20251217.parquet#:87532.0,/workspace/settlements-raw/data/interim/2021_tochno/data_allsettlements_anon_156_v20251217.parquet,86c197cd522e0b63669e9c6e7f43fd3d82b3704c6a126c800a9968ecd16cae14,"parquet_row_1based=87532;latitude_dadata,longitude_dadata",tochno_2021_dadata_raw_parquet_point,ARK2010:archive20131022:html_table1_tr0079,reviewed_extension_rule_accepted,retrospective use of independently admitted current ownNP point through source-bound native2010 identity and accepted02/21 core,retrospective_continuity_not_historical_coordinate_measurement,auto_rule,False
61.09077,42.0372538,2021:data_allsettlements_anon_156_v20251217.parquet:parquet:87805,,data/interim/2021_tochno/data_allsettlements_anon_156_v20251217.parquet#:87805.0,/workspace/settlements-raw/data/interim/2021_tochno/data_allsettlements_anon_156_v20251217.parquet,86c197cd522e0b63669e9c6e7f43fd3d82b3704c6a126c800a9968ecd16cae14,"parquet_row_1based=87805;latitude_dadata,longitude_dadata",tochno_2021_dadata_raw_parquet_point,ARK2010:archive20131022:html_table1_tr0404,reviewed_extension_rule_accepted,retrospective use of independently admitted current ownNP point through source-bound native2010 identity and accepted02/21 core,retrospective_continuity_not_historical_coordinate_measurement,auto_rule,False
63.6247301,41.6151411,2021:data_allsettlements_anon_156_v20251217.parquet:parquet:89976,86c197cd522e0b63669e9c6e7f43fd3d82b3704c6a126c800a9968ecd16cae14,"parquet_row_1based=89976;latitude_dadata,longitude_dadata",/workspace/settlements-raw/data/interim/2021_tochno/data_allsettlements_anon_156_v20251217.parquet,86c197cd522e0b63669e9c6e7f43fd3d82b3704c6a126c800a9968ecd16cae14,"parquet_row_1based=89976;latitude_dadata,longitude_dadata",raw_2021_own_provider_named_point,ARK2010:archive20131022:html_table1_tr3625,reviewed_extension_rule_accepted,retrospective use of independently admitted current ownNP point through source-bound native2010 identity and accepted02/21 core,retrospective_continuity_not_historical_coordinate_measurement,auto_rule,False
64.954097,40.361054,Q18772997,86c197cd522e0b63669e9c6e7f43fd3d82b3704c6a126c800a9968ecd16cae14,data/interim/2021_tochno/data_allsettlements_anon_156_v20251217.parquet#row=89677.0,/workspace/settlements-raw/data/raw/wikidata_truthy_claims/batch_0032.jsonl.gz,3e9d6d0cfe91286d2fdfbf99b0af3d2560e2a0ce7c45dd745c40172d65a191b5,"{""line_number"": 7055, ""locator"": ""batch_0032.jsonl.gz#line=7055"", ""retrieved_at_utc"": ""2026-08-31T20:57:47.125365+00:00"", ""source_file"": ""batch_0032.jsonl.gz"", ""value_raw"": ""POINT(40.361054 64.954097)""}",wikidata_P625_point_claim,ARK2010:archive20131022:html_table1_tr3267,reviewed_extension_rule_accepted,retrospective use of independently admitted current ownNP point through source-bound native2010 identity and accepted02/21 core,retrospective_continuity_not_historical_coordinate_measurement,auto_rule,False
56.3501342,41.9415465,2021:data_allsettlements_anon_156_v20251217.parquet:parquet:1544,,data/interim/2021_tochno/data_allsettlements_anon_156_v20251217.parquet#:1544.0,/workspace/settlements-raw/data/interim/2021_tochno/data_allsettlements_anon_156_v20251217.parquet,86c197cd522e0b63669e9c6e7f43fd3d82b3704c6a126c800a9968ecd16cae14,"parquet_row_1based=1544;latitude_dadata,longitude_dadata",tochno_2021_dadata_raw_parquet_point,2010:013_f60b2d2bcf_5._20Belg_Bryan_Vlad_Voron_Ivanov_Kalug_20L1_ethn_2010.xls:Data Sheet:4648,reviewed_extension_rule_accepted,retrospective use of independently admitted current ownNP point through source-bound native2010 identity and accepted02/21 core,retrospective_continuity_not_historical_coordinate_measurement,auto_rule,False
61.4845853,39.4812034,2021:data_allsettlements_anon_156_v20251217.parquet:parquet:87141,,data/interim/2021_tochno/data_allsettlements_anon_156_v20251217.parquet#:87141.0,/workspace/settlements-raw/data/interim/2021_tochno/data_allsettlements_anon_156_v20251217.parquet,86c197cd522e0b63669e9c6e7f43fd3d82b3704c6a126c800a9968ecd16cae14,"parquet_row_1based=87141;latitude_dadata,longitude_dadata",tochno_2021_dadata_raw_parquet_point,ARK2010:archive20131022:html_table1_tr1055,reviewed_extension_rule_accepted,retrospective use of independently admitted current ownNP point through source-bound native2010 identity and accepted02/21 core,retrospective_continuity_not_historical_coordinate_measurement,auto_rule,False
64.3224409,41.0743611,2021:data_allsettlements_anon_156_v20251217.parquet:parquet:90100,86c197cd522e0b63669e9c6e7f43fd3d82b3704c6a126c800a9968ecd16cae14,"parquet_row_1based=90100;latitude_dadata,longitude_dadata",/workspace/settlements-raw/data/interim/2021_tochno/data_allsettlements_anon_156_v20251217.parquet,86c197cd522e0b63669e9c6e7f43fd3d82b3704c6a126c800a9968ecd16cae14,"parquet_row_1based=90100;latitude_dadata,longitude_dadata",raw_2021_own_provider_named_point,ARK2010:archive20131022:html_table1_tr3737,reviewed_extension_rule_accepted,retrospective use of independently admitted current ownNP point through source-bound native2010 identity and accepted02/21 core,retrospective_continuity_not_historical_coordinate_measurement,auto_rule,False
64.860556,43.444722,Q18782218,86c197cd522e0b63669e9c6e7f43fd3d82b3704c6a126c800a9968ecd16cae14,data/interim/2021_tochno/data_allsettlements_anon_156_v20251217.parquet#row=89441.0,/workspace/settlements-raw/data/raw/wikidata_truthy_claims/batch_0036.jsonl.gz,262a2d81cab67fb8bd1780f1406aed88af51513581661276bc1187ac6c3c2a0d,"{""line_number"": 7294, ""locator"": ""batch_0036.jsonl.gz#line=7294"", ""retrieved_at_utc"": ""2026-08-31T20:57:50.936015+00:00"", ""source_file"": ""batch_0036.jsonl.gz"", ""value_raw"": ""POINT(43.444722 64.860556)""}",wikidata_P625_point_claim,ARK2010:archive20131022:html_table1_tr2736,reviewed_extension_rule_accepted,retrospective use of independently admitted current ownNP point through source-bound native2010 identity and accepted02/21 core,retrospective_continuity_not_historical_coordinate_measurement,auto_rule,False
62.3635686,44.2634824,2021:data_allsettlements_anon_156_v20251217.parquet:parquet:86601,,data/interim/2021_tochno/data_allsettlements_anon_156_v20251217.parquet#:86601.0,/workspace/settlements-raw/data/interim/2021_tochno/data_allsettlements_anon_156_v20251217.parquet,86c197cd522e0b63669e9c6e7f43fd3d82b3704c6a126c800a9968ecd16cae14,"parquet_row_1based=86601;latitude_dadata,longitude_dadata",tochno_2021_dadata_raw_parquet_point,ARK2010:archive20131022:html_table1_tr0475,reviewed_extension_rule_accepted,retrospective use of independently admitted current ownNP point through source-bound native2010 identity and accepted02/21 core,retrospective_continuity_not_historical_coordinate_measurement,auto_rule,False
61.1619553,41.9252588,2021:data_allsettlements_anon_156_v20251217.parquet:parquet:87858,,data/interim/2021_tochno/data_allsettlements_anon_156_v20251217.parquet#:87858.0,/workspace/settlements-raw/data/interim/2021_tochno/data_allsettlements_anon_156_v20251217.parquet,86c197cd522e0b63669e9c6e7f43fd3d82b3704c6a126c800a9968ecd16cae14,"parquet_row_1based=87858;latitude_dadata,longitude_dadata",tochno_2021_dadata_raw_parquet_point,ARK2010:archive20131022:html_table1_tr0355,reviewed_extension_rule_accepted,retrospective use of independently admitted current ownNP point through source-bound native2010 identity and accepted02/21 core,retrospective_continuity_not_historical_coordinate_measurement,auto_rule,False
55.658924,41.756029,Q19887138,86c197cd522e0b63669e9c6e7f43fd3d82b3704c6a126c800a9968ecd16cae14,data/interim/2021_tochno/data_allsettlements_anon_156_v20251217.parquet#row=2826.0,/workspace/settlements-raw/data/raw/wikidata_truthy_claims/batch_0060.jsonl.gz,718fc115151431ddf4f0618f6108bfd2b7efbe56a93e1572663adf2152e8afd6,"{""line_number"": 5940, ""locator"": ""batch_0060.jsonl.gz#line=5940"", ""retrieved_at_utc"": ""2026-08-31T20:58:16.757707+00:00"", ""source_file"": ""batch_0060.jsonl.gz"", ""value_raw"": ""POINT(41.756029 55.658924)""}",wikidata_P625_point_claim,2010:013_f60b2d2bcf_5._20Belg_Bryan_Vlad_Voron_Ivanov_Kalug_20L1_ethn_2010.xls:Data Sheet:5799,reviewed_extension_rule_accepted,retrospective use of independently admitted current ownNP point through source-bound native2010 identity and accepted02/21 core,retrospective_continuity_not_historical_coordinate_measurement,auto_rule,False
57.694444,61.783889,Q19616258,86c197cd522e0b63669e9c6e7f43fd3d82b3704c6a126c800a9968ecd16cae14,data/interim/2021_tochno/data_allsettlements_anon_156_v20251217.parquet#row=121144.0,/workspace/settlements-raw/data/raw/wikidata_truthy_claims/batch_0048.jsonl.gz,db7bee6220721c59fb398f3bfe45cb8b9510974d0f945920d125e3860acb439a,"{""line_number"": 12698, ""locator"": ""batch_0048.jsonl.gz#line=12698"", ""retrieved_at_utc"": ""2026-08-31T20:58:03.646897+00:00"", ""source_file"": ""batch_0048.jsonl.gz"", ""value_raw"": ""POINT(61.783889 57.694444)""}",wikidata_P625_point_claim,2010:003_eb441570b1_11._20Урал_ФО_2010.xls:Урал:2870,reviewed_extension_rule_accepted,retrospective use of independently admitted current ownNP point through source-bound native2010 identity and accepted02/21 core,retrospective_continuity_not_historical_coordinate_measurement,auto_rule,False
63.022778,42.596111,Q13648304,86c197cd522e0b63669e9c6e7f43fd3d82b3704c6a126c800a9968ecd16cae14,data/interim/2021_tochno/data_allsettlements_anon_156_v20251217.parquet#row=87959.0,/workspace/settlements-raw/data/raw/wikidata_truthy_claims/batch_0010.jsonl.gz,e4e5403529844f834a805b0bc0b45021f31641f2b4a08e99676139fd7ab91d1a,"{""line_number"": 8221, ""locator"": ""batch_0010.jsonl.gz#line=8221"", ""retrieved_at_utc"": ""2026-08-31T20:57:21.171422+00:00"", ""source_file"": ""batch_0010.jsonl.gz"", ""value_raw"": ""POINT(42.596111 63.022778)""}",wikidata_P625_point_claim,ARK2010:archive20131022:html_table1_tr0999,reviewed_extension_rule_accepted,retrospective use of independently admitted current ownNP point through source-bound native2010 identity and accepted02/21 core,retrospective_continuity_not_historical_coordinate_measurement,auto_rule,False
61.0885467,42.0274338,2021:data_allsettlements_anon_156_v20251217.parquet:parquet:87787,,data/interim/2021_tochno/data_allsettlements_anon_156_v20251217.parquet#:87787.0,/workspace/settlements-raw/data/interim/2021_tochno/data_allsettlements_anon_156_v20251217.parquet,86c197cd522e0b63669e9c6e7f43fd3d82b3704c6a126c800a9968ecd16cae14,"parquet_row_1based=87787;latitude_dadata,longitude_dadata",tochno_2021_dadata_raw_parquet_point,ARK2010:archive20131022:html_table1_tr0382,reviewed_extension_rule_accepted,retrospective use of independently admitted current ownNP point through source-bound native2010 identity and accepted02/21 core,retrospective_continuity_not_historical_coordinate_measurement,auto_rule,False
64.95407,45.57826,Q18766810,86c197cd522e0b63669e9c6e7f43fd3d82b3704c6a126c800a9968ecd16cae14,data/interim/2021_tochno/data_allsettlements_anon_156_v20251217.parquet#row=88973.0,/workspace/settlements-raw/data/raw/wikidata_truthy_claims/batch_0029.jsonl.gz,4d8e560ed550c6a1c2ebe1715d0e4380d82d6cf46dd4efabde985baf53f74e5d,"{""line_number"": 7649, ""locator"": ""batch_0029.jsonl.gz#line=7649"", ""retrieved_at_utc"": ""2026-08-31T20:57:43.573980+00:00"", ""source_file"": ""batch_0029.jsonl.gz"", ""value_raw"": ""POINT(45.578260 64.954070)""}",wikidata_P625_point_claim,ARK2010:archive20131022:html_table1_tr2270,reviewed_extension_rule_accepted,retrospective use of independently admitted current ownNP point through source-bound native2010 identity and accepted02/21 core,retrospective_continuity_not_historical_coordinate_measurement,auto_rule,False
61.878687,40.892995,Q18791508,86c197cd522e0b63669e9c6e7f43fd3d82b3704c6a126c800a9968ecd16cae14,data/interim/2021_tochno/data_allsettlements_anon_156_v20251217.parquet#row=89163.0,/workspace/settlements-raw/data/raw/wikidata_truthy_claims/batch_0039.jsonl.gz,29e999ddaaf622ad0ea99c7804349d7a27ecd5b19592c5f8a8d4e04506496b12,"{""line_number"": 7004, ""locator"": ""batch_0039.jsonl.gz#line=7004"", ""retrieved_at_utc"": ""2026-08-31T20:57:53.818358+00:00"", ""source_file"": ""batch_0039.jsonl.gz"", ""value_raw"": ""POINT(40.892995 61.878687)""}",wikidata_P625_point_claim,ARK2010:archive20131022:html_table1_tr2496,reviewed_extension_rule_accepted,retrospective use of independently admitted current ownNP point through source-bound native2010 identity and accepted02/21 core,retrospective_continuity_not_historical_coordinate_measurement,auto_rule,False
60.8255109,40.9638606,2021:data_allsettlements_anon_156_v20251217.parquet:parquet:88105,,data/interim/2021_tochno/data_allsettlements_anon_156_v20251217.parquet#:88105.0,/workspace/settlements-raw/data/interim/2021_tochno/data_allsettlements_anon_156_v20251217.parquet,86c197cd522e0b63669e9c6e7f43fd3d82b3704c6a126c800a9968ecd16cae14,"parquet_row_1based=88105;latitude_dadata,longitude_dadata",tochno_2021_dadata_raw_parquet_point,ARK2010:archive20131022:html_table1_tr1401,reviewed_extension_rule_accepted,retrospective use of independently admitted current ownNP point through source-bound native2010 identity and accepted02/21 core,retrospective_continuity_not_historical_coordinate_measurement,auto_rule,False
61.7736757,45.2846433,2021:data_allsettlements_anon_156_v20251217.parquet:parquet:88770,86c197cd522e0b63669e9c6e7f43fd3d82b3704c6a126c800a9968ecd16cae14,"parquet_row_1based=88770;latitude_dadata,longitude_dadata",/workspace/settlements-raw/data/interim/2021_tochno/data_allsettlements_anon_156_v20251217.parquet,86c197cd522e0b63669e9c6e7f43fd3d82b3704c6a126c800a9968ecd16cae14,"parquet_row_1based=88770;latitude_dadata,longitude_dadata",raw_2021_own_provider_named_point,ARK2010:archive20131022:html_table1_tr2078,reviewed_extension_rule_accepted,retrospective use of independently admitted current ownNP point through source-bound native2010 identity and accepted02/21 core,retrospective_continuity_not_historical_coordinate_measurement,auto_rule,False
61.934803,45.1785287,2021:data_allsettlements_anon_156_v20251217.parquet:parquet:88741,86c197cd522e0b63669e9c6e7f43fd3d82b3704c6a126c800a9968ecd16cae14,"parquet_row_1based=88741;latitude_dadata,longitude_dadata",/workspace/settlements-raw/data/interim/2021_tochno/data_allsettlements_anon_156_v20251217.parquet,86c197cd522e0b63669e9c6e7f43fd3d82b3704c6a126c800a9968ecd16cae14,"parquet_row_1based=88741;latitude_dadata,longitude_dadata",raw_2021_own_provider_named_point,ARK2010:archive20131022:html_table1_tr2049,reviewed_extension_rule_accepted,retrospective use of independently admitted current ownNP point through source-bound native2010 identity and accepted02/21 core,retrospective_continuity_not_historical_coordinate_measurement,auto_rule,False
61.9367673,39.1468309,2021:data_allsettlements_anon_156_v20251217.parquet:parquet:87158,,data/interim/2021_tochno/data_allsettlements_anon_156_v20251217.parquet#:87158.0,/workspace/settlements-raw/data/interim/2021_tochno/data_allsettlements_anon_156_v20251217.parquet,86c197cd522e0b63669e9c6e7f43fd3d82b3704c6a126c800a9968ecd16cae14,"parquet_row_1based=87158;latitude_dadata,longitude_dadata",tochno_2021_dadata_raw_parquet_point,ARK2010:archive20131022:html_table1_tr1126,reviewed_extension_rule_accepted,retrospective use of independently admitted current ownNP point through source-bound native2010 identity and accepted02/21 core,retrospective_continuity_not_historical_coordinate_measurement,auto_rule,False
61.0138935,48.324723,2021:data_allsettlements_anon_156_v20251217.parquet:parquet:86857,,data/interim/2021_tochno/data_allsettlements_anon_156_v20251217.parquet#:86857.0,/workspace/settlements-raw/data/interim/2021_tochno/data_allsettlements_anon_156_v20251217.parquet,86c197cd522e0b63669e9c6e7f43fd3d82b3704c6a126c800a9968ecd16cae14,"parquet_row_1based=86857;latitude_dadata,longitude_dadata",tochno_2021_dadata_raw_parquet_point,ARK2010:archive20131022:html_table1_tr0850,reviewed_extension_rule_accepted,retrospective use of independently admitted current ownNP point through source-bound native2010 identity and accepted02/21 core,retrospective_continuity_not_historical_coordinate_measurement,auto_rule,False
55.2520496,39.9067939,2a6f0a73-47f2-4f8e-b410-c1ef7a1e6d4d,None,None,/workspace/settlements-raw/data/interim/2021_tochno/data_allsettlements_anon_156_v20251217.parquet,86c197cd522e0b63669e9c6e7f43fd3d82b3704c6a126c800a9968ecd16cae14,parquet row 1-based=70820; raw row sha256=6aff4bf63fb52cad3dfa4e56c56ed4c90e4ae46e77022efa624a9bc54ccb840a,exact_row_current_FIAS_level6_locality,2010:010_711691e352_2._20Kostrom_Kur_Lip_Moscow_MoscObl_Orlov_2010.xls:Data Sheet:13900,reviewed_extension_rule_accepted,retrospective use of independently admitted current ownNP point through source-bound native2010 identity and accepted02/21 core,retrospective_continuity_not_historical_coordinate_measurement,auto_rule,False
62.2637703,42.6920647,2021:data_allsettlements_anon_156_v20251217.parquet:parquet:90627,86c197cd522e0b63669e9c6e7f43fd3d82b3704c6a126c800a9968ecd16cae14,"parquet_row_1based=90627;latitude_dadata,longitude_dadata",/workspace/settlements-raw/data/interim/2021_tochno/data_allsettlements_anon_156_v20251217.parquet,86c197cd522e0b63669e9c6e7f43fd3d82b3704c6a126c800a9968ecd16cae14,"parquet_row_1based=90627;latitude_dadata,longitude_dadata",raw_2021_own_provider_named_point,ARK2010:archive20131022:html_table1_tr4297,reviewed_extension_rule_accepted,retrospective use of independently admitted current ownNP point through source-bound native2010 identity and accepted02/21 core,retrospective_continuity_not_historical_coordinate_measurement,auto_rule,False
56.3622252,50.171597,2021:data_allsettlements_anon_156_v20251217.parquet:parquet:130611,,data/interim/2021_tochno/data_allsettlements_anon_156_v20251217.parquet#:130611.0,/workspace/settlements-raw/data/interim/2021_tochno/data_allsettlements_anon_156_v20251217.parquet,86c197cd522e0b63669e9c6e7f43fd3d82b3704c6a126c800a9968ecd16cae14,"parquet_row_1based=130611;latitude_dadata,longitude_dadata",tochno_2021_dadata_raw_parquet_point,2010:017_68e0e4537e_9._20Basq_Mari_Mord_Tatar_Udm_Chuv_2010.xls:!!!:8355,reviewed_extension_rule_accepted,retrospective use of independently admitted current ownNP point through source-bound native2010 identity and accepted02/21 core,retrospective_continuity_not_historical_coordinate_measurement,auto_rule,False
61.788611,40.854722,Q13650101,86c197cd522e0b63669e9c6e7f43fd3d82b3704c6a126c800a9968ecd16cae14,data/interim/2021_tochno/data_allsettlements_anon_156_v20251217.parquet#row=89096.0,/workspace/settlements-raw/data/raw/wikidata_truthy_claims/batch_0010.jsonl.gz,e4e5403529844f834a805b0bc0b45021f31641f2b4a08e99676139fd7ab91d1a,"{""line_number"": 8387, ""locator"": ""batch_0010.jsonl.gz#line=8387"", ""retrieved_at_utc"": ""2026-08-31T20:57:21.171422+00:00"", ""source_file"": ""batch_0010.jsonl.gz"", ""value_raw"": ""POINT(40.854722 61.788611)""}",wikidata_P625_point_claim,ARK2010:archive20131022:html_table1_tr2426,reviewed_extension_rule_accepted,retrospective use of independently admitted current ownNP point through source-bound native2010 identity and accepted02/21 core,retrospective_continuity_not_historical_coordinate_measurement,auto_rule,False
64.5857721,43.3586889,2021:data_allsettlements_anon_156_v20251217.parquet:parquet:89424,86c197cd522e0b63669e9c6e7f43fd3d82b3704c6a126c800a9968ecd16cae14,"parquet_row_1based=89424;latitude_dadata,longitude_dadata",/workspace/settlements-raw/data/interim/2021_tochno/data_allsettlements_anon_156_v20251217.parquet,86c197cd522e0b63669e9c6e7f43fd3d82b3704c6a126c800a9968ecd16cae14,"parquet_row_1based=89424;latitude_dadata,longitude_dadata",raw_2021_own_provider_named_point,ARK2010:archive20131022:html_table1_tr2745,reviewed_extension_rule_accepted,retrospective use of independently admitted current ownNP point through source-bound native2010 identity and accepted02/21 core,retrospective_continuity_not_historical_coordinate_measurement,auto_rule,False
61.13873,43.606029,Q18781310,86c197cd522e0b63669e9c6e7f43fd3d82b3704c6a126c800a9968ecd16cae14,data/interim/2021_tochno/data_allsettlements_anon_156_v20251217.parquet#row=89835.0,/workspace/settlements-raw/data/raw/wikidata_truthy_claims/batch_0036.jsonl.gz,262a2d81cab67fb8bd1780f1406aed88af51513581661276bc1187ac6c3c2a0d,"{""line_number"": 6956, ""locator"": ""batch_0036.jsonl.gz#line=6956"", ""retrieved_at_utc"": ""2026-08-31T20:57:50.936015+00:00"", ""source_file"": ""batch_0036.jsonl.gz"", ""value_raw"": ""POINT(43.606029 61.138730)""}",wikidata_P625_point_claim,ARK2010:archive20131022:html_table1_tr3455,reviewed_extension_rule_accepted,retrospective use of independently admitted current ownNP point through source-bound native2010 identity and accepted02/21 core,retrospective_continuity_not_historical_coordinate_measurement,auto_rule,False
61.5557745,38.5836138,2021:data_allsettlements_anon_156_v20251217.parquet:parquet:87188,,data/interim/2021_tochno/data_allsettlements_anon_156_v20251217.parquet#:87188.0,/workspace/settlements-raw/data/interim/2021_tochno/data_allsettlements_anon_156_v20251217.parquet,86c197cd522e0b63669e9c6e7f43fd3d82b3704c6a126c800a9968ecd16cae14,"parquet_row_1based=87188;latitude_dadata,longitude_dadata",tochno_2021_dadata_raw_parquet_point,ARK2010:archive20131022:html_table1_tr1098,reviewed_extension_rule_accepted,retrospective use of independently admitted current ownNP point through source-bound native2010 identity and accepted02/21 core,retrospective_continuity_not_historical_coordinate_measurement,auto_rule,False
64.26644,41.832348,2021:data_allsettlements_anon_156_v20251217.parquet:parquet:90139,86c197cd522e0b63669e9c6e7f43fd3d82b3704c6a126c800a9968ecd16cae14,"parquet_row_1based=90139;latitude_dadata,longitude_dadata",/workspace/settlements-raw/data/interim/2021_tochno/data_allsettlements_anon_156_v20251217.parquet,86c197cd522e0b63669e9c6e7f43fd3d82b3704c6a126c800a9968ecd16cae14,"parquet_row_1based=90139;latitude_dadata,longitude_dadata",raw_2021_own_provider_named_point,ARK2010:archive20131022:html_table1_tr3846,reviewed_extension_rule_accepted,retrospective use of independently admitted current ownNP point through source-bound native2010 identity and accepted02/21 core,retrospective_continuity_not_historical_coordinate_measurement,auto_rule,False
61.374117,43.6678614,2021:data_allsettlements_anon_156_v20251217.parquet:parquet:89748,86c197cd522e0b63669e9c6e7f43fd3d82b3704c6a126c800a9968ecd16cae14,"parquet_row_1based=89748;latitude_dadata,longitude_dadata",/workspace/settlements-raw/data/interim/2021_tochno/data_allsettlements_anon_156_v20251217.parquet,86c197cd522e0b63669e9c6e7f43fd3d82b3704c6a126c800a9968ecd16cae14,"parquet_row_1based=89748;latitude_dadata,longitude_dadata",raw_2021_own_provider_named_point,ARK2010:archive20131022:html_table1_tr3554,reviewed_extension_rule_accepted,retrospective use of independently admitted current ownNP point through source-bound native2010 identity and accepted02/21 core,retrospective_continuity_not_historical_coordinate_measurement,auto_rule,False
61.3062397,42.3796224,2021:data_allsettlements_anon_156_v20251217.parquet:parquet:87776,,data/interim/2021_tochno/data_allsettlements_anon_156_v20251217.parquet#:87776.0,/workspace/settlements-raw/data/interim/2021_tochno/data_allsettlements_anon_156_v20251217.parquet,86c197cd522e0b63669e9c6e7f43fd3d82b3704c6a126c800a9968ecd16cae14,"parquet_row_1based=87776;latitude_dadata,longitude_dadata",tochno_2021_dadata_raw_parquet_point,ARK2010:archive20131022:html_table1_tr0321,reviewed_extension_rule_accepted,retrospective use of independently admitted current ownNP point through source-bound native2010 identity and accepted02/21 core,retrospective_continuity_not_historical_coordinate_measurement,auto_rule,False
62.1279148,43.0048347,2021:data_allsettlements_anon_156_v20251217.parquet:parquet:90568,86c197cd522e0b63669e9c6e7f43fd3d82b3704c6a126c800a9968ecd16cae14,"parquet_row_1based=90568;latitude_dadata,longitude_dadata",/workspace/settlements-raw/data/interim/2021_tochno/data_allsettlements_anon_156_v20251217.parquet,86c197cd522e0b63669e9c6e7f43fd3d82b3704c6a126c800a9968ecd16cae14,"parquet_row_1based=90568;latitude_dadata,longitude_dadata",raw_2021_own_provider_named_point,ARK2010:archive20131022:html_table1_tr4215,reviewed_extension_rule_accepted,retrospective use of independently admitted current ownNP point through source-bound native2010 identity and accepted02/21 core,retrospective_continuity_not_historical_coordinate_measurement,auto_rule,False
61.6118492,43.9148593,2021:data_allsettlements_anon_156_v20251217.parquet:parquet:89764,86c197cd522e0b63669e9c6e7f43fd3d82b3704c6a126c800a9968ecd16cae14,"parquet_row_1based=89764;latitude_dadata,longitude_dadata",/workspace/settlements-raw/data/interim/2021_tochno/data_allsettlements_anon_156_v20251217.parquet,86c197cd522e0b63669e9c6e7f43fd3d82b3704c6a126c800a9968ecd16cae14,"parquet_row_1based=89764;latitude_dadata,longitude_dadata",raw_2021_own_provider_named_point,ARK2010:archive20131022:html_table1_tr3384,reviewed_extension_rule_accepted,retrospective use of independently admitted current ownNP point through source-bound native2010 identity and accepted02/21 core,retrospective_continuity_not_historical_coordinate_measurement,auto_rule,False
61.5102317,46.0015178,2021:data_allsettlements_anon_156_v20251217.parquet:parquet:88689,86c197cd522e0b63669e9c6e7f43fd3d82b3704c6a126c800a9968ecd16cae14,"parquet_row_1based=88689;latitude_dadata,longitude_dadata",/workspace/settlements-raw/data/interim/2021_tochno/data_allsettlements_anon_156_v20251217.parquet,86c197cd522e0b63669e9c6e7f43fd3d82b3704c6a126c800a9968ecd16cae14,"parquet_row_1based=88689;latitude_dadata,longitude_dadata",raw_2021_own_provider_named_point,ARK2010:archive20131022:html_table1_tr1997,reviewed_extension_rule_accepted,retrospective use of independently admitted current ownNP point through source-bound native2010 identity and accepted02/21 core,retrospective_continuity_not_historical_coordinate_measurement,auto_rule,False
65.4812214,44.992689,2021:data_allsettlements_anon_156_v20251217.parquet:parquet:89036,86c197cd522e0b63669e9c6e7f43fd3d82b3704c6a126c800a9968ecd16cae14,"parquet_row_1based=89036;latitude_dadata,longitude_dadata",/workspace/settlements-raw/data/interim/2021_tochno/data_allsettlements_anon_156_v20251217.parquet,86c197cd522e0b63669e9c6e7f43fd3d82b3704c6a126c800a9968ecd16cae14,"parquet_row_1based=89036;latitude_dadata,longitude_dadata",raw_2021_own_provider_named_point,ARK2010:archive20131022:html_table1_tr2365,reviewed_extension_rule_accepted,retrospective use of independently admitted current ownNP point through source-bound native2010 identity and accepted02/21 core,retrospective_continuity_not_historical_coordinate_measurement,auto_rule,False
54.921108,37.936366,2021:data_allsettlements_anon_156_v20251217.parquet:parquet:70357,,data/interim/2021_tochno/data_allsettlements_anon_156_v20251217.parquet#:70357.0,/workspace/settlements-raw/data/interim/2021_tochno/data_allsettlements_anon_156_v20251217.parquet,86c197cd522e0b63669e9c6e7f43fd3d82b3704c6a126c800a9968ecd16cae14,"parquet_row_1based=70357;latitude_dadata,longitude_dadata",tochno_2021_dadata_raw_parquet_point,2010:010_711691e352_2._20Kostrom_Kur_Lip_Moscow_MoscObl_Orlov_2010.xls:Data Sheet:13317,reviewed_extension_rule_accepted,retrospective use of independently admitted current ownNP point through source-bound native2010 identity and accepted02/21 core,retrospective_continuity_not_historical_coordinate_measurement,auto_rule,False
64.9621817,40.3991107,2021:data_allsettlements_anon_156_v20251217.parquet:parquet:89687,86c197cd522e0b63669e9c6e7f43fd3d82b3704c6a126c800a9968ecd16cae14,"parquet_row_1based=89687;latitude_dadata,longitude_dadata",/workspace/settlements-raw/data/interim/2021_tochno/data_allsettlements_anon_156_v20251217.parquet,86c197cd522e0b63669e9c6e7f43fd3d82b3704c6a126c800a9968ecd16cae14,"parquet_row_1based=89687;latitude_dadata,longitude_dadata",raw_2021_own_provider_named_point,ARK2010:archive20131022:html_table1_tr3274,reviewed_extension_rule_accepted,retrospective use of independently admitted current ownNP point through source-bound native2010 identity and accepted02/21 core,retrospective_continuity_not_historical_coordinate_measurement,auto_rule,False
61.106965,43.453854,2021:data_allsettlements_anon_156_v20251217.parquet:parquet:89942,86c197cd522e0b63669e9c6e7f43fd3d82b3704c6a126c800a9968ecd16cae14,"parquet_row_1based=89942;latitude_dadata,longitude_dadata",/workspace/settlements-raw/data/interim/2021_tochno/data_allsettlements_anon_156_v20251217.parquet,86c197cd522e0b63669e9c6e7f43fd3d82b3704c6a126c800a9968ecd16cae14,"parquet_row_1based=89942;latitude_dadata,longitude_dadata",raw_2021_own_provider_named_point,ARK2010:archive20131022:html_table1_tr3576,reviewed_extension_rule_accepted,retrospective use of independently admitted current ownNP point through source-bound native2010 identity and accepted02/21 core,retrospective_continuity_not_historical_coordinate_measurement,auto_rule,False
57.916025,62.600502,Q25612689,86c197cd522e0b63669e9c6e7f43fd3d82b3704c6a126c800a9968ecd16cae14,data/interim/2021_tochno/data_allsettlements_anon_156_v20251217.parquet#row=119939.0,/workspace/settlements-raw/data/raw/wikidata_truthy_claims/batch_0094.jsonl.gz,eb8fa4146a02decf5abfe84c39e5001b24e017afe49a88957a08d6e1fc883b05,"{""line_number"": 8433, ""locator"": ""batch_0094.jsonl.gz#line=8433"", ""retrieved_at_utc"": ""2026-08-31T20:59:05.409594+00:00"", ""source_file"": ""batch_0094.jsonl.gz"", ""value_raw"": ""POINT(62.600502 57.916025)""}",wikidata_P625_point_claim,2010:003_eb441570b1_11._20Урал_ФО_2010.xls:Урал:3409,reviewed_extension_rule_accepted,retrospective use of independently admitted current ownNP point through source-bound native2010 identity and accepted02/21 core,retrospective_continuity_not_historical_coordinate_measurement,auto_rule,False
61.2892658,42.3772277,2021:data_allsettlements_anon_156_v20251217.parquet:parquet:87772,,data/interim/2021_tochno/data_allsettlements_anon_156_v20251217.parquet#:87772.0,/workspace/settlements-raw/data/interim/2021_tochno/data_allsettlements_anon_156_v20251217.parquet,86c197cd522e0b63669e9c6e7f43fd3d82b3704c6a126c800a9968ecd16cae14,"parquet_row_1based=87772;latitude_dadata,longitude_dadata",tochno_2021_dadata_raw_parquet_point,ARK2010:archive20131022:html_table1_tr0316,reviewed_extension_rule_accepted,retrospective use of independently admitted current ownNP point through source-bound native2010 identity and accepted02/21 core,retrospective_continuity_not_historical_coordinate_measurement,auto_rule,False
61.1884579,40.2837169,2021:data_allsettlements_anon_156_v20251217.parquet:parquet:87998,,data/interim/2021_tochno/data_allsettlements_anon_156_v20251217.parquet#:87998.0,/workspace/settlements-raw/data/interim/2021_tochno/data_allsettlements_anon_156_v20251217.parquet,86c197cd522e0b63669e9c6e7f43fd3d82b3704c6a126c800a9968ecd16cae14,"parquet_row_1based=87998;latitude_dadata,longitude_dadata",tochno_2021_dadata_raw_parquet_point,ARK2010:archive20131022:html_table1_tr1293,reviewed_extension_rule_accepted,retrospective use of independently admitted current ownNP point through source-bound native2010 identity and accepted02/21 core,retrospective_continuity_not_historical_coordinate_measurement,auto_rule,False
64.32678,41.066905,Q18773596,86c197cd522e0b63669e9c6e7f43fd3d82b3704c6a126c800a9968ecd16cae14,data/interim/2021_tochno/data_allsettlements_anon_156_v20251217.parquet#row=90101.0,/workspace/settlements-raw/data/raw/wikidata_truthy_claims/batch_0032.jsonl.gz,3e9d6d0cfe91286d2fdfbf99b0af3d2560e2a0ce7c45dd745c40172d65a191b5,"{""line_number"": 7002, ""locator"": ""batch_0032.jsonl.gz#line=7002"", ""retrieved_at_utc"": ""2026-08-31T20:57:47.125365+00:00"", ""source_file"": ""batch_0032.jsonl.gz"", ""value_raw"": ""POINT(41.066905 64.326780)""}",wikidata_P625_point_claim,ARK2010:archive20131022:html_table1_tr3738,reviewed_extension_rule_accepted,retrospective use of independently admitted current ownNP point through source-bound native2010 identity and accepted02/21 core,retrospective_continuity_not_historical_coordinate_measurement,auto_rule,False
61.55281,45.965419,Q18789537,86c197cd522e0b63669e9c6e7f43fd3d82b3704c6a126c800a9968ecd16cae14,data/interim/2021_tochno/data_allsettlements_anon_156_v20251217.parquet#row=88481.0,/workspace/settlements-raw/data/raw/wikidata_truthy_claims/batch_0038.jsonl.gz,f09e720ae025073547e0368de164cf9f1cb03f7bb5f75c80c077aadfb4486a51,"{""line_number"": 7347, ""locator"": ""batch_0038.jsonl.gz#line=7347"", ""retrieved_at_utc"": ""2026-08-31T20:57:52.813243+00:00"", ""source_file"": ""batch_0038.jsonl.gz"", ""value_raw"": ""POINT(45.965419 61.552810)""}",wikidata_P625_point_claim,ARK2010:archive20131022:html_table1_tr1789,reviewed_extension_rule_accepted,retrospective use of independently admitted current ownNP point through source-bound native2010 identity and accepted02/21 core,retrospective_continuity_not_historical_coordinate_measurement,auto_rule,False
62.3128276,44.3326244,2021:data_allsettlements_anon_156_v20251217.parquet:parquet:86617,,data/interim/2021_tochno/data_allsettlements_anon_156_v20251217.parquet#:86617.0,/workspace/settlements-raw/data/interim/2021_tochno/data_allsettlements_anon_156_v20251217.parquet,86c197cd522e0b63669e9c6e7f43fd3d82b3704c6a126c800a9968ecd16cae14,"parquet_row_1based=86617;latitude_dadata,longitude_dadata",tochno_2021_dadata_raw_parquet_point,ARK2010:archive20131022:html_table1_tr0478,reviewed_extension_rule_accepted,retrospective use of independently admitted current ownNP point through source-bound native2010 identity and accepted02/21 core,retrospective_continuity_not_historical_coordinate_measurement,auto_rule,False
61.730556,42.541944,2021:data_allsettlements_anon_156_v20251217.parquet:parquet:90474,86c197cd522e0b63669e9c6e7f43fd3d82b3704c6a126c800a9968ecd16cae14,"parquet_row_1based=90474;latitude_dadata,longitude_dadata",/workspace/settlements-raw/data/interim/2021_tochno/data_allsettlements_anon_156_v20251217.parquet,86c197cd522e0b63669e9c6e7f43fd3d82b3704c6a126c800a9968ecd16cae14,"parquet_row_1based=90474;latitude_dadata,longitude_dadata",raw_2021_own_provider_named_point,ARK2010:archive20131022:html_table1_tr4102,reviewed_extension_rule_accepted,retrospective use of independently admitted current ownNP point through source-bound native2010 identity and accepted02/21 core,retrospective_continuity_not_historical_coordinate_measurement,auto_rule,False
61.1286074,47.8593928,2021:data_allsettlements_anon_156_v20251217.parquet:parquet:86934,,data/interim/2021_tochno/data_allsettlements_anon_156_v20251217.parquet#:86934.0,/workspace/settlements-raw/data/interim/2021_tochno/data_allsettlements_anon_156_v20251217.parquet,86c197cd522e0b63669e9c6e7f43fd3d82b3704c6a126c800a9968ecd16cae14,"parquet_row_1based=86934;latitude_dadata,longitude_dadata",tochno_2021_dadata_raw_parquet_point,ARK2010:archive20131022:html_table1_tr0735,reviewed_extension_rule_accepted,retrospective use of independently admitted current ownNP point through source-bound native2010 identity and accepted02/21 core,retrospective_continuity_not_historical_coordinate_measurement,auto_rule,False
63.8146249,41.5219093,2021:data_allsettlements_anon_156_v20251217.parquet:parquet:90227,86c197cd522e0b63669e9c6e7f43fd3d82b3704c6a126c800a9968ecd16cae14,"parquet_row_1based=90227;latitude_dadata,longitude_dadata",/workspace/settlements-raw/data/interim/2021_tochno/data_allsettlements_anon_156_v20251217.parquet,86c197cd522e0b63669e9c6e7f43fd3d82b3704c6a126c800a9968ecd16cae14,"parquet_row_1based=90227;latitude_dadata,longitude_dadata",raw_2021_own_provider_named_point,ARK2010:archive20131022:html_table1_tr3911,reviewed_extension_rule_accepted,retrospective use of independently admitted current ownNP point through source-bound native2010 identity and accepted02/21 core,retrospective_continuity_not_historical_coordinate_measurement,auto_rule,False
61.1621625,46.4518034,2021:data_allsettlements_anon_156_v20251217.parquet:parquet:88262,86c197cd522e0b63669e9c6e7f43fd3d82b3704c6a126c800a9968ecd16cae14,"parquet_row_1based=88262;latitude_dadata,longitude_dadata",/workspace/settlements-raw/data/interim/2021_tochno/data_allsettlements_anon_156_v20251217.parquet,86c197cd522e0b63669e9c6e7f43fd3d82b3704c6a126c800a9968ecd16cae14,"parquet_row_1based=88262;latitude_dadata,longitude_dadata",raw_2021_own_provider_named_point,ARK2010:archive20131022:html_table1_tr1470,reviewed_extension_rule_accepted,retrospective use of independently admitted current ownNP point through source-bound native2010 identity and accepted02/21 core,retrospective_continuity_not_historical_coordinate_measurement,auto_rule,False
61.0172341,42.0909272,2021:data_allsettlements_anon_156_v20251217.parquet:parquet:87798,,data/interim/2021_tochno/data_allsettlements_anon_156_v20251217.parquet#:87798.0,/workspace/settlements-raw/data/interim/2021_tochno/data_allsettlements_anon_156_v20251217.parquet,86c197cd522e0b63669e9c6e7f43fd3d82b3704c6a126c800a9968ecd16cae14,"parquet_row_1based=87798;latitude_dadata,longitude_dadata",tochno_2021_dadata_raw_parquet_point,ARK2010:archive20131022:html_table1_tr0395,reviewed_extension_rule_accepted,retrospective use of independently admitted current ownNP point through source-bound native2010 identity and accepted02/21 core,retrospective_continuity_not_historical_coordinate_measurement,auto_rule,False
64.2938589,41.6580651,2021:data_allsettlements_anon_156_v20251217.parquet:parquet:90243,86c197cd522e0b63669e9c6e7f43fd3d82b3704c6a126c800a9968ecd16cae14,"parquet_row_1based=90243;latitude_dadata,longitude_dadata",/workspace/settlements-raw/data/interim/2021_tochno/data_allsettlements_anon_156_v20251217.parquet,86c197cd522e0b63669e9c6e7f43fd3d82b3704c6a126c800a9968ecd16cae14,"parquet_row_1based=90243;latitude_dadata,longitude_dadata",raw_2021_own_provider_named_point,ARK2010:archive20131022:html_table1_tr3940,reviewed_extension_rule_accepted,retrospective use of independently admitted current ownNP point through source-bound native2010 identity and accepted02/21 core,retrospective_continuity_not_historical_coordinate_measurement,auto_rule,False
62.7481703,42.8543478,2021:data_allsettlements_anon_156_v20251217.parquet:parquet:87965,86c197cd522e0b63669e9c6e7f43fd3d82b3704c6a126c800a9968ecd16cae14,"parquet_row_1based=87965;latitude_dadata,longitude_dadata",/workspace/settlements-raw/data/interim/2021_tochno/data_allsettlements_anon_156_v20251217.parquet,86c197cd522e0b63669e9c6e7f43fd3d82b3704c6a126c800a9968ecd16cae14,"parquet_row_1based=87965;latitude_dadata,longitude_dadata",raw_2021_own_provider_named_point,ARK2010:archive20131022:html_table1_tr1002,reviewed_extension_rule_accepted,retrospective use of independently admitted current ownNP point through source-bound native2010 identity and accepted02/21 core,retrospective_continuity_not_historical_coordinate_measurement,auto_rule,False
62.3618785,44.2544107,2021:data_allsettlements_anon_156_v20251217.parquet:parquet:86851,,data/interim/2021_tochno/data_allsettlements_anon_156_v20251217.parquet#:86851.0,/workspace/settlements-raw/data/interim/2021_tochno/data_allsettlements_anon_156_v20251217.parquet,86c197cd522e0b63669e9c6e7f43fd3d82b3704c6a126c800a9968ecd16cae14,"parquet_row_1based=86851;latitude_dadata,longitude_dadata",tochno_2021_dadata_raw_parquet_point,ARK2010:archive20131022:html_table1_tr0499,reviewed_extension_rule_accepted,retrospective use of independently admitted current ownNP point through source-bound native2010 identity and accepted02/21 core,retrospective_continuity_not_historical_coordinate_measurement,auto_rule,False
61.061664,40.5132744,2021:data_allsettlements_anon_156_v20251217.parquet:parquet:88003,,data/interim/2021_tochno/data_allsettlements_anon_156_v20251217.parquet#:88003.0,/workspace/settlements-raw/data/interim/2021_tochno/data_allsettlements_anon_156_v20251217.parquet,86c197cd522e0b63669e9c6e7f43fd3d82b3704c6a126c800a9968ecd16cae14,"parquet_row_1based=88003;latitude_dadata,longitude_dadata",tochno_2021_dadata_raw_parquet_point,ARK2010:archive20131022:html_table1_tr1296,reviewed_extension_rule_accepted,retrospective use of independently admitted current ownNP point through source-bound native2010 identity and accepted02/21 core,retrospective_continuity_not_historical_coordinate_measurement,auto_rule,False
61.5424257,41.5383498,2021:data_allsettlements_anon_156_v20251217.parquet:parquet:87616,,data/interim/2021_tochno/data_allsettlements_anon_156_v20251217.parquet#:87616.0,/workspace/settlements-raw/data/interim/2021_tochno/data_allsettlements_anon_156_v20251217.parquet,86c197cd522e0b63669e9c6e7f43fd3d82b3704c6a126c800a9968ecd16cae14,"parquet_row_1based=87616;latitude_dadata,longitude_dadata",tochno_2021_dadata_raw_parquet_point,ARK2010:archive20131022:html_table1_tr0164,reviewed_extension_rule_accepted,retrospective use of independently admitted current ownNP point through source-bound native2010 identity and accepted02/21 core,retrospective_continuity_not_historical_coordinate_measurement,auto_rule,False
62.007036,45.0989128,2021:data_allsettlements_anon_156_v20251217.parquet:parquet:86660,,data/interim/2021_tochno/data_allsettlements_anon_156_v20251217.parquet#:86660.0,/workspace/settlements-raw/data/interim/2021_tochno/data_allsettlements_anon_156_v20251217.parquet,86c197cd522e0b63669e9c6e7f43fd3d82b3704c6a126c800a9968ecd16cae14,"parquet_row_1based=86660;latitude_dadata,longitude_dadata",tochno_2021_dadata_raw_parquet_point,ARK2010:archive20131022:html_table1_tr0687,reviewed_extension_rule_accepted,retrospective use of independently admitted current ownNP point through source-bound native2010 identity and accepted02/21 core,retrospective_continuity_not_historical_coordinate_measurement,auto_rule,False
61.1001064,42.1748359,2021:data_allsettlements_anon_156_v20251217.parquet:parquet:87533,,data/interim/2021_tochno/data_allsettlements_anon_156_v20251217.parquet#:87533.0,/workspace/settlements-raw/data/interim/2021_tochno/data_allsettlements_anon_156_v20251217.parquet,86c197cd522e0b63669e9c6e7f43fd3d82b3704c6a126c800a9968ecd16cae14,"parquet_row_1based=87533;latitude_dadata,longitude_dadata",tochno_2021_dadata_raw_parquet_point,ARK2010:archive20131022:html_table1_tr0080,reviewed_extension_rule_accepted,retrospective use of independently admitted current ownNP point through source-bound native2010 identity and accepted02/21 core,retrospective_continuity_not_historical_coordinate_measurement,auto_rule,False
60.9802052,41.8063997,2021:data_allsettlements_anon_156_v20251217.parquet:parquet:87655,,data/interim/2021_tochno/data_allsettlements_anon_156_v20251217.parquet#:87655.0,/workspace/settlements-raw/data/interim/2021_tochno/data_allsettlements_anon_156_v20251217.parquet,86c197cd522e0b63669e9c6e7f43fd3d82b3704c6a126c800a9968ecd16cae14,"parquet_row_1based=87655;latitude_dadata,longitude_dadata",tochno_2021_dadata_raw_parquet_point,ARK2010:archive20131022:html_table1_tr0202,reviewed_extension_rule_accepted,retrospective use of independently admitted current ownNP point through source-bound native2010 identity and accepted02/21 core,retrospective_continuity_not_historical_coordinate_measurement,auto_rule,False
61.204564,46.540098,Q18798032,86c197cd522e0b63669e9c6e7f43fd3d82b3704c6a126c800a9968ecd16cae14,data/interim/2021_tochno/data_allsettlements_anon_156_v20251217.parquet#row=88286.0,/workspace/settlements-raw/data/raw/wikidata_truthy_claims/batch_0042.jsonl.gz,7a4affa954e88b65ce5716cdb7506bdd65dd2996629b92f1f8ba7ab49e49c3f3,"{""line_number"": 7413, ""locator"": ""batch_0042.jsonl.gz#line=7413"", ""retrieved_at_utc"": ""2026-08-31T20:57:56.916071+00:00"", ""source_file"": ""batch_0042.jsonl.gz"", ""value_raw"": ""POINT(46.540098 61.204564)""}",wikidata_P625_point_claim,ARK2010:archive20131022:html_table1_tr1493,reviewed_extension_rule_accepted,retrospective use of independently admitted current ownNP point through source-bound native2010 identity and accepted02/21 core,retrospective_continuity_not_historical_coordinate_measurement,auto_rule,False
61.9155364,42.0252688,2021:data_allsettlements_anon_156_v20251217.parquet:parquet:90425,86c197cd522e0b63669e9c6e7f43fd3d82b3704c6a126c800a9968ecd16cae14,"parquet_row_1based=90425;latitude_dadata,longitude_dadata",/workspace/settlements-raw/data/interim/2021_tochno/data_allsettlements_anon_156_v20251217.parquet,86c197cd522e0b63669e9c6e7f43fd3d82b3704c6a126c800a9968ecd16cae14,"parquet_row_1based=90425;latitude_dadata,longitude_dadata",raw_2021_own_provider_named_point,ARK2010:archive20131022:html_table1_tr4071,reviewed_extension_rule_accepted,retrospective use of independently admitted current ownNP point through source-bound native2010 identity and accepted02/21 core,retrospective_continuity_not_historical_coordinate_measurement,auto_rule,False
61.0981599,42.1808984,2021:data_allsettlements_anon_156_v20251217.parquet:parquet:87535,,data/interim/2021_tochno/data_allsettlements_anon_156_v20251217.parquet#:87535.0,/workspace/settlements-raw/data/interim/2021_tochno/data_allsettlements_anon_156_v20251217.parquet,86c197cd522e0b63669e9c6e7f43fd3d82b3704c6a126c800a9968ecd16cae14,"parquet_row_1based=87535;latitude_dadata,longitude_dadata",tochno_2021_dadata_raw_parquet_point,ARK2010:archive20131022:html_table1_tr0082,reviewed_extension_rule_accepted,retrospective use of independently admitted current ownNP point through source-bound native2010 identity and accepted02/21 core,retrospective_continuity_not_historical_coordinate_measurement,auto_rule,False
62.3716225,43.9724463,2021:data_allsettlements_anon_156_v20251217.parquet:parquet:86764,,data/interim/2021_tochno/data_allsettlements_anon_156_v20251217.parquet#:86764.0,/workspace/settlements-raw/data/interim/2021_tochno/data_allsettlements_anon_156_v20251217.parquet,86c197cd522e0b63669e9c6e7f43fd3d82b3704c6a126c800a9968ecd16cae14,"parquet_row_1based=86764;latitude_dadata,longitude_dadata",tochno_2021_dadata_raw_parquet_point,ARK2010:archive20131022:html_table1_tr0580,reviewed_extension_rule_accepted,retrospective use of independently admitted current ownNP point through source-bound native2010 identity and accepted02/21 core,retrospective_continuity_not_historical_coordinate_measurement,auto_rule,False
62.3016227,38.3330879,2021:data_allsettlements_anon_156_v20251217.parquet:parquet:87364,,data/interim/2021_tochno/data_allsettlements_anon_156_v20251217.parquet#:87364.0,/workspace/settlements-raw/data/interim/2021_tochno/data_allsettlements_anon_156_v20251217.parquet,86c197cd522e0b63669e9c6e7f43fd3d82b3704c6a126c800a9968ecd16cae14,"parquet_row_1based=87364;latitude_dadata,longitude_dadata",tochno_2021_dadata_raw_parquet_point,ARK2010:archive20131022:html_table1_tr2994,reviewed_extension_rule_accepted,retrospective use of independently admitted current ownNP point through source-bound native2010 identity and accepted02/21 core,retrospective_continuity_not_historical_coordinate_measurement,auto_rule,False
61.1606221,38.5956354,2021:data_allsettlements_anon_156_v20251217.parquet:parquet:87180,,data/interim/2021_tochno/data_allsettlements_anon_156_v20251217.parquet#:87180.0,/workspace/settlements-raw/data/interim/2021_tochno/data_allsettlements_anon_156_v20251217.parquet,86c197cd522e0b63669e9c6e7f43fd3d82b3704c6a126c800a9968ecd16cae14,"parquet_row_1based=87180;latitude_dadata,longitude_dadata",tochno_2021_dadata_raw_parquet_point,ARK2010:archive20131022:html_table1_tr1223,reviewed_extension_rule_accepted,retrospective use of independently admitted current ownNP point through source-bound native2010 identity and accepted02/21 core,retrospective_continuity_not_historical_coordinate_measurement,auto_rule,False
61.0683267,48.2110304,2021:data_allsettlements_anon_156_v20251217.parquet:parquet:86902,,data/interim/2021_tochno/data_allsettlements_anon_156_v20251217.parquet#:86902.0,/workspace/settlements-raw/data/interim/2021_tochno/data_allsettlements_anon_156_v20251217.parquet,86c197cd522e0b63669e9c6e7f43fd3d82b3704c6a126c800a9968ecd16cae14,"parquet_row_1based=86902;latitude_dadata,longitude_dadata",tochno_2021_dadata_raw_parquet_point,ARK2010:archive20131022:html_table1_tr0860,reviewed_extension_rule_accepted,retrospective use of independently admitted current ownNP point through source-bound native2010 identity and accepted02/21 core,retrospective_continuity_not_historical_coordinate_measurement,auto_rule,False
61.0221691,42.0448499,2021:data_allsettlements_anon_156_v20251217.parquet:parquet:87800,,data/interim/2021_tochno/data_allsettlements_anon_156_v20251217.parquet#:87800.0,/workspace/settlements-raw/data/interim/2021_tochno/data_allsettlements_anon_156_v20251217.parquet,86c197cd522e0b63669e9c6e7f43fd3d82b3704c6a126c800a9968ecd16cae14,"parquet_row_1based=87800;latitude_dadata,longitude_dadata",tochno_2021_dadata_raw_parquet_point,ARK2010:archive20131022:html_table1_tr0397,reviewed_extension_rule_accepted,retrospective use of independently admitted current ownNP point through source-bound native2010 identity and accepted02/21 core,retrospective_continuity_not_historical_coordinate_measurement,auto_rule,False
61.5639385,43.9053161,2021:data_allsettlements_anon_156_v20251217.parquet:parquet:89843,86c197cd522e0b63669e9c6e7f43fd3d82b3704c6a126c800a9968ecd16cae14,"parquet_row_1based=89843;latitude_dadata,longitude_dadata",/workspace/settlements-raw/data/interim/2021_tochno/data_allsettlements_anon_156_v20251217.parquet,86c197cd522e0b63669e9c6e7f43fd3d82b3704c6a126c800a9968ecd16cae14,"parquet_row_1based=89843;latitude_dadata,longitude_dadata",raw_2021_own_provider_named_point,ARK2010:archive20131022:html_table1_tr3463,reviewed_extension_rule_accepted,retrospective use of independently admitted current ownNP point through source-bound native2010 identity and accepted02/21 core,retrospective_continuity_not_historical_coordinate_measurement,auto_rule,False
61.336194,47.1231075,2021:data_allsettlements_anon_156_v20251217.parquet:parquet:88159,86c197cd522e0b63669e9c6e7f43fd3d82b3704c6a126c800a9968ecd16cae14,"parquet_row_1based=88159;latitude_dadata,longitude_dadata",/workspace/settlements-raw/data/interim/2021_tochno/data_allsettlements_anon_156_v20251217.parquet,86c197cd522e0b63669e9c6e7f43fd3d82b3704c6a126c800a9968ecd16cae14,"parquet_row_1based=88159;latitude_dadata,longitude_dadata",raw_2021_own_provider_named_point,ARK2010:archive20131022:html_table1_tr1532,reviewed_extension_rule_accepted,retrospective use of independently admitted current ownNP point through source-bound native2010 identity and accepted02/21 core,retrospective_continuity_not_historical_coordinate_measurement,auto_rule,False
62.0093249,45.2096595,2021:data_allsettlements_anon_156_v20251217.parquet:parquet:86787,,data/interim/2021_tochno/data_allsettlements_anon_156_v20251217.parquet#:86787.0,/workspace/settlements-raw/data/interim/2021_tochno/data_allsettlements_anon_156_v20251217.parquet,86c197cd522e0b63669e9c6e7f43fd3d82b3704c6a126c800a9968ecd16cae14,"parquet_row_1based=86787;latitude_dadata,longitude_dadata",tochno_2021_dadata_raw_parquet_point,ARK2010:archive20131022:html_table1_tr0656,reviewed_extension_rule_accepted,retrospective use of independently admitted current ownNP point through source-bound native2010 identity and accepted02/21 core,retrospective_continuity_not_historical_coordinate_measurement,auto_rule,False
52.9270826,35.9314555,2021:data_allsettlements_anon_156_v20251217.parquet:parquet:92996,86c197cd522e0b63669e9c6e7f43fd3d82b3704c6a126c800a9968ecd16cae14,data/interim/2021_tochno/data_allsettlements_anon_156_v20251217.parquet#:row_1based=92996,/workspace/settlements-raw/data/interim/2021_tochno/data_allsettlements_anon_156_v20251217.parquet,86c197cd522e0b63669e9c6e7f43fd3d82b3704c6a126c800a9968ecd16cae14,"parquet_row_1based=92996;latitude_dadata,longitude_dadata",tochno_2021_dadata_raw_parquet_point,2010:010_711691e352_2._20Kostrom_Kur_Lip_Moscow_MoscObl_Orlov_2010.xls:Data Sheet:16380,reviewed_extension_rule_accepted,retrospective use of independently admitted current ownNP point through source-bound native2010 identity and accepted02/21 core,retrospective_continuity_not_historical_coordinate_measurement,auto_rule,False
61.9087266,42.0627252,2021:data_allsettlements_anon_156_v20251217.parquet:parquet:90414,86c197cd522e0b63669e9c6e7f43fd3d82b3704c6a126c800a9968ecd16cae14,"parquet_row_1based=90414;latitude_dadata,longitude_dadata",/workspace/settlements-raw/data/interim/2021_tochno/data_allsettlements_anon_156_v20251217.parquet,86c197cd522e0b63669e9c6e7f43fd3d82b3704c6a126c800a9968ecd16cae14,"parquet_row_1based=90414;latitude_dadata,longitude_dadata",raw_2021_own_provider_named_point,ARK2010:archive20131022:html_table1_tr4059,reviewed_extension_rule_accepted,retrospective use of independently admitted current ownNP point through source-bound native2010 identity and accepted02/21 core,retrospective_continuity_not_historical_coordinate_measurement,auto_rule,False
55.3605046,40.299751,2021:data_allsettlements_anon_156_v20251217.parquet:parquet:1914,,data/interim/2021_tochno/data_allsettlements_anon_156_v20251217.parquet#:1914.0,/workspace/settlements-raw/data/interim/2021_tochno/data_allsettlements_anon_156_v20251217.parquet,86c197cd522e0b63669e9c6e7f43fd3d82b3704c6a126c800a9968ecd16cae14,"parquet_row_1based=1914;latitude_dadata,longitude_dadata",tochno_2021_dadata_raw_parquet_point,2010:013_f60b2d2bcf_5._20Belg_Bryan_Vlad_Voron_Ivanov_Kalug_20L1_ethn_2010.xls:Data Sheet:5045,reviewed_extension_rule_accepted,retrospective use of independently admitted current ownNP point through source-bound native2010 identity and accepted02/21 core,retrospective_continuity_not_historical_coordinate_measurement,auto_rule,False
64.4904427,40.3663464,2021:data_allsettlements_anon_156_v20251217.parquet:parquet:90669,86c197cd522e0b63669e9c6e7f43fd3d82b3704c6a126c800a9968ecd16cae14,data/interim/2021_tochno/data_allsettlements_anon_156_v20251217.parquet#:row_1based=90669,/workspace/settlements-raw/data/interim/2021_tochno/data_allsettlements_anon_156_v20251217.parquet,86c197cd522e0b63669e9c6e7f43fd3d82b3704c6a126c800a9968ecd16cae14,"parquet_row_1based=90669;latitude_dadata,longitude_dadata",tochno_2021_dadata_raw_parquet_point,ARK2010:archive20131022:html_table1_tr0024,reviewed_extension_rule_accepted,retrospective use of independently admitted current ownNP point through source-bound native2010 identity and accepted02/21 core,retrospective_continuity_not_historical_coordinate_measurement,auto_rule,False
64.4576387,40.6439302,2021:data_allsettlements_anon_156_v20251217.parquet:parquet:89578,86c197cd522e0b63669e9c6e7f43fd3d82b3704c6a126c800a9968ecd16cae14,"parquet_row_1based=89578;latitude_dadata,longitude_dadata",/workspace/settlements-raw/data/interim/2021_tochno/data_allsettlements_anon_156_v20251217.parquet,86c197cd522e0b63669e9c6e7f43fd3d82b3704c6a126c800a9968ecd16cae14,"parquet_row_1based=89578;latitude_dadata,longitude_dadata",raw_2021_own_provider_named_point,ARK2010:archive20131022:html_table1_tr3227,reviewed_extension_rule_accepted,retrospective use of independently admitted current ownNP point through source-bound native2010 identity and accepted02/21 core,retrospective_continuity_not_historical_coordinate_measurement,auto_rule,False
55.3401133,40.0999664,bd8e4d01-0cbe-4f2f-b668-d6089adbb065,None,None,/workspace/settlements-raw/data/interim/2021_tochno/data_allsettlements_anon_156_v20251217.parquet,86c197cd522e0b63669e9c6e7f43fd3d82b3704c6a126c800a9968ecd16cae14,parquet row 1-based=70861; raw row sha256=8f01fc4e461572a65b81f2b3b14b776911320610f0e5dbdb5b6966a3acae6427,exact_row_current_FIAS_level6_locality,2010:010_711691e352_2._20Kostrom_Kur_Lip_Moscow_MoscObl_Orlov_2010.xls:Data Sheet:14011,reviewed_extension_rule_accepted,retrospective use of independently admitted current ownNP point through source-bound native2010 identity and accepted02/21 core,retrospective_continuity_not_historical_coordinate_measurement,auto_rule,False
61.5453901,46.0020231,2021:data_allsettlements_anon_156_v20251217.parquet:parquet:88699,86c197cd522e0b63669e9c6e7f43fd3d82b3704c6a126c800a9968ecd16cae14,"parquet_row_1based=88699;latitude_dadata,longitude_dadata",/workspace/settlements-raw/data/interim/2021_tochno/data_allsettlements_anon_156_v20251217.parquet,86c197cd522e0b63669e9c6e7f43fd3d82b3704c6a126c800a9968ecd16cae14,"parquet_row_1based=88699;latitude_dadata,longitude_dadata",raw_2021_own_provider_named_point,ARK2010:archive20131022:html_table1_tr2007,reviewed_extension_rule_accepted,retrospective use of independently admitted current ownNP point through source-bound native2010 identity and accepted02/21 core,retrospective_continuity_not_historical_coordinate_measurement,auto_rule,False
61.0576739,40.5239147,2021:data_allsettlements_anon_156_v20251217.parquet:parquet:88007,,data/interim/2021_tochno/data_allsettlements_anon_156_v20251217.parquet#:88007.0,/workspace/settlements-raw/data/interim/2021_tochno/data_allsettlements_anon_156_v20251217.parquet,86c197cd522e0b63669e9c6e7f43fd3d82b3704c6a126c800a9968ecd16cae14,"parquet_row_1based=88007;latitude_dadata,longitude_dadata",tochno_2021_dadata_raw_parquet_point,ARK2010:archive20131022:html_table1_tr1301,reviewed_extension_rule_accepted,retrospective use of independently admitted current ownNP point through source-bound native2010 identity and accepted02/21 core,retrospective_continuity_not_historical_coordinate_measurement,auto_rule,False
61.7668958,45.2705486,2021:data_allsettlements_anon_156_v20251217.parquet:parquet:88754,86c197cd522e0b63669e9c6e7f43fd3d82b3704c6a126c800a9968ecd16cae14,"parquet_row_1based=88754;latitude_dadata,longitude_dadata",/workspace/settlements-raw/data/interim/2021_tochno/data_allsettlements_anon_156_v20251217.parquet,86c197cd522e0b63669e9c6e7f43fd3d82b3704c6a126c800a9968ecd16cae14,"parquet_row_1based=88754;latitude_dadata,longitude_dadata",raw_2021_own_provider_named_point,ARK2010:archive20131022:html_table1_tr2062,reviewed_extension_rule_accepted,retrospective use of independently admitted current ownNP point through source-bound native2010 identity and accepted02/21 core,retrospective_continuity_not_historical_coordinate_measurement,auto_rule,False
61.1338911,41.9767191,2021:data_allsettlements_anon_156_v20251217.parquet:parquet:87859,,data/interim/2021_tochno/data_allsettlements_anon_156_v20251217.parquet#:87859.0,/workspace/settlements-raw/data/interim/2021_tochno/data_allsettlements_anon_156_v20251217.parquet,86c197cd522e0b63669e9c6e7f43fd3d82b3704c6a126c800a9968ecd16cae14,"parquet_row_1based=87859;latitude_dadata,longitude_dadata",tochno_2021_dadata_raw_parquet_point,ARK2010:archive20131022:html_table1_tr0356,reviewed_extension_rule_accepted,retrospective use of independently admitted current ownNP point through source-bound native2010 identity and accepted02/21 core,retrospective_continuity_not_historical_coordinate_measurement,auto_rule,False
63.2256773,39.1193247,2021:data_allsettlements_anon_156_v20251217.parquet:parquet:89309,86c197cd522e0b63669e9c6e7f43fd3d82b3704c6a126c800a9968ecd16cae14,"parquet_row_1based=89309;latitude_dadata,longitude_dadata",/workspace/settlements-raw/data/interim/2021_tochno/data_allsettlements_anon_156_v20251217.parquet,86c197cd522e0b63669e9c6e7f43fd3d82b3704c6a126c800a9968ecd16cae14,"parquet_row_1based=89309;latitude_dadata,longitude_dadata",raw_2021_own_provider_named_point,ARK2010:archive20131022:html_table1_tr2644,reviewed_extension_rule_accepted,retrospective use of independently admitted current ownNP point through source-bound native2010 identity and accepted02/21 core,retrospective_continuity_not_historical_coordinate_measurement,auto_rule,False
61.8582052,42.3987838,2021:data_allsettlements_anon_156_v20251217.parquet:parquet:90536,86c197cd522e0b63669e9c6e7f43fd3d82b3704c6a126c800a9968ecd16cae14,"parquet_row_1based=90536;latitude_dadata,longitude_dadata",/workspace/settlements-raw/data/interim/2021_tochno/data_allsettlements_anon_156_v20251217.parquet,86c197cd522e0b63669e9c6e7f43fd3d82b3704c6a126c800a9968ecd16cae14,"parquet_row_1based=90536;latitude_dadata,longitude_dadata",raw_2021_own_provider_named_point,ARK2010:archive20131022:html_table1_tr4183,reviewed_extension_rule_accepted,retrospective use of independently admitted current ownNP point through source-bound native2010 identity and accepted02/21 core,retrospective_continuity_not_historical_coordinate_measurement,auto_rule,False
62.1621788,45.0984277,2021:data_allsettlements_anon_156_v20251217.parquet:parquet:86786,,data/interim/2021_tochno/data_allsettlements_anon_156_v20251217.parquet#:86786.0,/workspace/settlements-raw/data/interim/2021_tochno/data_allsettlements_anon_156_v20251217.parquet,86c197cd522e0b63669e9c6e7f43fd3d82b3704c6a126c800a9968ecd16cae14,"parquet_row_1based=86786;latitude_dadata,longitude_dadata",tochno_2021_dadata_raw_parquet_point,ARK2010:archive20131022:html_table1_tr0562,reviewed_extension_rule_accepted,retrospective use of independently admitted current ownNP point through source-bound native2010 identity and accepted02/21 core,retrospective_continuity_not_historical_coordinate_measurement,auto_rule,False
57.728514,63.05469,Q15276283,86c197cd522e0b63669e9c6e7f43fd3d82b3704c6a126c800a9968ecd16cae14,data/interim/2021_tochno/data_allsettlements_anon_156_v20251217.parquet#row=119941.0,/workspace/settlements-raw/data/raw/wikidata_truthy_claims/batch_0015.jsonl.gz,cad3745110d3760ec8e3d104b2e364923c0b43ea952dce9f5367ee2fbd6b74d2,"{""line_number"": 7359, ""locator"": ""batch_0015.jsonl.gz#line=7359"", ""retrieved_at_utc"": ""2026-08-31T20:57:27.090420+00:00"", ""source_file"": ""batch_0015.jsonl.gz"", ""value_raw"": ""POINT(63.054690 57.728514)""}",wikidata_P625_point_claim,2010:003_eb441570b1_11._20Урал_ФО_2010.xls:Урал:3348,reviewed_extension_rule_accepted,retrospective use of independently admitted current ownNP point through source-bound native2010 identity and accepted02/21 core,retrospective_continuity_not_historical_coordinate_measurement,auto_rule,False
62.7685111,43.1873454,2021:data_allsettlements_anon_156_v20251217.parquet:parquet:87939,86c197cd522e0b63669e9c6e7f43fd3d82b3704c6a126c800a9968ecd16cae14,"parquet_row_1based=87939;latitude_dadata,longitude_dadata",/workspace/settlements-raw/data/interim/2021_tochno/data_allsettlements_anon_156_v20251217.parquet,86c197cd522e0b63669e9c6e7f43fd3d82b3704c6a126c800a9968ecd16cae14,"parquet_row_1based=87939;latitude_dadata,longitude_dadata",raw_2021_own_provider_named_point,ARK2010:archive20131022:html_table1_tr0976,reviewed_extension_rule_accepted,retrospective use of independently admitted current ownNP point through source-bound native2010 identity and accepted02/21 core,retrospective_continuity_not_historical_coordinate_measurement,auto_rule,False
61.5593113,43.9008185,2021:data_allsettlements_anon_156_v20251217.parquet:parquet:89840,86c197cd522e0b63669e9c6e7f43fd3d82b3704c6a126c800a9968ecd16cae14,"parquet_row_1based=89840;latitude_dadata,longitude_dadata",/workspace/settlements-raw/data/interim/2021_tochno/data_allsettlements_anon_156_v20251217.parquet,86c197cd522e0b63669e9c6e7f43fd3d82b3704c6a126c800a9968ecd16cae14,"parquet_row_1based=89840;latitude_dadata,longitude_dadata",raw_2021_own_provider_named_point,ARK2010:archive20131022:html_table1_tr3460,reviewed_extension_rule_accepted,retrospective use of independently admitted current ownNP point through source-bound native2010 identity and accepted02/21 core,retrospective_continuity_not_historical_coordinate_measurement,auto_rule,False
62.7610359,43.2353944,2021:data_allsettlements_anon_156_v20251217.parquet:parquet:87932,86c197cd522e0b63669e9c6e7f43fd3d82b3704c6a126c800a9968ecd16cae14,"parquet_row_1based=87932;latitude_dadata,longitude_dadata",/workspace/settlements-raw/data/interim/2021_tochno/data_allsettlements_anon_156_v20251217.parquet,86c197cd522e0b63669e9c6e7f43fd3d82b3704c6a126c800a9968ecd16cae14,"parquet_row_1based=87932;latitude_dadata,longitude_dadata",raw_2021_own_provider_named_point,ARK2010:archive20131022:html_table1_tr0969,reviewed_extension_rule_accepted,retrospective use of independently admitted current ownNP point through source-bound native2010 identity and accepted02/21 core,retrospective_continuity_not_historical_coordinate_measurement,auto_rule,False
64.289687,41.4608585,2021:data_allsettlements_anon_156_v20251217.parquet:parquet:90353,86c197cd522e0b63669e9c6e7f43fd3d82b3704c6a126c800a9968ecd16cae14,"parquet_row_1based=90353;latitude_dadata,longitude_dadata",/workspace/settlements-raw/data/interim/2021_tochno/data_allsettlements_anon_156_v20251217.parquet,86c197cd522e0b63669e9c6e7f43fd3d82b3704c6a126c800a9968ecd16cae14,"parquet_row_1based=90353;latitude_dadata,longitude_dadata",raw_2021_own_provider_named_point,ARK2010:archive20131022:html_table1_tr3597,reviewed_extension_rule_accepted,retrospective use of independently admitted current ownNP point through source-bound native2010 identity and accepted02/21 core,retrospective_continuity_not_historical_coordinate_measurement,auto_rule,False
61.1402478,48.2647754,2021:data_allsettlements_anon_156_v20251217.parquet:parquet:86899,,data/interim/2021_tochno/data_allsettlements_anon_156_v20251217.parquet#:86899.0,/workspace/settlements-raw/data/interim/2021_tochno/data_allsettlements_anon_156_v20251217.parquet,86c197cd522e0b63669e9c6e7f43fd3d82b3704c6a126c800a9968ecd16cae14,"parquet_row_1based=86899;latitude_dadata,longitude_dadata",tochno_2021_dadata_raw_parquet_point,ARK2010:archive20131022:html_table1_tr0783,reviewed_extension_rule_accepted,retrospective use of independently admitted current ownNP point through source-bound native2010 identity and accepted02/21 core,retrospective_continuity_not_historical_coordinate_measurement,auto_rule,False
61.5569731,43.9103554,2021:data_allsettlements_anon_156_v20251217.parquet:parquet:89841,86c197cd522e0b63669e9c6e7f43fd3d82b3704c6a126c800a9968ecd16cae14,"parquet_row_1based=89841;latitude_dadata,longitude_dadata",/workspace/settlements-raw/data/interim/2021_tochno/data_allsettlements_anon_156_v20251217.parquet,86c197cd522e0b63669e9c6e7f43fd3d82b3704c6a126c800a9968ecd16cae14,"parquet_row_1based=89841;latitude_dadata,longitude_dadata",raw_2021_own_provider_named_point,ARK2010:archive20131022:html_table1_tr3461,reviewed_extension_rule_accepted,retrospective use of independently admitted current ownNP point through source-bound native2010 identity and accepted02/21 core,retrospective_continuity_not_historical_coordinate_measurement,auto_rule,False
56.275579,40.039085,Q19884397,86c197cd522e0b63669e9c6e7f43fd3d82b3704c6a126c800a9968ecd16cae14,data/interim/2021_tochno/data_allsettlements_anon_156_v20251217.parquet#row=3266.0,/workspace/settlements-raw/data/raw/wikidata_truthy_claims/batch_0059.jsonl.gz,1c4a8a02d2df933e12e327ec6536a2c7cbbd7011da0193735835ad5ed8e12fb7,"{""line_number"": 7550, ""locator"": ""batch_0059.jsonl.gz#line=7550"", ""retrieved_at_utc"": ""2026-08-31T20:58:15.833442+00:00"", ""source_file"": ""batch_0059.jsonl.gz"", ""value_raw"": ""POINT(40.039085 56.275579)""}",wikidata_P625_point_claim,2010:013_f60b2d2bcf_5._20Belg_Bryan_Vlad_Voron_Ivanov_Kalug_20L1_ethn_2010.xls:Data Sheet:6128,reviewed_extension_rule_accepted,retrospective use of independently admitted current ownNP point through source-bound native2010 identity and accepted02/21 core,retrospective_continuity_not_historical_coordinate_measurement,auto_rule,False
61.0605601,48.1987356,2021:data_allsettlements_anon_156_v20251217.parquet:parquet:86900,,data/interim/2021_tochno/data_allsettlements_anon_156_v20251217.parquet#:86900.0,/workspace/settlements-raw/data/interim/2021_tochno/data_allsettlements_anon_156_v20251217.parquet,86c197cd522e0b63669e9c6e7f43fd3d82b3704c6a126c800a9968ecd16cae14,"parquet_row_1based=86900;latitude_dadata,longitude_dadata",tochno_2021_dadata_raw_parquet_point,ARK2010:archive20131022:html_table1_tr0858,reviewed_extension_rule_accepted,retrospective use of independently admitted current ownNP point through source-bound native2010 identity and accepted02/21 core,retrospective_continuity_not_historical_coordinate_measurement,auto_rule,False
61.2395877,44.6924062,2021:data_allsettlements_anon_156_v20251217.parquet:parquet:89778,86c197cd522e0b63669e9c6e7f43fd3d82b3704c6a126c800a9968ecd16cae14,"parquet_row_1based=89778;latitude_dadata,longitude_dadata",/workspace/settlements-raw/data/interim/2021_tochno/data_allsettlements_anon_156_v20251217.parquet,86c197cd522e0b63669e9c6e7f43fd3d82b3704c6a126c800a9968ecd16cae14,"parquet_row_1based=89778;latitude_dadata,longitude_dadata",raw_2021_own_provider_named_point,ARK2010:archive20131022:html_table1_tr3397,reviewed_extension_rule_accepted,retrospective use of independently admitted current ownNP point through source-bound native2010 identity and accepted02/21 core,retrospective_continuity_not_historical_coordinate_measurement,auto_rule,False
62.1439455,42.8245769,2021:data_allsettlements_anon_156_v20251217.parquet:parquet:90444,86c197cd522e0b63669e9c6e7f43fd3d82b3704c6a126c800a9968ecd16cae14,"parquet_row_1based=90444;latitude_dadata,longitude_dadata",/workspace/settlements-raw/data/interim/2021_tochno/data_allsettlements_anon_156_v20251217.parquet,86c197cd522e0b63669e9c6e7f43fd3d82b3704c6a126c800a9968ecd16cae14,"parquet_row_1based=90444;latitude_dadata,longitude_dadata",raw_2021_own_provider_named_point,ARK2010:archive20131022:html_table1_tr4084,reviewed_extension_rule_accepted,retrospective use of independently admitted current ownNP point through source-bound native2010 identity and accepted02/21 core,retrospective_continuity_not_historical_coordinate_measurement,auto_rule,False
60.8395935,40.9560101,2021:data_allsettlements_anon_156_v20251217.parquet:parquet:88138,,data/interim/2021_tochno/data_allsettlements_anon_156_v20251217.parquet#:88138.0,/workspace/settlements-raw/data/interim/2021_tochno/data_allsettlements_anon_156_v20251217.parquet,86c197cd522e0b63669e9c6e7f43fd3d82b3704c6a126c800a9968ecd16cae14,"parquet_row_1based=88138;latitude_dadata,longitude_dadata",tochno_2021_dadata_raw_parquet_point,ARK2010:archive20131022:html_table1_tr1438,reviewed_extension_rule_accepted,retrospective use of independently admitted current ownNP point through source-bound native2010 identity and accepted02/21 core,retrospective_continuity_not_historical_coordinate_measurement,auto_rule,False
62.1336898,42.8280576,2021:data_allsettlements_anon_156_v20251217.parquet:parquet:90445,86c197cd522e0b63669e9c6e7f43fd3d82b3704c6a126c800a9968ecd16cae14,"parquet_row_1based=90445;latitude_dadata,longitude_dadata",/workspace/settlements-raw/data/interim/2021_tochno/data_allsettlements_anon_156_v20251217.parquet,86c197cd522e0b63669e9c6e7f43fd3d82b3704c6a126c800a9968ecd16cae14,"parquet_row_1based=90445;latitude_dadata,longitude_dadata",raw_2021_own_provider_named_point,ARK2010:archive20131022:html_table1_tr4085,reviewed_extension_rule_accepted,retrospective use of independently admitted current ownNP point through source-bound native2010 identity and accepted02/21 core,retrospective_continuity_not_historical_coordinate_measurement,auto_rule,False
64.2948434,41.3396671,2021:data_allsettlements_anon_156_v20251217.parquet:parquet:90129,86c197cd522e0b63669e9c6e7f43fd3d82b3704c6a126c800a9968ecd16cae14,"parquet_row_1based=90129;latitude_dadata,longitude_dadata",/workspace/settlements-raw/data/interim/2021_tochno/data_allsettlements_anon_156_v20251217.parquet,86c197cd522e0b63669e9c6e7f43fd3d82b3704c6a126c800a9968ecd16cae14,"parquet_row_1based=90129;latitude_dadata,longitude_dadata",raw_2021_own_provider_named_point,ARK2010:archive20131022:html_table1_tr3766,reviewed_extension_rule_accepted,retrospective use of independently admitted current ownNP point through source-bound native2010 identity and accepted02/21 core,retrospective_continuity_not_historical_coordinate_measurement,auto_rule,False
64.59253,43.289175,Q4237941,86c197cd522e0b63669e9c6e7f43fd3d82b3704c6a126c800a9968ecd16cae14,data/interim/2021_tochno/data_allsettlements_anon_156_v20251217.parquet#row=89440.0,/workspace/settlements-raw/data/raw/wikidata_truthy_claims/batch_0119.jsonl.gz,bc3443dcf1bbc3e4ca99877b90d8ffc6ff3b463c554613c75af0641beae3da9a,"{""line_number"": 10237, ""locator"": ""batch_0119.jsonl.gz#line=10237"", ""retrieved_at_utc"": ""2026-08-31T20:59:36.527475+00:00"", ""source_file"": ""batch_0119.jsonl.gz"", ""value_raw"": ""POINT(43.289175 64.592530)""}",wikidata_P625_point_claim,ARK2010:archive20131022:html_table1_tr2735,reviewed_extension_rule_accepted,retrospective use of independently admitted current ownNP point through source-bound native2010 identity and accepted02/21 core,retrospective_continuity_not_historical_coordinate_measurement,auto_rule,False
61.6769702,41.1461619,2021:data_allsettlements_anon_156_v20251217.parquet:parquet:89189,86c197cd522e0b63669e9c6e7f43fd3d82b3704c6a126c800a9968ecd16cae14,"parquet_row_1based=89189;latitude_dadata,longitude_dadata",/workspace/settlements-raw/data/interim/2021_tochno/data_allsettlements_anon_156_v20251217.parquet,86c197cd522e0b63669e9c6e7f43fd3d82b3704c6a126c800a9968ecd16cae14,"parquet_row_1based=89189;latitude_dadata,longitude_dadata",raw_2021_own_provider_named_point,ARK2010:archive20131022:html_table1_tr2522,reviewed_extension_rule_accepted,retrospective use of independently admitted current ownNP point through source-bound native2010 identity and accepted02/21 core,retrospective_continuity_not_historical_coordinate_measurement,auto_rule,False
64.634144,40.978296,2021:data_allsettlements_anon_156_v20251217.parquet:parquet:89694,86c197cd522e0b63669e9c6e7f43fd3d82b3704c6a126c800a9968ecd16cae14,"parquet_row_1based=89694;latitude_dadata,longitude_dadata",/workspace/settlements-raw/data/interim/2021_tochno/data_allsettlements_anon_156_v20251217.parquet,86c197cd522e0b63669e9c6e7f43fd3d82b3704c6a126c800a9968ecd16cae14,"parquet_row_1based=89694;latitude_dadata,longitude_dadata",raw_2021_own_provider_named_point,ARK2010:archive20131022:html_table1_tr3328,reviewed_extension_rule_accepted,retrospective use of independently admitted current ownNP point through source-bound native2010 identity and accepted02/21 core,retrospective_continuity_not_historical_coordinate_measurement,auto_rule,False
60.9027894,40.8510577,2021:data_allsettlements_anon_156_v20251217.parquet:parquet:88122,,data/interim/2021_tochno/data_allsettlements_anon_156_v20251217.parquet#:88122.0,/workspace/settlements-raw/data/interim/2021_tochno/data_allsettlements_anon_156_v20251217.parquet,86c197cd522e0b63669e9c6e7f43fd3d82b3704c6a126c800a9968ecd16cae14,"parquet_row_1based=88122;latitude_dadata,longitude_dadata",tochno_2021_dadata_raw_parquet_point,ARK2010:archive20131022:html_table1_tr1420,reviewed_extension_rule_accepted,retrospective use of independently admitted current ownNP point through source-bound native2010 identity and accepted02/21 core,retrospective_continuity_not_historical_coordinate_measurement,auto_rule,False
61.8716485,40.8682241,2021:data_allsettlements_anon_156_v20251217.parquet:parquet:89132,86c197cd522e0b63669e9c6e7f43fd3d82b3704c6a126c800a9968ecd16cae14,"parquet_row_1based=89132;latitude_dadata,longitude_dadata",/workspace/settlements-raw/data/interim/2021_tochno/data_allsettlements_anon_156_v20251217.parquet,86c197cd522e0b63669e9c6e7f43fd3d82b3704c6a126c800a9968ecd16cae14,"parquet_row_1based=89132;latitude_dadata,longitude_dadata",raw_2021_own_provider_named_point,ARK2010:archive20131022:html_table1_tr2464,reviewed_extension_rule_accepted,retrospective use of independently admitted current ownNP point through source-bound native2010 identity and accepted02/21 core,retrospective_continuity_not_historical_coordinate_measurement,auto_rule,False
63.6251646,45.5481145,2021:data_allsettlements_anon_156_v20251217.parquet:parquet:89372,86c197cd522e0b63669e9c6e7f43fd3d82b3704c6a126c800a9968ecd16cae14,"parquet_row_1based=89372;latitude_dadata,longitude_dadata",/workspace/settlements-raw/data/interim/2021_tochno/data_allsettlements_anon_156_v20251217.parquet,86c197cd522e0b63669e9c6e7f43fd3d82b3704c6a126c800a9968ecd16cae14,"parquet_row_1based=89372;latitude_dadata,longitude_dadata",raw_2021_own_provider_named_point,ARK2010:archive20131022:html_table1_tr2709,reviewed_extension_rule_accepted,retrospective use of independently admitted current ownNP point through source-bound native2010 identity and accepted02/21 core,retrospective_continuity_not_historical_coordinate_measurement,auto_rule,False
61.6421468,39.114694,2021:data_allsettlements_anon_156_v20251217.parquet:parquet:87041,,data/interim/2021_tochno/data_allsettlements_anon_156_v20251217.parquet#:87041.0,/workspace/settlements-raw/data/interim/2021_tochno/data_allsettlements_anon_156_v20251217.parquet,86c197cd522e0b63669e9c6e7f43fd3d82b3704c6a126c800a9968ecd16cae14,"parquet_row_1based=87041;latitude_dadata,longitude_dadata",tochno_2021_dadata_raw_parquet_point,ARK2010:archive20131022:html_table1_tr1032,reviewed_extension_rule_accepted,retrospective use of independently admitted current ownNP point through source-bound native2010 identity and accepted02/21 core,retrospective_continuity_not_historical_coordinate_measurement,auto_rule,False
61.9459459,48.5506583,2021:data_allsettlements_anon_156_v20251217.parquet:parquet:88822,,data/interim/2021_tochno/data_allsettlements_anon_156_v20251217.parquet#:88822.0,/workspace/settlements-raw/data/interim/2021_tochno/data_allsettlements_anon_156_v20251217.parquet,86c197cd522e0b63669e9c6e7f43fd3d82b3704c6a126c800a9968ecd16cae14,"parquet_row_1based=88822;latitude_dadata,longitude_dadata",tochno_2021_dadata_raw_parquet_point,ARK2010:archive20131022:html_table1_tr2125,reviewed_extension_rule_accepted,retrospective use of independently admitted current ownNP point through source-bound native2010 identity and accepted02/21 core,retrospective_continuity_not_historical_coordinate_measurement,auto_rule,False
62.5346974,43.6382254,2021:data_allsettlements_anon_156_v20251217.parquet:parquet:87900,86c197cd522e0b63669e9c6e7f43fd3d82b3704c6a126c800a9968ecd16cae14,"parquet_row_1based=87900;latitude_dadata,longitude_dadata",/workspace/settlements-raw/data/interim/2021_tochno/data_allsettlements_anon_156_v20251217.parquet,86c197cd522e0b63669e9c6e7f43fd3d82b3704c6a126c800a9968ecd16cae14,"parquet_row_1based=87900;latitude_dadata,longitude_dadata",raw_2021_own_provider_named_point,ARK2010:archive20131022:html_table1_tr0932,reviewed_extension_rule_accepted,retrospective use of independently admitted current ownNP point through source-bound native2010 identity and accepted02/21 core,retrospective_continuity_not_historical_coordinate_measurement,auto_rule,False
61.092261,47.9993247,2021:data_allsettlements_anon_156_v20251217.parquet:parquet:86983,,data/interim/2021_tochno/data_allsettlements_anon_156_v20251217.parquet#:86983.0,/workspace/settlements-raw/data/interim/2021_tochno/data_allsettlements_anon_156_v20251217.parquet,86c197cd522e0b63669e9c6e7f43fd3d82b3704c6a126c800a9968ecd16cae14,"parquet_row_1based=86983;latitude_dadata,longitude_dadata",tochno_2021_dadata_raw_parquet_point,ARK2010:archive20131022:html_table1_tr0750,reviewed_extension_rule_accepted,retrospective use of independently admitted current ownNP point through source-bound native2010 identity and accepted02/21 core,retrospective_continuity_not_historical_coordinate_measurement,auto_rule,False
62.3245546,44.2776318,2021:data_allsettlements_anon_156_v20251217.parquet:parquet:86681,,data/interim/2021_tochno/data_allsettlements_anon_156_v20251217.parquet#:86681.0,/workspace/settlements-raw/data/interim/2021_tochno/data_allsettlements_anon_156_v20251217.parquet,86c197cd522e0b63669e9c6e7f43fd3d82b3704c6a126c800a9968ecd16cae14,"parquet_row_1based=86681;latitude_dadata,longitude_dadata",tochno_2021_dadata_raw_parquet_point,ARK2010:archive20131022:html_table1_tr0487,reviewed_extension_rule_accepted,retrospective use of independently admitted current ownNP point through source-bound native2010 identity and accepted02/21 core,retrospective_continuity_not_historical_coordinate_measurement,auto_rule,False
64.3512475,41.3218608,2021:data_allsettlements_anon_156_v20251217.parquet:parquet:89513,86c197cd522e0b63669e9c6e7f43fd3d82b3704c6a126c800a9968ecd16cae14,"parquet_row_1based=89513;latitude_dadata,longitude_dadata",/workspace/settlements-raw/data/interim/2021_tochno/data_allsettlements_anon_156_v20251217.parquet,86c197cd522e0b63669e9c6e7f43fd3d82b3704c6a126c800a9968ecd16cae14,"parquet_row_1based=89513;latitude_dadata,longitude_dadata",raw_2021_own_provider_named_point,ARK2010:archive20131022:html_table1_tr3175,reviewed_extension_rule_accepted,retrospective use of independently admitted current ownNP point through source-bound native2010 identity and accepted02/21 core,retrospective_continuity_not_historical_coordinate_measurement,auto_rule,False
61.6083496,43.9245379,2021:data_allsettlements_anon_156_v20251217.parquet:parquet:89766,86c197cd522e0b63669e9c6e7f43fd3d82b3704c6a126c800a9968ecd16cae14,"parquet_row_1based=89766;latitude_dadata,longitude_dadata",/workspace/settlements-raw/data/interim/2021_tochno/data_allsettlements_anon_156_v20251217.parquet,86c197cd522e0b63669e9c6e7f43fd3d82b3704c6a126c800a9968ecd16cae14,"parquet_row_1based=89766;latitude_dadata,longitude_dadata",raw_2021_own_provider_named_point,ARK2010:archive20131022:html_table1_tr3386,reviewed_extension_rule_accepted,retrospective use of independently admitted current ownNP point through source-bound native2010 identity and accepted02/21 core,retrospective_continuity_not_historical_coordinate_measurement,auto_rule,False
61.8834807,40.8877725,2021:data_allsettlements_anon_156_v20251217.parquet:parquet:89187,86c197cd522e0b63669e9c6e7f43fd3d82b3704c6a126c800a9968ecd16cae14,"parquet_row_1based=89187;latitude_dadata,longitude_dadata",/workspace/settlements-raw/data/interim/2021_tochno/data_allsettlements_anon_156_v20251217.parquet,86c197cd522e0b63669e9c6e7f43fd3d82b3704c6a126c800a9968ecd16cae14,"parquet_row_1based=89187;latitude_dadata,longitude_dadata",raw_2021_own_provider_named_point,ARK2010:archive20131022:html_table1_tr2427,reviewed_extension_rule_accepted,retrospective use of independently admitted current ownNP point through source-bound native2010 identity and accepted02/21 core,retrospective_continuity_not_historical_coordinate_measurement,auto_rule,False
60.9053052,40.8750197,2021:data_allsettlements_anon_156_v20251217.parquet:parquet:88112,,data/interim/2021_tochno/data_allsettlements_anon_156_v20251217.parquet#:88112.0,/workspace/settlements-raw/data/interim/2021_tochno/data_allsettlements_anon_156_v20251217.parquet,86c197cd522e0b63669e9c6e7f43fd3d82b3704c6a126c800a9968ecd16cae14,"parquet_row_1based=88112;latitude_dadata,longitude_dadata",tochno_2021_dadata_raw_parquet_point,ARK2010:archive20131022:html_table1_tr1409,reviewed_extension_rule_accepted,retrospective use of independently admitted current ownNP point through source-bound native2010 identity and accepted02/21 core,retrospective_continuity_not_historical_coordinate_measurement,auto_rule,False
62.815032,41.1707572,2021:data_allsettlements_anon_156_v20251217.parquet:parquet:87285,,data/interim/2021_tochno/data_allsettlements_anon_156_v20251217.parquet#:87285.0,/workspace/settlements-raw/data/interim/2021_tochno/data_allsettlements_anon_156_v20251217.parquet,86c197cd522e0b63669e9c6e7f43fd3d82b3704c6a126c800a9968ecd16cae14,"parquet_row_1based=87285;latitude_dadata,longitude_dadata",tochno_2021_dadata_raw_parquet_point,ARK2010:archive20131022:html_table1_tr3001,reviewed_extension_rule_accepted,retrospective use of independently admitted current ownNP point through source-bound native2010 identity and accepted02/21 core,retrospective_continuity_not_historical_coordinate_measurement,auto_rule,False
61.6107667,43.921621,2021:data_allsettlements_anon_156_v20251217.parquet:parquet:89759,86c197cd522e0b63669e9c6e7f43fd3d82b3704c6a126c800a9968ecd16cae14,"parquet_row_1based=89759;latitude_dadata,longitude_dadata",/workspace/settlements-raw/data/interim/2021_tochno/data_allsettlements_anon_156_v20251217.parquet,86c197cd522e0b63669e9c6e7f43fd3d82b3704c6a126c800a9968ecd16cae14,"parquet_row_1based=89759;latitude_dadata,longitude_dadata",raw_2021_own_provider_named_point,ARK2010:archive20131022:html_table1_tr3378,reviewed_extension_rule_accepted,retrospective use of independently admitted current ownNP point through source-bound native2010 identity and accepted02/21 core,retrospective_continuity_not_historical_coordinate_measurement,auto_rule,False
62.319722,42.992778,Q18773755,86c197cd522e0b63669e9c6e7f43fd3d82b3704c6a126c800a9968ecd16cae14,data/interim/2021_tochno/data_allsettlements_anon_156_v20251217.parquet#row=90604.0,/workspace/settlements-raw/data/raw/wikidata_truthy_claims/batch_0032.jsonl.gz,3e9d6d0cfe91286d2fdfbf99b0af3d2560e2a0ce7c45dd745c40172d65a191b5,"{""line_number"": 7081, ""locator"": ""batch_0032.jsonl.gz#line=7081"", ""retrieved_at_utc"": ""2026-08-31T20:57:47.125365+00:00"", ""source_file"": ""batch_0032.jsonl.gz"", ""value_raw"": ""POINT(42.992778 62.319722)""}",wikidata_P625_point_claim,ARK2010:archive20131022:html_table1_tr4251,reviewed_extension_rule_accepted,retrospective use of independently admitted current ownNP point through source-bound native2010 identity and accepted02/21 core,retrospective_continuity_not_historical_coordinate_measurement,auto_rule,False
61.1722402,40.285921,2021:data_allsettlements_anon_156_v20251217.parquet:parquet:88010,,data/interim/2021_tochno/data_allsettlements_anon_156_v20251217.parquet#:88010.0,/workspace/settlements-raw/data/interim/2021_tochno/data_allsettlements_anon_156_v20251217.parquet,86c197cd522e0b63669e9c6e7f43fd3d82b3704c6a126c800a9968ecd16cae14,"parquet_row_1based=88010;latitude_dadata,longitude_dadata",tochno_2021_dadata_raw_parquet_point,ARK2010:archive20131022:html_table1_tr1305,reviewed_extension_rule_accepted,retrospective use of independently admitted current ownNP point through source-bound native2010 identity and accepted02/21 core,retrospective_continuity_not_historical_coordinate_measurement,auto_rule,False
62.743889,43.265278,Q4070382,86c197cd522e0b63669e9c6e7f43fd3d82b3704c6a126c800a9968ecd16cae14,data/interim/2021_tochno/data_allsettlements_anon_156_v20251217.parquet#row=87927.0,/workspace/settlements-raw/data/raw/wikidata_truthy_claims/batch_0107.jsonl.gz,3693e664b7d3d07b1232566fb67a85f7c05e462027243a250ab5cffe5b789287,"{""line_number"": 10573, ""locator"": ""batch_0107.jsonl.gz#line=10573"", ""retrieved_at_utc"": ""2026-08-31T20:59:19.331020+00:00"", ""source_file"": ""batch_0107.jsonl.gz"", ""value_raw"": ""POINT(43.265278 62.743889)""}",wikidata_P625_point_claim,ARK2010:archive20131022:html_table1_tr0962,reviewed_extension_rule_accepted,retrospective use of independently admitted current ownNP point through source-bound native2010 identity and accepted02/21 core,retrospective_continuity_not_historical_coordinate_measurement,auto_rule,False
62.4885907,43.9065101,2021:data_allsettlements_anon_156_v20251217.parquet:parquet:87886,86c197cd522e0b63669e9c6e7f43fd3d82b3704c6a126c800a9968ecd16cae14,"parquet_row_1based=87886;latitude_dadata,longitude_dadata",/workspace/settlements-raw/data/interim/2021_tochno/data_allsettlements_anon_156_v20251217.parquet,86c197cd522e0b63669e9c6e7f43fd3d82b3704c6a126c800a9968ecd16cae14,"parquet_row_1based=87886;latitude_dadata,longitude_dadata",raw_2021_own_provider_named_point,ARK2010:archive20131022:html_table1_tr0917,reviewed_extension_rule_accepted,retrospective use of independently admitted current ownNP point through source-bound native2010 identity and accepted02/21 core,retrospective_continuity_not_historical_coordinate_measurement,auto_rule,False
64.9625562,40.4137482,2021:data_allsettlements_anon_156_v20251217.parquet:parquet:89676,86c197cd522e0b63669e9c6e7f43fd3d82b3704c6a126c800a9968ecd16cae14,"parquet_row_1based=89676;latitude_dadata,longitude_dadata",/workspace/settlements-raw/data/interim/2021_tochno/data_allsettlements_anon_156_v20251217.parquet,86c197cd522e0b63669e9c6e7f43fd3d82b3704c6a126c800a9968ecd16cae14,"parquet_row_1based=89676;latitude_dadata,longitude_dadata",raw_2021_own_provider_named_point,ARK2010:archive20131022:html_table1_tr3266,reviewed_extension_rule_accepted,retrospective use of independently admitted current ownNP point through source-bound native2010 identity and accepted02/21 core,retrospective_continuity_not_historical_coordinate_measurement,auto_rule,False
56.0207366,40.2983704,2021:data_allsettlements_anon_156_v20251217.parquet:parquet:3359,,data/interim/2021_tochno/data_allsettlements_anon_156_v20251217.parquet#:3359.0,/workspace/settlements-raw/data/interim/2021_tochno/data_allsettlements_anon_156_v20251217.parquet,86c197cd522e0b63669e9c6e7f43fd3d82b3704c6a126c800a9968ecd16cae14,"parquet_row_1based=3359;latitude_dadata,longitude_dadata",tochno_2021_dadata_raw_parquet_point,2010:013_f60b2d2bcf_5._20Belg_Bryan_Vlad_Voron_Ivanov_Kalug_20L1_ethn_2010.xls:Data Sheet:6394,reviewed_extension_rule_accepted,retrospective use of independently admitted current ownNP point through source-bound native2010 identity and accepted02/21 core,retrospective_continuity_not_historical_coordinate_measurement,auto_rule,False
61.5961216,43.9311993,2021:data_allsettlements_anon_156_v20251217.parquet:parquet:89767,86c197cd522e0b63669e9c6e7f43fd3d82b3704c6a126c800a9968ecd16cae14,"parquet_row_1based=89767;latitude_dadata,longitude_dadata",/workspace/settlements-raw/data/interim/2021_tochno/data_allsettlements_anon_156_v20251217.parquet,86c197cd522e0b63669e9c6e7f43fd3d82b3704c6a126c800a9968ecd16cae14,"parquet_row_1based=89767;latitude_dadata,longitude_dadata",raw_2021_own_provider_named_point,ARK2010:archive20131022:html_table1_tr3387,reviewed_extension_rule_accepted,retrospective use of independently admitted current ownNP point through source-bound native2010 identity and accepted02/21 core,retrospective_continuity_not_historical_coordinate_measurement,auto_rule,False
64.3316848,41.4777188,2021:data_allsettlements_anon_156_v20251217.parquet:parquet:89496,86c197cd522e0b63669e9c6e7f43fd3d82b3704c6a126c800a9968ecd16cae14,"parquet_row_1based=89496;latitude_dadata,longitude_dadata",/workspace/settlements-raw/data/interim/2021_tochno/data_allsettlements_anon_156_v20251217.parquet,86c197cd522e0b63669e9c6e7f43fd3d82b3704c6a126c800a9968ecd16cae14,"parquet_row_1based=89496;latitude_dadata,longitude_dadata",raw_2021_own_provider_named_point,ARK2010:archive20131022:html_table1_tr3170,reviewed_extension_rule_accepted,retrospective use of independently admitted current ownNP point through source-bound native2010 identity and accepted02/21 core,retrospective_continuity_not_historical_coordinate_measurement,auto_rule,False
61.0600865,48.0939568,2021:data_allsettlements_anon_156_v20251217.parquet:parquet:86905,,data/interim/2021_tochno/data_allsettlements_anon_156_v20251217.parquet#:86905.0,/workspace/settlements-raw/data/interim/2021_tochno/data_allsettlements_anon_156_v20251217.parquet,86c197cd522e0b63669e9c6e7f43fd3d82b3704c6a126c800a9968ecd16cae14,"parquet_row_1based=86905;latitude_dadata,longitude_dadata",tochno_2021_dadata_raw_parquet_point,ARK2010:archive20131022:html_table1_tr0861,reviewed_extension_rule_accepted,retrospective use of independently admitted current ownNP point through source-bound native2010 identity and accepted02/21 core,retrospective_continuity_not_historical_coordinate_measurement,auto_rule,False
64.5057282,40.4938963,2021:data_allsettlements_anon_156_v20251217.parquet:parquet:89527,86c197cd522e0b63669e9c6e7f43fd3d82b3704c6a126c800a9968ecd16cae14,"parquet_row_1based=89527;latitude_dadata,longitude_dadata",/workspace/settlements-raw/data/interim/2021_tochno/data_allsettlements_anon_156_v20251217.parquet,86c197cd522e0b63669e9c6e7f43fd3d82b3704c6a126c800a9968ecd16cae14,"parquet_row_1based=89527;latitude_dadata,longitude_dadata",raw_2021_own_provider_named_point,ARK2010:archive20131022:html_table1_tr3131,reviewed_extension_rule_accepted,retrospective use of independently admitted current ownNP point through source-bound native2010 identity and accepted02/21 core,retrospective_continuity_not_historical_coordinate_measurement,auto_rule,False
61.4839772,42.5586496,2021:data_allsettlements_anon_156_v20251217.parquet:parquet:87554,,data/interim/2021_tochno/data_allsettlements_anon_156_v20251217.parquet#:87554.0,/workspace/settlements-raw/data/interim/2021_tochno/data_allsettlements_anon_156_v20251217.parquet,86c197cd522e0b63669e9c6e7f43fd3d82b3704c6a126c800a9968ecd16cae14,"parquet_row_1based=87554;latitude_dadata,longitude_dadata",tochno_2021_dadata_raw_parquet_point,ARK2010:archive20131022:html_table1_tr0103,reviewed_extension_rule_accepted,retrospective use of independently admitted current ownNP point through source-bound native2010 identity and accepted02/21 core,retrospective_continuity_not_historical_coordinate_measurement,auto_rule,False
60.8703883,39.5259457,2021:data_allsettlements_anon_156_v20251217.parquet:parquet:88048,,data/interim/2021_tochno/data_allsettlements_anon_156_v20251217.parquet#:88048.0,/workspace/settlements-raw/data/interim/2021_tochno/data_allsettlements_anon_156_v20251217.parquet,86c197cd522e0b63669e9c6e7f43fd3d82b3704c6a126c800a9968ecd16cae14,"parquet_row_1based=88048;latitude_dadata,longitude_dadata",tochno_2021_dadata_raw_parquet_point,ARK2010:archive20131022:html_table1_tr1344,reviewed_extension_rule_accepted,retrospective use of independently admitted current ownNP point through source-bound native2010 identity and accepted02/21 core,retrospective_continuity_not_historical_coordinate_measurement,auto_rule,False
62.6051332,40.4545393,2021:data_allsettlements_anon_156_v20251217.parquet:parquet:87471,,data/interim/2021_tochno/data_allsettlements_anon_156_v20251217.parquet#:87471.0,/workspace/settlements-raw/data/interim/2021_tochno/data_allsettlements_anon_156_v20251217.parquet,86c197cd522e0b63669e9c6e7f43fd3d82b3704c6a126c800a9968ecd16cae14,"parquet_row_1based=87471;latitude_dadata,longitude_dadata",tochno_2021_dadata_raw_parquet_point,ARK2010:archive20131022:html_table1_tr2874,reviewed_extension_rule_accepted,retrospective use of independently admitted current ownNP point through source-bound native2010 identity and accepted02/21 core,retrospective_continuity_not_historical_coordinate_measurement,auto_rule,False
61.9864515,45.4136828,2021:data_allsettlements_anon_156_v20251217.parquet:parquet:86573,,data/interim/2021_tochno/data_allsettlements_anon_156_v20251217.parquet#:86573.0,/workspace/settlements-raw/data/interim/2021_tochno/data_allsettlements_anon_156_v20251217.parquet,86c197cd522e0b63669e9c6e7f43fd3d82b3704c6a126c800a9968ecd16cae14,"parquet_row_1based=86573;latitude_dadata,longitude_dadata",tochno_2021_dadata_raw_parquet_point,ARK2010:archive20131022:html_table1_tr0602,reviewed_extension_rule_accepted,retrospective use of independently admitted current ownNP point through source-bound native2010 identity and accepted02/21 core,retrospective_continuity_not_historical_coordinate_measurement,auto_rule,False
63.5546155,45.6391204,2021:data_allsettlements_anon_156_v20251217.parquet:parquet:89472,86c197cd522e0b63669e9c6e7f43fd3d82b3704c6a126c800a9968ecd16cae14,"parquet_row_1based=89472;latitude_dadata,longitude_dadata",/workspace/settlements-raw/data/interim/2021_tochno/data_allsettlements_anon_156_v20251217.parquet,86c197cd522e0b63669e9c6e7f43fd3d82b3704c6a126c800a9968ecd16cae14,"parquet_row_1based=89472;latitude_dadata,longitude_dadata",raw_2021_own_provider_named_point,ARK2010:archive20131022:html_table1_tr2795,reviewed_extension_rule_accepted,retrospective use of independently admitted current ownNP point through source-bound native2010 identity and accepted02/21 core,retrospective_continuity_not_historical_coordinate_measurement,auto_rule,False
56.693593,39.5094817,2021:data_allsettlements_anon_156_v20251217.parquet:parquet:3818,,data/interim/2021_tochno/data_allsettlements_anon_156_v20251217.parquet#:3818.0,/workspace/settlements-raw/data/interim/2021_tochno/data_allsettlements_anon_156_v20251217.parquet,86c197cd522e0b63669e9c6e7f43fd3d82b3704c6a126c800a9968ecd16cae14,"parquet_row_1based=3818;latitude_dadata,longitude_dadata",tochno_2021_dadata_raw_parquet_point,2010:013_f60b2d2bcf_5._20Belg_Bryan_Vlad_Voron_Ivanov_Kalug_20L1_ethn_2010.xls:Data Sheet:6715,reviewed_extension_rule_accepted,retrospective use of independently admitted current ownNP point through source-bound native2010 identity and accepted02/21 core,retrospective_continuity_not_historical_coordinate_measurement,auto_rule,False
61.0797006,48.1701782,2021:data_allsettlements_anon_156_v20251217.parquet:parquet:86898,,data/interim/2021_tochno/data_allsettlements_anon_156_v20251217.parquet#:86898.0,/workspace/settlements-raw/data/interim/2021_tochno/data_allsettlements_anon_156_v20251217.parquet,86c197cd522e0b63669e9c6e7f43fd3d82b3704c6a126c800a9968ecd16cae14,"parquet_row_1based=86898;latitude_dadata,longitude_dadata",tochno_2021_dadata_raw_parquet_point,ARK2010:archive20131022:html_table1_tr0857,reviewed_extension_rule_accepted,retrospective use of independently admitted current ownNP point through source-bound native2010 identity and accepted02/21 core,retrospective_continuity_not_historical_coordinate_measurement,auto_rule,False
61.2855031,41.5616066,2021:data_allsettlements_anon_156_v20251217.parquet:parquet:87835,,data/interim/2021_tochno/data_allsettlements_anon_156_v20251217.parquet#:87835.0,/workspace/settlements-raw/data/interim/2021_tochno/data_allsettlements_anon_156_v20251217.parquet,86c197cd522e0b63669e9c6e7f43fd3d82b3704c6a126c800a9968ecd16cae14,"parquet_row_1based=87835;latitude_dadata,longitude_dadata",tochno_2021_dadata_raw_parquet_point,ARK2010:archive20131022:html_table1_tr0332,reviewed_extension_rule_accepted,retrospective use of independently admitted current ownNP point through source-bound native2010 identity and accepted02/21 core,retrospective_continuity_not_historical_coordinate_measurement,auto_rule,False
64.4378599,40.9651355,2021:data_allsettlements_anon_156_v20251217.parquet:parquet:89499,86c197cd522e0b63669e9c6e7f43fd3d82b3704c6a126c800a9968ecd16cae14,"parquet_row_1based=89499;latitude_dadata,longitude_dadata",/workspace/settlements-raw/data/interim/2021_tochno/data_allsettlements_anon_156_v20251217.parquet,86c197cd522e0b63669e9c6e7f43fd3d82b3704c6a126c800a9968ecd16cae14,"parquet_row_1based=89499;latitude_dadata,longitude_dadata",raw_2021_own_provider_named_point,ARK2010:archive20131022:html_table1_tr3248,reviewed_extension_rule_accepted,retrospective use of independently admitted current ownNP point through source-bound native2010 identity and accepted02/21 core,retrospective_continuity_not_historical_coordinate_measurement,auto_rule,False
61.680067,40.973256,Q18799462,86c197cd522e0b63669e9c6e7f43fd3d82b3704c6a126c800a9968ecd16cae14,data/interim/2021_tochno/data_allsettlements_anon_156_v20251217.parquet#row=89185.0,/workspace/settlements-raw/data/raw/wikidata_truthy_claims/batch_0043.jsonl.gz,de57dba2ed0029144c2e1fa4a4a99b932de4a5167b092a1351f6f05545e5aceb,"{""line_number"": 6911, ""locator"": ""batch_0043.jsonl.gz#line=6911"", ""retrieved_at_utc"": ""2026-08-31T20:57:57.856034+00:00"", ""source_file"": ""batch_0043.jsonl.gz"", ""value_raw"": ""POINT(40.973256 61.680067)""}",wikidata_P625_point_claim,ARK2010:archive20131022:html_table1_tr2519,reviewed_extension_rule_accepted,retrospective use of independently admitted current ownNP point through source-bound native2010 identity and accepted02/21 core,retrospective_continuity_not_historical_coordinate_measurement,auto_rule,False
61.2945871,48.632513,2021:data_allsettlements_anon_156_v20251217.parquet:parquet:86865,,data/interim/2021_tochno/data_allsettlements_anon_156_v20251217.parquet#:86865.0,/workspace/settlements-raw/data/interim/2021_tochno/data_allsettlements_anon_156_v20251217.parquet,86c197cd522e0b63669e9c6e7f43fd3d82b3704c6a126c800a9968ecd16cae14,"parquet_row_1based=86865;latitude_dadata,longitude_dadata",tochno_2021_dadata_raw_parquet_point,ARK2010:archive20131022:html_table1_tr0884,reviewed_extension_rule_accepted,retrospective use of independently admitted current ownNP point through source-bound native2010 identity and accepted02/21 core,retrospective_continuity_not_historical_coordinate_measurement,auto_rule,False
62.1563585,42.8855112,2021:data_allsettlements_anon_156_v20251217.parquet:parquet:90431,86c197cd522e0b63669e9c6e7f43fd3d82b3704c6a126c800a9968ecd16cae14,"parquet_row_1based=90431;latitude_dadata,longitude_dadata",/workspace/settlements-raw/data/interim/2021_tochno/data_allsettlements_anon_156_v20251217.parquet,86c197cd522e0b63669e9c6e7f43fd3d82b3704c6a126c800a9968ecd16cae14,"parquet_row_1based=90431;latitude_dadata,longitude_dadata",raw_2021_own_provider_named_point,ARK2010:archive20131022:html_table1_tr4075,reviewed_extension_rule_accepted,retrospective use of independently admitted current ownNP point through source-bound native2010 identity and accepted02/21 core,retrospective_continuity_not_historical_coordinate_measurement,auto_rule,False
61.1555876,47.7871477,2021:data_allsettlements_anon_156_v20251217.parquet:parquet:86930,,data/interim/2021_tochno/data_allsettlements_anon_156_v20251217.parquet#:86930.0,/workspace/settlements-raw/data/interim/2021_tochno/data_allsettlements_anon_156_v20251217.parquet,86c197cd522e0b63669e9c6e7f43fd3d82b3704c6a126c800a9968ecd16cae14,"parquet_row_1based=86930;latitude_dadata,longitude_dadata",tochno_2021_dadata_raw_parquet_point,ARK2010:archive20131022:html_table1_tr0733,reviewed_extension_rule_accepted,retrospective use of independently admitted current ownNP point through source-bound native2010 identity and accepted02/21 core,retrospective_continuity_not_historical_coordinate_measurement,auto_rule,False
61.9025411,39.1252808,2021:data_allsettlements_anon_156_v20251217.parquet:parquet:87148,,data/interim/2021_tochno/data_allsettlements_anon_156_v20251217.parquet#:87148.0,/workspace/settlements-raw/data/interim/2021_tochno/data_allsettlements_anon_156_v20251217.parquet,86c197cd522e0b63669e9c6e7f43fd3d82b3704c6a126c800a9968ecd16cae14,"parquet_row_1based=87148;latitude_dadata,longitude_dadata",tochno_2021_dadata_raw_parquet_point,ARK2010:archive20131022:html_table1_tr1124,reviewed_extension_rule_accepted,retrospective use of independently admitted current ownNP point through source-bound native2010 identity and accepted02/21 core,retrospective_continuity_not_historical_coordinate_measurement,auto_rule,False
61.6759872,40.9618066,2021:data_allsettlements_anon_156_v20251217.parquet:parquet:89171,86c197cd522e0b63669e9c6e7f43fd3d82b3704c6a126c800a9968ecd16cae14,"parquet_row_1based=89171;latitude_dadata,longitude_dadata",/workspace/settlements-raw/data/interim/2021_tochno/data_allsettlements_anon_156_v20251217.parquet,86c197cd522e0b63669e9c6e7f43fd3d82b3704c6a126c800a9968ecd16cae14,"parquet_row_1based=89171;latitude_dadata,longitude_dadata",raw_2021_own_provider_named_point,ARK2010:archive20131022:html_table1_tr2505,reviewed_extension_rule_accepted,retrospective use of independently admitted current ownNP point through source-bound native2010 identity and accepted02/21 core,retrospective_continuity_not_historical_coordinate_measurement,auto_rule,False
61.2024574,47.773078,2021:data_allsettlements_anon_156_v20251217.parquet:parquet:86883,,data/interim/2021_tochno/data_allsettlements_anon_156_v20251217.parquet#:86883.0,/workspace/settlements-raw/data/interim/2021_tochno/data_allsettlements_anon_156_v20251217.parquet,86c197cd522e0b63669e9c6e7f43fd3d82b3704c6a126c800a9968ecd16cae14,"parquet_row_1based=86883;latitude_dadata,longitude_dadata",tochno_2021_dadata_raw_parquet_point,ARK2010:archive20131022:html_table1_tr0817,reviewed_extension_rule_accepted,retrospective use of independently admitted current ownNP point through source-bound native2010 identity and accepted02/21 core,retrospective_continuity_not_historical_coordinate_measurement,auto_rule,False
61.6318227,40.0992659,2021:data_allsettlements_anon_156_v20251217.parquet:parquet:89083,86c197cd522e0b63669e9c6e7f43fd3d82b3704c6a126c800a9968ecd16cae14,"parquet_row_1based=89083;latitude_dadata,longitude_dadata",/workspace/settlements-raw/data/interim/2021_tochno/data_allsettlements_anon_156_v20251217.parquet,86c197cd522e0b63669e9c6e7f43fd3d82b3704c6a126c800a9968ecd16cae14,"parquet_row_1based=89083;latitude_dadata,longitude_dadata",raw_2021_own_provider_named_point,ARK2010:archive20131022:html_table1_tr2408,reviewed_extension_rule_accepted,retrospective use of independently admitted current ownNP point through source-bound native2010 identity and accepted02/21 core,retrospective_continuity_not_historical_coordinate_measurement,auto_rule,False
62.0944651,45.2272136,2021:data_allsettlements_anon_156_v20251217.parquet:parquet:86585,,data/interim/2021_tochno/data_allsettlements_anon_156_v20251217.parquet#:86585.0,/workspace/settlements-raw/data/interim/2021_tochno/data_allsettlements_anon_156_v20251217.parquet,86c197cd522e0b63669e9c6e7f43fd3d82b3704c6a126c800a9968ecd16cae14,"parquet_row_1based=86585;latitude_dadata,longitude_dadata",tochno_2021_dadata_raw_parquet_point,ARK2010:archive20131022:html_table1_tr0605,reviewed_extension_rule_accepted,retrospective use of independently admitted current ownNP point through source-bound native2010 identity and accepted02/21 core,retrospective_continuity_not_historical_coordinate_measurement,auto_rule,False
61.6442499,46.6394317,2021:data_allsettlements_anon_156_v20251217.parquet:parquet:88555,86c197cd522e0b63669e9c6e7f43fd3d82b3704c6a126c800a9968ecd16cae14,"parquet_row_1based=88555;latitude_dadata,longitude_dadata",/workspace/settlements-raw/data/interim/2021_tochno/data_allsettlements_anon_156_v20251217.parquet,86c197cd522e0b63669e9c6e7f43fd3d82b3704c6a126c800a9968ecd16cae14,"parquet_row_1based=88555;latitude_dadata,longitude_dadata",raw_2021_own_provider_named_point,ARK2010:archive20131022:html_table1_tr1863,reviewed_extension_rule_accepted,retrospective use of independently admitted current ownNP point through source-bound native2010 identity and accepted02/21 core,retrospective_continuity_not_historical_coordinate_measurement,auto_rule,False
61.1939073,48.3129225,2021:data_allsettlements_anon_156_v20251217.parquet:parquet:86995,,data/interim/2021_tochno/data_allsettlements_anon_156_v20251217.parquet#:86995.0,/workspace/settlements-raw/data/interim/2021_tochno/data_allsettlements_anon_156_v20251217.parquet,86c197cd522e0b63669e9c6e7f43fd3d82b3704c6a126c800a9968ecd16cae14,"parquet_row_1based=86995;latitude_dadata,longitude_dadata",tochno_2021_dadata_raw_parquet_point,ARK2010:archive20131022:html_table1_tr0800,reviewed_extension_rule_accepted,retrospective use of independently admitted current ownNP point through source-bound native2010 identity and accepted02/21 core,retrospective_continuity_not_historical_coordinate_measurement,auto_rule,False
60.8375676,40.98128,2021:data_allsettlements_anon_156_v20251217.parquet:parquet:88110,,data/interim/2021_tochno/data_allsettlements_anon_156_v20251217.parquet#:88110.0,/workspace/settlements-raw/data/interim/2021_tochno/data_allsettlements_anon_156_v20251217.parquet,86c197cd522e0b63669e9c6e7f43fd3d82b3704c6a126c800a9968ecd16cae14,"parquet_row_1based=88110;latitude_dadata,longitude_dadata",tochno_2021_dadata_raw_parquet_point,ARK2010:archive20131022:html_table1_tr1407,reviewed_extension_rule_accepted,retrospective use of independently admitted current ownNP point through source-bound native2010 identity and accepted02/21 core,retrospective_continuity_not_historical_coordinate_measurement,auto_rule,False
61.6299523,46.1350229,2021:data_allsettlements_anon_156_v20251217.parquet:parquet:88529,86c197cd522e0b63669e9c6e7f43fd3d82b3704c6a126c800a9968ecd16cae14,"parquet_row_1based=88529;latitude_dadata,longitude_dadata",/workspace/settlements-raw/data/interim/2021_tochno/data_allsettlements_anon_156_v20251217.parquet,86c197cd522e0b63669e9c6e7f43fd3d82b3704c6a126c800a9968ecd16cae14,"parquet_row_1based=88529;latitude_dadata,longitude_dadata",raw_2021_own_provider_named_point,ARK2010:archive20131022:html_table1_tr1837,reviewed_extension_rule_accepted,retrospective use of independently admitted current ownNP point through source-bound native2010 identity and accepted02/21 core,retrospective_continuity_not_historical_coordinate_measurement,auto_rule,False
62.331944,42.964167,Q19659198,86c197cd522e0b63669e9c6e7f43fd3d82b3704c6a126c800a9968ecd16cae14,data/interim/2021_tochno/data_allsettlements_anon_156_v20251217.parquet#row=90596.0,/workspace/settlements-raw/data/raw/wikidata_truthy_claims/batch_0050.jsonl.gz,b66c1e9ce7ffda12a287b73af7f2561b5c2555269cec34630d4b8a24591aa569,"{""line_number"": 9876, ""locator"": ""batch_0050.jsonl.gz#line=9876"", ""retrieved_at_utc"": ""2026-08-31T20:58:05.729207+00:00"", ""source_file"": ""batch_0050.jsonl.gz"", ""value_raw"": ""POINT(42.964167 62.331944)""}",wikidata_P625_point_claim,ARK2010:archive20131022:html_table1_tr4244,reviewed_extension_rule_accepted,retrospective use of independently admitted current ownNP point through source-bound native2010 identity and accepted02/21 core,retrospective_continuity_not_historical_coordinate_measurement,auto_rule,False
62.4884913,43.9306299,2021:data_allsettlements_anon_156_v20251217.parquet:parquet:87885,86c197cd522e0b63669e9c6e7f43fd3d82b3704c6a126c800a9968ecd16cae14,"parquet_row_1based=87885;latitude_dadata,longitude_dadata",/workspace/settlements-raw/data/interim/2021_tochno/data_allsettlements_anon_156_v20251217.parquet,86c197cd522e0b63669e9c6e7f43fd3d82b3704c6a126c800a9968ecd16cae14,"parquet_row_1based=87885;latitude_dadata,longitude_dadata",raw_2021_own_provider_named_point,ARK2010:archive20131022:html_table1_tr0916,reviewed_extension_rule_accepted,retrospective use of independently admitted current ownNP point through source-bound native2010 identity and accepted02/21 core,retrospective_continuity_not_historical_coordinate_measurement,auto_rule,False
61.4843647,42.4475287,2021:data_allsettlements_anon_156_v20251217.parquet:parquet:87728,,data/interim/2021_tochno/data_allsettlements_anon_156_v20251217.parquet#:87728.0,/workspace/settlements-raw/data/interim/2021_tochno/data_allsettlements_anon_156_v20251217.parquet,86c197cd522e0b63669e9c6e7f43fd3d82b3704c6a126c800a9968ecd16cae14,"parquet_row_1based=87728;latitude_dadata,longitude_dadata",tochno_2021_dadata_raw_parquet_point,ARK2010:archive20131022:html_table1_tr0276,reviewed_extension_rule_accepted,retrospective use of independently admitted current ownNP point through source-bound native2010 identity and accepted02/21 core,retrospective_continuity_not_historical_coordinate_measurement,auto_rule,False
60.9844265,40.2071701,2021:data_allsettlements_anon_156_v20251217.parquet:parquet:87978,,data/interim/2021_tochno/data_allsettlements_anon_156_v20251217.parquet#:87978.0,/workspace/settlements-raw/data/interim/2021_tochno/data_allsettlements_anon_156_v20251217.parquet,86c197cd522e0b63669e9c6e7f43fd3d82b3704c6a126c800a9968ecd16cae14,"parquet_row_1based=87978;latitude_dadata,longitude_dadata",tochno_2021_dadata_raw_parquet_point,ARK2010:archive20131022:html_table1_tr1270,reviewed_extension_rule_accepted,retrospective use of independently admitted current ownNP point through source-bound native2010 identity and accepted02/21 core,retrospective_continuity_not_historical_coordinate_measurement,auto_rule,False
61.7605203,45.3020523,2021:data_allsettlements_anon_156_v20251217.parquet:parquet:88766,86c197cd522e0b63669e9c6e7f43fd3d82b3704c6a126c800a9968ecd16cae14,"parquet_row_1based=88766;latitude_dadata,longitude_dadata",/workspace/settlements-raw/data/interim/2021_tochno/data_allsettlements_anon_156_v20251217.parquet,86c197cd522e0b63669e9c6e7f43fd3d82b3704c6a126c800a9968ecd16cae14,"parquet_row_1based=88766;latitude_dadata,longitude_dadata",raw_2021_own_provider_named_point,ARK2010:archive20131022:html_table1_tr2074,reviewed_extension_rule_accepted,retrospective use of independently admitted current ownNP point through source-bound native2010 identity and accepted02/21 core,retrospective_continuity_not_historical_coordinate_measurement,auto_rule,False
64.3349053,41.4915992,2021:data_allsettlements_anon_156_v20251217.parquet:parquet:89492,86c197cd522e0b63669e9c6e7f43fd3d82b3704c6a126c800a9968ecd16cae14,"parquet_row_1based=89492;latitude_dadata,longitude_dadata",/workspace/settlements-raw/data/interim/2021_tochno/data_allsettlements_anon_156_v20251217.parquet,86c197cd522e0b63669e9c6e7f43fd3d82b3704c6a126c800a9968ecd16cae14,"parquet_row_1based=89492;latitude_dadata,longitude_dadata",raw_2021_own_provider_named_point,ARK2010:archive20131022:html_table1_tr3167,reviewed_extension_rule_accepted,retrospective use of independently admitted current ownNP point through source-bound native2010 identity and accepted02/21 core,retrospective_continuity_not_historical_coordinate_measurement,auto_rule,False
61.3128524,48.6465897,2021:data_allsettlements_anon_156_v20251217.parquet:parquet:86904,,data/interim/2021_tochno/data_allsettlements_anon_156_v20251217.parquet#:86904.0,/workspace/settlements-raw/data/interim/2021_tochno/data_allsettlements_anon_156_v20251217.parquet,86c197cd522e0b63669e9c6e7f43fd3d82b3704c6a126c800a9968ecd16cae14,"parquet_row_1based=86904;latitude_dadata,longitude_dadata",tochno_2021_dadata_raw_parquet_point,ARK2010:archive20131022:html_table1_tr0885,reviewed_extension_rule_accepted,retrospective use of independently admitted current ownNP point through source-bound native2010 identity and accepted02/21 core,retrospective_continuity_not_historical_coordinate_measurement,auto_rule,False
61.9137595,42.0947064,2021:data_allsettlements_anon_156_v20251217.parquet:parquet:90418,86c197cd522e0b63669e9c6e7f43fd3d82b3704c6a126c800a9968ecd16cae14,"parquet_row_1based=90418;latitude_dadata,longitude_dadata",/workspace/settlements-raw/data/interim/2021_tochno/data_allsettlements_anon_156_v20251217.parquet,86c197cd522e0b63669e9c6e7f43fd3d82b3704c6a126c800a9968ecd16cae14,"parquet_row_1based=90418;latitude_dadata,longitude_dadata",raw_2021_own_provider_named_point,ARK2010:archive20131022:html_table1_tr4064,reviewed_extension_rule_accepted,retrospective use of independently admitted current ownNP point through source-bound native2010 identity and accepted02/21 core,retrospective_continuity_not_historical_coordinate_measurement,auto_rule,False
62.0334126,42.8785536,2021:data_allsettlements_anon_156_v20251217.parquet:parquet:90569,86c197cd522e0b63669e9c6e7f43fd3d82b3704c6a126c800a9968ecd16cae14,"parquet_row_1based=90569;latitude_dadata,longitude_dadata",/workspace/settlements-raw/data/interim/2021_tochno/data_allsettlements_anon_156_v20251217.parquet,86c197cd522e0b63669e9c6e7f43fd3d82b3704c6a126c800a9968ecd16cae14,"parquet_row_1based=90569;latitude_dadata,longitude_dadata",raw_2021_own_provider_named_point,ARK2010:archive20131022:html_table1_tr4216,reviewed_extension_rule_accepted,retrospective use of independently admitted current ownNP point through source-bound native2010 identity and accepted02/21 core,retrospective_continuity_not_historical_coordinate_measurement,auto_rule,False
61.1856693,38.5507818,2021:data_allsettlements_anon_156_v20251217.parquet:parquet:87088,,data/interim/2021_tochno/data_allsettlements_anon_156_v20251217.parquet#:87088.0,/workspace/settlements-raw/data/interim/2021_tochno/data_allsettlements_anon_156_v20251217.parquet,86c197cd522e0b63669e9c6e7f43fd3d82b3704c6a126c800a9968ecd16cae14,"parquet_row_1based=87088;latitude_dadata,longitude_dadata",tochno_2021_dadata_raw_parquet_point,ARK2010:archive20131022:html_table1_tr1178,reviewed_extension_rule_accepted,retrospective use of independently admitted current ownNP point through source-bound native2010 identity and accepted02/21 core,retrospective_continuity_not_historical_coordinate_measurement,auto_rule,False
55.706031,41.869068,Q19886980,86c197cd522e0b63669e9c6e7f43fd3d82b3704c6a126c800a9968ecd16cae14,data/interim/2021_tochno/data_allsettlements_anon_156_v20251217.parquet#row=2765.0,/workspace/settlements-raw/data/raw/wikidata_truthy_claims/batch_0060.jsonl.gz,718fc115151431ddf4f0618f6108bfd2b7efbe56a93e1572663adf2152e8afd6,"{""line_number"": 5986, ""locator"": ""batch_0060.jsonl.gz#line=5986"", ""retrieved_at_utc"": ""2026-08-31T20:58:16.757707+00:00"", ""source_file"": ""batch_0060.jsonl.gz"", ""value_raw"": ""POINT(41.869068 55.706031)""}",wikidata_P625_point_claim,2010:013_f60b2d2bcf_5._20Belg_Bryan_Vlad_Voron_Ivanov_Kalug_20L1_ethn_2010.xls:Data Sheet:5768,reviewed_extension_rule_accepted,retrospective use of independently admitted current ownNP point through source-bound native2010 identity and accepted02/21 core,retrospective_continuity_not_historical_coordinate_measurement,auto_rule,False
62.7164034,43.2988239,2021:data_allsettlements_anon_156_v20251217.parquet:parquet:87940,86c197cd522e0b63669e9c6e7f43fd3d82b3704c6a126c800a9968ecd16cae14,"parquet_row_1based=87940;latitude_dadata,longitude_dadata",/workspace/settlements-raw/data/interim/2021_tochno/data_allsettlements_anon_156_v20251217.parquet,86c197cd522e0b63669e9c6e7f43fd3d82b3704c6a126c800a9968ecd16cae14,"parquet_row_1based=87940;latitude_dadata,longitude_dadata",raw_2021_own_provider_named_point,ARK2010:archive20131022:html_table1_tr0977,reviewed_extension_rule_accepted,retrospective use of independently admitted current ownNP point through source-bound native2010 identity and accepted02/21 core,retrospective_continuity_not_historical_coordinate_measurement,auto_rule,False
63.475914,41.721632,Q3817588,86c197cd522e0b63669e9c6e7f43fd3d82b3704c6a126c800a9968ecd16cae14,data/interim/2021_tochno/data_allsettlements_anon_156_v20251217.parquet#row=90027.0,/workspace/settlements-raw/data/raw/wikidata_truthy_claims/batch_0106.jsonl.gz,1673983e37393130e75aedbeac054fc936c12d62095ac2a7c078d0a6750b4f91,"{""line_number"": 14388, ""locator"": ""batch_0106.jsonl.gz#line=14388"", ""retrieved_at_utc"": ""2026-08-31T20:59:18.070573+00:00"", ""source_file"": ""batch_0106.jsonl.gz"", ""value_raw"": ""POINT(41.721632 63.475914)""}",wikidata_P625_point_claim,ARK2010:archive20131022:html_table1_tr3648,reviewed_extension_rule_accepted,retrospective use of independently admitted current ownNP point through source-bound native2010 identity and accepted02/21 core,retrospective_continuity_not_historical_coordinate_measurement,auto_rule,False
61.0897434,43.3120927,2021:data_allsettlements_anon_156_v20251217.parquet:parquet:89937,86c197cd522e0b63669e9c6e7f43fd3d82b3704c6a126c800a9968ecd16cae14,"parquet_row_1based=89937;latitude_dadata,longitude_dadata",/workspace/settlements-raw/data/interim/2021_tochno/data_allsettlements_anon_156_v20251217.parquet,86c197cd522e0b63669e9c6e7f43fd3d82b3704c6a126c800a9968ecd16cae14,"parquet_row_1based=89937;latitude_dadata,longitude_dadata",raw_2021_own_provider_named_point,ARK2010:archive20131022:html_table1_tr3571,reviewed_extension_rule_accepted,retrospective use of independently admitted current ownNP point through source-bound native2010 identity and accepted02/21 core,retrospective_continuity_not_historical_coordinate_measurement,auto_rule,False
61.1304014,48.2739419,2021:data_allsettlements_anon_156_v20251217.parquet:parquet:86979,,data/interim/2021_tochno/data_allsettlements_anon_156_v20251217.parquet#:86979.0,/workspace/settlements-raw/data/interim/2021_tochno/data_allsettlements_anon_156_v20251217.parquet,86c197cd522e0b63669e9c6e7f43fd3d82b3704c6a126c800a9968ecd16cae14,"parquet_row_1based=86979;latitude_dadata,longitude_dadata",tochno_2021_dadata_raw_parquet_point,ARK2010:archive20131022:html_table1_tr0797,reviewed_extension_rule_accepted,retrospective use of independently admitted current ownNP point through source-bound native2010 identity and accepted02/21 core,retrospective_continuity_not_historical_coordinate_measurement,auto_rule,False
60.9007109,42.4551102,2021:data_allsettlements_anon_156_v20251217.parquet:parquet:87590,,data/interim/2021_tochno/data_allsettlements_anon_156_v20251217.parquet#:87590.0,/workspace/settlements-raw/data/interim/2021_tochno/data_allsettlements_anon_156_v20251217.parquet,86c197cd522e0b63669e9c6e7f43fd3d82b3704c6a126c800a9968ecd16cae14,"parquet_row_1based=87590;latitude_dadata,longitude_dadata",tochno_2021_dadata_raw_parquet_point,ARK2010:archive20131022:html_table1_tr0137,reviewed_extension_rule_accepted,retrospective use of independently admitted current ownNP point through source-bound native2010 identity and accepted02/21 core,retrospective_continuity_not_historical_coordinate_measurement,auto_rule,False
61.9909572,45.2257132,2021:data_allsettlements_anon_156_v20251217.parquet:parquet:86587,,data/interim/2021_tochno/data_allsettlements_anon_156_v20251217.parquet#:86587.0,/workspace/settlements-raw/data/interim/2021_tochno/data_allsettlements_anon_156_v20251217.parquet,86c197cd522e0b63669e9c6e7f43fd3d82b3704c6a126c800a9968ecd16cae14,"parquet_row_1based=86587;latitude_dadata,longitude_dadata",tochno_2021_dadata_raw_parquet_point,ARK2010:archive20131022:html_table1_tr0606,reviewed_extension_rule_accepted,retrospective use of independently admitted current ownNP point through source-bound native2010 identity and accepted02/21 core,retrospective_continuity_not_historical_coordinate_measurement,auto_rule,False
61.8606423,45.1732492,2021:data_allsettlements_anon_156_v20251217.parquet:parquet:88765,86c197cd522e0b63669e9c6e7f43fd3d82b3704c6a126c800a9968ecd16cae14,"parquet_row_1based=88765;latitude_dadata,longitude_dadata",/workspace/settlements-raw/data/interim/2021_tochno/data_allsettlements_anon_156_v20251217.parquet,86c197cd522e0b63669e9c6e7f43fd3d82b3704c6a126c800a9968ecd16cae14,"parquet_row_1based=88765;latitude_dadata,longitude_dadata",raw_2021_own_provider_named_point,ARK2010:archive20131022:html_table1_tr2073,reviewed_extension_rule_accepted,retrospective use of independently admitted current ownNP point through source-bound native2010 identity and accepted02/21 core,retrospective_continuity_not_historical_coordinate_measurement,auto_rule,False
63.5339522,45.6071188,2021:data_allsettlements_anon_156_v20251217.parquet:parquet:89462,86c197cd522e0b63669e9c6e7f43fd3d82b3704c6a126c800a9968ecd16cae14,"parquet_row_1based=89462;latitude_dadata,longitude_dadata",/workspace/settlements-raw/data/interim/2021_tochno/data_allsettlements_anon_156_v20251217.parquet,86c197cd522e0b63669e9c6e7f43fd3d82b3704c6a126c800a9968ecd16cae14,"parquet_row_1based=89462;latitude_dadata,longitude_dadata",raw_2021_own_provider_named_point,ARK2010:archive20131022:html_table1_tr2785,reviewed_extension_rule_accepted,retrospective use of independently admitted current ownNP point through source-bound native2010 identity and accepted02/21 core,retrospective_continuity_not_historical_coordinate_measurement,auto_rule,False
60.8507561,42.1063228,2021:data_allsettlements_anon_156_v20251217.parquet:parquet:87641,,data/interim/2021_tochno/data_allsettlements_anon_156_v20251217.parquet#:87641.0,/workspace/settlements-raw/data/interim/2021_tochno/data_allsettlements_anon_156_v20251217.parquet,86c197cd522e0b63669e9c6e7f43fd3d82b3704c6a126c800a9968ecd16cae14,"parquet_row_1based=87641;latitude_dadata,longitude_dadata",tochno_2021_dadata_raw_parquet_point,ARK2010:archive20131022:html_table1_tr0188,reviewed_extension_rule_accepted,retrospective use of independently admitted current ownNP point through source-bound native2010 identity and accepted02/21 core,retrospective_continuity_not_historical_coordinate_measurement,auto_rule,False
58.7463981,33.1783053,2021:data_allsettlements_anon_156_v20251217.parquet:parquet:78341,,data/interim/2021_tochno/data_allsettlements_anon_156_v20251217.parquet#:78341.0,/workspace/settlements-raw/data/interim/2021_tochno/data_allsettlements_anon_156_v20251217.parquet,86c197cd522e0b63669e9c6e7f43fd3d82b3704c6a126c800a9968ecd16cae14,"parquet_row_1based=78341;latitude_dadata,longitude_dadata",tochno_2021_dadata_raw_parquet_point,2010:001_723371ec84_1._20NW_2010.xls:NW:9623,reviewed_extension_rule_accepted,retrospective use of independently admitted current ownNP point through source-bound native2010 identity and accepted02/21 core,retrospective_continuity_not_historical_coordinate_measurement,auto_rule,False
61.783414,40.863509,Q18768187,86c197cd522e0b63669e9c6e7f43fd3d82b3704c6a126c800a9968ecd16cae14,data/interim/2021_tochno/data_allsettlements_anon_156_v20251217.parquet#row=89104.0,/workspace/settlements-raw/data/raw/wikidata_truthy_claims/batch_0030.jsonl.gz,7c0912e62927b8b8e80548784f10afb5fe1ecd9185f930302710c4933f56952d,"{""line_number"": 7405, ""locator"": ""batch_0030.jsonl.gz#line=7405"", ""retrieved_at_utc"": ""2026-08-31T20:57:45.000192+00:00"", ""source_file"": ""batch_0030.jsonl.gz"", ""value_raw"": ""POINT(40.863509 61.783414)""}",wikidata_P625_point_claim,ARK2010:archive20131022:html_table1_tr2435,reviewed_extension_rule_accepted,retrospective use of independently admitted current ownNP point through source-bound native2010 identity and accepted02/21 core,retrospective_continuity_not_historical_coordinate_measurement,auto_rule,False
60.8131253,41.0836217,2021:data_allsettlements_anon_156_v20251217.parquet:parquet:88104,,data/interim/2021_tochno/data_allsettlements_anon_156_v20251217.parquet#:88104.0,/workspace/settlements-raw/data/interim/2021_tochno/data_allsettlements_anon_156_v20251217.parquet,86c197cd522e0b63669e9c6e7f43fd3d82b3704c6a126c800a9968ecd16cae14,"parquet_row_1based=88104;latitude_dadata,longitude_dadata",tochno_2021_dadata_raw_parquet_point,ARK2010:archive20131022:html_table1_tr1400,reviewed_extension_rule_accepted,retrospective use of independently admitted current ownNP point through source-bound native2010 identity and accepted02/21 core,retrospective_continuity_not_historical_coordinate_measurement,auto_rule,False
60.9750482,41.0800512,2021:data_allsettlements_anon_156_v20251217.parquet:parquet:88130,,data/interim/2021_tochno/data_allsettlements_anon_156_v20251217.parquet#:88130.0,/workspace/settlements-raw/data/interim/2021_tochno/data_allsettlements_anon_156_v20251217.parquet,86c197cd522e0b63669e9c6e7f43fd3d82b3704c6a126c800a9968ecd16cae14,"parquet_row_1based=88130;latitude_dadata,longitude_dadata",tochno_2021_dadata_raw_parquet_point,ARK2010:archive20131022:html_table1_tr1428,reviewed_extension_rule_accepted,retrospective use of independently admitted current ownNP point through source-bound native2010 identity and accepted02/21 core,retrospective_continuity_not_historical_coordinate_measurement,auto_rule,False
61.907222,42.631667,Q18788776,86c197cd522e0b63669e9c6e7f43fd3d82b3704c6a126c800a9968ecd16cae14,data/interim/2021_tochno/data_allsettlements_anon_156_v20251217.parquet#row=90548.0,/workspace/settlements-raw/data/raw/wikidata_truthy_claims/batch_0037.jsonl.gz,70d52fd3f3e9d0d04e72a826f0dd84f30ab1beb4c84cb78a9931a7ccd3430ace,"{""line_number"": 7651, ""locator"": ""batch_0037.jsonl.gz#line=7651"", ""retrieved_at_utc"": ""2026-08-31T20:57:51.833068+00:00"", ""source_file"": ""batch_0037.jsonl.gz"", ""value_raw"": ""POINT(42.631667 61.907222)""}",wikidata_P625_point_claim,ARK2010:archive20131022:html_table1_tr4195,reviewed_extension_rule_accepted,retrospective use of independently admitted current ownNP point through source-bound native2010 identity and accepted02/21 core,retrospective_continuity_not_historical_coordinate_measurement,auto_rule,False
62.2719617,42.8568767,2021:data_allsettlements_anon_156_v20251217.parquet:parquet:90647,86c197cd522e0b63669e9c6e7f43fd3d82b3704c6a126c800a9968ecd16cae14,"parquet_row_1based=90647;latitude_dadata,longitude_dadata",/workspace/settlements-raw/data/interim/2021_tochno/data_allsettlements_anon_156_v20251217.parquet,86c197cd522e0b63669e9c6e7f43fd3d82b3704c6a126c800a9968ecd16cae14,"parquet_row_1based=90647;latitude_dadata,longitude_dadata",raw_2021_own_provider_named_point,ARK2010:archive20131022:html_table1_tr4302,reviewed_extension_rule_accepted,retrospective use of independently admitted current ownNP point through source-bound native2010 identity and accepted02/21 core,retrospective_continuity_not_historical_coordinate_measurement,auto_rule,False
62.0911017,45.0955729,2021:data_allsettlements_anon_156_v20251217.parquet:parquet:86599,,data/interim/2021_tochno/data_allsettlements_anon_156_v20251217.parquet#:86599.0,/workspace/settlements-raw/data/interim/2021_tochno/data_allsettlements_anon_156_v20251217.parquet,86c197cd522e0b63669e9c6e7f43fd3d82b3704c6a126c800a9968ecd16cae14,"parquet_row_1based=86599;latitude_dadata,longitude_dadata",tochno_2021_dadata_raw_parquet_point,ARK2010:archive20131022:html_table1_tr0681,reviewed_extension_rule_accepted,retrospective use of independently admitted current ownNP point through source-bound native2010 identity and accepted02/21 core,retrospective_continuity_not_historical_coordinate_measurement,auto_rule,False
56.2307699,40.2102194,2021:data_allsettlements_anon_156_v20251217.parquet:parquet:3641,,data/interim/2021_tochno/data_allsettlements_anon_156_v20251217.parquet#:3641.0,/workspace/settlements-raw/data/interim/2021_tochno/data_allsettlements_anon_156_v20251217.parquet,86c197cd522e0b63669e9c6e7f43fd3d82b3704c6a126c800a9968ecd16cae14,"parquet_row_1based=3641;latitude_dadata,longitude_dadata",tochno_2021_dadata_raw_parquet_point,2010:013_f60b2d2bcf_5._20Belg_Bryan_Vlad_Voron_Ivanov_Kalug_20L1_ethn_2010.xls:Data Sheet:6576,reviewed_extension_rule_accepted,retrospective use of independently admitted current ownNP point through source-bound native2010 identity and accepted02/21 core,retrospective_continuity_not_historical_coordinate_measurement,auto_rule,False
62.49167,43.94083,Q18765067,86c197cd522e0b63669e9c6e7f43fd3d82b3704c6a126c800a9968ecd16cae14,data/interim/2021_tochno/data_allsettlements_anon_156_v20251217.parquet#row=87878.0,/workspace/settlements-raw/data/raw/wikidata_truthy_claims/batch_0029.jsonl.gz,4d8e560ed550c6a1c2ebe1715d0e4380d82d6cf46dd4efabde985baf53f74e5d,"{""line_number"": 7026, ""locator"": ""batch_0029.jsonl.gz#line=7026"", ""retrieved_at_utc"": ""2026-08-31T20:57:43.573980+00:00"", ""source_file"": ""batch_0029.jsonl.gz"", ""value_raw"": ""POINT(43.940830 62.491670)""}",wikidata_P625_point_claim,ARK2010:archive20131022:html_table1_tr0909,reviewed_extension_rule_accepted,retrospective use of independently admitted current ownNP point through source-bound native2010 identity and accepted02/21 core,retrospective_continuity_not_historical_coordinate_measurement,auto_rule,False
62.2696408,39.494655,2021:data_allsettlements_anon_156_v20251217.parquet:parquet:87358,,data/interim/2021_tochno/data_allsettlements_anon_156_v20251217.parquet#:87358.0,/workspace/settlements-raw/data/interim/2021_tochno/data_allsettlements_anon_156_v20251217.parquet,86c197cd522e0b63669e9c6e7f43fd3d82b3704c6a126c800a9968ecd16cae14,"parquet_row_1based=87358;latitude_dadata,longitude_dadata",tochno_2021_dadata_raw_parquet_point,ARK2010:archive20131022:html_table1_tr2966,reviewed_extension_rule_accepted,retrospective use of independently admitted current ownNP point through source-bound native2010 identity and accepted02/21 core,retrospective_continuity_not_historical_coordinate_measurement,auto_rule,False
63.627755,41.609666,Q3962831,86c197cd522e0b63669e9c6e7f43fd3d82b3704c6a126c800a9968ecd16cae14,data/interim/2021_tochno/data_allsettlements_anon_156_v20251217.parquet#row=90071.0,/workspace/settlements-raw/data/raw/wikidata_truthy_claims/batch_0106.jsonl.gz,1673983e37393130e75aedbeac054fc936c12d62095ac2a7c078d0a6750b4f91,"{""line_number"": 14878, ""locator"": ""batch_0106.jsonl.gz#line=14878"", ""retrieved_at_utc"": ""2026-08-31T20:59:18.070573+00:00"", ""source_file"": ""batch_0106.jsonl.gz"", ""value_raw"": ""POINT(41.609666 63.627755)""}",wikidata_P625_point_claim,ARK2010:archive20131022:html_table1_tr3671,reviewed_extension_rule_accepted,retrospective use of independently admitted current ownNP point through source-bound native2010 identity and accepted02/21 core,retrospective_continuity_not_historical_coordinate_measurement,auto_rule,False
61.788581,39.1562114,2021:data_allsettlements_anon_156_v20251217.parquet:parquet:87233,,data/interim/2021_tochno/data_allsettlements_anon_156_v20251217.parquet#:87233.0,/workspace/settlements-raw/data/interim/2021_tochno/data_allsettlements_anon_156_v20251217.parquet,86c197cd522e0b63669e9c6e7f43fd3d82b3704c6a126c800a9968ecd16cae14,"parquet_row_1based=87233;latitude_dadata,longitude_dadata",tochno_2021_dadata_raw_parquet_point,ARK2010:archive20131022:html_table1_tr1073,reviewed_extension_rule_accepted,retrospective use of independently admitted current ownNP point through source-bound native2010 identity and accepted02/21 core,retrospective_continuity_not_historical_coordinate_measurement,auto_rule,False
59.49863,60.91713,GeoNames:geonameid:6818398,9bf299daaff13de75ddbf610e113469aae80537d66a7de3437967576c6509ff4,RU.txt:line=254369;geonameid=6818398,/workspace/settlements-raw/data/raw/coordinate_candidates/geonames_RU_20260907.zip,9bf299daaff13de75ddbf610e113469aae80537d66a7de3437967576c6509ff4,RU.txt:line=254369;geonameid=6818398,geonames_ru_txt_named_place_point,2010:003_eb441570b1_11._20Урал_ФО_2010.xls:Урал:3907,reviewed_extension_rule_accepted,retrospective use of independently admitted current ownNP point through source-bound native2010 identity and accepted02/21 core,retrospective_continuity_not_historical_coordinate_measurement,auto_rule,False
61.5526608,42.3196805,2021:data_allsettlements_anon_156_v20251217.parquet:parquet:87700,,data/interim/2021_tochno/data_allsettlements_anon_156_v20251217.parquet#:87700.0,/workspace/settlements-raw/data/interim/2021_tochno/data_allsettlements_anon_156_v20251217.parquet,86c197cd522e0b63669e9c6e7f43fd3d82b3704c6a126c800a9968ecd16cae14,"parquet_row_1based=87700;latitude_dadata,longitude_dadata",tochno_2021_dadata_raw_parquet_point,ARK2010:archive20131022:html_table1_tr0248,reviewed_extension_rule_accepted,retrospective use of independently admitted current ownNP point through source-bound native2010 identity and accepted02/21 core,retrospective_continuity_not_historical_coordinate_measurement,auto_rule,False
61.4949924,42.2321322,2021:data_allsettlements_anon_156_v20251217.parquet:parquet:87713,,data/interim/2021_tochno/data_allsettlements_anon_156_v20251217.parquet#:87713.0,/workspace/settlements-raw/data/interim/2021_tochno/data_allsettlements_anon_156_v20251217.parquet,86c197cd522e0b63669e9c6e7f43fd3d82b3704c6a126c800a9968ecd16cae14,"parquet_row_1based=87713;latitude_dadata,longitude_dadata",tochno_2021_dadata_raw_parquet_point,ARK2010:archive20131022:html_table1_tr0261,reviewed_extension_rule_accepted,retrospective use of independently admitted current ownNP point through source-bound native2010 identity and accepted02/21 core,retrospective_continuity_not_historical_coordinate_measurement,auto_rule,False
62.3831202,43.9504264,2021:data_allsettlements_anon_156_v20251217.parquet:parquet:86636,,data/interim/2021_tochno/data_allsettlements_anon_156_v20251217.parquet#:86636.0,/workspace/settlements-raw/data/interim/2021_tochno/data_allsettlements_anon_156_v20251217.parquet,86c197cd522e0b63669e9c6e7f43fd3d82b3704c6a126c800a9968ecd16cae14,"parquet_row_1based=86636;latitude_dadata,longitude_dadata",tochno_2021_dadata_raw_parquet_point,ARK2010:archive20131022:html_table1_tr0568,reviewed_extension_rule_accepted,retrospective use of independently admitted current ownNP point through source-bound native2010 identity and accepted02/21 core,retrospective_continuity_not_historical_coordinate_measurement,auto_rule,False
61.8729041,40.8570065,2021:data_allsettlements_anon_156_v20251217.parquet:parquet:89167,86c197cd522e0b63669e9c6e7f43fd3d82b3704c6a126c800a9968ecd16cae14,"parquet_row_1based=89167;latitude_dadata,longitude_dadata",/workspace/settlements-raw/data/interim/2021_tochno/data_allsettlements_anon_156_v20251217.parquet,86c197cd522e0b63669e9c6e7f43fd3d82b3704c6a126c800a9968ecd16cae14,"parquet_row_1based=89167;latitude_dadata,longitude_dadata",raw_2021_own_provider_named_point,ARK2010:archive20131022:html_table1_tr2498,reviewed_extension_rule_accepted,retrospective use of independently admitted current ownNP point through source-bound native2010 identity and accepted02/21 core,retrospective_continuity_not_historical_coordinate_measurement,auto_rule,False
60.868081,43.191229,Q18765534,86c197cd522e0b63669e9c6e7f43fd3d82b3704c6a126c800a9968ecd16cae14,data/interim/2021_tochno/data_allsettlements_anon_156_v20251217.parquet#row=89856.0,/workspace/settlements-raw/data/raw/wikidata_truthy_claims/batch_0029.jsonl.gz,4d8e560ed550c6a1c2ebe1715d0e4380d82d6cf46dd4efabde985baf53f74e5d,"{""line_number"": 6963, ""locator"": ""batch_0029.jsonl.gz#line=6963"", ""retrieved_at_utc"": ""2026-08-31T20:57:43.573980+00:00"", ""source_file"": ""batch_0029.jsonl.gz"", ""value_raw"": ""POINT(43.191229 60.868081)""}",wikidata_P625_point_claim,ARK2010:archive20131022:html_table1_tr3476,reviewed_extension_rule_accepted,retrospective use of independently admitted current ownNP point through source-bound native2010 identity and accepted02/21 core,retrospective_continuity_not_historical_coordinate_measurement,auto_rule,False
64.2266811,41.8332787,2021:data_allsettlements_anon_156_v20251217.parquet:parquet:90346,86c197cd522e0b63669e9c6e7f43fd3d82b3704c6a126c800a9968ecd16cae14,"parquet_row_1based=90346;latitude_dadata,longitude_dadata",/workspace/settlements-raw/data/interim/2021_tochno/data_allsettlements_anon_156_v20251217.parquet,86c197cd522e0b63669e9c6e7f43fd3d82b3704c6a126c800a9968ecd16cae14,"parquet_row_1based=90346;latitude_dadata,longitude_dadata",raw_2021_own_provider_named_point,ARK2010:archive20131022:html_table1_tr3809,reviewed_extension_rule_accepted,retrospective use of independently admitted current ownNP point through source-bound native2010 identity and accepted02/21 core,retrospective_continuity_not_historical_coordinate_measurement,auto_rule,False
60.9888752,41.7882642,2021:data_allsettlements_anon_156_v20251217.parquet:parquet:87657,,data/interim/2021_tochno/data_allsettlements_anon_156_v20251217.parquet#:87657.0,/workspace/settlements-raw/data/interim/2021_tochno/data_allsettlements_anon_156_v20251217.parquet,86c197cd522e0b63669e9c6e7f43fd3d82b3704c6a126c800a9968ecd16cae14,"parquet_row_1based=87657;latitude_dadata,longitude_dadata",tochno_2021_dadata_raw_parquet_point,ARK2010:archive20131022:html_table1_tr0205,reviewed_extension_rule_accepted,retrospective use of independently admitted current ownNP point through source-bound native2010 identity and accepted02/21 core,retrospective_continuity_not_historical_coordinate_measurement,auto_rule,False
61.383898,46.326928,Q21503706,86c197cd522e0b63669e9c6e7f43fd3d82b3704c6a126c800a9968ecd16cae14,data/interim/2021_tochno/data_allsettlements_anon_156_v20251217.parquet#row=88334.0,/workspace/settlements-raw/data/raw/wikidata_truthy_claims/batch_0076.jsonl.gz,615aed356b036c932d01b451561322b393d5c2fb9e2980b1cd864c7e81bd33bb,"{""line_number"": 7377, ""locator"": ""batch_0076.jsonl.gz#line=7377"", ""retrieved_at_utc"": ""2026-08-31T20:58:34.542083+00:00"", ""source_file"": ""batch_0076.jsonl.gz"", ""value_raw"": ""POINT(46.326928 61.383898)""}",wikidata_P625_point_claim,ARK2010:archive20131022:html_table1_tr1639,reviewed_extension_rule_accepted,retrospective use of independently admitted current ownNP point through source-bound native2010 identity and accepted02/21 core,retrospective_continuity_not_historical_coordinate_measurement,auto_rule,False
64.4596995,40.6282283,2021:data_allsettlements_anon_156_v20251217.parquet:parquet:89572,86c197cd522e0b63669e9c6e7f43fd3d82b3704c6a126c800a9968ecd16cae14,"parquet_row_1based=89572;latitude_dadata,longitude_dadata",/workspace/settlements-raw/data/interim/2021_tochno/data_allsettlements_anon_156_v20251217.parquet,86c197cd522e0b63669e9c6e7f43fd3d82b3704c6a126c800a9968ecd16cae14,"parquet_row_1based=89572;latitude_dadata,longitude_dadata",raw_2021_own_provider_named_point,ARK2010:archive20131022:html_table1_tr3221,reviewed_extension_rule_accepted,retrospective use of independently admitted current ownNP point through source-bound native2010 identity and accepted02/21 core,retrospective_continuity_not_historical_coordinate_measurement,auto_rule,False
61.852154,45.168866,Q18772002,86c197cd522e0b63669e9c6e7f43fd3d82b3704c6a126c800a9968ecd16cae14,data/interim/2021_tochno/data_allsettlements_anon_156_v20251217.parquet#row=88734.0,/workspace/settlements-raw/data/raw/wikidata_truthy_claims/batch_0032.jsonl.gz,3e9d6d0cfe91286d2fdfbf99b0af3d2560e2a0ce7c45dd745c40172d65a191b5,"{""line_number"": 6904, ""locator"": ""batch_0032.jsonl.gz#line=6904"", ""retrieved_at_utc"": ""2026-08-31T20:57:47.125365+00:00"", ""source_file"": ""batch_0032.jsonl.gz"", ""value_raw"": ""POINT(45.168866 61.852154)""}",wikidata_P625_point_claim,ARK2010:archive20131022:html_table1_tr2042,reviewed_extension_rule_accepted,retrospective use of independently admitted current ownNP point through source-bound native2010 identity and accepted02/21 core,retrospective_continuity_not_historical_coordinate_measurement,auto_rule,False
62.60468,43.48654,Q18802540,86c197cd522e0b63669e9c6e7f43fd3d82b3704c6a126c800a9968ecd16cae14,data/interim/2021_tochno/data_allsettlements_anon_156_v20251217.parquet#row=87902.0,/workspace/settlements-raw/data/raw/wikidata_truthy_claims/batch_0044.jsonl.gz,cb4029c914d88a4cb030c76ff3f2c1861b5209e1dd902519f1998d604725eb07,"{""line_number"": 8159, ""locator"": ""batch_0044.jsonl.gz#line=8159"", ""retrieved_at_utc"": ""2026-08-31T20:57:58.927123+00:00"", ""source_file"": ""batch_0044.jsonl.gz"", ""value_raw"": ""POINT(43.486540 62.604680)""}",wikidata_P625_point_claim,ARK2010:archive20131022:html_table1_tr0934,reviewed_extension_rule_accepted,retrospective use of independently admitted current ownNP point through source-bound native2010 identity and accepted02/21 core,retrospective_continuity_not_historical_coordinate_measurement,auto_rule,False
60.8010476,42.3380514,2021:data_allsettlements_anon_156_v20251217.parquet:parquet:87596,,data/interim/2021_tochno/data_allsettlements_anon_156_v20251217.parquet#:87596.0,/workspace/settlements-raw/data/interim/2021_tochno/data_allsettlements_anon_156_v20251217.parquet,86c197cd522e0b63669e9c6e7f43fd3d82b3704c6a126c800a9968ecd16cae14,"parquet_row_1based=87596;latitude_dadata,longitude_dadata",tochno_2021_dadata_raw_parquet_point,ARK2010:archive20131022:html_table1_tr0143,reviewed_extension_rule_accepted,retrospective use of independently admitted current ownNP point through source-bound native2010 identity and accepted02/21 core,retrospective_continuity_not_historical_coordinate_measurement,auto_rule,False
62.6993087,43.3214226,2021:data_allsettlements_anon_156_v20251217.parquet:parquet:87953,86c197cd522e0b63669e9c6e7f43fd3d82b3704c6a126c800a9968ecd16cae14,"parquet_row_1based=87953;latitude_dadata,longitude_dadata",/workspace/settlements-raw/data/interim/2021_tochno/data_allsettlements_anon_156_v20251217.parquet,86c197cd522e0b63669e9c6e7f43fd3d82b3704c6a126c800a9968ecd16cae14,"parquet_row_1based=87953;latitude_dadata,longitude_dadata",raw_2021_own_provider_named_point,ARK2010:archive20131022:html_table1_tr0989,reviewed_extension_rule_accepted,retrospective use of independently admitted current ownNP point through source-bound native2010 identity and accepted02/21 core,retrospective_continuity_not_historical_coordinate_measurement,auto_rule,False
64.3281212,41.4485363,2021:data_allsettlements_anon_156_v20251217.parquet:parquet:89519,86c197cd522e0b63669e9c6e7f43fd3d82b3704c6a126c800a9968ecd16cae14,"parquet_row_1based=89519;latitude_dadata,longitude_dadata",/workspace/settlements-raw/data/interim/2021_tochno/data_allsettlements_anon_156_v20251217.parquet,86c197cd522e0b63669e9c6e7f43fd3d82b3704c6a126c800a9968ecd16cae14,"parquet_row_1based=89519;latitude_dadata,longitude_dadata",raw_2021_own_provider_named_point,ARK2010:archive20131022:html_table1_tr3177,reviewed_extension_rule_accepted,retrospective use of independently admitted current ownNP point through source-bound native2010 identity and accepted02/21 core,retrospective_continuity_not_historical_coordinate_measurement,auto_rule,False
63.523761,41.920026,Q18776231,86c197cd522e0b63669e9c6e7f43fd3d82b3704c6a126c800a9968ecd16cae14,data/interim/2021_tochno/data_allsettlements_anon_156_v20251217.parquet#row=90280.0,/workspace/settlements-raw/data/raw/wikidata_truthy_claims/batch_0033.jsonl.gz,f452c1a9c7358ab7f3e4c5e0852bcca435cf4c34ed3014fbf570b0935a051d2b,"{""line_number"": 7296, ""locator"": ""batch_0033.jsonl.gz#line=7296"", ""retrieved_at_utc"": ""2026-08-31T20:57:48.066504+00:00"", ""source_file"": ""batch_0033.jsonl.gz"", ""value_raw"": ""POINT(41.920026 63.523761)""}",wikidata_P625_point_claim,ARK2010:archive20131022:html_table1_tr3977,reviewed_extension_rule_accepted,retrospective use of independently admitted current ownNP point through source-bound native2010 identity and accepted02/21 core,retrospective_continuity_not_historical_coordinate_measurement,auto_rule,False
62.1296521,45.1169162,2021:data_allsettlements_anon_156_v20251217.parquet:parquet:86807,,data/interim/2021_tochno/data_allsettlements_anon_156_v20251217.parquet#:86807.0,/workspace/settlements-raw/data/interim/2021_tochno/data_allsettlements_anon_156_v20251217.parquet,86c197cd522e0b63669e9c6e7f43fd3d82b3704c6a126c800a9968ecd16cae14,"parquet_row_1based=86807;latitude_dadata,longitude_dadata",tochno_2021_dadata_raw_parquet_point,ARK2010:archive20131022:html_table1_tr0664,reviewed_extension_rule_accepted,retrospective use of independently admitted current ownNP point through source-bound native2010 identity and accepted02/21 core,retrospective_continuity_not_historical_coordinate_measurement,auto_rule,False
62.2167741,45.0335722,2021:data_allsettlements_anon_156_v20251217.parquet:parquet:86699,,data/interim/2021_tochno/data_allsettlements_anon_156_v20251217.parquet#:86699.0,/workspace/settlements-raw/data/interim/2021_tochno/data_allsettlements_anon_156_v20251217.parquet,86c197cd522e0b63669e9c6e7f43fd3d82b3704c6a126c800a9968ecd16cae14,"parquet_row_1based=86699;latitude_dadata,longitude_dadata",tochno_2021_dadata_raw_parquet_point,ARK2010:archive20131022:html_table1_tr0441,reviewed_extension_rule_accepted,retrospective use of independently admitted current ownNP point through source-bound native2010 identity and accepted02/21 core,retrospective_continuity_not_historical_coordinate_measurement,auto_rule,False
60.995234,48.3446624,2021:data_allsettlements_anon_156_v20251217.parquet:parquet:86924,,data/interim/2021_tochno/data_allsettlements_anon_156_v20251217.parquet#:86924.0,/workspace/settlements-raw/data/interim/2021_tochno/data_allsettlements_anon_156_v20251217.parquet,86c197cd522e0b63669e9c6e7f43fd3d82b3704c6a126c800a9968ecd16cae14,"parquet_row_1based=86924;latitude_dadata,longitude_dadata",tochno_2021_dadata_raw_parquet_point,ARK2010:archive20131022:html_table1_tr0864,reviewed_extension_rule_accepted,retrospective use of independently admitted current ownNP point through source-bound native2010 identity and accepted02/21 core,retrospective_continuity_not_historical_coordinate_measurement,auto_rule,False
60.8665812,42.4324909,2021:data_allsettlements_anon_156_v20251217.parquet:parquet:87594,,data/interim/2021_tochno/data_allsettlements_anon_156_v20251217.parquet#:87594.0,/workspace/settlements-raw/data/interim/2021_tochno/data_allsettlements_anon_156_v20251217.parquet,86c197cd522e0b63669e9c6e7f43fd3d82b3704c6a126c800a9968ecd16cae14,"parquet_row_1based=87594;latitude_dadata,longitude_dadata",tochno_2021_dadata_raw_parquet_point,ARK2010:archive20131022:html_table1_tr0141,reviewed_extension_rule_accepted,retrospective use of independently admitted current ownNP point through source-bound native2010 identity and accepted02/21 core,retrospective_continuity_not_historical_coordinate_measurement,auto_rule,False
61.182519,46.232281,Q19657850,86c197cd522e0b63669e9c6e7f43fd3d82b3704c6a126c800a9968ecd16cae14,data/interim/2021_tochno/data_allsettlements_anon_156_v20251217.parquet#row=88280.0,/workspace/settlements-raw/data/raw/wikidata_truthy_claims/batch_0050.jsonl.gz,b66c1e9ce7ffda12a287b73af7f2561b5c2555269cec34630d4b8a24591aa569,"{""line_number"": 9303, ""locator"": ""batch_0050.jsonl.gz#line=9303"", ""retrieved_at_utc"": ""2026-08-31T20:58:05.729207+00:00"", ""source_file"": ""batch_0050.jsonl.gz"", ""value_raw"": ""POINT(46.232281 61.182519)""}",wikidata_P625_point_claim,ARK2010:archive20131022:html_table1_tr1488,reviewed_extension_rule_accepted,retrospective use of independently admitted current ownNP point through source-bound native2010 identity and accepted02/21 core,retrospective_continuity_not_historical_coordinate_measurement,auto_rule,False
60.899167,43.135278,Q19657657,86c197cd522e0b63669e9c6e7f43fd3d82b3704c6a126c800a9968ecd16cae14,data/interim/2021_tochno/data_allsettlements_anon_156_v20251217.parquet#row=89913.0,/workspace/settlements-raw/data/raw/wikidata_truthy_claims/batch_0050.jsonl.gz,b66c1e9ce7ffda12a287b73af7f2561b5c2555269cec34630d4b8a24591aa569,"{""line_number"": 9432, ""locator"": ""batch_0050.jsonl.gz#line=9432"", ""retrieved_at_utc"": ""2026-08-31T20:58:05.729207+00:00"", ""source_file"": ""batch_0050.jsonl.gz"", ""value_raw"": ""POINT(43.135278 60.899167)""}",wikidata_P625_point_claim,ARK2010:archive20131022:html_table1_tr3533,reviewed_extension_rule_accepted,retrospective use of independently admitted current ownNP point through source-bound native2010 identity and accepted02/21 core,retrospective_continuity_not_historical_coordinate_measurement,auto_rule,False
61.1888977,42.9094681,2021:data_allsettlements_anon_156_v20251217.parquet:parquet:89715,86c197cd522e0b63669e9c6e7f43fd3d82b3704c6a126c800a9968ecd16cae14,"parquet_row_1based=89715;latitude_dadata,longitude_dadata",/workspace/settlements-raw/data/interim/2021_tochno/data_allsettlements_anon_156_v20251217.parquet,86c197cd522e0b63669e9c6e7f43fd3d82b3704c6a126c800a9968ecd16cae14,"parquet_row_1based=89715;latitude_dadata,longitude_dadata",raw_2021_own_provider_named_point,ARK2010:archive20131022:html_table1_tr3352,reviewed_extension_rule_accepted,retrospective use of independently admitted current ownNP point through source-bound native2010 identity and accepted02/21 core,retrospective_continuity_not_historical_coordinate_measurement,auto_rule,False
64.299668,41.237502,Q18781145,86c197cd522e0b63669e9c6e7f43fd3d82b3704c6a126c800a9968ecd16cae14,data/interim/2021_tochno/data_allsettlements_anon_156_v20251217.parquet#row=90119.0,/workspace/settlements-raw/data/raw/wikidata_truthy_claims/batch_0035.jsonl.gz,ff2d5b56d278b481effd423af14e04bd71c6758e95919a015c556a3d3169d611,"{""line_number"": 7458, ""locator"": ""batch_0035.jsonl.gz#line=7458"", ""retrieved_at_utc"": ""2026-08-31T20:57:49.993867+00:00"", ""source_file"": ""batch_0035.jsonl.gz"", ""value_raw"": ""POINT(41.237502 64.299668)""}",wikidata_P625_point_claim,ARK2010:archive20131022:html_table1_tr3756,reviewed_extension_rule_accepted,retrospective use of independently admitted current ownNP point through source-bound native2010 identity and accepted02/21 core,retrospective_continuity_not_historical_coordinate_measurement,auto_rule,False
61.2177709,38.8791934,2021:data_allsettlements_anon_156_v20251217.parquet:parquet:87245,,data/interim/2021_tochno/data_allsettlements_anon_156_v20251217.parquet#:87245.0,/workspace/settlements-raw/data/interim/2021_tochno/data_allsettlements_anon_156_v20251217.parquet,86c197cd522e0b63669e9c6e7f43fd3d82b3704c6a126c800a9968ecd16cae14,"parquet_row_1based=87245;latitude_dadata,longitude_dadata",tochno_2021_dadata_raw_parquet_point,ARK2010:archive20131022:html_table1_tr1076,reviewed_extension_rule_accepted,retrospective use of independently admitted current ownNP point through source-bound native2010 identity and accepted02/21 core,retrospective_continuity_not_historical_coordinate_measurement,auto_rule,False
55.825647,40.230172,Q19884653,86c197cd522e0b63669e9c6e7f43fd3d82b3704c6a126c800a9968ecd16cae14,data/interim/2021_tochno/data_allsettlements_anon_156_v20251217.parquet#row=3167.0,/workspace/settlements-raw/data/raw/wikidata_truthy_claims/batch_0059.jsonl.gz,1c4a8a02d2df933e12e327ec6536a2c7cbbd7011da0193735835ad5ed8e12fb7,"{""line_number"": 7637, ""locator"": ""batch_0059.jsonl.gz#line=7637"", ""retrieved_at_utc"": ""2026-08-31T20:58:15.833442+00:00"", ""source_file"": ""batch_0059.jsonl.gz"", ""value_raw"": ""POINT(40.230172 55.825647)""}",wikidata_P625_point_claim,2010:013_f60b2d2bcf_5._20Belg_Bryan_Vlad_Voron_Ivanov_Kalug_20L1_ethn_2010.xls:Data Sheet:6203,reviewed_extension_rule_accepted,retrospective use of independently admitted current ownNP point through source-bound native2010 identity and accepted02/21 core,retrospective_continuity_not_historical_coordinate_measurement,auto_rule,False
61.85664,42.3848756,2021:data_allsettlements_anon_156_v20251217.parquet:parquet:90554,86c197cd522e0b63669e9c6e7f43fd3d82b3704c6a126c800a9968ecd16cae14,"parquet_row_1based=90554;latitude_dadata,longitude_dadata",/workspace/settlements-raw/data/interim/2021_tochno/data_allsettlements_anon_156_v20251217.parquet,86c197cd522e0b63669e9c6e7f43fd3d82b3704c6a126c800a9968ecd16cae14,"parquet_row_1based=90554;latitude_dadata,longitude_dadata",raw_2021_own_provider_named_point,ARK2010:archive20131022:html_table1_tr4201,reviewed_extension_rule_accepted,retrospective use of independently admitted current ownNP point through source-bound native2010 identity and accepted02/21 core,retrospective_continuity_not_historical_coordinate_measurement,auto_rule,False
62.2446753,42.9481799,2021:data_allsettlements_anon_156_v20251217.parquet:parquet:90613,86c197cd522e0b63669e9c6e7f43fd3d82b3704c6a126c800a9968ecd16cae14,"parquet_row_1based=90613;latitude_dadata,longitude_dadata",/workspace/settlements-raw/data/interim/2021_tochno/data_allsettlements_anon_156_v20251217.parquet,86c197cd522e0b63669e9c6e7f43fd3d82b3704c6a126c800a9968ecd16cae14,"parquet_row_1based=90613;latitude_dadata,longitude_dadata",raw_2021_own_provider_named_point,ARK2010:archive20131022:html_table1_tr4292,reviewed_extension_rule_accepted,retrospective use of independently admitted current ownNP point through source-bound native2010 identity and accepted02/21 core,retrospective_continuity_not_historical_coordinate_measurement,auto_rule,False
61.2847639,47.497516,2021:data_allsettlements_anon_156_v20251217.parquet:parquet:88386,86c197cd522e0b63669e9c6e7f43fd3d82b3704c6a126c800a9968ecd16cae14,"parquet_row_1based=88386;latitude_dadata,longitude_dadata",/workspace/settlements-raw/data/interim/2021_tochno/data_allsettlements_anon_156_v20251217.parquet,86c197cd522e0b63669e9c6e7f43fd3d82b3704c6a126c800a9968ecd16cae14,"parquet_row_1based=88386;latitude_dadata,longitude_dadata",raw_2021_own_provider_named_point,ARK2010:archive20131022:html_table1_tr1694,reviewed_extension_rule_accepted,retrospective use of independently admitted current ownNP point through source-bound native2010 identity and accepted02/21 core,retrospective_continuity_not_historical_coordinate_measurement,auto_rule,False
61.8181939,40.8066671,2021:data_allsettlements_anon_156_v20251217.parquet:parquet:89162,86c197cd522e0b63669e9c6e7f43fd3d82b3704c6a126c800a9968ecd16cae14,"parquet_row_1based=89162;latitude_dadata,longitude_dadata",/workspace/settlements-raw/data/interim/2021_tochno/data_allsettlements_anon_156_v20251217.parquet,86c197cd522e0b63669e9c6e7f43fd3d82b3704c6a126c800a9968ecd16cae14,"parquet_row_1based=89162;latitude_dadata,longitude_dadata",raw_2021_own_provider_named_point,ARK2010:archive20131022:html_table1_tr2495,reviewed_extension_rule_accepted,retrospective use of independently admitted current ownNP point through source-bound native2010 identity and accepted02/21 core,retrospective_continuity_not_historical_coordinate_measurement,auto_rule,False
62.2335429,44.8210374,2021:data_allsettlements_anon_156_v20251217.parquet:parquet:86809,,data/interim/2021_tochno/data_allsettlements_anon_156_v20251217.parquet#:86809.0,/workspace/settlements-raw/data/interim/2021_tochno/data_allsettlements_anon_156_v20251217.parquet,86c197cd522e0b63669e9c6e7f43fd3d82b3704c6a126c800a9968ecd16cae14,"parquet_row_1based=86809;latitude_dadata,longitude_dadata",tochno_2021_dadata_raw_parquet_point,ARK2010:archive20131022:html_table1_tr0461,reviewed_extension_rule_accepted,retrospective use of independently admitted current ownNP point through source-bound native2010 identity and accepted02/21 core,retrospective_continuity_not_historical_coordinate_measurement,auto_rule,False
62.0488267,45.0918032,2021:data_allsettlements_anon_156_v20251217.parquet:parquet:86638,,data/interim/2021_tochno/data_allsettlements_anon_156_v20251217.parquet#:86638.0,/workspace/settlements-raw/data/interim/2021_tochno/data_allsettlements_anon_156_v20251217.parquet,86c197cd522e0b63669e9c6e7f43fd3d82b3704c6a126c800a9968ecd16cae14,"parquet_row_1based=86638;latitude_dadata,longitude_dadata",tochno_2021_dadata_raw_parquet_point,ARK2010:archive20131022:html_table1_tr0685,reviewed_extension_rule_accepted,retrospective use of independently admitted current ownNP point through source-bound native2010 identity and accepted02/21 core,retrospective_continuity_not_historical_coordinate_measurement,auto_rule,False
61.111195,48.2841859,2021:data_allsettlements_anon_156_v20251217.parquet:parquet:86982,,data/interim/2021_tochno/data_allsettlements_anon_156_v20251217.parquet#:86982.0,/workspace/settlements-raw/data/interim/2021_tochno/data_allsettlements_anon_156_v20251217.parquet,86c197cd522e0b63669e9c6e7f43fd3d82b3704c6a126c800a9968ecd16cae14,"parquet_row_1based=86982;latitude_dadata,longitude_dadata",tochno_2021_dadata_raw_parquet_point,ARK2010:archive20131022:html_table1_tr0798,reviewed_extension_rule_accepted,retrospective use of independently admitted current ownNP point through source-bound native2010 identity and accepted02/21 core,retrospective_continuity_not_historical_coordinate_measurement,auto_rule,False
62.308019,42.9750034,2021:data_allsettlements_anon_156_v20251217.parquet:parquet:90609,86c197cd522e0b63669e9c6e7f43fd3d82b3704c6a126c800a9968ecd16cae14,"parquet_row_1based=90609;latitude_dadata,longitude_dadata",/workspace/settlements-raw/data/interim/2021_tochno/data_allsettlements_anon_156_v20251217.parquet,86c197cd522e0b63669e9c6e7f43fd3d82b3704c6a126c800a9968ecd16cae14,"parquet_row_1based=90609;latitude_dadata,longitude_dadata",raw_2021_own_provider_named_point,ARK2010:archive20131022:html_table1_tr4253,reviewed_extension_rule_accepted,retrospective use of independently admitted current ownNP point through source-bound native2010 identity and accepted02/21 core,retrospective_continuity_not_historical_coordinate_measurement,auto_rule,False
61.1122871,38.7722744,2021:data_allsettlements_anon_156_v20251217.parquet:parquet:87201,,data/interim/2021_tochno/data_allsettlements_anon_156_v20251217.parquet#:87201.0,/workspace/settlements-raw/data/interim/2021_tochno/data_allsettlements_anon_156_v20251217.parquet,86c197cd522e0b63669e9c6e7f43fd3d82b3704c6a126c800a9968ecd16cae14,"parquet_row_1based=87201;latitude_dadata,longitude_dadata",tochno_2021_dadata_raw_parquet_point,ARK2010:archive20131022:html_table1_tr1231,reviewed_extension_rule_accepted,retrospective use of independently admitted current ownNP point through source-bound native2010 identity and accepted02/21 core,retrospective_continuity_not_historical_coordinate_measurement,auto_rule,False
61.4251694,38.6186489,2021:data_allsettlements_anon_156_v20251217.parquet:parquet:87168,,data/interim/2021_tochno/data_allsettlements_anon_156_v20251217.parquet#:87168.0,/workspace/settlements-raw/data/interim/2021_tochno/data_allsettlements_anon_156_v20251217.parquet,86c197cd522e0b63669e9c6e7f43fd3d82b3704c6a126c800a9968ecd16cae14,"parquet_row_1based=87168;latitude_dadata,longitude_dadata",tochno_2021_dadata_raw_parquet_point,ARK2010:archive20131022:html_table1_tr1216,reviewed_extension_rule_accepted,retrospective use of independently admitted current ownNP point through source-bound native2010 identity and accepted02/21 core,retrospective_continuity_not_historical_coordinate_measurement,auto_rule,False
61.5167852,42.0081564,2021:data_allsettlements_anon_156_v20251217.parquet:parquet:87623,,data/interim/2021_tochno/data_allsettlements_anon_156_v20251217.parquet#:87623.0,/workspace/settlements-raw/data/interim/2021_tochno/data_allsettlements_anon_156_v20251217.parquet,86c197cd522e0b63669e9c6e7f43fd3d82b3704c6a126c800a9968ecd16cae14,"parquet_row_1based=87623;latitude_dadata,longitude_dadata",tochno_2021_dadata_raw_parquet_point,ARK2010:archive20131022:html_table1_tr0173,reviewed_extension_rule_accepted,retrospective use of independently admitted current ownNP point through source-bound native2010 identity and accepted02/21 core,retrospective_continuity_not_historical_coordinate_measurement,auto_rule,False
61.2553821,47.6094531,2021:data_allsettlements_anon_156_v20251217.parquet:parquet:86859,,data/interim/2021_tochno/data_allsettlements_anon_156_v20251217.parquet#:86859.0,/workspace/settlements-raw/data/interim/2021_tochno/data_allsettlements_anon_156_v20251217.parquet,86c197cd522e0b63669e9c6e7f43fd3d82b3704c6a126c800a9968ecd16cae14,"parquet_row_1based=86859;latitude_dadata,longitude_dadata",tochno_2021_dadata_raw_parquet_point,ARK2010:archive20131022:html_table1_tr0808,reviewed_extension_rule_accepted,retrospective use of independently admitted current ownNP point through source-bound native2010 identity and accepted02/21 core,retrospective_continuity_not_historical_coordinate_measurement,auto_rule,False
61.0771886,42.8438831,2021:data_allsettlements_anon_156_v20251217.parquet:parquet:87737,,data/interim/2021_tochno/data_allsettlements_anon_156_v20251217.parquet#:87737.0,/workspace/settlements-raw/data/interim/2021_tochno/data_allsettlements_anon_156_v20251217.parquet,86c197cd522e0b63669e9c6e7f43fd3d82b3704c6a126c800a9968ecd16cae14,"parquet_row_1based=87737;latitude_dadata,longitude_dadata",tochno_2021_dadata_raw_parquet_point,ARK2010:archive20131022:html_table1_tr0284,reviewed_extension_rule_accepted,retrospective use of independently admitted current ownNP point through source-bound native2010 identity and accepted02/21 core,retrospective_continuity_not_historical_coordinate_measurement,auto_rule,False
60.915005,43.154829,Q18788774,86c197cd522e0b63669e9c6e7f43fd3d82b3704c6a126c800a9968ecd16cae14,data/interim/2021_tochno/data_allsettlements_anon_156_v20251217.parquet#row=89885.0,/workspace/settlements-raw/data/raw/wikidata_truthy_claims/batch_0037.jsonl.gz,70d52fd3f3e9d0d04e72a826f0dd84f30ab1beb4c84cb78a9931a7ccd3430ace,"{""line_number"": 7485, ""locator"": ""batch_0037.jsonl.gz#line=7485"", ""retrieved_at_utc"": ""2026-08-31T20:57:51.833068+00:00"", ""source_file"": ""batch_0037.jsonl.gz"", ""value_raw"": ""POINT(43.154829 60.915005)""}",wikidata_P625_point_claim,ARK2010:archive20131022:html_table1_tr3505,reviewed_extension_rule_accepted,retrospective use of independently admitted current ownNP point through source-bound native2010 identity and accepted02/21 core,retrospective_continuity_not_historical_coordinate_measurement,auto_rule,False
64.2443753,41.8358798,2021:data_allsettlements_anon_156_v20251217.parquet:parquet:90364,86c197cd522e0b63669e9c6e7f43fd3d82b3704c6a126c800a9968ecd16cae14,"parquet_row_1based=90364;latitude_dadata,longitude_dadata",/workspace/settlements-raw/data/interim/2021_tochno/data_allsettlements_anon_156_v20251217.parquet,86c197cd522e0b63669e9c6e7f43fd3d82b3704c6a126c800a9968ecd16cae14,"parquet_row_1based=90364;latitude_dadata,longitude_dadata",raw_2021_own_provider_named_point,ARK2010:archive20131022:html_table1_tr3821,reviewed_extension_rule_accepted,retrospective use of independently admitted current ownNP point through source-bound native2010 identity and accepted02/21 core,retrospective_continuity_not_historical_coordinate_measurement,auto_rule,False
62.9612571,46.634378,2021:data_allsettlements_anon_156_v20251217.parquet:parquet:86806,,data/interim/2021_tochno/data_allsettlements_anon_156_v20251217.parquet#:86806.0,/workspace/settlements-raw/data/interim/2021_tochno/data_allsettlements_anon_156_v20251217.parquet,86c197cd522e0b63669e9c6e7f43fd3d82b3704c6a126c800a9968ecd16cae14,"parquet_row_1based=86806;latitude_dadata,longitude_dadata",tochno_2021_dadata_raw_parquet_point,ARK2010:archive20131022:html_table1_tr0531,reviewed_extension_rule_accepted,retrospective use of independently admitted current ownNP point through source-bound native2010 identity and accepted02/21 core,retrospective_continuity_not_historical_coordinate_measurement,auto_rule,False
61.3229156,47.4434828,2021:data_allsettlements_anon_156_v20251217.parquet:parquet:88420,86c197cd522e0b63669e9c6e7f43fd3d82b3704c6a126c800a9968ecd16cae14,"parquet_row_1based=88420;latitude_dadata,longitude_dadata",/workspace/settlements-raw/data/interim/2021_tochno/data_allsettlements_anon_156_v20251217.parquet,86c197cd522e0b63669e9c6e7f43fd3d82b3704c6a126c800a9968ecd16cae14,"parquet_row_1based=88420;latitude_dadata,longitude_dadata",raw_2021_own_provider_named_point,ARK2010:archive20131022:html_table1_tr1728,reviewed_extension_rule_accepted,retrospective use of independently admitted current ownNP point through source-bound native2010 identity and accepted02/21 core,retrospective_continuity_not_historical_coordinate_measurement,auto_rule,False
61.6893107,40.9829832,2021:data_allsettlements_anon_156_v20251217.parquet:parquet:89113,86c197cd522e0b63669e9c6e7f43fd3d82b3704c6a126c800a9968ecd16cae14,"parquet_row_1based=89113;latitude_dadata,longitude_dadata",/workspace/settlements-raw/data/interim/2021_tochno/data_allsettlements_anon_156_v20251217.parquet,86c197cd522e0b63669e9c6e7f43fd3d82b3704c6a126c800a9968ecd16cae14,"parquet_row_1based=89113;latitude_dadata,longitude_dadata",raw_2021_own_provider_named_point,ARK2010:archive20131022:html_table1_tr2444,reviewed_extension_rule_accepted,retrospective use of independently admitted current ownNP point through source-bound native2010 identity and accepted02/21 core,retrospective_continuity_not_historical_coordinate_measurement,auto_rule,False
61.840347,42.629543,Q18766820,86c197cd522e0b63669e9c6e7f43fd3d82b3704c6a126c800a9968ecd16cae14,data/interim/2021_tochno/data_allsettlements_anon_156_v20251217.parquet#row=90537.0,/workspace/settlements-raw/data/raw/wikidata_truthy_claims/batch_0029.jsonl.gz,4d8e560ed550c6a1c2ebe1715d0e4380d82d6cf46dd4efabde985baf53f74e5d,"{""line_number"": 7639, ""locator"": ""batch_0029.jsonl.gz#line=7639"", ""retrieved_at_utc"": ""2026-08-31T20:57:43.573980+00:00"", ""source_file"": ""batch_0029.jsonl.gz"", ""value_raw"": ""POINT(42.629543 61.840347)""}",wikidata_P625_point_claim,ARK2010:archive20131022:html_table1_tr4184,reviewed_extension_rule_accepted,retrospective use of independently admitted current ownNP point through source-bound native2010 identity and accepted02/21 core,retrospective_continuity_not_historical_coordinate_measurement,auto_rule,False
61.7854208,45.1908527,2021:data_allsettlements_anon_156_v20251217.parquet:parquet:88742,86c197cd522e0b63669e9c6e7f43fd3d82b3704c6a126c800a9968ecd16cae14,"parquet_row_1based=88742;latitude_dadata,longitude_dadata",/workspace/settlements-raw/data/interim/2021_tochno/data_allsettlements_anon_156_v20251217.parquet,86c197cd522e0b63669e9c6e7f43fd3d82b3704c6a126c800a9968ecd16cae14,"parquet_row_1based=88742;latitude_dadata,longitude_dadata",raw_2021_own_provider_named_point,ARK2010:archive20131022:html_table1_tr2050,reviewed_extension_rule_accepted,retrospective use of independently admitted current ownNP point through source-bound native2010 identity and accepted02/21 core,retrospective_continuity_not_historical_coordinate_measurement,auto_rule,False
61.9013153,45.1720778,2021:data_allsettlements_anon_156_v20251217.parquet:parquet:88758,86c197cd522e0b63669e9c6e7f43fd3d82b3704c6a126c800a9968ecd16cae14,"parquet_row_1based=88758;latitude_dadata,longitude_dadata",/workspace/settlements-raw/data/interim/2021_tochno/data_allsettlements_anon_156_v20251217.parquet,86c197cd522e0b63669e9c6e7f43fd3d82b3704c6a126c800a9968ecd16cae14,"parquet_row_1based=88758;latitude_dadata,longitude_dadata",raw_2021_own_provider_named_point,ARK2010:archive20131022:html_table1_tr2066,reviewed_extension_rule_accepted,retrospective use of independently admitted current ownNP point through source-bound native2010 identity and accepted02/21 core,retrospective_continuity_not_historical_coordinate_measurement,auto_rule,False
62.6139877,43.6115949,2021:data_allsettlements_anon_156_v20251217.parquet:parquet:87952,86c197cd522e0b63669e9c6e7f43fd3d82b3704c6a126c800a9968ecd16cae14,"parquet_row_1based=87952;latitude_dadata,longitude_dadata",/workspace/settlements-raw/data/interim/2021_tochno/data_allsettlements_anon_156_v20251217.parquet,86c197cd522e0b63669e9c6e7f43fd3d82b3704c6a126c800a9968ecd16cae14,"parquet_row_1based=87952;latitude_dadata,longitude_dadata",raw_2021_own_provider_named_point,ARK2010:archive20131022:html_table1_tr0987,reviewed_extension_rule_accepted,retrospective use of independently admitted current ownNP point through source-bound native2010 identity and accepted02/21 core,retrospective_continuity_not_historical_coordinate_measurement,auto_rule,False
63.8152822,38.361013,2021:data_allsettlements_anon_156_v20251217.parquet:parquet:89281,86c197cd522e0b63669e9c6e7f43fd3d82b3704c6a126c800a9968ecd16cae14,"parquet_row_1based=89281;latitude_dadata,longitude_dadata",/workspace/settlements-raw/data/interim/2021_tochno/data_allsettlements_anon_156_v20251217.parquet,86c197cd522e0b63669e9c6e7f43fd3d82b3704c6a126c800a9968ecd16cae14,"parquet_row_1based=89281;latitude_dadata,longitude_dadata",raw_2021_own_provider_named_point,ARK2010:archive20131022:html_table1_tr2619,reviewed_extension_rule_accepted,retrospective use of independently admitted current ownNP point through source-bound native2010 identity and accepted02/21 core,retrospective_continuity_not_historical_coordinate_measurement,auto_rule,False
62.7085436,43.3111389,2021:data_allsettlements_anon_156_v20251217.parquet:parquet:87943,86c197cd522e0b63669e9c6e7f43fd3d82b3704c6a126c800a9968ecd16cae14,"parquet_row_1based=87943;latitude_dadata,longitude_dadata",/workspace/settlements-raw/data/interim/2021_tochno/data_allsettlements_anon_156_v20251217.parquet,86c197cd522e0b63669e9c6e7f43fd3d82b3704c6a126c800a9968ecd16cae14,"parquet_row_1based=87943;latitude_dadata,longitude_dadata",raw_2021_own_provider_named_point,ARK2010:archive20131022:html_table1_tr0980,reviewed_extension_rule_accepted,retrospective use of independently admitted current ownNP point through source-bound native2010 identity and accepted02/21 core,retrospective_continuity_not_historical_coordinate_measurement,auto_rule,False
62.4300801,43.8693238,2021:data_allsettlements_anon_156_v20251217.parquet:parquet:86766,,data/interim/2021_tochno/data_allsettlements_anon_156_v20251217.parquet#:86766.0,/workspace/settlements-raw/data/interim/2021_tochno/data_allsettlements_anon_156_v20251217.parquet,86c197cd522e0b63669e9c6e7f43fd3d82b3704c6a126c800a9968ecd16cae14,"parquet_row_1based=86766;latitude_dadata,longitude_dadata",tochno_2021_dadata_raw_parquet_point,ARK2010:archive20131022:html_table1_tr0581,reviewed_extension_rule_accepted,retrospective use of independently admitted current ownNP point through source-bound native2010 identity and accepted02/21 core,retrospective_continuity_not_historical_coordinate_measurement,auto_rule,False
61.5731328,46.3552105,e42eb83a-6725-4c3c-bbdb-b2b90cc2ba80,None,None,/workspace/settlements-raw/data/interim/2021_tochno/data_allsettlements_anon_156_v20251217.parquet,86c197cd522e0b63669e9c6e7f43fd3d82b3704c6a126c800a9968ecd16cae14,parquet row 1-based=88567; raw row sha256=463d332ec04e1eb37ecc4c4c615963745ea12692098e718e753dec8750cac255,exact_row_current_FIAS_level6_locality,ARK2010:archive20131022:html_table1_tr1875,reviewed_extension_rule_accepted,retrospective use of independently admitted current ownNP point through source-bound native2010 identity and accepted02/21 core,retrospective_continuity_not_historical_coordinate_measurement,auto_rule,False
61.736958,45.32204,Q18768318,86c197cd522e0b63669e9c6e7f43fd3d82b3704c6a126c800a9968ecd16cae14,data/interim/2021_tochno/data_allsettlements_anon_156_v20251217.parquet#row=88730.0,/workspace/settlements-raw/data/raw/wikidata_truthy_claims/batch_0030.jsonl.gz,7c0912e62927b8b8e80548784f10afb5fe1ecd9185f930302710c4933f56952d,"{""line_number"": 7693, ""locator"": ""batch_0030.jsonl.gz#line=7693"", ""retrieved_at_utc"": ""2026-08-31T20:57:45.000192+00:00"", ""source_file"": ""batch_0030.jsonl.gz"", ""value_raw"": ""POINT(45.322040 61.736958)""}",wikidata_P625_point_claim,ARK2010:archive20131022:html_table1_tr2038,reviewed_extension_rule_accepted,retrospective use of independently admitted current ownNP point through source-bound native2010 identity and accepted02/21 core,retrospective_continuity_not_historical_coordinate_measurement,auto_rule,False
61.5334075,42.2584576,2021:data_allsettlements_anon_156_v20251217.parquet:parquet:87686,,data/interim/2021_tochno/data_allsettlements_anon_156_v20251217.parquet#:87686.0,/workspace/settlements-raw/data/interim/2021_tochno/data_allsettlements_anon_156_v20251217.parquet,86c197cd522e0b63669e9c6e7f43fd3d82b3704c6a126c800a9968ecd16cae14,"parquet_row_1based=87686;latitude_dadata,longitude_dadata",tochno_2021_dadata_raw_parquet_point,ARK2010:archive20131022:html_table1_tr0233,reviewed_extension_rule_accepted,retrospective use of independently admitted current ownNP point through source-bound native2010 identity and accepted02/21 core,retrospective_continuity_not_historical_coordinate_measurement,auto_rule,False
62.0296981,38.9577239,2021:data_allsettlements_anon_156_v20251217.parquet:parquet:87059,,data/interim/2021_tochno/data_allsettlements_anon_156_v20251217.parquet#:87059.0,/workspace/settlements-raw/data/interim/2021_tochno/data_allsettlements_anon_156_v20251217.parquet,86c197cd522e0b63669e9c6e7f43fd3d82b3704c6a126c800a9968ecd16cae14,"parquet_row_1based=87059;latitude_dadata,longitude_dadata",tochno_2021_dadata_raw_parquet_point,ARK2010:archive20131022:html_table1_tr1115,reviewed_extension_rule_accepted,retrospective use of independently admitted current ownNP point through source-bound native2010 identity and accepted02/21 core,retrospective_continuity_not_historical_coordinate_measurement,auto_rule,False
61.339745,42.04892,2021:data_allsettlements_anon_156_v20251217.parquet:parquet:87649,,data/interim/2021_tochno/data_allsettlements_anon_156_v20251217.parquet#:87649.0,/workspace/settlements-raw/data/interim/2021_tochno/data_allsettlements_anon_156_v20251217.parquet,86c197cd522e0b63669e9c6e7f43fd3d82b3704c6a126c800a9968ecd16cae14,"parquet_row_1based=87649;latitude_dadata,longitude_dadata",tochno_2021_dadata_raw_parquet_point,ARK2010:archive20131022:html_table1_tr0196,reviewed_extension_rule_accepted,retrospective use of independently admitted current ownNP point through source-bound native2010 identity and accepted02/21 core,retrospective_continuity_not_historical_coordinate_measurement,auto_rule,False
61.7377326,42.5492862,2021:data_allsettlements_anon_156_v20251217.parquet:parquet:90501,86c197cd522e0b63669e9c6e7f43fd3d82b3704c6a126c800a9968ecd16cae14,"parquet_row_1based=90501;latitude_dadata,longitude_dadata",/workspace/settlements-raw/data/interim/2021_tochno/data_allsettlements_anon_156_v20251217.parquet,86c197cd522e0b63669e9c6e7f43fd3d82b3704c6a126c800a9968ecd16cae14,"parquet_row_1based=90501;latitude_dadata,longitude_dadata",raw_2021_own_provider_named_point,ARK2010:archive20131022:html_table1_tr4132,reviewed_extension_rule_accepted,retrospective use of independently admitted current ownNP point through source-bound native2010 identity and accepted02/21 core,retrospective_continuity_not_historical_coordinate_measurement,auto_rule,False
64.294608,41.7437142,2021:data_allsettlements_anon_156_v20251217.parquet:parquet:90254,86c197cd522e0b63669e9c6e7f43fd3d82b3704c6a126c800a9968ecd16cae14,"parquet_row_1based=90254;latitude_dadata,longitude_dadata",/workspace/settlements-raw/data/interim/2021_tochno/data_allsettlements_anon_156_v20251217.parquet,86c197cd522e0b63669e9c6e7f43fd3d82b3704c6a126c800a9968ecd16cae14,"parquet_row_1based=90254;latitude_dadata,longitude_dadata",raw_2021_own_provider_named_point,ARK2010:archive20131022:html_table1_tr3951,reviewed_extension_rule_accepted,retrospective use of independently admitted current ownNP point through source-bound native2010 identity and accepted02/21 core,retrospective_continuity_not_historical_coordinate_measurement,auto_rule,False
57.7775828,27.5312794,2021:data_allsettlements_anon_156_v20251217.parquet:parquet:105339,86c197cd522e0b63669e9c6e7f43fd3d82b3704c6a126c800a9968ecd16cae14,"parquet_row_1based=105339;latitude_dadata,longitude_dadata",/workspace/settlements-raw/data/interim/2021_tochno/data_allsettlements_anon_156_v20251217.parquet,86c197cd522e0b63669e9c6e7f43fd3d82b3704c6a126c800a9968ecd16cae14,"parquet_row_1based=105339;latitude_dadata,longitude_dadata",raw_2021_own_provider_named_point,2010:012_5c339c0d0e_4._20Vologod_pskov_2010.xls:Data Sheet:13085,reviewed_extension_rule_accepted,retrospective use of independently admitted current ownNP point through source-bound native2010 identity and accepted02/21 core,retrospective_continuity_not_historical_coordinate_measurement,auto_rule,False
61.432725,47.603173,Q18805396,86c197cd522e0b63669e9c6e7f43fd3d82b3704c6a126c800a9968ecd16cae14,data/interim/2021_tochno/data_allsettlements_anon_156_v20251217.parquet#row=88223.0,/workspace/settlements-raw/data/raw/wikidata_truthy_claims/batch_0046.jsonl.gz,5206bdc85bbdd7fd01a877eb9038f120f7abf0dab9d25f0dcb74e19b1d5ed2e2,"{""line_number"": 7182, ""locator"": ""batch_0046.jsonl.gz#line=7182"", ""retrieved_at_utc"": ""2026-08-31T20:58:00.864070+00:00"", ""source_file"": ""batch_0046.jsonl.gz"", ""value_raw"": ""POINT(47.603173 61.432725)""}",wikidata_P625_point_claim,ARK2010:archive20131022:html_table1_tr1602,reviewed_extension_rule_accepted,retrospective use of independently admitted current ownNP point through source-bound native2010 identity and accepted02/21 core,retrospective_continuity_not_historical_coordinate_measurement,auto_rule,False
61.4213575,38.9536903,2021:data_allsettlements_anon_156_v20251217.parquet:parquet:87087,,data/interim/2021_tochno/data_allsettlements_anon_156_v20251217.parquet#:87087.0,/workspace/settlements-raw/data/interim/2021_tochno/data_allsettlements_anon_156_v20251217.parquet,86c197cd522e0b63669e9c6e7f43fd3d82b3704c6a126c800a9968ecd16cae14,"parquet_row_1based=87087;latitude_dadata,longitude_dadata",tochno_2021_dadata_raw_parquet_point,ARK2010:archive20131022:html_table1_tr1040,reviewed_extension_rule_accepted,retrospective use of independently admitted current ownNP point through source-bound native2010 identity and accepted02/21 core,retrospective_continuity_not_historical_coordinate_measurement,auto_rule,False
61.4288971,38.5066369,2021:data_allsettlements_anon_156_v20251217.parquet:parquet:87269,,data/interim/2021_tochno/data_allsettlements_anon_156_v20251217.parquet#:87269.0,/workspace/settlements-raw/data/interim/2021_tochno/data_allsettlements_anon_156_v20251217.parquet,86c197cd522e0b63669e9c6e7f43fd3d82b3704c6a126c800a9968ecd16cae14,"parquet_row_1based=87269;latitude_dadata,longitude_dadata",tochno_2021_dadata_raw_parquet_point,ARK2010:archive20131022:html_table1_tr1259,reviewed_extension_rule_accepted,retrospective use of independently admitted current ownNP point through source-bound native2010 identity and accepted02/21 core,retrospective_continuity_not_historical_coordinate_measurement,auto_rule,False
61.9644407,38.9930198,2021:data_allsettlements_anon_156_v20251217.parquet:parquet:87062,,data/interim/2021_tochno/data_allsettlements_anon_156_v20251217.parquet#:87062.0,/workspace/settlements-raw/data/interim/2021_tochno/data_allsettlements_anon_156_v20251217.parquet,86c197cd522e0b63669e9c6e7f43fd3d82b3704c6a126c800a9968ecd16cae14,"parquet_row_1based=87062;latitude_dadata,longitude_dadata",tochno_2021_dadata_raw_parquet_point,ARK2010:archive20131022:html_table1_tr1116,reviewed_extension_rule_accepted,retrospective use of independently admitted current ownNP point through source-bound native2010 identity and accepted02/21 core,retrospective_continuity_not_historical_coordinate_measurement,auto_rule,False
61.3752322,42.7387078,2021:data_allsettlements_anon_156_v20251217.parquet:parquet:87577,,data/interim/2021_tochno/data_allsettlements_anon_156_v20251217.parquet#:87577.0,/workspace/settlements-raw/data/interim/2021_tochno/data_allsettlements_anon_156_v20251217.parquet,86c197cd522e0b63669e9c6e7f43fd3d82b3704c6a126c800a9968ecd16cae14,"parquet_row_1based=87577;latitude_dadata,longitude_dadata",tochno_2021_dadata_raw_parquet_point,ARK2010:archive20131022:html_table1_tr0104,reviewed_extension_rule_accepted,retrospective use of independently admitted current ownNP point through source-bound native2010 identity and accepted02/21 core,retrospective_continuity_not_historical_coordinate_measurement,auto_rule,False
61.8443283,45.3575623,2021:data_allsettlements_anon_156_v20251217.parquet:parquet:88785,86c197cd522e0b63669e9c6e7f43fd3d82b3704c6a126c800a9968ecd16cae14,"parquet_row_1based=88785;latitude_dadata,longitude_dadata",/workspace/settlements-raw/data/interim/2021_tochno/data_allsettlements_anon_156_v20251217.parquet,86c197cd522e0b63669e9c6e7f43fd3d82b3704c6a126c800a9968ecd16cae14,"parquet_row_1based=88785;latitude_dadata,longitude_dadata",raw_2021_own_provider_named_point,ARK2010:archive20131022:html_table1_tr2093,reviewed_extension_rule_accepted,retrospective use of independently admitted current ownNP point through source-bound native2010 identity and accepted02/21 core,retrospective_continuity_not_historical_coordinate_measurement,auto_rule,False
62.2340716,44.8116609,2021:data_allsettlements_anon_156_v20251217.parquet:parquet:86710,,data/interim/2021_tochno/data_allsettlements_anon_156_v20251217.parquet#:86710.0,/workspace/settlements-raw/data/interim/2021_tochno/data_allsettlements_anon_156_v20251217.parquet,86c197cd522e0b63669e9c6e7f43fd3d82b3704c6a126c800a9968ecd16cae14,"parquet_row_1based=86710;latitude_dadata,longitude_dadata",tochno_2021_dadata_raw_parquet_point,ARK2010:archive20131022:html_table1_tr0444,reviewed_extension_rule_accepted,retrospective use of independently admitted current ownNP point through source-bound native2010 identity and accepted02/21 core,retrospective_continuity_not_historical_coordinate_measurement,auto_rule,False
61.718947,45.358904,Q18805259,86c197cd522e0b63669e9c6e7f43fd3d82b3704c6a126c800a9968ecd16cae14,data/interim/2021_tochno/data_allsettlements_anon_156_v20251217.parquet#row=88792.0,/workspace/settlements-raw/data/raw/wikidata_truthy_claims/batch_0046.jsonl.gz,5206bdc85bbdd7fd01a877eb9038f120f7abf0dab9d25f0dcb74e19b1d5ed2e2,"{""line_number"": 7176, ""locator"": ""batch_0046.jsonl.gz#line=7176"", ""retrieved_at_utc"": ""2026-08-31T20:58:00.864070+00:00"", ""source_file"": ""batch_0046.jsonl.gz"", ""value_raw"": ""POINT(45.358904 61.718947)""}",wikidata_P625_point_claim,ARK2010:archive20131022:html_table1_tr2100,reviewed_extension_rule_accepted,retrospective use of independently admitted current ownNP point through source-bound native2010 identity and accepted02/21 core,retrospective_continuity_not_historical_coordinate_measurement,auto_rule,False
65.0564922,45.679398,2021:data_allsettlements_anon_156_v20251217.parquet:parquet:88999,86c197cd522e0b63669e9c6e7f43fd3d82b3704c6a126c800a9968ecd16cae14,"parquet_row_1based=88999;latitude_dadata,longitude_dadata",/workspace/settlements-raw/data/interim/2021_tochno/data_allsettlements_anon_156_v20251217.parquet,86c197cd522e0b63669e9c6e7f43fd3d82b3704c6a126c800a9968ecd16cae14,"parquet_row_1based=88999;latitude_dadata,longitude_dadata",raw_2021_own_provider_named_point,ARK2010:archive20131022:html_table1_tr2315,reviewed_extension_rule_accepted,retrospective use of independently admitted current ownNP point through source-bound native2010 identity and accepted02/21 core,retrospective_continuity_not_historical_coordinate_measurement,auto_rule,False
61.4506668,46.2050873,2021:data_allsettlements_anon_156_v20251217.parquet:parquet:88368,86c197cd522e0b63669e9c6e7f43fd3d82b3704c6a126c800a9968ecd16cae14,"parquet_row_1based=88368;latitude_dadata,longitude_dadata",/workspace/settlements-raw/data/interim/2021_tochno/data_allsettlements_anon_156_v20251217.parquet,86c197cd522e0b63669e9c6e7f43fd3d82b3704c6a126c800a9968ecd16cae14,"parquet_row_1based=88368;latitude_dadata,longitude_dadata",raw_2021_own_provider_named_point,ARK2010:archive20131022:html_table1_tr1673,reviewed_extension_rule_accepted,retrospective use of independently admitted current ownNP point through source-bound native2010 identity and accepted02/21 core,retrospective_continuity_not_historical_coordinate_measurement,auto_rule,False
61.0806,46.6125,Q16020414,86c197cd522e0b63669e9c6e7f43fd3d82b3704c6a126c800a9968ecd16cae14,data/interim/2021_tochno/data_allsettlements_anon_156_v20251217.parquet#row=88376.0,/workspace/settlements-raw/data/raw/wikidata_truthy_claims/batch_0021.jsonl.gz,2e801c990d16734dfc0445c4abd7c861c740c0bf28ab0cc267625905213f2a0c,"{""line_number"": 9219, ""locator"": ""batch_0021.jsonl.gz#line=9219"", ""retrieved_at_utc"": ""2026-08-31T20:57:33.678256+00:00"", ""source_file"": ""batch_0021.jsonl.gz"", ""value_raw"": ""POINT(46.612500 61.080600)""}",wikidata_P625_point_claim,ARK2010:archive20131022:html_table1_tr1683,reviewed_extension_rule_accepted,retrospective use of independently admitted current ownNP point through source-bound native2010 identity and accepted02/21 core,retrospective_continuity_not_historical_coordinate_measurement,auto_rule,False
61.571396,46.273826,Q18774400,86c197cd522e0b63669e9c6e7f43fd3d82b3704c6a126c800a9968ecd16cae14,data/interim/2021_tochno/data_allsettlements_anon_156_v20251217.parquet#row=88519.0,/workspace/settlements-raw/data/raw/wikidata_truthy_claims/batch_0032.jsonl.gz,3e9d6d0cfe91286d2fdfbf99b0af3d2560e2a0ce7c45dd745c40172d65a191b5,"{""line_number"": 7573, ""locator"": ""batch_0032.jsonl.gz#line=7573"", ""retrieved_at_utc"": ""2026-08-31T20:57:47.125365+00:00"", ""source_file"": ""batch_0032.jsonl.gz"", ""value_raw"": ""POINT(46.273826 61.571396)""}",wikidata_P625_point_claim,ARK2010:archive20131022:html_table1_tr1827,reviewed_extension_rule_accepted,retrospective use of independently admitted current ownNP point through source-bound native2010 identity and accepted02/21 core,retrospective_continuity_not_historical_coordinate_measurement,auto_rule,False
61.1568885,47.8449191,2021:data_allsettlements_anon_156_v20251217.parquet:parquet:86903,,data/interim/2021_tochno/data_allsettlements_anon_156_v20251217.parquet#:86903.0,/workspace/settlements-raw/data/interim/2021_tochno/data_allsettlements_anon_156_v20251217.parquet,86c197cd522e0b63669e9c6e7f43fd3d82b3704c6a126c800a9968ecd16cae14,"parquet_row_1based=86903;latitude_dadata,longitude_dadata",tochno_2021_dadata_raw_parquet_point,ARK2010:archive20131022:html_table1_tr0725,reviewed_extension_rule_accepted,retrospective use of independently admitted current ownNP point through source-bound native2010 identity and accepted02/21 core,retrospective_continuity_not_historical_coordinate_measurement,auto_rule,False
61.6924713,38.1771052,2021:data_allsettlements_anon_156_v20251217.parquet:parquet:87106,,data/interim/2021_tochno/data_allsettlements_anon_156_v20251217.parquet#:87106.0,/workspace/settlements-raw/data/interim/2021_tochno/data_allsettlements_anon_156_v20251217.parquet,86c197cd522e0b63669e9c6e7f43fd3d82b3704c6a126c800a9968ecd16cae14,"parquet_row_1based=87106;latitude_dadata,longitude_dadata",tochno_2021_dadata_raw_parquet_point,ARK2010:archive20131022:html_table1_tr1088,reviewed_extension_rule_accepted,retrospective use of independently admitted current ownNP point through source-bound native2010 identity and accepted02/21 core,retrospective_continuity_not_historical_coordinate_measurement,auto_rule,False
61.750777,40.919232,Q18774196,86c197cd522e0b63669e9c6e7f43fd3d82b3704c6a126c800a9968ecd16cae14,data/interim/2021_tochno/data_allsettlements_anon_156_v20251217.parquet#row=89125.0,/workspace/settlements-raw/data/raw/wikidata_truthy_claims/batch_0032.jsonl.gz,3e9d6d0cfe91286d2fdfbf99b0af3d2560e2a0ce7c45dd745c40172d65a191b5,"{""line_number"": 7338, ""locator"": ""batch_0032.jsonl.gz#line=7338"", ""retrieved_at_utc"": ""2026-08-31T20:57:47.125365+00:00"", ""source_file"": ""batch_0032.jsonl.gz"", ""value_raw"": ""POINT(40.919232 61.750777)""}",wikidata_P625_point_claim,ARK2010:archive20131022:html_table1_tr2456,reviewed_extension_rule_accepted,retrospective use of independently admitted current ownNP point through source-bound native2010 identity and accepted02/21 core,retrospective_continuity_not_historical_coordinate_measurement,auto_rule,False
62.4570869,42.5974715,2021:data_allsettlements_anon_156_v20251217.parquet:parquet:90528,86c197cd522e0b63669e9c6e7f43fd3d82b3704c6a126c800a9968ecd16cae14,"parquet_row_1based=90528;latitude_dadata,longitude_dadata",/workspace/settlements-raw/data/interim/2021_tochno/data_allsettlements_anon_156_v20251217.parquet,86c197cd522e0b63669e9c6e7f43fd3d82b3704c6a126c800a9968ecd16cae14,"parquet_row_1based=90528;latitude_dadata,longitude_dadata",raw_2021_own_provider_named_point,ARK2010:archive20131022:html_table1_tr4160,reviewed_extension_rule_accepted,retrospective use of independently admitted current ownNP point through source-bound native2010 identity and accepted02/21 core,retrospective_continuity_not_historical_coordinate_measurement,auto_rule,False
61.4286181,46.242485,2021:data_allsettlements_anon_156_v20251217.parquet:parquet:88315,86c197cd522e0b63669e9c6e7f43fd3d82b3704c6a126c800a9968ecd16cae14,"parquet_row_1based=88315;latitude_dadata,longitude_dadata",/workspace/settlements-raw/data/interim/2021_tochno/data_allsettlements_anon_156_v20251217.parquet,86c197cd522e0b63669e9c6e7f43fd3d82b3704c6a126c800a9968ecd16cae14,"parquet_row_1based=88315;latitude_dadata,longitude_dadata",raw_2021_own_provider_named_point,ARK2010:archive20131022:html_table1_tr1619,reviewed_extension_rule_accepted,retrospective use of independently admitted current ownNP point through source-bound native2010 identity and accepted02/21 core,retrospective_continuity_not_historical_coordinate_measurement,auto_rule,False
61.6130965,46.0321805,2021:data_allsettlements_anon_156_v20251217.parquet:parquet:88526,86c197cd522e0b63669e9c6e7f43fd3d82b3704c6a126c800a9968ecd16cae14,"parquet_row_1based=88526;latitude_dadata,longitude_dadata",/workspace/settlements-raw/data/interim/2021_tochno/data_allsettlements_anon_156_v20251217.parquet,86c197cd522e0b63669e9c6e7f43fd3d82b3704c6a126c800a9968ecd16cae14,"parquet_row_1based=88526;latitude_dadata,longitude_dadata",raw_2021_own_provider_named_point,ARK2010:archive20131022:html_table1_tr1834,reviewed_extension_rule_accepted,retrospective use of independently admitted current ownNP point through source-bound native2010 identity and accepted02/21 core,retrospective_continuity_not_historical_coordinate_measurement,auto_rule,False
62.2606162,38.2968567,2021:data_allsettlements_anon_156_v20251217.parquet:parquet:87402,,data/interim/2021_tochno/data_allsettlements_anon_156_v20251217.parquet#:87402.0,/workspace/settlements-raw/data/interim/2021_tochno/data_allsettlements_anon_156_v20251217.parquet,86c197cd522e0b63669e9c6e7f43fd3d82b3704c6a126c800a9968ecd16cae14,"parquet_row_1based=87402;latitude_dadata,longitude_dadata",tochno_2021_dadata_raw_parquet_point,ARK2010:archive20131022:html_table1_tr2995,reviewed_extension_rule_accepted,retrospective use of independently admitted current ownNP point through source-bound native2010 identity and accepted02/21 core,retrospective_continuity_not_historical_coordinate_measurement,auto_rule,False
61.2937657,42.8133434,2021:data_allsettlements_anon_156_v20251217.parquet:parquet:87564,,data/interim/2021_tochno/data_allsettlements_anon_156_v20251217.parquet#:87564.0,/workspace/settlements-raw/data/interim/2021_tochno/data_allsettlements_anon_156_v20251217.parquet,86c197cd522e0b63669e9c6e7f43fd3d82b3704c6a126c800a9968ecd16cae14,"parquet_row_1based=87564;latitude_dadata,longitude_dadata",tochno_2021_dadata_raw_parquet_point,ARK2010:archive20131022:html_table1_tr0114,reviewed_extension_rule_accepted,retrospective use of independently admitted current ownNP point through source-bound native2010 identity and accepted02/21 core,retrospective_continuity_not_historical_coordinate_measurement,auto_rule,False
60.9282815,38.5272392,2021:data_allsettlements_anon_156_v20251217.parquet:parquet:87096,,data/interim/2021_tochno/data_allsettlements_anon_156_v20251217.parquet#:87096.0,/workspace/settlements-raw/data/interim/2021_tochno/data_allsettlements_anon_156_v20251217.parquet,86c197cd522e0b63669e9c6e7f43fd3d82b3704c6a126c800a9968ecd16cae14,"parquet_row_1based=87096;latitude_dadata,longitude_dadata",tochno_2021_dadata_raw_parquet_point,ARK2010:archive20131022:html_table1_tr1182,reviewed_extension_rule_accepted,retrospective use of independently admitted current ownNP point through source-bound native2010 identity and accepted02/21 core,retrospective_continuity_not_historical_coordinate_measurement,auto_rule,False
62.4261037,39.8244706,2021:data_allsettlements_anon_156_v20251217.parquet:parquet:87313,,data/interim/2021_tochno/data_allsettlements_anon_156_v20251217.parquet#:87313.0,/workspace/settlements-raw/data/interim/2021_tochno/data_allsettlements_anon_156_v20251217.parquet,86c197cd522e0b63669e9c6e7f43fd3d82b3704c6a126c800a9968ecd16cae14,"parquet_row_1based=87313;latitude_dadata,longitude_dadata",tochno_2021_dadata_raw_parquet_point,ARK2010:archive20131022:html_table1_tr2855,reviewed_extension_rule_accepted,retrospective use of independently admitted current ownNP point through source-bound native2010 identity and accepted02/21 core,retrospective_continuity_not_historical_coordinate_measurement,auto_rule,False
61.499619,38.8230418,2021:data_allsettlements_anon_156_v20251217.parquet:parquet:87176,,data/interim/2021_tochno/data_allsettlements_anon_156_v20251217.parquet#:87176.0,/workspace/settlements-raw/data/interim/2021_tochno/data_allsettlements_anon_156_v20251217.parquet,86c197cd522e0b63669e9c6e7f43fd3d82b3704c6a126c800a9968ecd16cae14,"parquet_row_1based=87176;latitude_dadata,longitude_dadata",tochno_2021_dadata_raw_parquet_point,ARK2010:archive20131022:html_table1_tr1064,reviewed_extension_rule_accepted,retrospective use of independently admitted current ownNP point through source-bound native2010 identity and accepted02/21 core,retrospective_continuity_not_historical_coordinate_measurement,auto_rule,False
61.0684956,48.0435034,2021:data_allsettlements_anon_156_v20251217.parquet:parquet:86937,,data/interim/2021_tochno/data_allsettlements_anon_156_v20251217.parquet#:86937.0,/workspace/settlements-raw/data/interim/2021_tochno/data_allsettlements_anon_156_v20251217.parquet,86c197cd522e0b63669e9c6e7f43fd3d82b3704c6a126c800a9968ecd16cae14,"parquet_row_1based=86937;latitude_dadata,longitude_dadata",tochno_2021_dadata_raw_parquet_point,ARK2010:archive20131022:html_table1_tr0867,reviewed_extension_rule_accepted,retrospective use of independently admitted current ownNP point through source-bound native2010 identity and accepted02/21 core,retrospective_continuity_not_historical_coordinate_measurement,auto_rule,False
61.4309966,42.6656716,2021:data_allsettlements_anon_156_v20251217.parquet:parquet:87560,,data/interim/2021_tochno/data_allsettlements_anon_156_v20251217.parquet#:87560.0,/workspace/settlements-raw/data/interim/2021_tochno/data_allsettlements_anon_156_v20251217.parquet,86c197cd522e0b63669e9c6e7f43fd3d82b3704c6a126c800a9968ecd16cae14,"parquet_row_1based=87560;latitude_dadata,longitude_dadata",tochno_2021_dadata_raw_parquet_point,ARK2010:archive20131022:html_table1_tr0110,reviewed_extension_rule_accepted,retrospective use of independently admitted current ownNP point through source-bound native2010 identity and accepted02/21 core,retrospective_continuity_not_historical_coordinate_measurement,auto_rule,False
61.0593059,46.6244119,2021:data_allsettlements_anon_156_v20251217.parquet:parquet:88431,86c197cd522e0b63669e9c6e7f43fd3d82b3704c6a126c800a9968ecd16cae14,"parquet_row_1based=88431;latitude_dadata,longitude_dadata",/workspace/settlements-raw/data/interim/2021_tochno/data_allsettlements_anon_156_v20251217.parquet,86c197cd522e0b63669e9c6e7f43fd3d82b3704c6a126c800a9968ecd16cae14,"parquet_row_1based=88431;latitude_dadata,longitude_dadata",raw_2021_own_provider_named_point,ARK2010:archive20131022:html_table1_tr1741,reviewed_extension_rule_accepted,retrospective use of independently admitted current ownNP point through source-bound native2010 identity and accepted02/21 core,retrospective_continuity_not_historical_coordinate_measurement,auto_rule,False
61.594722,45.768889,Q4482252,86c197cd522e0b63669e9c6e7f43fd3d82b3704c6a126c800a9968ecd16cae14,data/interim/2021_tochno/data_allsettlements_anon_156_v20251217.parquet#row=88499.0,/workspace/settlements-raw/data/raw/wikidata_truthy_claims/batch_0135.jsonl.gz,d914db54f8a44b45d380b6822fed22f5a3f6da59ef074da58e2060c1c1b20bb7,"{""line_number"": 11042, ""locator"": ""batch_0135.jsonl.gz#line=11042"", ""retrieved_at_utc"": ""2026-08-31T20:59:56.927901+00:00"", ""source_file"": ""batch_0135.jsonl.gz"", ""value_raw"": ""POINT(45.768889 61.594722)""}",wikidata_P625_point_claim,ARK2010:archive20131022:html_table1_tr1808,reviewed_extension_rule_accepted,retrospective use of independently admitted current ownNP point through source-bound native2010 identity and accepted02/21 core,retrospective_continuity_not_historical_coordinate_measurement,auto_rule,False
60.833608,42.985177,Q18788822,86c197cd522e0b63669e9c6e7f43fd3d82b3704c6a126c800a9968ecd16cae14,data/interim/2021_tochno/data_allsettlements_anon_156_v20251217.parquet#row=89886.0,/workspace/settlements-raw/data/raw/wikidata_truthy_claims/batch_0038.jsonl.gz,f09e720ae025073547e0368de164cf9f1cb03f7bb5f75c80c077aadfb4486a51,"{""line_number"": 7249, ""locator"": ""batch_0038.jsonl.gz#line=7249"", ""retrieved_at_utc"": ""2026-08-31T20:57:52.813243+00:00"", ""source_file"": ""batch_0038.jsonl.gz"", ""value_raw"": ""POINT(42.985177 60.833608)""}",wikidata_P625_point_claim,ARK2010:archive20131022:html_table1_tr3506,reviewed_extension_rule_accepted,retrospective use of independently admitted current ownNP point through source-bound native2010 identity and accepted02/21 core,retrospective_continuity_not_historical_coordinate_measurement,auto_rule,False
61.5480642,45.9959026,2021:data_allsettlements_anon_156_v20251217.parquet:parquet:88488,86c197cd522e0b63669e9c6e7f43fd3d82b3704c6a126c800a9968ecd16cae14,"parquet_row_1based=88488;latitude_dadata,longitude_dadata",/workspace/settlements-raw/data/interim/2021_tochno/data_allsettlements_anon_156_v20251217.parquet,86c197cd522e0b63669e9c6e7f43fd3d82b3704c6a126c800a9968ecd16cae14,"parquet_row_1based=88488;latitude_dadata,longitude_dadata",raw_2021_own_provider_named_point,ARK2010:archive20131022:html_table1_tr1796,reviewed_extension_rule_accepted,retrospective use of independently admitted current ownNP point through source-bound native2010 identity and accepted02/21 core,retrospective_continuity_not_historical_coordinate_measurement,auto_rule,False
63.552921,41.947542,Q18769112,86c197cd522e0b63669e9c6e7f43fd3d82b3704c6a126c800a9968ecd16cae14,data/interim/2021_tochno/data_allsettlements_anon_156_v20251217.parquet#row=90271.0,/workspace/settlements-raw/data/raw/wikidata_truthy_claims/batch_0030.jsonl.gz,7c0912e62927b8b8e80548784f10afb5fe1ecd9185f930302710c4933f56952d,"{""line_number"": 7905, ""locator"": ""batch_0030.jsonl.gz#line=7905"", ""retrieved_at_utc"": ""2026-08-31T20:57:45.000192+00:00"", ""source_file"": ""batch_0030.jsonl.gz"", ""value_raw"": ""POINT(41.947542 63.552921)""}",wikidata_P625_point_claim,ARK2010:archive20131022:html_table1_tr3968,reviewed_extension_rule_accepted,retrospective use of independently admitted current ownNP point through source-bound native2010 identity and accepted02/21 core,retrospective_continuity_not_historical_coordinate_measurement,auto_rule,False
61.298221,46.674297,Q18768493,86c197cd522e0b63669e9c6e7f43fd3d82b3704c6a126c800a9968ecd16cae14,data/interim/2021_tochno/data_allsettlements_anon_156_v20251217.parquet#row=88152.0,/workspace/settlements-raw/data/raw/wikidata_truthy_claims/batch_0030.jsonl.gz,7c0912e62927b8b8e80548784f10afb5fe1ecd9185f930302710c4933f56952d,"{""line_number"": 7653, ""locator"": ""batch_0030.jsonl.gz#line=7653"", ""retrieved_at_utc"": ""2026-08-31T20:57:45.000192+00:00"", ""source_file"": ""batch_0030.jsonl.gz"", ""value_raw"": ""POINT(46.674297 61.298221)""}",wikidata_P625_point_claim,ARK2010:archive20131022:html_table1_tr1525,reviewed_extension_rule_accepted,retrospective use of independently admitted current ownNP point through source-bound native2010 identity and accepted02/21 core,retrospective_continuity_not_historical_coordinate_measurement,auto_rule,False
62.1818075,49.0644869,2021:data_allsettlements_anon_156_v20251217.parquet:parquet:88880,,data/interim/2021_tochno/data_allsettlements_anon_156_v20251217.parquet#:88880.0,/workspace/settlements-raw/data/interim/2021_tochno/data_allsettlements_anon_156_v20251217.parquet,86c197cd522e0b63669e9c6e7f43fd3d82b3704c6a126c800a9968ecd16cae14,"parquet_row_1based=88880;latitude_dadata,longitude_dadata",tochno_2021_dadata_raw_parquet_point,ARK2010:archive20131022:html_table1_tr2141,reviewed_extension_rule_accepted,retrospective use of independently admitted current ownNP point through source-bound native2010 identity and accepted02/21 core,retrospective_continuity_not_historical_coordinate_measurement,auto_rule,False
61.5321772,42.543537,2021:data_allsettlements_anon_156_v20251217.parquet:parquet:87699,,data/interim/2021_tochno/data_allsettlements_anon_156_v20251217.parquet#:87699.0,/workspace/settlements-raw/data/interim/2021_tochno/data_allsettlements_anon_156_v20251217.parquet,86c197cd522e0b63669e9c6e7f43fd3d82b3704c6a126c800a9968ecd16cae14,"parquet_row_1based=87699;latitude_dadata,longitude_dadata",tochno_2021_dadata_raw_parquet_point,ARK2010:archive20131022:html_table1_tr0247,reviewed_extension_rule_accepted,retrospective use of independently admitted current ownNP point through source-bound native2010 identity and accepted02/21 core,retrospective_continuity_not_historical_coordinate_measurement,auto_rule,False
61.6287004,45.9216678,2021:data_allsettlements_anon_156_v20251217.parquet:parquet:88520,86c197cd522e0b63669e9c6e7f43fd3d82b3704c6a126c800a9968ecd16cae14,"parquet_row_1based=88520;latitude_dadata,longitude_dadata",/workspace/settlements-raw/data/interim/2021_tochno/data_allsettlements_anon_156_v20251217.parquet,86c197cd522e0b63669e9c6e7f43fd3d82b3704c6a126c800a9968ecd16cae14,"parquet_row_1based=88520;latitude_dadata,longitude_dadata",raw_2021_own_provider_named_point,ARK2010:archive20131022:html_table1_tr1828,reviewed_extension_rule_accepted,retrospective use of independently admitted current ownNP point through source-bound native2010 identity and accepted02/21 core,retrospective_continuity_not_historical_coordinate_measurement,auto_rule,False
62.1443125,38.1628844,2021:data_allsettlements_anon_156_v20251217.parquet:parquet:87388,,data/interim/2021_tochno/data_allsettlements_anon_156_v20251217.parquet#:87388.0,/workspace/settlements-raw/data/interim/2021_tochno/data_allsettlements_anon_156_v20251217.parquet,86c197cd522e0b63669e9c6e7f43fd3d82b3704c6a126c800a9968ecd16cae14,"parquet_row_1based=87388;latitude_dadata,longitude_dadata",tochno_2021_dadata_raw_parquet_point,ARK2010:archive20131022:html_table1_tr2914,reviewed_extension_rule_accepted,retrospective use of independently admitted current ownNP point through source-bound native2010 identity and accepted02/21 core,retrospective_continuity_not_historical_coordinate_measurement,auto_rule,False
60.8949718,39.4984006,2021:data_allsettlements_anon_156_v20251217.parquet:parquet:88071,,data/interim/2021_tochno/data_allsettlements_anon_156_v20251217.parquet#:88071.0,/workspace/settlements-raw/data/interim/2021_tochno/data_allsettlements_anon_156_v20251217.parquet,86c197cd522e0b63669e9c6e7f43fd3d82b3704c6a126c800a9968ecd16cae14,"parquet_row_1based=88071;latitude_dadata,longitude_dadata",tochno_2021_dadata_raw_parquet_point,ARK2010:archive20131022:html_table1_tr1367,reviewed_extension_rule_accepted,retrospective use of independently admitted current ownNP point through source-bound native2010 identity and accepted02/21 core,retrospective_continuity_not_historical_coordinate_measurement,auto_rule,False
60.8069823,40.946591,2021:data_allsettlements_anon_156_v20251217.parquet:parquet:88109,,data/interim/2021_tochno/data_allsettlements_anon_156_v20251217.parquet#:88109.0,/workspace/settlements-raw/data/interim/2021_tochno/data_allsettlements_anon_156_v20251217.parquet,86c197cd522e0b63669e9c6e7f43fd3d82b3704c6a126c800a9968ecd16cae14,"parquet_row_1based=88109;latitude_dadata,longitude_dadata",tochno_2021_dadata_raw_parquet_point,ARK2010:archive20131022:html_table1_tr1406,reviewed_extension_rule_accepted,retrospective use of independently admitted current ownNP point through source-bound native2010 identity and accepted02/21 core,retrospective_continuity_not_historical_coordinate_measurement,auto_rule,False
61.4307028,47.5660943,2021:data_allsettlements_anon_156_v20251217.parquet:parquet:88153,86c197cd522e0b63669e9c6e7f43fd3d82b3704c6a126c800a9968ecd16cae14,"parquet_row_1based=88153;latitude_dadata,longitude_dadata",/workspace/settlements-raw/data/interim/2021_tochno/data_allsettlements_anon_156_v20251217.parquet,86c197cd522e0b63669e9c6e7f43fd3d82b3704c6a126c800a9968ecd16cae14,"parquet_row_1based=88153;latitude_dadata,longitude_dadata",raw_2021_own_provider_named_point,ARK2010:archive20131022:html_table1_tr1526,reviewed_extension_rule_accepted,retrospective use of independently admitted current ownNP point through source-bound native2010 identity and accepted02/21 core,retrospective_continuity_not_historical_coordinate_measurement,auto_rule,False
61.6892596,46.664093,2021:data_allsettlements_anon_156_v20251217.parquet:parquet:88583,86c197cd522e0b63669e9c6e7f43fd3d82b3704c6a126c800a9968ecd16cae14,"parquet_row_1based=88583;latitude_dadata,longitude_dadata",/workspace/settlements-raw/data/interim/2021_tochno/data_allsettlements_anon_156_v20251217.parquet,86c197cd522e0b63669e9c6e7f43fd3d82b3704c6a126c800a9968ecd16cae14,"parquet_row_1based=88583;latitude_dadata,longitude_dadata",raw_2021_own_provider_named_point,ARK2010:archive20131022:html_table1_tr1891,reviewed_extension_rule_accepted,retrospective use of independently admitted current ownNP point through source-bound native2010 identity and accepted02/21 core,retrospective_continuity_not_historical_coordinate_measurement,auto_rule,False
64.7140698,43.6573053,2021:data_allsettlements_anon_156_v20251217.parquet:parquet:89415,86c197cd522e0b63669e9c6e7f43fd3d82b3704c6a126c800a9968ecd16cae14,"parquet_row_1based=89415;latitude_dadata,longitude_dadata",/workspace/settlements-raw/data/interim/2021_tochno/data_allsettlements_anon_156_v20251217.parquet,86c197cd522e0b63669e9c6e7f43fd3d82b3704c6a126c800a9968ecd16cae14,"parquet_row_1based=89415;latitude_dadata,longitude_dadata",raw_2021_own_provider_named_point,ARK2010:archive20131022:html_table1_tr2738,reviewed_extension_rule_accepted,retrospective use of independently admitted current ownNP point through source-bound native2010 identity and accepted02/21 core,retrospective_continuity_not_historical_coordinate_measurement,auto_rule,False
63.6227024,39.0419571,2021:data_allsettlements_anon_156_v20251217.parquet:parquet:89320,86c197cd522e0b63669e9c6e7f43fd3d82b3704c6a126c800a9968ecd16cae14,"parquet_row_1based=89320;latitude_dadata,longitude_dadata",/workspace/settlements-raw/data/interim/2021_tochno/data_allsettlements_anon_156_v20251217.parquet,86c197cd522e0b63669e9c6e7f43fd3d82b3704c6a126c800a9968ecd16cae14,"parquet_row_1based=89320;latitude_dadata,longitude_dadata",raw_2021_own_provider_named_point,ARK2010:archive20131022:html_table1_tr2656,reviewed_extension_rule_accepted,retrospective use of independently admitted current ownNP point through source-bound native2010 identity and accepted02/21 core,retrospective_continuity_not_historical_coordinate_measurement,auto_rule,False
62.4159035,39.7100003,2021:data_allsettlements_anon_156_v20251217.parquet:parquet:87287,,data/interim/2021_tochno/data_allsettlements_anon_156_v20251217.parquet#:87287.0,/workspace/settlements-raw/data/interim/2021_tochno/data_allsettlements_anon_156_v20251217.parquet,86c197cd522e0b63669e9c6e7f43fd3d82b3704c6a126c800a9968ecd16cae14,"parquet_row_1based=87287;latitude_dadata,longitude_dadata",tochno_2021_dadata_raw_parquet_point,ARK2010:archive20131022:html_table1_tr3051,reviewed_extension_rule_accepted,retrospective use of independently admitted current ownNP point through source-bound native2010 identity and accepted02/21 core,retrospective_continuity_not_historical_coordinate_measurement,auto_rule,False
61.432066,47.578541,Q18791774,86c197cd522e0b63669e9c6e7f43fd3d82b3704c6a126c800a9968ecd16cae14,data/interim/2021_tochno/data_allsettlements_anon_156_v20251217.parquet#row=88190.0,/workspace/settlements-raw/data/raw/wikidata_truthy_claims/batch_0039.jsonl.gz,29e999ddaaf622ad0ea99c7804349d7a27ecd5b19592c5f8a8d4e04506496b12,"{""line_number"": 7367, ""locator"": ""batch_0039.jsonl.gz#line=7367"", ""retrieved_at_utc"": ""2026-08-31T20:57:53.818358+00:00"", ""source_file"": ""batch_0039.jsonl.gz"", ""value_raw"": ""POINT(47.578541 61.432066)""}",wikidata_P625_point_claim,ARK2010:archive20131022:html_table1_tr1567,reviewed_extension_rule_accepted,retrospective use of independently admitted current ownNP point through source-bound native2010 identity and accepted02/21 core,retrospective_continuity_not_historical_coordinate_measurement,auto_rule,False
62.6612667,41.3497554,2021:data_allsettlements_anon_156_v20251217.parquet:parquet:87302,,data/interim/2021_tochno/data_allsettlements_anon_156_v20251217.parquet#:87302.0,/workspace/settlements-raw/data/interim/2021_tochno/data_allsettlements_anon_156_v20251217.parquet,86c197cd522e0b63669e9c6e7f43fd3d82b3704c6a126c800a9968ecd16cae14,"parquet_row_1based=87302;latitude_dadata,longitude_dadata",tochno_2021_dadata_raw_parquet_point,ARK2010:archive20131022:html_table1_tr3005,reviewed_extension_rule_accepted,retrospective use of independently admitted current ownNP point through source-bound native2010 identity and accepted02/21 core,retrospective_continuity_not_historical_coordinate_measurement,auto_rule,False
62.8158325,41.1865597,2021:data_allsettlements_anon_156_v20251217.parquet:parquet:87329,,data/interim/2021_tochno/data_allsettlements_anon_156_v20251217.parquet#:87329.0,/workspace/settlements-raw/data/interim/2021_tochno/data_allsettlements_anon_156_v20251217.parquet,86c197cd522e0b63669e9c6e7f43fd3d82b3704c6a126c800a9968ecd16cae14,"parquet_row_1based=87329;latitude_dadata,longitude_dadata",tochno_2021_dadata_raw_parquet_point,ARK2010:archive20131022:html_table1_tr3012,reviewed_extension_rule_accepted,retrospective use of independently admitted current ownNP point through source-bound native2010 identity and accepted02/21 core,retrospective_continuity_not_historical_coordinate_measurement,auto_rule,False
62.0951862,38.838751,2021:data_allsettlements_anon_156_v20251217.parquet:parquet:87365,,data/interim/2021_tochno/data_allsettlements_anon_156_v20251217.parquet#:87365.0,/workspace/settlements-raw/data/interim/2021_tochno/data_allsettlements_anon_156_v20251217.parquet,86c197cd522e0b63669e9c6e7f43fd3d82b3704c6a126c800a9968ecd16cae14,"parquet_row_1based=87365;latitude_dadata,longitude_dadata",tochno_2021_dadata_raw_parquet_point,ARK2010:archive20131022:html_table1_tr2940,reviewed_extension_rule_accepted,retrospective use of independently admitted current ownNP point through source-bound native2010 identity and accepted02/21 core,retrospective_continuity_not_historical_coordinate_measurement,auto_rule,False
61.6134257,46.562098,2021:data_allsettlements_anon_156_v20251217.parquet:parquet:88602,86c197cd522e0b63669e9c6e7f43fd3d82b3704c6a126c800a9968ecd16cae14,"parquet_row_1based=88602;latitude_dadata,longitude_dadata",/workspace/settlements-raw/data/interim/2021_tochno/data_allsettlements_anon_156_v20251217.parquet,86c197cd522e0b63669e9c6e7f43fd3d82b3704c6a126c800a9968ecd16cae14,"parquet_row_1based=88602;latitude_dadata,longitude_dadata",raw_2021_own_provider_named_point,ARK2010:archive20131022:html_table1_tr1910,reviewed_extension_rule_accepted,retrospective use of independently admitted current ownNP point through source-bound native2010 identity and accepted02/21 core,retrospective_continuity_not_historical_coordinate_measurement,auto_rule,False
61.6688488,46.6519529,2021:data_allsettlements_anon_156_v20251217.parquet:parquet:88584,86c197cd522e0b63669e9c6e7f43fd3d82b3704c6a126c800a9968ecd16cae14,"parquet_row_1based=88584;latitude_dadata,longitude_dadata",/workspace/settlements-raw/data/interim/2021_tochno/data_allsettlements_anon_156_v20251217.parquet,86c197cd522e0b63669e9c6e7f43fd3d82b3704c6a126c800a9968ecd16cae14,"parquet_row_1based=88584;latitude_dadata,longitude_dadata",raw_2021_own_provider_named_point,ARK2010:archive20131022:html_table1_tr1892,reviewed_extension_rule_accepted,retrospective use of independently admitted current ownNP point through source-bound native2010 identity and accepted02/21 core,retrospective_continuity_not_historical_coordinate_measurement,auto_rule,False
60.9708609,40.153375,2021:data_allsettlements_anon_156_v20251217.parquet:parquet:88088,,data/interim/2021_tochno/data_allsettlements_anon_156_v20251217.parquet#:88088.0,/workspace/settlements-raw/data/interim/2021_tochno/data_allsettlements_anon_156_v20251217.parquet,86c197cd522e0b63669e9c6e7f43fd3d82b3704c6a126c800a9968ecd16cae14,"parquet_row_1based=88088;latitude_dadata,longitude_dadata",tochno_2021_dadata_raw_parquet_point,ARK2010:archive20131022:html_table1_tr1396,reviewed_extension_rule_accepted,retrospective use of independently admitted current ownNP point through source-bound native2010 identity and accepted02/21 core,retrospective_continuity_not_historical_coordinate_measurement,auto_rule,False
61.1939707,47.6394893,2021:data_allsettlements_anon_156_v20251217.parquet:parquet:86980,,data/interim/2021_tochno/data_allsettlements_anon_156_v20251217.parquet#:86980.0,/workspace/settlements-raw/data/interim/2021_tochno/data_allsettlements_anon_156_v20251217.parquet,86c197cd522e0b63669e9c6e7f43fd3d82b3704c6a126c800a9968ecd16cae14,"parquet_row_1based=86980;latitude_dadata,longitude_dadata",tochno_2021_dadata_raw_parquet_point,ARK2010:archive20131022:html_table1_tr0841,reviewed_extension_rule_accepted,retrospective use of independently admitted current ownNP point through source-bound native2010 identity and accepted02/21 core,retrospective_continuity_not_historical_coordinate_measurement,auto_rule,False
61.1892656,47.6335912,2021:data_allsettlements_anon_156_v20251217.parquet:parquet:86933,,data/interim/2021_tochno/data_allsettlements_anon_156_v20251217.parquet#:86933.0,/workspace/settlements-raw/data/interim/2021_tochno/data_allsettlements_anon_156_v20251217.parquet,86c197cd522e0b63669e9c6e7f43fd3d82b3704c6a126c800a9968ecd16cae14,"parquet_row_1based=86933;latitude_dadata,longitude_dadata",tochno_2021_dadata_raw_parquet_point,ARK2010:archive20131022:html_table1_tr0832,reviewed_extension_rule_accepted,retrospective use of independently admitted current ownNP point through source-bound native2010 identity and accepted02/21 core,retrospective_continuity_not_historical_coordinate_measurement,auto_rule,False
61.1864875,47.7276384,2021:data_allsettlements_anon_156_v20251217.parquet:parquet:86896,,data/interim/2021_tochno/data_allsettlements_anon_156_v20251217.parquet#:86896.0,/workspace/settlements-raw/data/interim/2021_tochno/data_allsettlements_anon_156_v20251217.parquet,86c197cd522e0b63669e9c6e7f43fd3d82b3704c6a126c800a9968ecd16cae14,"parquet_row_1based=86896;latitude_dadata,longitude_dadata",tochno_2021_dadata_raw_parquet_point,ARK2010:archive20131022:html_table1_tr0821,reviewed_extension_rule_accepted,retrospective use of independently admitted current ownNP point through source-bound native2010 identity and accepted02/21 core,retrospective_continuity_not_historical_coordinate_measurement,auto_rule,False
61.1660326,47.7515612,2021:data_allsettlements_anon_156_v20251217.parquet:parquet:86951,,data/interim/2021_tochno/data_allsettlements_anon_156_v20251217.parquet#:86951.0,/workspace/settlements-raw/data/interim/2021_tochno/data_allsettlements_anon_156_v20251217.parquet,86c197cd522e0b63669e9c6e7f43fd3d82b3704c6a126c800a9968ecd16cae14,"parquet_row_1based=86951;latitude_dadata,longitude_dadata",tochno_2021_dadata_raw_parquet_point,ARK2010:archive20131022:html_table1_tr0739,reviewed_extension_rule_accepted,retrospective use of independently admitted current ownNP point through source-bound native2010 identity and accepted02/21 core,retrospective_continuity_not_historical_coordinate_measurement,auto_rule,False
61.4233027,42.6229841,2021:data_allsettlements_anon_156_v20251217.parquet:parquet:87569,,data/interim/2021_tochno/data_allsettlements_anon_156_v20251217.parquet#:87569.0,/workspace/settlements-raw/data/interim/2021_tochno/data_allsettlements_anon_156_v20251217.parquet,86c197cd522e0b63669e9c6e7f43fd3d82b3704c6a126c800a9968ecd16cae14,"parquet_row_1based=87569;latitude_dadata,longitude_dadata",tochno_2021_dadata_raw_parquet_point,ARK2010:archive20131022:html_table1_tr0119,reviewed_extension_rule_accepted,retrospective use of independently admitted current ownNP point through source-bound native2010 identity and accepted02/21 core,retrospective_continuity_not_historical_coordinate_measurement,auto_rule,False
61.8508403,38.8593358,2021:data_allsettlements_anon_156_v20251217.parquet:parquet:87054,,data/interim/2021_tochno/data_allsettlements_anon_156_v20251217.parquet#:87054.0,/workspace/settlements-raw/data/interim/2021_tochno/data_allsettlements_anon_156_v20251217.parquet,86c197cd522e0b63669e9c6e7f43fd3d82b3704c6a126c800a9968ecd16cae14,"parquet_row_1based=87054;latitude_dadata,longitude_dadata",tochno_2021_dadata_raw_parquet_point,ARK2010:archive20131022:html_table1_tr1019,reviewed_extension_rule_accepted,retrospective use of independently admitted current ownNP point through source-bound native2010 identity and accepted02/21 core,retrospective_continuity_not_historical_coordinate_measurement,auto_rule,False
62.4245964,39.830595,2021:data_allsettlements_anon_156_v20251217.parquet:parquet:87301,,data/interim/2021_tochno/data_allsettlements_anon_156_v20251217.parquet#:87301.0,/workspace/settlements-raw/data/interim/2021_tochno/data_allsettlements_anon_156_v20251217.parquet,86c197cd522e0b63669e9c6e7f43fd3d82b3704c6a126c800a9968ecd16cae14,"parquet_row_1based=87301;latitude_dadata,longitude_dadata",tochno_2021_dadata_raw_parquet_point,ARK2010:archive20131022:html_table1_tr3056,reviewed_extension_rule_accepted,retrospective use of independently admitted current ownNP point through source-bound native2010 identity and accepted02/21 core,retrospective_continuity_not_historical_coordinate_measurement,auto_rule,False
62.4044174,39.7403901,2021:data_allsettlements_anon_156_v20251217.parquet:parquet:87324,,data/interim/2021_tochno/data_allsettlements_anon_156_v20251217.parquet#:87324.0,/workspace/settlements-raw/data/interim/2021_tochno/data_allsettlements_anon_156_v20251217.parquet,86c197cd522e0b63669e9c6e7f43fd3d82b3704c6a126c800a9968ecd16cae14,"parquet_row_1based=87324;latitude_dadata,longitude_dadata",tochno_2021_dadata_raw_parquet_point,ARK2010:archive20131022:html_table1_tr3059,reviewed_extension_rule_accepted,retrospective use of independently admitted current ownNP point through source-bound native2010 identity and accepted02/21 core,retrospective_continuity_not_historical_coordinate_measurement,auto_rule,False
59.2142052,41.0099717,98f3b597-deee-43f4-a26c-f86d4922ea6d,None,None,/workspace/settlements-raw/data/interim/2021_tochno/data_allsettlements_anon_156_v20251217.parquet,86c197cd522e0b63669e9c6e7f43fd3d82b3704c6a126c800a9968ecd16cae14,parquet row 1-based=10540; raw row sha256=d88a6eca815b9ac52a48b383ff3c08bc0709da71e3dc923d0fc84bdbef0bf53e,exact_row_current_FIAS_level6_locality,2010:012_5c339c0d0e_4._20Vologod_pskov_2010.xls:Data Sheet:4694,reviewed_extension_rule_accepted,retrospective use of independently admitted current ownNP point through source-bound native2010 identity and accepted02/21 core,retrospective_continuity_not_historical_coordinate_measurement,auto_rule,False
59.1607618,34.3770763,2021:data_allsettlements_anon_156_v20251217.parquet:parquet:77008,,data/interim/2021_tochno/data_allsettlements_anon_156_v20251217.parquet#:77008.0,/workspace/settlements-raw/data/interim/2021_tochno/data_allsettlements_anon_156_v20251217.parquet,86c197cd522e0b63669e9c6e7f43fd3d82b3704c6a126c800a9968ecd16cae14,"parquet_row_1based=77008;latitude_dadata,longitude_dadata",tochno_2021_dadata_raw_parquet_point,2010:001_723371ec84_1._20NW_2010.xls:NW:11684,reviewed_extension_rule_accepted,retrospective use of independently admitted current ownNP point through source-bound native2010 identity and accepted02/21 core,retrospective_continuity_not_historical_coordinate_measurement,auto_rule,False
61.1481935,38.9688078,2021:data_allsettlements_anon_156_v20251217.parquet:parquet:87058,,data/interim/2021_tochno/data_allsettlements_anon_156_v20251217.parquet#:87058.0,/workspace/settlements-raw/data/interim/2021_tochno/data_allsettlements_anon_156_v20251217.parquet,86c197cd522e0b63669e9c6e7f43fd3d82b3704c6a126c800a9968ecd16cae14,"parquet_row_1based=87058;latitude_dadata,longitude_dadata",tochno_2021_dadata_raw_parquet_point,ARK2010:archive20131022:html_table1_tr1036,reviewed_extension_rule_accepted,retrospective use of independently admitted current ownNP point through source-bound native2010 identity and accepted02/21 core,retrospective_continuity_not_historical_coordinate_measurement,auto_rule,False
57.4013538,28.0934196,2021:data_allsettlements_anon_156_v20251217.parquet:parquet:105077,,data/interim/2021_tochno/data_allsettlements_anon_156_v20251217.parquet#:105077.0,/workspace/settlements-raw/data/interim/2021_tochno/data_allsettlements_anon_156_v20251217.parquet,86c197cd522e0b63669e9c6e7f43fd3d82b3704c6a126c800a9968ecd16cae14,"parquet_row_1based=105077;latitude_dadata,longitude_dadata",tochno_2021_dadata_raw_parquet_point,2010:012_5c339c0d0e_4._20Vologod_pskov_2010.xls:Data Sheet:12852,reviewed_extension_rule_accepted,retrospective use of independently admitted current ownNP point through source-bound native2010 identity and accepted02/21 core,retrospective_continuity_not_historical_coordinate_measurement,auto_rule,False
60.7801503,39.4425744,2021:data_allsettlements_anon_156_v20251217.parquet:parquet:88014,,data/interim/2021_tochno/data_allsettlements_anon_156_v20251217.parquet#:88014.0,/workspace/settlements-raw/data/interim/2021_tochno/data_allsettlements_anon_156_v20251217.parquet,86c197cd522e0b63669e9c6e7f43fd3d82b3704c6a126c800a9968ecd16cae14,"parquet_row_1based=88014;latitude_dadata,longitude_dadata",tochno_2021_dadata_raw_parquet_point,ARK2010:archive20131022:html_table1_tr1313,reviewed_extension_rule_accepted,retrospective use of independently admitted current ownNP point through source-bound native2010 identity and accepted02/21 core,retrospective_continuity_not_historical_coordinate_measurement,auto_rule,False
61.1634723,40.2323026,2021:data_allsettlements_anon_156_v20251217.parquet:parquet:88009,,data/interim/2021_tochno/data_allsettlements_anon_156_v20251217.parquet#:88009.0,/workspace/settlements-raw/data/interim/2021_tochno/data_allsettlements_anon_156_v20251217.parquet,86c197cd522e0b63669e9c6e7f43fd3d82b3704c6a126c800a9968ecd16cae14,"parquet_row_1based=88009;latitude_dadata,longitude_dadata",tochno_2021_dadata_raw_parquet_point,ARK2010:archive20131022:html_table1_tr1304,reviewed_extension_rule_accepted,retrospective use of independently admitted current ownNP point through source-bound native2010 identity and accepted02/21 core,retrospective_continuity_not_historical_coordinate_measurement,auto_rule,False
61.1462045,39.0021941,2021:data_allsettlements_anon_156_v20251217.parquet:parquet:87219,,data/interim/2021_tochno/data_allsettlements_anon_156_v20251217.parquet#:87219.0,/workspace/settlements-raw/data/interim/2021_tochno/data_allsettlements_anon_156_v20251217.parquet,86c197cd522e0b63669e9c6e7f43fd3d82b3704c6a126c800a9968ecd16cae14,"parquet_row_1based=87219;latitude_dadata,longitude_dadata",tochno_2021_dadata_raw_parquet_point,ARK2010:archive20131022:html_table1_tr1071,reviewed_extension_rule_accepted,retrospective use of independently admitted current ownNP point through source-bound native2010 identity and accepted02/21 core,retrospective_continuity_not_historical_coordinate_measurement,auto_rule,False
62.0143238,38.9856777,2021:data_allsettlements_anon_156_v20251217.parquet:parquet:87040,,data/interim/2021_tochno/data_allsettlements_anon_156_v20251217.parquet#:87040.0,/workspace/settlements-raw/data/interim/2021_tochno/data_allsettlements_anon_156_v20251217.parquet,86c197cd522e0b63669e9c6e7f43fd3d82b3704c6a126c800a9968ecd16cae14,"parquet_row_1based=87040;latitude_dadata,longitude_dadata",tochno_2021_dadata_raw_parquet_point,ARK2010:archive20131022:html_table1_tr1108,reviewed_extension_rule_accepted,retrospective use of independently admitted current ownNP point through source-bound native2010 identity and accepted02/21 core,retrospective_continuity_not_historical_coordinate_measurement,auto_rule,False
61.5616832,38.9007019,2021:data_allsettlements_anon_156_v20251217.parquet:parquet:87098,,data/interim/2021_tochno/data_allsettlements_anon_156_v20251217.parquet#:87098.0,/workspace/settlements-raw/data/interim/2021_tochno/data_allsettlements_anon_156_v20251217.parquet,86c197cd522e0b63669e9c6e7f43fd3d82b3704c6a126c800a9968ecd16cae14,"parquet_row_1based=87098;latitude_dadata,longitude_dadata",tochno_2021_dadata_raw_parquet_point,ARK2010:archive20131022:html_table1_tr1043,reviewed_extension_rule_accepted,retrospective use of independently admitted current ownNP point through source-bound native2010 identity and accepted02/21 core,retrospective_continuity_not_historical_coordinate_measurement,auto_rule,False
61.6275665,39.1163152,2021:data_allsettlements_anon_156_v20251217.parquet:parquet:87242,,data/interim/2021_tochno/data_allsettlements_anon_156_v20251217.parquet#:87242.0,/workspace/settlements-raw/data/interim/2021_tochno/data_allsettlements_anon_156_v20251217.parquet,86c197cd522e0b63669e9c6e7f43fd3d82b3704c6a126c800a9968ecd16cae14,"parquet_row_1based=87242;latitude_dadata,longitude_dadata",tochno_2021_dadata_raw_parquet_point,ARK2010:archive20131022:html_table1_tr1075,reviewed_extension_rule_accepted,retrospective use of independently admitted current ownNP point through source-bound native2010 identity and accepted02/21 core,retrospective_continuity_not_historical_coordinate_measurement,auto_rule,False
61.5196091,38.9045378,2021:data_allsettlements_anon_156_v20251217.parquet:parquet:87090,,data/interim/2021_tochno/data_allsettlements_anon_156_v20251217.parquet#:87090.0,/workspace/settlements-raw/data/interim/2021_tochno/data_allsettlements_anon_156_v20251217.parquet,86c197cd522e0b63669e9c6e7f43fd3d82b3704c6a126c800a9968ecd16cae14,"parquet_row_1based=87090;latitude_dadata,longitude_dadata",tochno_2021_dadata_raw_parquet_point,ARK2010:archive20131022:html_table1_tr1041,reviewed_extension_rule_accepted,retrospective use of independently admitted current ownNP point through source-bound native2010 identity and accepted02/21 core,retrospective_continuity_not_historical_coordinate_measurement,auto_rule,False
60.8225801,39.5135641,2021:data_allsettlements_anon_156_v20251217.parquet:parquet:88061,,data/interim/2021_tochno/data_allsettlements_anon_156_v20251217.parquet#:88061.0,/workspace/settlements-raw/data/interim/2021_tochno/data_allsettlements_anon_156_v20251217.parquet,86c197cd522e0b63669e9c6e7f43fd3d82b3704c6a126c800a9968ecd16cae14,"parquet_row_1based=88061;latitude_dadata,longitude_dadata",tochno_2021_dadata_raw_parquet_point,ARK2010:archive20131022:html_table1_tr1357,reviewed_extension_rule_accepted,retrospective use of independently admitted current ownNP point through source-bound native2010 identity and accepted02/21 core,retrospective_continuity_not_historical_coordinate_measurement,auto_rule,False
61.6044195,46.2132182,2021:data_allsettlements_anon_156_v20251217.parquet:parquet:88510,86c197cd522e0b63669e9c6e7f43fd3d82b3704c6a126c800a9968ecd16cae14,"parquet_row_1based=88510;latitude_dadata,longitude_dadata",/workspace/settlements-raw/data/interim/2021_tochno/data_allsettlements_anon_156_v20251217.parquet,86c197cd522e0b63669e9c6e7f43fd3d82b3704c6a126c800a9968ecd16cae14,"parquet_row_1based=88510;latitude_dadata,longitude_dadata",raw_2021_own_provider_named_point,ARK2010:archive20131022:html_table1_tr1818,reviewed_extension_rule_accepted,retrospective use of independently admitted current ownNP point through source-bound native2010 identity and accepted02/21 core,retrospective_continuity_not_historical_coordinate_measurement,auto_rule,False
61.5700905,46.242815,2021:data_allsettlements_anon_156_v20251217.parquet:parquet:88531,86c197cd522e0b63669e9c6e7f43fd3d82b3704c6a126c800a9968ecd16cae14,"parquet_row_1based=88531;latitude_dadata,longitude_dadata",/workspace/settlements-raw/data/interim/2021_tochno/data_allsettlements_anon_156_v20251217.parquet,86c197cd522e0b63669e9c6e7f43fd3d82b3704c6a126c800a9968ecd16cae14,"parquet_row_1based=88531;latitude_dadata,longitude_dadata",raw_2021_own_provider_named_point,ARK2010:archive20131022:html_table1_tr1839,reviewed_extension_rule_accepted,retrospective use of independently admitted current ownNP point through source-bound native2010 identity and accepted02/21 core,retrospective_continuity_not_historical_coordinate_measurement,auto_rule,False
61.5877277,46.3178991,2021:data_allsettlements_anon_156_v20251217.parquet:parquet:88556,86c197cd522e0b63669e9c6e7f43fd3d82b3704c6a126c800a9968ecd16cae14,"parquet_row_1based=88556;latitude_dadata,longitude_dadata",/workspace/settlements-raw/data/interim/2021_tochno/data_allsettlements_anon_156_v20251217.parquet,86c197cd522e0b63669e9c6e7f43fd3d82b3704c6a126c800a9968ecd16cae14,"parquet_row_1based=88556;latitude_dadata,longitude_dadata",raw_2021_own_provider_named_point,ARK2010:archive20131022:html_table1_tr1864,reviewed_extension_rule_accepted,retrospective use of independently admitted current ownNP point through source-bound native2010 identity and accepted02/21 core,retrospective_continuity_not_historical_coordinate_measurement,auto_rule,False
61.5494315,46.2962515,3effea3a-466f-4b76-ba8e-f395607947d7,None,None,/workspace/settlements-raw/data/interim/2021_tochno/data_allsettlements_anon_156_v20251217.parquet,86c197cd522e0b63669e9c6e7f43fd3d82b3704c6a126c800a9968ecd16cae14,parquet row 1-based=88566; raw row sha256=af924dfadf53c75f049a555916feba899ad36365662c55583e7dcd14576606e5,exact_row_current_FIAS_level6_locality,ARK2010:archive20131022:html_table1_tr1874,reviewed_extension_rule_accepted,retrospective use of independently admitted current ownNP point through source-bound native2010 identity and accepted02/21 core,retrospective_continuity_not_historical_coordinate_measurement,auto_rule,False
62.4014883,39.7180203,2021:data_allsettlements_anon_156_v20251217.parquet:parquet:87374,,data/interim/2021_tochno/data_allsettlements_anon_156_v20251217.parquet#:87374.0,/workspace/settlements-raw/data/interim/2021_tochno/data_allsettlements_anon_156_v20251217.parquet,86c197cd522e0b63669e9c6e7f43fd3d82b3704c6a126c800a9968ecd16cae14,"parquet_row_1based=87374;latitude_dadata,longitude_dadata",tochno_2021_dadata_raw_parquet_point,ARK2010:archive20131022:html_table1_tr3072,reviewed_extension_rule_accepted,retrospective use of independently admitted current ownNP point through source-bound native2010 identity and accepted02/21 core,retrospective_continuity_not_historical_coordinate_measurement,auto_rule,False
61.1494947,41.5543592,2021:data_allsettlements_anon_156_v20251217.parquet:parquet:87836,,data/interim/2021_tochno/data_allsettlements_anon_156_v20251217.parquet#:87836.0,/workspace/settlements-raw/data/interim/2021_tochno/data_allsettlements_anon_156_v20251217.parquet,86c197cd522e0b63669e9c6e7f43fd3d82b3704c6a126c800a9968ecd16cae14,"parquet_row_1based=87836;latitude_dadata,longitude_dadata",tochno_2021_dadata_raw_parquet_point,ARK2010:archive20131022:html_table1_tr0333,reviewed_extension_rule_accepted,retrospective use of independently admitted current ownNP point through source-bound native2010 identity and accepted02/21 core,retrospective_continuity_not_historical_coordinate_measurement,auto_rule,False
61.6474143,45.5976912,2021:data_allsettlements_anon_156_v20251217.parquet:parquet:88665,86c197cd522e0b63669e9c6e7f43fd3d82b3704c6a126c800a9968ecd16cae14,"parquet_row_1based=88665;latitude_dadata,longitude_dadata",/workspace/settlements-raw/data/interim/2021_tochno/data_allsettlements_anon_156_v20251217.parquet,86c197cd522e0b63669e9c6e7f43fd3d82b3704c6a126c800a9968ecd16cae14,"parquet_row_1based=88665;latitude_dadata,longitude_dadata",raw_2021_own_provider_named_point,ARK2010:archive20131022:html_table1_tr1973,reviewed_extension_rule_accepted,retrospective use of independently admitted current ownNP point through source-bound native2010 identity and accepted02/21 core,retrospective_continuity_not_historical_coordinate_measurement,auto_rule,False
61.61734,45.71451,Q18791923,86c197cd522e0b63669e9c6e7f43fd3d82b3704c6a126c800a9968ecd16cae14,data/interim/2021_tochno/data_allsettlements_anon_156_v20251217.parquet#row=88654.0,/workspace/settlements-raw/data/raw/wikidata_truthy_claims/batch_0039.jsonl.gz,29e999ddaaf622ad0ea99c7804349d7a27ecd5b19592c5f8a8d4e04506496b12,"{""line_number"": 7607, ""locator"": ""batch_0039.jsonl.gz#line=7607"", ""retrieved_at_utc"": ""2026-08-31T20:57:53.818358+00:00"", ""source_file"": ""batch_0039.jsonl.gz"", ""value_raw"": ""POINT(45.714510 61.617340)""}",wikidata_P625_point_claim,ARK2010:archive20131022:html_table1_tr1962,reviewed_extension_rule_accepted,retrospective use of independently admitted current ownNP point through source-bound native2010 identity and accepted02/21 core,retrospective_continuity_not_historical_coordinate_measurement,auto_rule,False
61.6700563,45.5654679,2021:data_allsettlements_anon_156_v20251217.parquet:parquet:88649,86c197cd522e0b63669e9c6e7f43fd3d82b3704c6a126c800a9968ecd16cae14,"parquet_row_1based=88649;latitude_dadata,longitude_dadata",/workspace/settlements-raw/data/interim/2021_tochno/data_allsettlements_anon_156_v20251217.parquet,86c197cd522e0b63669e9c6e7f43fd3d82b3704c6a126c800a9968ecd16cae14,"parquet_row_1based=88649;latitude_dadata,longitude_dadata",raw_2021_own_provider_named_point,ARK2010:archive20131022:html_table1_tr1957,reviewed_extension_rule_accepted,retrospective use of independently admitted current ownNP point through source-bound native2010 identity and accepted02/21 core,retrospective_continuity_not_historical_coordinate_measurement,auto_rule,False
60.869055,41.7258406,2021:data_allsettlements_anon_156_v20251217.parquet:parquet:87666,,data/interim/2021_tochno/data_allsettlements_anon_156_v20251217.parquet#:87666.0,/workspace/settlements-raw/data/interim/2021_tochno/data_allsettlements_anon_156_v20251217.parquet,86c197cd522e0b63669e9c6e7f43fd3d82b3704c6a126c800a9968ecd16cae14,"parquet_row_1based=87666;latitude_dadata,longitude_dadata",tochno_2021_dadata_raw_parquet_point,ARK2010:archive20131022:html_table1_tr0207,reviewed_extension_rule_accepted,retrospective use of independently admitted current ownNP point through source-bound native2010 identity and accepted02/21 core,retrospective_continuity_not_historical_coordinate_measurement,auto_rule,False
61.546481,45.967214,Q19675052,86c197cd522e0b63669e9c6e7f43fd3d82b3704c6a126c800a9968ecd16cae14,data/interim/2021_tochno/data_allsettlements_anon_156_v20251217.parquet#row=88483.0,/workspace/settlements-raw/data/raw/wikidata_truthy_claims/batch_0051.jsonl.gz,15e85972cdc7b2d2a48b63307f03e481b2aaab8e999e3325384ba2df1a0a08d4,"{""line_number"": 7617, ""locator"": ""batch_0051.jsonl.gz#line=7617"", ""retrieved_at_utc"": ""2026-08-31T20:58:06.687870+00:00"", ""source_file"": ""batch_0051.jsonl.gz"", ""value_raw"": ""POINT(45.967214 61.546481)""}",wikidata_P625_point_claim,ARK2010:archive20131022:html_table1_tr1791,reviewed_extension_rule_accepted,retrospective use of independently admitted current ownNP point through source-bound native2010 identity and accepted02/21 core,retrospective_continuity_not_historical_coordinate_measurement,auto_rule,False
61.2635416,47.5476758,2021:data_allsettlements_anon_156_v20251217.parquet:parquet:88427,86c197cd522e0b63669e9c6e7f43fd3d82b3704c6a126c800a9968ecd16cae14,"parquet_row_1based=88427;latitude_dadata,longitude_dadata",/workspace/settlements-raw/data/interim/2021_tochno/data_allsettlements_anon_156_v20251217.parquet,86c197cd522e0b63669e9c6e7f43fd3d82b3704c6a126c800a9968ecd16cae14,"parquet_row_1based=88427;latitude_dadata,longitude_dadata",raw_2021_own_provider_named_point,ARK2010:archive20131022:html_table1_tr1737,reviewed_extension_rule_accepted,retrospective use of independently admitted current ownNP point through source-bound native2010 identity and accepted02/21 core,retrospective_continuity_not_historical_coordinate_measurement,auto_rule,False
61.908497,40.920633,Q18770447,86c197cd522e0b63669e9c6e7f43fd3d82b3704c6a126c800a9968ecd16cae14,data/interim/2021_tochno/data_allsettlements_anon_156_v20251217.parquet#row=89111.0,/workspace/settlements-raw/data/raw/wikidata_truthy_claims/batch_0031.jsonl.gz,82423990b5176b13130f70448bd42a2bb9ad8be8229df57e60cfceb0530ce287,"{""line_number"": 7384, ""locator"": ""batch_0031.jsonl.gz#line=7384"", ""retrieved_at_utc"": ""2026-08-31T20:57:45.981916+00:00"", ""source_file"": ""batch_0031.jsonl.gz"", ""value_raw"": ""POINT(40.920633 61.908497)""}",wikidata_P625_point_claim,ARK2010:archive20131022:html_table1_tr2442,reviewed_extension_rule_accepted,retrospective use of independently admitted current ownNP point through source-bound native2010 identity and accepted02/21 core,retrospective_continuity_not_historical_coordinate_measurement,auto_rule,False
61.791329,40.887862,Q18769601,86c197cd522e0b63669e9c6e7f43fd3d82b3704c6a126c800a9968ecd16cae14,data/interim/2021_tochno/data_allsettlements_anon_156_v20251217.parquet#row=89108.0,/workspace/settlements-raw/data/raw/wikidata_truthy_claims/batch_0031.jsonl.gz,82423990b5176b13130f70448bd42a2bb9ad8be8229df57e60cfceb0530ce287,"{""line_number"": 7051, ""locator"": ""batch_0031.jsonl.gz#line=7051"", ""retrieved_at_utc"": ""2026-08-31T20:57:45.981916+00:00"", ""source_file"": ""batch_0031.jsonl.gz"", ""value_raw"": ""POINT(40.887862 61.791329)""}",wikidata_P625_point_claim,ARK2010:archive20131022:html_table1_tr2439,reviewed_extension_rule_accepted,retrospective use of independently admitted current ownNP point through source-bound native2010 identity and accepted02/21 core,retrospective_continuity_not_historical_coordinate_measurement,auto_rule,False
61.450202,45.890868,Q19657999,86c197cd522e0b63669e9c6e7f43fd3d82b3704c6a126c800a9968ecd16cae14,data/interim/2021_tochno/data_allsettlements_anon_156_v20251217.parquet#row=88473.0,/workspace/settlements-raw/data/raw/wikidata_truthy_claims/batch_0050.jsonl.gz,b66c1e9ce7ffda12a287b73af7f2561b5c2555269cec34630d4b8a24591aa569,"{""line_number"": 9549, ""locator"": ""batch_0050.jsonl.gz#line=9549"", ""retrieved_at_utc"": ""2026-08-31T20:58:05.729207+00:00"", ""source_file"": ""batch_0050.jsonl.gz"", ""value_raw"": ""POINT(45.890868 61.450202)""}",wikidata_P625_point_claim,ARK2010:archive20131022:html_table1_tr1781,reviewed_extension_rule_accepted,retrospective use of independently admitted current ownNP point through source-bound native2010 identity and accepted02/21 core,retrospective_continuity_not_historical_coordinate_measurement,auto_rule,False
61.4688433,45.9176538,2021:data_allsettlements_anon_156_v20251217.parquet:parquet:88467,86c197cd522e0b63669e9c6e7f43fd3d82b3704c6a126c800a9968ecd16cae14,"parquet_row_1based=88467;latitude_dadata,longitude_dadata",/workspace/settlements-raw/data/interim/2021_tochno/data_allsettlements_anon_156_v20251217.parquet,86c197cd522e0b63669e9c6e7f43fd3d82b3704c6a126c800a9968ecd16cae14,"parquet_row_1based=88467;latitude_dadata,longitude_dadata",raw_2021_own_provider_named_point,ARK2010:archive20131022:html_table1_tr1774,reviewed_extension_rule_accepted,retrospective use of independently admitted current ownNP point through source-bound native2010 identity and accepted02/21 core,retrospective_continuity_not_historical_coordinate_measurement,auto_rule,False
61.3435955,47.0793177,2021:data_allsettlements_anon_156_v20251217.parquet:parquet:88180,86c197cd522e0b63669e9c6e7f43fd3d82b3704c6a126c800a9968ecd16cae14,"parquet_row_1based=88180;latitude_dadata,longitude_dadata",/workspace/settlements-raw/data/interim/2021_tochno/data_allsettlements_anon_156_v20251217.parquet,86c197cd522e0b63669e9c6e7f43fd3d82b3704c6a126c800a9968ecd16cae14,"parquet_row_1based=88180;latitude_dadata,longitude_dadata",raw_2021_own_provider_named_point,ARK2010:archive20131022:html_table1_tr1555,reviewed_extension_rule_accepted,retrospective use of independently admitted current ownNP point through source-bound native2010 identity and accepted02/21 core,retrospective_continuity_not_historical_coordinate_measurement,auto_rule,False
61.013511,47.022367,Q18772755,86c197cd522e0b63669e9c6e7f43fd3d82b3704c6a126c800a9968ecd16cae14,data/interim/2021_tochno/data_allsettlements_anon_156_v20251217.parquet#row=88384.0,/workspace/settlements-raw/data/raw/wikidata_truthy_claims/batch_0032.jsonl.gz,3e9d6d0cfe91286d2fdfbf99b0af3d2560e2a0ce7c45dd745c40172d65a191b5,"{""line_number"": 6928, ""locator"": ""batch_0032.jsonl.gz#line=6928"", ""retrieved_at_utc"": ""2026-08-31T20:57:47.125365+00:00"", ""source_file"": ""batch_0032.jsonl.gz"", ""value_raw"": ""POINT(47.022367 61.013511)""}",wikidata_P625_point_claim,ARK2010:archive20131022:html_table1_tr1692,reviewed_extension_rule_accepted,retrospective use of independently admitted current ownNP point through source-bound native2010 identity and accepted02/21 core,retrospective_continuity_not_historical_coordinate_measurement,auto_rule,False
63.5026224,41.5050556,2021:data_allsettlements_anon_156_v20251217.parquet:parquet:90066,86c197cd522e0b63669e9c6e7f43fd3d82b3704c6a126c800a9968ecd16cae14,"parquet_row_1based=90066;latitude_dadata,longitude_dadata",/workspace/settlements-raw/data/interim/2021_tochno/data_allsettlements_anon_156_v20251217.parquet,86c197cd522e0b63669e9c6e7f43fd3d82b3704c6a126c800a9968ecd16cae14,"parquet_row_1based=90066;latitude_dadata,longitude_dadata",raw_2021_own_provider_named_point,ARK2010:archive20131022:html_table1_tr3669,reviewed_extension_rule_accepted,retrospective use of independently admitted current ownNP point through source-bound native2010 identity and accepted02/21 core,retrospective_continuity_not_historical_coordinate_measurement,auto_rule,False
61.364349,46.2125237,2021:data_allsettlements_anon_156_v20251217.parquet:parquet:88338,86c197cd522e0b63669e9c6e7f43fd3d82b3704c6a126c800a9968ecd16cae14,"parquet_row_1based=88338;latitude_dadata,longitude_dadata",/workspace/settlements-raw/data/interim/2021_tochno/data_allsettlements_anon_156_v20251217.parquet,86c197cd522e0b63669e9c6e7f43fd3d82b3704c6a126c800a9968ecd16cae14,"parquet_row_1based=88338;latitude_dadata,longitude_dadata",raw_2021_own_provider_named_point,ARK2010:archive20131022:html_table1_tr1642,reviewed_extension_rule_accepted,retrospective use of independently admitted current ownNP point through source-bound native2010 identity and accepted02/21 core,retrospective_continuity_not_historical_coordinate_measurement,auto_rule,False
61.9447124,45.8544591,2021:data_allsettlements_anon_156_v20251217.parquet:parquet:86685,,data/interim/2021_tochno/data_allsettlements_anon_156_v20251217.parquet#:86685.0,/workspace/settlements-raw/data/interim/2021_tochno/data_allsettlements_anon_156_v20251217.parquet,86c197cd522e0b63669e9c6e7f43fd3d82b3704c6a126c800a9968ecd16cae14,"parquet_row_1based=86685;latitude_dadata,longitude_dadata",tochno_2021_dadata_raw_parquet_point,ARK2010:archive20131022:html_table1_tr0628,reviewed_extension_rule_accepted,retrospective use of independently admitted current ownNP point through source-bound native2010 identity and accepted02/21 core,retrospective_continuity_not_historical_coordinate_measurement,auto_rule,False
61.9516335,45.853109,2021:data_allsettlements_anon_156_v20251217.parquet:parquet:86624,,data/interim/2021_tochno/data_allsettlements_anon_156_v20251217.parquet#:86624.0,/workspace/settlements-raw/data/interim/2021_tochno/data_allsettlements_anon_156_v20251217.parquet,86c197cd522e0b63669e9c6e7f43fd3d82b3704c6a126c800a9968ecd16cae14,"parquet_row_1based=86624;latitude_dadata,longitude_dadata",tochno_2021_dadata_raw_parquet_point,ARK2010:archive20131022:html_table1_tr0616,reviewed_extension_rule_accepted,retrospective use of independently admitted current ownNP point through source-bound native2010 identity and accepted02/21 core,retrospective_continuity_not_historical_coordinate_measurement,auto_rule,False
62.585556,45.911439,2021:data_allsettlements_anon_156_v20251217.parquet:parquet:86753,,data/interim/2021_tochno/data_allsettlements_anon_156_v20251217.parquet#:86753.0,/workspace/settlements-raw/data/interim/2021_tochno/data_allsettlements_anon_156_v20251217.parquet,86c197cd522e0b63669e9c6e7f43fd3d82b3704c6a126c800a9968ecd16cae14,"parquet_row_1based=86753;latitude_dadata,longitude_dadata",tochno_2021_dadata_raw_parquet_point,ARK2010:archive20131022:html_table1_tr0552,reviewed_extension_rule_accepted,retrospective use of independently admitted current ownNP point through source-bound native2010 identity and accepted02/21 core,retrospective_continuity_not_historical_coordinate_measurement,auto_rule,False
62.0756021,45.2044838,2021:data_allsettlements_anon_156_v20251217.parquet:parquet:86654,,data/interim/2021_tochno/data_allsettlements_anon_156_v20251217.parquet#:86654.0,/workspace/settlements-raw/data/interim/2021_tochno/data_allsettlements_anon_156_v20251217.parquet,86c197cd522e0b63669e9c6e7f43fd3d82b3704c6a126c800a9968ecd16cae14,"parquet_row_1based=86654;latitude_dadata,longitude_dadata",tochno_2021_dadata_raw_parquet_point,ARK2010:archive20131022:html_table1_tr0622,reviewed_extension_rule_accepted,retrospective use of independently admitted current ownNP point through source-bound native2010 identity and accepted02/21 core,retrospective_continuity_not_historical_coordinate_measurement,auto_rule,False
62.3871382,45.141824,2021:data_allsettlements_anon_156_v20251217.parquet:parquet:86719,,data/interim/2021_tochno/data_allsettlements_anon_156_v20251217.parquet#:86719.0,/workspace/settlements-raw/data/interim/2021_tochno/data_allsettlements_anon_156_v20251217.parquet,86c197cd522e0b63669e9c6e7f43fd3d82b3704c6a126c800a9968ecd16cae14,"parquet_row_1based=86719;latitude_dadata,longitude_dadata",tochno_2021_dadata_raw_parquet_point,ARK2010:archive20131022:html_table1_tr0445,reviewed_extension_rule_accepted,retrospective use of independently admitted current ownNP point through source-bound native2010 identity and accepted02/21 core,retrospective_continuity_not_historical_coordinate_measurement,auto_rule,False
61.905278,42.609445,Q18780416,86c197cd522e0b63669e9c6e7f43fd3d82b3704c6a126c800a9968ecd16cae14,data/interim/2021_tochno/data_allsettlements_anon_156_v20251217.parquet#row=90544.0,/workspace/settlements-raw/data/raw/wikidata_truthy_claims/batch_0035.jsonl.gz,ff2d5b56d278b481effd423af14e04bd71c6758e95919a015c556a3d3169d611,"{""line_number"": 7138, ""locator"": ""batch_0035.jsonl.gz#line=7138"", ""retrieved_at_utc"": ""2026-08-31T20:57:49.993867+00:00"", ""source_file"": ""batch_0035.jsonl.gz"", ""value_raw"": ""POINT(42.609445 61.905278)""}",wikidata_P625_point_claim,ARK2010:archive20131022:html_table1_tr4191,reviewed_extension_rule_accepted,retrospective use of independently admitted current ownNP point through source-bound native2010 identity and accepted02/21 core,retrospective_continuity_not_historical_coordinate_measurement,auto_rule,False
62.325833,42.958889,Q18790741,86c197cd522e0b63669e9c6e7f43fd3d82b3704c6a126c800a9968ecd16cae14,data/interim/2021_tochno/data_allsettlements_anon_156_v20251217.parquet#row=90629.0,/workspace/settlements-raw/data/raw/wikidata_truthy_claims/batch_0038.jsonl.gz,f09e720ae025073547e0368de164cf9f1cb03f7bb5f75c80c077aadfb4486a51,"{""line_number"": 7927, ""locator"": ""batch_0038.jsonl.gz#line=7927"", ""retrieved_at_utc"": ""2026-08-31T20:57:52.813243+00:00"", ""source_file"": ""batch_0038.jsonl.gz"", ""value_raw"": ""POINT(42.958889 62.325833)""}",wikidata_P625_point_claim,ARK2010:archive20131022:html_table1_tr4267,reviewed_extension_rule_accepted,retrospective use of independently admitted current ownNP point through source-bound native2010 identity and accepted02/21 core,retrospective_continuity_not_historical_coordinate_measurement,auto_rule,False
62.3009243,42.9014518,2021:data_allsettlements_anon_156_v20251217.parquet:parquet:90648,86c197cd522e0b63669e9c6e7f43fd3d82b3704c6a126c800a9968ecd16cae14,"parquet_row_1based=90648;latitude_dadata,longitude_dadata",/workspace/settlements-raw/data/interim/2021_tochno/data_allsettlements_anon_156_v20251217.parquet,86c197cd522e0b63669e9c6e7f43fd3d82b3704c6a126c800a9968ecd16cae14,"parquet_row_1based=90648;latitude_dadata,longitude_dadata",raw_2021_own_provider_named_point,ARK2010:archive20131022:html_table1_tr4281,reviewed_extension_rule_accepted,retrospective use of independently admitted current ownNP point through source-bound native2010 identity and accepted02/21 core,retrospective_continuity_not_historical_coordinate_measurement,auto_rule,False
61.8564161,42.3298584,2021:data_allsettlements_anon_156_v20251217.parquet:parquet:90542,86c197cd522e0b63669e9c6e7f43fd3d82b3704c6a126c800a9968ecd16cae14,"parquet_row_1based=90542;latitude_dadata,longitude_dadata",/workspace/settlements-raw/data/interim/2021_tochno/data_allsettlements_anon_156_v20251217.parquet,86c197cd522e0b63669e9c6e7f43fd3d82b3704c6a126c800a9968ecd16cae14,"parquet_row_1based=90542;latitude_dadata,longitude_dadata",raw_2021_own_provider_named_point,ARK2010:archive20131022:html_table1_tr4189,reviewed_extension_rule_accepted,retrospective use of independently admitted current ownNP point through source-bound native2010 identity and accepted02/21 core,retrospective_continuity_not_historical_coordinate_measurement,auto_rule,False
62.3039575,42.9017655,2021:data_allsettlements_anon_156_v20251217.parquet:parquet:90597,86c197cd522e0b63669e9c6e7f43fd3d82b3704c6a126c800a9968ecd16cae14,"parquet_row_1based=90597;latitude_dadata,longitude_dadata",/workspace/settlements-raw/data/interim/2021_tochno/data_allsettlements_anon_156_v20251217.parquet,86c197cd522e0b63669e9c6e7f43fd3d82b3704c6a126c800a9968ecd16cae14,"parquet_row_1based=90597;latitude_dadata,longitude_dadata",raw_2021_own_provider_named_point,ARK2010:archive20131022:html_table1_tr4245,reviewed_extension_rule_accepted,retrospective use of independently admitted current ownNP point through source-bound native2010 identity and accepted02/21 core,retrospective_continuity_not_historical_coordinate_measurement,auto_rule,False
63.809966,41.562422,Q19675608,86c197cd522e0b63669e9c6e7f43fd3d82b3704c6a126c800a9968ecd16cae14,data/interim/2021_tochno/data_allsettlements_anon_156_v20251217.parquet#row=90224.0,/workspace/settlements-raw/data/raw/wikidata_truthy_claims/batch_0051.jsonl.gz,15e85972cdc7b2d2a48b63307f03e481b2aaab8e999e3325384ba2df1a0a08d4,"{""line_number"": 7858, ""locator"": ""batch_0051.jsonl.gz#line=7858"", ""retrieved_at_utc"": ""2026-08-31T20:58:06.687870+00:00"", ""source_file"": ""batch_0051.jsonl.gz"", ""value_raw"": ""POINT(41.562422 63.809966)""}",wikidata_P625_point_claim,ARK2010:archive20131022:html_table1_tr3908,reviewed_extension_rule_accepted,retrospective use of independently admitted current ownNP point through source-bound native2010 identity and accepted02/21 core,retrospective_continuity_not_historical_coordinate_measurement,auto_rule,False
61.548082,45.886196,Q19657296,86c197cd522e0b63669e9c6e7f43fd3d82b3704c6a126c800a9968ecd16cae14,data/interim/2021_tochno/data_allsettlements_anon_156_v20251217.parquet#row=88504.0,/workspace/settlements-raw/data/raw/wikidata_truthy_claims/batch_0050.jsonl.gz,b66c1e9ce7ffda12a287b73af7f2561b5c2555269cec34630d4b8a24591aa569,"{""line_number"": 9504, ""locator"": ""batch_0050.jsonl.gz#line=9504"", ""retrieved_at_utc"": ""2026-08-31T20:58:05.729207+00:00"", ""source_file"": ""batch_0050.jsonl.gz"", ""value_raw"": ""POINT(45.886196 61.548082)""}",wikidata_P625_point_claim,ARK2010:archive20131022:html_table1_tr1813,reviewed_extension_rule_accepted,retrospective use of independently admitted current ownNP point through source-bound native2010 identity and accepted02/21 core,retrospective_continuity_not_historical_coordinate_measurement,auto_rule,False
64.2816728,41.6492332,2021:data_allsettlements_anon_156_v20251217.parquet:parquet:90253,86c197cd522e0b63669e9c6e7f43fd3d82b3704c6a126c800a9968ecd16cae14,"parquet_row_1based=90253;latitude_dadata,longitude_dadata",/workspace/settlements-raw/data/interim/2021_tochno/data_allsettlements_anon_156_v20251217.parquet,86c197cd522e0b63669e9c6e7f43fd3d82b3704c6a126c800a9968ecd16cae14,"parquet_row_1based=90253;latitude_dadata,longitude_dadata",raw_2021_own_provider_named_point,ARK2010:archive20131022:html_table1_tr3950,reviewed_extension_rule_accepted,retrospective use of independently admitted current ownNP point through source-bound native2010 identity and accepted02/21 core,retrospective_continuity_not_historical_coordinate_measurement,auto_rule,False
64.2766269,41.6989302,2021:data_allsettlements_anon_156_v20251217.parquet:parquet:90250,86c197cd522e0b63669e9c6e7f43fd3d82b3704c6a126c800a9968ecd16cae14,"parquet_row_1based=90250;latitude_dadata,longitude_dadata",/workspace/settlements-raw/data/interim/2021_tochno/data_allsettlements_anon_156_v20251217.parquet,86c197cd522e0b63669e9c6e7f43fd3d82b3704c6a126c800a9968ecd16cae14,"parquet_row_1based=90250;latitude_dadata,longitude_dadata",raw_2021_own_provider_named_point,ARK2010:archive20131022:html_table1_tr3947,reviewed_extension_rule_accepted,retrospective use of independently admitted current ownNP point through source-bound native2010 identity and accepted02/21 core,retrospective_continuity_not_historical_coordinate_measurement,auto_rule,False
62.0978138,42.4458879,2021:data_allsettlements_anon_156_v20251217.parquet:parquet:90439,86c197cd522e0b63669e9c6e7f43fd3d82b3704c6a126c800a9968ecd16cae14,"parquet_row_1based=90439;latitude_dadata,longitude_dadata",/workspace/settlements-raw/data/interim/2021_tochno/data_allsettlements_anon_156_v20251217.parquet,86c197cd522e0b63669e9c6e7f43fd3d82b3704c6a126c800a9968ecd16cae14,"parquet_row_1based=90439;latitude_dadata,longitude_dadata",raw_2021_own_provider_named_point,ARK2010:archive20131022:html_table1_tr4170,reviewed_extension_rule_accepted,retrospective use of independently admitted current ownNP point through source-bound native2010 identity and accepted02/21 core,retrospective_continuity_not_historical_coordinate_measurement,auto_rule,False
61.366097,46.170827,Q18799695,86c197cd522e0b63669e9c6e7f43fd3d82b3704c6a126c800a9968ecd16cae14,data/interim/2021_tochno/data_allsettlements_anon_156_v20251217.parquet#row=88356.0,/workspace/settlements-raw/data/raw/wikidata_truthy_claims/batch_0043.jsonl.gz,de57dba2ed0029144c2e1fa4a4a99b932de4a5167b092a1351f6f05545e5aceb,"{""line_number"": 7320, ""locator"": ""batch_0043.jsonl.gz#line=7320"", ""retrieved_at_utc"": ""2026-08-31T20:57:57.856034+00:00"", ""source_file"": ""batch_0043.jsonl.gz"", ""value_raw"": ""POINT(46.170827 61.366097)""}",wikidata_P625_point_claim,ARK2010:archive20131022:html_table1_tr1661,reviewed_extension_rule_accepted,retrospective use of independently admitted current ownNP point through source-bound native2010 identity and accepted02/21 core,retrospective_continuity_not_historical_coordinate_measurement,auto_rule,False
64.3148645,41.7240881,2021:data_allsettlements_anon_156_v20251217.parquet:parquet:90133,86c197cd522e0b63669e9c6e7f43fd3d82b3704c6a126c800a9968ecd16cae14,"parquet_row_1based=90133;latitude_dadata,longitude_dadata",/workspace/settlements-raw/data/interim/2021_tochno/data_allsettlements_anon_156_v20251217.parquet,86c197cd522e0b63669e9c6e7f43fd3d82b3704c6a126c800a9968ecd16cae14,"parquet_row_1based=90133;latitude_dadata,longitude_dadata",raw_2021_own_provider_named_point,ARK2010:archive20131022:html_table1_tr3839,reviewed_extension_rule_accepted,retrospective use of independently admitted current ownNP point through source-bound native2010 identity and accepted02/21 core,retrospective_continuity_not_historical_coordinate_measurement,auto_rule,False
60.8926056,43.0211112,2021:data_allsettlements_anon_156_v20251217.parquet:parquet:89888,86c197cd522e0b63669e9c6e7f43fd3d82b3704c6a126c800a9968ecd16cae14,"parquet_row_1based=89888;latitude_dadata,longitude_dadata",/workspace/settlements-raw/data/interim/2021_tochno/data_allsettlements_anon_156_v20251217.parquet,86c197cd522e0b63669e9c6e7f43fd3d82b3704c6a126c800a9968ecd16cae14,"parquet_row_1based=89888;latitude_dadata,longitude_dadata",raw_2021_own_provider_named_point,ARK2010:archive20131022:html_table1_tr3508,reviewed_extension_rule_accepted,retrospective use of independently admitted current ownNP point through source-bound native2010 identity and accepted02/21 core,retrospective_continuity_not_historical_coordinate_measurement,auto_rule,False
61.2986939,46.9505512,2021:data_allsettlements_anon_156_v20251217.parquet:parquet:88413,86c197cd522e0b63669e9c6e7f43fd3d82b3704c6a126c800a9968ecd16cae14,"parquet_row_1based=88413;latitude_dadata,longitude_dadata",/workspace/settlements-raw/data/interim/2021_tochno/data_allsettlements_anon_156_v20251217.parquet,86c197cd522e0b63669e9c6e7f43fd3d82b3704c6a126c800a9968ecd16cae14,"parquet_row_1based=88413;latitude_dadata,longitude_dadata",raw_2021_own_provider_named_point,ARK2010:archive20131022:html_table1_tr1721,reviewed_extension_rule_accepted,retrospective use of independently admitted current ownNP point through source-bound native2010 identity and accepted02/21 core,retrospective_continuity_not_historical_coordinate_measurement,auto_rule,False
60.893519,43.221649,Q18780413,86c197cd522e0b63669e9c6e7f43fd3d82b3704c6a126c800a9968ecd16cae14,data/interim/2021_tochno/data_allsettlements_anon_156_v20251217.parquet#row=89877.0,/workspace/settlements-raw/data/raw/wikidata_truthy_claims/batch_0035.jsonl.gz,ff2d5b56d278b481effd423af14e04bd71c6758e95919a015c556a3d3169d611,"{""line_number"": 7181, ""locator"": ""batch_0035.jsonl.gz#line=7181"", ""retrieved_at_utc"": ""2026-08-31T20:57:49.993867+00:00"", ""source_file"": ""batch_0035.jsonl.gz"", ""value_raw"": ""POINT(43.221649 60.893519)""}",wikidata_P625_point_claim,ARK2010:archive20131022:html_table1_tr3497,reviewed_extension_rule_accepted,retrospective use of independently admitted current ownNP point through source-bound native2010 identity and accepted02/21 core,retrospective_continuity_not_historical_coordinate_measurement,auto_rule,False
61.374137,46.306913,Q18765432,86c197cd522e0b63669e9c6e7f43fd3d82b3704c6a126c800a9968ecd16cae14,data/interim/2021_tochno/data_allsettlements_anon_156_v20251217.parquet#row=88312.0,/workspace/settlements-raw/data/raw/wikidata_truthy_claims/batch_0029.jsonl.gz,4d8e560ed550c6a1c2ebe1715d0e4380d82d6cf46dd4efabde985baf53f74e5d,"{""line_number"": 6868, ""locator"": ""batch_0029.jsonl.gz#line=6868"", ""retrieved_at_utc"": ""2026-08-31T20:57:43.573980+00:00"", ""source_file"": ""batch_0029.jsonl.gz"", ""value_raw"": ""POINT(46.306913 61.374137)""}",wikidata_P625_point_claim,ARK2010:archive20131022:html_table1_tr1616,reviewed_extension_rule_accepted,retrospective use of independently admitted current ownNP point through source-bound native2010 identity and accepted02/21 core,retrospective_continuity_not_historical_coordinate_measurement,auto_rule,False
61.098611,46.639444,Q16470751,86c197cd522e0b63669e9c6e7f43fd3d82b3704c6a126c800a9968ecd16cae14,data/interim/2021_tochno/data_allsettlements_anon_156_v20251217.parquet#row=88435.0,/workspace/settlements-raw/data/raw/wikidata_truthy_claims/batch_0023.jsonl.gz,ed5b03ceaf88582f6bd86bbf9facb2f73b24c17e4f8483979d12c5e18c15d003,"{""line_number"": 11414, ""locator"": ""batch_0023.jsonl.gz#line=11414"", ""retrieved_at_utc"": ""2026-08-31T20:57:36.324095+00:00"", ""source_file"": ""batch_0023.jsonl.gz"", ""value_raw"": ""POINT(46.639444 61.098611)""}",wikidata_P625_point_claim,ARK2010:archive20131022:html_table1_tr1747,reviewed_extension_rule_accepted,retrospective use of independently admitted current ownNP point through source-bound native2010 identity and accepted02/21 core,retrospective_continuity_not_historical_coordinate_measurement,auto_rule,False
61.8528007,48.8965589,2021:data_allsettlements_anon_156_v20251217.parquet:parquet:88814,86c197cd522e0b63669e9c6e7f43fd3d82b3704c6a126c800a9968ecd16cae14,data/interim/2021_tochno/data_allsettlements_anon_156_v20251217.parquet:parquet-row-1based=88814,/workspace/settlements-raw/data/interim/2021_tochno/data_allsettlements_anon_156_v20251217.parquet,86c197cd522e0b63669e9c6e7f43fd3d82b3704c6a126c800a9968ecd16cae14,data/interim/2021_tochno/data_allsettlements_anon_156_v20251217.parquet:parquet-row-1based=88814;reopened_raw_payload_sha256=e626f810335ee4b670673721d2625cab421c7fea9a997a92a614fa4885ee2588,,ARK2010:archive20131022:html_table1_tr2134,reviewed_extension_rule_accepted,retrospective use of independently admitted current ownNP point through source-bound native2010 identity and accepted02/21 core,retrospective_continuity_not_historical_coordinate_measurement,auto_rule,False
61.5281717,42.5027581,2021:data_allsettlements_anon_156_v20251217.parquet:parquet:87698,,data/interim/2021_tochno/data_allsettlements_anon_156_v20251217.parquet#:87698.0,/workspace/settlements-raw/data/interim/2021_tochno/data_allsettlements_anon_156_v20251217.parquet,86c197cd522e0b63669e9c6e7f43fd3d82b3704c6a126c800a9968ecd16cae14,"parquet_row_1based=87698;latitude_dadata,longitude_dadata",tochno_2021_dadata_raw_parquet_point,ARK2010:archive20131022:html_table1_tr0246,reviewed_extension_rule_accepted,retrospective use of independently admitted current ownNP point through source-bound native2010 identity and accepted02/21 core,retrospective_continuity_not_historical_coordinate_measurement,auto_rule,False
61.8697238,48.3780811,2021:data_allsettlements_anon_156_v20251217.parquet:parquet:88830,,data/interim/2021_tochno/data_allsettlements_anon_156_v20251217.parquet#:88830.0,/workspace/settlements-raw/data/interim/2021_tochno/data_allsettlements_anon_156_v20251217.parquet,86c197cd522e0b63669e9c6e7f43fd3d82b3704c6a126c800a9968ecd16cae14,"parquet_row_1based=88830;latitude_dadata,longitude_dadata",tochno_2021_dadata_raw_parquet_point,ARK2010:archive20131022:html_table1_tr2176,reviewed_extension_rule_accepted,retrospective use of independently admitted current ownNP point through source-bound native2010 identity and accepted02/21 core,retrospective_continuity_not_historical_coordinate_measurement,auto_rule,False
61.5110383,42.5231409,2021:data_allsettlements_anon_156_v20251217.parquet:parquet:87693,,data/interim/2021_tochno/data_allsettlements_anon_156_v20251217.parquet#:87693.0,/workspace/settlements-raw/data/interim/2021_tochno/data_allsettlements_anon_156_v20251217.parquet,86c197cd522e0b63669e9c6e7f43fd3d82b3704c6a126c800a9968ecd16cae14,"parquet_row_1based=87693;latitude_dadata,longitude_dadata",tochno_2021_dadata_raw_parquet_point,ARK2010:archive20131022:html_table1_tr0240,reviewed_extension_rule_accepted,retrospective use of independently admitted current ownNP point through source-bound native2010 identity and accepted02/21 core,retrospective_continuity_not_historical_coordinate_measurement,auto_rule,False
61.518488,46.240483,Q18777366,86c197cd522e0b63669e9c6e7f43fd3d82b3704c6a126c800a9968ecd16cae14,data/interim/2021_tochno/data_allsettlements_anon_156_v20251217.parquet#row=88687.0,/workspace/settlements-raw/data/raw/wikidata_truthy_claims/batch_0034.jsonl.gz,be0015c4c99482394b38362f36217e68536be6b6cd33e72409484664d6107ecf,"{""line_number"": 7141, ""locator"": ""batch_0034.jsonl.gz#line=7141"", ""retrieved_at_utc"": ""2026-08-31T20:57:48.987350+00:00"", ""source_file"": ""batch_0034.jsonl.gz"", ""value_raw"": ""POINT(46.240483 61.518488)""}",wikidata_P625_point_claim,ARK2010:archive20131022:html_table1_tr1995,reviewed_extension_rule_accepted,retrospective use of independently admitted current ownNP point through source-bound native2010 identity and accepted02/21 core,retrospective_continuity_not_historical_coordinate_measurement,auto_rule,False
62.2502475,44.7768289,2021:data_allsettlements_anon_156_v20251217.parquet:parquet:86673,,data/interim/2021_tochno/data_allsettlements_anon_156_v20251217.parquet#:86673.0,/workspace/settlements-raw/data/interim/2021_tochno/data_allsettlements_anon_156_v20251217.parquet,86c197cd522e0b63669e9c6e7f43fd3d82b3704c6a126c800a9968ecd16cae14,"parquet_row_1based=86673;latitude_dadata,longitude_dadata",tochno_2021_dadata_raw_parquet_point,ARK2010:archive20131022:html_table1_tr0433,reviewed_extension_rule_accepted,retrospective use of independently admitted current ownNP point through source-bound native2010 identity and accepted02/21 core,retrospective_continuity_not_historical_coordinate_measurement,auto_rule,False
61.5256145,42.6070924,2021:data_allsettlements_anon_156_v20251217.parquet:parquet:87543,,data/interim/2021_tochno/data_allsettlements_anon_156_v20251217.parquet#:87543.0,/workspace/settlements-raw/data/interim/2021_tochno/data_allsettlements_anon_156_v20251217.parquet,86c197cd522e0b63669e9c6e7f43fd3d82b3704c6a126c800a9968ecd16cae14,"parquet_row_1based=87543;latitude_dadata,longitude_dadata",tochno_2021_dadata_raw_parquet_point,ARK2010:archive20131022:html_table1_tr0091,reviewed_extension_rule_accepted,retrospective use of independently admitted current ownNP point through source-bound native2010 identity and accepted02/21 core,retrospective_continuity_not_historical_coordinate_measurement,auto_rule,False
61.5829564,46.1267479,2021:data_allsettlements_anon_156_v20251217.parquet:parquet:88684,86c197cd522e0b63669e9c6e7f43fd3d82b3704c6a126c800a9968ecd16cae14,"parquet_row_1based=88684;latitude_dadata,longitude_dadata",/workspace/settlements-raw/data/interim/2021_tochno/data_allsettlements_anon_156_v20251217.parquet,86c197cd522e0b63669e9c6e7f43fd3d82b3704c6a126c800a9968ecd16cae14,"parquet_row_1based=88684;latitude_dadata,longitude_dadata",raw_2021_own_provider_named_point,ARK2010:archive20131022:html_table1_tr1992,reviewed_extension_rule_accepted,retrospective use of independently admitted current ownNP point through source-bound native2010 identity and accepted02/21 core,retrospective_continuity_not_historical_coordinate_measurement,auto_rule,False
62.2154464,44.9157851,2021:data_allsettlements_anon_156_v20251217.parquet:parquet:86639,,data/interim/2021_tochno/data_allsettlements_anon_156_v20251217.parquet#:86639.0,/workspace/settlements-raw/data/interim/2021_tochno/data_allsettlements_anon_156_v20251217.parquet,86c197cd522e0b63669e9c6e7f43fd3d82b3704c6a126c800a9968ecd16cae14,"parquet_row_1based=86639;latitude_dadata,longitude_dadata",tochno_2021_dadata_raw_parquet_point,ARK2010:archive20131022:html_table1_tr0425,reviewed_extension_rule_accepted,retrospective use of independently admitted current ownNP point through source-bound native2010 identity and accepted02/21 core,retrospective_continuity_not_historical_coordinate_measurement,auto_rule,False
62.3385302,44.7369933,2021:data_allsettlements_anon_156_v20251217.parquet:parquet:86635,,data/interim/2021_tochno/data_allsettlements_anon_156_v20251217.parquet#:86635.0,/workspace/settlements-raw/data/interim/2021_tochno/data_allsettlements_anon_156_v20251217.parquet,86c197cd522e0b63669e9c6e7f43fd3d82b3704c6a126c800a9968ecd16cae14,"parquet_row_1based=86635;latitude_dadata,longitude_dadata",tochno_2021_dadata_raw_parquet_point,ARK2010:archive20131022:html_table1_tr0589,reviewed_extension_rule_accepted,retrospective use of independently admitted current ownNP point through source-bound native2010 identity and accepted02/21 core,retrospective_continuity_not_historical_coordinate_measurement,auto_rule,False
61.5182851,42.5226679,2021:data_allsettlements_anon_156_v20251217.parquet:parquet:87725,,data/interim/2021_tochno/data_allsettlements_anon_156_v20251217.parquet#:87725.0,/workspace/settlements-raw/data/interim/2021_tochno/data_allsettlements_anon_156_v20251217.parquet,86c197cd522e0b63669e9c6e7f43fd3d82b3704c6a126c800a9968ecd16cae14,"parquet_row_1based=87725;latitude_dadata,longitude_dadata",tochno_2021_dadata_raw_parquet_point,ARK2010:archive20131022:html_table1_tr0273,reviewed_extension_rule_accepted,retrospective use of independently admitted current ownNP point through source-bound native2010 identity and accepted02/21 core,retrospective_continuity_not_historical_coordinate_measurement,auto_rule,False
62.052753,40.102317,Q18805106,86c197cd522e0b63669e9c6e7f43fd3d82b3704c6a126c800a9968ecd16cae14,data/interim/2021_tochno/data_allsettlements_anon_156_v20251217.parquet#row=89224.0,/workspace/settlements-raw/data/raw/wikidata_truthy_claims/batch_0046.jsonl.gz,5206bdc85bbdd7fd01a877eb9038f120f7abf0dab9d25f0dcb74e19b1d5ed2e2,"{""line_number"": 7181, ""locator"": ""batch_0046.jsonl.gz#line=7181"", ""retrieved_at_utc"": ""2026-08-31T20:58:00.864070+00:00"", ""source_file"": ""batch_0046.jsonl.gz"", ""value_raw"": ""POINT(40.102317 62.052753)""}",wikidata_P625_point_claim,ARK2010:archive20131022:html_table1_tr2560,reviewed_extension_rule_accepted,retrospective use of independently admitted current ownNP point through source-bound native2010 identity and accepted02/21 core,retrospective_continuity_not_historical_coordinate_measurement,auto_rule,False
61.8434223,40.6180136,52906fb8-ada1-404d-ae11-f71d82d3fc1a,None,None,/workspace/settlements-raw/data/interim/2021_tochno/data_allsettlements_anon_156_v20251217.parquet,86c197cd522e0b63669e9c6e7f43fd3d82b3704c6a126c800a9968ecd16cae14,parquet row 1-based=89079; raw row sha256=e8cb9b9aa4ef614d4772d707fd034267e8ff5526a88f848f35600602a4255e4e,exact_row_current_FIAS_level6_locality,ARK2010:archive20131022:html_table1_tr2418,reviewed_extension_rule_accepted,retrospective use of independently admitted current ownNP point through source-bound native2010 identity and accepted02/21 core,retrospective_continuity_not_historical_coordinate_measurement,auto_rule,False
65.7119362,44.3811697,2021:data_allsettlements_anon_156_v20251217.parquet:parquet:89011,86c197cd522e0b63669e9c6e7f43fd3d82b3704c6a126c800a9968ecd16cae14,"parquet_row_1based=89011;latitude_dadata,longitude_dadata",/workspace/settlements-raw/data/interim/2021_tochno/data_allsettlements_anon_156_v20251217.parquet,86c197cd522e0b63669e9c6e7f43fd3d82b3704c6a126c800a9968ecd16cae14,"parquet_row_1based=89011;latitude_dadata,longitude_dadata",raw_2021_own_provider_named_point,ARK2010:archive20131022:html_table1_tr2331,reviewed_extension_rule_accepted,retrospective use of independently admitted current ownNP point through source-bound native2010 identity and accepted02/21 core,retrospective_continuity_not_historical_coordinate_measurement,auto_rule,False
65.6788452,44.2862255,50d65a22-5d82-41ea-880d-2e0680759d15,None,None,/workspace/settlements-raw/data/interim/2021_tochno/data_allsettlements_anon_156_v20251217.parquet,86c197cd522e0b63669e9c6e7f43fd3d82b3704c6a126c800a9968ecd16cae14,parquet row 1-based=89046; raw row sha256=f29852211d41d826dca8ecb30b35bcc5c397394c945f9a399c456a673eb33d67,exact_row_current_FIAS_level6_locality,ARK2010:archive20131022:html_table1_tr2340,reviewed_extension_rule_accepted,retrospective use of independently admitted current ownNP point through source-bound native2010 identity and accepted02/21 core,retrospective_continuity_not_historical_coordinate_measurement,auto_rule,False
62.2355141,48.8725577,2021:data_allsettlements_anon_156_v20251217.parquet:parquet:88906,,data/interim/2021_tochno/data_allsettlements_anon_156_v20251217.parquet#:88906.0,/workspace/settlements-raw/data/interim/2021_tochno/data_allsettlements_anon_156_v20251217.parquet,86c197cd522e0b63669e9c6e7f43fd3d82b3704c6a126c800a9968ecd16cae14,"parquet_row_1based=88906;latitude_dadata,longitude_dadata",tochno_2021_dadata_raw_parquet_point,ARK2010:archive20131022:html_table1_tr2165,reviewed_extension_rule_accepted,retrospective use of independently admitted current ownNP point through source-bound native2010 identity and accepted02/21 core,retrospective_continuity_not_historical_coordinate_measurement,auto_rule,False
61.6872319,48.1517965,2021:data_allsettlements_anon_156_v20251217.parquet:parquet:88940,,data/interim/2021_tochno/data_allsettlements_anon_156_v20251217.parquet#:88940.0,/workspace/settlements-raw/data/interim/2021_tochno/data_allsettlements_anon_156_v20251217.parquet,86c197cd522e0b63669e9c6e7f43fd3d82b3704c6a126c800a9968ecd16cae14,"parquet_row_1based=88940;latitude_dadata,longitude_dadata",tochno_2021_dadata_raw_parquet_point,ARK2010:archive20131022:html_table1_tr2256,reviewed_extension_rule_accepted,retrospective use of independently admitted current ownNP point through source-bound native2010 identity and accepted02/21 core,retrospective_continuity_not_historical_coordinate_measurement,auto_rule,False
61.756368,48.2715198,2021:data_allsettlements_anon_156_v20251217.parquet:parquet:88928,,data/interim/2021_tochno/data_allsettlements_anon_156_v20251217.parquet#:88928.0,/workspace/settlements-raw/data/interim/2021_tochno/data_allsettlements_anon_156_v20251217.parquet,86c197cd522e0b63669e9c6e7f43fd3d82b3704c6a126c800a9968ecd16cae14,"parquet_row_1based=88928;latitude_dadata,longitude_dadata",tochno_2021_dadata_raw_parquet_point,ARK2010:archive20131022:html_table1_tr2242,reviewed_extension_rule_accepted,retrospective use of independently admitted current ownNP point through source-bound native2010 identity and accepted02/21 core,retrospective_continuity_not_historical_coordinate_measurement,auto_rule,False
61.5043687,42.5171496,2021:data_allsettlements_anon_156_v20251217.parquet:parquet:87697,,data/interim/2021_tochno/data_allsettlements_anon_156_v20251217.parquet#:87697.0,/workspace/settlements-raw/data/interim/2021_tochno/data_allsettlements_anon_156_v20251217.parquet,86c197cd522e0b63669e9c6e7f43fd3d82b3704c6a126c800a9968ecd16cae14,"parquet_row_1based=87697;latitude_dadata,longitude_dadata",tochno_2021_dadata_raw_parquet_point,ARK2010:archive20131022:html_table1_tr0245,reviewed_extension_rule_accepted,retrospective use of independently admitted current ownNP point through source-bound native2010 identity and accepted02/21 core,retrospective_continuity_not_historical_coordinate_measurement,auto_rule,False
61.7241897,48.2007563,2021:data_allsettlements_anon_156_v20251217.parquet:parquet:88919,,data/interim/2021_tochno/data_allsettlements_anon_156_v20251217.parquet#:88919.0,/workspace/settlements-raw/data/interim/2021_tochno/data_allsettlements_anon_156_v20251217.parquet,86c197cd522e0b63669e9c6e7f43fd3d82b3704c6a126c800a9968ecd16cae14,"parquet_row_1based=88919;latitude_dadata,longitude_dadata",tochno_2021_dadata_raw_parquet_point,ARK2010:archive20131022:html_table1_tr2231,reviewed_extension_rule_accepted,retrospective use of independently admitted current ownNP point through source-bound native2010 identity and accepted02/21 core,retrospective_continuity_not_historical_coordinate_measurement,auto_rule,False
61.5276091,47.8489652,2021:data_allsettlements_anon_156_v20251217.parquet:parquet:88936,,data/interim/2021_tochno/data_allsettlements_anon_156_v20251217.parquet#:88936.0,/workspace/settlements-raw/data/interim/2021_tochno/data_allsettlements_anon_156_v20251217.parquet,86c197cd522e0b63669e9c6e7f43fd3d82b3704c6a126c800a9968ecd16cae14,"parquet_row_1based=88936;latitude_dadata,longitude_dadata",tochno_2021_dadata_raw_parquet_point,ARK2010:archive20131022:html_table1_tr2251,reviewed_extension_rule_accepted,retrospective use of independently admitted current ownNP point through source-bound native2010 identity and accepted02/21 core,retrospective_continuity_not_historical_coordinate_measurement,auto_rule,False
62.0239653,48.766141,2021:data_allsettlements_anon_156_v20251217.parquet:parquet:88856,,data/interim/2021_tochno/data_allsettlements_anon_156_v20251217.parquet#:88856.0,/workspace/settlements-raw/data/interim/2021_tochno/data_allsettlements_anon_156_v20251217.parquet,86c197cd522e0b63669e9c6e7f43fd3d82b3704c6a126c800a9968ecd16cae14,"parquet_row_1based=88856;latitude_dadata,longitude_dadata",tochno_2021_dadata_raw_parquet_point,ARK2010:archive20131022:html_table1_tr2205,reviewed_extension_rule_accepted,retrospective use of independently admitted current ownNP point through source-bound native2010 identity and accepted02/21 core,retrospective_continuity_not_historical_coordinate_measurement,auto_rule,False
61.2053338,47.3927426,2021:data_allsettlements_anon_156_v20251217.parquet:parquet:86943,,data/interim/2021_tochno/data_allsettlements_anon_156_v20251217.parquet#:86943.0,/workspace/settlements-raw/data/interim/2021_tochno/data_allsettlements_anon_156_v20251217.parquet,86c197cd522e0b63669e9c6e7f43fd3d82b3704c6a126c800a9968ecd16cae14,"parquet_row_1based=86943;latitude_dadata,longitude_dadata",tochno_2021_dadata_raw_parquet_point,ARK2010:archive20131022:html_table1_tr0771,reviewed_extension_rule_accepted,retrospective use of independently admitted current ownNP point through source-bound native2010 identity and accepted02/21 core,retrospective_continuity_not_historical_coordinate_measurement,auto_rule,False
61.204606,47.3974968,2021:data_allsettlements_anon_156_v20251217.parquet:parquet:86912,,data/interim/2021_tochno/data_allsettlements_anon_156_v20251217.parquet#:86912.0,/workspace/settlements-raw/data/interim/2021_tochno/data_allsettlements_anon_156_v20251217.parquet,86c197cd522e0b63669e9c6e7f43fd3d82b3704c6a126c800a9968ecd16cae14,"parquet_row_1based=86912;latitude_dadata,longitude_dadata",tochno_2021_dadata_raw_parquet_point,ARK2010:archive20131022:html_table1_tr0767,reviewed_extension_rule_accepted,retrospective use of independently admitted current ownNP point through source-bound native2010 identity and accepted02/21 core,retrospective_continuity_not_historical_coordinate_measurement,auto_rule,False
61.475278,42.494722,Q4318274,86c197cd522e0b63669e9c6e7f43fd3d82b3704c6a126c800a9968ecd16cae14,data/interim/2021_tochno/data_allsettlements_anon_156_v20251217.parquet#row=87551.0,/workspace/settlements-raw/data/raw/wikidata_truthy_claims/batch_0124.jsonl.gz,cd14960ced379413ae223158f760721dae3cb2a85cb3544a8b0691a1e68eb37b,"{""line_number"": 10157, ""locator"": ""batch_0124.jsonl.gz#line=10157"", ""retrieved_at_utc"": ""2026-08-31T20:59:43.093518+00:00"", ""source_file"": ""batch_0124.jsonl.gz"", ""value_raw"": ""POINT(42.494722 61.475278)""}",wikidata_P625_point_claim,ARK2010:archive20131022:html_table1_tr0100,reviewed_extension_rule_accepted,retrospective use of independently admitted current ownNP point through source-bound native2010 identity and accepted02/21 core,retrospective_continuity_not_historical_coordinate_measurement,auto_rule,False
61.9856781,45.5674901,2021:data_allsettlements_anon_156_v20251217.parquet:parquet:86725,,data/interim/2021_tochno/data_allsettlements_anon_156_v20251217.parquet#:86725.0,/workspace/settlements-raw/data/interim/2021_tochno/data_allsettlements_anon_156_v20251217.parquet,86c197cd522e0b63669e9c6e7f43fd3d82b3704c6a126c800a9968ecd16cae14,"parquet_row_1based=86725;latitude_dadata,longitude_dadata",tochno_2021_dadata_raw_parquet_point,ARK2010:archive20131022:html_table1_tr0639,reviewed_extension_rule_accepted,retrospective use of independently admitted current ownNP point through source-bound native2010 identity and accepted02/21 core,retrospective_continuity_not_historical_coordinate_measurement,auto_rule,False
61.7670804,39.1052438,2021:data_allsettlements_anon_156_v20251217.parquet:parquet:87037,,data/interim/2021_tochno/data_allsettlements_anon_156_v20251217.parquet#:87037.0,/workspace/settlements-raw/data/interim/2021_tochno/data_allsettlements_anon_156_v20251217.parquet,86c197cd522e0b63669e9c6e7f43fd3d82b3704c6a126c800a9968ecd16cae14,"parquet_row_1based=87037;latitude_dadata,longitude_dadata",tochno_2021_dadata_raw_parquet_point,ARK2010:archive20131022:html_table1_tr1106,reviewed_extension_rule_accepted,retrospective use of independently admitted current ownNP point through source-bound native2010 identity and accepted02/21 core,retrospective_continuity_not_historical_coordinate_measurement,auto_rule,False
62.0698354,39.0155797,2021:data_allsettlements_anon_156_v20251217.parquet:parquet:87166,,data/interim/2021_tochno/data_allsettlements_anon_156_v20251217.parquet#:87166.0,/workspace/settlements-raw/data/interim/2021_tochno/data_allsettlements_anon_156_v20251217.parquet,86c197cd522e0b63669e9c6e7f43fd3d82b3704c6a126c800a9968ecd16cae14,"parquet_row_1based=87166;latitude_dadata,longitude_dadata",tochno_2021_dadata_raw_parquet_point,ARK2010:archive20131022:html_table1_tr1214,reviewed_extension_rule_accepted,retrospective use of independently admitted current ownNP point through source-bound native2010 identity and accepted02/21 core,retrospective_continuity_not_historical_coordinate_measurement,auto_rule,False
61.9586754,45.1458779,2021:data_allsettlements_anon_156_v20251217.parquet:parquet:86756,,data/interim/2021_tochno/data_allsettlements_anon_156_v20251217.parquet#:86756.0,/workspace/settlements-raw/data/interim/2021_tochno/data_allsettlements_anon_156_v20251217.parquet,86c197cd522e0b63669e9c6e7f43fd3d82b3704c6a126c800a9968ecd16cae14,"parquet_row_1based=86756;latitude_dadata,longitude_dadata",tochno_2021_dadata_raw_parquet_point,ARK2010:archive20131022:html_table1_tr0697,reviewed_extension_rule_accepted,retrospective use of independently admitted current ownNP point through source-bound native2010 identity and accepted02/21 core,retrospective_continuity_not_historical_coordinate_measurement,auto_rule,False
61.9810396,45.1241894,2021:data_allsettlements_anon_156_v20251217.parquet:parquet:86800,,data/interim/2021_tochno/data_allsettlements_anon_156_v20251217.parquet#:86800.0,/workspace/settlements-raw/data/interim/2021_tochno/data_allsettlements_anon_156_v20251217.parquet,86c197cd522e0b63669e9c6e7f43fd3d82b3704c6a126c800a9968ecd16cae14,"parquet_row_1based=86800;latitude_dadata,longitude_dadata",tochno_2021_dadata_raw_parquet_point,ARK2010:archive20131022:html_table1_tr0704,reviewed_extension_rule_accepted,retrospective use of independently admitted current ownNP point through source-bound native2010 identity and accepted02/21 core,retrospective_continuity_not_historical_coordinate_measurement,auto_rule,False
61.2170123,47.5567906,2021:data_allsettlements_anon_156_v20251217.parquet:parquet:86861,,data/interim/2021_tochno/data_allsettlements_anon_156_v20251217.parquet#:86861.0,/workspace/settlements-raw/data/interim/2021_tochno/data_allsettlements_anon_156_v20251217.parquet,86c197cd522e0b63669e9c6e7f43fd3d82b3704c6a126c800a9968ecd16cae14,"parquet_row_1based=86861;latitude_dadata,longitude_dadata",tochno_2021_dadata_raw_parquet_point,ARK2010:archive20131022:html_table1_tr0762,reviewed_extension_rule_accepted,retrospective use of independently admitted current ownNP point through source-bound native2010 identity and accepted02/21 core,retrospective_continuity_not_historical_coordinate_measurement,auto_rule,False
60.876388,40.0663171,2021:data_allsettlements_anon_156_v20251217.parquet:parquet:88026,,data/interim/2021_tochno/data_allsettlements_anon_156_v20251217.parquet#:88026.0,/workspace/settlements-raw/data/interim/2021_tochno/data_allsettlements_anon_156_v20251217.parquet,86c197cd522e0b63669e9c6e7f43fd3d82b3704c6a126c800a9968ecd16cae14,"parquet_row_1based=88026;latitude_dadata,longitude_dadata",tochno_2021_dadata_raw_parquet_point,ARK2010:archive20131022:html_table1_tr1312,reviewed_extension_rule_accepted,retrospective use of independently admitted current ownNP point through source-bound native2010 identity and accepted02/21 core,retrospective_continuity_not_historical_coordinate_measurement,auto_rule,False
60.9897716,40.192733,2021:data_allsettlements_anon_156_v20251217.parquet:parquet:87979,,data/interim/2021_tochno/data_allsettlements_anon_156_v20251217.parquet#:87979.0,/workspace/settlements-raw/data/interim/2021_tochno/data_allsettlements_anon_156_v20251217.parquet,86c197cd522e0b63669e9c6e7f43fd3d82b3704c6a126c800a9968ecd16cae14,"parquet_row_1based=87979;latitude_dadata,longitude_dadata",tochno_2021_dadata_raw_parquet_point,ARK2010:archive20131022:html_table1_tr1283,reviewed_extension_rule_accepted,retrospective use of independently admitted current ownNP point through source-bound native2010 identity and accepted02/21 core,retrospective_continuity_not_historical_coordinate_measurement,auto_rule,False
61.176818,38.5696351,2021:data_allsettlements_anon_156_v20251217.parquet:parquet:87185,,data/interim/2021_tochno/data_allsettlements_anon_156_v20251217.parquet#:87185.0,/workspace/settlements-raw/data/interim/2021_tochno/data_allsettlements_anon_156_v20251217.parquet,86c197cd522e0b63669e9c6e7f43fd3d82b3704c6a126c800a9968ecd16cae14,"parquet_row_1based=87185;latitude_dadata,longitude_dadata",tochno_2021_dadata_raw_parquet_point,ARK2010:archive20131022:html_table1_tr1225,reviewed_extension_rule_accepted,retrospective use of independently admitted current ownNP point through source-bound native2010 identity and accepted02/21 core,retrospective_continuity_not_historical_coordinate_measurement,auto_rule,False
60.9468058,38.8097179,2021:data_allsettlements_anon_156_v20251217.parquet:parquet:87227,,data/interim/2021_tochno/data_allsettlements_anon_156_v20251217.parquet#:87227.0,/workspace/settlements-raw/data/interim/2021_tochno/data_allsettlements_anon_156_v20251217.parquet,86c197cd522e0b63669e9c6e7f43fd3d82b3704c6a126c800a9968ecd16cae14,"parquet_row_1based=87227;latitude_dadata,longitude_dadata",tochno_2021_dadata_raw_parquet_point,ARK2010:archive20131022:html_table1_tr1240,reviewed_extension_rule_accepted,retrospective use of independently admitted current ownNP point through source-bound native2010 identity and accepted02/21 core,retrospective_continuity_not_historical_coordinate_measurement,auto_rule,False
61.5503577,39.2769523,2021:data_allsettlements_anon_156_v20251217.parquet:parquet:87107,,data/interim/2021_tochno/data_allsettlements_anon_156_v20251217.parquet#:87107.0,/workspace/settlements-raw/data/interim/2021_tochno/data_allsettlements_anon_156_v20251217.parquet,86c197cd522e0b63669e9c6e7f43fd3d82b3704c6a126c800a9968ecd16cae14,"parquet_row_1based=87107;latitude_dadata,longitude_dadata",tochno_2021_dadata_raw_parquet_point,ARK2010:archive20131022:html_table1_tr1046,reviewed_extension_rule_accepted,retrospective use of independently admitted current ownNP point through source-bound native2010 identity and accepted02/21 core,retrospective_continuity_not_historical_coordinate_measurement,auto_rule,False
55.2524301,40.5978938,2021:data_allsettlements_anon_156_v20251217.parquet:parquet:1879,,data/interim/2021_tochno/data_allsettlements_anon_156_v20251217.parquet#:1879.0,/workspace/settlements-raw/data/interim/2021_tochno/data_allsettlements_anon_156_v20251217.parquet,86c197cd522e0b63669e9c6e7f43fd3d82b3704c6a126c800a9968ecd16cae14,"parquet_row_1based=1879;latitude_dadata,longitude_dadata",tochno_2021_dadata_raw_parquet_point,2010:013_f60b2d2bcf_5._20Belg_Bryan_Vlad_Voron_Ivanov_Kalug_20L1_ethn_2010.xls:Data Sheet:4995,reviewed_extension_rule_accepted,retrospective use of independently admitted current ownNP point through source-bound native2010 identity and accepted02/21 core,retrospective_continuity_not_historical_coordinate_measurement,auto_rule,False
60.9890294,38.4941377,2021:data_allsettlements_anon_156_v20251217.parquet:parquet:87136,,data/interim/2021_tochno/data_allsettlements_anon_156_v20251217.parquet#:87136.0,/workspace/settlements-raw/data/interim/2021_tochno/data_allsettlements_anon_156_v20251217.parquet,86c197cd522e0b63669e9c6e7f43fd3d82b3704c6a126c800a9968ecd16cae14,"parquet_row_1based=87136;latitude_dadata,longitude_dadata",tochno_2021_dadata_raw_parquet_point,ARK2010:archive20131022:html_table1_tr1201,reviewed_extension_rule_accepted,retrospective use of independently admitted current ownNP point through source-bound native2010 identity and accepted02/21 core,retrospective_continuity_not_historical_coordinate_measurement,auto_rule,False
61.7087715,38.0506334,2021:data_allsettlements_anon_156_v20251217.parquet:parquet:87192,,data/interim/2021_tochno/data_allsettlements_anon_156_v20251217.parquet#:87192.0,/workspace/settlements-raw/data/interim/2021_tochno/data_allsettlements_anon_156_v20251217.parquet,86c197cd522e0b63669e9c6e7f43fd3d82b3704c6a126c800a9968ecd16cae14,"parquet_row_1based=87192;latitude_dadata,longitude_dadata",tochno_2021_dadata_raw_parquet_point,ARK2010:archive20131022:html_table1_tr1226,reviewed_extension_rule_accepted,retrospective use of independently admitted current ownNP point through source-bound native2010 identity and accepted02/21 core,retrospective_continuity_not_historical_coordinate_measurement,auto_rule,False
56.3042892,39.199662,2021:data_allsettlements_anon_156_v20251217.parquet:parquet:2612,,data/interim/2021_tochno/data_allsettlements_anon_156_v20251217.parquet#:2612.0,/workspace/settlements-raw/data/interim/2021_tochno/data_allsettlements_anon_156_v20251217.parquet,86c197cd522e0b63669e9c6e7f43fd3d82b3704c6a126c800a9968ecd16cae14,"parquet_row_1based=2612;latitude_dadata,longitude_dadata",tochno_2021_dadata_raw_parquet_point,2010:013_f60b2d2bcf_5._20Belg_Bryan_Vlad_Voron_Ivanov_Kalug_20L1_ethn_2010.xls:Data Sheet:5523,reviewed_extension_rule_accepted,retrospective use of independently admitted current ownNP point through source-bound native2010 identity and accepted02/21 core,retrospective_continuity_not_historical_coordinate_measurement,auto_rule,False
56.2410508,38.9285918,2021:data_allsettlements_anon_156_v20251217.parquet:parquet:2203,,data/interim/2021_tochno/data_allsettlements_anon_156_v20251217.parquet#:2203.0,/workspace/settlements-raw/data/interim/2021_tochno/data_allsettlements_anon_156_v20251217.parquet,86c197cd522e0b63669e9c6e7f43fd3d82b3704c6a126c800a9968ecd16cae14,"parquet_row_1based=2203;latitude_dadata,longitude_dadata",tochno_2021_dadata_raw_parquet_point,2010:013_f60b2d2bcf_5._20Belg_Bryan_Vlad_Voron_Ivanov_Kalug_20L1_ethn_2010.xls:Data Sheet:5291,reviewed_extension_rule_accepted,retrospective use of independently admitted current ownNP point through source-bound native2010 identity and accepted02/21 core,retrospective_continuity_not_historical_coordinate_measurement,auto_rule,False
